palette,source_row,role,km_spectral_rmse,km_spectral_mae,km_spectral_max_abs,km_delta_e_2000,empirical_spectral_rmse,empirical_spectral_mae,empirical_spectral_max_abs,empirical_delta_e_2000
old-holland-1-2-3,1,pure,7.258340236917172e-17,4.8348422040127785e-17,1.1102230246251565e-16,0.0,7.258340236917172e-17,4.8348422040127785e-17,1.1102230246251565e-16,0.0
old-holland-1-2-3,2,binary,0.007307496787563058,0.0055370160801124614,0.016753012912946202,0.5189445684764482,0.005437725945227074,0.004170204319604244,0.014507437186956545,0.41518951086527156
old-holland-1-2-3,3,binary,0.0034326650203224756,0.002427790918921254,0.00876997304302718,0.16875283631622232,0.004158872246399889,0.003202370165390018,0.011486188557727983,0.18342063868215275
old-holland-1-2-3,4,binary,0.004569297620927746,0.003143820589298937,0.013179795113585913,0.20059756562211595,0.005189987080678211,0.0037357738288945476,0.014660481727556407,0.23547271532588532
old-holland-1-2-3,5,binary,0.007929836295742131,0.006884944070631725,0.01609730564355505,0.4628885467967357,0.008158704297528614,0.007145519182417634,0.016664401937716677,0.4588133997590105
old-holland-1-2-3,6,binary,0.010251464065682173,0.008200123649345708,0.02330581740499249,0.866340536111867,0.010223875805470756,0.008148999557099926,0.023235957305113186,0.8696821888034088
old-holland-1-2-3,7,pure,5.379176911490105e-17,2.8427081477297354e-17,1.1102230246251565e-16,0.0,5.379176911490105e-17,2.8427081477297354e-17,1.1102230246251565e-16,0.0
old-holland-1-2-3,8,binary,0.015593550538908799,0.01364158421265165,0.026268046034835457,1.5137732876373597,0.01028459446803856,0.009349380738935707,0.017127207018224677,0.9443829305234416
old-holland-1-2-3,9,binary,0.008333771117609022,0.007741363183977824,0.013620698186247782,0.4756452104566009,0.005090038294909349,0.0041315915976009795,0.009458207985976963,0.05064664798675608
old-holland-1-2-3,10,binary,0.00791965922856933,0.007050494418692983,0.01293900251317523,0.5562401154306699,0.004896408182965727,0.004218329253776682,0.008604922133855553,0.23668629072426015
old-holland-1-2-3,11,binary,0.014773360516415214,0.013773262507255404,0.021592118910144065,1.018514427628805,0.01657265917405056,0.015278844969338758,0.023768025807822668,1.151840383198908
old-holland-1-2-3,12,binary,0.01752514262874143,0.014936005861364949,0.028724820701157783,0.8160784058589772,0.01759257296031075,0.0150112869795456,0.028230720620672556,0.824394868486226
old-holland-1-2-3,13,pure,2.3148291771671806e-17,7.834235052798484e-18,1.1102230246251565e-16,8.828579614359399e-15,2.3148291771671806e-17,7.834235052798484e-18,1.1102230246251565e-16,8.828579614359399e-15
old-holland-1-2-3,14,binary,0.02528718827927361,0.019070283295076568,0.058680857665910025,2.099925912575935,0.021892407496130063,0.01681066471744351,0.050830407502721775,1.6590627540880534
old-holland-1-2-3,15,binary,0.02055321777789451,0.018368709335765756,0.04440301530126234,1.9833757018892095,0.012641318762910081,0.010534003446447589,0.03165699480502107,0.9751275752349042
old-holland-1-2-3,16,binary,0.021236589548515705,0.019850233782629057,0.028141190900546786,1.5696447792847419,0.01821531395417913,0.015327166540038774,0.03470601013060881,1.0139795977706147
old-holland-1-2-3,17,binary,0.02626235873152067,0.022330972399468612,0.045219445022531835,1.3007259992593476,0.027953636103550988,0.02322748950728145,0.0500568969677444,1.2723851368370798
old-holland-1-2-3,18,binary,0.0331420166930398,0.030798262401671387,0.05148872462280174,1.2452206007050273,0.035342367675093495,0.033596166999490806,0.053963668808074905,1.3491416188265521
old-holland-1-2-3,19,binary,0.016587150874772322,0.015027179600404728,0.030767522285769178,2.143058642711472,0.016970961475062978,0.015388902661059797,0.03146136658267551,2.1667320357469
old-holland-1-2-3,26,pure,5.0944537656090266e-17,2.6188728605069218e-17,1.1102230246251565e-16,9.77164657471164e-15,5.0944537656090266e-17,2.6188728605069218e-17,1.1102230246251565e-16,9.77164657471164e-15
old-holland-1-2-3,54,binary,0.021415073637736984,0.016977901819662015,0.03464078096090217,1.288803304624541,0.002476648275548648,0.00180123084373778,0.006878828997820496,0.1130689429437505
old-holland-1-2-3,66,binary,0.012489755814148995,0.011418145114494248,0.019709956823752317,2.608213220157815,0.01058814363153987,0.008237245679911145,0.027727403530917516,0.7301458040533271
old-holland-1-2-3,69,binary,0.009231373411495339,0.008125448295589971,0.015736629840183647,0.8091914519779129,0.011866480753540503,0.008341699013083816,0.03074700506142669,1.162105617065782
old-holland-1-2-3,71,binary,0.01756903831344808,0.017394161663837227,0.019882305446600912,3.2472049022333325,0.01081943064343751,0.00986465106727125,0.016159071646060355,1.979472227138863
old-holland-1-2-3,84,binary,0.009721348353884891,0.007688185770819818,0.017706584587328766,0.834284156027384,0.012386119816981817,0.010121223209169704,0.02385106968686701,0.8069324529143584
old-holland-1-2-3,86,binary,0.04092465979289596,0.03430494583498544,0.08257986647663973,5.293410739615634,0.037437399040413655,0.03063762657724761,0.07413508084254317,4.317505787023128
old-holland-1-2-3,88,binary,0.017953327824698342,0.014945601173644962,0.03126822400525894,6.809752394916796,0.011198279187358955,0.009018959105971305,0.027238252373377708,4.275233665128097
old-holland-1-2-3,89,binary,0.006839122272414192,0.004923594855895706,0.01985165756849916,0.768933694975296,0.007656949176655509,0.00514889554655023,0.022865149876309054,0.42174000219814944
old-holland-1-3-4,1,pure,7.258340236917172e-17,4.8348422040127785e-17,1.1102230246251565e-16,0.0,7.258340236917172e-17,4.8348422040127785e-17,1.1102230246251565e-16,0.0
old-holland-1-3-4,2,binary,0.006661710855545916,0.00533291573640535,0.016645282320175786,0.4621098534224994,0.00528433762243841,0.0038924699417281733,0.015258127717761194,0.3562759111294409
old-holland-1-3-4,3,binary,0.003856306868312509,0.0031402951174618146,0.009307554098151205,0.16395350285924104,0.004037832864028517,0.003057708169493971,0.011191335340536845,0.1969708842824165
old-holland-1-3-4,4,binary,0.004652436237366379,0.0031929738316331838,0.013217862873099673,0.2283478563726457,0.005158429865801289,0.0037411647483890777,0.014200043335017454,0.2731119715236366
old-holland-1-3-4,5,binary,0.008089726308970957,0.0070974027697483025,0.016222143705845182,0.4574504992590389,0.008048424652599697,0.007050155805492675,0.01657277680996927,0.44983642274968016
old-holland-1-3-4,6,binary,0.010224361369853002,0.008154129807898846,0.023301023628241158,0.86886679046956,0.010235890364514163,0.008165847966124256,0.02327056165869179,0.8735056466263468
old-holland-1-3-4,13,pure,2.3013707539344673e-17,7.386564478352856e-18,1.1102230246251565e-16,8.828579614359399e-15,2.3013707539344673e-17,7.386564478352856e-18,1.1102230246251565e-16,8.828579614359399e-15
old-holland-1-3-4,14,binary,0.022805368827932094,0.01615532434421928,0.060137914208801824,1.7811213922741806,0.021010905577557443,0.01440753957069489,0.056940305265508195,1.716515688230984
old-holland-1-3-4,15,binary,0.024484328588568353,0.02242024098468365,0.046072928190677764,1.9532596259297375,0.014751942402095488,0.011141628284856972,0.03353985409830609,0.9689681158948082
old-holland-1-3-4,16,binary,0.030272400752162334,0.02698486708042935,0.04804412121923052,1.6908824758356698,0.016945336744128577,0.013856917466062702,0.03101608490365093,0.8955514310967451
old-holland-1-3-4,17,binary,0.031939534307756035,0.026248996419666184,0.05088656496137245,1.4134255687186599,0.027733770968411064,0.022765151409262534,0.045869183655137036,1.242437075724206
old-holland-1-3-4,18,binary,0.03517650495911413,0.03245967860171452,0.049928925030136795,1.2618023933832485,0.035597872090660336,0.034044324569977746,0.05183589237182329,1.3459883869835176
old-holland-1-3-4,19,binary,0.01666063064700371,0.015333760387185907,0.029350273343802802,2.1043147836289293,0.016928702206110865,0.015486997492570275,0.029858460372460427,2.1487540321234833
old-holland-1-3-4,20,pure,1.7358422916209957e-17,6.267388042238787e-18,5.551115123125783e-17,0.0,1.7358422916209957e-17,6.267388042238787e-18,5.551115123125783e-17,0.0
old-holland-1-3-4,21,binary,0.026187824144756077,0.018592138870291066,0.06538771464257928,2.7665309657638115,0.013896185300062184,0.00835106011590087,0.04176560695547685,1.725191110597103
old-holland-1-3-4,22,binary,0.03087469917453955,0.024921629048318024,0.06530693567330564,2.7364564386687587,0.008409165568182544,0.007113731349999506,0.020264842821363815,1.4145597223396151
old-holland-1-3-4,23,binary,0.019657186808450963,0.01714939474680874,0.03885581381109804,1.9895516780910807,0.0231872146370941,0.018857845545319215,0.04970089335064842,1.569011676572414
old-holland-1-3-4,24,binary,0.025257441969288474,0.020659262159472704,0.044131993306400275,1.3832378525185285,0.029547467699036215,0.02607732458467,0.048830891589518255,1.4059919501333296
old-holland-1-3-4,25,binary,0.04448241796004217,0.042018627845402515,0.06533239949378256,1.551147549238131,0.04589626563491583,0.04371204192334934,0.06575838467903372,1.6231637728158714
old-holland-1-3-4,26,pure,5.0944537656090266e-17,2.6188728605069218e-17,1.1102230246251565e-16,9.77164657471164e-15,5.0944537656090266e-17,2.6188728605069218e-17,1.1102230246251565e-16,9.77164657471164e-15
old-holland-1-3-4,27,binary,0.03370042913006666,0.032345802153057795,0.06147267240872045,4.031397663552181,0.011177988325215996,0.009680396031370398,0.024966132521163975,0.9506205039734846
old-holland-1-3-4,28,binary,0.036633926027153464,0.03424016774607239,0.051255581337432965,4.590031841461639,0.020365452865509864,0.018721039761442286,0.02987428771677969,2.6846946667166653
old-holland-1-3-4,29,binary,0.03483061010888863,0.028113065762570316,0.06085686798349843,2.4107034603583117,0.03604786794177238,0.02653526868077221,0.06433187448410782,1.9183771293241636
old-holland-1-3-4,30,binary,0.045252854227462114,0.04382465806490474,0.06094061802342221,1.6470774874425687,0.04721227313143174,0.04601913043748189,0.06149679510745143,1.7652947444222222
old-holland-1-3-4,57,binary,0.02828622868565964,0.019707185708167187,0.05582970754057531,3.4650199997095874,0.005925528514904331,0.00477572406170035,0.014537917663690475,1.6499592624162926
old-holland-1-3-4,66,binary,0.01398419018201758,0.013413568359872922,0.02028198948173693,2.6726539191168066,0.012019011822090048,0.00901706520312582,0.03228682602380045,0.8929784714999404
old-holland-1-3-4,69,binary,0.006360899466587189,0.0056620920765319185,0.012537781253610839,0.808717252088749,0.010103593998592286,0.006604843186502059,0.031662896070345226,0.7737925049182679
old-holland-1-3-4,71,binary,0.020101641852287452,0.01950357724113574,0.028461417010204437,3.2890004290619754,0.010889656943428704,0.009665536201825118,0.01647612398920086,1.986246323074973
old-holland-1-3-4,84,binary,0.00727905977919678,0.006131093890872412,0.01345110645723624,1.2864094606231664,0.011201742081792403,0.009352679390676456,0.022389093717714137,1.182840753333709
old-holland-1-3-4,86,binary,0.04232901770753043,0.03523329726834351,0.08346199700654466,5.312705246304509,0.036872244404324954,0.030407873065623862,0.07136597236149567,4.419102327528258
old-holland-1-3-4,108,binary,0.07409008422989537,0.04320922378798079,0.17842144060491288,3.4379863976686638,0.00843267978435847,0.005456558887302725,0.018928056537620364,1.5252357108602652
old-holland-1-3-4,109,binary,0.02659446829225406,0.0250228237343846,0.04883496687077532,5.288367933216343,0.01663579145229194,0.015335476519221642,0.02754534317568913,4.630438987441919
old-holland-1-3-6,1,pure,7.258340236917172e-17,4.8348422040127785e-17,1.1102230246251565e-16,0.0,7.258340236917172e-17,4.8348422040127785e-17,1.1102230246251565e-16,0.0
old-holland-1-3-6,2,binary,0.00952030220389721,0.007776706541138613,0.018650006641311556,0.6317071712514283,0.005619769697077885,0.004273464831038082,0.012753194482822111,0.4538392965967098
old-holland-1-3-6,3,binary,0.0035589384722092285,0.0027938167394277315,0.00807818710237962,0.2253300359256535,0.004367187831631241,0.0032973703065005697,0.012598067723427753,0.19506475007092605
old-holland-1-3-6,4,binary,0.004459434789042307,0.002955743310815787,0.013292674214523403,0.14336089910828853,0.005368470685840219,0.003785786919842717,0.015779920419488502,0.20164394490691506
old-holland-1-3-6,5,binary,0.007812077027719584,0.0066120221092719755,0.016471586052246856,0.4814286972972868,0.00826872637841975,0.007191326892858319,0.017396838287040084,0.47074009558116153
old-holland-1-3-6,6,binary,0.010264974078210741,0.00825268262097206,0.023335891024253708,0.8582365842037248,0.010203913720595391,0.00813746795886356,0.023228428039495652,0.8643362252389679
old-holland-1-3-6,13,pure,2.3013707539344673e-17,7.386564478352856e-18,1.1102230246251565e-16,8.828579614359399e-15,2.3013707539344673e-17,7.386564478352856e-18,1.1102230246251565e-16,8.828579614359399e-15
old-holland-1-3-6,14,binary,0.02465156476134225,0.01675432413091586,0.06383887869073934,2.2954898792967273,0.022103534898299578,0.01670816727081545,0.050789000332881806,1.6437897405351816
old-holland-1-3-6,15,binary,0.02146561388840439,0.018696290493019203,0.04794781410782134,2.0900272455253046,0.011897292399957075,0.009956037110836313,0.027324913669750456,1.0620062628851694
old-holland-1-3-6,16,binary,0.025232194293129357,0.023287880591255423,0.04259409839609851,1.667330681161099,0.017488713689844376,0.01486097496690958,0.033155444275597024,0.9156047234159808
old-holland-1-3-6,17,binary,0.02836922208324452,0.024013203723821697,0.04878320232806721,1.3997091113141347,0.027725747737124443,0.022893624842663725,0.04851553092106309,1.2013487249228334
old-holland-1-3-6,18,binary,0.03325528302882953,0.030590181037667544,0.047544333520278426,1.2191446532616186,0.03491975526270183,0.03321815695129657,0.05169106527719891,1.310304612531827
old-holland-1-3-6,19,binary,0.015838876912021398,0.014612859880042812,0.02811575633250607,1.9625192802504494,0.016260519101581928,0.014950877457131159,0.028948962168794057,2.0205055132158316
old-holland-1-3-6,26,pure,5.0944537656090266e-17,2.6188728605069218e-17,1.1102230246251565e-16,9.77164657471164e-15,5.0944537656090266e-17,2.6188728605069218e-17,1.1102230246251565e-16,9.77164657471164e-15
old-holland-1-3-6,38,pure,4.536462648073233e-18,3.0217763775079866e-18,1.3877787807814457e-17,0.0,4.536462648073233e-18,3.0217763775079866e-18,1.3877787807814457e-17,0.0
old-holland-1-3-6,39,binary,0.00841725083247952,0.0063634471409733575,0.017743788972670496,2.1318828690934377,0.007559260178140354,0.006426588626782056,0.01509013788769481,2.188100775550516
old-holland-1-3-6,40,binary,0.02644613774098635,0.023371050692648394,0.05044730174234166,4.69166268335945,0.023772391082730403,0.019184420884761164,0.04419375942833059,4.102731210156804
old-holland-1-3-6,41,binary,0.0314037989854431,0.027520112523127114,0.06574387649572547,4.185882519274573,0.013008963490673875,0.01022182705684595,0.026726045097383605,2.4660406843250735
old-holland-1-3-6,42,binary,0.031609848722893644,0.02782832319132165,0.04617337416986106,3.415161264869264,0.012400258178543528,0.009907012787255575,0.028784940185246244,1.214121854146466
old-holland-1-3-6,43,binary,0.02340250133475263,0.019926794051684734,0.03518388724256996,3.0879957065042984,0.015767135231246482,0.011704458601552553,0.03670939495175318,2.0766954561406914
old-holland-1-3-6,44,binary,0.0195489080768003,0.014418060584996242,0.040425461425244724,3.2631741555642666,0.02600966104273465,0.021955658743136857,0.051444123474825965,3.3664741061714363
old-holland-1-3-6,45,binary,0.06670397305590793,0.06439605437465014,0.08093106204653411,3.610211329776746,0.06822162311393763,0.06567483029368804,0.0825150263996356,3.7358760765751335
old-holland-1-3-6,66,binary,0.02035198273858137,0.017022521040781266,0.049231425479984714,2.5113899367813612,0.011716155362968326,0.008969046441931063,0.029436633921863575,0.8273602687495457
old-holland-1-3-6,69,binary,0.010667932044181495,0.00944661855409158,0.02098048032371569,1.1289239584463833,0.007982906520380894,0.006469706837863461,0.020035925072392713,1.4054384791439565
old-holland-1-3-6,71,binary,0.02424818641610105,0.022589290436481533,0.04434913476779434,3.3213921056827447,0.009688042836828732,0.00864729979274071,0.01630423039923456,1.9349489669195212
old-holland-1-3-6,73,binary,0.005437890067026504,0.004455877371840776,0.012419173013512419,1.6581838864381568,0.0043035135600174084,0.003729814275726337,0.008936308810540694,1.2199318493911993
old-holland-1-3-6,76,binary,0.007794374865795498,0.006680117978566742,0.012631409808549904,1.6851571629320348,0.004560215643301445,0.00357095479392217,0.012230630299442408,0.9973258881702084
old-holland-1-3-6,78,binary,0.007520292282416109,0.006991939433624541,0.014965565543570467,2.1567774768797694,0.00467191416842625,0.0037852454483610068,0.012271899233234934,1.1892285730908188
old-holland-1-3-6,80,binary,0.018181466167575315,0.014435770969179874,0.0306375317083446,3.346595226705805,0.011572733719973324,0.008979990193652,0.021869984536166703,2.4008867401213436
old-holland-1-3-6,82,binary,0.006846935391354498,0.006695553245300997,0.008396386958572102,2.7341416244034615,0.005753881187026038,0.005529105498460709,0.008436384925381867,2.3286189105279504
old-holland-1-3-6,84,binary,0.00401121032743314,0.0031754895537393383,0.007904301156525961,0.2820723194524029,0.0075610522115297195,0.006320110554048367,0.012752199018763899,0.3707654006573067
old-holland-1-3-6,86,binary,0.044705475856996,0.03662277692491255,0.09398709145582329,5.303544142384931,0.03575884781549374,0.02962373940420133,0.07007432765349642,4.319394956801504
old-holland-1-3-6,123,binary,0.020793825548607585,0.020291371143554914,0.0254403818140407,7.085207792239718,0.005290311478384235,0.004605665285141883,0.008183098689717713,4.501471450164367
old-holland-1-3-6,124,binary,0.026272492552919156,0.024259751271144252,0.04863312702712097,5.090850078500962,0.015355845781788903,0.013752389260019692,0.02973940092854349,3.9008705128579986
old-holland-1-3-6,125,binary,0.003559548966868093,0.0028631957927842872,0.007115656232643507,2.547429032271204,0.004595352161201681,0.004041353397806881,0.007170929740117609,2.4950590911585953
old-holland-1-3-6,130,binary,0.024061044902874924,0.023175341729566003,0.03961240438137456,7.100105325053139,0.008717918141752037,0.007952975810946094,0.01135792447076853,5.3859042183656625
old-holland-1-3-6,131,binary,0.006704512940096035,0.0056258266338017095,0.010321112260478542,3.597983219388019,0.005803193397582079,0.005480009116882641,0.007771436627766193,3.420396701655219
old-holland-1-3-6,134,binary,0.016492812595130565,0.01584988656317396,0.021641389345655924,6.206363731626174,0.0030162561538116693,0.0026404075801439936,0.005424164537011611,4.632117336637299
old-holland-1-3-6,135,binary,0.009780033665835703,0.008818138308252753,0.013560881411476083,4.694678454230008,0.006511964321992226,0.0060559266171304115,0.009944512819580836,4.191710244123142
old-holland-1-3-7,1,pure,7.258340236917172e-17,4.8348422040127785e-17,1.1102230246251565e-16,0.0,7.258340236917172e-17,4.8348422040127785e-17,1.1102230246251565e-16,0.0
old-holland-1-3-7,2,binary,0.007393692711209203,0.005853195289031779,0.016570804637532993,0.5649405646134221,0.005376916605552223,0.003972651939739003,0.014447552261898838,0.4117790135730763
old-holland-1-3-7,3,binary,0.003854303292781807,0.0031519701393441083,0.009465694641399569,0.17421603427911522,0.00419648320983996,0.003098568400889851,0.012219565864887594,0.18743337590864964
old-holland-1-3-7,4,binary,0.0046615315411090135,0.0030786761657102812,0.013694027644691964,0.19209292412399775,0.005323086311307096,0.0038205022259138895,0.015153660870526608,0.24793785821639602
old-holland-1-3-7,5,binary,0.008069366392357067,0.007028917201454921,0.016308366465939694,0.46428305669927405,0.00808660192186366,0.007045620038491457,0.016844296872649545,0.45541465017646576
old-holland-1-3-7,6,binary,0.010238878874495738,0.008171485989185373,0.023343535025289852,0.8661859518916307,0.010241659094908389,0.008170783197858206,0.02328839100839253,0.8717995422219132
old-holland-1-3-7,13,pure,2.3013707539344673e-17,7.386564478352856e-18,1.1102230246251565e-16,8.828579614359399e-15,2.3013707539344673e-17,7.386564478352856e-18,1.1102230246251565e-16,8.828579614359399e-15
old-holland-1-3-7,14,binary,0.021702402741163952,0.014998184085603567,0.05887466746639969,1.9142508561733376,0.020811944806888652,0.015543332148484303,0.05185532924772157,1.6307965581404564
old-holland-1-3-7,15,binary,0.022013193988227084,0.019451946000135608,0.04623724011866853,1.972812911312018,0.012910581469913269,0.01057397153209463,0.030859273115558777,0.9856579539543522
old-holland-1-3-7,16,binary,0.028269598969449417,0.02565876210847525,0.046881391812449436,1.6773170458557265,0.017321687855052535,0.014574187803055973,0.032972820696149596,0.9243131893733985
old-holland-1-3-7,17,binary,0.03081923731068467,0.025637066034676925,0.0509313866520994,1.4147561148423182,0.028002697327382677,0.02305445446101215,0.04937559583064244,1.2400059835092043
old-holland-1-3-7,18,binary,0.034601029168376256,0.03180316563571201,0.05023934744592584,1.2539993471338549,0.03542712013673089,0.03371194113863869,0.052969070362906434,1.3368218163888888
old-holland-1-3-7,19,binary,0.016368381174710272,0.015064483857560077,0.029243074620067366,2.0417331383171256,0.01666852361904933,0.015266845815809496,0.029864048579386182,2.089153855534182
old-holland-1-3-7,26,pure,5.0944537656090266e-17,2.6188728605069218e-17,1.1102230246251565e-16,9.77164657471164e-15,5.0944537656090266e-17,2.6188728605069218e-17,1.1102230246251565e-16,9.77164657471164e-15
old-holland-1-3-7,46,pure,5.538510076933751e-18,3.917117526399242e-18,1.3877787807814457e-17,0.0,5.538510076933751e-18,3.917117526399242e-18,1.3877787807814457e-17,0.0
old-holland-1-3-7,47,binary,0.01956878362512088,0.0186738212202873,0.030367299122196684,3.5960338048206046,0.017578847274769605,0.01635278279804285,0.027790325025339235,3.058166201630819
old-holland-1-3-7,48,binary,0.02549786013462914,0.024317177097924268,0.039406562150292174,4.221183210459536,0.02076064872441686,0.018806467476553387,0.031836397454822696,3.132279106194624
old-holland-1-3-7,49,binary,0.036594583045379825,0.03384912708062114,0.057567541206507464,4.189249350068325,0.019152746496621038,0.01754397596471269,0.028559822699811693,2.2124506228178884
old-holland-1-3-7,50,binary,0.03157055195838018,0.0254527447978264,0.04882112927674273,2.9809984610464775,0.014181912714107089,0.011686506757932428,0.028930488220233586,2.001500828238601
old-holland-1-3-7,51,binary,0.025865695049478738,0.023959102315958363,0.04152543111587781,2.1730565551752035,0.027752878430757882,0.023560490075217357,0.049034051958387614,2.0292827355035286
old-holland-1-3-7,52,binary,0.027120684252288595,0.023600334949912552,0.04368051971889153,1.5382603013099758,0.0317339745474436,0.0302664383438954,0.04794313878806955,1.5916993576475442
old-holland-1-3-7,53,binary,0.04548743027299365,0.03909097954105412,0.06636680287348906,2.9690355779895463,0.04702035349766517,0.040254127618279255,0.068871150541851,3.0799756640860454
old-holland-1-3-7,63,binary,0.009458617322483766,0.007871362936080503,0.026424944383328555,2.0352976260123556,0.004225871672833933,0.003310261554911115,0.01257998858969972,0.8161817265233042
old-holland-1-3-7,66,binary,0.012684271260440912,0.01167595752997902,0.020045660524921405,2.615463537299297,0.010655051290190431,0.008343746614042729,0.02756668304779425,0.748846764049286
old-holland-1-3-7,69,binary,0.008717463609276273,0.00773781314838228,0.013957506246827012,0.7981299734547834,0.011571303252379242,0.008180877997878174,0.029392951288471858,1.1122988396602598
old-holland-1-3-7,71,binary,0.017669532095157446,0.017479579596380534,0.020321147963699437,3.24530713144661,0.010869138418925629,0.009925728030132384,0.01632021298870564,1.9988573896907762
old-holland-1-3-7,84,binary,0.00940783274196072,0.007530220616794631,0.016507914521758926,0.8581519892968072,0.012151016886427685,0.009965930560926031,0.022386444160703456,0.8183687025179057
old-holland-1-3-7,86,binary,0.04101229378042248,0.03433883484314556,0.0829769982512305,5.293668406295133,0.03737781435115098,0.030660748655729472,0.07383325492409121,4.348935021279572
old-holland-1-3-7,116,binary,0.010797659148146932,0.010132356871648776,0.01528665820839109,5.9454931544068375,0.003938537550272824,0.0035125124479874685,0.0069835203348716235,5.346934225249819
old-holland-1-3-7,117,binary,0.027003194669434346,0.02594125624330748,0.042130162446927216,5.187978012249149,0.019526227160786145,0.01894453669203985,0.029958590502943125,4.343995939796044
old-holland-1-3-7,118,binary,0.005096745596087995,0.004526507262958385,0.007274219935914282,4.610327261590251,0.008102796520425734,0.007485070645614973,0.011641676552784752,4.66548533427794
old-holland-1-3-7,138,binary,0.014834620191450003,0.014627978638030737,0.016976362792103787,4.910284060863265,0.005797613683387824,0.00492121567490167,0.008581885301129064,4.468971808991549
old-holland-1-3-7,139,binary,0.00508844827142237,0.0043682944042958945,0.008033464834081107,4.963826232332905,0.011987273955734597,0.011688577183722631,0.015398902961307422,5.34533321779438
old-holland-1-4-5,1,pure,7.258340236917172e-17,4.8348422040127785e-17,1.1102230246251565e-16,0.0,7.258340236917172e-17,4.8348422040127785e-17,1.1102230246251565e-16,0.0
old-holland-1-4-5,2,binary,0.008390372343001114,0.0070799131506198865,0.018082975656130623,0.39850684589919744,0.00547028831676622,0.003929394330260923,0.015445417325119365,0.30718400652860156
old-holland-1-4-5,3,binary,0.003367509943797837,0.0026450032754741183,0.008121310209455834,0.1731548069614494,0.004099442162795811,0.003295463437804406,0.01140455574730559,0.19994581759152946
old-holland-1-4-5,4,binary,0.004164085703276356,0.0031410322496089704,0.010503744952321759,0.23149328829091015,0.0048301111158193,0.003497269660691276,0.01227117754599194,0.2634920174779564
old-holland-1-4-5,5,binary,0.007687651595518559,0.006682410345489729,0.014544511489235412,0.45673820186803543,0.00808693530387937,0.007171875638943713,0.015213620271843697,0.4524432126731465
old-holland-1-4-5,6,binary,0.010273413411606657,0.008242515003054516,0.023247931249232634,0.8669682462145497,0.010220065308042738,0.008144568724211822,0.02316546668440833,0.8703390583927707
old-holland-1-4-5,20,pure,1.7358422916209957e-17,6.267388042238787e-18,5.551115123125783e-17,0.0,1.7358422916209957e-17,6.267388042238787e-18,5.551115123125783e-17,0.0
old-holland-1-4-5,21,binary,0.02343990293153267,0.016491933009669925,0.06266996685294235,2.6140730974719997,0.014046876527013386,0.008045777726488332,0.04277976507924888,1.7532679900827535
old-holland-1-4-5,22,binary,0.026069804393327442,0.021392354542069968,0.06360415497788954,2.5970543419880836,0.009684252541958137,0.00787317648527324,0.024485239958638605,1.3989671502471601
old-holland-1-4-5,23,binary,0.02233492324043545,0.019071028187941087,0.042676434869089674,2.0161421988767465,0.025010471438589702,0.02018815282397752,0.051716993965137736,1.6056095842528506
old-holland-1-4-5,24,binary,0.02729953300034302,0.022025345553247543,0.04694013508723682,1.4198549241931222,0.03102904640601785,0.027192953207418883,0.050850305445328425,1.4358080905096124
old-holland-1-4-5,25,binary,0.04521512419317389,0.04259201815235542,0.06649139892528844,1.5700166665447373,0.04653610864875176,0.04422192051321027,0.0667070212585591,1.6367306965766217
old-holland-1-4-5,26,pure,5.0944537656090266e-17,2.6188728605069218e-17,1.1102230246251565e-16,9.77164657471164e-15,5.0944537656090266e-17,2.6188728605069218e-17,1.1102230246251565e-16,9.77164657471164e-15
old-holland-1-4-5,27,binary,0.030818165480332213,0.028874201544417066,0.061008796096674145,3.9677366786368102,0.011398758833893836,0.00962495587702312,0.028309649504080714,0.923925249291004
old-holland-1-4-5,28,binary,0.0352701615257916,0.03143445276674814,0.051023716006591974,4.558240701843622,0.019945388633446397,0.017992692607967885,0.03129374958514419,2.7018674108584007
old-holland-1-4-5,29,binary,0.037636709555640226,0.02977885410297164,0.06798004462728591,2.4443461892018217,0.03815731179859729,0.027760431979894685,0.070031606642879,1.9490789501053158
old-holland-1-4-5,30,binary,0.04609389370568983,0.04450976188548098,0.06271566852091726,1.6639583977619032,0.04793459301579338,0.04662011217730439,0.06303987088088547,1.7771513328212043
old-holland-1-4-5,31,pure,1.0720752256219629e-17,5.148211606124718e-18,2.7755575615628914e-17,2.5700002571568592e-15,1.0720752256219629e-17,5.148211606124718e-18,2.7755575615628914e-17,2.5700002571568592e-15
old-holland-1-4-5,32,binary,0.0399017231679735,0.0381167053527172,0.0655592255923334,5.871109855324449,0.036613961885904614,0.03572703837041846,0.05082833594144698,5.108397112741913
old-holland-1-4-5,33,binary,0.029533815809480512,0.026234555944407423,0.05347896357306628,3.687571283692665,0.014276298764687879,0.011369358189352068,0.02706975309528034,1.9674435481666612
old-holland-1-4-5,34,binary,0.02255070630666655,0.02098660934981768,0.031882476504209945,2.445242445234249,0.018336614353207156,0.013545852319859122,0.03932057883423257,1.6031251959859834
old-holland-1-4-5,35,binary,0.02665800013574729,0.023930706693165188,0.045871200960487024,1.6789219643526994,0.02611069384477939,0.02137878933674782,0.04735753735107695,1.3726490528276307
old-holland-1-4-5,36,binary,0.029308779137513435,0.02419776272358074,0.059604467796010474,2.393082776828769,0.03329291366426391,0.02783532239901829,0.06011325416826474,2.7489440642351486
old-holland-1-4-5,37,binary,0.03200292343670524,0.02677544319160015,0.048868056781904534,2.712392281156261,0.03285273886165484,0.0274747035473411,0.04895284271534206,2.8213032843063997
old-holland-1-4-5,57,binary,0.00587398676556063,0.00532026732411344,0.010309869819769557,1.9962266907006738,0.00438175643454173,0.003804546762236485,0.010264110717116567,1.0712355514931104
old-holland-1-4-5,60,binary,0.008146088969254922,0.0071397729221605,0.013466482712373301,3.468258018164995,0.005206048365719494,0.0045223893708506695,0.011148731907351106,2.1468036924025093
old-holland-1-4-5,142,binary,0.010896865776619453,0.008169140600184352,0.03915059486568695,2.4691582688532256,0.007872125544517898,0.005973411902503783,0.02150109235552991,2.8645732052324258
old-holland-1-4-6,1,pure,7.258340236917172e-17,4.8348422040127785e-17,1.1102230246251565e-16,0.0,7.258340236917172e-17,4.8348422040127785e-17,1.1102230246251565e-16,0.0
old-holland-1-4-6,2,binary,0.011555497779374346,0.009992863456053422,0.019970436817172588,0.6118446716017651,0.005302005325928388,0.004135643645701938,0.013071312176007932,0.36527387070274886
old-holland-1-4-6,3,binary,0.004026305165404555,0.0036998641113709474,0.00804008623884614,0.2542000822548695,0.004136391338959327,0.0033336742438532276,0.010909981206521424,0.19635076521684344
old-holland-1-4-6,4,binary,0.003977292498044987,0.0030071963382832328,0.010636416018641515,0.14132514171593807,0.005040578583570379,0.0036430901857192424,0.013898343912365219,0.21697406964265525
old-holland-1-4-6,5,binary,0.007576852712380396,0.006320098338699787,0.014993442130625811,0.49087311330255756,0.008202908516663106,0.007198344465488829,0.01616241470223745,0.4701471225039088
old-holland-1-4-6,6,binary,0.010271927277696392,0.008306331633125151,0.023201393760489353,0.8517621650104686,0.010184863415393207,0.008130995770979714,0.0230814879849075,0.8612864257937752
old-holland-1-4-6,20,pure,3.311400810612833e-17,9.848752637803809e-18,1.6653345369377348e-16,0.0,3.311400810612833e-17,9.848752637803809e-18,1.6653345369377348e-16,0.0
old-holland-1-4-6,21,binary,0.023887385607086104,0.016644768761557648,0.06286316849285856,2.6008152663528086,0.014558700578565703,0.009342660920883195,0.040704511386098735,1.8784106156916405
old-holland-1-4-6,22,binary,0.02450379134653582,0.019471184539009194,0.0637457448394628,2.589005234622561,0.009605770572592223,0.007951392988219995,0.01841174775603055,1.7501929890870573
old-holland-1-4-6,23,binary,0.02527869010482418,0.02103579432872748,0.050728149164030456,2.0192577993405743,0.026794952143681338,0.021212906318461584,0.05244201230683487,1.5199065256918523
old-holland-1-4-6,24,binary,0.029228077313993624,0.023212117002485128,0.055091350636167324,1.4212656660577048,0.03235772122614784,0.028228252504939655,0.053146890686961545,1.4089858860094235
old-holland-1-4-6,25,binary,0.04575407287170508,0.04294248493733911,0.07150023235662684,1.5695258886238985,0.04700060990192488,0.04455134901038763,0.07104794404636472,1.646860175612672
old-holland-1-4-6,26,pure,5.0944537656090266e-17,2.6188728605069218e-17,1.1102230246251565e-16,9.77164657471164e-15,5.0944537656090266e-17,2.6188728605069218e-17,1.1102230246251565e-16,9.77164657471164e-15
old-holland-1-4-6,27,binary,0.029925035503035678,0.027184897307696094,0.06108908967896143,3.9683284533521865,0.009619568749973134,0.008146270439445108,0.02269653744438549,1.0352784381753426
old-holland-1-4-6,28,binary,0.034945172163532955,0.030375652073765788,0.051005873685560754,4.560808717717563,0.019257452207902488,0.01714249033289009,0.028096784293349414,2.5313464731769626
old-holland-1-4-6,29,binary,0.04089835126358135,0.03147405039428883,0.08951337903602741,2.4477388507299325,0.04038518989247808,0.02869208463572765,0.08625593727721259,1.8926189237758917
old-holland-1-4-6,30,binary,0.04672236020755516,0.04495126946866806,0.0686677744675055,1.6631220885959956,0.04846908727392853,0.047033982127675324,0.06808444447117867,1.787752909316927
old-holland-1-4-6,38,pure,4.745624826600892e-18,3.3575293083422074e-18,1.3877787807814457e-17,0.0,4.745624826600892e-18,3.3575293083422074e-18,1.3877787807814457e-17,0.0
old-holland-1-4-6,39,binary,0.00865044909804307,0.006494306037746795,0.019525657330159422,2.148747926328411,0.00766013206183339,0.006529344378052293,0.015087074285015961,2.224229098692131
old-holland-1-4-6,40,binary,0.02688558358781768,0.02366808041597624,0.05408009551737254,4.730801842251008,0.023723610083194485,0.01900387203192551,0.044285854811847325,4.152180021274142
old-holland-1-4-6,41,binary,0.032907378688671975,0.028423849280411174,0.07523938637422872,4.264928390042825,0.01275346617986664,0.009716638718701836,0.026730886502488643,2.5505197286908112
old-holland-1-4-6,42,binary,0.03343548493542299,0.029248444276485337,0.05093381818728271,3.5215114653663178,0.012375313298440212,0.009386063568393234,0.029085460586495415,1.176652322909139
old-holland-1-4-6,43,binary,0.024611796288850404,0.021311438310962865,0.03794076450840897,3.1827062876444763,0.015275421499857904,0.011401374996781592,0.036596771110649295,2.0545523983352103
old-holland-1-4-6,44,binary,0.01770500776033857,0.013057080226589217,0.039773486262308255,3.2593947139893755,0.024546234075003875,0.020841356353674605,0.04352722791364205,3.317821337692526
old-holland-1-4-6,45,binary,0.06541511068906644,0.06328947737049939,0.07916507967637876,3.5301036450567045,0.0670559541170774,0.06467918781387563,0.0809419883732504,3.657284523055388
old-holland-1-4-6,57,binary,0.012955497495225404,0.010104790497147274,0.03640660872863544,1.722446385337029,0.0039010853823493973,0.0033706309403689206,0.009194742749225479,1.0354476022692085
old-holland-1-4-6,73,binary,0.0039501307045451345,0.002742290016818166,0.011270418835893803,1.2879729715341008,0.0033556428961636323,0.0027593163485312186,0.008626481427872867,1.255050124661482
old-holland-1-4-6,76,binary,0.003088255540876906,0.0026140099226476757,0.007794660659003166,0.3941489792036315,0.0036786569660568653,0.003017524521073309,0.01079474662138949,0.8008441732077108
old-holland-1-4-6,78,binary,0.006790047477888025,0.006278817800189614,0.014069408704744393,1.9105405958097237,0.005444132499587539,0.0048674461372475615,0.012847951681547704,1.5992289155355242
old-holland-1-4-6,80,binary,0.006735714576211807,0.005585429945678364,0.014088520638032537,1.09941440740468,0.004537100953538824,0.003709856952481786,0.010003139711003445,0.823780002641072
old-holland-1-4-6,82,binary,0.006641631679721509,0.006496764682375779,0.00839256586658365,2.6358060779523225,0.006135795314382053,0.005987625834606989,0.008030271356751335,2.434925923204466
old-holland-1-4-6,145,binary,0.0147398043671163,0.009175015336619234,0.04292098414325169,3.7987399218999602,0.00412894054323793,0.0038085447183958026,0.0065275276967236215,2.6515896809392596
old-holland-1-4-6,146,binary,0.038066031972823836,0.026795976630260114,0.10454400192404663,6.4199310737204085,0.017378458318856982,0.01284700976697738,0.04509810187852774,3.1164386856316613
old-holland-1-4-6,147,binary,0.013608084765937483,0.012659960955987698,0.0284723634199833,4.544784479485143,0.004597819385524982,0.004524624866735131,0.007026493509540956,1.6638173904228084
old-holland-1-4-7,1,pure,7.258340236917172e-17,4.8348422040127785e-17,1.1102230246251565e-16,0.0,7.258340236917172e-17,4.8348422040127785e-17,1.1102230246251565e-16,0.0
old-holland-1-4-7,2,binary,0.008491124521168007,0.0072636449280841075,0.017863587501784434,0.4294539113384622,0.005321099752924361,0.003939461212278466,0.01537478902485101,0.32246125639224976
old-holland-1-4-7,3,binary,0.003358931003570777,0.002541111599422362,0.007963967239332043,0.1864857214798088,0.004057784939519938,0.0032668832336109495,0.011058999160985183,0.19395210706326838
old-holland-1-4-7,4,binary,0.004107479953660889,0.002970706131418117,0.010811923014671154,0.21812983516072973,0.004881530226269929,0.0035651708156095602,0.012579580949900415,0.26118748222506366
old-holland-1-4-7,5,binary,0.007736945907639247,0.006692677026305732,0.01480215033465404,0.46456387829716345,0.008098832643706005,0.0071794996622869004,0.015433131536464195,0.4535269362584737
old-holland-1-4-7,6,binary,0.010252568487832738,0.00823308851052232,0.023209437834609048,0.8634039034030189,0.010207588596649804,0.008135842396737975,0.023147412226148467,0.8687621833856825
old-holland-1-4-7,20,pure,1.7358422916209957e-17,6.267388042238787e-18,5.551115123125783e-17,0.0,1.7358422916209957e-17,6.267388042238787e-18,5.551115123125783e-17,0.0
old-holland-1-4-7,21,binary,0.023183141410866106,0.015889441902284564,0.06255988975901725,2.606544571581155,0.014018718923093292,0.00842305494270249,0.041891061843619154,1.7724431338960802
old-holland-1-4-7,22,binary,0.02476612110553429,0.020123230471160596,0.06352694498506689,2.5910867970099845,0.009364627825739928,0.007919573674458396,0.022429175757079867,1.4760329953576499
old-holland-1-4-7,23,binary,0.0231785741714972,0.01972452429797998,0.04282819253134451,2.0178202589390777,0.025574793020541498,0.020563571705970517,0.0521987968623564,1.5812795280826588
old-holland-1-4-7,24,binary,0.027918241762767443,0.022427205566586988,0.04705145594160187,1.4213602025561767,0.031477273679766056,0.027547332534122927,0.05110473984134212,1.4286430538743309
old-holland-1-4-7,25,binary,0.04540288668890042,0.0427146271379822,0.06870813621942584,1.5706192500146683,0.04670165875811393,0.04433811898676786,0.06872402960706214,1.6402875756526154
old-holland-1-4-7,26,pure,5.0944537656090266e-17,2.6188728605069218e-17,1.1102230246251565e-16,9.77164657471164e-15,5.0944537656090266e-17,2.6188728605069218e-17,1.1102230246251565e-16,9.77164657471164e-15
old-holland-1-4-7,27,binary,0.029929040734015238,0.027641377297514518,0.060986492512028645,3.966206057376336,0.010498801163602457,0.0090950027442944,0.026534922604631694,0.9335998626036952
old-holland-1-4-7,28,binary,0.03489969224751182,0.030490980829313764,0.05101504968188125,4.557952471388771,0.019581713682453643,0.017538978847322167,0.030262953022680672,2.651151141360604
old-holland-1-4-7,29,binary,0.03867631865044973,0.03035103381644499,0.07560789283170433,2.4467497745860265,0.03891281589903752,0.02809266128274604,0.07573032261616408,1.9349463550272747
old-holland-1-4-7,30,binary,0.046310218696373695,0.04466353690733329,0.06515017988556027,1.6641938148063582,0.048122660256233955,0.0467653860507865,0.06517079916915991,1.7804592371745604
old-holland-1-4-7,46,pure,7.132061055695113e-18,5.036293962513311e-18,2.0816681711721685e-17,0.0,7.132061055695113e-18,5.036293962513311e-18,2.0816681711721685e-17,0.0
old-holland-1-4-7,47,binary,0.019542115893706035,0.01861678736718353,0.0304051103577318,3.593707164844208,0.017641357355419746,0.016420303648917573,0.027879287830961358,3.080826131985964
old-holland-1-4-7,48,binary,0.025423013798398224,0.024186265052510966,0.0395976833207104,4.211893950651087,0.020892339771519417,0.01896822624763986,0.032274066868186735,3.1698180576370882
old-holland-1-4-7,49,binary,0.03601383158071265,0.033379632273406123,0.057350157619587755,4.124731731503303,0.01952490754531982,0.01796949559457055,0.0292766320138364,2.2179658549643912
old-holland-1-4-7,50,binary,0.03009584294438871,0.024400383980037743,0.046396309950559655,2.8648011816216727,0.01389213163096353,0.011418078344552465,0.02865231620476505,1.9312118712428883
old-holland-1-4-7,51,binary,0.024922459845237034,0.022730310141863785,0.04146664954567236,2.064106289400311,0.027736583278425847,0.024068222396456937,0.048551213002818616,1.9702966069408137
old-holland-1-4-7,52,binary,0.027601286357738158,0.025051609628629616,0.04345203161785638,1.4737306885469332,0.032402961721214284,0.03129791669505852,0.04764333936561427,1.5692312872475236
old-holland-1-4-7,53,binary,0.04694845674579302,0.040125204633768716,0.06741836773591858,3.0921447015260504,0.048377554608624446,0.041209905679004136,0.07000164573478929,3.1947793561637217
old-holland-1-4-7,57,binary,0.005303986312145803,0.004548688671892365,0.008594290637079505,1.9750790316340394,0.0035416232712538825,0.0028510514427484836,0.009061293801634826,0.9721712623244503
old-holland-1-4-7,63,binary,0.0052572732100877135,0.004427850210787837,0.008792730384083139,1.6926027524784415,0.0034012714750311698,0.0029692924328131383,0.006143568605588193,0.9913784057197415
old-holland-1-4-7,152,binary,0.01813334185280416,0.011484262495996626,0.059893955688653217,4.027101781926548,0.005591810445129398,0.0031617024245573213,0.01957557223558717,0.6074328795370229
old-holland-1-5-7,1,pure,7.258340236917172e-17,4.8348422040127785e-17,1.1102230246251565e-16,0.0,7.258340236917172e-17,4.8348422040127785e-17,1.1102230246251565e-16,0.0
old-holland-1-5-7,2,binary,0.008884419708575364,0.007405106964061216,0.01805512897900774,0.5410855094203161,0.00550960806020291,0.004077656084401242,0.014805208446041912,0.40667313231827495
old-holland-1-5-7,3,binary,0.003453318771700184,0.002635137095041301,0.00863327954116433,0.17979737577923957,0.004243668258122404,0.0033048275413362807,0.012656275352658786,0.18287338011011942
old-holland-1-5-7,4,binary,0.004191045405042227,0.002942792613653832,0.011088509438918148,0.18135728272446758,0.00500328470353229,0.003638326868893526,0.013260250490458314,0.22515205202848979
old-holland-1-5-7,5,binary,0.0076808884357380544,0.006633359054892533,0.014577246202885918,0.46687311851211694,0.00811804172576903,0.007167041991491073,0.015400827274769324,0.46053459713482336
old-holland-1-5-7,6,binary,0.010285137695273177,0.008255421931164911,0.023275958871593616,0.8629577467872527,0.010227100927293176,0.008149090068806698,0.02317490569719005,0.867391973456437
old-holland-1-5-7,26,pure,5.0944537656090266e-17,2.6188728605069218e-17,1.1102230246251565e-16,9.77164657471164e-15,5.0944537656090266e-17,2.6188728605069218e-17,1.1102230246251565e-16,9.77164657471164e-15
old-holland-1-5-7,31,pure,9.491249653201783e-18,4.252870457233463e-18,2.7755575615628914e-17,0.0,9.491249653201783e-18,4.252870457233463e-18,2.7755575615628914e-17,0.0
old-holland-1-5-7,32,binary,0.03988854353126056,0.03807419423745779,0.06462621283386266,5.8734798871751845,0.03660398000605055,0.035716292764755464,0.04986611978220601,5.120416053390549
old-holland-1-5-7,33,binary,0.0294650896824043,0.026344406380801197,0.0526143098443044,3.6926637730668648,0.014322266791659195,0.011491190914071421,0.02749524710293852,1.9975816925240284
old-holland-1-5-7,34,binary,0.02246724398809887,0.021006107910869626,0.03040329107926798,2.43035990505894,0.018453657224609545,0.013712743448128275,0.04069858054630682,1.58425366839934
old-holland-1-5-7,35,binary,0.026632849906589186,0.02398759207717458,0.04402361100845176,1.6645049934845946,0.026118511424183668,0.021392271872797818,0.045738839010629695,1.350868018530217
old-holland-1-5-7,36,binary,0.029377307629129986,0.024258205984410024,0.05858830093571887,2.371196103390566,0.03333106752936061,0.027842952414922937,0.0591744777600236,2.725571525448241
old-holland-1-5-7,37,binary,0.03205802085470853,0.02680576757835484,0.04859810475573412,2.7117768634120143,0.03289875561839747,0.02749674544143939,0.04869536845007583,2.8197689940310586
old-holland-1-5-7,46,pure,7.022330495795052e-18,4.8124586752904974e-18,2.0816681711721685e-17,0.0,7.022330495795052e-18,4.8124586752904974e-18,2.0816681711721685e-17,0.0
old-holland-1-5-7,47,binary,0.019601659939254515,0.01864606544201654,0.030980753727199356,3.6165966134466734,0.01769944353430694,0.01646925355056443,0.028341430160338632,3.0904213989897644
old-holland-1-5-7,48,binary,0.025496500339454255,0.02422188825947071,0.03986300577597343,4.242257520328739,0.02095830244601805,0.01904671621760052,0.03257548295471813,3.1741265030459154
old-holland-1-5-7,49,binary,0.03581697181014625,0.03333351339372871,0.0546695841025214,4.133832318188768,0.019581606008202055,0.0180974943105359,0.028817145887109263,2.213386988339553
old-holland-1-5-7,50,binary,0.029462299866670347,0.023907102265270822,0.0442902178277238,2.8435973156155363,0.013884143919748276,0.011482153679342803,0.02793605155340606,1.93289241522392
old-holland-1-5-7,51,binary,0.024554911465126672,0.02210554846090205,0.04056686142550181,2.0352931106430483,0.02782678754467176,0.024198909570728615,0.04813172772320473,1.9663095045703982
old-holland-1-5-7,52,binary,0.027847802586967,0.02547317286012255,0.04321267382844596,1.455220707073734,0.03270642461694433,0.03158992545999909,0.04766441288564249,1.5643738687656852
old-holland-1-5-7,53,binary,0.04740956367455157,0.04042942490519279,0.06998647670349556,3.1067302330825584,0.04880040555426753,0.04149077110292764,0.07205617656723196,3.2083233302982843
old-holland-1-5-7,60,binary,0.007149093576683538,0.005909856657752562,0.012521438429104498,3.0668721891073125,0.004351612794222066,0.0032413853566724414,0.011401860684969761,1.782141055218228
old-holland-1-5-7,63,binary,0.004762595893220411,0.003994831307611192,0.008798963192540907,1.58141571919709,0.002532496821927332,0.002140457154639979,0.00496455098972097,0.831209689838226
old-holland-1-5-7,158,binary,0.004541987269472808,0.003964334758839102,0.00982932363216097,0.6967638005117341,0.0012895144041695581,0.000869974551651093,0.0029838501685685373,0.07557877598718128
old-holland-1-6-7,1,pure,7.258340236917172e-17,4.8348422040127785e-17,1.1102230246251565e-16,0.0,7.258340236917172e-17,4.8348422040127785e-17,1.1102230246251565e-16,0.0
old-holland-1-6-7,2,binary,0.011382139392623551,0.009946877980552415,0.01916852793909052,0.5804869779632943,0.005266610706478412,0.004137133329913472,0.013541731193597667,0.35831466475667006
old-holland-1-6-7,3,binary,0.004044817402549183,0.0037193639278772137,0.00794531470410062,0.24555687832659778,0.004144810639844732,0.003326259506573679,0.011227712468199869,0.19035916871539202
old-holland-1-6-7,4,binary,0.004087386033046398,0.0030737735011210016,0.011165579085594457,0.15597971783765496,0.005071967045807991,0.0036299653653424696,0.01414012798756037,0.2270374966346425
old-holland-1-6-7,5,binary,0.00757389927170506,0.006331047353145552,0.015018690771502974,0.4858726761791234,0.00817786803438853,0.007195618218907896,0.01606413021106834,0.46431254530849925
old-holland-1-6-7,6,binary,0.010281247785922511,0.008306813377158091,0.02322988457010866,0.8546344415191944,0.010198528724161307,0.008133805321701883,0.023130411452475186,0.8640591882088268
old-holland-1-6-7,26,pure,5.095977910374798e-17,2.6412563892292032e-17,1.1102230246251565e-16,9.77164657471164e-15,5.095977910374798e-17,2.6412563892292032e-17,1.1102230246251565e-16,9.77164657471164e-15
old-holland-1-6-7,38,pure,5.023843278540119e-18,3.469446951953614e-18,1.3877787807814457e-17,0.0,5.023843278540119e-18,3.469446951953614e-18,1.3877787807814457e-17,0.0
old-holland-1-6-7,39,binary,0.008368096848871322,0.0063070451087621085,0.017007537877620556,2.14282698638019,0.007584705434902468,0.006443022287267564,0.015145696158107125,2.1737772128915798
old-holland-1-6-7,40,binary,0.026296607122143482,0.0232811929822904,0.048954571450096934,4.717867718671924,0.023820235865792332,0.019180619053442836,0.04412192392930575,4.058961426523292
old-holland-1-6-7,41,binary,0.030841210304384623,0.027300157810150293,0.061916816200722424,4.240693984057419,0.013116131768335643,0.010167443305033679,0.030454561596155255,2.362825542621265
old-holland-1-6-7,42,binary,0.031122737354608125,0.027448974080022344,0.04361912397276632,3.4908486484501267,0.012360065854774125,0.009732433853900373,0.028913453531117406,1.2834706095277177
old-holland-1-6-7,43,binary,0.023537504585680834,0.019878805154461086,0.037153830748038574,3.155837178436153,0.01623893714258166,0.012268812866394314,0.03680168001347628,2.1589931528140296
old-holland-1-6-7,44,binary,0.020423940227040784,0.014887776220771509,0.04528160638566636,3.256337410543628,0.02661739152964121,0.02214217263425338,0.054120777006101295,3.3788379448811026
old-holland-1-6-7,45,binary,0.06681233631690266,0.06447101506780006,0.0835546197288185,3.546726211189844,0.06832053763040147,0.0657440871690685,0.08481883142484792,3.677187359382151
old-holland-1-6-7,46,pure,7.022330495795052e-18,4.8124586752904974e-18,2.0816681711721685e-17,0.0,7.022330495795052e-18,4.8124586752904974e-18,2.0816681711721685e-17,0.0
old-holland-1-6-7,47,binary,0.019695937128449095,0.018708642948204464,0.031480367138352755,3.6625708832453476,0.017734729047551898,0.01649333211458404,0.02867150403928953,3.1142585969827628
old-holland-1-6-7,48,binary,0.02566139587989768,0.02433194057315595,0.04069859626953032,4.3086385873325215,0.020976570022666445,0.01906379878148556,0.03306266977225669,3.1947818208735015
old-holland-1-6-7,49,binary,0.03602275426971638,0.033536305770533854,0.05442573676715734,4.187424479760008,0.019537213877320884,0.018074720560665888,0.028855643614285054,2.1990669544447905
old-holland-1-6-7,50,binary,0.029528521257330274,0.023904723426292733,0.04439516205111624,2.848911156862106,0.013865260382645975,0.011493967899791969,0.027590640384241527,1.904643489477409
old-holland-1-6-7,51,binary,0.024350643876351143,0.021939844697900248,0.03977839682443163,2.009529338189776,0.02768814293606449,0.024083014421157692,0.04746822048536259,1.9336363641235255
old-holland-1-6-7,52,binary,0.027636154637712983,0.02528897936945636,0.04238596647029558,1.4268381872688038,0.032542764565127086,0.03145056502439346,0.046988354110597874,1.5374515527637396
old-holland-1-6-7,53,binary,0.04731358418350597,0.040338133025822925,0.07028455526202104,3.098463924301129,0.04870986895220965,0.04140682767547379,0.07233681549201432,3.2000015457998243
old-holland-1-6-7,63,binary,0.005498561978831895,0.005241696397691171,0.008777001489995828,1.1114874958236842,0.0029219957711620385,0.002700296207581309,0.004481197837720496,0.825300726299881
old-holland-1-6-7,73,binary,0.0036972572674321903,0.0022662646773981927,0.011961159050920211,1.4337002221120763,0.003435024251280412,0.002667645440543414,0.009517832812978438,1.2030327608610134
old-holland-1-6-7,76,binary,0.002484852422070073,0.0019442886416687704,0.007204505933112365,0.37441896052043844,0.003509388136960394,0.00287736532966097,0.01122267250013334,0.627413860253243
old-holland-1-6-7,78,binary,0.006688724257632751,0.006143751906730761,0.014399683998035442,1.9845213586648793,0.005743223458591522,0.005216786137316511,0.012885377286210198,1.660131568212042
old-holland-1-6-7,80,binary,0.003963450479417975,0.0035816877798029445,0.005823046625746342,1.0206536163693531,0.0032366526437734426,0.002722249824650817,0.005468894218767277,0.8532270511648288
old-holland-1-6-7,82,binary,0.0065820188636921875,0.006442810682862207,0.008392036163249857,2.569909223087575,0.006280399109969165,0.0061377960326097335,0.008147851194880505,2.5203969815217007
old-holland-1-6-7,161,binary,0.001207594276344607,0.0011100272441329994,0.0020209208805073604,0.750526180877578,0.0010336791421863614,0.0008616952367458535,0.0019624329687141437,0.5732140660221687
old-holland-1-6-7,162,binary,0.005579692023249338,0.0055615965142932966,0.006182348468530035,2.077312479197312,0.00421439289694835,0.004187245705617007,0.004944614271296256,1.7951890470141743
old-holland-1-6-7,163,binary,0.0005419840728006467,0.00047416988013749704,0.001245493327696405,0.6452564732209589,0.001466664734504839,0.0012840204043242914,0.0033932652761799603,0.8138220684149253
old-holland-2-3-4,1,pure,7.258340236917172e-17,4.8348422040127785e-17,1.1102230246251565e-16,0.0,7.258340236917172e-17,4.8348422040127785e-17,1.1102230246251565e-16,0.0
old-holland-2-3-4,7,pure,5.379176911490105e-17,2.8427081477297354e-17,1.1102230246251565e-16,0.0,5.379176911490105e-17,2.8427081477297354e-17,1.1102230246251565e-16,0.0
old-holland-2-3-4,8,binary,0.01893552620558703,0.01668506314811583,0.03228353766185177,1.6827825138397776,0.010141466733093034,0.009218365916421216,0.014434667542314955,0.918701505670099
old-holland-2-3-4,9,binary,0.009515440180207004,0.00871632136339871,0.015764020653672106,0.6528077608948545,0.0050368266783761,0.004172112771964102,0.00945611408240099,0.024937244293041137
old-holland-2-3-4,10,binary,0.008068032906086844,0.007353548910966752,0.013229034812789892,0.6891494650108432,0.004648382293278281,0.004105090119995083,0.008285942707713434,0.2737414254527219
old-holland-2-3-4,11,binary,0.014322505147748226,0.013206018931988651,0.021286292001250484,0.9999591676014393,0.01633140535299815,0.015030832537311202,0.023016508506900457,1.1353793263847065
old-holland-2-3-4,12,binary,0.017261508346753912,0.014623948672858685,0.028631616660895864,0.8250380927398633,0.017463124350772397,0.014833677274500615,0.028239299839362464,0.8332301997460955
old-holland-2-3-4,13,pure,2.3013707539344673e-17,7.386564478352856e-18,1.1102230246251565e-16,8.828579614359399e-15,2.3013707539344673e-17,7.386564478352856e-18,1.1102230246251565e-16,8.828579614359399e-15
old-holland-2-3-4,14,binary,0.024020241096618506,0.016978699218744286,0.06413496570123811,1.845359095966129,0.021840602270129628,0.014270156870814576,0.060444891582639326,1.7488827033448027
old-holland-2-3-4,15,binary,0.025577843023260046,0.0235433657434333,0.04718187802185095,1.9930234901551287,0.015831800965144936,0.011943505807399106,0.03865256586169963,0.9626745568708621
old-holland-2-3-4,16,binary,0.03056029614392479,0.027161307042259473,0.049249646952524984,1.733881058086347,0.01710839087489161,0.013611525372842815,0.033721188250591005,0.9192155410677147
old-holland-2-3-4,17,binary,0.031793022427284684,0.026052595066555457,0.051367453594808876,1.4637204672381423,0.02758708501088624,0.022960752011978336,0.04410323314634301,1.282240322037745
old-holland-2-3-4,18,binary,0.03488517832806842,0.03208071473556569,0.04818650532350377,1.2576668060811917,0.03540272440669959,0.033819106646542224,0.050273396343353816,1.3375591556710422
old-holland-2-3-4,19,binary,0.01632959558597838,0.015133207139089814,0.02862310130581147,2.0023962597999994,0.016621799081397336,0.015312696970007046,0.02916885983859152,2.049143288806047
old-holland-2-3-4,20,pure,1.7358422916209957e-17,6.267388042238787e-18,5.551115123125783e-17,0.0,1.7358422916209957e-17,6.267388042238787e-18,5.551115123125783e-17,0.0
old-holland-2-3-4,21,binary,0.026291082733286095,0.01864184613580726,0.06532476277136881,2.7595721649206015,0.014198175886843172,0.008514860037419128,0.04251593526405548,1.7240933100130997
old-holland-2-3-4,22,binary,0.030928111400717054,0.024908704658277245,0.06384283818544123,2.705896138685686,0.007982219706698884,0.006612186904735633,0.020386554195420847,1.3761320395957604
old-holland-2-3-4,23,binary,0.019108938024005803,0.016463264360368542,0.03894595249764243,1.794168036228419,0.02312997819852793,0.01844085878318176,0.04943272798999676,1.4588072517207968
old-holland-2-3-4,24,binary,0.025435477555879778,0.02064567628923697,0.044198367500492775,1.2727240915702105,0.02988447457322867,0.026884729134482917,0.04986051176710604,1.3645953683441063
old-holland-2-3-4,25,binary,0.04524807105744166,0.04293463526960879,0.06530198163043444,1.6767092809587418,0.046647316695259844,0.04458438216680491,0.06575567300715113,1.7509153338295538
old-holland-2-3-4,27,binary,0.033371269659964106,0.03210494347951539,0.05836895448823451,3.9356924906405886,0.010818811612388296,0.009450046394041404,0.023076109186821847,0.9844905060316869
old-holland-2-3-4,28,binary,0.03593626795410846,0.03372101940320769,0.04760528942648748,4.405445110557679,0.019955765106839614,0.018402473969194758,0.02802823470874008,2.5692377891345375
old-holland-2-3-4,29,binary,0.03428464516186335,0.02738889898162923,0.060732060951644073,2.2397100348623966,0.03582419240126322,0.026134888723447602,0.06443277259406732,1.8030438732648062
old-holland-2-3-4,30,binary,0.04607239524154304,0.04478045161811948,0.060902887845825426,1.7738796214244317,0.04800784503381517,0.046919098608519505,0.06149525255068378,1.892453674830968
old-holland-2-3-4,88,binary,0.03015156876674445,0.02650600212787892,0.051856816188768695,6.37762718715263,0.013126694469481845,0.011139802097896424,0.03179378351070003,4.610807322449825
old-holland-2-3-4,89,binary,0.01170496308946676,0.008706137700604957,0.031730185757258056,0.6033182133077881,0.007311938096463929,0.004272319564660527,0.0256337797485493,0.4465422301385088
old-holland-2-3-4,92,binary,0.016693578394730037,0.014173754269127306,0.03799724745773092,6.734670856673802,0.010154286985887672,0.008888920175999357,0.019579674114318657,4.012633530239768
old-holland-2-3-4,93,binary,0.016107221308583088,0.012076656369231656,0.03317158529986686,4.953484410305606,0.01517083940942288,0.010957740342908051,0.029622188300675006,4.005625301647229
old-holland-2-3-4,108,binary,0.07355265472601115,0.042850735984319814,0.1799082136157681,3.3877958883691823,0.008387605169349555,0.00541280496467002,0.01986865201252941,1.2510926791103654
old-holland-2-3-4,109,binary,0.025402247153397343,0.024302807446641407,0.04342355301480311,5.28635911064759,0.01703093817225128,0.015721142122986254,0.02894151279566104,4.576663799114891
old-holland-2-3-5,1,pure,7.258340236917172e-17,4.8348422040127785e-17,1.1102230246251565e-16,0.0,7.258340236917172e-17,4.8348422040127785e-17,1.1102230246251565e-16,0.0
old-holland-2-3-5,7,pure,5.379176911490105e-17,2.8427081477297354e-17,1.1102230246251565e-16,0.0,5.379176911490105e-17,2.8427081477297354e-17,1.1102230246251565e-16,0.0
old-holland-2-3-5,8,binary,0.017318721853860082,0.01522369790156158,0.028814365161514366,1.6308599377198159,0.010172971829176158,0.009280084866952878,0.014495156878818194,0.9454046194441129
old-holland-2-3-5,9,binary,0.008522264742529134,0.007906406937537039,0.013590643955654791,0.6145027438462249,0.005033362040112233,0.004111470047172482,0.00949855667905053,0.061384694386077944
old-holland-2-3-5,10,binary,0.007765810146684918,0.006960637691911521,0.012944349686806855,0.6754142564996565,0.004864002885717378,0.004395234868122537,0.008453681603434182,0.31499479853836726
old-holland-2-3-5,11,binary,0.014662915094856267,0.013631068593164538,0.02150542545367068,1.037416108149347,0.01651711423443392,0.015280221332146245,0.02316907342613711,1.158646256382376
old-holland-2-3-5,12,binary,0.01736895434574856,0.014709711628939586,0.028565830512838564,0.835564326998206,0.017528467090764492,0.014880022554548764,0.028157197748179708,0.8422635190908058
old-holland-2-3-5,13,pure,2.3013707539344673e-17,7.386564478352856e-18,1.1102230246251565e-16,8.828579614359399e-15,2.3013707539344673e-17,7.386564478352856e-18,1.1102230246251565e-16,8.828579614359399e-15
old-holland-2-3-5,14,binary,0.021708299551340408,0.014626051092653873,0.0598650832464484,1.9788863474689813,0.02174422114736886,0.015812588951907063,0.05333219810932127,1.7123953086756076
old-holland-2-3-5,15,binary,0.0214814346839174,0.019010118635696117,0.0459517143616498,1.9913613355906457,0.013442409293606027,0.010341453267896006,0.03188631098866057,0.9500945496823349
old-holland-2-3-5,16,binary,0.027434117307786707,0.024998012747359487,0.04452427184556651,1.6598311561058947,0.017542134875094127,0.01457564477318027,0.030295283548263163,0.908803343252425
old-holland-2-3-5,17,binary,0.030217368164587494,0.025005104912530062,0.04908964086561063,1.388066611818124,0.0280757148302126,0.02328966112712853,0.048178942358729326,1.2463340929640416
old-holland-2-3-5,18,binary,0.03443053700026485,0.03167668822810967,0.050475998226058305,1.2459027430757978,0.035536080948190975,0.03381471474924476,0.05304172527725193,1.336792515690158
old-holland-2-3-5,19,binary,0.016439149491893817,0.01513538624799465,0.029429233637891405,2.0443177154603456,0.016757174565840267,0.015367088411441413,0.03001867910984113,2.0858697147323038
old-holland-2-3-5,31,pure,8.076701741402097e-18,3.3575293083422074e-18,2.7755575615628914e-17,0.0,8.076701741402097e-18,3.3575293083422074e-18,2.7755575615628914e-17,0.0
old-holland-2-3-5,32,binary,0.04118851322745689,0.038868252517472224,0.07039017267086589,5.817141350181413,0.036534871823104595,0.03562935718612316,0.0506457718976451,5.116571884268605
old-holland-2-3-5,33,binary,0.031243909919138734,0.027700091117798517,0.058853250111469746,3.5984713409114617,0.013971294691302476,0.011054595311439815,0.026488261426255183,1.9740294508021583
old-holland-2-3-5,34,binary,0.021762493598074695,0.020100092420402428,0.032191198619795386,2.535620626376264,0.01787537852212193,0.013116502898028157,0.040130915788704535,1.618651147934189
old-holland-2-3-5,35,binary,0.02579711508535984,0.02324207695976463,0.040615803682953866,1.7937697659162588,0.02546662218145058,0.021144958305852418,0.0437046384611095,1.470115458248294
old-holland-2-3-5,36,binary,0.028236608979901077,0.023642436773359952,0.05515955851725629,2.604334003200408,0.03260752340436975,0.027458659728817992,0.05715342944222146,2.911504824827367
old-holland-2-3-5,37,binary,0.031610174317258634,0.026552089056129602,0.04767286153050432,2.7509011835637334,0.03251580808037048,0.02728666523589718,0.04800008800230582,2.8588274611326936
old-holland-2-3-5,88,binary,0.025197262903983234,0.022311335049735044,0.04361788459247862,6.497900097442949,0.011864205986495633,0.009861807019501616,0.027829691685758717,4.14806111737798
old-holland-2-3-5,89,binary,0.009279921777825089,0.007054726176679412,0.02529838612263502,0.4819176822133668,0.007041973993364129,0.004340390885723772,0.024096449067848802,0.4790179261110917
old-holland-2-3-5,96,binary,0.028310243873085564,0.022549664311785584,0.047903099959208495,6.305236517271876,0.015347840179397415,0.01201533900572195,0.025282884961736918,3.532712114341425
old-holland-2-3-5,97,binary,0.012765122165454404,0.009504816912329638,0.03325683552113834,0.894935307783833,0.020044152544030972,0.017041030005623615,0.04294220837034046,1.3744791819060937
old-holland-2-3-5,112,binary,0.018100644330458805,0.0166432148442769,0.030740062161026427,8.855141773327839,0.005004950648585087,0.004204951803613444,0.011203702784361932,5.367314824222405
old-holland-2-3-5,113,binary,0.02283325651753484,0.020852300616511967,0.04625173335557138,3.7462103073770985,0.013772694649622389,0.011661081057589485,0.03318711477071899,2.2877192633843224
old-holland-2-3-6,1,pure,7.258340236917172e-17,4.8348422040127785e-17,1.1102230246251565e-16,0.0,7.258340236917172e-17,4.8348422040127785e-17,1.1102230246251565e-16,0.0
old-holland-2-3-6,7,pure,5.379176911490105e-17,2.8427081477297354e-17,1.1102230246251565e-16,0.0,5.379176911490105e-17,2.8427081477297354e-17,1.1102230246251565e-16,0.0
old-holland-2-3-6,8,binary,0.021637405860769458,0.019384757074178867,0.036612948380787436,1.8134362564842588,0.010133295217924195,0.009135304698039783,0.0170474611751443,0.9200090814049106
old-holland-2-3-6,9,binary,0.011482207146161378,0.009876827092951962,0.022025391240228398,0.8097763754667489,0.0051816139176632595,0.004261388422173268,0.011030159350480517,0.040489764924248224
old-holland-2-3-6,10,binary,0.008832070137489828,0.007999520041655075,0.014263191322736013,0.8050474146304214,0.004709378278675113,0.004236730552015998,0.007921023184004006,0.3390695744210938
old-holland-2-3-6,11,binary,0.01425362812038636,0.012938627028031816,0.02155608550192717,1.0151342320268795,0.01625492356868352,0.014894314655811676,0.022786621053557055,1.1386842543668048
old-holland-2-3-6,12,binary,0.017005626510967035,0.014365210915614811,0.028469296851681758,0.8375880298319676,0.017320245469626402,0.014678616184588338,0.028230766259312867,0.8456437504604285
old-holland-2-3-6,13,pure,2.3013707539344673e-17,7.386564478352856e-18,1.1102230246251565e-16,8.828579614359399e-15,2.3013707539344673e-17,7.386564478352856e-18,1.1102230246251565e-16,8.828579614359399e-15
old-holland-2-3-6,14,binary,0.02440110840644756,0.016483754948460043,0.06571672900098513,2.28007248697332,0.02166233021362809,0.016288538963102027,0.05287612329762409,1.6505541599391491
old-holland-2-3-6,15,binary,0.022636122303122532,0.019689827473620313,0.050103305460054925,2.1182063182059157,0.01223450519531315,0.009842974744531979,0.028949309051953975,1.0129747793990365
old-holland-2-3-6,16,binary,0.026736269530400977,0.02448534080909603,0.044630850540707145,1.7353682406961797,0.017204657587637832,0.014500080101815714,0.031162227867796877,0.8890001375621572
old-holland-2-3-6,17,binary,0.02904994279454303,0.024297339755467152,0.04981339819793773,1.471953249798504,0.02749979709486913,0.02276749035317316,0.04663121313221619,1.2210991859327733
old-holland-2-3-6,18,binary,0.033320386693262406,0.03057194981779682,0.04782696869145098,1.231584938211555,0.03477743961303827,0.033126110735198055,0.05017180581556835,1.3051113157818275
old-holland-2-3-6,19,binary,0.015622425449308447,0.014556591000192775,0.026665111948509623,1.886640649192898,0.016040430300795716,0.014878545480888556,0.027529585458568984,1.9493497353440994
old-holland-2-3-6,38,pure,4.536462648073233e-18,3.0217763775079866e-18,1.3877787807814457e-17,0.0,4.536462648073233e-18,3.0217763775079866e-18,1.3877787807814457e-17,0.0
old-holland-2-3-6,39,binary,0.008495500461460826,0.006448730005886491,0.017862392794079064,2.0926419697247116,0.007687598283907362,0.006503574229351333,0.015332019885302334,2.1920907571616537
old-holland-2-3-6,40,binary,0.02644687577871854,0.023236164033213866,0.050688219423648845,4.587122422542719,0.024001746322348604,0.019352494200740953,0.046087844918618975,4.128470605110964
old-holland-2-3-6,41,binary,0.03107118283698003,0.027104079278734625,0.06636554358344177,3.935930046975357,0.013163681190591916,0.010598444658440466,0.027137871956065707,2.483213543375094
old-holland-2-3-6,42,binary,0.030528446986753704,0.02677300028682006,0.04744060652620896,3.2378026719148156,0.011494385192997367,0.00933147022996545,0.027344238642796115,1.195841213366613
old-holland-2-3-6,43,binary,0.022117418945095328,0.01861581306061241,0.0358974489599094,3.1055265344057226,0.01524057314790282,0.011296636707320413,0.034325775643412104,2.2105970156796606
old-holland-2-3-6,44,binary,0.02082641185704988,0.01591519555887874,0.040078025208421186,3.6335389619215905,0.027130466231666015,0.02306451054927257,0.051583642314775635,3.723581718085058
old-holland-2-3-6,45,binary,0.06799445563992058,0.0654440637203553,0.08638240095841954,3.8641583421834094,0.06942391504947588,0.06664640311202881,0.08787089093635314,3.977073192932316
old-holland-2-3-6,88,binary,0.029405635858896113,0.025926292019374266,0.05582590925061515,5.89846750914563,0.0109839057570538,0.00853129800706898,0.02780721830848093,4.314602744787286
old-holland-2-3-6,89,binary,0.014664702539173584,0.010985309159170531,0.03995027287150821,1.0767335865815977,0.009228709807744593,0.005257528042898911,0.03097473380339688,0.8981190465067965
old-holland-2-3-6,100,binary,0.02155310124285162,0.017920002934838787,0.03647220253902397,5.301512208330027,0.0072735437945941755,0.005587555041057787,0.02121233800314637,1.5933156132586286
old-holland-2-3-6,101,binary,0.014484373906853242,0.0104584155595592,0.029562382935141795,1.604161184544469,0.010345719325325591,0.00737203229204448,0.027068071909982172,0.29991679723830394
old-holland-2-3-6,123,binary,0.02031546302439443,0.019793710291626018,0.024899281364520066,7.238240211200794,0.00529205985300362,0.004901155149635905,0.007702282269096524,3.8735984063282567
old-holland-2-3-6,124,binary,0.02195526979375231,0.02113058049670413,0.03484076600195081,5.216498387508321,0.01329913916948058,0.012411466079630175,0.02158221278889233,3.927571421434726
old-holland-2-3-6,125,binary,0.0035790460135422327,0.002931591063660309,0.007112412011560834,2.560185130470045,0.004343679300774852,0.003905792202785205,0.0060496071595975386,2.2780959816736943
old-holland-2-3-6,130,binary,0.022244213202177038,0.02177315921373342,0.031007544665938802,7.364577175823124,0.008386762921569488,0.007733779950615969,0.010952283246024336,5.004542490232374
old-holland-2-3-6,131,binary,0.006630427767221548,0.005473733219217123,0.010318772449281137,3.7049525820915283,0.005453929190146024,0.0052288573948290435,0.007932499653785459,2.9917646233889013
old-holland-2-3-6,134,binary,0.01581833887737443,0.015185745987811843,0.01996299912897911,6.42277819046228,0.0023763208146066303,0.0020321518213906,0.0044869184372354765,3.9023117732779222
old-holland-2-3-6,135,binary,0.009501630370533512,0.008449063285505973,0.01356014663568372,4.849126343246484,0.006033767214768686,0.005753326245564827,0.00873463543735388,3.5925351304457678
old-holland-2-3-7,1,pure,7.258340236917172e-17,4.8348422040127785e-17,1.1102230246251565e-16,0.0,7.258340236917172e-17,4.8348422040127785e-17,1.1102230246251565e-16,0.0
old-holland-2-3-7,7,pure,5.379176911490105e-17,2.8427081477297354e-17,1.1102230246251565e-16,0.0,5.379176911490105e-17,2.8427081477297354e-17,1.1102230246251565e-16,0.0
old-holland-2-3-7,8,binary,0.01772324485785905,0.01575738701161923,0.029315811110064982,1.6664100205389816,0.010216600446050316,0.00942368963612875,0.014912136972820622,0.9549334675048472
old-holland-2-3-7,9,binary,0.008982404671484935,0.008197687026362395,0.01585202377305739,0.6676362612071584,0.005131088269932738,0.004264624230728658,0.009396620199614014,0.08393043808402048
old-holland-2-3-7,10,binary,0.00800664510999793,0.007161868982478531,0.012969144017299039,0.7217700647583011,0.005005751556615753,0.004598726224218469,0.008031790497409097,0.34786369068902245
old-holland-2-3-7,11,binary,0.014725813491515007,0.01372703259688898,0.02155825526291938,1.0516997686591425,0.016502591510971026,0.01527887973117494,0.02300045747388496,1.1622614671529252
old-holland-2-3-7,12,binary,0.01734910925129459,0.014674463149227343,0.028690381477840532,0.8438540132617728,0.017517325995087124,0.014861246867649674,0.0282589830249782,0.8486007772399333
old-holland-2-3-7,13,pure,2.3047427275435312e-17,7.61039976557567e-18,1.1102230246251565e-16,8.828579614359399e-15,2.3047427275435312e-17,7.61039976557567e-18,1.1102230246251565e-16,8.828579614359399e-15
old-holland-2-3-7,14,binary,0.022026824036140282,0.015209780129214553,0.05918980723467221,1.9938950674700355,0.021136958315289615,0.01590989589814574,0.050832774523435875,1.6313833875637453
old-holland-2-3-7,15,binary,0.021412091394104677,0.018668375756261825,0.04623512813749228,1.98763826250004,0.012578653158005222,0.010437543321486172,0.029902668705091534,1.0011030627907687
old-holland-2-3-7,16,binary,0.027383685951456672,0.024981372223799973,0.045797658663516816,1.6698976730172865,0.01747124614671122,0.01477867103062074,0.032962410086388116,0.9348835793727222
old-holland-2-3-7,17,binary,0.030259346619466256,0.025171625418062244,0.05039569311078196,1.4202287165397065,0.028074677189083765,0.023313198711648928,0.04990659963072519,1.247873237665832
old-holland-2-3-7,18,binary,0.03439470435628725,0.031574720021174056,0.0506977805188199,1.2532985432331878,0.035420177379019556,0.033633778678789174,0.053705418702483576,1.3339749155623541
old-holland-2-3-7,19,binary,0.01626125955536881,0.01500589542245206,0.02924445369507367,1.9908370614343998,0.016577889058912672,0.015229967548771626,0.029902853902237236,2.038677191895806
old-holland-2-3-7,46,pure,6.565093171632399e-18,4.3647881008448694e-18,2.0816681711721685e-17,0.0,6.565093171632399e-18,4.3647881008448694e-18,2.0816681711721685e-17,0.0
old-holland-2-3-7,47,binary,0.01931148632154873,0.018467646404850862,0.029911381455545394,3.4805827849603914,0.01753217648051048,0.016333201852232557,0.028225389021114877,3.0223880471545477
old-holland-2-3-7,48,binary,0.024997596383712094,0.023930667307078487,0.036905672497016345,4.042995629423978,0.020763611950131017,0.018867881115019827,0.03087857589065446,3.1143006416309316
old-holland-2-3-7,49,binary,0.03569387071106072,0.03300977136046437,0.05770546925014543,3.99965032279244,0.019403256460647448,0.017922716785851295,0.02897867419885261,2.253701168067525
old-holland-2-3-7,50,binary,0.030875410882466727,0.024961129795860293,0.04876165079871517,2.908406091137272,0.014333711820169182,0.011939513464484509,0.027778846855068706,2.0436147514769183
old-holland-2-3-7,51,binary,0.02632546360370152,0.02419702299789996,0.044172521676261844,2.20195844267302,0.02821563432128047,0.023941167764572786,0.050677850297813465,2.0976971643374407
old-holland-2-3-7,52,binary,0.02810353878464987,0.024703159369531144,0.046661570332624636,1.5993875043706474,0.03250063381223334,0.030977046460718794,0.05078136105552988,1.6671088722281577
old-holland-2-3-7,53,binary,0.04628224863466499,0.03972614019613593,0.06718997392880766,3.0564065006912435,0.04773131396469686,0.040819710341444396,0.06916877178588565,3.1601844048007526
old-holland-2-3-7,88,binary,0.025069676286557274,0.02229910372773552,0.050338895054502064,6.400466206585009,0.011403236000020614,0.00907890333229161,0.028047260440647898,4.167749447356168
old-holland-2-3-7,89,binary,0.00952850237037705,0.007371212925405661,0.025762029484318383,0.506954571344387,0.007021139364514194,0.004115207704811334,0.024018791559827113,0.5778017270042449
old-holland-2-3-7,104,binary,0.03033262753871279,0.0262605175038335,0.04780002436323988,6.134819972952344,0.015018729112460842,0.012578967762971021,0.025880554121120614,3.1551813918981657
old-holland-2-3-7,105,binary,0.008023509857324139,0.005656244710453163,0.02049103066676039,0.45642749133269983,0.01828211397085753,0.013652901012292478,0.03484366793413246,1.4464275518782037
old-holland-2-3-7,116,binary,0.010973153358347655,0.010401624877213397,0.01527997735616042,5.787324773087077,0.004458387538780486,0.003860340958764831,0.008864794233937871,5.550459624486359
old-holland-2-3-7,117,binary,0.029279988892312623,0.02758325761906293,0.04833898272054041,5.226763955930417,0.02053731500668083,0.019678476782711035,0.033321833713975624,4.308021120043101
old-holland-2-3-7,118,binary,0.00504766657486743,0.004484045167661641,0.007226233072841447,4.573313446377774,0.008362461706939169,0.007708190591693624,0.012442311053660081,4.727146680979359
old-holland-2-3-7,138,binary,0.015554363359772892,0.015336547277086054,0.019654704664763885,4.604830335431474,0.005713377922015526,0.004843479518424883,0.00843557968168683,4.441713896464969
old-holland-2-3-7,139,binary,0.004963722473846036,0.0042638326237850865,0.007890792583711177,4.8963092981192835,0.012448283068599547,0.012098334361163945,0.016865362564241957,5.501554401450172
old-holland-2-4-5,1,pure,7.258340236917172e-17,4.8348422040127785e-17,1.1102230246251565e-16,0.0,7.258340236917172e-17,4.8348422040127785e-17,1.1102230246251565e-16,0.0
old-holland-2-4-5,7,pure,5.379176911490105e-17,2.8427081477297354e-17,1.1102230246251565e-16,0.0,5.379176911490105e-17,2.8427081477297354e-17,1.1102230246251565e-16,0.0
old-holland-2-4-5,8,binary,0.019288394093645963,0.016790937224532315,0.03308496352012702,1.7518441523728856,0.010413868412312085,0.009260146787531176,0.01632602566173605,0.9461616322088944
old-holland-2-4-5,9,binary,0.01028078241424423,0.009283411695277464,0.01801162207842899,0.7713970693888296,0.005538581274664286,0.004540628524003991,0.010319558133719764,0.07643631084128831
old-holland-2-4-5,10,binary,0.008648947616572651,0.008000510003862567,0.013233964633277556,0.8070566410907414,0.00522917650220356,0.004627602042751961,0.008879375295719805,0.3783591760303262
old-holland-2-4-5,11,binary,0.01468519821491531,0.013575263515876181,0.02152059672004708,1.0552701956987731,0.01645040866321732,0.01520497336660557,0.022559371011349083,1.1567077542209132
old-holland-2-4-5,12,binary,0.017253542351243566,0.014567729284567012,0.02859582555982909,0.854986397031703,0.017465974883249434,0.014807851108072293,0.028155459287369955,0.8574143603663895
old-holland-2-4-5,20,pure,1.744766989480207e-17,6.4912233294616e-18,5.551115123125783e-17,0.0,1.744766989480207e-17,6.4912233294616e-18,5.551115123125783e-17,0.0
old-holland-2-4-5,21,binary,0.022926893370815545,0.016228815943159842,0.061176813966470206,2.5639488319123256,0.014227326654623635,0.008062014892205304,0.04314796591655887,1.7324570722799886
old-holland-2-4-5,22,binary,0.025324297939551363,0.020882924644154616,0.06110346535010744,2.5327299343346734,0.009487461067502314,0.007406064160800664,0.025545178274301472,1.2942046793461668
old-holland-2-4-5,23,binary,0.022428300329858583,0.018767331104412765,0.044715787661652295,1.8664671907967152,0.0253070914075241,0.020077177574501576,0.052862462547624944,1.5394681086895519
old-holland-2-4-5,24,binary,0.02780596812870646,0.022210370316184395,0.04843467514695432,1.3456921754203033,0.031540721716146525,0.02801226509174929,0.05195505908706188,1.4137529715520714
old-holland-2-4-5,25,binary,0.04600900221569841,0.04349848271009304,0.0662491104287165,1.6849805429547955,0.047285932288278626,0.045060825795460134,0.06649788355427821,1.7494728456276483
old-holland-2-4-5,27,binary,0.030123815445456614,0.028169748059916493,0.057839703072989634,3.867906466830874,0.011430051457751667,0.009745210987018691,0.02791058887950748,0.9742088353699945
old-holland-2-4-5,28,binary,0.0345213924907035,0.030571780550315595,0.04760338836992334,4.389567182053611,0.01984592528753778,0.01794634712447128,0.029548486094212567,2.648138874020067
old-holland-2-4-5,29,binary,0.03759449548119073,0.029413664368306214,0.06810753878009868,2.3174682906130366,0.03828927818119437,0.027630950723452303,0.07016350509084157,1.8802639364851974
old-holland-2-4-5,30,binary,0.046949529087821185,0.045469123054896164,0.06275317747746689,1.778660134288881,0.048728038501253644,0.04749220462692965,0.06307822878559877,1.8870057438801782
old-holland-2-4-5,31,pure,1.1823080727926778e-17,6.043552755015973e-18,2.7755575615628914e-17,0.0,1.1823080727926778e-17,6.043552755015973e-18,2.7755575615628914e-17,0.0
old-holland-2-4-5,32,binary,0.04007601233108128,0.03827756097054759,0.06629781376442428,5.871477211169359,0.03654646342062235,0.03566453389413105,0.050731616942786495,5.072456199016617
old-holland-2-4-5,33,binary,0.029946990374216408,0.026533885554808487,0.05458388044509305,3.7154001062069844,0.013898080179153552,0.011125239551220058,0.025431451858303922,1.89397744379202
old-holland-2-4-5,34,binary,0.02311741696467914,0.021285774708209575,0.03309831053227422,2.6130461347703964,0.018463316330830846,0.013750842262399591,0.039563018448156684,1.748256869533951
old-holland-2-4-5,35,binary,0.027021088901816294,0.024471229552138797,0.04607962156688927,1.8489705641611618,0.026169800198035446,0.021802293358562944,0.04760525157515638,1.5191306650844245
old-holland-2-4-5,36,binary,0.02875576229564077,0.0234198216683239,0.05971873000093042,2.496691812856808,0.03283151206925088,0.027297699841307567,0.06024110922528003,2.839191760386265
old-holland-2-4-5,37,binary,0.03131570287558245,0.026237101762345342,0.04889828899202542,2.6337375659451974,0.03220805930638215,0.026980421877666565,0.048985387806620206,2.747640265204636
old-holland-2-4-5,92,binary,0.015956303771859585,0.01326607948020096,0.03746207261771123,6.565754567928951,0.01026320738882851,0.008954352239926355,0.021934613502821887,3.865562069131196
old-holland-2-4-5,93,binary,0.014321456878801186,0.010928018162780674,0.02914679130585557,4.390466767650503,0.0137643305569109,0.010021084713071693,0.025784946867016795,3.4843500401235565
old-holland-2-4-5,96,binary,0.024469339863649613,0.01930490719249702,0.0434050879448141,5.312298264218069,0.017087903491399194,0.01287005154143343,0.030621032164295403,3.775431211271205
old-holland-2-4-5,97,binary,0.018271305774672304,0.015598192381304271,0.037669020852900914,1.280808837509594,0.023178211088126736,0.019907512216900968,0.04301039939271456,1.757694005701604
old-holland-2-4-5,142,binary,0.010536627865703111,0.008008381575418918,0.03786276021671309,2.3911920866445007,0.007685511278241341,0.005887692462406959,0.02073373809388171,2.7220007924030942
old-holland-2-4-6,1,pure,7.258340236917172e-17,4.8348422040127785e-17,1.1102230246251565e-16,0.0,7.258340236917172e-17,4.8348422040127785e-17,1.1102230246251565e-16,0.0
old-holland-2-4-6,7,pure,5.470792685114438e-17,3.0217763775079863e-17,1.1102230246251565e-16,0.0,5.470792685114438e-17,3.0217763775079863e-17,1.1102230246251565e-16,0.0
old-holland-2-4-6,8,binary,0.02333919111748717,0.0202412537833936,0.04285501262566693,1.9729241399211845,0.010891532133365765,0.009392966223998303,0.020187615648620733,0.9402903193062829
old-holland-2-4-6,9,binary,0.014053995612087072,0.011349187532130807,0.028841083096994402,1.0496629398404198,0.006720093203535158,0.005624430176306202,0.013357375764655344,0.15209165733176733
old-holland-2-4-6,10,binary,0.010723918316192517,0.009465858889401657,0.019803111243628657,1.0203604163431927,0.006085157607395757,0.005418066010545893,0.011540834564371494,0.4852387790120296
old-holland-2-4-6,11,binary,0.014664601182086156,0.01333141381521299,0.022002681955282433,1.0857102746582779,0.016329544018481627,0.014967778202905846,0.022675384659262277,1.160389015871753
old-holland-2-4-6,12,binary,0.016953835886659968,0.014234027477430867,0.028497308035416946,0.874559848704549,0.01729554478775431,0.014608652300814543,0.028157048129284656,0.8739352765438506
old-holland-2-4-6,20,pure,1.7358422916209957e-17,6.267388042238787e-18,5.551115123125783e-17,0.0,1.7358422916209957e-17,6.267388042238787e-18,5.551115123125783e-17,0.0
old-holland-2-4-6,21,binary,0.024611035092231753,0.01707193177588739,0.06482177555504343,2.6802906802708346,0.0145028126836577,0.009254734738355364,0.04108781873935005,1.8912706327484157
old-holland-2-4-6,22,binary,0.025789972878276564,0.02025294717417992,0.065910649362377,2.6613147339904986,0.009377727707786988,0.0077796113734926115,0.018190994277363426,1.8103376258355923
old-holland-2-4-6,23,binary,0.0238041927581805,0.01993904472830482,0.04861913046472499,1.9251462336097944,0.02583592194851051,0.020358368986281444,0.050514635415229825,1.437579552571045
old-holland-2-4-6,24,binary,0.02827118716116312,0.02241588779088054,0.0538972346696549,1.3366412833798624,0.03172835089570142,0.028008216436058348,0.05239427250114104,1.3579639170709192
old-holland-2-4-6,25,binary,0.04562200953951532,0.04294792874334484,0.07116586283007209,1.590350844870063,0.04692476736405088,0.04458885413449308,0.0708182508956593,1.6761394594966073
old-holland-2-4-6,27,binary,0.030498556396879282,0.027982939449764436,0.0622263315301384,3.9830959588824815,0.009573365750910064,0.008077346286632408,0.022289048870724026,1.067031467051743
old-holland-2-4-6,28,binary,0.03499618645470035,0.03100763047024185,0.051193059664943835,4.525782056406975,0.0189674222349184,0.016927303749771142,0.027428212439093158,2.462733449152859
old-holland-2-4-6,29,binary,0.039583963793276604,0.030474656207205304,0.08774533645216698,2.350638249629842,0.03942769670634282,0.027874258631749547,0.08522065921578648,1.801436025297209
old-holland-2-4-6,30,binary,0.046556781879589434,0.044916875873089145,0.06824469419153523,1.6896108282999964,0.04837484203034507,0.04704207217063859,0.06779606265849847,1.823017084013623
old-holland-2-4-6,38,pure,4.704536392393337e-18,3.2456116647308e-18,1.3877787807814457e-17,0.0,4.704536392393337e-18,3.2456116647308e-18,1.3877787807814457e-17,0.0
old-holland-2-4-6,39,binary,0.008648989115899418,0.006528779456896711,0.01936562924949365,2.1283651537831005,0.00771033678446304,0.006521312541483372,0.015056131272669915,2.2137695297098348
old-holland-2-4-6,40,binary,0.026697878680649816,0.0233696806436864,0.05375266463315179,4.6564294128869195,0.023899332456912847,0.019288541376045815,0.045618403164250754,4.18951574138122
old-holland-2-4-6,41,binary,0.03194595995026269,0.027540757682106388,0.07437269481683262,4.065915529077627,0.01351200601220298,0.010694344352479382,0.026945476337050966,2.64046293464536
old-holland-2-4-6,42,binary,0.031214993778877768,0.027417756514790736,0.049089572304941875,3.229242851774525,0.011944300068909083,0.009173807334949187,0.028415812565033893,1.1563495127070493
old-holland-2-4-6,43,binary,0.021824582447234866,0.019060997006332653,0.03197827826241331,2.9466670062915257,0.014668252904891915,0.010799443143144084,0.034920576714610574,1.9817334899462253
old-holland-2-4-6,44,binary,0.019395865700300982,0.015450503412616095,0.040027840196112385,3.3203389791954527,0.026235290915715716,0.022700739829558923,0.043626747725588944,3.400372275621751
old-holland-2-4-6,45,binary,0.06775108709004232,0.06526651464094617,0.08314840323679096,3.7548293993125177,0.06920876206466471,0.0664875055743646,0.08460770165999931,3.868019754846512
old-holland-2-4-6,92,binary,0.023959694137270855,0.018878374960446385,0.07216582679424288,5.8069105477499,0.010001661996820805,0.008936934749163693,0.02216485597693857,3.5805958445068664
old-holland-2-4-6,93,binary,0.015458625535401272,0.012192270824206536,0.033814014591968866,2.761654022826329,0.012579816493001359,0.00889293687088625,0.03147257761839528,2.2291768240054126
old-holland-2-4-6,100,binary,0.02209520337431629,0.018053456793598772,0.04661988730476957,4.4912314970492835,0.005448382882182651,0.004453973574060999,0.011862264931359279,1.364689783187704
old-holland-2-4-6,101,binary,0.009390066800364059,0.007642133959027123,0.017740941995539605,0.9570815267894084,0.006393300928932196,0.004089263851649712,0.021965191056910194,0.2372888842429304
old-holland-2-4-6,145,binary,0.016042939299513614,0.009757469817423908,0.04781520614589719,4.026289034476857,0.0044757956173197685,0.004170492437538563,0.0069464052809952645,2.91889211666449
old-holland-2-4-6,146,binary,0.04073090595473476,0.028042995998475893,0.1143202308269879,6.683732882781488,0.01878552419209453,0.013355729578956765,0.05008236426186115,3.253026326123886
old-holland-2-4-6,147,binary,0.013986480145770945,0.012881111612617742,0.030401711183770795,4.5952644184006814,0.004584763502551736,0.004444130503577824,0.008134616190881825,1.529818120524474
old-holland-2-4-7,1,pure,7.258340236917172e-17,4.8348422040127785e-17,1.1102230246251565e-16,0.0,7.258340236917172e-17,4.8348422040127785e-17,1.1102230246251565e-16,0.0
old-holland-2-4-7,7,pure,5.379176911490105e-17,2.8427081477297354e-17,1.1102230246251565e-16,0.0,5.379176911490105e-17,2.8427081477297354e-17,1.1102230246251565e-16,0.0
old-holland-2-4-7,8,binary,0.01973901817208008,0.017295657114776763,0.03302253049136916,1.7979549147995726,0.010446803413077039,0.009364987974689161,0.01739286042040339,0.9530046964694698
old-holland-2-4-7,9,binary,0.010895645535328015,0.00962425806645028,0.021301070743956152,0.8454442144410139,0.005735749350892183,0.004742269206363346,0.01112379237278055,0.12090476135871393
old-holland-2-4-7,10,binary,0.009060320975670803,0.00831008906148302,0.015097425145323862,0.8720255945572127,0.005499998917625598,0.004893506317633359,0.009208457073794696,0.42664573872428546
old-holland-2-4-7,11,binary,0.01479697277692564,0.01370261750524748,0.021555717217466352,1.0802231736929786,0.016468244956485637,0.015293226471476675,0.022473477480393245,1.1675677377908613
old-holland-2-4-7,12,binary,0.01723307863087084,0.014525162625596423,0.028689500008752034,0.8670659738017205,0.01745509885248962,0.014783494844429994,0.02822192583216543,0.8672147043203245
old-holland-2-4-7,20,pure,1.7403103615389775e-17,6.4912233294616e-18,5.551115123125783e-17,0.0,1.7403103615389775e-17,6.4912233294616e-18,5.551115123125783e-17,0.0
old-holland-2-4-7,21,binary,0.02296033279441283,0.01580005182870357,0.06138937724285806,2.5746024677384107,0.014170021232903448,0.008417164284292568,0.04211364134851617,1.7439068406863367
old-holland-2-4-7,22,binary,0.024443472380704247,0.020071385337780193,0.061304372282380615,2.542290233190407,0.00900973438929409,0.007455582079848673,0.023026800890002197,1.3657563618918966
old-holland-2-4-7,23,binary,0.02294476709830471,0.01923677229229009,0.04442797326327219,1.8778988003834864,0.025671980982095447,0.020357018607650358,0.05312560793520105,1.524808008457831
old-holland-2-4-7,24,binary,0.028184311258896356,0.022474586583178125,0.048223935726522504,1.3523272401313118,0.03182470988423887,0.028218667204322676,0.05198351818575375,1.4120011266806316
old-holland-2-4-7,25,binary,0.04608282385056272,0.04351772218927174,0.068408650660163,1.6766906946440243,0.04735198537327052,0.045084181709758205,0.06848127336849974,1.7447306113392012
old-holland-2-4-7,27,binary,0.029398848203419602,0.027363410845425217,0.05784089880466342,3.876549243206062,0.010451751900075216,0.009205298948803876,0.025652173028978764,0.9815635156880962
old-holland-2-4-7,28,binary,0.03422626767619337,0.029964810487016033,0.04749374249551616,4.402031764778546,0.01949044694578853,0.017542627226521803,0.028606246471235414,2.6038657380866574
old-holland-2-4-7,29,binary,0.03832700759106469,0.02983276575670533,0.07421898342740207,2.328528390319373,0.038825386806575345,0.027914042976836532,0.07478157585508916,1.8761987597962706
old-holland-2-4-7,30,binary,0.04703701405500953,0.04550627441157782,0.06477487002101379,1.769549093973595,0.04880618522872032,0.047534657278803454,0.06486914159849355,1.8818456512768564
old-holland-2-4-7,46,pure,6.565093171632399e-18,4.3647881008448694e-18,2.0816681711721685e-17,0.0,6.565093171632399e-18,4.3647881008448694e-18,2.0816681711721685e-17,0.0
old-holland-2-4-7,47,binary,0.019428403995320094,0.018552394932450728,0.030053105355690862,3.553067674625197,0.017551438946323522,0.01636186643600575,0.027932154604574044,3.0397699096782724
old-holland-2-4-7,48,binary,0.02522853958250334,0.024084781782457612,0.03820478299168989,4.158841934192542,0.02075884829642263,0.0188843398746134,0.030796006205246612,3.1214135930944855
old-holland-2-4-7,49,binary,0.03600482600838136,0.033295729161595074,0.05706719652199027,4.147356892289134,0.019572070536726657,0.017902446178082957,0.029159065222536695,2.28649034556264
old-holland-2-4-7,50,binary,0.030699392558461245,0.024943868786994696,0.04665308368263818,2.9862064153689607,0.014536248488079502,0.011915128735000615,0.029048304203108444,2.0700770854594897
old-holland-2-4-7,51,binary,0.025556186673345034,0.023340914060321096,0.043123425348316924,2.1938232276512784,0.027975666133286777,0.0238672128948471,0.05034015991020868,2.0619515165760536
old-holland-2-4-7,52,binary,0.02759085026527014,0.024667821396269215,0.045102760396256825,1.550649173455232,0.032268339260907906,0.0309644812248903,0.04903939257112666,1.6050934760664517
old-holland-2-4-7,53,binary,0.046469012625471,0.03980737538996948,0.06737801369454666,2.989111265069931,0.04791994395698165,0.04090262783099082,0.07000092789822254,3.095024679964619
old-holland-2-4-7,92,binary,0.015950885407750314,0.0135075825567496,0.036573809769008175,6.472891650227524,0.010243803398590552,0.008766352748224184,0.02221982496619801,3.803600527847043
old-holland-2-4-7,93,binary,0.01357191869844288,0.010388554763240932,0.028549112506963847,4.051197892644948,0.013122346572569533,0.009526495122160621,0.025087597630950143,3.178166566704669
old-holland-2-4-7,104,binary,0.026860313550437918,0.023399573996345863,0.04714028642769619,5.185455058989987,0.016862532450520083,0.014460467855704389,0.027833920366295145,3.4295498192697527
old-holland-2-4-7,105,binary,0.014396278614128597,0.011020430436144152,0.029243108542186147,1.3942998097917918,0.021395517192539883,0.0161690165485913,0.03769643103959819,1.9570840029087253
old-holland-2-4-7,152,binary,0.018574998729913767,0.011619029940935596,0.06256785259331545,3.9902249414738487,0.005890742381268181,0.003289273520551108,0.02112319552643493,0.5890635413263496
old-holland-2-5-7,1,pure,7.258340236917172e-17,4.8348422040127785e-17,1.1102230246251565e-16,0.0,7.258340236917172e-17,4.8348422040127785e-17,1.1102230246251565e-16,0.0
old-holland-2-5-7,7,pure,5.379176911490105e-17,2.8427081477297354e-17,1.1102230246251565e-16,0.0,5.379176911490105e-17,2.8427081477297354e-17,1.1102230246251565e-16,0.0
old-holland-2-5-7,8,binary,0.01826996483370063,0.01615564179752161,0.030289495030549562,1.7309599332026198,0.010245187506477769,0.00930543873004178,0.016260090491307944,0.9642700772706692
old-holland-2-5-7,9,binary,0.009612664157679997,0.008650485745823708,0.01802908159119143,0.7771472847409746,0.005331005878771184,0.004428293388728478,0.010070192729174032,0.1456832178471973
old-holland-2-5-7,10,binary,0.008436376771005914,0.007637311153094752,0.012971547984698323,0.823262082865688,0.005344710846358775,0.004874783842948542,0.008345770208076142,0.4262941511486493
old-holland-2-5-7,11,binary,0.014993201260070999,0.013974414717894254,0.021781276100060476,1.094172207277199,0.016627823822119386,0.015455796422069075,0.022688902039525227,1.1827170478412046
old-holland-2-5-7,12,binary,0.017312389545119003,0.014605169187335346,0.028661474846739088,0.8686192467336876,0.017502193393264844,0.014825337742325787,0.02820328561663643,0.8697270381204726
old-holland-2-5-7,31,pure,9.491249653201783e-18,4.252870457233463e-18,2.7755575615628914e-17,0.0,9.491249653201783e-18,4.252870457233463e-18,2.7755575615628914e-17,0.0
old-holland-2-5-7,32,binary,0.039828276026597796,0.03802185142058036,0.06535303859616282,5.856032567504386,0.03660226442924124,0.035705727623578994,0.05057839330351238,5.11152446713748
old-holland-2-5-7,33,binary,0.029506224507372104,0.02621502642601057,0.05393856074590547,3.6577479230940817,0.01437509210971233,0.011474011989105769,0.026709421492192215,1.9722500245407288
old-holland-2-5-7,34,binary,0.022448590362306894,0.020868835756416883,0.03219022040362718,2.428416232895208,0.01825059135211085,0.013402473172932371,0.039501599077432226,1.5967901794237642
old-holland-2-5-7,35,binary,0.026617437535326582,0.02382333414675283,0.0460831022393704,1.6729133493861414,0.026085861781931265,0.02147554467633567,0.04765068977799436,1.3842625918050742
old-holland-2-5-7,36,binary,0.02943550338098459,0.024375748312027927,0.05972063757005741,2.437870466839036,0.03339590251263683,0.027961272492765595,0.06025741345396962,2.7895191394383434
old-holland-2-5-7,37,binary,0.032128619968407414,0.02688067977647099,0.04889879349844639,2.7402854604344085,0.03297169772579389,0.0275744166826785,0.04898829698226048,2.8483076404569396
old-holland-2-5-7,46,pure,6.565093171632399e-18,4.3647881008448694e-18,2.0816681711721685e-17,0.0,6.565093171632399e-18,4.3647881008448694e-18,2.0816681711721685e-17,0.0
old-holland-2-5-7,47,binary,0.01934299730783834,0.018455073733957363,0.03003423531572963,3.5071257634084123,0.017610412019561004,0.016423765627007664,0.0281410717943589,3.0483916621471643
old-holland-2-5-7,48,binary,0.025025952431754338,0.023877668879450205,0.03762747431459887,4.079523529464753,0.020895485855157943,0.019053641532057387,0.03138410549852155,3.1478113519499518
old-holland-2-5-7,49,binary,0.03517042122822052,0.03266528729857204,0.0559707425989982,3.9922965061582185,0.019841573554682926,0.018372775559906216,0.029763494700278365,2.2771418053461594
old-holland-2-5-7,50,binary,0.02919646943047992,0.02381231594806262,0.04397513298762795,2.8258125802871783,0.014210783673273686,0.011752503833582558,0.02809555270998365,2.003645015669988
old-holland-2-5-7,51,binary,0.025136119585723343,0.02253758608013233,0.04328922846975458,2.1002764007645354,0.028171004844727034,0.02438903397061297,0.04976484280465543,2.0390655631352606
old-holland-2-5-7,52,binary,0.028526248674077655,0.026157289145830372,0.045777212422007496,1.5288741703840223,0.03315748711914169,0.031992495732571166,0.04990613589459558,1.6289298031426391
old-holland-2-5-7,53,binary,0.04782354454969307,0.04079403810797782,0.06894191625785617,3.142489136161832,0.04916053791986298,0.04180589245792542,0.07136885206028853,3.238842451442066
old-holland-2-5-7,96,binary,0.025590289286092374,0.020451730547153695,0.042233556588580606,5.7861833037234,0.016380446700676402,0.012592033306482578,0.02666782041865076,3.873270760065702
old-holland-2-5-7,97,binary,0.01628553740678639,0.013160017910438204,0.03904151392445976,0.990763178729231,0.02203752044770026,0.0185261222471931,0.04715199271529413,1.4883540126256942
old-holland-2-5-7,104,binary,0.028532549603415308,0.024799427825253576,0.04520465750293856,5.795058848588142,0.016136373310910983,0.013350865734983432,0.027091909615991117,3.232872803929434
old-holland-2-5-7,105,binary,0.011076249784792923,0.008292387939272807,0.02684411469353687,0.7476352370751518,0.019726333674111897,0.014747091847512602,0.03925638542714088,1.598202110567617
old-holland-2-5-7,158,binary,0.0044765856126813604,0.003931860124467743,0.008755099982929941,0.6943027543213959,0.001337403262252036,0.0009104472867125123,0.0032766879294206935,0.1112020019116864
old-holland-2-6-7,1,pure,7.258340236917172e-17,4.8348422040127785e-17,1.1102230246251565e-16,0.0,7.258340236917172e-17,4.8348422040127785e-17,1.1102230246251565e-16,0.0
old-holland-2-6-7,7,pure,5.379176911490105e-17,2.8427081477297354e-17,1.1102230246251565e-16,0.0,5.379176911490105e-17,2.8427081477297354e-17,1.1102230246251565e-16,0.0
old-holland-2-6-7,8,binary,0.021700129577006,0.019042418502152963,0.03790514739844397,1.9092551947044116,0.010544817534759585,0.009292707461844992,0.01945381471471827,0.9553690443133211
old-holland-2-6-7,9,binary,0.012520609431360748,0.010506769225499413,0.02643008235023747,0.9934646576466181,0.006066361797256175,0.005081984871621118,0.0125623498771259,0.17523996319424553
old-holland-2-6-7,10,binary,0.009913161699572598,0.00881173531786632,0.019340739794939776,0.9898885710620546,0.005860847078459137,0.005219018965625553,0.011799398091105417,0.5005561769201772
old-holland-2-6-7,11,binary,0.014979481694626682,0.013728233931158865,0.022568613061285547,1.117719997465185,0.016558001595340117,0.01533025257670641,0.0228728748877971,1.1868330144377002
old-holland-2-6-7,12,binary,0.017072062623555363,0.014339594653774788,0.02858839150711423,0.8861405833589838,0.01737092615160386,0.014673062320035134,0.028205270349981548,0.88498135328246
old-holland-2-6-7,38,pure,4.536462648073233e-18,3.0217763775079866e-18,1.3877787807814457e-17,0.0,4.536462648073233e-18,3.0217763775079866e-18,1.3877787807814457e-17,0.0
old-holland-2-6-7,39,binary,0.008304075260169992,0.006327335195715252,0.016158946202410415,2.1513283037719906,0.0076329203038211346,0.006402837061146453,0.015164588181488248,2.1663570245261226
old-holland-2-6-7,40,binary,0.025882627384465506,0.022727667241264276,0.04891177787085696,4.661622156408005,0.02409663663007961,0.019676466509575326,0.04577248260065289,4.131932849642885
old-holland-2-6-7,41,binary,0.028771599225707403,0.025614309281156874,0.056585393903264614,4.008561809702314,0.014825817552944567,0.012006098212093535,0.032536372326032126,2.534353895031575
old-holland-2-6-7,42,binary,0.02688330500834298,0.0240543013225787,0.03781623787494423,2.9661904527085965,0.01201707784171747,0.00963183363292945,0.02812038042666365,1.2167441722218408
old-holland-2-6-7,43,binary,0.01901585685075635,0.016317148054285607,0.031614595453475114,2.6474258774976636,0.015563367155145167,0.011285922363978504,0.03472579113805574,1.948735492843149
old-holland-2-6-7,44,binary,0.02400015560609794,0.019565973900142846,0.051837918556793094,3.22176187198442,0.02971914972108268,0.025419276787608542,0.05850676765398788,3.4023368585897145
old-holland-2-6-7,45,binary,0.07095948293299145,0.06797490629455658,0.08719693536228734,3.898752887222983,0.07213684110006602,0.06894609771661209,0.0884532940642746,4.006941906214594
old-holland-2-6-7,46,pure,7.022330495795052e-18,4.8124586752904974e-18,2.0816681711721685e-17,0.0,7.022330495795052e-18,4.8124586752904974e-18,2.0816681711721685e-17,0.0
old-holland-2-6-7,47,binary,0.019617635193062654,0.018754606516448603,0.030110275274917386,3.623481133076253,0.017486650051978466,0.016260030427614702,0.027699307045630756,3.029312644236354
old-holland-2-6-7,48,binary,0.025641833191079006,0.024501422061361862,0.03924443765275515,4.2766259840820915,0.02058176997221314,0.01858105894477492,0.03069971696321272,3.0831446453767417
old-holland-2-6-7,49,binary,0.03747314885583443,0.034488327843406996,0.05861697696922907,4.349036519778674,0.01888559785609404,0.016959362263349556,0.029564308505032583,2.245469312357609
old-holland-2-6-7,50,binary,0.0333543964760477,0.026876070399868352,0.05063742028962401,3.1809814871556115,0.014620938591104164,0.012008019480298183,0.03027222471126645,2.1061708931597023
old-holland-2-6-7,51,binary,0.02677541624645103,0.025075804909453967,0.042385250301235744,2.3202098956269084,0.02764349633182499,0.023102624867611058,0.05066816480245273,2.0833907184730105
old-holland-2-6-7,52,binary,0.026401760731065784,0.02265307737685676,0.04387384158903873,1.6136887500058394,0.030842747763837785,0.029082990733065396,0.04802032001304157,1.5965715325220442
old-holland-2-6-7,53,binary,0.04386413037292479,0.03791362562592142,0.06501969335604285,2.7892767356548234,0.045533875555471025,0.03917726174809399,0.06763708449973804,2.9126743515479414
old-holland-2-6-7,100,binary,0.02299411433426005,0.019038826709334017,0.044092104135949495,5.052010178756484,0.004695935962180458,0.0035108557482432163,0.012795871036594159,1.066049995293047
old-holland-2-6-7,101,binary,0.014317959891635137,0.010880884878913354,0.027685948103508773,1.680514442026527,0.007199433744802831,0.004858187440481424,0.023525847312751313,0.4657468872306755
old-holland-2-6-7,104,binary,0.02160953149269761,0.019264020320764626,0.035792300850819664,4.346512873575608,0.02097191844261981,0.017614908984932426,0.04012572281901661,4.024394206906186
old-holland-2-6-7,105,binary,0.025753382532903633,0.01991054190542425,0.04215597426752027,2.251052561153728,0.025446592960344936,0.0194214030692729,0.04246608873168184,2.225365795806411
old-holland-2-6-7,161,binary,0.0012314611934083346,0.0011252855208652977,0.0021359704013942694,0.7440161993648018,0.001061387108294869,0.0008963420434869766,0.001959498526459935,0.5524657737437847
old-holland-2-6-7,162,binary,0.005589979189526762,0.005573103874693952,0.0061679008947428775,2.07393730217191,0.004203937911097517,0.004176943554458956,0.004925906679994648,1.783591204501461
old-holland-2-6-7,163,binary,0.0006076678774828014,0.0005234314447119234,0.0015441175818260086,0.6788740976949627,0.001506214473103076,0.001294805620721174,0.0036936880692017005,0.8387328851069789
old-holland-3-4-5,1,pure,7.258340236917172e-17,4.8348422040127785e-17,1.1102230246251565e-16,0.0,7.258340236917172e-17,4.8348422040127785e-17,1.1102230246251565e-16,0.0
old-holland-3-4-5,13,pure,2.3013707539344673e-17,7.386564478352856e-18,1.1102230246251565e-16,8.828579614359399e-15,2.3013707539344673e-17,7.386564478352856e-18,1.1102230246251565e-16,8.828579614359399e-15
old-holland-3-4-5,14,binary,0.02431035295700146,0.017764258355179384,0.059205775691090035,1.5859315953582052,0.02121222420173657,0.013994110339179877,0.0597631415882896,1.7403821335790968
old-holland-3-4-5,15,binary,0.026744182562630357,0.0245191369584574,0.04621623932679883,1.9484186938988253,0.016601538745924904,0.012457070187411004,0.03858092281650005,1.0405623840420049
old-holland-3-4-5,16,binary,0.03207443754201497,0.02830854569584155,0.05207775845556484,1.742077743258485,0.01713561879322479,0.013579447539727662,0.03306344349018098,0.9875632788750117
old-holland-3-4-5,17,binary,0.03298004392796981,0.026754952845700012,0.05278452771438469,1.4567920183928789,0.02767493636488698,0.022925050016997142,0.04438724977751818,1.3039768154279574
old-holland-3-4-5,18,binary,0.03559456102615767,0.03276105679278489,0.05017860716408207,1.276323159389423,0.035643590040695276,0.03406602145807644,0.05121663746634597,1.3491287094484135
old-holland-3-4-5,19,binary,0.016725759722629963,0.015466145045837822,0.02925678626491579,2.080624296461953,0.016930254855011255,0.015553107504571355,0.029636944827311273,2.1164718572207732
old-holland-3-4-5,20,pure,1.425050480794116e-17,4.588623388067683e-18,5.551115123125783e-17,0.0,1.425050480794116e-17,4.588623388067683e-18,5.551115123125783e-17,0.0
old-holland-3-4-5,21,binary,0.02630829135951344,0.018641449683169765,0.06635453205681316,2.7850591298301066,0.014088848131958917,0.008321916561999725,0.042770379686067644,1.7490835162675966
old-holland-3-4-5,22,binary,0.031195068669623204,0.02506405428767704,0.0661796910564364,2.756567895903532,0.008735152402825998,0.00724263979889977,0.021143883988004097,1.4449886091771984
old-holland-3-4-5,23,binary,0.019451365734790713,0.016985200483895,0.03746139245795854,1.9844726890506452,0.022994678985141362,0.018733249904629292,0.048362579671358485,1.5583451185796484
old-holland-3-4-5,24,binary,0.02509700067979475,0.020562977895082112,0.04310445034949095,1.376227690318346,0.029434813627814176,0.026040684917729522,0.04793786246306875,1.4002121640025194
old-holland-3-4-5,25,binary,0.044433319089545745,0.041991084303822486,0.06468924675880583,1.5483062769201326,0.04586100991978675,0.04369652663380285,0.06513562854786459,1.6216315904777259
old-holland-3-4-5,27,binary,0.03401878946787067,0.032535195109358594,0.06169389606993572,4.041508930463723,0.011315877413490067,0.009463583680124935,0.027256775826404178,0.9267871009649372
old-holland-3-4-5,28,binary,0.03674261498468356,0.03440952833193042,0.051257907996854646,4.595018824827065,0.020244181754742335,0.01843292544320726,0.029769068520986902,2.6687417862057004
old-holland-3-4-5,29,binary,0.03463201529457443,0.027954424939800045,0.0616910040101083,2.4024792694987434,0.035859826276326015,0.02638272109377331,0.06569559641877742,1.9026155957251347
old-holland-3-4-5,30,binary,0.04519939042627488,0.04379012376815331,0.06084294918430688,1.6455702950434585,0.04717739080631397,0.04600027343407679,0.06145484934029177,1.765622043975863
old-holland-3-4-5,31,pure,9.491249653201783e-18,4.252870457233463e-18,2.7755575615628914e-17,0.0,9.491249653201783e-18,4.252870457233463e-18,2.7755575615628914e-17,0.0
old-holland-3-4-5,32,binary,0.04002539947815725,0.03813941454232093,0.06608106915031103,5.9070404118589055,0.03647128095694724,0.03556635887718241,0.050470242043111124,5.105280497790149
old-holland-3-4-5,33,binary,0.030178555024925047,0.026789948849393532,0.05506268346205148,3.753285243401665,0.014201655219601622,0.011339598602623688,0.027484971040101808,1.9509585519380523
old-holland-3-4-5,34,binary,0.022971875743684228,0.0213190231554227,0.031624868411281676,2.484625175926435,0.018341274234540413,0.013437303247815714,0.03997093635738569,1.5882115346744208
old-holland-3-4-5,35,binary,0.026739054373374996,0.0240515177918333,0.04549927230630657,1.7141284929501674,0.025929746491785744,0.02126616554852452,0.047211992918347434,1.3673117683310632
old-holland-3-4-5,36,binary,0.028645924085664444,0.02355152864793844,0.05940037975856827,2.3584617298627233,0.03277558931538242,0.027382770084659957,0.05998659394991335,2.723441651540601
old-holland-3-4-5,37,binary,0.03150796239832694,0.026370572829853733,0.048813996289612915,2.6643799106541857,0.03239707947787583,0.027103993631194728,0.0489116164722837,2.7781667053470795
old-holland-3-4-5,108,binary,0.0721976897228567,0.041816149384413,0.17686497434051135,3.242368342670861,0.009429971046706828,0.0060166924854195775,0.024011845919799102,1.1482273439718669
old-holland-3-4-5,109,binary,0.02201795669464642,0.02139024999307967,0.03326866873047324,5.325990170070027,0.018619045478009664,0.016735009769544288,0.032654047252612395,4.72656368549664
old-holland-3-4-5,112,binary,0.015491243329157835,0.013620148153145151,0.0229078642266332,10.081458439396531,0.004346840308641443,0.0035128587080788523,0.008323657801144281,5.897590845972557
old-holland-3-4-5,113,binary,0.014159095426820997,0.013662261270006288,0.018321866509181724,3.964497951791813,0.009489851956270421,0.009121782179647887,0.015424299116006013,2.6528767107675724
old-holland-3-4-5,142,binary,0.011148461600334158,0.008375013216678382,0.03140655560342276,2.7026546523802892,0.008616325339088187,0.006470196720865966,0.023158057005616656,3.0270333342074554
old-holland-3-4-6,1,pure,7.258340236917172e-17,4.8348422040127785e-17,1.1102230246251565e-16,0.0,7.258340236917172e-17,4.8348422040127785e-17,1.1102230246251565e-16,0.0
old-holland-3-4-6,13,pure,2.3013707539344673e-17,7.386564478352856e-18,1.1102230246251565e-16,8.828579614359399e-15,2.3013707539344673e-17,7.386564478352856e-18,1.1102230246251565e-16,8.828579614359399e-15
old-holland-3-4-6,14,binary,0.02583605050040092,0.018848164236151606,0.05931794038676308,1.594451700384193,0.02083831857420593,0.013349082260582974,0.059439511616538654,1.7266017163610694
old-holland-3-4-6,15,binary,0.02746319986290241,0.02498820871595933,0.04581328178154556,1.9371086484348121,0.01623434892697586,0.012093042644339828,0.039332380259773814,1.029864566868722
old-holland-3-4-6,16,binary,0.032374026466951436,0.02841919274264881,0.0523417714945319,1.72338022687488,0.016658559052989033,0.013321462305376291,0.032220615690092935,0.9335348611679045
old-holland-3-4-6,17,binary,0.033172815500103287,0.02685668985687967,0.05302030780214628,1.4410235079394114,0.027467115082290293,0.022737747125829943,0.04455648581287108,1.265763222750644
old-holland-3-4-6,18,binary,0.03578643189904437,0.03302021671028368,0.05046079269044257,1.2783432739116858,0.03567032420906152,0.03415101879749785,0.05163371455192722,1.350819551279406
old-holland-3-4-6,19,binary,0.01685772790716245,0.015573189990437995,0.029519285296216835,2.1072488703166137,0.01705417437638938,0.0156362376262068,0.029923117127592658,2.1477821120539216
old-holland-3-4-6,20,pure,1.744766989480207e-17,6.4912233294616e-18,5.551115123125783e-17,0.0,1.744766989480207e-17,6.4912233294616e-18,5.551115123125783e-17,0.0
old-holland-3-4-6,21,binary,0.025367337148792753,0.017494487840779165,0.06615019009776679,2.73999698347141,0.014508934941601596,0.009210284333972087,0.04111623340210005,1.8977517868091092
old-holland-3-4-6,22,binary,0.026955818690613174,0.02096928327997524,0.06617592837582734,2.7180921150204096,0.008973524484204807,0.007465756311072792,0.016193704122607455,1.8344378067863152
old-holland-3-4-6,23,binary,0.02313791811341795,0.01962421481735633,0.047516039265726895,1.9930444158137113,0.025355111937402926,0.02024809750781019,0.049274182447643367,1.4771250629006536
old-holland-3-4-6,24,binary,0.027718487916058573,0.022217729304298106,0.053267702757285984,1.3845844202396445,0.03128037021312508,0.02746682445068964,0.05202344380301738,1.377552733546775
old-holland-3-4-6,25,binary,0.045220362277015515,0.04251837081152696,0.07098808981176774,1.551107810175231,0.046548589316076625,0.04418797677231782,0.07070113524814936,1.6340185610878355
old-holland-3-4-6,27,binary,0.031046990728998993,0.02873359221941705,0.061690101197215214,4.029451790993438,0.009297917616844035,0.007905672725435837,0.020151635348760355,1.0776730482080412
old-holland-3-4-6,28,binary,0.035344510293583174,0.03170254110388913,0.05118231396575901,4.59210051122643,0.019076105165538076,0.016988276812918337,0.027341294145419914,2.50380822002466
old-holland-3-4-6,29,binary,0.038945504678747904,0.030251553777888778,0.086817952006918,2.4133664622627866,0.03893218701343145,0.02781069665289316,0.08472512889127137,1.8508738400969913
old-holland-3-4-6,30,binary,0.046108432716269125,0.04444659896799379,0.06801996474102479,1.6473387049153798,0.047960321325833374,0.0466091421072546,0.06764948812599514,1.7778680734529715
old-holland-3-4-6,38,pure,4.704536392393337e-18,3.2456116647308e-18,1.3877787807814457e-17,0.0,4.704536392393337e-18,3.2456116647308e-18,1.3877787807814457e-17,0.0
old-holland-3-4-6,39,binary,0.008759821723410407,0.006576287040673471,0.019976732973881396,2.217714801486507,0.00767570558642373,0.006588780732413951,0.01462256246542079,2.2846400009494254
old-holland-3-4-6,40,binary,0.02720293895019957,0.023958923395496653,0.05500428995691406,4.845406471797907,0.023610863774696823,0.018798041269603556,0.044393171944229315,4.208904766313471
old-holland-3-4-6,41,binary,0.03405264666214014,0.029314585092153192,0.0776975595316321,4.438627871746842,0.01257764619957363,0.009473075493603898,0.026030279660905598,2.6148501872748655
old-holland-3-4-6,42,binary,0.035165181653168565,0.030743376021512565,0.0545097348254619,3.625494558257342,0.012450052860966851,0.00933061175825227,0.030540403054323595,1.085767870568571
old-holland-3-4-6,43,binary,0.026289840298271753,0.022759844548360858,0.03925117160586261,3.2263516660057063,0.015013868687313065,0.011225730228620643,0.036467326350165696,1.9792668821305144
old-holland-3-4-6,44,binary,0.01625378302418758,0.011720966298239164,0.037858290086928315,3.167230688830174,0.023049268958564326,0.019507980260363034,0.041437152083778295,3.2103875956644914
old-holland-3-4-6,45,binary,0.06388823504965638,0.06196643619964195,0.07754940222322348,3.423808474519781,0.06565862193171923,0.063480053561178,0.07942279599862001,3.5588953463362656
old-holland-3-4-6,108,binary,0.07399047404545762,0.04260814018269067,0.18878852260684248,3.265734589778806,0.008201184445292305,0.005516739935924537,0.019444706448307314,1.3189813989365324
old-holland-3-4-6,109,binary,0.02519075066116069,0.023426888129962804,0.05984769419201985,5.316849263080751,0.01728876590957854,0.01549432201598594,0.03228532178172128,4.792013353710866
old-holland-3-4-6,123,binary,0.01897429549116175,0.017944311878033265,0.02489994935220456,7.828788982970187,0.007102812261983267,0.006804059277962232,0.014190962186427188,3.154322499152641
old-holland-3-4-6,124,binary,0.018449945447383334,0.016626362541520893,0.035584403415845234,7.366145672864092,0.014085434960316104,0.011918232113048214,0.03495581593329286,5.9398051097267475
old-holland-3-4-6,125,binary,0.0036784324171230203,0.0031183035128260904,0.007115969652685149,2.6321402526236235,0.0033937178043135906,0.0030378522259019687,0.0057499908515634204,1.678634496905504
old-holland-3-4-6,130,binary,0.018548705549000535,0.016928623077105114,0.024819372424966474,9.678690145003442,0.008268844940372827,0.007495799990555342,0.011527347401511439,5.748411332993813
old-holland-3-4-6,131,binary,0.006439872811308791,0.004800730264312004,0.010320520383817679,3.924762827435164,0.004096882393826519,0.0036948063099201023,0.00773361111345592,1.8422130456412
old-holland-3-4-6,134,binary,0.014348783381149378,0.012792497657403683,0.019963415863437205,7.51295519207938,0.002596863733965505,0.0021076081420463274,0.006986775621695709,2.9672414678639925
old-holland-3-4-6,135,binary,0.008991750826073104,0.007022172770855971,0.013560952420978527,5.4524290368628945,0.0043037415417809316,0.003934148880595666,0.007401991256606195,2.3104958918530185
old-holland-3-4-6,145,binary,0.01608877043711379,0.00973787339005732,0.04857595138819191,3.9358016700720553,0.004208691263284587,0.0039033189396799643,0.006505009513306546,2.7028156572560835
old-holland-3-4-6,146,binary,0.040791441081424976,0.027992481313434413,0.11581325280145933,6.589201570854225,0.019084442196035813,0.013677179263979983,0.05073675326766125,3.2498233663985987
old-holland-3-4-6,147,binary,0.01399334877494028,0.012876372600980452,0.03070427677042418,4.573461636365402,0.004842791063201617,0.004721064844158115,0.00830857414465537,1.6736715701767666
old-holland-3-4-7,1,pure,7.258340236917172e-17,4.8348422040127785e-17,1.1102230246251565e-16,0.0,7.258340236917172e-17,4.8348422040127785e-17,1.1102230246251565e-16,0.0
old-holland-3-4-7,13,pure,2.3013707539344673e-17,7.386564478352856e-18,1.1102230246251565e-16,8.828579614359399e-15,2.3013707539344673e-17,7.386564478352856e-18,1.1102230246251565e-16,8.828579614359399e-15
old-holland-3-4-7,14,binary,0.02636995026833049,0.019185807373043578,0.05831612628945376,1.5594513363258269,0.020244254765920646,0.012787242337741282,0.05852619044787444,1.6982959859549698
old-holland-3-4-7,15,binary,0.02793809008182792,0.025349486969862535,0.04617152592091486,1.9362202974011022,0.016073977140711834,0.012055820101955982,0.03668366292703262,1.0178156993029266
old-holland-3-4-7,16,binary,0.03281957118655835,0.028800975951858904,0.052313356455408466,1.7447927044652871,0.016508115209965393,0.013220226636502672,0.031983825352654316,0.9453895702374049
old-holland-3-4-7,17,binary,0.03346857191369805,0.027150028612551565,0.053006419827006934,1.4717494117800263,0.027418645359107336,0.022713410420115574,0.04542309367446551,1.284670133716426
old-holland-3-4-7,18,binary,0.03582386482199378,0.03295429910778682,0.05055110667098062,1.2843631483552418,0.035589051521692165,0.03402039083106613,0.051737660753134906,1.3508584059406485
old-holland-3-4-7,19,binary,0.016726568132844434,0.015477167487777457,0.029285969855406435,2.067860176338417,0.016911327794989606,0.015528057216491344,0.029697763282380385,2.10969684142927
old-holland-3-4-7,20,pure,1.7358422916209957e-17,6.267388042238787e-18,5.551115123125783e-17,0.0,1.7358422916209957e-17,6.267388042238787e-18,5.551115123125783e-17,0.0
old-holland-3-4-7,21,binary,0.02595656746286328,0.017950991051977703,0.06622378866159478,2.7808789327332217,0.01396147619104102,0.008467460287062705,0.04164234990590654,1.7751794327394377
old-holland-3-4-7,22,binary,0.02947464392604089,0.023724721975193822,0.06611003008699859,2.7523050494583567,0.008321626744334187,0.007090128544931368,0.018663712029600765,1.549752656568231
old-holland-3-4-7,23,binary,0.020319645167087,0.017781463693048095,0.037651074526755424,1.9849908510373107,0.023630969193325115,0.01921748246280177,0.048976897397491226,1.5302816076371115
old-holland-3-4-7,24,binary,0.02584202454254661,0.021069033183331743,0.04324430916153066,1.3769999593804678,0.02997909719382729,0.026476478809338726,0.04830901608883309,1.391112029973515
old-holland-3-4-7,25,binary,0.044677902985787124,0.04215375704442702,0.06763387667556531,1.5491391337211908,0.04607675043487441,0.0438474675304201,0.06784986724901043,1.6257320901454784
old-holland-3-4-7,27,binary,0.03250735640529465,0.031131118273945487,0.06166165019717387,4.039920351767456,0.0102006039376859,0.009002367533480393,0.02298985862779579,0.9747601459852694
old-holland-3-4-7,28,binary,0.03597600379842668,0.03328598609869509,0.05121610505645807,4.5941103084399515,0.019693525003771375,0.017947863536586714,0.028893542805718153,2.6182828667332982
old-holland-3-4-7,29,binary,0.035895780769225324,0.028655377652465806,0.07070436072937625,2.4038854842268322,0.03681686788990017,0.026853998647501202,0.0724006275774437,1.8876778525263316
old-holland-3-4-7,30,binary,0.04547834666345325,0.043992550585657236,0.06380565123505477,1.6460007895822317,0.04741895095284578,0.04618717788976087,0.06408643938404845,1.769205803098426
old-holland-3-4-7,46,pure,6.565093171632399e-18,4.3647881008448694e-18,2.0816681711721685e-17,0.0,6.565093171632399e-18,4.3647881008448694e-18,2.0816681711721685e-17,0.0
old-holland-3-4-7,47,binary,0.01964762999886118,0.018711124298612415,0.03100525796315759,3.6388582513213685,0.017640272718212086,0.016403944620743894,0.028320377451990647,3.0960456796244475
old-holland-3-4-7,48,binary,0.025633576861597347,0.024372271358575944,0.04023831805203876,4.280674468103348,0.020847860732888263,0.01889127070314551,0.032806179997890345,3.177753476641941
old-holland-3-4-7,49,binary,0.03658638177635523,0.033858336304065,0.05882258458656829,4.2120718514001965,0.0192934992098109,0.017690507163152867,0.028875454955020002,2.200032038027125
old-holland-3-4-7,50,binary,0.030985435294039607,0.024989214116173566,0.04899597894212493,2.9331339650882735,0.013920913688281517,0.011425716041472436,0.02806671653173709,1.929007705682155
old-holland-3-4-7,51,binary,0.02512639748551766,0.023222242902631616,0.04052835397327148,2.096742087639804,0.027526884863648585,0.023732504200480998,0.04782986673828937,1.9603589190373092
old-holland-3-4-7,52,binary,0.027005352801815544,0.02411514754558933,0.04268145171590154,1.4769340371661555,0.03182252594341668,0.030659282608559407,0.04719227940813575,1.5485182514954838
old-holland-3-4-7,53,binary,0.0461240488442921,0.03952078591536086,0.06640433117786881,3.0207556959636404,0.047622303668577004,0.040659394822887086,0.06911356243848532,3.1277114858107695
old-holland-3-4-7,108,binary,0.07156968045637081,0.041528677875770297,0.17611523618987263,3.232750182696854,0.009792476583991567,0.0063249767959169916,0.024373849767087064,1.2100979720745206
old-holland-3-4-7,109,binary,0.02114591300278413,0.020497830223281284,0.03284925519389087,5.3284530345997325,0.019801996534224747,0.017440374213001587,0.037347278157735975,4.7816743349958495
old-holland-3-4-7,116,binary,0.010325093732639545,0.009097216914189441,0.015298065623536722,6.492265014095632,0.002562081858891968,0.0021122272383645047,0.004824953859962396,4.329674915107463
old-holland-3-4-7,117,binary,0.019172264847997597,0.018716882979305,0.022326467513360718,5.657361896422697,0.015137416745228054,0.014743611072484841,0.017781025002736078,4.7885020492953005
old-holland-3-4-7,118,binary,0.00526853655715707,0.004660834713211442,0.007677507821454092,4.695029282452528,0.007142560789745076,0.006678752953267249,0.009135568594000703,4.328298329596478
old-holland-3-4-7,138,binary,0.012782790137777451,0.011726472758003257,0.01681314991495743,6.309900699520053,0.0059651473426780635,0.005011770547647952,0.0088389959936909,4.4388908015981015
old-holland-3-4-7,139,binary,0.005575054104821762,0.00472643736997188,0.008700314327602394,5.17727126482185,0.010336824454989652,0.01015540748294286,0.012484945935276326,4.631124608458007
old-holland-3-4-7,152,binary,0.020170091100239294,0.012359489188307544,0.06764160243150483,4.245344268143491,0.006588465758859701,0.003642675099686138,0.02310932530851292,0.7172216936431189
old-holland-3-5-7,1,pure,7.258340236917172e-17,4.8348422040127785e-17,1.1102230246251565e-16,0.0,7.258340236917172e-17,4.8348422040127785e-17,1.1102230246251565e-16,0.0
old-holland-3-5-7,13,pure,2.3148291771671806e-17,7.834235052798484e-18,1.1102230246251565e-16,8.828579614359399e-15,2.3148291771671806e-17,7.834235052798484e-18,1.1102230246251565e-16,8.828579614359399e-15
old-holland-3-5-7,14,binary,0.02185299089664077,0.01553396509184221,0.05779551899166163,1.7559614530365795,0.020452964962535746,0.014683916017771801,0.054212936748104124,1.6785498298586239
old-holland-3-5-7,15,binary,0.023711034002910008,0.021603998663789238,0.04615942963534922,1.9567777254688163,0.0140187570912952,0.010831805905958801,0.03364087539549229,0.9682979624163639
old-holland-3-5-7,16,binary,0.030001456681530075,0.026952848972454282,0.047588823462707985,1.6987663215306275,0.01711774286064803,0.014208150950536408,0.03065609123605051,0.9255590015041545
old-holland-3-5-7,17,binary,0.03185057364192334,0.026053205308617607,0.05071372886158776,1.4207647159046393,0.02790254808871896,0.023029522370706226,0.048244883115838744,1.2570617319809914
old-holland-3-5-7,18,binary,0.03512950361684785,0.032312080372162065,0.05069854455424461,1.263748059849188,0.035592213291245185,0.033934851965244914,0.05265075794830154,1.3428564732114012
old-holland-3-5-7,19,binary,0.016622527605199687,0.015342120446626898,0.02929386246866672,2.0729237724277976,0.016866009258865656,0.015477390158040314,0.029801724886743153,2.1136770760588335
old-holland-3-5-7,31,pure,8.076701741402097e-18,3.3575293083422074e-18,2.7755575615628914e-17,0.0,8.076701741402097e-18,3.3575293083422074e-18,2.7755575615628914e-17,0.0
old-holland-3-5-7,32,binary,0.040233571720235034,0.03824596534346695,0.06689267849864544,5.902953529009712,0.036371551018367414,0.035469304860858065,0.05047709973262696,5.0949948788979045
old-holland-3-5-7,33,binary,0.03069682374658848,0.027250695682248513,0.056895521310075664,3.757140080129785,0.014045232068460037,0.011149017848039743,0.027401278652450817,1.9289110004814776
old-holland-3-5-7,34,binary,0.02319315276921312,0.02147844724292854,0.032322428837597866,2.5346865039811997,0.01834171483405256,0.013325613604418399,0.04019282988846251,1.596559670870557
old-holland-3-5-7,35,binary,0.026773790803031113,0.024194658207859945,0.044509397185746424,1.7629031808029678,0.02580166415023355,0.021085889265291695,0.04691808161432032,1.3937509184251824
old-holland-3-5-7,36,binary,0.028131484130490256,0.02310311419387599,0.05885604828279667,2.3914256294637175,0.03238845641932105,0.027073981768882194,0.05968033172524101,2.750655433532491
old-holland-3-5-7,37,binary,0.031134122216412975,0.026096569215254693,0.04866942343771752,2.647003310365645,0.032056030792801865,0.026858027641929814,0.04880644477323148,2.763737766550354
old-holland-3-5-7,46,pure,6.682336242827358e-18,5.036293962513311e-18,1.3877787807814457e-17,0.0,6.682336242827358e-18,5.036293962513311e-18,1.3877787807814457e-17,0.0
old-holland-3-5-7,47,binary,0.019672403890735334,0.018736920814006228,0.030994693380487853,3.6389951819642303,0.01764533244516028,0.016401430271872283,0.028282749308186944,3.0891379885735106
old-holland-3-5-7,48,binary,0.02567274179410049,0.02442022829060929,0.04023367092796931,4.2812619970393975,0.020842086346686613,0.01887126707567962,0.032685812860508145,3.165273330156732
old-holland-3-5-7,49,binary,0.03666070689012102,0.033967494103504414,0.05817159043104332,4.219454244975073,0.019186134633866953,0.017597481055212482,0.028375725919179196,2.1932262697416767
old-holland-3-5-7,50,binary,0.031150239027788868,0.0250942520355973,0.047844650752064816,2.950601948426275,0.013936036767691208,0.011416686788402743,0.028195333111029064,1.9479434432310532
old-holland-3-5-7,51,binary,0.025254433653821535,0.02336245777565205,0.04054495786677792,2.1175122121013055,0.027577702580683185,0.023675778339615646,0.047955970126965064,1.9798078424302195
old-holland-3-5-7,52,binary,0.026970165640336243,0.023876979239127766,0.042687067650546084,1.4930255295943535,0.03177018981039732,0.030503404366800428,0.04728631748814838,1.5591535622202581
old-holland-3-5-7,53,binary,0.04588733115063085,0.039349407015917964,0.06578087679562505,2.996320520386644,0.047403860384767814,0.04050370704352315,0.06852253733232183,3.105347555360353
old-holland-3-5-7,112,binary,0.015916729484204285,0.014372173430227807,0.02289978113379454,9.461587960336459,0.003862708088422897,0.003217290448327952,0.007242644931032015,5.344948115734117
old-holland-3-5-7,113,binary,0.017610699147858757,0.01661738558710871,0.03184371242571561,3.629823337108112,0.01141231335232939,0.01053176224932479,0.023689737098411212,2.2361707250436047
old-holland-3-5-7,116,binary,0.010616951569464728,0.009775302255277674,0.01529434031699102,6.1764860250427915,0.003377025424998759,0.0030430884059665596,0.004533752394351234,5.114465807337841
old-holland-3-5-7,117,binary,0.023860560686968898,0.023479840487298197,0.03741339338197423,5.2556778207186765,0.01767970007013517,0.0175088888249872,0.024704545999363114,4.459100031808777
old-holland-3-5-7,118,binary,0.005158436543434581,0.00458028332451396,0.007469337710584879,4.654472024923901,0.007817392201625754,0.007244240793702077,0.010652483752673893,4.592251217758386
old-holland-3-5-7,138,binary,0.01400103749163433,0.01362725653067359,0.017585868605847745,5.432948137386997,0.005797696393862789,0.004761763390976063,0.008657337654705659,4.589266292372766
old-holland-3-5-7,139,binary,0.00525964628234294,0.004493122832319359,0.008192047096775304,5.058686760382288,0.011498702005880873,0.011253344032588717,0.013637773834249762,5.174166198586126
old-holland-3-5-7,158,binary,0.004439737589644914,0.003903427980021097,0.008758716834719439,0.696760637792166,0.0014160649061679199,0.0009598251635483443,0.003457658449889378,0.11921928475153179
old-holland-3-6-7,1,pure,7.258340236917172e-17,4.8348422040127785e-17,1.1102230246251565e-16,0.0,7.258340236917172e-17,4.8348422040127785e-17,1.1102230246251565e-16,0.0
old-holland-3-6-7,13,pure,2.3013707539344673e-17,7.386564478352856e-18,1.1102230246251565e-16,8.828579614359399e-15,2.3013707539344673e-17,7.386564478352856e-18,1.1102230246251565e-16,8.828579614359399e-15
old-holland-3-6-7,14,binary,0.02186267572868591,0.015352935314132543,0.05788563818061593,1.7957662981577835,0.02041053146698787,0.014877318143947818,0.053302004071738185,1.6589806155551974
old-holland-3-6-7,15,binary,0.023116216786663944,0.02089589763905391,0.04575585009736141,1.9476847376830921,0.013471457441024829,0.01088208773077635,0.03257955677824906,0.996657431916586
old-holland-3-6-7,16,binary,0.02940819526508689,0.02648085034610282,0.04769483917499351,1.671053920037842,0.017087962724476016,0.014341274119386202,0.03138272600399583,0.9182641864249659
old-holland-3-6-7,17,binary,0.031564148224503846,0.025841572602607703,0.05133022171816504,1.3976401078957812,0.027916599664612542,0.023003259616364867,0.048778031188404514,1.2332579312044827
old-holland-3-6-7,18,binary,0.035151642618405324,0.0324418165830996,0.050980152324687,1.2636624465119353,0.03565943650717046,0.03403463511365882,0.05313753071754457,1.3457873266855476
old-holland-3-6-7,19,binary,0.016734589034917025,0.015422834525934868,0.02955660603273269,2.1002151959170834,0.016986701353839753,0.015561235745461373,0.03008929673768712,2.1433909743974127
old-holland-3-6-7,38,pure,4.86680921932872e-18,3.2456116647308e-18,1.3877787807814457e-17,0.0,4.86680921932872e-18,3.2456116647308e-18,1.3877787807814457e-17,0.0
old-holland-3-6-7,39,binary,0.008463417134068488,0.006382625887077586,0.017144945298597926,2.2269891015394734,0.007581895825935917,0.006490250296167372,0.014640737228545586,2.234532449334498
old-holland-3-6-7,40,binary,0.026593844387566918,0.023567313263379037,0.04923279604194025,4.855846405311201,0.02368242397692266,0.018990639072657717,0.04421382424527143,4.1129169333520235
old-holland-3-6-7,41,binary,0.03187607257411785,0.028159482342097353,0.06262691495903575,4.445218295191998,0.012973648538740095,0.009947282832586104,0.028448994233321784,2.4097023421433987
old-holland-3-6-7,42,binary,0.032659891571706574,0.028837475046590254,0.04645744146029568,3.5970360938072607,0.012586685416463825,0.009860471128284769,0.030669413744875973,1.2044063408714032
old-holland-3-6-7,43,binary,0.024937523552498057,0.02104894805070957,0.03910992903041899,3.1838979362288917,0.016111245380025684,0.012199835375492827,0.03669296948746226,2.081879770585487
old-holland-3-6-7,44,binary,0.019020080451572566,0.013744118088323034,0.04439027426808251,3.129246932443443,0.025266746211157678,0.020834156631392733,0.05397690214101969,3.247353374350635
old-holland-3-6-7,45,binary,0.06536338237897645,0.06321338556384924,0.08307460335938399,3.4258877208657514,0.06698845116035483,0.06459859178315584,0.08444713029429196,3.5648287970360895
old-holland-3-6-7,46,pure,6.565093171632399e-18,4.3647881008448694e-18,2.0816681711721685e-17,0.0,6.565093171632399e-18,4.3647881008448694e-18,2.0816681711721685e-17,0.0
old-holland-3-6-7,47,binary,0.019642707691942884,0.018713197001495922,0.03099631244464479,3.6383798629574104,0.017624941930362528,0.016396041201891816,0.028273211942879267,3.0866741852441493
old-holland-3-6-7,48,binary,0.025622386051491617,0.02437919592020651,0.04022971316781765,4.280899069031851,0.020810762448718448,0.018874992614053274,0.03266580333410654,3.1619852801247617
old-holland-3-6-7,49,binary,0.03659763062228907,0.03389894699539407,0.05720607634506311,4.223346128216529,0.01924296257632025,0.017671793232827082,0.028408388627162273,2.2064013666386244
old-holland-3-6-7,50,binary,0.03115536784897157,0.02511830151217571,0.04721531620647551,2.959201447841884,0.014132684620658167,0.011630677819512972,0.028236215716935353,1.966015714582677
old-holland-3-6-7,51,binary,0.025365398201487827,0.023413275221186594,0.04054241345726495,2.1262370437663947,0.02763216228254965,0.023586858650413847,0.047976379196272845,1.9887403290152097
old-holland-3-6-7,52,binary,0.027056182217023793,0.023873208259865254,0.04269185020253641,1.4986231591937762,0.031786208036425116,0.030441982148368362,0.04730008467189295,1.5621796292666659
old-holland-3-6-7,53,binary,0.04584530660938453,0.03932368658871018,0.06682623592004766,2.9875042184126634,0.047348957412932886,0.04046791445288569,0.0692263234972742,3.095928057899218
old-holland-3-6-7,116,binary,0.01062281857403868,0.009823717033173682,0.015298903963285294,6.105338064653546,0.0033692497506083007,0.003087704751012682,0.004787919939527811,5.068441274505274
old-holland-3-6-7,117,binary,0.02425280538991876,0.02388734019694301,0.03186755563106852,5.216402444203435,0.018221393511577002,0.018021539853611927,0.023820293655965608,4.421166734718843
old-holland-3-6-7,118,binary,0.005152732526693568,0.0045778712211824385,0.007385245647319946,4.64947995533811,0.0077369492979708415,0.007149011235701408,0.010533771038813939,4.584619320737308
old-holland-3-6-7,123,binary,0.019532257107698285,0.018797906119075097,0.024899245005947913,7.538659840672148,0.006281755088837492,0.006011945147256092,0.008895057865984518,3.6201812543894785
old-holland-3-6-7,124,binary,0.017546519278776186,0.016713244127408277,0.02203089468531527,6.119944287052522,0.01193051155174362,0.010779499871563932,0.02369049248675137,4.8987082766093
old-holland-3-6-7,125,binary,0.0036218973211921066,0.003020926600099805,0.007112352317432534,2.599266585016484,0.0038132902228023785,0.0034131058968001186,0.0057456894476084555,1.9813999082197609
old-holland-3-6-7,130,binary,0.019977393777380982,0.019283439933468656,0.02481917018765514,8.455595532417618,0.0085696722785575,0.007880396821916326,0.011477105844347354,5.544114558179882
old-holland-3-6-7,131,binary,0.006483189600811099,0.005081922056197191,0.01031867729811932,3.791428982400868,0.004574027822355865,0.004290850971600478,0.007736443680959874,2.432162790617157
old-holland-3-6-7,134,binary,0.014902611533793587,0.013913878035008355,0.019962978171269,7.022190243115024,0.002359651526908246,0.0020357993264448187,0.003792841432528945,3.6162979251869967
old-holland-3-6-7,135,binary,0.009130094007500884,0.00766984753673051,0.013560133119905091,5.169412827761347,0.0049257442168335296,0.004622726493782186,0.007582594665197371,3.0238990288387844
old-holland-3-6-7,138,binary,0.014046064107873171,0.013775507200389295,0.016813445018218055,5.258251251811861,0.005973098263213936,0.005040226639262603,0.008855073978776745,4.43080297245388
old-holland-3-6-7,139,binary,0.005231733066072313,0.004479469126142389,0.008148060262786895,5.033732422980534,0.011323887431727006,0.011071840761406616,0.013609955152351045,5.137672933634943
old-holland-3-6-7,161,binary,0.001170123357879401,0.0010761018965920444,0.0019910476557910665,0.670369980460252,0.000979683309027323,0.000824554029571197,0.0018415190953823962,0.5111580662922178
old-holland-3-6-7,162,binary,0.005561376415923847,0.005544726929686192,0.00613507272506187,2.0444995025763952,0.004273174937367019,0.004247720376566876,0.0049647709389383995,1.787016711424375
old-holland-3-6-7,163,binary,0.0006153523447145486,0.0005094960568266942,0.0016229881967167459,0.7750650921123433,0.001467440809351949,0.001242136198367004,0.0036255093505461328,0.9129150608624099
old-holland-4-5-7,1,pure,7.258340236917172e-17,4.8348422040127785e-17,1.1102230246251565e-16,0.0,7.258340236917172e-17,4.8348422040127785e-17,1.1102230246251565e-16,0.0
old-holland-4-5-7,20,pure,1.7403103615389775e-17,6.4912233294616e-18,5.551115123125783e-17,0.0,1.7403103615389775e-17,6.4912233294616e-18,5.551115123125783e-17,0.0
old-holland-4-5-7,21,binary,0.023104022794004173,0.015859132977666262,0.06278686213868348,2.6063067462517036,0.01408376832815441,0.00820864007972903,0.04259828397223328,1.7740665744710635
old-holland-4-5-7,22,binary,0.02491694935178133,0.020310866794822382,0.0641307949986866,2.592349593344476,0.009617171839518664,0.00789404940619055,0.024064004804556116,1.4508795147968478
old-holland-4-5-7,23,binary,0.02300884381729759,0.019594694644710833,0.04251502776364802,2.0160131392800342,0.025437727915090386,0.020502070972509667,0.05169220763179716,1.58692782191866
old-holland-4-5-7,24,binary,0.02780705058900656,0.02236999391535348,0.046821717410684194,1.419169717683661,0.03138927284311908,0.027494654703759256,0.05079136544241836,1.429343545338875
old-holland-4-5-7,25,binary,0.045380729384171405,0.042710789533062614,0.06799828941640862,1.569931700327374,0.046681044993049,0.04433152597933012,0.0680632948911537,1.6388004430000074
old-holland-4-5-7,27,binary,0.03008711345720638,0.027834131385796566,0.061194569176536706,3.967192156125381,0.010822043801172734,0.009273012669890869,0.027524315467634675,0.928564500204548
old-holland-4-5-7,28,binary,0.03492421437433704,0.03063347974159734,0.050992201569325574,4.558445363868451,0.019611584197801703,0.017526918728451676,0.030652003902251285,2.668700740499786
old-holland-4-5-7,29,binary,0.03848852846954583,0.030227410143720136,0.07234372342416373,2.443455673001622,0.03877014152010071,0.028030245667665037,0.07285199465617698,1.9356641578515805
old-holland-4-5-7,30,binary,0.04628593805210958,0.04465602874475324,0.06426121506113502,1.66429843297133,0.048100113577437535,0.04675429382014565,0.06434567378824285,1.779750065586431
old-holland-4-5-7,31,pure,7.682475758478438e-18,2.9098587338965798e-18,2.7755575615628914e-17,0.0,7.682475758478438e-18,2.9098587338965798e-18,2.7755575615628914e-17,0.0
old-holland-4-5-7,32,binary,0.03977582453715215,0.03799934917552382,0.06542828172165943,5.900322103370076,0.0365714179965044,0.035660205828892774,0.05132547640774637,5.113088731966453
old-holland-4-5-7,33,binary,0.029697160270219243,0.02625566335695142,0.054049395862497907,3.73317603027041,0.014438064551768378,0.011510505170350245,0.027727181320253258,1.96985457701224
old-holland-4-5-7,34,binary,0.022829384882693572,0.021181439272076358,0.034504748745126324,2.4107260333845724,0.018266201962998344,0.01334383107120036,0.04008373710291846,1.5447442944335552
old-holland-4-5-7,35,binary,0.026727744355859895,0.023894182229551874,0.04767273590790533,1.642287935054031,0.02604559323169673,0.021296391008299147,0.048576128361126125,1.3211233835906466
old-holland-4-5-7,36,binary,0.029178129530872194,0.02407030004174731,0.06058963855372734,2.33035550014107,0.03318900397569315,0.0277671503055179,0.06089925865981616,2.7024142144032464
old-holland-4-5-7,37,binary,0.03193567142356971,0.026694196953954703,0.04912790499626751,2.705096034828588,0.032795362383893245,0.027403056932669898,0.049179702770745126,2.816153558264348
old-holland-4-5-7,46,pure,6.565093171632399e-18,4.3647881008448694e-18,2.0816681711721685e-17,0.0,6.565093171632399e-18,4.3647881008448694e-18,2.0816681711721685e-17,0.0
old-holland-4-5-7,47,binary,0.019647180861998913,0.018692820790002375,0.031047537945252807,3.633145130794114,0.01768612665734779,0.01644470300717923,0.028400104237835233,3.105435155857488
old-holland-4-5-7,48,binary,0.025609438562983894,0.024321970479441405,0.04024111565240651,4.267700240139225,0.020932324491303896,0.018978965081635005,0.03297922529200417,3.1937328786313395
old-holland-4-5-7,49,binary,0.03626039356876594,0.033634634370917585,0.05803653684908652,4.161020742486405,0.019428975025773988,0.017887439609086387,0.029210112227293916,2.191685260700405
old-holland-4-5-7,50,binary,0.03018219919731751,0.024399745629150798,0.04760618796231422,2.853799750102318,0.01370747563239356,0.011287637860283911,0.027832454066020085,1.8855705060691261
old-holland-4-5-7,51,binary,0.02468452926207575,0.022593412416537877,0.040461873045501084,2.030538015137493,0.02757106241026245,0.02401425581861625,0.0476455823405445,1.9339770036196762
old-holland-4-5-7,52,binary,0.0273474792559966,0.024845324378074053,0.04267807069940599,1.4457676805893356,0.0322350614519631,0.03118881768920572,0.04710351355222897,1.5466300679309983
old-holland-4-5-7,53,binary,0.04685094838568715,0.040031886849176274,0.06738099722938495,3.0976470028305316,0.04829707378624716,0.04113351785550794,0.0699872487753419,3.2006699061127497
old-holland-4-5-7,142,binary,0.011688096650878489,0.008306930148321342,0.045969708442523904,2.421030290456793,0.008039072457105735,0.0060930635984576985,0.021588155891394734,2.86924517038835
old-holland-4-5-7,152,binary,0.01884601581987732,0.011682980360945687,0.06527035966385132,4.0203416894506026,0.005856414688601624,0.0032153025177764135,0.02193885293255102,0.5690033425581914
old-holland-4-5-7,158,binary,0.004364217370924488,0.003877149729026163,0.007691888993269974,0.697266398581518,0.0013553588094178247,0.0009200316085087143,0.0034881631165270266,0.1279631529837131
old-holland-4-6-7,1,pure,7.258340236917172e-17,4.8348422040127785e-17,1.1102230246251565e-16,0.0,7.258340236917172e-17,4.8348422040127785e-17,1.1102230246251565e-16,0.0
old-holland-4-6-7,20,pure,1.7358422916209957e-17,6.267388042238787e-18,5.551115123125783e-17,0.0,1.7358422916209957e-17,6.267388042238787e-18,5.551115123125783e-17,0.0
old-holland-4-6-7,21,binary,0.023746905929797335,0.01671335886477084,0.06245979733258733,2.5564059654559577,0.014677559195212667,0.009442323871910187,0.04120647236736791,1.8978292016054776
old-holland-4-6-7,22,binary,0.024216253718785438,0.0191127271449592,0.06400078430307524,2.5550661540675397,0.009966985110534243,0.008243410407541158,0.019865383678450144,1.7740984010797471
old-holland-4-6-7,23,binary,0.026265964773944755,0.02164051664762936,0.053084862064254335,2.025938585912828,0.02736288172088132,0.021582353817891854,0.052582123196835195,1.5188419793086612
old-holland-4-6-7,24,binary,0.029864078227165806,0.023613504588334205,0.05641072367252231,1.4285105228806154,0.03278449354746564,0.028551664324860646,0.05393038056956978,1.4118189461718278
old-holland-4-6-7,25,binary,0.045954879400451266,0.04309257135433397,0.07186534867933592,1.5730117302432847,0.04716895015938983,0.04468297099473884,0.07128477838326086,1.6501865828370548
old-holland-4-6-7,27,binary,0.029983646510532164,0.027076017493544886,0.061153830048556596,3.956315767491804,0.009633130484504695,0.008075474560197983,0.023301306255955834,1.0318426618726992
old-holland-4-6-7,28,binary,0.03499255811133486,0.030252340652580586,0.050937887409578164,4.55601315121026,0.019216223354142747,0.017061749857399996,0.02806107318101997,2.5192303723163603
old-holland-4-6-7,29,binary,0.04184673843891274,0.0319922531646018,0.0914810223495569,2.4553276272490776,0.04102087480695255,0.029008446111232513,0.08733878006001716,1.8917792798069173
old-holland-4-6-7,30,binary,0.046956262972089,0.04513346924436987,0.06913034888097735,1.6663821508614762,0.04866206011287424,0.04719188440890018,0.06838212274023225,1.7911091307319869
old-holland-4-6-7,38,pure,4.536462648073233e-18,3.0217763775079866e-18,1.3877787807814457e-17,0.0,4.536462648073233e-18,3.0217763775079866e-18,1.3877787807814457e-17,0.0
old-holland-4-6-7,39,binary,0.008732375317427758,0.006563013820483236,0.01958705704111703,2.211665410172916,0.0076938291152389504,0.006591532312271886,0.0146835462407503,2.27576000393393
old-holland-4-6-7,40,binary,0.027074281396611506,0.0238432568729399,0.05420578632882993,4.831054530220079,0.02366121884126121,0.018859477655344573,0.0444770611457776,4.200307387997689
old-holland-4-6-7,41,binary,0.03358324045183266,0.029007800669646033,0.07557266544352925,4.405253171194654,0.012689040038459146,0.009546475141173013,0.026079517450219053,2.6029712505029314
old-holland-4-6-7,42,binary,0.03441814132170768,0.030178951965012104,0.05218360868606084,3.5676958828362317,0.012297874755539246,0.009265964611659069,0.030276416183014576,1.0744219141912141
old-holland-4-6-7,43,binary,0.02552971601760614,0.022066761949698557,0.038182275213858224,3.168674620340701,0.014979995623682737,0.011164134347209543,0.03636163303941131,1.9611375694937814
old-holland-4-6-7,44,binary,0.01672218967927147,0.01210621850433092,0.03799455837775245,3.1573370560193337,0.023616561212843362,0.02006085554832637,0.04185926535644213,3.2188865975584635
old-holland-4-6-7,45,binary,0.0644947976178826,0.06249147660736201,0.07818445975914567,3.462364087498467,0.06622319189897696,0.06396357502935836,0.08003228454840217,3.5969808450313474
old-holland-4-6-7,46,pure,7.022330495795052e-18,4.8124586752904974e-18,2.0816681711721685e-17,0.0,7.022330495795052e-18,4.8124586752904974e-18,2.0816681711721685e-17,0.0
old-holland-4-6-7,47,binary,0.019599427027229166,0.018647193206576467,0.031049425114213797,3.632152112867478,0.01767412499704759,0.01645228731076349,0.028382719626641906,3.1008456953162042
old-holland-4-6-7,48,binary,0.025517121952292048,0.02423429679642681,0.04023596463474108,4.266536459643465,0.0209214612679284,0.019017857078863314,0.03291613479122332,3.1872182539494487
old-holland-4-6-7,49,binary,0.03599886618864435,0.03342059942836192,0.05529752319623166,4.160934310006798,0.019580462551287495,0.018066068553117987,0.02911097659397152,2.2122060105894983
old-holland-4-6-7,50,binary,0.029781972297272814,0.024153528127611696,0.044704196644581445,2.8543954609629445,0.013924568664388995,0.011502174043235957,0.02790497862298502,1.9138173242070224
old-holland-4-6-7,51,binary,0.024624267379942014,0.02229668094910045,0.04045890449698164,2.0305242439292,0.027698934797138867,0.024049036405707984,0.04771054705145861,1.9460379102518448
old-holland-4-6-7,52,binary,0.027635936364516923,0.025203953874429735,0.042684295810662465,1.4450384877891764,0.03247458376464991,0.03137545291601467,0.04715006965095647,1.5494150559841189
old-holland-4-6-7,53,binary,0.047157703359707204,0.04025102373194959,0.06921432498595115,3.098667181107524,0.04856333322841603,0.04132187489673959,0.07137255626658134,3.200390991115706
old-holland-4-6-7,145,binary,0.013487489101192882,0.00864041942577869,0.03779381221226636,3.6591216345353015,0.003973082658380482,0.0037019955696989512,0.006290734896641118,2.486669896374098
old-holland-4-6-7,146,binary,0.03545809414416755,0.025624256093035477,0.09397040579915374,6.253725429268268,0.015927962376438315,0.0122422265104597,0.03994599775899928,3.0333200345103153
old-holland-4-6-7,147,binary,0.013262657982525003,0.01245938005923474,0.026482756717990934,4.517404706742911,0.004537944122719493,0.0045046259137231206,0.005924930718757732,1.7462977142139646
old-holland-4-6-7,152,binary,0.013383212950255425,0.009671856769480973,0.03346934824958115,3.8833426831211373,0.005013527395510184,0.003426368095799914,0.012988535753312477,1.2713354467213294
old-holland-4-6-7,161,binary,0.0011701156004389184,0.0010728824070738085,0.0019991675151181075,0.6801195646811318,0.0010204514078104476,0.0008557516922745441,0.0018938849911080205,0.5134458195999255
old-holland-4-6-7,162,binary,0.0055583545747978046,0.005540728205025913,0.006146136467725133,2.048656034578135,0.004233484915801554,0.004206728258392143,0.004935763150383295,1.779623628198985
old-holland-4-6-7,163,binary,0.0006030101641462729,0.0005012077871582063,0.0015900982467328476,0.7576095684815286,0.0014983520793492252,0.0012828373435481225,0.003651215387907275,0.9058784334057682
