pair,t,new_r,new_g,new_b,old_r,old_g,old_b
yellow_blue,0.0,1.0,0.86274510622,0.0,1.0,0.86274510622,0.0
yellow_blue,0.0025,0.965738654137,0.861489892006,0.0241095907986,0.958900749683,0.856015920639,0.0474251508713
yellow_blue,0.005,0.947912633419,0.859400749207,0.0408381856978,0.929935872555,0.850660204887,0.0743287876248
yellow_blue,0.0075,0.934022843838,0.857210814953,0.053914938122,0.906418204308,0.845989048481,0.0921141430736
yellow_blue,0.01,0.922241985798,0.854997932911,0.064241796732,0.886224448681,0.841764807701,0.105676814914
yellow_blue,0.0125,0.911835968494,0.852788627148,0.0729078352451,0.868338227272,0.837866842747,0.116753153503
yellow_blue,0.015,0.902419924736,0.850594162941,0.0804414227605,0.852176189423,0.834222555161,0.126175105572
yellow_blue,0.0175,0.893761813641,0.848420202732,0.0871444121003,0.837366402149,0.830783843994,0.134410619736
yellow_blue,0.02,0.88570857048,0.846269488335,0.0932068750262,0.823653817177,0.827516496182,0.141750529408
yellow_blue,0.0225,0.878152966499,0.844143509865,0.0987579450011,0.810854375362,0.824395179748,0.148388534784
yellow_blue,0.025,0.871016025543,0.842042565346,0.103889577091,0.798830509186,0.821400284767,0.154460683465
yellow_blue,0.0275,0.864237844944,0.839966535568,0.108669809997,0.787475466728,0.818516612053,0.160066246986
yellow_blue,0.03,0.85777169466,0.837915480137,0.11315074563,0.776704967022,0.815731465817,0.165280237794
yellow_blue,0.0325,0.851579785347,0.835888683796,0.117373265326,0.766450822353,0.813034713268,0.170160457492
yellow_blue,0.035,0.845631957054,0.833885490894,0.121369890869,0.756657063961,0.81041765213,0.174752622843
yellow_blue,0.0375,0.83990252018,0.831905543804,0.125167369842,0.747276842594,0.807873010635,0.179093465209
yellow_blue,0.04,0.834370493889,0.82994812727,0.128787577152,0.738270938397,0.80539482832,0.183213114738
yellow_blue,0.0425,0.829017758369,0.82801258564,0.132248997688,0.72960549593,0.80297768116,0.187136411667
yellow_blue,0.045,0.823828935623,0.826098024845,0.135567098856,0.721251666546,0.800616800785,0.190884172916
yellow_blue,0.0475,0.818790555,0.824204266071,0.138755381107,0.713184297085,0.798308074474,0.194474160671
yellow_blue,0.05,0.813890933991,0.822330355644,0.141825154424,0.705381274223,0.796047866344,0.197921425104
yellow_blue,0.0525,0.809119880199,0.820475637913,0.144786551595,0.697823226452,0.793833255768,0.201238766313
yellow_blue,0.055,0.804468274117,0.81863963604,0.147648185492,0.690492928028,0.791660964489,0.204437553883
yellow_blue,0.0575,0.799928069115,0.816821992397,0.150417923927,0.683375179768,0.789528667927,0.207527816296
yellow_blue,0.06,0.795492053032,0.815021812916,0.153102383018,0.676455974579,0.787433803082,0.210518017411
yellow_blue,0.0625,0.791153669357,0.813238739967,0.155707851052,0.669723153114,0.785374581814,0.213415622711
yellow_blue,0.065,0.78690713644,0.81147223711,0.15823969245,0.663165569305,0.783348739147,0.216227769852
yellow_blue,0.0675,0.782747089863,0.809721767902,0.16070266068,0.656772911549,0.781354546547,0.218960344791
yellow_blue,0.07,0.778668761253,0.807986855507,0.163101390004,0.650536119938,0.779390633106,0.221618711948
yellow_blue,0.0725,0.774667680263,0.806267142296,0.165439724922,0.644446730614,0.777455329895,0.224207952619
yellow_blue,0.075,0.770739912987,0.804562330246,0.167721271515,0.638497114182,0.775547206402,0.226732239127
yellow_blue,0.0775,0.766881585121,0.802871525288,0.169949516654,0.632679879665,0.773665249348,0.229195892811
yellow_blue,0.08,0.763089418411,0.801194906235,0.172127306461,0.626988708973,0.771808028221,0.23160225153
yellow_blue,0.0825,0.759360313416,0.799531579018,0.17425750196,0.62141752243,0.769974529743,0.233954787254
yellow_blue,0.085,0.755691230297,0.797881484032,0.17634268105,0.615960776806,0.76816368103,0.236256524921
yellow_blue,0.0875,0.752079367638,0.796244382858,0.178385138512,0.610613226891,0.766374766827,0.238510206342
yellow_blue,0.09,0.748522520065,0.794619679451,0.180387064815,0.605370044708,0.764606654644,0.240718469024
yellow_blue,0.0925,0.745018005371,0.793007075787,0.182350501418,0.600226700306,0.762858510017,0.242883607745
yellow_blue,0.095,0.741563916206,0.791406333447,0.184277325869,0.595179080963,0.76112985611,0.245007768273
yellow_blue,0.0975,0.738157987595,0.789817214012,0.186169177294,0.590223252773,0.759419620037,0.247093111277
yellow_blue,0.1,0.734798431397,0.788239240646,0.188027888536,0.585355401039,0.757727205753,0.249141439795
yellow_blue,0.1025,0.731483340263,0.786672174931,0.189854770899,0.580572247505,0.756051957607,0.25115442276
yellow_blue,0.105,0.72821110487,0.78511595726,0.191651284695,0.575870454311,0.754393398762,0.253133744001
yellow_blue,0.1075,0.724980115891,0.783570051193,0.193418845534,0.571246981621,0.752750754356,0.255080968142
yellow_blue,0.11,0.721788764,0.782034516335,0.195158615708,0.566698908806,0.751123607159,0.256997466087
yellow_blue,0.1125,0.718635857105,0.780508816242,0.19687178731,0.562223553657,0.749511539936,0.258884429932
yellow_blue,0.115,0.715519845486,0.778992891312,0.198559448123,0.557818472385,0.747913718224,0.260743469
yellow_blue,0.1175,0.712439596653,0.777486264706,0.200222626328,0.553481042385,0.746329963207,0.262575358152
yellow_blue,0.12,0.7093937397,0.775989055633,0.201862305403,0.549209058285,0.744759738445,0.264381289482
yellow_blue,0.1225,0.706381320953,0.774500846863,0.203479468823,0.545000374317,0.743202567101,0.26616242528
yellow_blue,0.125,0.703401148319,0.773021519184,0.205074891448,0.540852844715,0.74165815115,0.267919659615
yellow_blue,0.1275,0.700452208519,0.771551012993,0.206649363041,0.53676456213,0.740126132965,0.269653886557
yellow_blue,0.13,0.697533547878,0.770088791847,0.208203777671,0.532733619213,0.7386059165,0.271366000175
yellow_blue,0.1325,0.694644212723,0.768634796143,0.20973880589,0.52875828743,0.737097322941,0.273056745529
yellow_blue,0.135,0.691783308983,0.767188966274,0.211255267262,0.524836838245,0.735599994659,0.274726986885
yellow_blue,0.1375,0.688950002193,0.765751123428,0.212753683329,0.52096760273,0.734113574028,0.276377439499
yellow_blue,0.14,0.68614345789,0.764320909977,0.214234814048,0.517149150372,0.732637763023,0.278008878231
yellow_blue,0.1425,0.683362960815,0.762898504734,0.215699091554,0.51337993145,0.731172382832,0.279621809721
yellow_blue,0.145,0.680607676506,0.761483490467,0.217147216201,0.509658515453,0.729716956615,0.28121688962
yellow_blue,0.1475,0.677877008915,0.760075569153,0.218579739332,0.505983710289,0.72827142477,0.282794892788
yellow_blue,0.15,0.675170123577,0.758674919605,0.219997137785,0.502353966236,0.726835250854,0.284356147051
yellow_blue,0.1525,0.672486424446,0.757281184197,0.221399992704,0.498768270016,0.725408434868,0.285901337862
yellow_blue,0.155,0.66982537508,0.755894362927,0.222788661718,0.495225399733,0.723990559578,0.287430942059
yellow_blue,0.1575,0.667186319828,0.754514217377,0.224163755775,0.491724133492,0.72258156538,0.28894546628
yellow_blue,0.16,0.664568722248,0.753140687942,0.225525587797,0.488263398409,0.721181035042,0.290445357561
yellow_blue,0.1625,0.66197180748,0.75177359581,0.226874634623,0.484842270613,0.719788908958,0.291931092739
yellow_blue,0.165,0.659395337105,0.75041282177,0.228211268783,0.481459528208,0.718404889107,0.293403089046
yellow_blue,0.1675,0.656838655472,0.749058246612,0.22953595221,0.478114366531,0.717028796673,0.29486182332
yellow_blue,0.17,0.654301285744,0.74770963192,0.230848893523,0.474805831909,0.715660452843,0.296307593584
yellow_blue,0.1725,0.651782691479,0.746367335319,0.232150658965,0.471533000469,0.714299619198,0.297740846872
yellow_blue,0.175,0.649282455444,0.745030581951,0.233441412449,0.468295037746,0.712946236134,0.299161940813
yellow_blue,0.1775,0.646800398827,0.743699491024,0.234721630812,0.465091019869,0.711600005627,0.300571203232
yellow_blue,0.18,0.644335508347,0.742374241352,0.23599152267,0.461920171976,0.710260808468,0.301968961954
yellow_blue,0.1825,0.641887784004,0.741054415703,0.237251445651,0.458781838417,0.708928465843,0.30335560441
yellow_blue,0.185,0.639456868172,0.739740014076,0.238501653075,0.455675184727,0.707602798939,0.304731398821
yellow_blue,0.1875,0.637042045593,0.738431036472,0.239742547274,0.452599495649,0.706283688545,0.306096553803
yellow_blue,0.19,0.634643256664,0.737127184868,0.240974217653,0.449554055929,0.704970955849,0.30745151639
yellow_blue,0.1925,0.632260084152,0.735828399658,0.242197111249,0.446538180113,0.703664541244,0.308796495199
yellow_blue,0.195,0.629891932011,0.734534859657,0.24341134727,0.443551272154,0.702364206314,0.310131728649
yellow_blue,0.1975,0.627538740635,0.733246147633,0.244617268443,0.440592646599,0.701069831848,0.311457484961
yellow_blue,0.2,0.625200092792,0.731962203979,0.245814993978,0.437661737204,0.699781358242,0.312774091959
yellow_blue,0.2025,0.622875630856,0.730683267117,0.2470048666,0.434757888317,0.698498487472,0.314081698656
yellow_blue,0.205,0.620565056801,0.729408860207,0.248187109828,0.4318805933,0.697221338749,0.31538054347
yellow_blue,0.2075,0.61826813221,0.72813898325,0.249361857772,0.429029226303,0.695949614048,0.316670894623
yellow_blue,0.21,0.615984499454,0.72687381506,0.250529408455,0.426203370094,0.694683253765,0.317952930927
yellow_blue,0.2125,0.613713920116,0.725612938404,0.251689910889,0.423402458429,0.693422019482,0.319226920605
yellow_blue,0.215,0.611456036568,0.724356412888,0.252843618393,0.420625865459,0.692166030407,0.320493042469
yellow_blue,0.2175,0.609210669994,0.723104298115,0.253990650177,0.417873203754,0.690914988518,0.32175141573
yellow_blue,0.22,0.606977403164,0.721856296063,0.255131214857,0.415143996477,0.689668953419,0.323002368212
yellow_blue,0.2225,0.604756236076,0.720612585545,0.256265491247,0.412437826395,0.688427686691,0.324245989323
yellow_blue,0.225,0.602546751499,0.719372868538,0.257393658161,0.409754097462,0.687191188335,0.325482398272
yellow_blue,0.2275,0.600348770618,0.718137204647,0.258515924215,0.407092541456,0.685959160328,0.326711952686
yellow_blue,0.23,0.598161995411,0.716905355453,0.259632408619,0.404452621937,0.684731781483,0.327934652567
yellow_blue,0.2325,0.595986247063,0.715677499771,0.260743319988,0.401833921671,0.683508872986,0.329150766134
yellow_blue,0.235,0.59382134676,0.714453339577,0.261848658323,0.399236112833,0.682290136814,0.330360472202
yellow_blue,0.2375,0.591667056084,0.71323299408,0.262948811054,0.396658748388,0.681075751782,0.331563740969
yellow_blue,0.24,0.589523136616,0.712016284466,0.264043778181,0.394101500511,0.679865539074,0.332760930061
yellow_blue,0.2425,0.587389230728,0.710803151131,0.265133708715,0.391563951969,0.678659379482,0.333952128887
yellow_blue,0.245,0.585265398026,0.709593713283,0.266218781471,0.389045745134,0.677457213402,0.335137367249
yellow_blue,0.2475,0.583151340485,0.708387613297,0.26729914546,0.386546552181,0.676258981228,0.336316943169
yellow_blue,0.25,0.581046819687,0.707185149193,0.268374860287,0.384066015482,0.675064623356,0.337490916252
yellow_blue,0.2525,0.578951835632,0.705985844135,0.26944616437,0.381603837013,0.673873960972,0.338659375906
yellow_blue,0.255,0.576865851879,0.704789936542,0.270513087511,0.379159539938,0.67268705368,0.339822560549
yellow_blue,0.2575,0.574788987637,0.70359736681,0.271575838327,0.376732945442,0.671503722668,0.34098047018
yellow_blue,0.26,0.572721004486,0.702408015728,0.272634446621,0.374323874712,0.670323967934,0.34213334322
yellow_blue,0.2625,0.570661723614,0.701221764088,0.273689091206,0.371931791306,0.669147729874,0.343281179667
yellow_blue,0.265,0.568610906601,0.700038611889,0.274739831686,0.369556456804,0.667974770069,0.344424128532
yellow_blue,0.2675,0.566568434238,0.698858499527,0.275786906481,0.36719763279,0.666805207729,0.345562458038
yellow_blue,0.27,0.564534246922,0.697681486607,0.276830226183,0.364855021238,0.66563898325,0.346696078777
yellow_blue,0.2725,0.562508046627,0.696507394314,0.277870118618,0.362528294325,0.664475917816,0.347825169563
yellow_blue,0.275,0.56048977375,0.695336222649,0.278906583786,0.360217303038,0.663316071033,0.348949760199
yellow_blue,0.2775,0.558479189873,0.694167852402,0.279939681292,0.357921659946,0.662159323692,0.350070148706
yellow_blue,0.28,0.556476294994,0.693002402782,0.280969530344,0.355641275644,0.661005556583,0.351186305285
yellow_blue,0.2825,0.554480731487,0.691839694977,0.281996309757,0.353375643492,0.659854769707,0.35229831934
yellow_blue,0.285,0.552492618561,0.690679609776,0.283020019531,0.351124733686,0.658706843853,0.353406280279
yellow_blue,0.2875,0.550511538982,0.689522266388,0.284040778875,0.348888248205,0.657561898232,0.354510307312
yellow_blue,0.29,0.548537611961,0.688367664814,0.285058796406,0.346665918827,0.656419634819,0.355610460043
yellow_blue,0.2925,0.546570539474,0.687215507031,0.286073982716,0.344457536936,0.655280232429,0.356706917286
yellow_blue,0.295,0.544610202313,0.686065971851,0.287086516619,0.342262893915,0.654143452644,0.357799738646
yellow_blue,0.2975,0.542656540871,0.684918940067,0.288096547127,0.34008166194,0.653009355068,0.358888924122
yellow_blue,0.3,0.54070943594,0.683774352074,0.289104104042,0.337913841009,0.651877880096,0.359974682331
yellow_blue,0.3025,0.538768827915,0.682632207871,0.290109217167,0.335759043694,0.65074890852,0.361056923866
yellow_blue,0.305,0.536834299564,0.681492447853,0.291111975908,0.333617120981,0.649622499943,0.362135916948
yellow_blue,0.3075,0.534906029701,0.680354893208,0.292112588882,0.331487864256,0.648498415947,0.363211601973
yellow_blue,0.31,0.532983779907,0.679219901562,0.293110996485,0.329371124506,0.647376835346,0.364284217358
yellow_blue,0.3125,0.531067490578,0.678086996078,0.294107377529,0.327266603708,0.646257519722,0.365353673697
yellow_blue,0.315,0.529156982899,0.676956355572,0.295101732016,0.325174182653,0.645140588283,0.366420120001
yellow_blue,0.3175,0.527252197266,0.675827920437,0.296094119549,0.323093682527,0.644025921822,0.367483586073
yellow_blue,0.32,0.525353014469,0.674701690674,0.297084748745,0.321024894714,0.642913520336,0.368544250727
yellow_blue,0.3225,0.523459255695,0.673577487469,0.298073649406,0.318967550993,0.641803205013,0.369602113962
yellow_blue,0.325,0.521570980549,0.672455430031,0.299060732126,0.316921591759,0.640695095062,0.370657205582
yellow_blue,0.3275,0.519687950611,0.671335458756,0.30004632473,0.314886868,0.639589011669,0.371709674597
yellow_blue,0.33,0.517810046673,0.670217454433,0.301030278206,0.312863051891,0.638485014439,0.37275955081
yellow_blue,0.3325,0.515937268734,0.669101476669,0.30201280117,0.310850203037,0.637382924557,0.373806864023
yellow_blue,0.335,0.514069497585,0.667987346649,0.302993923426,0.308847934008,0.636282980442,0.374851703644
yellow_blue,0.3375,0.512206494808,0.666875123978,0.303973674774,0.306856244803,0.635184884071,0.375894248486
yellow_blue,0.34,0.510348320007,0.665764868259,0.304952144623,0.304874837399,0.634088695049,0.376934379339
yellow_blue,0.3425,0.508494853973,0.664656460285,0.305929452181,0.302903681993,0.632994353771,0.377972334623
yellow_blue,0.345,0.506645977497,0.663549780846,0.306905567646,0.300942480564,0.631901800633,0.379008024931
yellow_blue,0.3475,0.504801630974,0.66244494915,0.307880669832,0.298991262913,0.630811154842,0.380041658878
yellow_blue,0.35,0.502961575985,0.661341845989,0.308854699135,0.297049701214,0.629722177982,0.381073147058
yellow_blue,0.3525,0.50112593174,0.660240530968,0.309827804565,0.29511782527,0.628634810448,0.382102608681
yellow_blue,0.355,0.499294519424,0.659140825272,0.310800045729,0.293195307255,0.627549350262,0.38313010335
yellow_blue,0.3575,0.49746721983,0.658042788506,0.311771392822,0.291282206774,0.626465260982,0.38415569067
yellow_blue,0.36,0.495643883944,0.656946361065,0.312742114067,0.289378106594,0.625382900238,0.385179460049
yellow_blue,0.3625,0.49382469058,0.65585154295,0.313712060452,0.28748306632,0.624302208424,0.386201500893
yellow_blue,0.365,0.49200925231,0.65475833416,0.314681380987,0.285596907139,0.623222947121,0.387221813202
yellow_blue,0.3675,0.490197628737,0.653666615486,0.315650105476,0.283719569445,0.622145235538,0.388240367174
yellow_blue,0.37,0.488389790058,0.652576446533,0.316618293524,0.281850844622,0.621069014072,0.389257341623
yellow_blue,0.3725,0.486585497856,0.651487708092,0.317586064339,0.279990524054,0.619994223118,0.390272736549
yellow_blue,0.375,0.484784781933,0.650400519371,0.318553388119,0.278138637543,0.61892080307,0.391286611557
yellow_blue,0.3775,0.482987612486,0.649314641952,0.319520443678,0.276295006275,0.617848813534,0.392299085855
yellow_blue,0.38,0.481193721294,0.64823025465,0.320487111807,0.274459391832,0.616778194904,0.393310129643
yellow_blue,0.3825,0.479403197765,0.647147238255,0.321453601122,0.272631764412,0.615708887577,0.394319802523
yellow_blue,0.385,0.477615922689,0.646065473557,0.322419881821,0.270812004805,0.614640891552,0.395328223705
yellow_blue,0.3875,0.475831717253,0.64498513937,0.323386073113,0.268999963999,0.61357408762,0.396335333586
yellow_blue,0.39,0.474050760269,0.643906056881,0.324352234602,0.26719558239,0.61250859499,0.397341310978
yellow_blue,0.3925,0.472272604704,0.642828226089,0.325318366289,0.265398651361,0.611444234848,0.39834612608
yellow_blue,0.395,0.470497518778,0.641751587391,0.326284497976,0.263609111309,0.610381126404,0.399349838495
yellow_blue,0.3975,0.468725204468,0.640676259994,0.327250748873,0.261826783419,0.609319150448,0.40035250783
yellow_blue,0.4,0.466955780983,0.639602065086,0.328217178583,0.260051727295,0.608258247376,0.401354134083
yellow_blue,0.4025,0.465188980102,0.638529062271,0.329183787108,0.258283466101,0.607198536396,0.402354925871
yellow_blue,0.405,0.463424831629,0.637457132339,0.330150663853,0.256522357464,0.6061398983,0.403354674578
yellow_blue,0.4075,0.461663275957,0.636386454105,0.331117898226,0.254767894745,0.605082273483,0.404353737831
yellow_blue,0.41,0.459904193878,0.635316729546,0.332085430622,0.253020226955,0.604025661945,0.405351907015
yellow_blue,0.4125,0.458147495985,0.634248137474,0.333053410053,0.25127902627,0.602970004082,0.40634933114
yellow_blue,0.415,0.456393182278,0.633180558682,0.334021896124,0.249544367194,0.601915359497,0.407346010208
yellow_blue,0.4175,0.454641193151,0.632113873959,0.334990859032,0.247815996408,0.600861728191,0.408342093229
yellow_blue,0.42,0.45289131999,0.631048381329,0.335960477591,0.246093988419,0.599808931351,0.409337550402
yellow_blue,0.4225,0.451143652201,0.629983723164,0.336930692196,0.244378000498,0.598757088184,0.410332471132
yellow_blue,0.425,0.449398010969,0.628920078278,0.337901562452,0.242668107152,0.597706079483,0.411326825619
yellow_blue,0.4275,0.447654366493,0.627857387066,0.338873147965,0.240964233875,0.596655905247,0.41232073307
yellow_blue,0.43,0.445912748575,0.626795530319,0.339845567942,0.239266052842,0.595606565475,0.413314163685
yellow_blue,0.4325,0.444172948599,0.625734508038,0.340818822384,0.237573668361,0.594558060169,0.414307296276
yellow_blue,0.435,0.442434906959,0.624674379826,0.341792941093,0.235886916518,0.593510270119,0.415300101042
yellow_blue,0.4375,0.440698593855,0.623615026474,0.342768013477,0.234205573797,0.592463314533,0.41629254818
yellow_blue,0.44,0.438963979483,0.622556626797,0.343744128943,0.232529699802,0.591417074203,0.417284816504
yellow_blue,0.4425,0.437230974436,0.621498882771,0.344721287489,0.230859175324,0.590371549129,0.418276876211
yellow_blue,0.445,0.435499429703,0.620441913605,0.345699429512,0.229193836451,0.589326739311,0.419268757105
yellow_blue,0.4475,0.43376943469,0.619385659695,0.346678853035,0.227533578873,0.588282465935,0.420260578394
yellow_blue,0.45,0.432040780783,0.618330180645,0.347659409046,0.225878342986,0.587238907814,0.421252310276
yellow_blue,0.4525,0.430313467979,0.617275357246,0.348641186953,0.224228054285,0.586196064949,0.42224407196
yellow_blue,0.455,0.428587436676,0.616221189499,0.349624335766,0.222582489252,0.585153639317,0.423235863447
yellow_blue,0.4575,0.42686265707,0.615167796612,0.350608795881,0.220941588283,0.58411192894,0.424227654934
yellow_blue,0.46,0.425138920546,0.614114820957,0.351594656706,0.219305336475,0.58307081461,0.425219684839
yellow_blue,0.4625,0.423416316509,0.613062679768,0.352582007647,0.217673629522,0.582030117512,0.426211804152
yellow_blue,0.465,0.421694636345,0.612010955811,0.353570848703,0.216046139598,0.580989956856,0.427204191685
yellow_blue,0.4675,0.419973939657,0.6109598279,0.354561269283,0.214423149824,0.579950451851,0.428196787834
yellow_blue,0.47,0.418254137039,0.609909296036,0.355553239584,0.21280425787,0.578911244869,0.429189741611
yellow_blue,0.4725,0.416535079479,0.608859241009,0.356546968222,0.211189553142,0.577872514725,0.430183023214
yellow_blue,0.475,0.41481679678,0.607809722424,0.357542395592,0.209578588605,0.576834321022,0.431176751852
yellow_blue,0.4775,0.413099229336,0.606760680676,0.358539521694,0.207971721888,0.575796544552,0.432170838118
yellow_blue,0.48,0.411382168531,0.605711936951,0.359538555145,0.206368550658,0.57475912571,0.43316552043
yellow_blue,0.4825,0.409665763378,0.604663848877,0.360539376736,0.204769134522,0.57372200489,0.434160649776
yellow_blue,0.485,0.407949775457,0.603616058826,0.361542195082,0.203173175454,0.572685360908,0.435156434774
yellow_blue,0.4875,0.406234145165,0.602568686008,0.362546980381,0.201580733061,0.57164901495,0.436152845621
yellow_blue,0.49,0.404518991709,0.601521730423,0.363553792238,0.19999165833,0.570613026619,0.437149882317
yellow_blue,0.4925,0.402804017067,0.600475013256,0.364562779665,0.198405906558,0.569577395916,0.43814766407
yellow_blue,0.495,0.401089310646,0.599428772926,0.365573763847,0.196823120117,0.568541944027,0.439146280289
yellow_blue,0.4975,0.399374723434,0.59838283062,0.366587042809,0.195243597031,0.567506790161,0.440145641565
yellow_blue,0.5,0.397660255432,0.597337007523,0.367602586746,0.193666920066,0.566471874714,0.441145896912
yellow_blue,0.5025,0.395945727825,0.596291601658,0.368620306253,0.192092970014,0.565437197685,0.442147046328
yellow_blue,0.505,0.39423123002,0.595246374607,0.369640529156,0.19052182138,0.564402759075,0.443149238825
yellow_blue,0.5075,0.392516553402,0.59420144558,0.370663166046,0.188953280449,0.563368439674,0.444152295589
yellow_blue,0.51,0.390801727772,0.593156635761,0.371688216925,0.187387317419,0.562334358692,0.445156514645
yellow_blue,0.5125,0.389086604118,0.592112123966,0.372715830803,0.185823634267,0.561300516128,0.446161776781
yellow_blue,0.515,0.387371122837,0.591067671776,0.373746007681,0.184262320399,0.56026673317,0.447168260813
yellow_blue,0.5175,0.385655343533,0.590023458004,0.374778866768,0.182702973485,0.55923306942,0.448175936937
yellow_blue,0.52,0.383939027786,0.588979363442,0.375814408064,0.181145891547,0.558199524879,0.449184864759
yellow_blue,0.5225,0.382222205401,0.587935328484,0.376852661371,0.179590597749,0.557166099548,0.450195074081
yellow_blue,0.525,0.380504816771,0.586891412735,0.377893835306,0.178037181497,0.556132733822,0.451206624508
yellow_blue,0.5275,0.378786742687,0.585847556591,0.378937751055,0.176485389471,0.5550994277,0.452219605446
yellow_blue,0.53,0.377067893744,0.584803700447,0.37998470664,0.174935132265,0.554066181183,0.4532340765
yellow_blue,0.5325,0.375348240137,0.583759903908,0.38103467226,0.173386231065,0.553032875061,0.454250067473
yellow_blue,0.535,0.373627662659,0.582716047764,0.382087677717,0.171838745475,0.551999628544,0.455267548561
yellow_blue,0.5375,0.371906161308,0.581672251224,0.383143782616,0.170292392373,0.550966322422,0.45628669858
yellow_blue,0.54,0.370183616877,0.580628335476,0.384203076363,0.168747097254,0.549933135509,0.457307487726
yellow_blue,0.5425,0.368460029364,0.579584360123,0.385265558958,0.167202740908,0.548899829388,0.458329975605
yellow_blue,0.545,0.366735219955,0.578540325165,0.386331439018,0.165659084916,0.547866344452,0.459354251623
yellow_blue,0.5475,0.36500915885,0.577496230602,0.387400627136,0.164116159082,0.546832978725,0.46038043499
yellow_blue,0.55,0.363281816244,0.576452076435,0.388473302126,0.162573620677,0.545799314976,0.461408406496
yellow_blue,0.5525,0.36155295372,0.575407624245,0.389549434185,0.161031499505,0.544765710831,0.462438344955
yellow_blue,0.555,0.359822690487,0.574363172054,0.390629142523,0.159489497542,0.543731987476,0.463470250368
yellow_blue,0.5575,0.358090817928,0.573318600655,0.391712337732,0.157947540283,0.542698025703,0.464504241943
yellow_blue,0.56,0.356357395649,0.572273612022,0.392799437046,0.156405463815,0.541663885117,0.465540379286
yellow_blue,0.5625,0.354622215033,0.571228444576,0.393890202045,0.154863208532,0.540629684925,0.466578602791
yellow_blue,0.565,0.352885186672,0.570183098316,0.394984811544,0.153320446611,0.539595246315,0.467619121075
yellow_blue,0.5675,0.351146370172,0.569137394428,0.396083265543,0.151777088642,0.538560569286,0.468661904335
yellow_blue,0.57,0.349405497312,0.568091392517,0.397185742855,0.150232985616,0.537525653839,0.469706982374
yellow_blue,0.5725,0.347662657499,0.567045092583,0.398292243481,0.148688003421,0.536490619183,0.470754534006
yellow_blue,0.575,0.345917642117,0.56599855423,0.399402886629,0.14714178443,0.535455226898,0.471804499626
yellow_blue,0.5775,0.344170451164,0.564951658249,0.400517612696,0.145594254136,0.534419596195,0.472856968641
yellow_blue,0.58,0.342420995235,0.563904166222,0.401636719704,0.144045248628,0.533383727074,0.473912119865
yellow_blue,0.5825,0.340669065714,0.56285649538,0.402760058641,0.142494514584,0.532347500324,0.474969834089
yellow_blue,0.585,0.338914722204,0.561808347702,0.403887778521,0.14094209671,0.531310975552,0.476030379534
yellow_blue,0.5875,0.337157785893,0.560759782791,0.405020028353,0.139387354255,0.530274093151,0.477093577385
yellow_blue,0.59,0.335398226976,0.559710741043,0.40615683794,0.13783031702,0.529236972332,0.478159725666
yellow_blue,0.5925,0.333635926247,0.558661162853,0.407298266888,0.136270925403,0.528199315071,0.479228705168
yellow_blue,0.595,0.331870675087,0.557611048222,0.408444404602,0.134708553553,0.527161359787,0.480300784111
yellow_blue,0.5975,0.330102622509,0.556560516357,0.409595370293,0.133143261075,0.526123046875,0.481375843287
yellow_blue,0.6,0.328331500292,0.555509328842,0.410751104355,0.131574705243,0.525084376335,0.482454031706
yellow_blue,0.6025,0.326557248831,0.55445754528,0.411911934614,0.130002722144,0.524045169353,0.483535349369
yellow_blue,0.605,0.324779689312,0.553405344486,0.413077652454,0.128426715732,0.523005545139,0.484620004892
yellow_blue,0.6075,0.322998970747,0.552352368832,0.414248615503,0.126846924424,0.521965563297,0.485707968473
yellow_blue,0.61,0.321214735508,0.551298797131,0.415424734354,0.125262901187,0.520925045013,0.486799389124
yellow_blue,0.6125,0.319426894188,0.550244510174,0.416606098413,0.123674049973,0.519883930683,0.487894266844
yellow_blue,0.615,0.317635506392,0.549189507961,0.4177929461,0.122080586851,0.518842458725,0.488992720842
yellow_blue,0.6175,0.3158403337,0.548133909702,0.418985188007,0.120481856167,0.51780039072,0.490094810724
yellow_blue,0.62,0.314041316509,0.547077357769,0.420183032751,0.118877410889,0.516757845879,0.491200596094
yellow_blue,0.6225,0.312238305807,0.546020269394,0.421386450529,0.117267109454,0.51571470499,0.492310225964
yellow_blue,0.625,0.310431212187,0.544962227344,0.42259567976,0.115650676191,0.51467102766,0.493423700333
yellow_blue,0.6275,0.308620005846,0.543903470039,0.423810720444,0.114027388394,0.513626694679,0.494541108608
yellow_blue,0.63,0.306804329157,0.54284375906,0.425031751394,0.112397171557,0.512581884861,0.495662689209
yellow_blue,0.6325,0.304984271526,0.54178327322,0.426258772612,0.110759735107,0.511536419392,0.496788293123
yellow_blue,0.635,0.303159713745,0.540721774101,0.427491933107,0.109114430845,0.51049041748,0.49791815877
yellow_blue,0.6375,0.301330387592,0.539659559727,0.428731381893,0.10746075958,0.509443640709,0.49905231595
yellow_blue,0.64,0.299496293068,0.538596212864,0.429977059364,0.105798363686,0.508396267891,0.500190913677
yellow_blue,0.6425,0.297657191753,0.537531971932,0.431229293346,0.104126781225,0.507348239422,0.50133395195
yellow_blue,0.645,0.295813024044,0.536466658115,0.432488083839,0.10244513303,0.506299376488,0.502481579781
yellow_blue,0.6475,0.293963730335,0.535400390625,0.433753430843,0.100753434002,0.505249977112,0.503633916378
yellow_blue,0.65,0.292108982801,0.534332990646,0.435025632381,0.0990506485105,0.504199743271,0.504790961742
yellow_blue,0.6525,0.29024875164,0.533264577389,0.436304688454,0.097336538136,0.503148794174,0.505952954292
yellow_blue,0.655,0.288382947445,0.532195031643,0.437590748072,0.0956102386117,0.502097129822,0.507119894028
yellow_blue,0.6575,0.286511212587,0.531124293804,0.438883960247,0.0938709229231,0.501044750214,0.508291900158
yellow_blue,0.66,0.28463357687,0.530052423477,0.440184384584,0.0921183302999,0.499991416931,0.509469091892
yellow_blue,0.6625,0.282749831676,0.528979361057,0.441492170095,0.0903512910008,0.498937398195,0.51065158844
yellow_blue,0.665,0.280859857798,0.52790504694,0.442807346582,0.0885690003633,0.49788248539,0.511839449406
yellow_blue,0.6675,0.278963416815,0.526829481125,0.444130212069,0.0867707356811,0.496826767921,0.513032793999
yellow_blue,0.67,0.277060419321,0.525752663612,0.445460796356,0.0849556922913,0.495770215988,0.514231801033
yellow_blue,0.6725,0.275150626898,0.524674475193,0.446799248457,0.083122484386,0.494712769985,0.515436530113
yellow_blue,0.675,0.273233950138,0.523594915867,0.44814568758,0.0812702029944,0.493654549122,0.516647100449
yellow_blue,0.6775,0.271310061216,0.522514045238,0.449500203133,0.079398162663,0.492595255375,0.517863631248
yellow_blue,0.68,0.269378870726,0.521431684494,0.450863003731,0.0775043144822,0.491534978151,0.519086241722
yellow_blue,0.6825,0.26744017005,0.520347952843,0.452234178782,0.0755879580975,0.490473866463,0.520315051079
yellow_blue,0.685,0.265493780374,0.519262671471,0.453613966703,0.0736472383142,0.489411890507,0.521550238133
yellow_blue,0.6875,0.263539493084,0.518175899983,0.455002486706,0.0716808140278,0.488348782062,0.522791802883
yellow_blue,0.69,0.261577129364,0.517087578773,0.456399768591,0.0696872323751,0.487284690142,0.524040102959
yellow_blue,0.6925,0.259606361389,0.515997588634,0.457805991173,0.0676639229059,0.486219644547,0.525295078754
yellow_blue,0.695,0.257627099752,0.514906048775,0.459221482277,0.065609626472,0.485153526068,0.526556909084
yellow_blue,0.6975,0.255639046431,0.51381278038,0.460646182299,0.0635218471289,0.484086364508,0.527825713158
yellow_blue,0.7,0.253641992807,0.512717843056,0.462080419064,0.0613977536559,0.483018189669,0.529101729393
yellow_blue,0.7025,0.251635700464,0.511621177197,0.463524281979,0.0592350326479,0.481948852539,0.530385077
yellow_blue,0.705,0.249619886279,0.510522782803,0.464977920055,0.057030890137,0.480878412724,0.531675875187
yellow_blue,0.7075,0.247594326734,0.509422540665,0.46644154191,0.0547811053693,0.47980672121,0.532974302769
yellow_blue,0.71,0.245558768511,0.508320391178,0.467915356159,0.0524832829833,0.478734016418,0.534280478954
yellow_blue,0.7125,0.243512898684,0.507216334343,0.469399482012,0.0501321554184,0.477660089731,0.535594582558
yellow_blue,0.715,0.241456449032,0.506110429764,0.470894098282,0.0477229431272,0.476585030556,0.536916792393
yellow_blue,0.7175,0.239389181137,0.505002439022,0.472399532795,0.0452508181334,0.475508719683,0.538247287273
yellow_blue,0.72,0.237310677767,0.503892481327,0.473915845156,0.0427084863186,0.474431067705,0.539586186409
yellow_blue,0.7225,0.235220685601,0.502780437469,0.475443184376,0.0400849245489,0.473352253437,0.540933728218
yellow_blue,0.725,0.233118996024,0.501666247845,0.476981788874,0.0374034643173,0.472272187471,0.542290091515
yellow_blue,0.7275,0.2310051471,0.500549972057,0.478532016277,0.0347408726811,0.471190780401,0.543655395508
yellow_blue,0.73,0.228878766298,0.499431431293,0.480093896389,0.0320969521999,0.47010794282,0.545029938221
yellow_blue,0.7325,0.226739540696,0.498310685158,0.481667667627,0.0294708441943,0.469023883343,0.546413779259
yellow_blue,0.735,0.224587187171,0.497187554836,0.483253628015,0.0268629267812,0.46793833375,0.547807216644
yellow_blue,0.7375,0.222421139479,0.496062129736,0.484852015972,0.0242725294083,0.466851502657,0.549210548401
yellow_blue,0.74,0.220241189003,0.494934231043,0.486462980509,0.0216992683709,0.465763151646,0.550623774528
yellow_blue,0.7425,0.218046724796,0.493803918362,0.488086879253,0.0191434286535,0.464673340321,0.552047252655
yellow_blue,0.745,0.215837433934,0.492671042681,0.489723801613,0.0166037604213,0.463582098484,0.553481161594
yellow_blue,0.7475,0.213612824678,0.491535663605,0.491374105215,0.0140803623944,0.462489336729,0.554925739765
yellow_blue,0.75,0.211372375488,0.49039760232,0.493038058281,0.0115737132728,0.461394965649,0.556381165981
yellow_blue,0.7525,0.209115713835,0.489256829023,0.494715839624,0.00908207986504,0.460299104452,0.557847857475
yellow_blue,0.755,0.206842169166,0.488113343716,0.496407806873,0.00660623423755,0.459201663732,0.559325873852
yellow_blue,0.7575,0.204551324248,0.486967086792,0.498114228249,0.00414540525526,0.458102583885,0.560815572739
yellow_blue,0.76,0.202242583036,0.485817879438,0.499835252762,0.00169968931004,0.457001775503,0.56231713295
yellow_blue,0.7625,0.199915319681,0.484665751457,0.50157135725,0.0,0.455885231495,0.563783168793
yellow_blue,0.765,0.197568967938,0.483510643244,0.503322839737,0.0,0.454734772444,0.565148234367
yellow_blue,0.7675,0.195202797651,0.482352435589,0.505089879036,0.0,0.453583389521,0.566521942616
yellow_blue,0.77,0.192816197872,0.481191128492,0.506872832775,0.0,0.452430993319,0.567904472351
yellow_blue,0.7725,0.190408349037,0.480026483536,0.508672177792,0.0,0.451277494431,0.569296240807
yellow_blue,0.775,0.187978684902,0.478858649731,0.510488092899,0.0,0.450123161078,0.570697367191
yellow_blue,0.7775,0.185526296496,0.477687388659,0.512320935726,0.0,0.448967635632,0.572108209133
yellow_blue,0.78,0.183050334454,0.476512730122,0.5141710639,0.0,0.447811096907,0.57352912426
yellow_blue,0.7825,0.180549815297,0.475334465504,0.516039013863,0.0,0.446653306484,0.574960529804
yellow_blue,0.785,0.178024068475,0.474152684212,0.517924964428,0.0,0.445494562388,0.576402485371
yellow_blue,0.7875,0.175471901894,0.472967147827,0.519829332828,0.0,0.444334447384,0.577855587006
yellow_blue,0.79,0.172892376781,0.471777766943,0.521752536297,0.0,0.443173259497,0.579320013523
yellow_blue,0.7925,0.170284181833,0.470584601164,0.523695111275,0.0,0.442010760307,0.580796182156
yellow_blue,0.795,0.167646363378,0.469387352467,0.525657296181,0.0,0.440846979618,0.582284510136
yellow_blue,0.7975,0.164977610111,0.468186110258,0.527639746666,0.0,0.439682036638,0.5837854743
yellow_blue,0.8,0.162276446819,0.466980576515,0.529642701149,0.0,0.438515633345,0.58529907465
yellow_blue,0.8025,0.1595415622,0.465770810842,0.531666755676,0.0,0.437347888947,0.586826145649
yellow_blue,0.805,0.156771376729,0.464556753635,0.533712506294,0.0,0.436178743839,0.588366985321
yellow_blue,0.8075,0.153964191675,0.463338106871,0.535780131817,0.0,0.435008078814,0.589922010899
yellow_blue,0.81,0.151118382812,0.462114751339,0.537870526314,0.0,0.433835923672,0.591491699219
yellow_blue,0.8125,0.148231908679,0.460886776447,0.539983987808,0.0,0.432662308216,0.593076527119
yellow_blue,0.815,0.145302698016,0.459653794766,0.542121112347,0.0,0.431487083435,0.594676911831
yellow_blue,0.8175,0.14232853055,0.458415895701,0.54428255558,0.0,0.430310100317,0.596293449402
yellow_blue,0.82,0.139307051897,0.457172870636,0.546468913555,0.0,0.429131567478,0.597926616669
yellow_blue,0.8225,0.136235564947,0.455924481153,0.548680722713,0.0,0.427951306105,0.599577009678
yellow_blue,0.825,0.133111134172,0.454670757055,0.550918698311,0.0,0.42676922679,0.601245105267
yellow_blue,0.8275,0.129930585623,0.453411370516,0.553183436394,0.0,0.425585359335,0.602931797504
yellow_blue,0.83,0.12669070065,0.452146291733,0.555475711822,0.0,0.424399584532,0.604637384415
yellow_blue,0.8325,0.12338732183,0.45087531209,0.557796120644,0.0,0.423211812973,0.606362521648
yellow_blue,0.835,0.120016351342,0.449598193169,0.560145556927,0.0,0.422022104263,0.608108103275
yellow_blue,0.8375,0.116573177278,0.448314845562,0.562524735928,0.0,0.420830249786,0.609874665737
yellow_blue,0.84,0.113052308559,0.447025060654,0.564934313297,0.0,0.419636338949,0.61166292429
yellow_blue,0.8425,0.109447985888,0.44572854042,0.567375421524,0.0,0.418440043926,0.613473713398
yellow_blue,0.845,0.105753444135,0.44442525506,0.569848716259,0.0,0.417241573334,0.615307986736
yellow_blue,0.8475,0.101961120963,0.443114876747,0.572355270386,0.0,0.416040658951,0.617166280747
yellow_blue,0.85,0.098062209785,0.44179725647,0.574895858765,0.0,0.414837270975,0.619049668312
yellow_blue,0.8525,0.094046883285,0.440472066402,0.577471554279,0.0,0.41363132,0.620959043503
yellow_blue,0.855,0.0899032428861,0.439139097929,0.580083429813,0.0,0.412422567606,0.622895359993
yellow_blue,0.8575,0.0856177285314,0.437798142433,0.582732498646,0.0,0.411211162806,0.624859571457
yellow_blue,0.86,0.0811738222837,0.436448842287,0.585419893265,0.0,0.409996777773,0.626852989197
yellow_blue,0.8625,0.0765523985028,0.435091048479,0.588146805763,0.0,0.408779472113,0.628876447678
yellow_blue,0.865,0.0717293769121,0.43372425437,0.590914547443,1.79301019536e-16,0.407558977604,0.630931138992
yellow_blue,0.8675,0.0666751116514,0.432348310947,0.593724250793,0.0,0.406335175037,0.633018493652
yellow_blue,0.87,0.0613526925445,0.430962771177,0.596577465534,0.0,0.405107796192,0.635139763355
yellow_blue,0.8725,0.0557138212025,0.429567366838,0.599475502968,0.0,0.403877079487,0.637296259403
yellow_blue,0.875,0.0496946834028,0.428161710501,0.60241985321,0.0,0.402642428875,0.639489412308
yellow_blue,0.8775,0.0432071276009,0.426745414734,0.605412125588,0.0,0.401403844357,0.641721069813
yellow_blue,0.88,0.036188904196,0.425318032503,0.608453989029,0.0,0.400160968304,0.643992483616
yellow_blue,0.8825,0.0291331000626,0.423879086971,0.61154717207,0.0,0.398913830519,0.646305501461
yellow_blue,0.885,0.0221457630396,0.422428250313,0.614693462849,0.0,0.397662013769,0.648662209511
yellow_blue,0.8875,0.0152282593772,0.420964837074,0.617894887924,0.0,0.396405309439,0.651064276695
yellow_blue,0.89,0.00838324613869,0.419488459825,0.621153473854,0.0,0.395143449307,0.653513908386
yellow_blue,0.8925,0.00161251588725,0.417998582125,0.624471366406,0.0,0.393876165152,0.656013250351
yellow_blue,0.895,0.0,0.4164288342,0.627301633358,0.0,0.392603129148,0.658564925194
yellow_blue,0.8975,0.0,0.414828598499,0.630009829998,0.0,0.391323775053,0.661171019077
yellow_blue,0.9,0.0,0.413218766451,0.632770419121,0.0,0.390038043261,0.663834631443
yellow_blue,0.9025,0.0,0.411598861218,0.635586559773,0.0,0.388745307922,0.666558563709
yellow_blue,0.905,0.0,0.409968227148,0.638461649418,0.0,0.387445181608,0.669345796108
yellow_blue,0.9075,0.0,0.408326357603,0.641399264336,0.0,0.386137008667,0.672199845314
yellow_blue,0.91,0.0,0.406672477722,0.644403040409,0.0,0.38482055068,0.675124108791
yellow_blue,0.9125,0.0,0.405005902052,0.647477269173,0.0,0.383494734764,0.678122580051
yellow_blue,0.915,0.0,0.403325796127,0.650626420975,0.0,0.382159173489,0.681199371815
yellow_blue,0.9175,0.0,0.401631385088,0.653855085373,0.0,0.380813091993,0.684359133244
yellow_blue,0.92,0.0,0.399921536446,0.657168507576,0.0,0.379455476999,0.687606692314
yellow_blue,0.9225,0.0,0.398195356131,0.660572528839,0.0,0.378085672855,0.690947532654
yellow_blue,0.925,0.0,0.396451592445,0.664073050022,0.0,0.376702487469,0.694387376308
yellow_blue,0.9275,0.0,0.39468896389,0.66767680645,0.0,0.37530452013,0.69793254137
yellow_blue,0.93,0.0,0.392906010151,0.671391189098,0.0,0.373890817165,0.701590120792
yellow_blue,0.9325,0.0,0.3911010921,0.675223946571,0.0,0.372459799051,0.705367863178
yellow_blue,0.935,0.0,0.38927257061,0.67918407917,0.0,0.371009677649,0.709273993969
yellow_blue,0.9375,0.0,0.387418299913,0.683281362057,0.0,0.369538635015,0.713318049908
yellow_blue,0.94,0.0,0.385536074638,0.687526345253,0.0,0.368044435978,0.717510461807
yellow_blue,0.9425,0.0,0.383623242378,0.691931247711,0.0,0.366524845362,0.721862673759
yellow_blue,0.945,0.0,0.38167694211,0.696509182453,0.0,0.364976912737,0.726387917995
yellow_blue,0.9475,0.0,0.379693835974,0.701275527477,0.0,0.363397449255,0.73110049963
yellow_blue,0.95,0.0,0.37767007947,0.706246972084,0.0,0.361782461405,0.736016988754
yellow_blue,0.9525,0.0,0.375601142645,0.711442947388,0.0,0.360127955675,0.741156220436
yellow_blue,0.955,0.0,0.373481959104,0.716885447502,0.0,0.358428359032,0.746539533138
yellow_blue,0.9575,0.0,0.371306329966,0.722599506378,0.0,0.356677681208,0.752191364765
yellow_blue,0.96,0.0,0.369067162275,0.72861468792,0.0,0.35486894846,0.758140742779
yellow_blue,0.9625,0.0,0.36675581336,0.734964966774,0.0,0.352993071079,0.764420568943
yellow_blue,0.965,0.0,0.364361912012,0.741691052914,0.0,0.351039499044,0.771070361137
yellow_blue,0.9675,0.0,0.361872732639,0.748840689659,0.0,0.348995119333,0.778137326241
yellow_blue,0.97,0.0,0.35927259922,0.756472408772,0.0,0.346843838692,0.78567802906
yellow_blue,0.9725,0.0,0.356541961432,0.764656484127,0.0,0.34456500411,0.793761372566
yellow_blue,0.975,0.0,0.353655606508,0.77348190546,0.0,0.342132121324,0.802473783493
yellow_blue,0.9775,0.0,0.350580751896,0.783060610294,0.0,0.339510411024,0.81192445755
yellow_blue,0.98,0.0,0.347273439169,0.793538689613,0.0,0.336653441191,0.822254896164
yellow_blue,0.9825,0.0,0.343672931194,0.80511111021,0.0,0.333496242762,0.833653986454
yellow_blue,0.985,0.0,0.339692175388,0.818049073219,0.0,0.329945594072,0.846382260323
yellow_blue,0.9875,0.0,0.335199683905,0.832746565342,0.0,0.325860500336,0.860816597938
yellow_blue,0.99,0.0,0.329983174801,0.849815607071,0.0,0.321013838053,0.877534687519
yellow_blue,0.9925,0.0,0.323664814234,0.870298087597,0.0,0.315004050732,0.897503197193
yellow_blue,0.995,0.0,0.315460115671,0.896247506142,0.0,0.307015001774,0.922567248344
yellow_blue,0.9975,0.0,0.303191572428,0.933005750179,0.0,0.294903427362,0.957209289074
yellow_blue,1.0,0.0784313753247,0.274509817362,1.0,0.0784313753247,0.274509817362,1.0
red_blue,0.0,0.901960790157,0.117647059262,0.15686275065,0.901960790157,0.117647059262,0.15686275065
red_blue,0.0025,0.891000628471,0.122557297349,0.159331932664,0.870325028896,0.135286867619,0.160983800888
red_blue,0.005,0.881165862083,0.126590013504,0.161629348993,0.848141252995,0.143428117037,0.164202988148
red_blue,0.0075,0.872178912163,0.130014121532,0.16379404068,0.829991817474,0.148395329714,0.166981428862
red_blue,0.01,0.863861620426,0.132990032434,0.165851593018,0.814360022545,0.151680663228,0.169468343258
red_blue,0.0125,0.85609126091,0.135621652007,0.167820170522,0.800515532494,0.153918102384,0.171740829945
red_blue,0.015,0.848779082298,0.1379801929,0.169713258743,0.788032054901,0.155441328883,0.173846110702
red_blue,0.0175,0.841857969761,0.140116810799,0.171541154385,0.77663230896,0.156448796392,0.175815925002
red_blue,0.02,0.835275888443,0.142069414258,0.17331199348,0.76612329483,0.157067596912,0.177673071623
red_blue,0.0225,0.828991532326,0.143866956234,0.17503233254,0.756363451481,0.157384455204,0.179434537888
red_blue,0.025,0.822971284389,0.145532116294,0.176707595587,0.747245192528,0.157460987568,0.181113526225
red_blue,0.0275,0.817187428474,0.147082939744,0.178342223167,0.738684237003,0.157342255116,0.182720437646
red_blue,0.03,0.811616957188,0.148533970118,0.179940074682,0.730613291264,0.157062277198,0.184263780713
red_blue,0.0325,0.806239902973,0.149897247553,0.181504413486,0.722977280617,0.156647339463,0.185750544071
red_blue,0.035,0.801039814949,0.151182740927,0.183038040996,0.7157304883,0.156118050218,0.187186524272
red_blue,0.0375,0.796002030373,0.152398779988,0.184543415904,0.708834528923,0.155490770936,0.188576638699
red_blue,0.04,0.791113972664,0.153552576899,0.186022639275,0.702256798744,0.154778853059,0.189925193787
red_blue,0.0425,0.78636431694,0.154650226235,0.187477648258,0.695969283581,0.153993070126,0.191235721111
red_blue,0.045,0.781743526459,0.155696928501,0.188910081983,0.689947545528,0.153142362833,0.192511469126
red_blue,0.0475,0.777242600918,0.156697273254,0.19032150507,0.684170544148,0.152234360576,0.193755194545
red_blue,0.05,0.772854089737,0.157655313611,0.191713303328,0.678619503975,0.151275038719,0.194969326258
red_blue,0.0525,0.768570899963,0.158574536443,0.19308654964,0.673277974129,0.150270134211,0.196156010032
red_blue,0.055,0.764386594296,0.15945802629,0.194442525506,0.668131172657,0.149223715067,0.197317227721
red_blue,0.0575,0.760295569897,0.160308584571,0.195782199502,0.663166046143,0.148139759898,0.198454707861
red_blue,0.06,0.756292581558,0.161128669977,0.197106510401,0.658370792866,0.147021666169,0.199570000172
red_blue,0.0625,0.752373039722,0.161920532584,0.198416143656,0.653734624386,0.145872190595,0.20066447556
red_blue,0.065,0.748532474041,0.162686049938,0.199712067843,0.649248063564,0.144693791866,0.201739475131
red_blue,0.0675,0.744766891003,0.16342715919,0.200994923711,0.644902050495,0.143488436937,0.202796116471
red_blue,0.07,0.741072773933,0.16414539516,0.202265411615,0.640688955784,0.142258271575,0.203835457563
red_blue,0.0725,0.737446665764,0.164842277765,0.203524082899,0.636601150036,0.141004547477,0.204858511686
red_blue,0.075,0.733885347843,0.165519148111,0.204771533608,0.632632017136,0.139728933573,0.205866128206
red_blue,0.0775,0.730386078358,0.166177228093,0.206008344889,0.6287753582,0.138432353735,0.206859156489
red_blue,0.08,0.726946055889,0.166817680001,0.207234963775,0.625025510788,0.137116208672,0.20783829689
red_blue,0.0825,0.723562836647,0.167441472411,0.208451837301,0.621377110481,0.13578106463,0.208804339171
red_blue,0.085,0.720234036446,0.168049693108,0.209659487009,0.617825269699,0.134427815676,0.209757849574
red_blue,0.0875,0.716957449913,0.168643087149,0.210858255625,0.614365577698,0.13305708766,0.210699483752
red_blue,0.09,0.713731110096,0.169222518802,0.212048515677,0.610993683338,0.131669566035,0.211629763246
red_blue,0.0925,0.710553050041,0.169788718224,0.213230654597,0.607705712318,0.130265548825,0.212549239397
red_blue,0.095,0.7074213624,0.170342430472,0.21440500021,0.604497969151,0.128845408559,0.213458389044
red_blue,0.0975,0.704334497452,0.170884311199,0.215571910143,0.601366937161,0.127409592271,0.214357689023
red_blue,0.1,0.701290667057,0.171414971352,0.21673168242,0.598309516907,0.125958159566,0.215247496963
red_blue,0.1025,0.698288559914,0.17193493247,0.217884525657,0.595322668552,0.12449157238,0.216128319502
red_blue,0.105,0.695326566696,0.172444701195,0.219030812383,0.59240347147,0.123009644449,0.217000469565
red_blue,0.1075,0.692403495312,0.172944843769,0.220170810819,0.589549362659,0.121512509882,0.217864334583
red_blue,0.11,0.689517915249,0.173435762525,0.221304625273,0.586757719517,0.120000302792,0.218720197678
red_blue,0.1125,0.686668753624,0.173917964101,0.222432672977,0.584026217461,0.11847282201,0.219568416476
red_blue,0.115,0.683854699135,0.174391791224,0.223555073142,0.581352710724,0.116930089891,0.220409289002
red_blue,0.1175,0.681074798107,0.174857661128,0.224672049284,0.578734874725,0.115372017026,0.221243083477
red_blue,0.12,0.678327918053,0.175315946341,0.225783810019,0.576170861721,0.113798215985,0.222070068121
red_blue,0.1225,0.675612986088,0.175766944885,0.226890608668,0.573658764362,0.11220869422,0.222890526056
red_blue,0.125,0.672929227352,0.176210999489,0.227992579341,0.571196734905,0.110602892935,0.223704665899
red_blue,0.1275,0.670275628567,0.176648452878,0.22908988595,0.56878298521,0.108980752528,0.224512726069
red_blue,0.13,0.667651355267,0.177079498768,0.230182722211,0.566416084766,0.107341915369,0.225314930081
red_blue,0.1325,0.665055692196,0.177504494786,0.231271222234,0.564094305038,0.105685830116,0.226111486554
red_blue,0.135,0.662487506867,0.177923619747,0.232355639339,0.56181627512,0.10401212424,0.226902589202
red_blue,0.1375,0.65994644165,0.17833724618,0.233436018228,0.559580504894,0.10232001543,0.227688416839
red_blue,0.14,0.657431542873,0.178745508194,0.23451256752,0.557385802269,0.100609384477,0.228469163179
red_blue,0.1425,0.654942214489,0.179148629308,0.235585451126,0.555230796337,0.0988794788718,0.229244977236
red_blue,0.145,0.652477741242,0.179546803236,0.236654683948,0.553114295006,0.0971294045448,0.230016067624
red_blue,0.1475,0.650037407875,0.179940283299,0.237720534205,0.551035046578,0.0953585505485,0.230782538652
red_blue,0.15,0.647620737553,0.180329248309,0.238783031702,0.548992097378,0.0935662016273,0.231544598937
red_blue,0.1525,0.645227074623,0.180713877082,0.239842399955,0.546984195709,0.0917516052723,0.232302337885
red_blue,0.155,0.642855882645,0.181094303727,0.24089859426,0.545010507107,0.0899134874344,0.23305593431
red_blue,0.1575,0.640506565571,0.181470707059,0.241951927543,0.543069899082,0.0880511552095,0.233805507421
red_blue,0.16,0.638178646564,0.181843310595,0.24300237,0.541161596775,0.0861633867025,0.234551161528
red_blue,0.1625,0.635871589184,0.182212159038,0.244050040841,0.539284586906,0.0842489153147,0.235293060541
red_blue,0.165,0.633584797382,0.182577461004,0.24509511888,0.537437975407,0.082306355238,0.23603130877
red_blue,0.1675,0.631318032742,0.182939320803,0.246137678623,0.53562104702,0.0803342461586,0.236766025424
red_blue,0.17,0.629070699215,0.183297932148,0.247177734971,0.533832907677,0.078331425786,0.23749729991
red_blue,0.1725,0.626842319965,0.183653369546,0.248215451837,0.532072901726,0.0762956887484,0.238225266337
red_blue,0.175,0.62463259697,0.184005752206,0.249250978231,0.530340135097,0.0742256715894,0.238949984312
red_blue,0.1775,0.622440934181,0.184355169535,0.250284254551,0.528634011745,0.0721188783646,0.239671617746
red_blue,0.18,0.620267093182,0.184701800346,0.251315504312,0.526953876018,0.0699730589986,0.240390196443
red_blue,0.1825,0.618110656738,0.185045719147,0.252344727516,0.525298953056,0.0677860155702,0.241105854511
red_blue,0.185,0.615971207619,0.185387015343,0.253372073174,0.523668646812,0.0655547007918,0.241818651557
red_blue,0.1875,0.6138484478,0.185725823045,0.254397600889,0.52206248045,0.0632760748267,0.242528706789
red_blue,0.19,0.611741960049,0.18606223166,0.255421280861,0.520479619503,0.0609465278685,0.243236079812
red_blue,0.1925,0.609651446343,0.186396226287,0.256443351507,0.518919706345,0.0585627444089,0.243940860033
red_blue,0.195,0.607576489448,0.186728060246,0.257463812828,0.517382085323,0.0561197735369,0.244643136859
red_blue,0.1975,0.605516910553,0.187057733536,0.25848275423,0.515866279602,0.0536127053201,0.245342969894
red_blue,0.2,0.603472352028,0.187385290861,0.25950011611,0.514371693134,0.0510359294712,0.246040433645
red_blue,0.2025,0.601442456245,0.187710896134,0.260516226292,0.512897968292,0.0483830049634,0.246735617518
red_blue,0.205,0.599427044392,0.188034579158,0.261530965567,0.511444509029,0.0456462018192,0.247428566217
red_blue,0.2075,0.597425758839,0.188356399536,0.262544393539,0.510010838509,0.0428165793419,0.248119369149
red_blue,0.21,0.595438301563,0.188676446676,0.263556718826,0.508596539497,0.0398765206337,0.248808071017
red_blue,0.2125,0.593464374542,0.188994795084,0.264567822218,0.507201254368,0.0368707552552,0.249494746327
red_blue,0.215,0.591503858566,0.189311474562,0.265577882528,0.505824446678,0.0338810645044,0.250179469585
red_blue,0.2175,0.589556455612,0.189626589417,0.266586899757,0.504465758801,0.0309080276638,0.250862300396
red_blue,0.22,0.587621808052,0.189940229058,0.267594993115,0.503124833107,0.027950970456,0.251543283462
red_blue,0.2225,0.585699737072,0.190252348781,0.2686021626,0.50180119276,0.025010375306,0.252222448587
red_blue,0.225,0.583790063858,0.190563112497,0.26960849762,0.500494480133,0.0220861434936,0.252899944782
red_blue,0.2275,0.581892490387,0.190872460604,0.270614087582,0.499204456806,0.0191777944565,0.253575742245
red_blue,0.23,0.580006897449,0.191180557013,0.271618962288,0.49793061614,0.0162859056145,0.254249900579
red_blue,0.2325,0.578132987022,0.191487431526,0.272623091936,0.496672689915,0.0134101901203,0.254922509193
red_blue,0.235,0.576270520687,0.191793099046,0.273626625538,0.495430409908,0.0105504533276,0.255593597889
red_blue,0.2375,0.57441931963,0.192097634077,0.274629592895,0.494203299284,0.00770669570193,0.256263226271
red_blue,0.24,0.572579264641,0.19240103662,0.275632023811,0.492991119623,0.00487891770899,0.256931453943
red_blue,0.2425,0.570749998093,0.192703425884,0.27663397789,0.491793632507,0.00206711958162,0.257598310709
red_blue,0.245,0.56893157959,0.193004831672,0.277635484934,0.490403473377,0.0,0.258244752884
red_blue,0.2475,0.567123532295,0.193305283785,0.278636723757,0.488442003727,0.0,0.258827537298
red_blue,0.25,0.565325736999,0.193604782224,0.279637545347,0.486494660377,0.0,0.259395778179
red_blue,0.2525,0.563538253307,0.193903401494,0.280638128519,0.484561383724,0.0,0.259949862957
red_blue,0.255,0.561760723591,0.194201156497,0.281638413668,0.482641965151,0.0,0.260490000248
red_blue,0.2575,0.559992909432,0.194498151541,0.282638579607,0.480736076832,0.0,0.261016488075
red_blue,0.26,0.558234810829,0.194794341922,0.28363853693,0.478843599558,0.0,0.261529564858
red_blue,0.2625,0.556486129761,0.195089846849,0.284638494253,0.476964443922,0.0,0.262029528618
red_blue,0.265,0.554746866226,0.195384666324,0.285638272762,0.475098282099,0.0,0.262516587973
red_blue,0.2675,0.553016602993,0.195678859949,0.286638170481,0.473245084286,0.0,0.262991011143
red_blue,0.27,0.551295518875,0.19597235322,0.287638008595,0.471404492855,0.0,0.263453066349
red_blue,0.2725,0.54958319664,0.196265310049,0.288637965918,0.469576627016,0.0,0.26390299201
red_blue,0.275,0.547879636288,0.196557670832,0.289637982845,0.467761129141,0.0,0.26434096694
red_blue,0.2775,0.546184659004,0.196849539876,0.290638208389,0.465957909823,0.0,0.264767289162
red_blue,0.28,0.544498085976,0.197140872479,0.291638582945,0.46416670084,0.0,0.265182167292
red_blue,0.2825,0.542819917202,0.197431787848,0.292639285326,0.462387681007,0.0,0.265585839748
red_blue,0.285,0.541149735451,0.197722256184,0.293640136719,0.460620254278,0.0,0.265978485346
red_blue,0.2875,0.539487719536,0.198012262583,0.294641464949,0.458864688873,0.0,0.266360402107
red_blue,0.29,0.537833452225,0.198301926255,0.295643031597,0.457120656967,0.0,0.266731739044
red_blue,0.2925,0.536187112331,0.1985912323,0.296644985676,0.455388069153,0.0,0.267092734575
red_blue,0.295,0.534548401833,0.19888022542,0.297647416592,0.453666776419,0.0,0.267443597317
red_blue,0.2975,0.532917201519,0.199168875814,0.298650324345,0.451956599951,0.0,0.267784535885
red_blue,0.3,0.531293451786,0.199457228184,0.299653708935,0.450257599354,0.0,0.268115758896
red_blue,0.3025,0.52967697382,0.19974540174,0.300657689571,0.448569595814,0.0,0.268437445164
red_blue,0.305,0.528067648411,0.200033262372,0.301662176848,0.446892440319,0.0,0.268749833107
red_blue,0.3075,0.526465415955,0.200320959091,0.302667349577,0.445225924253,0.0,0.269053041935
red_blue,0.31,0.524870157242,0.200608432293,0.30367320776,0.443570166826,0.0,0.269347369671
red_blue,0.3125,0.523281693459,0.200895801187,0.304679632187,0.44192507863,0.0,0.269632995129
red_blue,0.315,0.521700024605,0.201182991266,0.305686920881,0.440290302038,0.0,0.269910007715
red_blue,0.3175,0.520125031471,0.201470077038,0.306694954634,0.438665986061,0.0,0.270178705454
red_blue,0.32,0.518556535244,0.201757028699,0.307703793049,0.437051802874,0.0,0.270439177752
red_blue,0.3225,0.516994416714,0.202043905854,0.308713406324,0.435447871685,0.0,0.270691663027
red_blue,0.325,0.515438735485,0.202330738306,0.30972391367,0.433854132891,0.0,0.270936429501
red_blue,0.3275,0.513889253139,0.202617526054,0.310735315084,0.432270258665,0.0,0.27117344737
red_blue,0.33,0.512345850468,0.202904313803,0.311747640371,0.430696457624,0.0,0.271403074264
red_blue,0.3325,0.51080852747,0.20319108665,0.31276100874,0.429132521153,0.0,0.271625429392
red_blue,0.335,0.509277164936,0.203477874398,0.313775390387,0.427578270435,0.0,0.271840661764
red_blue,0.3375,0.507751703262,0.20376470685,0.314790785313,0.42603379488,0.0,0.272048950195
red_blue,0.34,0.506231963634,0.204051598906,0.31580722332,0.424498945475,0.0,0.272250503302
red_blue,0.3425,0.504717886448,0.204338476062,0.31682485342,0.422973871231,0.0,0.272445529699
red_blue,0.345,0.503209412098,0.204625487328,0.317843586206,0.421458154917,0.0,0.272634059191
red_blue,0.3475,0.501706540585,0.204912647605,0.318863511085,0.419951915741,0.0,0.272816330195
red_blue,0.35,0.500208973885,0.205199882388,0.31988465786,0.418455034494,0.0,0.272992551327
red_blue,0.3525,0.498716801405,0.205487266183,0.320907086134,0.416967719793,0.0,0.273162871599
red_blue,0.355,0.497229874134,0.205774813891,0.321930736303,0.415489375591,0.0,0.273327350616
red_blue,0.3575,0.495748102665,0.206062525511,0.322955697775,0.414020389318,0.0,0.273486256599
red_blue,0.36,0.494271397591,0.206350386143,0.323982089758,0.412560582161,0.0,0.273639768362
red_blue,0.3625,0.492799729109,0.206638485193,0.325009822846,0.411110013723,0.0,0.273788005114
red_blue,0.365,0.491333037615,0.206926777959,0.326038986445,0.409668415785,0.0,0.273931086063
red_blue,0.3675,0.489871144295,0.20721526444,0.327069580555,0.408235937357,0.0,0.27406924963
red_blue,0.37,0.488414078951,0.207504048943,0.328101664782,0.40681245923,0.0,0.27420258522
red_blue,0.3725,0.486961722374,0.207793086767,0.329135298729,0.405397891998,0.0,0.274331271648
red_blue,0.375,0.485513955355,0.208082348108,0.330170482397,0.403992295265,0.0,0.274455457926
red_blue,0.3775,0.484070718288,0.208371952176,0.331207305193,0.402595728636,0.0,0.274575412273
red_blue,0.38,0.482632040978,0.208661809564,0.332245647907,0.40120780468,0.0,0.274691075087
red_blue,0.3825,0.481197744608,0.208951979876,0.333285719156,0.399828851223,0.0,0.274802774191
red_blue,0.385,0.47976782918,0.209242492914,0.334327459335,0.398458719254,0.0,0.274910628796
red_blue,0.3875,0.478342115879,0.209533318877,0.335370898247,0.397097140551,0.0,0.275014668703
red_blue,0.39,0.476920694113,0.20982453227,0.3364161551,0.395744562149,0.0,0.275115251541
red_blue,0.3925,0.47550329566,0.210116073489,0.33746317029,0.394400596619,0.0,0.275212407112
red_blue,0.395,0.47409003973,0.210408031941,0.338511973619,0.393065363169,0.0,0.275306284428
red_blue,0.3975,0.472680807114,0.210700362921,0.339562654495,0.391738682985,0.0,0.275397032499
red_blue,0.4,0.471275508404,0.210993051529,0.340615272522,0.390420764685,0.0,0.275484830141
red_blue,0.4025,0.469874024391,0.211286187172,0.341669797897,0.389111548662,0.0,0.275569885969
red_blue,0.405,0.468476444483,0.211579754949,0.342726260424,0.387810885906,0.0,0.275652259588
red_blue,0.4075,0.467082500458,0.211873725057,0.34378477931,0.386518776417,0.0,0.27573210001
red_blue,0.41,0.465692281723,0.212168172002,0.344845294952,0.385235339403,0.0,0.27580961585
red_blue,0.4125,0.464305698872,0.212463051081,0.345907866955,0.383960425854,0.0,0.275884956121
red_blue,0.415,0.462922692299,0.212758392096,0.346972495318,0.382694214582,4.48252548839e-17,0.275958240032
red_blue,0.4175,0.461543142796,0.213054284453,0.348039358854,0.381436467171,4.48252548839e-17,0.276029616594
red_blue,0.42,0.460167020559,0.213350608945,0.349108338356,0.380187422037,0.0,0.276099294424
red_blue,0.4225,0.458794236183,0.213647469878,0.35017952323,0.378946870565,0.0,0.276167362928
red_blue,0.425,0.457424819469,0.213944807649,0.35125297308,0.377714782953,0.0,0.276233941317
red_blue,0.4275,0.456058651209,0.214242696762,0.352328658104,0.376491457224,0.0,0.276299357414
red_blue,0.43,0.454695701599,0.214541122317,0.353406697512,0.375276505947,0.0,0.276363492012
red_blue,0.4325,0.453335851431,0.214840069413,0.354487091303,0.374070286751,0.0,0.276426762343
red_blue,0.435,0.451979070902,0.215139552951,0.355569839477,0.372872531414,0.0,0.276489138603
red_blue,0.4375,0.450625389814,0.215439647436,0.356655031443,0.371683299541,0.0,0.276550799608
red_blue,0.44,0.44927456975,0.215740308166,0.357742637396,0.370502769947,0.0,0.276612013578
red_blue,0.4425,0.447926729917,0.216041564941,0.358832776546,0.369330763817,0.0,0.276672840118
red_blue,0.445,0.446581691504,0.216343402863,0.359925448895,0.36816740036,0.0,0.276733458042
red_blue,0.4475,0.44523948431,0.216645866632,0.361020684242,0.367012619972,0.0,0.276793986559
red_blue,0.45,0.44390001893,0.216948926449,0.362118512392,0.365866482258,0.0,0.276854634285
red_blue,0.4525,0.442563205957,0.217252656817,0.363219022751,0.364728957415,0.0,0.27691552043
red_blue,0.455,0.441229015589,0.217556968331,0.364322215319,0.363600105047,0.0,0.276976823807
red_blue,0.4575,0.439897418022,0.217861935496,0.365428060293,0.362479925156,0.0,0.277038693428
red_blue,0.46,0.438568383455,0.218167588115,0.366536736488,0.361368596554,0.0,0.277101427317
red_blue,0.4625,0.437241792679,0.218473866582,0.367648154497,0.360265821218,0.0,0.277164876461
red_blue,0.465,0.435917556286,0.218780860305,0.368762403727,0.359171867371,0.0,0.277229487896
red_blue,0.4675,0.434595763683,0.219088509679,0.369879543781,0.358086675405,0.0,0.277295261621
red_blue,0.47,0.43327626586,0.219396919012,0.370999634266,0.357010275125,0.0,0.277362436056
red_blue,0.4725,0.431959033012,0.219705954194,0.372122645378,0.355942547321,0.0,0.277431041002
red_blue,0.475,0.430644035339,0.220015749335,0.373248636723,0.354883790016,0.0,0.277501434088
red_blue,0.4775,0.429331153631,0.220326215029,0.374377638102,0.353833943605,0.0,0.277573734522
red_blue,0.48,0.428020328283,0.220637470484,0.375509798527,0.352793127298,0.0,0.277648150921
red_blue,0.4825,0.426711589098,0.220949426293,0.376644998789,0.351761043072,0.0,0.27772462368
red_blue,0.485,0.425404787064,0.221262156963,0.377783387899,0.350738018751,4.48252548839e-17,0.277803510428
red_blue,0.4875,0.424100011587,0.221575662494,0.378924995661,0.349723905325,0.0,0.27788490057
red_blue,0.49,0.422797083855,0.221889898181,0.380069851875,0.348719000816,0.0,0.277969121933
red_blue,0.4925,0.421496063471,0.222204908729,0.381217956543,0.347723096609,0.0,0.278056174517
red_blue,0.495,0.420196741819,0.222520709038,0.382369399071,0.346736311912,4.48252548839e-17,0.278146266937
red_blue,0.4975,0.41889923811,0.222837358713,0.383524209261,0.345758706331,0.0,0.278239607811
red_blue,0.5,0.417603373527,0.223154753447,0.384682416916,0.34479033947,0.0,0.278336405754
red_blue,0.5025,0.416309177875,0.223472952843,0.38584408164,0.343831181526,4.48252548839e-17,0.278436779976
red_blue,0.505,0.415016561747,0.223791971803,0.387009263039,0.342881441116,0.0,0.278540998697
red_blue,0.5075,0.413725495338,0.224111899733,0.388178020716,0.341940879822,0.0,0.278649091721
red_blue,0.51,0.412435889244,0.224432602525,0.389350324869,0.341009795666,0.0,0.278761327267
red_blue,0.5125,0.411147773266,0.224754154682,0.390526354313,0.340088188648,0.0,0.278878003359
red_blue,0.515,0.409860938788,0.225076571107,0.391705960035,0.33917593956,0.0,0.278999060392
red_blue,0.5175,0.408575564623,0.225399836898,0.392889350653,0.338273346424,0.0,0.279124885797
red_blue,0.52,0.407291442156,0.22572401166,0.394076555967,0.337380439043,0.0,0.279255747795
red_blue,0.5225,0.406008511782,0.226049005985,0.39526745677,0.336496859789,0.0,0.279391437769
red_blue,0.525,0.4047267735,0.226374983788,0.396462380886,0.335623294115,0.0,0.279532641172
red_blue,0.5275,0.40344619751,0.226701810956,0.3976611197,0.334759265184,4.48252548839e-17,0.279679149389
red_blue,0.53,0.402166694403,0.227029576898,0.398863971233,0.333905279636,4.48252548839e-17,0.279831528664
red_blue,0.5325,0.400888085365,0.227358207107,0.400070756674,0.333060830832,4.48252548839e-17,0.279989570379
red_blue,0.535,0.399610698223,0.227687805891,0.401281654835,0.332226425409,0.0,0.280153751373
red_blue,0.5375,0.398334115744,0.228018328548,0.402496665716,0.331402212381,0.0,0.280324399471
red_blue,0.54,0.397058397532,0.228349789977,0.403715878725,0.330587893724,0.0,0.280501395464
red_blue,0.5425,0.395783543587,0.228682234883,0.404939264059,0.329783797264,0.0,0.280685186386
red_blue,0.545,0.3945094347,0.22901558876,0.406167000532,0.328989773989,4.48252548839e-17,0.280875831842
red_blue,0.5475,0.393236070871,0.229349941015,0.407398968935,0.328206032515,0.0,0.281073659658
red_blue,0.55,0.391963452101,0.229685246944,0.408635437489,0.327432632446,0.0,0.281278848648
red_blue,0.5525,0.390691369772,0.23002153635,0.409876286983,0.326669543982,0.0,0.281491607428
red_blue,0.555,0.38941988349,0.230358839035,0.411121666431,0.325916796923,0.0,0.281712055206
red_blue,0.5575,0.388148903847,0.230697140098,0.412371605635,0.325174719095,0.0,0.281940639019
red_blue,0.56,0.386878401041,0.231036454439,0.413626194,0.324443221092,0.0,0.282177478075
red_blue,0.5625,0.38560834527,0.231376796961,0.414885401726,0.323722243309,0.0,0.282422721386
red_blue,0.565,0.384338587522,0.23171813786,0.416149377823,0.323012113571,0.0,0.28267672658
red_blue,0.5675,0.383069217205,0.232060551643,0.417418092489,0.322312712669,0.0,0.28293967247
red_blue,0.57,0.381800025702,0.232403948903,0.418691724539,0.32162424922,0.0,0.283211827278
red_blue,0.5725,0.380531072617,0.232748478651,0.419970244169,0.320946604013,0.0,0.283493340015
red_blue,0.575,0.379262298346,0.23309405148,0.421253710985,0.320280104876,0.0,0.283784657717
red_blue,0.5775,0.377993553877,0.233440667391,0.422542273998,0.31962454319,0.0,0.284085780382
red_blue,0.58,0.376724869013,0.23378841579,0.423835903406,0.318980276585,4.48252548839e-17,0.284397155046
red_blue,0.5825,0.375456184149,0.234137177467,0.425134688616,0.318347215653,0.0,0.284718960524
red_blue,0.585,0.374187380076,0.234487086535,0.426438719034,0.317725509405,0.0,0.285051465035
red_blue,0.5875,0.372918486595,0.234838098288,0.427747994661,0.31711512804,0.0,0.285394847393
red_blue,0.59,0.371649414301,0.235190212727,0.429062783718,0.316516131163,0.0,0.285749435425
red_blue,0.5925,0.370380103588,0.235543459654,0.430382966995,0.315928816795,0.0,0.286115556955
red_blue,0.595,0.36911046505,0.235897824168,0.431708544493,0.315353065729,0.0,0.286493450403
red_blue,0.5975,0.367840498686,0.236253321171,0.433039814234,0.314789026976,0.0,0.286883354187
red_blue,0.6,0.366570115089,0.236609980464,0.434376627207,0.31423664093,0.0,0.287285447121
red_blue,0.6025,0.365299284458,0.236967787147,0.435719162226,0.313696205616,0.0,0.287700206041
red_blue,0.605,0.364027887583,0.23732675612,0.437067598105,0.313167840242,0.0,0.288127988577
red_blue,0.6075,0.362755894661,0.237686946988,0.438421756029,0.312651336193,4.48252548839e-17,0.288568764925
red_blue,0.61,0.361483305693,0.238048270345,0.439781934023,0.312146961689,0.0,0.289023071528
red_blue,0.6125,0.360209971666,0.238410770893,0.441148042679,0.311654746532,0.0,0.289491117001
red_blue,0.615,0.35893586278,0.23877453804,0.442520320415,0.311174809933,0.0,0.289973258972
red_blue,0.6175,0.357660919428,0.239139437675,0.443898767233,0.310707241297,0.0,0.29046985507
red_blue,0.62,0.356385082006,0.239505618811,0.445283472538,0.310252040625,0.0,0.290981054306
red_blue,0.6225,0.355108290911,0.239872992039,0.446674436331,0.30980938673,0.0,0.291507333517
red_blue,0.625,0.353830456734,0.240241587162,0.448071867228,0.309379160404,0.0,0.29204878211
red_blue,0.6275,0.352551549673,0.240611493588,0.449475795031,0.308961749077,0.0,0.292606085539
red_blue,0.63,0.351271510124,0.240982607007,0.450886309147,0.308556944132,0.0,0.293179273605
red_blue,0.6325,0.34999024868,0.241354972124,0.452303558588,0.308164924383,0.0,0.293768793345
red_blue,0.635,0.348707705736,0.241728618741,0.453727513552,0.307785898447,0.0,0.294375061989
red_blue,0.6375,0.347423732281,0.242103531957,0.455158293247,0.307419836521,0.0,0.294998347759
red_blue,0.64,0.346138417721,0.242479726672,0.456596046686,0.307066679001,0.0,0.295638918877
red_blue,0.6425,0.34485155344,0.242857247591,0.458040863275,0.306726664305,0.0,0.296297341585
red_blue,0.645,0.343563169241,0.243236064911,0.459492743015,0.306399852037,0.0,0.296973764896
red_blue,0.6475,0.342273145914,0.243616208434,0.460951924324,0.306086242199,0.0,0.29766869545
red_blue,0.65,0.340981394052,0.243997633457,0.462418437004,0.30578610301,4.48252548839e-17,0.298382610083
red_blue,0.6525,0.339687824249,0.244380399585,0.463892310858,0.305499225855,0.0,0.299115628004
red_blue,0.655,0.338392436504,0.244764521718,0.465373694897,0.305225789547,0.0,0.299868226051
red_blue,0.6575,0.337095081806,0.245149999857,0.466862827539,0.304965913296,4.48252548839e-17,0.300641000271
red_blue,0.66,0.335795760155,0.245536804199,0.468359649181,0.304719656706,0.0,0.301434129477
red_blue,0.6625,0.334494352341,0.245924994349,0.469864308834,0.30448704958,0.0,0.302248090506
red_blue,0.665,0.333190739155,0.246314570308,0.471376895904,0.304268151522,0.0,0.303083360195
red_blue,0.6675,0.331884920597,0.246705546975,0.4728974998,0.304062962532,0.0,0.303940176964
red_blue,0.67,0.330576747656,0.247097879648,0.474426418543,0.303871721029,4.48252548839e-17,0.304819256067
red_blue,0.6725,0.329266190529,0.247491627932,0.475963503122,0.303694367409,0.0,0.305720925331
red_blue,0.675,0.327953100205,0.247886762023,0.477509081364,0.303530782461,0.0,0.306645393372
red_blue,0.6775,0.326637417078,0.248283356428,0.479063153267,0.303381383419,0.0,0.307593524456
red_blue,0.68,0.325319081545,0.248681336641,0.480625897646,0.303245991468,0.0,0.308565616608
red_blue,0.6825,0.323998034,0.249080762267,0.482197374106,0.303124725819,0.0,0.309562057257
red_blue,0.685,0.322674036026,0.249481648207,0.483777821064,0.303017675877,0.0,0.310583561659
red_blue,0.6875,0.321347147226,0.249883964658,0.485367238522,0.302924573421,0.0,0.311630159616
red_blue,0.69,0.32001721859,0.250287771225,0.486965805292,0.3028460145,0.0,0.31270301342
red_blue,0.6925,0.318684130907,0.250693082809,0.48857370019,0.302781403065,0.0,0.313802003861
red_blue,0.695,0.317347854376,0.251099795103,0.490191072226,0.302731156349,0.0,0.314928025007
red_blue,0.6975,0.316008239985,0.251508027315,0.491818010807,0.302695274353,0.0,0.3160815835
red_blue,0.7,0.314665168524,0.251917779446,0.493454635143,0.302673667669,0.0,0.317263126373
red_blue,0.7025,0.313318550587,0.252329021692,0.495101124048,0.302666515112,0.0,0.318473339081
red_blue,0.705,0.311968296766,0.252741754055,0.496757686138,0.302673697472,0.0,0.319712728262
red_blue,0.7075,0.310614258051,0.253156006336,0.498424381018,0.302695155144,0.0,0.320981770754
red_blue,0.71,0.309256464243,0.25357183814,0.500101387501,0.302731096744,0.0,0.322281211615
red_blue,0.7125,0.307894617319,0.253989130259,0.501788914204,0.30278134346,0.0,0.323611617088
red_blue,0.715,0.306528717279,0.254408061504,0.503487050533,0.302846133709,0.0,0.324973791838
red_blue,0.7175,0.30515858531,0.254828453064,0.505196094513,0.302925169468,0.0,0.326368033886
red_blue,0.72,0.303784132004,0.255250513554,0.506916046143,0.303018450737,0.0,0.327795118093
red_blue,0.7225,0.302405267954,0.255674093962,0.508647203445,0.303126275539,0.0,0.329255998135
red_blue,0.725,0.301021784544,0.256099194288,0.510389685631,0.303248256445,0.0,0.330751001835
red_blue,0.7275,0.29963362217,0.256525963545,0.512143611908,0.303384661675,0.0,0.332281112671
red_blue,0.73,0.298240661621,0.256954282522,0.5139092803,0.303535073996,0.0,0.333846658468
red_blue,0.7325,0.29684266448,0.257384210825,0.515686810017,0.303699821234,0.0,0.335448890924
red_blue,0.735,0.295439630747,0.257815748453,0.517476558685,0.303878694773,0.0,0.337088286877
red_blue,0.7375,0.294031381607,0.258248895407,0.519278526306,0.304071396589,0.0,0.338765501976
red_blue,0.74,0.292617708445,0.258683651686,0.521093010902,0.304278433323,0.0,0.340481907129
red_blue,0.7425,0.291198462248,0.259120076895,0.522920191288,0.304499089718,0.0,0.342237591743
red_blue,0.745,0.289773583412,0.259558081627,0.524760246277,0.304733514786,0.0,0.344033747911
red_blue,0.7475,0.288342863321,0.259997755289,0.526613473892,0.304981797934,0.0,0.345871448517
red_blue,0.75,0.286906182766,0.260439068079,0.528480052948,0.305243521929,0.0,0.347751289606
red_blue,0.7525,0.285463273525,0.260882049799,0.530360281467,0.305518656969,0.0,0.349674254656
red_blue,0.755,0.284014046192,0.261326670647,0.532254338264,0.305807262659,0.0,0.351641505957
red_blue,0.7575,0.282558351755,0.261772990227,0.534162402153,0.306108921766,0.0,0.353653788567
red_blue,0.76,0.281095951796,0.262220948935,0.536084830761,0.306423634291,0.0,0.355712234974
red_blue,0.7625,0.279626786709,0.26267054677,0.538021862507,0.306751132011,0.0,0.357817828655
red_blue,0.765,0.278150528669,0.263121902943,0.5399736166,0.307091057301,0.0,0.359971433878
red_blue,0.7675,0.276666998863,0.263574898243,0.541940629482,0.307443469763,0.0,0.362174481153
red_blue,0.77,0.275176107883,0.264029562473,0.543923020363,0.307808041573,4.48252548839e-17,0.364428043365
red_blue,0.7725,0.273677527905,0.264485925436,0.545921087265,0.308184653521,0.0,0.366733372211
red_blue,0.775,0.272171139717,0.264944016933,0.547935068607,0.308572739363,0.0,0.369091361761
red_blue,0.7775,0.270656704903,0.265403777361,0.549965441227,0.30897217989,0.0,0.371503472328
red_blue,0.78,0.269133985043,0.265865206718,0.552012264728,0.309382885695,0.0,0.373971253633
red_blue,0.7825,0.267602771521,0.266328394413,0.554076135158,0.309804111719,0.0,0.376495629549
red_blue,0.785,0.266062825918,0.266793221235,0.556157231331,0.310235768557,0.0,0.379078179598
red_blue,0.7875,0.264513880014,0.267259776592,0.558255791664,0.310677587986,0.0,0.381720602512
red_blue,0.79,0.262955754995,0.267728030682,0.5603723526,0.311128854752,4.48252548839e-17,0.384423881769
red_blue,0.7925,0.261388152838,0.268197983503,0.562507092953,0.311589211225,0.0,0.387189745903
red_blue,0.795,0.259810775518,0.268669605255,0.564660489559,0.312058269978,0.0,0.390019923449
red_blue,0.7975,0.258223384619,0.269142955542,0.566832900047,0.312535434961,0.0,0.39291587472
red_blue,0.8,0.25662574172,0.269618004561,0.56902474165,0.313020408154,0.0,0.395879745483
red_blue,0.8025,0.255017459392,0.270094722509,0.571236610413,0.313512384892,0.0,0.398912906647
red_blue,0.805,0.253398329019,0.270573109388,0.573468446732,0.314010828733,0.0,0.402017444372
red_blue,0.8075,0.251767963171,0.271053165197,0.575721025467,0.314514875412,0.0,0.40519490838
red_blue,0.81,0.250126063824,0.271534889936,0.577994763851,0.315024137497,0.0,0.408447772265
red_blue,0.8125,0.248472318053,0.272018283606,0.580290079117,0.315537661314,0.0,0.411777853966
red_blue,0.815,0.246806368232,0.272503316402,0.582607448101,0.316054731607,0.0,0.415187478065
red_blue,0.8175,0.24512784183,0.272989988327,0.584947228432,0.316574394703,0.0,0.418678820133
red_blue,0.82,0.243436381221,0.273478358984,0.587310314178,0.317095637321,0.0,0.422253996134
red_blue,0.8225,0.241731598973,0.273968249559,0.589696824551,0.317617714405,0.0,0.425915956497
red_blue,0.825,0.240013077855,0.27445974946,0.592107415199,0.318139344454,0.0,0.429666846991
red_blue,0.8275,0.238280430436,0.274952858686,0.594542860985,0.318659424782,0.0,0.433509409428
red_blue,0.83,0.23653319478,0.275447517633,0.597003400326,0.319176882505,4.48252548839e-17,0.437446773052
red_blue,0.8325,0.234770968556,0.275943696499,0.599489986897,0.319690048695,0.0,0.441481202841
red_blue,0.835,0.232993200421,0.27644136548,0.602002978325,0.320197820663,0.0,0.445616304874
red_blue,0.8375,0.23119956255,0.27694055438,0.604543089867,0.320698618889,4.48252548839e-17,0.44985511899
red_blue,0.84,0.229389354587,0.277441173792,0.607111155987,0.321190595627,0.0,0.454200685024
red_blue,0.8425,0.227562129497,0.277943313122,0.609707832336,0.32167211175,0.0,0.458656579256
red_blue,0.845,0.225717365742,0.278446733952,0.612333893776,0.322141259909,0.0,0.463226616383
red_blue,0.8475,0.223854482174,0.278951615095,0.614989876747,0.322596013546,0.0,0.467914402485
red_blue,0.85,0.221972852945,0.279457747936,0.61767667532,0.323034137487,0.0,0.472724080086
red_blue,0.8525,0.220071911812,0.279965132475,0.620395183563,0.32345315814,0.0,0.477659493685
red_blue,0.855,0.218150958419,0.280473798513,0.623146355152,0.323850601912,0.0,0.482725441456
red_blue,0.8575,0.216209277511,0.280983537435,0.625930845738,0.324223607779,0.0,0.487926214933
red_blue,0.86,0.21424625814,0.281494528055,0.628749728203,0.324569165707,0.0,0.493266761303
red_blue,0.8625,0.212261021137,0.282006472349,0.631604135037,0.324388235807,0.0022365397308,0.497753083706
red_blue,0.865,0.21025288105,0.282519429922,0.634494841099,0.323166400194,0.00915273651481,0.500281512737
red_blue,0.8675,0.208220973611,0.283033311367,0.637422978878,0.321917206049,0.0162431653589,0.502860963345
red_blue,0.87,0.206164479256,0.283547967672,0.640389919281,0.320639461279,0.0235124491155,0.505493342876
red_blue,0.8725,0.204082384705,0.28406342864,0.643396615982,0.319331943989,0.0309671331197,0.508180558682
red_blue,0.875,0.201973810792,0.284579515457,0.646444320679,0.317993402481,0.0386106818914,0.510924875736
red_blue,0.8775,0.199837774038,0.285096108913,0.649534404278,0.316622376442,0.0461129769683,0.513728439808
red_blue,0.88,0.197673112154,0.285613179207,0.652668297291,0.315217465162,0.0530695095658,0.516593635082
red_blue,0.8825,0.195478886366,0.286130517721,0.65584731102,0.313777089119,0.0596082769334,0.519523024559
red_blue,0.885,0.193253695965,0.286648064852,0.659072935581,0.312299579382,0.0658140853047,0.522519290447
red_blue,0.8875,0.190996468067,0.287165671587,0.662346959114,0.310783147812,0.0717500075698,0.525585174561
red_blue,0.89,0.188705772162,0.287683099508,0.665670990944,0.309226036072,0.0774626880884,0.528723776341
red_blue,0.8925,0.186380267143,0.288200289011,0.66904681921,0.307626098394,0.082988910377,0.531938135624
red_blue,0.895,0.184018492699,0.28871691227,0.672476232052,0.305981218815,0.088357463479,0.535231769085
red_blue,0.8975,0.181618750095,0.289232879877,0.675961375237,0.304289132357,0.0935926884413,0.538608253002
red_blue,0.9,0.179179519415,0.289747923613,0.679504454136,0.302547335625,0.098713926971,0.542071402073
red_blue,0.9025,0.176698938012,0.29026183486,0.683107435703,0.300753176212,0.103737615049,0.545625329018
red_blue,0.905,0.174175128341,0.290774255991,0.686773121357,0.298903852701,0.108677901328,0.549274504185
red_blue,0.9075,0.171605974436,0.291284948587,0.690503776073,0.296996206045,0.113547220826,0.553023636341
red_blue,0.91,0.168989494443,0.291793644428,0.69430232048,0.295027077198,0.118356019259,0.556877613068
red_blue,0.9125,0.166323274374,0.292299866676,0.698171496391,0.29299274087,0.123113773763,0.560841977596
red_blue,0.915,0.163604810834,0.292803317308,0.702114641666,0.290889322758,0.127828866243,0.564922630787
red_blue,0.9175,0.160831481218,0.293303459883,0.706134974957,0.288712650538,0.132508575916,0.569125711918
red_blue,0.92,0.1580003649,0.293799966574,0.710236310959,0.286458104849,0.137160420418,0.573458254337
red_blue,0.9225,0.155108436942,0.294292122126,0.714422345161,0.284120738506,0.141790106893,0.577927410603
red_blue,0.925,0.152152359486,0.294779419899,0.718697547913,0.281694948673,0.146403878927,0.582541465759
red_blue,0.9275,0.149128481746,0.295261204243,0.723066270351,0.27917471528,0.151006981731,0.587308943272
red_blue,0.93,0.146032959223,0.295736700296,0.727533757687,0.276553481817,0.155604854226,0.592239439488
red_blue,0.9325,0.142861559987,0.296205073595,0.732105195522,0.273823976517,0.160202309489,0.59734338522
red_blue,0.935,0.13960956037,0.296665489674,0.736786603928,0.270978063345,0.164804056287,0.602632164955
red_blue,0.9375,0.136272162199,0.297116696835,0.741584539413,0.268006712198,0.169414281845,0.608118474483
red_blue,0.94,0.132843762636,0.297557711601,0.746505975723,0.26490008831,0.174037665129,0.613816082478
red_blue,0.9425,0.129318490624,0.297987014055,0.751559078693,0.261646896601,0.178678572178,0.619740605354
red_blue,0.945,0.125689640641,0.298403143883,0.756752550602,0.258234500885,0.183340907097,0.625909030438
red_blue,0.9475,0.12195020169,0.29880425334,0.762095808983,0.254648804665,0.188029080629,0.632340610027
red_blue,0.95,0.118092231453,0.299188405275,0.767600178719,0.250873655081,0.192747071385,0.639056801796
red_blue,0.9525,0.114106982946,0.299553155899,0.773277878761,0.246890664101,0.197498828173,0.646082103252
red_blue,0.955,0.109985008836,0.299895852804,0.779142618179,0.242678791285,0.202288433909,0.653443872929
red_blue,0.9575,0.105715766549,0.300213158131,0.785210251808,0.238213568926,0.207119822502,0.661173939705
red_blue,0.96,0.101287893951,0.300501346588,0.791499137878,0.233466684818,0.211996868253,0.669308364391
red_blue,0.9625,0.0966887995601,0.300755769014,0.798030018807,0.228404983878,0.216923207045,0.677889347076
red_blue,0.965,0.0919050201774,0.300971031189,0.804827451706,0.22298899293,0.221902683377,0.686966001988
red_blue,0.9675,0.0869223102927,0.301140397787,0.811920702457,0.217171803117,0.226938351989,0.696596503258
red_blue,0.97,0.0817256644368,0.30125567317,0.819344043732,0.210896387696,0.232033014298,0.706850647926
red_blue,0.9725,0.0763015076518,0.30130648613,0.827138841152,0.20409373939,0.237188473344,0.717811882496
red_blue,0.975,0.0706378892064,0.30127993226,0.835356831551,0.196677416563,0.242404907942,0.729583799839
red_blue,0.9775,0.064729578793,0.301158815622,0.844061672687,0.188538789749,0.247680425644,0.74229580164
red_blue,0.98,0.0585847087204,0.300920695066,0.853335797787,0.179538279772,0.253009229898,0.756113409996
red_blue,0.9825,0.0522400476039,0.300534576178,0.86328715086,0.169493213296,0.258378833532,0.771254062653
red_blue,0.985,0.0457911938429,0.299956381321,0.874063313007,0.158157885075,0.263764709234,0.788013458252
red_blue,0.9875,0.0394465737045,0.299120366573,0.885874211788,0.145195022225,0.269120693207,0.806811213493
red_blue,0.99,0.0339332930744,0.297921478748,0.899038374424,0.130131810904,0.274356037378,0.82827937603
red_blue,0.9925,0.0302669517696,0.296175658703,0.914083361626,0.112314119935,0.279281020165,0.85345262289
red_blue,0.995,0.0299628861248,0.29350823164,0.93201225996,0.0910128876567,0.283443778753,0.884262263775
red_blue,0.9975,0.037327721715,0.288910776377,0.955300927162,0.0673337504268,0.285442829132,0.925295114517
red_blue,1.0,0.0784313753247,0.274509817362,1.0,0.0784313753247,0.274509817362,1.0
red_yellow,0.0,0.901960790157,0.117647059262,0.15686275065,0.901960790157,0.117647059262,0.15686275065
red_yellow,0.0025,0.902251243591,0.120120875537,0.15675534308,0.902125954628,0.121457308531,0.156419873238
red_yellow,0.005,0.902541279793,0.122553646565,0.156648740172,0.902296185493,0.125155493617,0.155976131558
red_yellow,0.0075,0.902831077576,0.124947614968,0.156542986631,0.902470767498,0.128750905395,0.155531570315
red_yellow,0.01,0.90312063694,0.127304583788,0.156438112259,0.9026491642,0.132251560688,0.15508620441
red_yellow,0.0125,0.903409779072,0.129626408219,0.156334027648,0.902830958366,0.135664567351,0.154640078545
red_yellow,0.015,0.90369862318,0.131914660335,0.156230777502,0.903015732765,0.13899615407,0.154193207622
red_yellow,0.0175,0.903987169266,0.134170949459,0.156128272414,0.903203248978,0.142251729965,0.153745591641
red_yellow,0.02,0.904275476932,0.136396676302,0.156026616693,0.90339332819,0.145436108112,0.153297245503
red_yellow,0.0225,0.904563486576,0.138593226671,0.155925765634,0.903585672378,0.148553818464,0.152848154306
red_yellow,0.025,0.904851138592,0.140761822462,0.155825614929,0.903780341148,0.151608765125,0.152398377657
red_yellow,0.0275,0.90513843298,0.142903611064,0.155726358294,0.903976798058,0.15460459888,0.151947870851
red_yellow,0.03,0.905425548553,0.145019650459,0.155627831817,0.90417522192,0.157544597983,0.15149666369
red_yellow,0.0325,0.905712366104,0.147111028433,0.155530065298,0.904375374317,0.160431727767,0.151044771075
red_yellow,0.035,0.905998885632,0.149178668857,0.155433058739,0.904577195644,0.163268625736,0.150592178106
red_yellow,0.0375,0.906285107136,0.151223555207,0.155336841941,0.904780626297,0.166058093309,0.150138899684
red_yellow,0.04,0.906571090221,0.153246447444,0.155241340399,0.904985368252,0.168802171946,0.149684950709
red_yellow,0.0425,0.906856656074,0.155248224735,0.155146613717,0.905191659927,0.171503141522,0.149230256677
red_yellow,0.045,0.907141983509,0.157229632139,0.155052572489,0.905399143696,0.174163103104,0.148774951696
red_yellow,0.0475,0.907427072525,0.159191355109,0.154959306121,0.905607938767,0.17678360641,0.148318961263
red_yellow,0.05,0.907711863518,0.161134153605,0.154866740108,0.90581792593,0.179366573691,0.147862255573
red_yellow,0.0525,0.907996356487,0.16305860877,0.15477488935,0.906028985977,0.181913614273,0.147404894233
red_yellow,0.055,0.908280611038,0.164965376258,0.154683813453,0.906241178513,0.184426143765,0.146946847439
red_yellow,0.0575,0.908564507961,0.166855052113,0.154593423009,0.906454324722,0.186905562878,0.146488130093
red_yellow,0.06,0.90884822607,0.16872818768,0.15450373292,0.906668543816,0.189353331924,0.146028727293
red_yellow,0.0625,0.909131586552,0.170585304499,0.154414638877,0.906883776188,0.191770553589,0.145568683743
red_yellow,0.065,0.909414708614,0.172426909208,0.154326334596,0.907099723816,0.194158419967,0.145107939839
red_yellow,0.0675,0.909697473049,0.174253538251,0.154238685965,0.907316744327,0.196517929435,0.144646525383
red_yellow,0.07,0.909979939461,0.176065593958,0.154151767492,0.907534480095,0.198850229382,0.144184455276
red_yellow,0.0725,0.910262346268,0.177863538265,0.154065489769,0.907753050327,0.201156273484,0.143721699715
red_yellow,0.075,0.910544395447,0.179647803307,0.153979882598,0.90797239542,0.203436970711,0.143258273602
red_yellow,0.0775,0.910826146603,0.181418791413,0.153894886374,0.908192515373,0.205693200231,0.142794206738
red_yellow,0.08,0.91110765934,0.183176890016,0.153810620308,0.908413290978,0.207925707102,0.142329439521
red_yellow,0.0825,0.911388874054,0.184922456741,0.153726994991,0.908634841442,0.21013532579,0.141864016652
red_yellow,0.085,0.911669850349,0.186655864119,0.153644025326,0.908856987953,0.212322890758,0.141397893429
red_yellow,0.0875,0.911950469017,0.188377425075,0.1535615623,0.909079790115,0.214488938451,0.140931144357
red_yellow,0.09,0.912230908871,0.190087586641,0.153479889035,0.909303247929,0.216634258628,0.140463724732
red_yellow,0.0925,0.912511229515,0.191786512732,0.153398796916,0.909527361393,0.218759521842,0.139995589852
red_yellow,0.095,0.912791073322,0.193474650383,0.153318300843,0.909752011299,0.220865219832,0.139526814222
red_yellow,0.0975,0.913070678711,0.195152118802,0.153238490224,0.909977138042,0.222952023148,0.139057353139
red_yellow,0.1,0.913350105286,0.196819394827,0.153159171343,0.910202920437,0.225020557642,0.138587221503
red_yellow,0.1025,0.913629293442,0.198476612568,0.153080552816,0.910429239273,0.227071017027,0.138116419315
red_yellow,0.105,0.91390812397,0.200124070048,0.153002515435,0.910656034946,0.229104354978,0.137644931674
red_yellow,0.1075,0.914186835289,0.201762065291,0.1529250741,0.910883307457,0.231120824814,0.137172818184
red_yellow,0.11,0.914465248585,0.203390792012,0.152848184109,0.911111116409,0.233120903373,0.13670001924
red_yellow,0.1125,0.914743363857,0.205010533333,0.152772024274,0.911339342594,0.235104992986,0.136226505041
red_yellow,0.115,0.915021359921,0.206621527672,0.15269626677,0.911568164825,0.237073674798,0.135752335191
red_yellow,0.1175,0.915298938751,0.208223938942,0.152621164918,0.91179728508,0.23902733624,0.13527752459
red_yellow,0.12,0.915576338768,0.209817960858,0.152546614409,0.912026882172,0.240966245532,0.134802013636
red_yellow,0.1225,0.915853440762,0.211403861642,0.152472674847,0.912256896496,0.242890939117,0.134325802326
red_yellow,0.125,0.916130423546,0.212981820106,0.152399256825,0.912487328052,0.244801610708,0.133848950267
red_yellow,0.1275,0.916407108307,0.214552104473,0.152326419949,0.912718176842,0.246698722243,0.133371382952
red_yellow,0.13,0.916683614254,0.216114729643,0.152254149318,0.912949383259,0.248582705855,0.132893174887
red_yellow,0.1325,0.916959822178,0.217670083046,0.152182385325,0.913180947304,0.250453621149,0.132414296269
red_yellow,0.135,0.917235791683,0.219218194485,0.152111113071,0.913412928581,0.252312064171,0.1319347471
red_yellow,0.1375,0.91751152277,0.220759257674,0.152040451765,0.913645327091,0.254158258438,0.131454482675
red_yellow,0.14,0.917787015438,0.222293511033,0.151970297098,0.91387796402,0.255992442369,0.130973562598
red_yellow,0.1425,0.918062269688,0.223821058869,0.151900663972,0.914110958576,0.257814913988,0.130491942167
red_yellow,0.145,0.918337225914,0.225342109799,0.151831522584,0.914344310761,0.259625911713,0.130009651184
red_yellow,0.1475,0.918612062931,0.226856663823,0.15176294744,0.914578020573,0.261425733566,0.129526674747
red_yellow,0.15,0.91888666153,0.228365123272,0.151694893837,0.914811909199,0.263214737177,0.129043057561
red_yellow,0.1525,0.919161081314,0.229867458344,0.151627257466,0.915046215057,0.264993041754,0.128558754921
red_yellow,0.155,0.919435083866,0.231363818049,0.151560217142,0.915280818939,0.26676094532,0.128073707223
red_yellow,0.1575,0.919709086418,0.232854366303,0.151493564248,0.915515720844,0.268518716097,0.127588048577
red_yellow,0.16,0.919982790947,0.234339267016,0.151427477598,0.915750861168,0.270266473293,0.127101674676
red_yellow,0.1625,0.920256197452,0.235818639398,0.151361867786,0.915986359119,0.272004574537,0.126614585519
red_yellow,0.165,0.920529425144,0.237292528152,0.151296794415,0.916222035885,0.273733049631,0.126126825809
red_yellow,0.1675,0.920802414417,0.2387611866,0.151232108474,0.916458129883,0.27545234561,0.125638440251
red_yellow,0.17,0.921075165272,0.240224644542,0.151167914271,0.91669434309,0.277162402868,0.125149324536
red_yellow,0.1725,0.921347737312,0.241683065891,0.151104152203,0.916930854321,0.278863579035,0.124659538269
red_yellow,0.175,0.921620130539,0.243136540055,0.151040941477,0.917167663574,0.280556082725,0.124169029295
red_yellow,0.1775,0.921892225742,0.244585201144,0.150978147984,0.917404711247,0.282239973545,0.123677939177
red_yellow,0.18,0.922164142132,0.246029153466,0.150915771723,0.917641878128,0.283915489912,0.123186081648
red_yellow,0.1825,0.922435760498,0.247468456626,0.150853842497,0.917879402638,0.285582900047,0.122693531215
red_yellow,0.185,0.92270731926,0.248903304338,0.150792449713,0.918117165566,0.287242263555,0.122200332582
red_yellow,0.1875,0.922978579998,0.250333666801,0.150731369853,0.918355107307,0.288893848658,0.121706426144
red_yellow,0.19,0.923249661923,0.251759797335,0.150670781732,0.918593287468,0.290537625551,0.121211834252
red_yellow,0.1925,0.923520565033,0.25318172574,0.150610625744,0.918831706047,0.29217389226,0.12071660161
red_yellow,0.195,0.923791229725,0.254599541426,0.150550842285,0.919070243835,0.293802767992,0.120220646262
red_yellow,0.1975,0.924061715603,0.256013274193,0.150491550565,0.919309139252,0.295424461365,0.119724050164
red_yellow,0.2,0.924331963062,0.257423102856,0.150432676077,0.919548153877,0.297038972378,0.119226664305
red_yellow,0.2025,0.924601972103,0.258829146624,0.150374129415,0.919787347317,0.298646599054,0.118728652597
red_yellow,0.205,0.924871742725,0.260231435299,0.150316029787,0.920026779175,0.300247371197,0.118229985237
red_yellow,0.2075,0.925141513348,0.261630028486,0.150258347392,0.920266389847,0.301841557026,0.117730639875
red_yellow,0.21,0.925410807133,0.263025045395,0.150201037526,0.920506238937,0.303429067135,0.117230564356
red_yellow,0.2125,0.925680100918,0.264416575432,0.15014411509,0.920746147633,0.305010229349,0.116729810834
red_yellow,0.215,0.925949215889,0.265804708004,0.150087609887,0.920986413956,0.306585043669,0.116228379309
red_yellow,0.2175,0.926217973232,0.267189472914,0.150031447411,0.921226680279,0.308153748512,0.11572624743
red_yellow,0.22,0.926486611366,0.26857098937,0.149975672364,0.921467244625,0.309716314077,0.11522346735
red_yellow,0.2225,0.926755011082,0.269949316978,0.149920254946,0.921707928181,0.311273038387,0.114719994366
red_yellow,0.225,0.927023291588,0.271324545145,0.149865239859,0.921948850155,0.312823951244,0.114215873182
red_yellow,0.2275,0.927291274071,0.272696793079,0.149810552597,0.922189891338,0.314369052649,0.113710969687
red_yellow,0.23,0.927559256554,0.274066030979,0.149756252766,0.922431051731,0.315908610821,0.113205477595
red_yellow,0.2325,0.927826881409,0.275432378054,0.149702310562,0.922672450542,0.317442655563,0.112699314952
red_yellow,0.235,0.928094387054,0.276795864105,0.149648711085,0.922914028168,0.318971276283,0.11219240725
red_yellow,0.2375,0.928361654282,0.278156667948,0.149595394731,0.923155725002,0.32049459219,0.111684828997
red_yellow,0.24,0.928628861904,0.279514759779,0.149542465806,0.923397541046,0.322012752294,0.111176602542
red_yellow,0.2425,0.928895711899,0.280870288611,0.149489864707,0.923639595509,0.323525905609,0.110667727888
red_yellow,0.245,0.929162502289,0.282223194838,0.149437576532,0.923881709576,0.325033932924,0.110158070922
red_yellow,0.2475,0.929428994656,0.283573657274,0.149385645986,0.924124062061,0.326537132263,0.109647803009
red_yellow,0.25,0.929695427418,0.284921705723,0.149333968759,0.924366533756,0.328035473824,0.109136871994
red_yellow,0.2525,0.929961562157,0.286267340183,0.149282753468,0.924609124661,0.329529166222,0.108625337481
red_yellow,0.255,0.930227518082,0.287610679865,0.149231687188,0.924851834774,0.331018149853,0.108112998307
red_yellow,0.2575,0.930493414402,0.28895175457,0.149181008339,0.925094723702,0.332502603531,0.107600040734
red_yellow,0.26,0.930759012699,0.29029071331,0.149130642414,0.925337731838,0.333982676268,0.107086442411
red_yellow,0.2625,0.931024491787,0.291627496481,0.149080529809,0.92558079958,0.335458338261,0.106572173536
red_yellow,0.265,0.931289851666,0.292962282896,0.149030700326,0.92582410574,0.336929649115,0.106057167053
red_yellow,0.2675,0.931554973125,0.294295012951,0.14898121357,0.926067590713,0.338396847248,0.105541601777
red_yellow,0.27,0.931819975376,0.29562574625,0.148931995034,0.926311075687,0.339859902859,0.105025328696
red_yellow,0.2725,0.932084679604,0.296954661608,0.148883014917,0.92655479908,0.341318935156,0.104508385062
red_yellow,0.275,0.932349324226,0.298281669617,0.148834303021,0.926798582077,0.342773854732,0.103990748525
red_yellow,0.2775,0.932613730431,0.299606919289,0.148785859346,0.927042543888,0.344224900007,0.103472471237
red_yellow,0.28,0.932878017426,0.300930470228,0.148737743497,0.927286624908,0.345672249794,0.102953627706
red_yellow,0.2825,0.933142066002,0.302252233028,0.148689836264,0.927530825138,0.347115725279,0.102434068918
red_yellow,0.285,0.933406054974,0.303572446108,0.148642197251,0.927775084972,0.34855556488,0.10191385448
red_yellow,0.2875,0.933669686317,0.30489102006,0.148594781756,0.928019523621,0.349991798401,0.101393021643
red_yellow,0.29,0.933933317661,0.306208103895,0.148547664285,0.928264081478,0.35142454505,0.100871510804
red_yellow,0.2925,0.934196770191,0.307523667812,0.148500740528,0.928508758545,0.35285371542,0.100349389017
red_yellow,0.295,0.934459984302,0.30883783102,0.148454070091,0.928753554821,0.354279518127,0.0998266339302
red_yellow,0.2975,0.934723138809,0.310150593519,0.148407578468,0.928998410702,0.35570204258,0.0993032082915
red_yellow,0.3,0.934986054897,0.311461985111,0.148361369967,0.929243505001,0.357121258974,0.098779194057
red_yellow,0.3025,0.935248792172,0.31277218461,0.148315414786,0.929488539696,0.35853728652,0.0982545167208
red_yellow,0.305,0.935511410236,0.314081013203,0.148269563913,0.929733872414,0.359950125217,0.0977292433381
red_yellow,0.3075,0.935773849487,0.315388709307,0.148223996162,0.929979205132,0.361359924078,0.0972033217549
red_yellow,0.31,0.936036169529,0.316695272922,0.148178607225,0.930224597454,0.362766623497,0.0966768190265
red_yellow,0.3125,0.936298370361,0.31800070405,0.148133426905,0.930470168591,0.364170432091,0.0961496680975
red_yellow,0.315,0.936560332775,0.319305032492,0.148088485002,0.930715858936,0.365571379662,0.0956219285727
red_yellow,0.3175,0.936822116375,0.320608407259,0.14804366231,0.930961668491,0.366969406605,0.0950935855508
red_yellow,0.32,0.937083780766,0.32191079855,0.147999078035,0.931207478046,0.368364691734,0.0945646464825
red_yellow,0.3225,0.937345385552,0.323212236166,0.147954642773,0.93145352602,0.36975723505,0.0940350815654
red_yellow,0.325,0.937606632709,0.324512809515,0.147910416126,0.931699633598,0.371147155762,0.0935049578548
red_yellow,0.3275,0.937867820263,0.325812488794,0.147866338491,0.931945800781,0.372534453869,0.0929742604494
red_yellow,0.33,0.938129007816,0.32711148262,0.147822409868,0.932192146778,0.373919188976,0.0924429222941
red_yellow,0.3325,0.938389897347,0.328409612179,0.14777867496,0.932438492775,0.375301450491,0.0919110476971
red_yellow,0.335,0.938650608063,0.329707056284,0.147735059261,0.932684957981,0.376681178808,0.0913785845041
red_yellow,0.3375,0.938911259174,0.331003814936,0.147691607475,0.932931602001,0.378058612347,0.0908455401659
red_yellow,0.34,0.939171671867,0.332300007343,0.147648245096,0.933178305626,0.379433661699,0.0903119668365
red_yellow,0.3425,0.939432024956,0.333595514298,0.147605091333,0.933425068855,0.380806386471,0.089777931571
red_yellow,0.345,0.93969219923,0.334890544415,0.147562026978,0.933672010899,0.382176965475,0.0892432257533
red_yellow,0.3475,0.939952254295,0.33618503809,0.147519230843,0.933919012547,0.383545279503,0.0887080207467
red_yellow,0.35,0.940212190151,0.337479025125,0.147476390004,0.934166073799,0.384911507368,0.0881723165512
red_yellow,0.3525,0.940471887588,0.338772565126,0.147433698177,0.934413313866,0.386275619268,0.0876359939575
red_yellow,0.355,0.940731465817,0.3400657475,0.147391170263,0.934660613537,0.387637734413,0.0870991945267
red_yellow,0.3575,0.940990865231,0.341358602047,0.147348731756,0.934907913208,0.388997823,0.0865619108081
red_yellow,0.36,0.941250264645,0.342651128769,0.14730642736,0.935155391693,0.390356034041,0.0860241726041
red_yellow,0.3625,0.94150942564,0.343943357468,0.147264122963,0.935402989387,0.391712367535,0.0854857563973
red_yellow,0.365,0.941768407822,0.34523537755,0.147221952677,0.935650646687,0.39306679368,0.0849470645189
red_yellow,0.3675,0.942027390003,0.346527129412,0.147179916501,0.935898423195,0.394419401884,0.0844077691436
red_yellow,0.37,0.942286193371,0.347818791866,0.147137910128,0.936146199703,0.395770281553,0.0838680937886
red_yellow,0.3725,0.942544817924,0.349110275507,0.147095993161,0.936394155026,0.39711946249,0.0833278670907
red_yellow,0.375,0.942803323269,0.350401729345,0.147054150701,0.936642169952,0.398467034101,0.0827872827649
red_yellow,0.3775,0.943061590195,0.351693123579,0.147012338042,0.936890304089,0.399812996388,0.0822461470962
red_yellow,0.38,0.943319916725,0.352984398603,0.146970584989,0.937138497829,0.401157349348,0.0817046388984
red_yellow,0.3825,0.943577945232,0.35427582264,0.146928921342,0.93738681078,0.402500271797,0.0811628252268
red_yellow,0.385,0.94383597374,0.355567246675,0.146887287497,0.937635183334,0.403841614723,0.0806204229593
red_yellow,0.3875,0.944093823433,0.356858849526,0.146845698357,0.937883615494,0.40518155694,0.0800777301192
red_yellow,0.39,0.944351553917,0.358150482178,0.146804124117,0.938132226467,0.406520187855,0.0795345976949
red_yellow,0.3925,0.944609105587,0.359442323446,0.146762609482,0.938380837441,0.40785741806,0.078991048038
red_yellow,0.395,0.944866478443,0.360734403133,0.146721079946,0.938629627228,0.409193366766,0.0784472748637
red_yellow,0.3975,0.945123851299,0.362026691437,0.14667956531,0.938878417015,0.410528063774,0.0779030174017
red_yellow,0.4,0.945381045342,0.363319307566,0.146638065577,0.939127326012,0.411861479282,0.0773585662246
red_yellow,0.4025,0.945638179779,0.364612221718,0.146596610546,0.939376294613,0.413193762302,0.0768136382103
red_yellow,0.405,0.945895075798,0.365905433893,0.14655508101,0.939625382423,0.414524912834,0.0762684866786
red_yellow,0.4075,0.946151912212,0.367199093103,0.146513596177,0.939874589443,0.415854990482,0.0757230594754
red_yellow,0.41,0.946408629417,0.368493169546,0.14647205174,0.940123856068,0.417183995247,0.0751773640513
red_yellow,0.4125,0.946665167808,0.369787693024,0.146430552006,0.940373122692,0.418512076139,0.0746313482523
red_yellow,0.415,0.94692158699,0.371082693338,0.146388933063,0.940622568131,0.419839173555,0.0740850940347
red_yellow,0.4175,0.947177946567,0.372378259897,0.146347358823,0.940872132778,0.421165257692,0.073538646102
red_yellow,0.42,0.947434186935,0.3736743927,0.146305724978,0.941121697426,0.422490477562,0.0729919597506
red_yellow,0.4225,0.947690248489,0.374971061945,0.146264076233,0.941371381283,0.423814952373,0.0724451467395
red_yellow,0.425,0.947946310043,0.376268535852,0.146222293377,0.941621184349,0.425138562918,0.0718981176615
red_yellow,0.4275,0.948202133179,0.377566516399,0.14618049562,0.941870987415,0.426461428404,0.0713508054614
red_yellow,0.43,0.948457896709,0.378865242004,0.146138623357,0.942120969296,0.42778351903,0.0708035007119
red_yellow,0.4325,0.948713541031,0.38016474247,0.146096631885,0.942370891571,0.429104983807,0.0702560991049
red_yellow,0.435,0.948969006538,0.381465017796,0.146054655314,0.942620933056,0.430425822735,0.0697085410356
red_yellow,0.4375,0.949224412441,0.382766157389,0.14601251483,0.942871153355,0.431746006012,0.0691608861089
red_yellow,0.44,0.94947963953,0.384068071842,0.14597029984,0.943121433258,0.433065712452,0.0686131641269
red_yellow,0.4425,0.949734866619,0.385370910168,0.145927980542,0.943371772766,0.434384852648,0.0680654868483
red_yellow,0.445,0.949989914894,0.386674702167,0.145885512233,0.943622231483,0.435703456402,0.0675176903605
red_yellow,0.4475,0.950244784355,0.387979388237,0.145842954516,0.943872630596,0.437021672726,0.066969960928
red_yellow,0.45,0.950499594212,0.389285087585,0.145800307393,0.944123327732,0.438339471817,0.0664222165942
red_yellow,0.4525,0.950754404068,0.390591740608,0.145757511258,0.944373965263,0.439656943083,0.0658746883273
red_yellow,0.455,0.951008915901,0.391899645329,0.145714536309,0.944624722004,0.440974056721,0.065327167511
red_yellow,0.4575,0.951263427734,0.393208473921,0.145671442151,0.944875538349,0.442290872335,0.0647797137499
red_yellow,0.46,0.951517820358,0.394518524408,0.145628213882,0.945126473904,0.443607479334,0.0642323642969
red_yellow,0.4625,0.951772153377,0.395829707384,0.145584747195,0.945377409458,0.444923818111,0.0636853501201
red_yellow,0.465,0.952026367188,0.397142142057,0.145541206002,0.945628523827,0.446240067482,0.0631384849548
red_yellow,0.4675,0.952280402183,0.398455828428,0.145497426391,0.9458796978,0.447556138039,0.0625918582082
red_yellow,0.47,0.95253431797,0.399770796299,0.145453467965,0.946130871773,0.448872119188,0.0620453543961
red_yellow,0.4725,0.952788233757,0.40108704567,0.145409330726,0.946382164955,0.450188010931,0.0614992938936
red_yellow,0.475,0.953041911125,0.402404785156,0.145364969969,0.946633577347,0.451503902674,0.0609535835683
red_yellow,0.4775,0.953295588493,0.403723716736,0.145320370793,0.946885108948,0.452819854021,0.0604081600904
red_yellow,0.48,0.953549087048,0.405044168234,0.145275607705,0.947136580944,0.454135835171,0.0598631724715
red_yellow,0.4825,0.953802525997,0.406366050243,0.145230591297,0.947388291359,0.45545193553,0.0593185424805
red_yellow,0.485,0.954055845738,0.407689511776,0.145185306668,0.947639942169,0.4567681849,0.0587743893266
red_yellow,0.4875,0.954309046268,0.409014433622,0.145139843225,0.947891771793,0.458084613085,0.0582308284938
red_yellow,0.49,0.954562187195,0.410340964794,0.145094037056,0.948143661022,0.459401190281,0.0576878339052
red_yellow,0.4925,0.954815149307,0.411669075489,0.14504802227,0.948395550251,0.460718095303,0.0571454279125
red_yellow,0.495,0.955068171024,0.412998944521,0.145001724362,0.948647558689,0.462035238743,0.0566035099328
red_yellow,0.4975,0.955320954323,0.414330452681,0.144955128431,0.948899686337,0.463352799416,0.056062463671
red_yellow,0.5,0.955573678017,0.415663540363,0.144908279181,0.949151873589,0.464670687914,0.0555220097303
red_yellow,0.5025,0.955826222897,0.416998565197,0.144861087203,0.949404120445,0.465988963842,0.0549823902547
red_yellow,0.505,0.956078767777,0.418335437775,0.144813627005,0.949656426907,0.467307716608,0.0544435195625
red_yellow,0.5075,0.956331193447,0.419674038887,0.144765838981,0.949908852577,0.468626976013,0.0539056621492
red_yellow,0.51,0.956583499908,0.421014457941,0.144717693329,0.950161337853,0.469946682453,0.0533685386181
red_yellow,0.5125,0.95683580637,0.422356873751,0.144669145346,0.950413882732,0.471267014742,0.0528324171901
red_yellow,0.515,0.957087934017,0.423701256514,0.144620344043,0.950666487217,0.472587943077,0.052297309041
red_yellow,0.5175,0.957339882851,0.425047665834,0.144571095705,0.950919210911,0.473909586668,0.0517633631825
red_yellow,0.52,0.957591831684,0.426396101713,0.144521534443,0.951171994209,0.475231856108,0.05123052001
red_yellow,0.5225,0.957843720913,0.427746593952,0.144471570849,0.951424896717,0.476554870606,0.0506988763809
red_yellow,0.525,0.958095371723,0.429099172354,0.144421204925,0.951677799225,0.477878600359,0.0501684397459
red_yellow,0.5275,0.958347022533,0.430453956127,0.14437045157,0.951930820942,0.47920319438,0.049639262259
red_yellow,0.53,0.958598613739,0.43181091547,0.144319295883,0.952183902264,0.480528622866,0.0491115935147
red_yellow,0.5325,0.95885014534,0.433170199394,0.144267678261,0.952437102795,0.481855005026,0.0485852397978
red_yellow,0.535,0.959101438522,0.43453168869,0.144215628505,0.952690303326,0.483182281256,0.048060324043
red_yellow,0.5375,0.959352731705,0.435895562172,0.144163146615,0.952943623066,0.484510481358,0.0475370511413
red_yellow,0.54,0.959603905678,0.43726170063,0.144110158086,0.953197002411,0.485839694738,0.0470155328512
red_yellow,0.5425,0.959854960442,0.438630282879,0.14405669272,0.953450500965,0.487169981003,0.0464954636991
red_yellow,0.545,0.960105955601,0.440001368523,0.144002810121,0.953703999519,0.488501340151,0.0459775663912
red_yellow,0.5475,0.960356831551,0.441374897957,0.143948346376,0.953957617283,0.489833891392,0.0454612709582
red_yellow,0.55,0.960607647896,0.442750960588,0.143893390894,0.954211294651,0.491167604923,0.0449468307197
red_yellow,0.5525,0.960858285427,0.444129675627,0.143837928772,0.954464972019,0.492502510548,0.0444347076118
red_yellow,0.555,0.961108922958,0.445510923863,0.143781989813,0.954718828201,0.493838787079,0.0439244024456
red_yellow,0.5575,0.961359500885,0.44689488411,0.143725380302,0.954972684383,0.495176255703,0.0434164851904
red_yellow,0.56,0.961609899998,0.44828158617,0.14366824925,0.955226659775,0.496515095234,0.0429106466472
red_yellow,0.5625,0.961860179901,0.449671000242,0.143610537052,0.955480635166,0.497855395079,0.0424073785543
red_yellow,0.565,0.962110519409,0.451063245535,0.143552228808,0.955734729767,0.49919706583,0.0419063493609
red_yellow,0.5675,0.962360680103,0.452458381653,0.143493324518,0.955988883972,0.500540316105,0.0414079464972
red_yellow,0.57,0.962610721588,0.453856319189,0.143433704972,0.956243157387,0.501884877682,0.0409122556448
red_yellow,0.5725,0.962860703468,0.455257207155,0.143373593688,0.956497430801,0.503231287003,0.0404187366366
red_yellow,0.575,0.963110566139,0.456661134958,0.143312722444,0.956751823425,0.504579126835,0.0399222932756
red_yellow,0.5775,0.963360369205,0.458068072796,0.143251240253,0.957006216049,0.505928754807,0.0394323915243
red_yellow,0.58,0.963610112667,0.459478139877,0.143189057708,0.957260727882,0.507280051708,0.0389488711953
red_yellow,0.5825,0.96385961771,0.460891366005,0.143126189709,0.95751529932,0.50863301754,0.0384721830487
red_yellow,0.585,0.964109241962,0.462307780981,0.143062576652,0.957769870758,0.509987831116,0.0380019955337
red_yellow,0.5875,0.964358627796,0.463727325201,0.142998248339,0.95802462101,0.511344492435,0.0375383757055
red_yellow,0.59,0.964607954025,0.465150266886,0.142933160067,0.958279371262,0.512703120708,0.0370818562806
red_yellow,0.5925,0.964857161045,0.466576486826,0.142867296934,0.958534121513,0.51406365633,0.0366316884756
red_yellow,0.595,0.965106368065,0.468006163835,0.142800703645,0.958789110184,0.515426278114,0.0361882857978
red_yellow,0.5975,0.96535551548,0.469439268112,0.142733246088,0.959043979645,0.516790866852,0.0357520766556
red_yellow,0.6,0.965604424477,0.470875829458,0.142665058374,0.95929902792,0.518157482147,0.0353222452104
red_yellow,0.6025,0.965853273869,0.472315937281,0.142595916987,0.959554076195,0.519526302814,0.0348996557295
red_yellow,0.605,0.966102004051,0.473759651184,0.142525941134,0.959809243679,0.520897269249,0.03448375687
red_yellow,0.6075,0.966350793838,0.475207060575,0.142455160618,0.960064411163,0.52227050066,0.0340749099851
red_yellow,0.61,0.966599285603,0.476658195257,0.14238345623,0.960319638252,0.523645997047,0.0336730927229
red_yellow,0.6125,0.966847896576,0.478113055229,0.142310768366,0.960574984551,0.525023937225,0.0332780107856
red_yellow,0.615,0.967096269131,0.479571729898,0.142237246037,0.960830271244,0.526404201984,0.0328901261091
red_yellow,0.6175,0.967344641686,0.481034308672,0.142162710428,0.961085677147,0.527786970138,0.032509624958
red_yellow,0.62,0.967592835426,0.482500821352,0.142087191343,0.961341202259,0.529172241688,0.0321358442307
red_yellow,0.6225,0.967840909958,0.483971357346,0.142010688782,0.961596667767,0.530560016632,0.031769592315
red_yellow,0.625,0.968088924885,0.485445946455,0.141933172941,0.961852252483,0.531950414181,0.0314102470875
red_yellow,0.6275,0.968336880207,0.486924648285,0.141854628921,0.962107896805,0.533343553543,0.031058292836
red_yellow,0.63,0.968584775925,0.48840752244,0.141774982214,0.962363600731,0.53473931551,0.0307136029005
red_yellow,0.6325,0.968832552433,0.489894658327,0.141694232822,0.962619245052,0.536137938499,0.0303762070835
red_yellow,0.635,0.969080150127,0.491386115551,0.141612365842,0.962875008583,0.537539422512,0.0300459824502
red_yellow,0.6375,0.969327747822,0.492881894112,0.14152944088,0.963130831718,0.538943767548,0.0297233853489
red_yellow,0.64,0.969575166702,0.494382172823,0.141445323825,0.963386714458,0.540351092815,0.0294081047177
red_yellow,0.6425,0.969822525978,0.49588689208,0.14135992527,0.963642597198,0.54176145792,0.0291001163423
red_yellow,0.645,0.970069825649,0.497396230698,0.141273409128,0.963898539543,0.543174803257,0.0287999976426
red_yellow,0.6475,0.970317006111,0.498910218477,0.14118565619,0.964154601097,0.544591367245,0.0285070501268
red_yellow,0.65,0.970564007759,0.500428915024,0.141096591949,0.964410603046,0.546011149883,0.0282219704241
red_yellow,0.6525,0.970810949802,0.501952290535,0.141006216407,0.9646666646,0.547434091568,0.0279443282634
red_yellow,0.655,0.971057832241,0.503480553627,0.140914544463,0.964922785759,0.548860490322,0.027674170211
red_yellow,0.6575,0.971304655075,0.505013823509,0.140821516514,0.965178966522,0.550290226936,0.0274118818343
red_yellow,0.66,0.971551299095,0.506552040577,0.140727043152,0.965435147285,0.551723480225,0.0271573420614
red_yellow,0.6625,0.971797883511,0.508095264435,0.140631243587,0.965691387653,0.553160190582,0.0269103366882
red_yellow,0.665,0.972044229507,0.509643673897,0.140533968806,0.965947628021,0.554600477219,0.0266710296273
red_yellow,0.6675,0.972290635109,0.511197268963,0.140435174108,0.966203808784,0.556044459343,0.0264398101717
red_yellow,0.67,0.972536861897,0.512756168842,0.140334933996,0.966460168362,0.557492136955,0.0262164343149
red_yellow,0.6725,0.97278290987,0.514320492744,0.140233129263,0.966716468334,0.558943688869,0.0260007847101
red_yellow,0.675,0.973028898239,0.51589012146,0.140129745007,0.966972827911,0.560399115086,0.0257929563522
red_yellow,0.6775,0.973274767399,0.517465472221,0.140024781227,0.967229247093,0.561858355999,0.0255931168795
red_yellow,0.68,0.973520517349,0.51904630661,0.139918088913,0.967485666275,0.563321769237,0.0254013407975
red_yellow,0.6825,0.973766207695,0.520632982254,0.139809757471,0.967742025852,0.564789235592,0.0252174325287
red_yellow,0.685,0.974011719227,0.522225260735,0.139699652791,0.967998504639,0.566260874271,0.0250416826457
red_yellow,0.6875,0.974257111549,0.523823440075,0.13958786428,0.968254923821,0.567736744881,0.0248740203679
red_yellow,0.69,0.974502444267,0.525427699089,0.139474213123,0.968511462212,0.569216907024,0.0247144903988
red_yellow,0.6925,0.974747538567,0.527037858963,0.139358758926,0.968767881393,0.570701539516,0.0245631914586
red_yellow,0.695,0.974992692471,0.528654277325,0.139241367579,0.96902436018,0.572190582752,0.024419689551
red_yellow,0.6975,0.975237548351,0.530277013779,0.139122128487,0.969280838966,0.57368427515,0.0242846831679
red_yellow,0.7,0.975482344627,0.531905889511,0.139000862837,0.969537377358,0.575182616711,0.0241577625275
red_yellow,0.7025,0.975727021694,0.533541321754,0.138877555728,0.969793856144,0.576685667038,0.0240392163396
red_yellow,0.705,0.975971639156,0.535183131695,0.138752236962,0.97005033493,0.578193545342,0.0239288527518
red_yellow,0.7075,0.976216077805,0.536831736565,0.138624772429,0.970306873322,0.579706370831,0.0238266717643
red_yellow,0.71,0.97646021843,0.538487017155,0.138495177031,0.970563352108,0.581224143505,0.0237330086529
red_yellow,0.7125,0.976704359055,0.54014903307,0.138363361359,0.970819830894,0.582747101784,0.0236477199942
red_yellow,0.715,0.976948440075,0.541818082333,0.138229206204,0.971076309681,0.584275186062,0.0235706865787
red_yellow,0.7175,0.977192223072,0.543494224548,0.138092815876,0.971332728863,0.585808575153,0.0235023908317
red_yellow,0.72,0.97743588686,0.545177459717,0.137954041362,0.971589148045,0.587347388267,0.0234419852495
red_yellow,0.7225,0.977679491043,0.546867966652,0.137812867761,0.971845567226,0.588891685009,0.0233904384077
red_yellow,0.725,0.977922856808,0.548565864563,0.137669175863,0.972101986408,0.590441465378,0.0233471691608
red_yellow,0.7275,0.978166103363,0.550271213055,0.137522935867,0.972358345985,0.591997027397,0.0233123935759
red_yellow,0.73,0.978409230709,0.55198431015,0.137374117971,0.972614645958,0.593558311462,0.023286331445
red_yellow,0.7325,0.978652119637,0.553705096245,0.137222573161,0.972870886326,0.595125555992,0.0232686437666
red_yellow,0.735,0.978894770145,0.555433630943,0.137068361044,0.973127126694,0.596698760986,0.0232594497502
red_yellow,0.7375,0.979137420654,0.557170271873,0.136911347508,0.973383426666,0.598278045654,0.023258920759
red_yellow,0.74,0.979379832745,0.558915019035,0.136751458049,0.973639547825,0.599863648415,0.0232670791447
red_yellow,0.7425,0.979622066021,0.560667991638,0.136588618159,0.973895609379,0.601455509663,0.0232834909111
red_yellow,0.745,0.979864120483,0.562429428101,0.136422708631,0.974151790142,0.603053927422,0.0233085919172
red_yellow,0.7475,0.980106055737,0.564199388027,0.136253803968,0.974407732487,0.604658782482,0.023342596367
red_yellow,0.75,0.980347692967,0.565977931023,0.136081710458,0.974663674831,0.606270432472,0.0233849994838
red_yellow,0.7525,0.980589210987,0.567765295506,0.135906308889,0.974919497967,0.607888936997,0.0234360415489
red_yellow,0.755,0.980830490589,0.56956166029,0.135727703571,0.975175380707,0.609514355659,0.023495554924
red_yellow,0.7575,0.981071591377,0.57136708498,0.135545581579,0.975431144237,0.611146867275,0.0235638525337
red_yellow,0.76,0.981312513351,0.573181986809,0.135360047221,0.975686728954,0.612786710262,0.0236405488104
red_yellow,0.7625,0.981553137302,0.575006186962,0.135170817375,0.975942373276,0.614433765411,0.0237259082496
red_yellow,0.765,0.981793522835,0.576839983463,0.134978026152,0.976197779179,0.61608839035,0.0238200053573
red_yellow,0.7675,0.982033848762,0.578683495522,0.134781375527,0.976453185082,0.617750585079,0.0239226203412
red_yellow,0.77,0.982273817062,0.58053702116,0.134580865502,0.97670853138,0.619420647621,0.0240337532014
red_yellow,0.7725,0.982513666153,0.582400500774,0.134376391768,0.976963698864,0.621098637581,0.024153502658
red_yellow,0.775,0.98275321722,0.584274351597,0.134167745709,0.977218747139,0.622784733772,0.0242817718536
red_yellow,0.7775,0.98299241066,0.586158692837,0.133954927325,0.977473735809,0.624479115009,0.0244184620678
red_yellow,0.78,0.98323148489,0.588053703308,0.133737891912,0.97772860527,0.626181781292,0.0245636738837
red_yellow,0.7825,0.983470261097,0.58995950222,0.133516311646,0.977983355522,0.627893149853,0.0247172098607
red_yellow,0.785,0.983708739281,0.591876387596,0.133290171623,0.97823792696,0.629613220692,0.0248792655766
red_yellow,0.7875,0.983946919441,0.593804478645,0.133059367538,0.978492438793,0.631342291832,0.0250497460365
red_yellow,0.79,0.984185039997,0.595744013786,0.132823765278,0.978746652603,0.633080363274,0.0252283588052
red_yellow,0.7925,0.984422624111,0.597695171833,0.132583156228,0.979000866413,0.63482773304,0.0254153460264
red_yellow,0.795,0.984660029411,0.599658250809,0.132337540388,0.979254841804,0.63658452034,0.0256105177105
red_yellow,0.7975,0.984897077084,0.601633429527,0.132086575031,0.979508697987,0.638351082802,0.0258137732744
red_yellow,0.8,0.985133767128,0.603621006012,0.13183028996,0.979762256146,0.640127420425,0.0260249711573
red_yellow,0.8025,0.985370218754,0.605621099472,0.131568416953,0.980015814304,0.641913831234,0.0262443032116
red_yellow,0.805,0.985606312752,0.607634007931,0.131300717592,0.98026907444,0.643710434437,0.0264716241509
red_yellow,0.8075,0.985842049122,0.609660029411,0.131027162075,0.980522155762,0.645517587662,0.0267069358379
red_yellow,0.81,0.986077427864,0.611699402332,0.130747675896,0.980775058269,0.647335469723,0.0269495137036
red_yellow,0.8125,0.986312448978,0.613752305508,0.130461767316,0.981027841568,0.649164259434,0.027200371027
red_yellow,0.815,0.98654705286,0.615819036961,0.130169481039,0.981280207634,0.651004135609,0.0274582076818
red_yellow,0.8175,0.986781477928,0.617900013924,0.129870474338,0.981532514095,0.652855575085,0.0277235042304
red_yellow,0.82,0.987015247345,0.619995355606,0.129564672709,0.981784522533,0.654718518257,0.0279961656779
red_yellow,0.8225,0.987248718739,0.622105419636,0.129251688719,0.982036352158,0.656593382359,0.0282760933042
red_yellow,0.825,0.987481713295,0.624230623245,0.128931388259,0.982287883758,0.658480465412,0.0285627599806
red_yellow,0.8275,0.987714290619,0.626371204853,0.128603577614,0.982539117336,0.660379886627,0.0288564059883
red_yellow,0.83,0.98794645071,0.628527402878,0.128267899156,0.982790112495,0.662292122841,0.0291566941887
red_yellow,0.8325,0.98817807436,0.630699694157,0.127924218774,0.983040869236,0.664217174053,0.0294635277242
red_yellow,0.835,0.988409221172,0.632888436317,0.127572178841,0.983291327953,0.666155636311,0.0297763776034
red_yellow,0.8375,0.988639831543,0.635093867779,0.127211511135,0.983541429043,0.668107688427,0.0300953406841
red_yellow,0.84,0.988869965076,0.637316465378,0.126841768622,0.983791232109,0.670073568821,0.0304198861122
red_yellow,0.8425,0.989099681377,0.639556467533,0.126462891698,0.984040796757,0.67205375433,0.0307503510267
red_yellow,0.845,0.989328682423,0.641814529896,0.126074433327,0.984290003777,0.674048542976,0.0310862082988
red_yellow,0.8475,0.989557147026,0.644090890884,0.125676050782,0.984538853168,0.676058113575,0.0314269252121
red_yellow,0.85,0.989784955978,0.646385908127,0.125267267227,0.984787404537,0.678083062172,0.0317723117769
red_yellow,0.8525,0.990012228489,0.648700296879,0.124847970903,0.985035538673,0.680123627186,0.0321223177016
red_yellow,0.855,0.990238845348,0.651034235954,0.124417543411,0.985283315182,0.682180166244,0.0324763208628
red_yellow,0.8575,0.990464806557,0.653388381004,0.123975619674,0.985530734062,0.684253156185,0.0328338854015
red_yellow,0.86,0.990689992905,0.655763089657,0.123521819711,0.98577773571,0.686342954636,0.0331948660314
red_yellow,0.8625,0.990914523602,0.658159077167,0.123055495322,0.986024320126,0.688450098038,0.0335587337613
red_yellow,0.865,0.991138279438,0.660576701164,0.122576326132,0.986270606518,0.69057482481,0.0339251048863
red_yellow,0.8675,0.991361260414,0.663016557693,0.122083693743,0.986516356468,0.692717790604,0.0342933535576
red_yellow,0.87,0.991583526134,0.665479302406,0.121577084065,0.986761748791,0.694879412651,0.0346634760499
red_yellow,0.8725,0.991804897785,0.667965531349,0.121055915952,0.987006664276,0.697060167789,0.0350337959826
red_yellow,0.875,0.992025434971,0.670475780964,0.120519481599,0.987251102924,0.699260592461,0.0354052707553
red_yellow,0.8775,0.992245078087,0.673010826111,0.119967408478,0.987495064735,0.701481223106,0.0357757806778
red_yellow,0.88,0.992463707924,0.675571203232,0.119398698211,0.987738609314,0.703722655773,0.0361457131803
red_yellow,0.8825,0.992681384087,0.678157687187,0.118812695146,0.987981677055,0.705985426903,0.0365138649941
red_yellow,0.885,0.992897987366,0.680771112442,0.118208616972,0.98822414875,0.708270132542,0.0368798039854
red_yellow,0.8875,0.993113577366,0.683412253857,0.117585666478,0.988466262817,0.710577487946,0.0372424684465
red_yellow,0.89,0.993328094482,0.686081826687,0.116942845285,0.988707721233,0.712908089161,0.037600800395
red_yellow,0.8925,0.993541479111,0.688780784607,0.116279341281,0.988948702812,0.715262651443,0.037954416126
red_yellow,0.895,0.993753552437,0.691509962082,0.115594133735,0.989189207554,0.717641830444,0.0383018255234
red_yellow,0.8975,0.993964493275,0.694270372391,0.1148859635,0.989429116249,0.720046639442,0.0386423021555
red_yellow,0.9,0.994174003601,0.697062849998,0.114153832197,0.989668428898,0.72247761488,0.0389744527638
red_yellow,0.9025,0.994382143021,0.699888586998,0.113396346569,0.989907324314,0.724935650826,0.0392971225083
red_yellow,0.905,0.994588851929,0.702748656273,0.112612202764,0.990145623684,0.727421700954,0.0396088175476
red_yellow,0.9075,0.994794070721,0.705644309521,0.111799962819,0.990383386612,0.729936718941,0.0399085246027
red_yellow,0.91,0.994997680187,0.708576440811,0.110958084464,0.990620553493,0.732481658459,0.0401943251491
red_yellow,0.9125,0.995199739933,0.711546599865,0.110084809363,0.990857183933,0.735057353973,0.0404645428062
red_yellow,0.915,0.99539989233,0.714556157589,0.10917840153,0.991093277931,0.737665057182,0.0407125763595
red_yellow,0.9175,0.995598256588,0.717606365681,0.108236581087,0.991328895092,0.740305960178,0.0409412495792
red_yellow,0.92,0.995794773102,0.72069889307,0.107257381082,0.991563856602,0.742981255054,0.041148558259
red_yellow,0.9225,0.995989263058,0.723835289478,0.106238469481,0.991798341274,0.745692074299,0.0413324944675
red_yellow,0.925,0.996181547642,0.727017343044,0.105177149177,0.992032408714,0.748439967632,0.0414904505014
red_yellow,0.9275,0.996371626854,0.730246961117,0.104070618749,0.992265999317,0.751226246357,0.0416206941009
red_yellow,0.93,0.99655932188,0.733525931835,0.102915629744,0.992499113083,0.754052579403,0.0417201779783
red_yellow,0.9325,0.996744513512,0.736856222153,0.101708903909,0.992731869221,0.756920456886,0.0417859740555
red_yellow,0.935,0.996927142143,0.740240335464,0.100446522236,0.992964267731,0.759831607342,0.0418150685728
red_yellow,0.9375,0.997106909752,0.743680596352,0.0991240590811,0.993196427822,0.762788116932,0.0418036989868
red_yellow,0.94,0.997283756733,0.747179508209,0.0977371558547,0.99342828989,0.765791773796,0.0417483262718
red_yellow,0.9425,0.997457444668,0.750739872456,0.0962801799178,0.993660151958,0.768844723702,0.0416441373527
red_yellow,0.945,0.997627854347,0.754364669323,0.0947473049164,0.993891894817,0.771949470043,0.0414862073958
red_yellow,0.9475,0.997794866562,0.758056938648,0.0931319221854,0.994123756886,0.775108337402,0.0412688851357
red_yellow,0.95,0.997958004475,0.761820495129,0.0914262458682,0.994355797768,0.778324007988,0.0409862920642
red_yellow,0.9525,0.998117208481,0.765658795834,0.0896215960383,0.994588375092,0.781599581242,0.0406304523349
red_yellow,0.955,0.998272120953,0.769576251507,0.0877080410719,0.994821488857,0.784937918186,0.0401894189417
red_yellow,0.9575,0.998422563076,0.773577332497,0.0856740251183,0.995055496693,0.788342773914,0.0396564640105
red_yellow,0.96,0.998568177223,0.777666985989,0.083506219089,0.995290577412,0.791817843914,0.0390259511769
red_yellow,0.9625,0.998708665371,0.781850457192,0.0811888724566,0.995527207851,0.795367181301,0.0382875315845
red_yellow,0.965,0.998843610287,0.786134064197,0.0787030532956,0.99576574564,0.798995614052,0.0374296009541
red_yellow,0.9675,0.998972773552,0.790524482727,0.0760268121958,0.996006608009,0.802707850933,0.0364401265979
red_yellow,0.97,0.99909555912,0.795029103756,0.0731326937675,0.996250510216,0.806509971619,0.0353036150336
red_yellow,0.9725,0.999211609364,0.799656391144,0.0699877738953,0.99649810791,0.810407996178,0.0340036526322
red_yellow,0.975,0.99932050705,0.804415464401,0.0665506497025,0.996750295162,0.814409136772,0.0325215160847
red_yellow,0.9775,0.999421775341,0.809317350388,0.0627681165934,0.997008264065,0.818521499634,0.0308350622654
red_yellow,0.98,0.999514937401,0.814374268055,0.0585717856884,0.997273206711,0.822754263878,0.0289183501154
red_yellow,0.9825,0.999599516392,0.81960016489,0.0538692101836,0.99754691124,0.827118098736,0.0267414934933
red_yellow,0.985,0.999675273895,0.825011312962,0.0485330671072,0.997831404209,0.831625282764,0.0242690648884
red_yellow,0.9875,0.999742031097,0.830626785755,0.0423771478236,0.998129606247,0.836290359497,0.0214585661888
red_yellow,0.99,0.999799907208,0.836469113827,0.0352326594293,0.998444855213,0.841130554676,0.0182577259839
red_yellow,0.9925,0.999850094318,0.842565238476,0.0274819172919,0.998781919479,0.846166849136,0.0146037843078
red_yellow,0.995,0.999895036221,0.848948121071,0.0191016867757,0.999147057533,0.851424694061,0.0104163130745
red_yellow,0.9975,0.999940693378,0.855657756329,0.00998664647341,0.999548912048,0.856936812401,0.00559375574812
red_yellow,1.0,1.0,0.86274510622,0.0,1.0,0.86274510622,0.0
cyan_magenta,0.0,0.0,0.745098054409,0.823529422283,0.0,0.745098054409,0.823529422283
cyan_magenta,0.0025,0.031371627003,0.740264832973,0.823191285133,0.0975274071097,0.737959206104,0.803918302059
cyan_magenta,0.005,0.0586328394711,0.735570847988,0.822843253612,0.142780870199,0.731535673142,0.786728620529
cyan_magenta,0.0075,0.0784416571259,0.731006205082,0.822486341,0.173362106085,0.725641012192,0.771360754967
cyan_magenta,0.01,0.0942395925522,0.726562201977,0.822121322155,0.196751341224,0.72016108036,0.757431149483
cyan_magenta,0.0125,0.107519999146,0.72223097086,0.821748614311,0.215759411454,0.715019345283,0.744676351547
cyan_magenta,0.015,0.119038023055,0.718005537987,0.821369051933,0.231788352132,0.710161030292,0.732904911041
cyan_magenta,0.0175,0.129238292575,0.713879406452,0.820983231068,0.245649412274,0.70554536581,0.721973001957
cyan_magenta,0.02,0.138407453895,0.709846973419,0.820591390133,0.257857471705,0.701140761375,0.711768269539
cyan_magenta,0.0225,0.146744295955,0.705903053284,0.82019418478,0.268761008978,0.696922242641,0.702201724052
cyan_magenta,0.025,0.154391974211,0.702042818069,0.819791972637,0.278608173132,0.692869305611,0.693201065063
cyan_magenta,0.0275,0.161458879709,0.698262035847,0.819385230541,0.287581771612,0.688965260982,0.684706509113
cyan_magenta,0.03,0.168028056622,0.694556713104,0.818974137306,0.295820772648,0.685196042061,0.676668226719
cyan_magenta,0.0325,0.174165889621,0.690923035145,0.818558931351,0.303433179855,0.681549608707,0.669043719768
cyan_magenta,0.035,0.179925382137,0.687357723713,0.818139910698,0.310504853725,0.678015828133,0.661796808243
cyan_magenta,0.0375,0.185350522399,0.683857619762,0.81771749258,0.317105174065,0.674585700035,0.654896259308
cyan_magenta,0.04,0.190477669239,0.68041998148,0.817291676998,0.323290914297,0.671251416206,0.648314833641
cyan_magenta,0.0425,0.19533739984,0.677041947842,0.816862881184,0.329109340906,0.668006241322,0.642028450966
cyan_magenta,0.045,0.199955895543,0.673720955849,0.816431283951,0.33460009098,0.664844036102,0.636016130447
cyan_magenta,0.0475,0.204355373979,0.670454800129,0.815996944904,0.339796662331,0.661759316921,0.630259037018
cyan_magenta,0.05,0.208555370569,0.667241215706,0.815559923649,0.344727873802,0.658747375011,0.624740481377
cyan_magenta,0.0525,0.212572693825,0.664078116417,0.815120697022,0.349418342113,0.655803740025,0.619445264339
cyan_magenta,0.055,0.216422200203,0.660963773727,0.814679145813,0.353889703751,0.652924597263,0.614359974861
cyan_magenta,0.0575,0.220116913319,0.65789604187,0.814235389233,0.358160704374,0.650106072426,0.60947227478
cyan_magenta,0.06,0.223668560386,0.654873549938,0.813789963722,0.362247914076,0.64734518528,0.604770958424
cyan_magenta,0.0625,0.227087542415,0.651894569397,0.813342452049,0.366165667772,0.64463865757,0.600245833397
cyan_magenta,0.065,0.230383142829,0.648957431316,0.812893331051,0.369927197695,0.641983985901,0.59588766098
cyan_magenta,0.0675,0.233563482761,0.646060824394,0.812442302704,0.373543947935,0.639378428459,0.5916877985
cyan_magenta,0.07,0.236636400223,0.643203437328,0.81198990345,0.377026170492,0.636819779873,0.587638378143
cyan_magenta,0.0725,0.239608615637,0.640383958817,0.811536133289,0.380383312702,0.634305715561,0.583732187748
cyan_magenta,0.075,0.242486357689,0.637601137161,0.811080873012,0.383623719215,0.631834387779,0.579962551594
cyan_magenta,0.0775,0.24527528882,0.634853720665,0.810624182224,0.386754959822,0.629403829575,0.576323091984
cyan_magenta,0.08,0.247980609536,0.632140755653,0.810166358948,0.38978394866,0.627012312412,0.572808146477
cyan_magenta,0.0825,0.250607132912,0.629461228847,0.809707283974,0.392717003822,0.624658226967,0.569412052631
cyan_magenta,0.085,0.253159105778,0.626814126968,0.80924731493,0.395559906959,0.622339904308,0.566130101681
cyan_magenta,0.0875,0.255640774965,0.624198257923,0.808786034584,0.398317754269,0.620056092739,0.56295722723
cyan_magenta,0.09,0.258055686951,0.621613025665,0.808323979378,0.40099555254,0.617805361748,0.559889316559
cyan_magenta,0.0925,0.260407298803,0.619057357311,0.807860791683,0.403597742319,0.615586519241,0.556922137737
cyan_magenta,0.095,0.262698918581,0.616530478001,0.807396948338,0.406128317118,0.613398313522,0.554051697254
cyan_magenta,0.0975,0.264933377504,0.614031612873,0.806932151318,0.408591151238,0.611239671707,0.551274418831
cyan_magenta,0.1,0.267113596201,0.611560046673,0.806466460228,0.41098973155,0.609109401703,0.548586726189
cyan_magenta,0.1025,0.269242048264,0.609115064144,0.806000351906,0.413327336311,0.60700660944,0.545985519886
cyan_magenta,0.105,0.271321207285,0.606695771217,0.805533230305,0.415606915951,0.604930281639,0.543467581272
cyan_magenta,0.1075,0.273353308439,0.60430175066,0.805065512657,0.417831391096,0.602879583836,0.541029989719
cyan_magenta,0.11,0.275340437889,0.601932227612,0.804597139358,0.420003294945,0.600853741169,0.538670003414
cyan_magenta,0.1125,0.277284473181,0.599586606026,0.804128408432,0.422125160694,0.598851621151,0.536385059357
cyan_magenta,0.115,0.279187470675,0.597264230251,0.80365896225,0.424199253321,0.596872806549,0.534172534943
cyan_magenta,0.1175,0.281051188707,0.594964623451,0.803188860416,0.426227718592,0.594916403294,0.532030165195
cyan_magenta,0.12,0.282877147198,0.592687249184,0.80271846056,0.42821252346,0.592981696129,0.529955565929
cyan_magenta,0.1225,0.284666895866,0.590431511402,0.802247405052,0.430155664682,0.591068029404,0.527946650982
cyan_magenta,0.125,0.286422014236,0.588196933269,0.801775991917,0.432058900595,0.589174866676,0.526001393795
cyan_magenta,0.1275,0.28814381361,0.585982978344,0.801304221153,0.433923780918,0.587301373482,0.524117767811
cyan_magenta,0.13,0.289833605289,0.583789288998,0.800831913948,0.435752004385,0.585447132587,0.522293925285
cyan_magenta,0.1325,0.291492581368,0.581615328789,0.800359427929,0.437545061111,0.583611607552,0.520528078079
cyan_magenta,0.135,0.293122082949,0.579460561276,0.799886465073,0.439304322004,0.581794261932,0.518818438053
cyan_magenta,0.1375,0.29472309351,0.577324688435,0.799413144588,0.44103115797,0.579994440079,0.517163455486
cyan_magenta,0.14,0.296296715736,0.575207233429,0.79893964529,0.4427267313,0.578211665153,0.515561521053
cyan_magenta,0.1425,0.297843873501,0.573107838631,0.798465847969,0.444392412901,0.576445639133,0.514011144638
cyan_magenta,0.145,0.299365639687,0.571026206017,0.797991573811,0.446029126644,0.574695825577,0.512510836124
cyan_magenta,0.1475,0.300862848759,0.568961858749,0.797517180443,0.447638064623,0.572961807251,0.511059105396
cyan_magenta,0.15,0.302336454391,0.566914439201,0.797042608261,0.449220240116,0.57124298811,0.509654819965
cyan_magenta,0.1525,0.303787201643,0.56488353014,0.796567738056,0.4507766366,0.569539189339,0.508296430111
cyan_magenta,0.155,0.305215924978,0.562868833542,0.796092689037,0.452308088541,0.567849934101,0.506982982159
cyan_magenta,0.1575,0.306623339653,0.560870051384,0.7956174016,0.453815579414,0.566174864769,0.505713105202
cyan_magenta,0.16,0.308010220528,0.558887004852,0.795141994953,0.455299884081,0.564513623714,0.504485666752
cyan_magenta,0.1625,0.309377223253,0.556919157505,0.794666409493,0.456761837006,0.562865793705,0.503299474716
cyan_magenta,0.165,0.310725033283,0.554966330528,0.794190645218,0.458202123642,0.561231195927,0.50215357542
cyan_magenta,0.1675,0.312054306269,0.553028106689,0.793714880943,0.459621548653,0.559609353542,0.501046955586
cyan_magenta,0.17,0.313365578651,0.551104426384,0.793238699436,0.461020797491,0.558000028133,0.499978512526
cyan_magenta,0.1725,0.314659416676,0.54919475317,0.792762577534,0.462400525808,0.556402862072,0.498947352171
cyan_magenta,0.175,0.315936505794,0.547299087048,0.792286336422,0.463761389255,0.55481761694,0.497952461243
cyan_magenta,0.1775,0.317197203636,0.545416951179,0.791810035706,0.465103954077,0.553243935108,0.496993005276
cyan_magenta,0.18,0.318442165852,0.543548285961,0.791333556175,0.466428756714,0.551681637764,0.4960680902
cyan_magenta,0.1825,0.319671809673,0.541692495346,0.79085701704,0.46773648262,0.550130426884,0.495176881552
cyan_magenta,0.185,0.320886641741,0.539849817753,0.790380418301,0.469027578831,0.548590123653,0.494318515062
cyan_magenta,0.1875,0.322087138891,0.538019657135,0.789903759956,0.470302581787,0.547060251236,0.493492156267
cyan_magenta,0.19,0.323273658752,0.536201953888,0.789426982403,0.471561968327,0.545540809631,0.492697179318
cyan_magenta,0.1925,0.324446767569,0.534396469593,0.78895008564,0.472806245089,0.544031441212,0.491932779551
cyan_magenta,0.195,0.325606733561,0.532602906227,0.788473427296,0.47403588891,0.542531907558,0.491198152304
cyan_magenta,0.1975,0.326753973961,0.530821204186,0.787996470928,0.47525125742,0.541042149067,0.490492641926
cyan_magenta,0.2,0.3278888762,0.52905100584,0.787519395351,0.476452767849,0.539561748505,0.489815592766
cyan_magenta,0.2025,0.329011887312,0.527292191982,0.787042677403,0.477640926838,0.538090586662,0.489166378975
cyan_magenta,0.205,0.330123305321,0.525544643402,0.78656566143,0.478816062212,0.536628484726,0.488544255495
cyan_magenta,0.2075,0.331223368645,0.523807942867,0.786088705063,0.479978561401,0.535175144672,0.487948656082
cyan_magenta,0.21,0.332312524319,0.522082209587,0.785611748695,0.481128782034,0.533730566502,0.487379014492
cyan_magenta,0.2125,0.333391070366,0.52036690712,0.785134732723,0.482267081737,0.532294392586,0.486834615469
cyan_magenta,0.215,0.334459364414,0.518662154675,0.784657716751,0.483393788338,0.530866503716,0.486314982176
cyan_magenta,0.2175,0.335517585278,0.516967713833,0.784180760384,0.484509170055,0.529446721077,0.485819607973
cyan_magenta,0.22,0.336566090584,0.515283346176,0.783703744412,0.485613703728,0.528034925461,0.485347777605
cyan_magenta,0.2225,0.337605029345,0.513608932495,0.783226788044,0.486707538366,0.526630878448,0.484899133444
cyan_magenta,0.225,0.338634908199,0.511944293976,0.782749712467,0.487791031599,0.525234401226,0.484473079443
cyan_magenta,0.2275,0.339655846357,0.510289311409,0.782272815704,0.488864421845,0.523845434189,0.484069138765
cyan_magenta,0.23,0.34066811204,0.508643805981,0.781795918942,0.48992806673,0.522463798523,0.483686804771
cyan_magenta,0.2325,0.341671943665,0.507007598877,0.781319141388,0.490982145071,0.52108925581,0.483325630426
cyan_magenta,0.235,0.342667609453,0.505380630493,0.780842125416,0.492026925087,0.519721746445,0.482985079288
cyan_magenta,0.2375,0.343655318022,0.503762602806,0.780365228653,0.493062674999,0.518361091614,0.482664823532
cyan_magenta,0.24,0.344635277987,0.50215357542,0.779888451099,0.494089692831,0.517007172108,0.482364326716
cyan_magenta,0.2425,0.345607757568,0.500553250313,0.779411673546,0.495108157396,0.515659809112,0.482083231211
cyan_magenta,0.245,0.346572905779,0.498961627483,0.778935015202,0.496118277311,0.514318943024,0.481821060181
cyan_magenta,0.2475,0.347530990839,0.497378468513,0.778458297253,0.497120290995,0.512984454632,0.481577396393
cyan_magenta,0.25,0.348482131958,0.495803594589,0.777981579304,0.498114436865,0.511656105518,0.481351912022
cyan_magenta,0.2525,0.349426567555,0.494237035513,0.777505040169,0.499100834131,0.510333895683,0.481144219637
cyan_magenta,0.255,0.350364506245,0.492678612471,0.777028441429,0.500079810619,0.509017586708,0.480953842402
cyan_magenta,0.2575,0.351296037435,0.491128176451,0.776551961899,0.501051425934,0.507707178593,0.480780512095
cyan_magenta,0.26,0.35222157836,0.489585697651,0.776075482368,0.502015948296,0.506402432918,0.480623841286
cyan_magenta,0.2625,0.353141009808,0.488050967455,0.775599002838,0.502973556519,0.505103349686,0.480483442545
cyan_magenta,0.265,0.35405471921,0.486523807049,0.775122642517,0.503924429417,0.50380975008,0.480359077454
cyan_magenta,0.2675,0.354962706566,0.48500418663,0.774646162987,0.504868745804,0.502521574497,0.480250239372
cyan_magenta,0.27,0.355865240097,0.483492076397,0.774169921875,0.505806565285,0.501238703728,0.480156779289
cyan_magenta,0.2725,0.356762379408,0.481987267733,0.773693740368,0.506738305092,0.499960958958,0.480078279972
cyan_magenta,0.275,0.357654422522,0.480489701033,0.773217618465,0.507663786411,0.498688369989,0.480014443397
cyan_magenta,0.2775,0.35854139924,0.478999197483,0.772741556168,0.50858348608,0.497420817614,0.479964971542
cyan_magenta,0.28,0.359423518181,0.477515727282,0.77226549387,0.509497344494,0.496158152819,0.479929566383
cyan_magenta,0.2825,0.360300838947,0.476039230824,0.771789431572,0.510405600071,0.494900196791,0.4799079597
cyan_magenta,0.285,0.361173599958,0.474569559097,0.771313428879,0.511308372021,0.493647038937,0.479899823666
cyan_magenta,0.2875,0.362041890621,0.473106563091,0.770837545395,0.512205719948,0.492398440838,0.47990489006
cyan_magenta,0.29,0.362905859947,0.471650213003,0.770361721516,0.51309800148,0.491154432297,0.479922950268
cyan_magenta,0.2925,0.363765627146,0.470200449228,0.769885897636,0.513985157013,0.489914894104,0.479953676462
cyan_magenta,0.295,0.364621281624,0.468757092953,0.769410192967,0.514867246151,0.488679617643,0.479996830225
cyan_magenta,0.2975,0.365473002195,0.467320084572,0.768934488297,0.515744686127,0.487448662519,0.480052143335
cyan_magenta,0.3,0.366320878267,0.465889394283,0.768458962441,0.516617298126,0.486221879721,0.480119377375
cyan_magenta,0.3025,0.367165058851,0.464464873075,0.76798337698,0.517485380173,0.484999239445,0.480198323727
cyan_magenta,0.305,0.368005573749,0.463046491146,0.767507731914,0.518349051476,0.48378059268,0.480288624763
cyan_magenta,0.3075,0.368842631578,0.461634129286,0.767032563686,0.519208312035,0.482565909624,0.480390191078
cyan_magenta,0.31,0.369676291943,0.460227638483,0.76655703783,0.520063340664,0.481355071068,0.48050275445
cyan_magenta,0.3125,0.370506674051,0.458827078342,0.766081631184,0.520914196968,0.480148136616,0.480626046658
cyan_magenta,0.315,0.371333926916,0.457432210445,0.765606403351,0.521761119366,0.478944808245,0.480759888887
cyan_magenta,0.3175,0.372158110142,0.456043124199,0.765131175518,0.522604107857,0.477745234966,0.480904072523
cyan_magenta,0.32,0.372979313135,0.454659700394,0.764656066895,0.523443281651,0.476549208164,0.481058448553
cyan_magenta,0.3225,0.37379771471,0.45328181982,0.764180958271,0.524278700352,0.475356698036,0.481222629547
cyan_magenta,0.325,0.374613314867,0.451909333468,0.763705909252,0.525110602379,0.474167615175,0.481396585703
cyan_magenta,0.3275,0.375426292419,0.450542330742,0.763230860233,0.525938868523,0.472981899977,0.4815800488
cyan_magenta,0.33,0.376236617565,0.449180662632,0.762755870819,0.526763796806,0.471799492836,0.481772869825
cyan_magenta,0.3325,0.37704449892,0.447824150324,0.762281060219,0.527585327625,0.470620363951,0.481974840164
cyan_magenta,0.335,0.37784999609,0.446472942829,0.761806249618,0.528403639793,0.469444394112,0.482185781002
cyan_magenta,0.3375,0.378653228283,0.445126771927,0.761331379414,0.529218733311,0.468271523714,0.482405513525
cyan_magenta,0.34,0.379454225302,0.443785786629,0.760856628418,0.5300309062,0.467101693153,0.482633829117
cyan_magenta,0.3425,0.380253076553,0.442449778318,0.760381937027,0.530839979649,0.465934932232,0.482870578766
cyan_magenta,0.345,0.381049960852,0.441118657589,0.759907305241,0.531646192074,0.464770972729,0.483115643263
cyan_magenta,0.3475,0.38184478879,0.43979242444,0.759432673454,0.532449543476,0.46361002326,0.483368784189
cyan_magenta,0.35,0.382637858391,0.438470959663,0.758958101273,0.533250153065,0.462451815605,0.483629882336
cyan_magenta,0.3525,0.383429020643,0.43715429306,0.7584836483,0.534048140049,0.461296409369,0.483898758888
cyan_magenta,0.355,0.38421857357,0.435842245817,0.758009076118,0.534843504429,0.460143655539,0.484175235033
cyan_magenta,0.3575,0.385006427765,0.434534817934,0.757534623146,0.535636305809,0.458993583918,0.484459221363
cyan_magenta,0.36,0.385792762041,0.433231949806,0.757060348988,0.536426782608,0.457846015692,0.484750568867
cyan_magenta,0.3625,0.386577636003,0.431933581829,0.756586015224,0.537214875221,0.456700980663,0.485049068928
cyan_magenta,0.365,0.387361049652,0.4306396842,0.756111621857,0.538000643253,0.455558508635,0.485354632139
cyan_magenta,0.3675,0.388143181801,0.429350107908,0.755637466907,0.538784146309,0.454418420792,0.485667109489
cyan_magenta,0.37,0.38892403245,0.428064972162,0.755163192749,0.539565503597,0.453280687332,0.485986351967
cyan_magenta,0.3725,0.389703691006,0.426784038544,0.7546890378,0.540344774723,0.452145248652,0.486312180757
cyan_magenta,0.375,0.390482246876,0.425507307053,0.754214823246,0.541122078896,0.451012134552,0.486644566059
cyan_magenta,0.3775,0.391259759664,0.424234747887,0.753740727902,0.54189735651,0.449881285429,0.486983269453
cyan_magenta,0.38,0.392036318779,0.422966361046,0.753266692162,0.542670845985,0.448752462864,0.487328290939
cyan_magenta,0.3825,0.392811954021,0.421701967716,0.752792537212,0.543442428112,0.447625845671,0.487679362297
cyan_magenta,0.385,0.393586695194,0.420441538096,0.752318501473,0.544212222099,0.446501284838,0.488036483526
cyan_magenta,0.3875,0.394360750914,0.419185131788,0.751844465733,0.544980347157,0.44537872076,0.488399475813
cyan_magenta,0.39,0.395134031773,0.417932569981,0.751370489597,0.545746862888,0.444258153439,0.488768219948
cyan_magenta,0.3925,0.395906746388,0.416683912277,0.750896513462,0.546511769295,0.443139463663,0.489142656326
cyan_magenta,0.395,0.396678835154,0.415439039469,0.750422537327,0.54727512598,0.442022681236,0.489522576332
cyan_magenta,0.3975,0.39745041728,0.414197891951,0.749948561192,0.548037052155,0.440907746553,0.489907950163
cyan_magenta,0.4,0.39822152257,0.412960499525,0.749474704266,0.548797488213,0.439794570208,0.490298628807
cyan_magenta,0.4025,0.398992270231,0.411726742983,0.749000966549,0.549556672573,0.438683122396,0.490694522858
cyan_magenta,0.405,0.399762660265,0.410496592522,0.748526990414,0.550314486027,0.437573373318,0.491095542908
cyan_magenta,0.4075,0.40053281188,0.409269958735,0.748053073883,0.551071107387,0.436465352774,0.49150159955
cyan_magenta,0.41,0.401302725077,0.408046871424,0.747579336166,0.551826536655,0.435358911753,0.491912543774
cyan_magenta,0.4125,0.402072548866,0.406827300787,0.74710547924,0.552580833435,0.434253960848,0.492328286171
cyan_magenta,0.415,0.402842283249,0.40561106801,0.746631622314,0.553334057331,0.433150619268,0.492748767137
cyan_magenta,0.4175,0.403611898422,0.404398262501,0.746157824993,0.554086208343,0.432048708201,0.493173807859
cyan_magenta,0.42,0.404381662607,0.403188794851,0.745684027672,0.554837346077,0.430948227644,0.493603467941
cyan_magenta,0.4225,0.405151486397,0.401982545853,0.745210230351,0.555587649345,0.429849147797,0.494037508964
cyan_magenta,0.425,0.405921399593,0.400779664516,0.744736373425,0.556337058544,0.428751438856,0.494475901127
cyan_magenta,0.4275,0.406691610813,0.399579912424,0.744262576103,0.557085633278,0.42765507102,0.494918555021
cyan_magenta,0.43,0.407461971044,0.398383319378,0.743788897991,0.557833433151,0.426559954882,0.495365411043
cyan_magenta,0.4325,0.408232748508,0.397189855576,0.743315041065,0.558580458164,0.425466060638,0.495816349983
cyan_magenta,0.435,0.409003943205,0.395999461412,0.742841184139,0.559326887131,0.424373358488,0.496271312237
cyan_magenta,0.4375,0.409775465727,0.394812136888,0.742367327213,0.560072660446,0.423281878233,0.496730208397
cyan_magenta,0.44,0.410547494888,0.393627762795,0.741893589497,0.560817778111,0.422191351652,0.497192919254
cyan_magenta,0.4425,0.411320060492,0.392446398735,0.741419672966,0.561562418938,0.421102017164,0.497659415007
cyan_magenta,0.445,0.412093281746,0.391267895699,0.740945875645,0.562306582928,0.420013785362,0.498129636049
cyan_magenta,0.4475,0.412867099047,0.39009231329,0.740472078323,0.563050270081,0.418926417828,0.498603433371
cyan_magenta,0.45,0.413641691208,0.388919591904,0.739998161793,0.563793599606,0.417840003967,0.499080806971
cyan_magenta,0.4525,0.414416968823,0.387749522924,0.739524185657,0.564536571503,0.416754603386,0.499561667442
cyan_magenta,0.455,0.415193110704,0.38658234477,0.739050209522,0.565279245377,0.41567003727,0.500045895577
cyan_magenta,0.4575,0.415970116854,0.385417819023,0.738576352596,0.566021561623,0.414586275816,0.500533521175
cyan_magenta,0.46,0.416747957468,0.384255975485,0.738102316856,0.566763758659,0.41350337863,0.50102442503
cyan_magenta,0.4625,0.417526841164,0.383096784353,0.73762845993,0.567505717277,0.412421226501,0.501518428326
cyan_magenta,0.465,0.41830676794,0.381940245628,0.7371545434,0.568247675896,0.411339819431,0.502015650272
cyan_magenta,0.4675,0.419087797403,0.380786210299,0.736680388451,0.568989396095,0.410259068012,0.502515912056
cyan_magenta,0.47,0.419869929552,0.379634737968,0.736206293106,0.569731175899,0.409179061651,0.503019154072
cyan_magenta,0.4725,0.420653313398,0.378485769033,0.735732197762,0.570472836494,0.408099651337,0.50352537632
cyan_magenta,0.475,0.421437829733,0.377339184284,0.735258042812,0.571214616299,0.407020777464,0.504034519196
cyan_magenta,0.4775,0.42222365737,0.37619510293,0.734783887863,0.571956515312,0.405942499638,0.504546403885
cyan_magenta,0.48,0.423010855913,0.375053405762,0.7343095541,0.57269847393,0.404864668846,0.505061089992
cyan_magenta,0.4825,0.423799484968,0.373914033175,0.733835339546,0.573440611363,0.403787434101,0.505578517914
cyan_magenta,0.485,0.424589574337,0.372776925564,0.733361005783,0.574183046818,0.402710527182,0.506098568439
cyan_magenta,0.4875,0.42538112402,0.371642202139,0.73288667202,0.574925661087,0.401634067297,0.506621241569
cyan_magenta,0.49,0.426174283028,0.370509594679,0.732412278652,0.575668632984,0.40055796504,0.507146418095
cyan_magenta,0.4925,0.426969051361,0.3693793118,0.73193782568,0.576411902904,0.399482190609,0.507674098015
cyan_magenta,0.495,0.427765399218,0.368251115084,0.731463253498,0.577155530453,0.398406773806,0.508204221725
cyan_magenta,0.4975,0.428563565016,0.367125123739,0.730988681316,0.577899575233,0.397331595421,0.508736729622
cyan_magenta,0.5,0.429363399744,0.366001158953,0.730514109135,0.578644096851,0.396256685257,0.509271502495
cyan_magenta,0.5025,0.430165171623,0.364879339933,0.730039298534,0.579389154911,0.3951818645,0.509808599949
cyan_magenta,0.505,0.430968850851,0.363759547472,0.729564607143,0.580134749412,0.394107282162,0.510347962379
cyan_magenta,0.5075,0.431774318218,0.362641751766,0.729089796543,0.580880820751,0.393032759428,0.510889530182
cyan_magenta,0.51,0.432581812143,0.361525893211,0.728614926338,0.581627607346,0.391958385706,0.511433124542
cyan_magenta,0.5125,0.433391392231,0.360411971808,0.728140056133,0.582375109196,0.390884011984,0.511978924274
cyan_magenta,0.515,0.434203058481,0.359300017357,0.727665007114,0.583123266697,0.389809757471,0.51252669096
cyan_magenta,0.5175,0.435016870499,0.358189880848,0.727189898491,0.583872079849,0.388735413551,0.513076484203
cyan_magenta,0.52,0.435832828283,0.357081592083,0.726714670658,0.584621787071,0.387661069632,0.513628304005
cyan_magenta,0.5225,0.436651080847,0.355975091457,0.72623950243,0.585372328758,0.3865865767,0.514181911945
cyan_magenta,0.525,0.437471687794,0.354870408773,0.725764214992,0.58612370491,0.38551196456,0.514737486839
cyan_magenta,0.5275,0.438294619322,0.353767395019,0.725288808346,0.586875975132,0.38443723321,0.515294849873
cyan_magenta,0.53,0.43911999464,0.3526661098,0.72481328249,0.587629258633,0.383362263441,0.515854001045
cyan_magenta,0.5325,0.439947873354,0.351566493511,0.724337637424,0.588383436203,0.382287085056,0.516414940357
cyan_magenta,0.535,0.440778195858,0.35046851635,0.723862051964,0.589138805866,0.381211608648,0.516977548599
cyan_magenta,0.5375,0.441611170769,0.349372178316,0.723386228085,0.589895129204,0.380135953426,0.517541825771
cyan_magenta,0.54,0.442446768284,0.348277360201,0.72291046381,0.59065258503,0.37905985117,0.518107712269
cyan_magenta,0.5425,0.443284988403,0.347184151411,0.722434461117,0.591411173344,0.377983480692,0.518675267696
cyan_magenta,0.545,0.444126099348,0.346092402935,0.721958398819,0.592170953751,0.376906603575,0.51924431324
cyan_magenta,0.5475,0.444969952106,0.345002144575,0.721482336521,0.592931985855,0.375829309225,0.519814908504
cyan_magenta,0.55,0.445816755295,0.343913376331,0.7210059762,0.593694329262,0.374751538038,0.52038693428
cyan_magenta,0.5525,0.446666479111,0.342825978994,0.720529675484,0.594457983971,0.373673290014,0.520960509777
cyan_magenta,0.555,0.447519093752,0.341739922762,0.720053195953,0.595223009586,0.372594505548,0.521535396576
cyan_magenta,0.5575,0.448374807835,0.340655237436,0.719576537609,0.595989406109,0.371515035629,0.522111713886
cyan_magenta,0.56,0.449233740568,0.339571923017,0.719099879265,0.596757233143,0.370435029268,0.522689402103
cyan_magenta,0.5625,0.450095683336,0.338489830494,0.718623042107,0.597526609898,0.369354337454,0.523268401623
cyan_magenta,0.565,0.450960934162,0.33740901947,0.718146145344,0.598297536373,0.368272989988,0.52384865284
cyan_magenta,0.5675,0.451829493046,0.336329370737,0.717669010162,0.599069952965,0.367190867662,0.524430155754
cyan_magenta,0.57,0.452701359987,0.335251033306,0.717191815376,0.599844038487,0.366108000278,0.525012850761
cyan_magenta,0.5725,0.453576683998,0.334173798561,0.716714560986,0.600619673729,0.36502429843,0.525596797466
cyan_magenta,0.575,0.454455435276,0.3330976367,0.716237127781,0.601397097111,0.363939791918,0.526181876659
cyan_magenta,0.5775,0.455337762833,0.332022607327,0.715759575367,0.602176308632,0.362854391336,0.526768088341
cyan_magenta,0.58,0.456223756075,0.330948621035,0.715281844139,0.602957248688,0.361768037081,0.52735543251
cyan_magenta,0.5825,0.457113355398,0.329875618219,0.714803993702,0.603740096092,0.360680788755,0.527943789959
cyan_magenta,0.585,0.458006709814,0.328803628683,0.714326024056,0.604524731636,0.359592527151,0.528533220291
cyan_magenta,0.5875,0.458903878927,0.327732652426,0.713847875595,0.605311274528,0.358503222465,0.529123663902
cyan_magenta,0.59,0.459804922342,0.326662570238,0.713369607925,0.606099843979,0.357412904501,0.529715120792
cyan_magenta,0.5925,0.460709840059,0.325593352318,0.712891161442,0.606890439987,0.356321364641,0.530307531357
cyan_magenta,0.595,0.461618810892,0.324525028467,0.712412595749,0.607683062553,0.355228692293,0.530900895596
cyan_magenta,0.5975,0.462531894445,0.323457479477,0.711933851242,0.608477771282,0.354134827852,0.531495153904
cyan_magenta,0.6,0.463449120522,0.322390794754,0.711454927921,0.609274685383,0.353039771318,0.532090246677
cyan_magenta,0.6025,0.464370548725,0.321324825287,0.710975885391,0.610073685646,0.351943403482,0.532686233521
cyan_magenta,0.605,0.465296238661,0.320259571075,0.710496664047,0.61087501049,0.350845813751,0.533283054829
cyan_magenta,0.6075,0.466226279736,0.31919503212,0.710017263889,0.611678659916,0.349746793509,0.533880710602
cyan_magenta,0.61,0.467160761356,0.318131119013,0.709537684917,0.612484574318,0.348646372557,0.534479141235
cyan_magenta,0.6125,0.46809977293,0.317067831755,0.709057986736,0.61329293251,0.347544550896,0.535078406334
cyan_magenta,0.615,0.469043344259,0.316005200148,0.708578169346,0.614103734493,0.346441239119,0.535678327084
cyan_magenta,0.6175,0.469991564751,0.314943045378,0.708097994327,0.614916980267,0.345336318016,0.536278963089
cyan_magenta,0.62,0.470944613218,0.313881456852,0.707617759705,0.61573278904,0.344229966402,0.536880373955
cyan_magenta,0.6225,0.471902370453,0.312820374966,0.707137286663,0.616551160812,0.343121856451,0.537482380867
cyan_magenta,0.625,0.472865104675,0.311759620905,0.706656694412,0.617372155189,0.342012137175,0.53808504343
cyan_magenta,0.6275,0.473832756281,0.310699343681,0.706175863743,0.61819589138,0.340900808573,0.538688421249
cyan_magenta,0.63,0.474805504084,0.309639513493,0.705694794655,0.61902230978,0.339787632227,0.53929233551
cyan_magenta,0.6325,0.475783377886,0.308579981327,0.705213546753,0.619851589203,0.338672727346,0.539896845818
cyan_magenta,0.635,0.47676640749,0.307520717382,0.704732060432,0.620683729649,0.337555885315,0.540501952171
cyan_magenta,0.6375,0.477754831314,0.306461662054,0.704250514507,0.621518671513,0.336437225342,0.541107594967
cyan_magenta,0.64,0.478748649359,0.305402934551,0.703768670559,0.622356593609,0.335316687822,0.541713833809
cyan_magenta,0.6425,0.479747891426,0.304344326258,0.703286647797,0.623197555542,0.334194093943,0.542320489883
cyan_magenta,0.645,0.480752795935,0.30328592658,0.702804386616,0.624041676521,0.333069503307,0.5429276824
cyan_magenta,0.6475,0.481763243675,0.30222761631,0.702321827412,0.624888777733,0.331942737102,0.543535351753
cyan_magenta,0.65,0.482779532671,0.301169335842,0.701839208603,0.625739037991,0.33081394434,0.544143438339
cyan_magenta,0.6525,0.483801662922,0.300111114979,0.701356291771,0.626592636108,0.329682976008,0.544752001762
cyan_magenta,0.655,0.484829753637,0.299052864313,0.700873076916,0.627449452877,0.328549712896,0.545360982418
cyan_magenta,0.6575,0.485863864422,0.297994613648,0.700389683247,0.628309726715,0.327414184809,0.545970380306
cyan_magenta,0.66,0.486904084683,0.296936243772,0.699906051159,0.629173398018,0.326276272535,0.546580135822
cyan_magenta,0.6625,0.487950563431,0.295877695084,0.699422240257,0.630040407181,0.325136035681,0.547190308571
cyan_magenta,0.665,0.489003419876,0.294819027185,0.698938190937,0.630911111832,0.323993235827,0.547800779343
cyan_magenta,0.6675,0.490062654018,0.293760150671,0.698453783989,0.631785273552,0.322848111391,0.548411607742
cyan_magenta,0.67,0.491128444672,0.292701005936,0.697969198227,0.632663249969,0.321700304747,0.549022734165
cyan_magenta,0.6725,0.492200881243,0.291641563177,0.697484314442,0.63354486227,0.320549815893,0.549634158611
cyan_magenta,0.675,0.493280112743,0.290581703186,0.696999311447,0.634430348873,0.319396793842,0.550245940685
cyan_magenta,0.6775,0.494366228581,0.289521515369,0.696513950825,0.635319590568,0.318240970373,0.550857901573
cyan_magenta,0.68,0.495459288359,0.288460880518,0.696028351784,0.636212825775,0.317082315683,0.551470160484
cyan_magenta,0.6825,0.49655944109,0.287399768829,0.695542395115,0.637110054493,0.315920799971,0.552082717419
cyan_magenta,0.685,0.49766689539,0.286338061094,0.695056319237,0.638011395931,0.31475636363,0.552695453167
cyan_magenta,0.6875,0.498781591654,0.285275816917,0.694569766522,0.638916790485,0.313589036465,0.553308367729
cyan_magenta,0.69,0.499903798103,0.284212917089,0.694083094597,0.639826476574,0.312418580055,0.55392152071
cyan_magenta,0.6925,0.50103354454,0.28314936161,0.693596065044,0.640740394592,0.311244994402,0.554534852505
cyan_magenta,0.695,0.502171099186,0.282085090876,0.693108797073,0.641658723354,0.3100682199,0.555148303509
cyan_magenta,0.6975,0.503316402435,0.281019955873,0.692621171474,0.64258146286,0.308888167143,0.555761992931
cyan_magenta,0.7,0.504469633102,0.279954075813,0.692133247852,0.643508732319,0.30770483613,0.556375741959
cyan_magenta,0.7025,0.505631089211,0.278887271881,0.691645145416,0.644440531731,0.306518048048,0.5569896698
cyan_magenta,0.705,0.506800711155,0.27781945467,0.691156566143,0.645377039909,0.305327892303,0.55760371685
cyan_magenta,0.7075,0.507978796959,0.276750713587,0.690667867661,0.64631831646,0.30413416028,0.558217823505
cyan_magenta,0.71,0.509165287018,0.275680869818,0.690178751946,0.647264361382,0.302936732769,0.55883204937
cyan_magenta,0.7125,0.510360479355,0.274609953165,0.689689278603,0.648215472698,0.30173560977,0.559446334839
cyan_magenta,0.715,0.511564493179,0.273537814617,0.689199507237,0.649171471596,0.300530731678,0.560060679913
cyan_magenta,0.7175,0.512777507305,0.272464513779,0.688709437847,0.650132596493,0.299321979284,0.560675084591
cyan_magenta,0.72,0.513999640942,0.271389812231,0.68821901083,0.651098966598,0.298109352589,0.561289608478
cyan_magenta,0.7225,0.515231072903,0.270313799381,0.687728226185,0.652070522308,0.296892613172,0.561904072762
cyan_magenta,0.725,0.516471922398,0.26923635602,0.687237143517,0.653047502041,0.295671820641,0.562518537045
cyan_magenta,0.7275,0.517722308636,0.26815739274,0.686745643616,0.654029905796,0.294446796179,0.563133060932
cyan_magenta,0.73,0.518982470036,0.267076909542,0.686253786087,0.655017852783,0.293217420578,0.563747525215
cyan_magenta,0.7325,0.52025270462,0.265994787216,0.685761630535,0.656011521816,0.291983783245,0.564361989498
cyan_magenta,0.735,0.52153301239,0.264910936356,0.685269117355,0.657010853291,0.290745526552,0.564976394177
cyan_magenta,0.7375,0.522823572159,0.26382535696,0.684776246548,0.658016145229,0.289502739906,0.56559073925
cyan_magenta,0.74,0.524124622345,0.262737900019,0.684282958507,0.659027338028,0.288255333901,0.566205084324
cyan_magenta,0.7425,0.525436401367,0.261648535728,0.683789253235,0.6600446105,0.287003070116,0.566819310188
cyan_magenta,0.745,0.526759028435,0.260557174683,0.68329513073,0.661068022251,0.28574603796,0.567433536053
cyan_magenta,0.7475,0.528092801571,0.25946366787,0.682800769806,0.662097811699,0.284483909607,0.568047583103
cyan_magenta,0.75,0.529437839985,0.258368074894,0.68230587244,0.663133978844,0.283216744661,0.568661630154
cyan_magenta,0.7525,0.530794322491,0.257270157337,0.681810617447,0.66417658329,0.281944274902,0.56927549839
cyan_magenta,0.755,0.532162547112,0.256169945002,0.681314885616,0.665225923061,0.28066650033,0.569889247417
cyan_magenta,0.7575,0.533542633057,0.255067288876,0.680818915367,0.666281998157,0.27938336134,0.570502877235
cyan_magenta,0.76,0.534934937954,0.253962129355,0.680322349072,0.667344927788,0.278094619513,0.571116328239
cyan_magenta,0.7625,0.536339581013,0.252854377031,0.679825425148,0.668414950371,0.276800006628,0.571729719639
cyan_magenta,0.765,0.537756860256,0.251743882895,0.679328024387,0.669492006302,0.275499731302,0.57234287262
cyan_magenta,0.7675,0.539186954498,0.250630557537,0.678830265999,0.670576393604,0.27419346571,0.572955846787
cyan_magenta,0.77,0.540630161762,0.249514326453,0.678332030773,0.671668231487,0.272881120443,0.573568701744
cyan_magenta,0.7725,0.542086780071,0.248395070434,0.677833259106,0.672767519951,0.271562457085,0.574181318283
cyan_magenta,0.775,0.543557047844,0.247272700071,0.67733412981,0.673874616623,0.270237505436,0.574793696403
cyan_magenta,0.7775,0.545041143894,0.246147036552,0.676834344864,0.674989461899,0.268905937672,0.575405955315
cyan_magenta,0.78,0.546539485455,0.245018064976,0.676334261894,0.676112353802,0.267567664385,0.576017916202
cyan_magenta,0.7825,0.548052310944,0.243885591626,0.675833582878,0.677243411541,0.266222506762,0.576629638672
cyan_magenta,0.785,0.54957985878,0.242749452591,0.675332486629,0.678382694721,0.264870464802,0.577241182327
cyan_magenta,0.7875,0.551122486591,0.241609632969,0.674830794334,0.679530501366,0.26351121068,0.577852427959
cyan_magenta,0.79,0.552680432797,0.240465939045,0.674328804016,0.680687010288,0.262144565582,0.578463435173
cyan_magenta,0.7925,0.554254174233,0.239318236709,0.673826098442,0.681852221489,0.260770410299,0.579074144363
cyan_magenta,0.795,0.555843949318,0.238166332245,0.673322856426,0.683026373386,0.259388506412,0.579684615135
cyan_magenta,0.7975,0.557450056076,0.237010136247,0.672819137573,0.684209764004,0.257998645306,0.580294787884
cyan_magenta,0.8,0.559072852135,0.235849514604,0.672314822674,0.68540251255,0.256600767374,0.580904662609
cyan_magenta,0.8025,0.560712695122,0.234684213996,0.671810030937,0.686604738235,0.255194455385,0.581514179707
cyan_magenta,0.805,0.562370121479,0.233514204621,0.671304583549,0.687816739082,0.253779649735,0.582123398781
cyan_magenta,0.8075,0.56404531002,0.232339188457,0.670798718929,0.6890386343,0.252356082201,0.582732319832
cyan_magenta,0.81,0.565738737583,0.231159061193,0.670292139053,0.690270721912,0.250923514366,0.58334082365
cyan_magenta,0.8125,0.567450881004,0.229973599315,0.669784903526,0.691513121128,0.249481812119,0.58394908905
cyan_magenta,0.815,0.569182038307,0.228782624006,0.669277131558,0.692766070366,0.248030558229,0.584556937218
cyan_magenta,0.8175,0.570932686329,0.227585941553,0.668768763542,0.694029867649,0.246569663286,0.585164427757
cyan_magenta,0.82,0.572703361511,0.226383298635,0.668259680271,0.695304811001,0.245098739862,0.585771560669
cyan_magenta,0.8225,0.574494481087,0.225174516439,0.667750060558,0.696590840817,0.243617430329,0.586378335953
cyan_magenta,0.825,0.576306521892,0.223959386349,0.66723972559,0.697888493538,0.242125749588,0.586984634399
cyan_magenta,0.8275,0.578139960766,0.222737655044,0.666728794575,0.699197947979,0.240623086691,0.587590575218
cyan_magenta,0.83,0.579995334148,0.221509054303,0.666217029095,0.700519442558,0.239109322429,0.588196098804
cyan_magenta,0.8325,0.581873238087,0.220273330808,0.665704667568,0.701853215694,0.237584233284,0.588801205158
cyan_magenta,0.835,0.583774209022,0.219030201435,0.665191650391,0.703199565411,0.236046954989,0.589405834675
cyan_magenta,0.8375,0.585698664188,0.217779427767,0.664677858353,0.704558849335,0.234497770667,0.590010046959
cyan_magenta,0.84,0.587647497654,0.216520652175,0.664163291454,0.70593136549,0.232935890555,0.590613842011
cyan_magenta,0.8425,0.589621126652,0.21525362134,0.663648068905,0.70731729269,0.231361195445,0.59121710062
cyan_magenta,0.845,0.591620206833,0.213977947831,0.663131952286,0.708717107773,0.229773178697,0.591819941997
cyan_magenta,0.8475,0.593645572662,0.212693348527,0.662615180016,0.710131108761,0.228171423078,0.592422306538
cyan_magenta,0.85,0.595697700977,0.211399435997,0.662097513676,0.711559653282,0.226555496454,0.593024134636
cyan_magenta,0.8525,0.597777485848,0.210095852613,0.661579072475,0.713002979755,0.224924892187,0.593625485897
cyan_magenta,0.855,0.599885523319,0.208782166243,0.661059737206,0.714461565018,0.223279163241,0.594226300716
cyan_magenta,0.8575,0.602022826672,0.207457974553,0.660539567471,0.715935766697,0.221617802978,0.594826579094
cyan_magenta,0.86,0.60419011116,0.206122860312,0.660018563271,0.717426002026,0.219940364361,0.59542632103
cyan_magenta,0.8625,0.606388151646,0.204776346684,0.659496724606,0.718932747841,0.218246221542,0.596025526524
cyan_magenta,0.865,0.608617961407,0.203417897224,0.658973813057,0.720456302166,0.216534644365,0.596624135971
cyan_magenta,0.8675,0.610880434513,0.202047049999,0.658450186253,0.721997201443,0.21480537951,0.597222208977
cyan_magenta,0.87,0.613176524639,0.200663208962,0.657925307751,0.723555982113,0.213057354093,0.597819685936
cyan_magenta,0.8725,0.615507304668,0.199265763164,0.657399654388,0.7251329422,0.211290359497,0.598416566849
cyan_magenta,0.875,0.617873907089,0.197854220867,0.656872928142,0.726728796959,0.20950332284,0.599012851715
cyan_magenta,0.8775,0.620277285576,0.196427792311,0.656345188618,0.728343963623,0.207695484161,0.59960848093
cyan_magenta,0.88,0.622718751431,0.194985896349,0.655816257,0.729979038238,0.205866098404,0.600203454494
cyan_magenta,0.8825,0.625199496746,0.193527653813,0.655286431313,0.731634497642,0.204014375806,0.600797832012
cyan_magenta,0.885,0.627720832825,0.192052423954,0.654755294323,0.733311116695,0.202139243483,0.601391494274
cyan_magenta,0.8875,0.630284130573,0.190559253097,0.654223144054,0.735009431839,0.200240060687,0.60198456049
cyan_magenta,0.89,0.632890641689,0.189047291875,0.653689682484,0.736730158329,0.198315396905,0.602576851845
cyan_magenta,0.8925,0.635542392731,0.187515571713,0.653155148029,0.738473951817,0.196364462376,0.603168427944
cyan_magenta,0.895,0.638240456581,0.185963049531,0.652619242668,0.740241527557,0.194385990501,0.603759288788
cyan_magenta,0.8975,0.640986680984,0.184388577938,0.652082026005,0.742033720017,0.192378744483,0.60434949398
cyan_magenta,0.9,0.643782973289,0.182791054249,0.651543557644,0.743851304054,0.190341338515,0.604938864708
cyan_magenta,0.9025,0.646631121635,0.181169092655,0.651003539562,0.745695114136,0.188272476196,0.60552740097
cyan_magenta,0.905,0.64953315258,0.179521411657,0.650462269783,0.74756616354,0.186170548201,0.606115221977
cyan_magenta,0.9075,0.652491152287,0.177846416831,0.649919450283,0.749465227127,0.184033736587,0.606702208519
cyan_magenta,0.91,0.655507326126,0.176142543554,0.649375081062,0.751393377781,0.181860730052,0.607288360596
cyan_magenta,0.9125,0.658584296703,0.174408093095,0.648829162121,0.753351688385,0.179649278522,0.607873678207
cyan_magenta,0.915,0.661724448204,0.172641038895,0.648281514645,0.755341351032,0.177397295833,0.608458101749
cyan_magenta,0.9175,0.664930462837,0.170839428902,0.647732257843,0.757363379002,0.17510278523,0.609041631222
cyan_magenta,0.92,0.66820538044,0.16900087893,0.647181153297,0.7594191432,0.172763034701,0.60962420702
cyan_magenta,0.9225,0.671552300453,0.167122915387,0.646628260613,0.761510074139,0.170375481248,0.610205829143
cyan_magenta,0.925,0.674974501133,0.165202841163,0.646073460579,0.763637423515,0.16793756187,0.610786497593
cyan_magenta,0.9275,0.678475737572,0.163237690926,0.645516574383,0.76580286026,0.165445685387,0.611366152763
cyan_magenta,0.93,0.682059764862,0.161224037409,0.644957721233,0.768008053303,0.162896648049,0.61194473505
cyan_magenta,0.9325,0.685730874538,0.159158274531,0.644396603108,0.770254552364,0.160286471248,0.612522304058
cyan_magenta,0.935,0.689493596554,0.157036274672,0.643833220005,0.772544384003,0.157611057162,0.613098800182
cyan_magenta,0.9375,0.693352818489,0.154853433371,0.643267571926,0.77487963438,0.154865846038,0.613674044609
cyan_magenta,0.94,0.697313964367,0.152604758739,0.642699122429,0.777262449265,0.152045354247,0.614248216152
cyan_magenta,0.9425,0.701382875442,0.150284305215,0.642128229141,0.779695212841,0.149143949151,0.614821135998
cyan_magenta,0.945,0.705565929413,0.147885710001,0.641554534435,0.78218048811,0.14615508914,0.615392744541
cyan_magenta,0.9475,0.709870398045,0.145401522517,0.640977740288,0.784720897675,0.143071427941,0.615963101387
cyan_magenta,0.95,0.714303910732,0.142823264003,0.640397965908,0.787319779396,0.139884725213,0.616532087326
cyan_magenta,0.9525,0.71887499094,0.140141174197,0.639814734459,0.789980351925,0.136585220694,0.617099642754
cyan_magenta,0.955,0.723593354225,0.137344181538,0.63922816515,0.792706370354,0.133162274957,0.617665708065
cyan_magenta,0.9575,0.728469669819,0.134418934584,0.638637781143,0.795501768589,0.129603073001,0.618230223656
cyan_magenta,0.96,0.733515977859,0.131350174546,0.638043344021,0.798371076584,0.125892937183,0.618793129921
cyan_magenta,0.9625,0.738745868206,0.128119722009,0.637444555759,0.801319539547,0.122014865279,0.619354307652
cyan_magenta,0.965,0.744174778462,0.12470562011,0.636841237545,0.804352641106,0.117948293686,0.619913697243
cyan_magenta,0.9675,0.749820351601,0.121081486344,0.636232793331,0.807476580143,0.113668367267,0.62047123909
cyan_magenta,0.97,0.755703210831,0.117214791477,0.635618805885,0.810699045658,0.109145514667,0.621026694775
cyan_magenta,0.9725,0.761846780777,0.113065384328,0.634998977184,0.81402784586,0.104343026876,0.621580064297
cyan_magenta,0.975,0.768278956413,0.108582049608,0.634372532368,0.817472815514,0.0992150679231,0.622131049633
cyan_magenta,0.9775,0.775033175945,0.103698715568,0.633738696575,0.821045041084,0.0937021374702,0.622679650783
cyan_magenta,0.98,0.78214931488,0.0983279645443,0.633096694946,0.824757754803,0.0877276584506,0.623225569725
cyan_magenta,0.9825,0.789676427841,0.0923506245017,0.632445514202,0.828626811504,0.0811872556806,0.623768568039
cyan_magenta,0.985,0.797675490379,0.0855977162719,0.63178396225,0.832671701908,0.0739353895187,0.624308407307
cyan_magenta,0.9875,0.806224822998,0.0778184384108,0.63111025095,0.836916208267,0.0657577216625,0.6248447299
cyan_magenta,0.99,0.815426588058,0.0686151385307,0.630422413349,0.841391444206,0.0563188903034,0.625376999378
cyan_magenta,0.9925,0.825420022011,0.0572960227728,0.629717648029,0.846138119698,0.0450391471386,0.625904798508
cyan_magenta,0.995,0.836403369904,0.0424666330218,0.628992021084,0.851213216782,0.0312857590616,0.626427233219
cyan_magenta,0.9975,0.848677456379,0.0229687914252,0.628239631653,0.856701374054,0.01631873101,0.626943230629
cyan_magenta,1.0,0.86274510622,0.0,0.627451002598,0.86274510622,0.0,0.627451002598
magenta_yellow,0.0,0.86274510622,0.0,0.627451002598,0.86274510622,0.0,0.627451002598
magenta_yellow,0.0025,0.86293053627,0.0112061491236,0.623465180397,0.863099813461,0.0099485302344,0.626715898514
magenta_yellow,0.005,0.863123595715,0.0222220085561,0.619573533535,0.863454222679,0.019912077114,0.625979840755
magenta_yellow,0.0075,0.863323390484,0.0330597087741,0.615771591663,0.863808453083,0.029889870435,0.625242769718
magenta_yellow,0.01,0.863529801369,0.0436019748449,0.612055003643,0.86416220665,0.0398828722537,0.624504685402
magenta_yellow,0.0125,0.863742232323,0.0528630577028,0.608419716358,0.864515662193,0.0491677261889,0.623765647411
magenta_yellow,0.015,0.863960564137,0.061016138643,0.604862093926,0.864868938923,0.0574242733419,0.623025596142
magenta_yellow,0.0175,0.864184260368,0.0683415681124,0.601378560066,0.865221858025,0.0649194419384,0.622284531593
magenta_yellow,0.02,0.864413022995,0.0750202015042,0.597966015339,0.865574479103,0.0718201622367,0.621542513371
magenta_yellow,0.0225,0.864646553993,0.0811763778329,0.594621479511,0.865926861763,0.0782409235835,0.620799362659
magenta_yellow,0.025,0.864884614944,0.0868999958038,0.591342151165,0.866278886795,0.0842643082142,0.620055317879
magenta_yellow,0.0275,0.865127086639,0.0922585725784,0.588125169277,0.866630613804,0.0899514108896,0.619310200214
magenta_yellow,0.03,0.86537361145,0.0973040238023,0.584968328476,0.866982042789,0.0953505858779,0.618564069271
magenta_yellow,0.0325,0.865623950958,0.102077677846,0.581869363785,0.867333233357,0.100498609245,0.617816925049
magenta_yellow,0.035,0.865878045559,0.106612667441,0.578825831413,0.867684066296,0.105425752699,0.617068707943
magenta_yellow,0.0375,0.866135537624,0.110936269164,0.575836002827,0.868034601212,0.110157087445,0.616319477558
magenta_yellow,0.04,0.866396427155,0.115071043372,0.572897851467,0.868384897709,0.11471260339,0.615569233894
magenta_yellow,0.0425,0.866660356522,0.119036227465,0.570009350777,0.868734836578,0.11910983175,0.614817917347
magenta_yellow,0.045,0.866927325726,0.122847951949,0.567169129848,0.869084537029,0.123363256454,0.614065527916
magenta_yellow,0.0475,0.867197155953,0.126520201564,0.564375162125,0.869433939457,0.127485781908,0.613312184811
magenta_yellow,0.05,0.867469727993,0.130065113306,0.561626195908,0.869783103466,0.13148804009,0.612557709217
magenta_yellow,0.0525,0.867744922638,0.133493095636,0.558920562267,0.870131909847,0.135379448533,0.611802220345
magenta_yellow,0.055,0.868022441864,0.136813625693,0.556257069111,0.87048047781,0.139168575406,0.611045598984
magenta_yellow,0.0575,0.868302404881,0.140034645796,0.553634285927,0.870828747749,0.142862796783,0.610287964344
magenta_yellow,0.06,0.868584632873,0.143163591623,0.551050782204,0.871176719666,0.146468520164,0.609529256821
magenta_yellow,0.0625,0.868869066238,0.146206900477,0.548505663872,0.871524453163,0.149991691112,0.608769476414
magenta_yellow,0.065,0.869155406952,0.149170428514,0.545997679234,0.871871829033,0.153437510133,0.608008623123
magenta_yellow,0.0675,0.869443893433,0.152059435844,0.543525516987,0.872219026089,0.156810894609,0.607246696949
magenta_yellow,0.07,0.869734108448,0.15487857163,0.541088283062,0.872565865517,0.160115748644,0.606483638287
magenta_yellow,0.0725,0.870026290417,0.157632231712,0.538685083389,0.872912466526,0.163356497884,0.605719506741
magenta_yellow,0.075,0.870320081711,0.160324305296,0.536315023899,0.873258769512,0.166536211967,0.604954302311
magenta_yellow,0.0775,0.870615541935,0.162958398461,0.533976793289,0.873604893684,0.169658601284,0.604187965393
magenta_yellow,0.08,0.87091255188,0.165537834168,0.531669855118,0.873950541019,0.172726199031,0.603420555592
magenta_yellow,0.0825,0.871211111546,0.168065518141,0.529393255711,0.874296069145,0.175742223859,0.602652013302
magenta_yellow,0.085,0.871511161327,0.170544311404,0.527146160603,0.874641358852,0.178708672524,0.601882338524
magenta_yellow,0.0875,0.871812582016,0.172976717353,0.524927854538,0.874986290932,0.181628242135,0.601111590862
magenta_yellow,0.09,0.872115373612,0.175365179777,0.522737562656,0.875330984592,0.184503033757,0.600339651108
magenta_yellow,0.0925,0.872419416904,0.177711769938,0.520574629307,0.875675439835,0.187335088849,0.59956663847
magenta_yellow,0.095,0.8727247715,0.180018618703,0.518438220024,0.876019597053,0.190126046538,0.598792552948
magenta_yellow,0.0975,0.873031258583,0.182287618518,0.516327798367,0.876363515854,0.19287802279,0.598017215729
magenta_yellow,0.1,0.873338997364,0.184520557523,0.514242589474,0.876707136631,0.195592418313,0.597240805626
magenta_yellow,0.1025,0.873647689819,0.186719030142,0.512182176113,0.877050578594,0.198270738125,0.59646320343
magenta_yellow,0.105,0.873957514763,0.188884600997,0.510145902634,0.877393722534,0.200914531946,0.595684468746
magenta_yellow,0.1075,0.874268293381,0.191018745303,0.50813305378,0.877736568451,0.203525051475,0.594904601574
magenta_yellow,0.11,0.874580144882,0.193122759461,0.506143271923,0.878079116344,0.206103667617,0.594123601913
magenta_yellow,0.1125,0.874892890453,0.195197984576,0.504175961018,0.878421545029,0.208651587367,0.593341350555
magenta_yellow,0.115,0.875206589699,0.197245597839,0.502230525017,0.878763616085,0.211169779301,0.592557966709
magenta_yellow,0.1175,0.875521063805,0.199266701937,0.500306546688,0.879105567932,0.213659361005,0.591773450375
magenta_yellow,0.12,0.875836372376,0.201262399554,0.498403459787,0.879447102547,0.21612136066,0.590987741947
magenta_yellow,0.1225,0.876152515411,0.203233659267,0.496520936489,0.879788517952,0.218556821346,0.590200841427
magenta_yellow,0.125,0.876469492912,0.205181449652,0.494658440351,0.880129635334,0.220966458321,0.589412748814
magenta_yellow,0.1275,0.876787126064,0.207106724381,0.492815583944,0.880470514298,0.223351225257,0.588623464107
magenta_yellow,0.13,0.877105534077,0.209010243416,0.490991890431,0.880811154842,0.22571182251,0.587832927704
magenta_yellow,0.1325,0.877424657345,0.210892811418,0.489187031984,0.881151497364,0.228049188852,0.587041258812
magenta_yellow,0.135,0.877744436264,0.212755292654,0.487400442362,0.881491661072,0.230363979936,0.586248338222
magenta_yellow,0.1375,0.878064870834,0.214598342776,0.485631942749,0.881831586361,0.232656940818,0.58545422554
magenta_yellow,0.14,0.878385782242,0.216422647238,0.483881056309,0.882171273232,0.234928712249,0.584658920765
magenta_yellow,0.1425,0.87870746851,0.218228921294,0.482147485018,0.882510662079,0.237179785967,0.583862364292
magenta_yellow,0.145,0.879029750824,0.220017746091,0.480430781841,0.882849872112,0.239411056042,0.583064556122
magenta_yellow,0.1475,0.879352509975,0.221789732575,0.478730708361,0.883188903332,0.241622805595,0.582265555859
magenta_yellow,0.15,0.879675805569,0.223545491695,0.477046906948,0.883527636528,0.243815809488,0.581465303898
magenta_yellow,0.1525,0.879999577999,0.225285500288,0.475378960371,0.883866071701,0.245990514755,0.58066380024
magenta_yellow,0.155,0.880323946476,0.227010294795,0.473726660013,0.884204268456,0.24814748764,0.579861044884
magenta_yellow,0.1575,0.880648732185,0.228720411658,0.472089707851,0.884542405605,0.250286966562,0.579056978226
magenta_yellow,0.16,0.880974054337,0.230416253209,0.470467835665,0.884880244732,0.252409845591,0.578251719475
magenta_yellow,0.1625,0.881299734116,0.23209837079,0.468860685825,0.88521784544,0.25451618433,0.577445149422
magenta_yellow,0.165,0.881625890732,0.233767151833,0.467267870903,0.885555148125,0.256606698036,0.576637327671
magenta_yellow,0.1675,0.881952404976,0.235423013568,0.465689450502,0.8858923316,0.258681565523,0.575828254223
magenta_yellow,0.17,0.882279396057,0.237066373229,0.464124888182,0.886229276657,0.26074129343,0.575017869472
magenta_yellow,0.1725,0.882606804371,0.238697603345,0.462573945522,0.886565983295,0.262786388397,0.574206233025
magenta_yellow,0.175,0.882934570312,0.240317076445,0.46103656292,0.886902451515,0.264816969633,0.57339322567
magenta_yellow,0.1775,0.883262574673,0.241925135255,0.459512293339,0.887238740921,0.266833662987,0.572578966618
magenta_yellow,0.18,0.883591115475,0.243522167206,0.458000987768,0.887574911118,0.268836647272,0.571763396263
magenta_yellow,0.1825,0.883919835091,0.245108455419,0.456502377987,0.887910664082,0.270826250315,0.570946514607
magenta_yellow,0.185,0.884248912334,0.246684342623,0.455016344786,0.888246297836,0.272802919149,0.570128321648
magenta_yellow,0.1875,0.884578347206,0.248250111937,0.453542560339,0.888581752777,0.274766713381,0.569308817387
magenta_yellow,0.19,0.884908139706,0.24980610609,0.452080786228,0.888916969299,0.276718169451,0.568487942219
magenta_yellow,0.1925,0.885238170624,0.251352488995,0.450630843639,0.889252066612,0.278657466173,0.567665755749
magenta_yellow,0.195,0.885568439961,0.252889662981,0.449192672968,0.889586806297,0.280584961176,0.566842198372
magenta_yellow,0.1975,0.88589900732,0.254417866468,0.447765856981,0.889921426773,0.28250092268,0.566017329693
magenta_yellow,0.2,0.886229813099,0.25593739748,0.446350365877,0.890255749226,0.284405469894,0.565191090107
magenta_yellow,0.2025,0.886560976505,0.257448375225,0.44494587183,0.890590012073,0.286299049854,0.564363479614
magenta_yellow,0.205,0.886892259121,0.258951097727,0.443552404642,0.890924036503,0.288181811571,0.563534498215
magenta_yellow,0.2075,0.887223899364,0.260445863008,0.442169547081,0.891257882118,0.290054023266,0.562704205513
magenta_yellow,0.21,0.887555718422,0.261932760477,0.440797269344,0.891591489315,0.291915774345,0.5618724823
magenta_yellow,0.2125,0.887887716293,0.26341214776,0.439435213804,0.891924917698,0.293767541647,0.561039328575
magenta_yellow,0.215,0.888219952583,0.264884144068,0.438083410263,0.892258107662,0.295609414578,0.560204863548
magenta_yellow,0.2175,0.888552427292,0.266348987818,0.436741709709,0.892591178417,0.297441542149,0.55936896801
magenta_yellow,0.22,0.888885140419,0.267806857824,0.435409903526,0.892924010754,0.299264162779,0.558531701565
magenta_yellow,0.2225,0.889217913151,0.269257873297,0.434087693691,0.893256783485,0.301077574492,0.557693004608
magenta_yellow,0.225,0.889550924301,0.270702421665,0.432775050402,0.893589138985,0.302881836891,0.556852817535
magenta_yellow,0.2275,0.88988417387,0.272140473127,0.431471914053,0.893921494484,0.304677218199,0.556011259556
magenta_yellow,0.23,0.890217542648,0.273572325706,0.430177927017,0.894253492355,0.306463897228,0.555168271065
magenta_yellow,0.2325,0.890551090241,0.274998098612,0.428893089294,0.894585490227,0.308242022991,0.554323792458
magenta_yellow,0.235,0.890884876251,0.276417940855,0.427617222071,0.894917190075,0.310011804104,0.553477942944
magenta_yellow,0.2375,0.891218721867,0.277832061052,0.42635011673,0.895248770714,0.311773329973,0.552630662918
magenta_yellow,0.24,0.891552805901,0.279240548611,0.425091713667,0.895580112934,0.313526958227,0.551781833172
magenta_yellow,0.2425,0.891886949539,0.280643612146,0.423842012882,0.89591139555,0.315272688866,0.550931632519
magenta_yellow,0.245,0.892221331596,0.282041400671,0.422600626945,0.896242380142,0.3170106709,0.550079882145
magenta_yellow,0.2475,0.892555713654,0.283434003592,0.421367585659,0.89657330513,0.318741112948,0.549226641655
magenta_yellow,0.25,0.892890393734,0.284821659327,0.420142710209,0.896903932095,0.320464134216,0.548371970653
magenta_yellow,0.2525,0.893225133419,0.286204397678,0.418925911188,0.897234499454,0.322179853916,0.547515809536
magenta_yellow,0.255,0.893559992313,0.287582397461,0.417717039585,0.897564828396,0.323888480663,0.546658098698
magenta_yellow,0.2575,0.893894851208,0.288955718279,0.416516035795,0.897895038128,0.325590163469,0.545798897743
magenta_yellow,0.26,0.894230008125,0.290324598551,0.415322601795,0.898225009441,0.327284991741,0.544938147068
magenta_yellow,0.2625,0.894565165043,0.291689097881,0.414136856794,0.898554861546,0.32897311449,0.544075906277
magenta_yellow,0.265,0.894900560379,0.29304933548,0.412958681583,0.898884534836,0.330654621124,0.543212175369
magenta_yellow,0.2675,0.895235955715,0.29440549016,0.411787688732,0.899214088917,0.332329750061,0.542346835136
magenta_yellow,0.27,0.895571470261,0.29575753212,0.410624057055,0.899543464184,0.333998471498,0.541480004787
magenta_yellow,0.2725,0.89590716362,0.29710572958,0.409467637539,0.899872720242,0.335661053657,0.540611565113
magenta_yellow,0.275,0.896242916584,0.29845008254,0.408318191767,0.900201797485,0.337317466736,0.539741575718
magenta_yellow,0.2775,0.896578788757,0.299790769815,0.407175779343,0.900530695915,0.338967949152,0.538870036602
magenta_yellow,0.28,0.896914601326,0.301127851009,0.406040102243,0.900859415531,0.340612530708,0.537996888161
magenta_yellow,0.2825,0.897250652313,0.302461415529,0.404911279678,0.901188075542,0.342251390219,0.537122189999
magenta_yellow,0.285,0.897586762905,0.303791671991,0.403789043427,0.901516437531,0.343884557486,0.536245882511
magenta_yellow,0.2875,0.897922873497,0.305118560791,0.40267342329,0.901844739914,0.345512181521,0.535367965698
magenta_yellow,0.29,0.898259162903,0.306442201137,0.401564329863,0.902172923088,0.347134500742,0.53448843956
magenta_yellow,0.2925,0.898595571518,0.307762801647,0.400461554527,0.902500927448,0.348751425743,0.533607304096
magenta_yellow,0.295,0.898931980133,0.30908036232,0.399365097284,0.902828812599,0.350363075733,0.532724559307
magenta_yellow,0.2975,0.899268388748,0.310395002365,0.398274749517,0.903156459332,0.351969540119,0.531840085983
magenta_yellow,0.3,0.899605035782,0.31170681119,0.397190719843,0.903484106064,0.35357105732,0.530954062939
magenta_yellow,0.3025,0.899941563606,0.313015848398,0.39611262083,0.903811514378,0.355167627335,0.530066311359
magenta_yellow,0.305,0.900278389454,0.314322173595,0.395040422678,0.904138803482,0.356759339571,0.529176950455
magenta_yellow,0.3075,0.900615096092,0.315625935793,0.393974125385,0.904465973377,0.358346313238,0.52828592062
magenta_yellow,0.31,0.900951981544,0.316927194595,0.392913639545,0.904793024063,0.359928548336,0.527393221855
magenta_yellow,0.3125,0.901288866997,0.318226069212,0.391858845949,0.905119895935,0.361506342888,0.526498794556
magenta_yellow,0.315,0.901625871658,0.319522470236,0.390809774399,0.905446648598,0.363079458475,0.525602698326
magenta_yellow,0.3175,0.90196287632,0.32081669569,0.389766126871,0.905773282051,0.364648252726,0.524704873562
magenta_yellow,0.32,0.902300000191,0.322108656168,0.388727992773,0.9060998559,0.366212725639,0.523805379868
magenta_yellow,0.3225,0.902637124062,0.323398560286,0.3876953125,0.906426131725,0.367772966623,0.522904098034
magenta_yellow,0.325,0.902974307537,0.324686378241,0.38666793704,0.906752407551,0.369329065084,0.52200114727
magenta_yellow,0.3275,0.903311610222,0.32597219944,0.385645836592,0.907078564167,0.370880991221,0.521096408367
magenta_yellow,0.33,0.903648912907,0.327256143093,0.384628862143,0.907404482365,0.372429043055,0.520189881325
magenta_yellow,0.3325,0.903986275196,0.328538149595,0.3836171031,0.907730340958,0.373972982168,0.519281685352
magenta_yellow,0.335,0.904323816299,0.329818427563,0.382610321045,0.908056139946,0.375513255596,0.518371641636
magenta_yellow,0.3375,0.904661297798,0.331097006798,0.381608486175,0.90838176012,0.37704962492,0.517459869385
magenta_yellow,0.34,0.904998838902,0.332373946905,0.380611658096,0.90870732069,0.378582328558,0.51654624939
magenta_yellow,0.3425,0.905336499214,0.333649277687,0.379619598389,0.909032702446,0.38011136651,0.515630841255
magenta_yellow,0.345,0.905674099922,0.334923088551,0.378632366657,0.909357964992,0.381636917591,0.514713644981
magenta_yellow,0.3475,0.906011819839,0.336195498705,0.377649813891,0.909683167934,0.383158832788,0.513794660568
magenta_yellow,0.35,0.906349599361,0.337466478348,0.376671940088,0.910008251667,0.384677499533,0.512873768807
magenta_yellow,0.3525,0.906687438488,0.338736116886,0.375698596239,0.910333156586,0.386192679405,0.511951088905
magenta_yellow,0.355,0.907025277615,0.340004503727,0.374729812145,0.9106580019,0.387704610825,0.511026501656
magenta_yellow,0.3575,0.907363295555,0.341271609068,0.373765558004,0.910982847214,0.389213353396,0.510100126267
magenta_yellow,0.36,0.907701253891,0.34253770113,0.372805684805,0.911307394505,0.390718907118,0.509171843529
magenta_yellow,0.3625,0.908039212227,0.343802601099,0.371850073338,0.911631941795,0.392221361399,0.508241653442
magenta_yellow,0.365,0.908377349377,0.345066487789,0.370898813009,0.911956310272,0.39372074604,0.507309556007
magenta_yellow,0.3675,0.908715426922,0.346329391003,0.369951754808,0.912280678749,0.395217239857,0.506375610828
magenta_yellow,0.37,0.909053623676,0.347591280937,0.36900895834,0.912604928017,0.396710783243,0.505439698696
magenta_yellow,0.3725,0.909391880035,0.348852515221,0.368070185185,0.912929058075,0.398201435804,0.50450193882
magenta_yellow,0.375,0.909730195999,0.350112766028,0.367135465145,0.913253009319,0.399689376354,0.503562152386
magenta_yellow,0.3775,0.910068452358,0.351372271776,0.366204798222,0.913577020168,0.40117457509,0.502620458603
magenta_yellow,0.38,0.910406827927,0.352631121874,0.3652780056,0.913900852203,0.402657061815,0.501676797867
magenta_yellow,0.3825,0.9107452631,0.353889256716,0.364355236292,0.914224565029,0.40413698554,0.500731170178
magenta_yellow,0.385,0.911083757877,0.355146855116,0.363436162472,0.91454821825,0.405614376068,0.49978351593
magenta_yellow,0.3875,0.911422252655,0.35640385747,0.362520992756,0.914871811867,0.407089233398,0.49883389473
magenta_yellow,0.39,0.911760807037,0.357660353184,0.36160954833,0.915195226669,0.408561617136,0.497882276773
magenta_yellow,0.3925,0.912099480629,0.358916461468,0.36070176959,0.915518641472,0.410031706095,0.496928602457
magenta_yellow,0.395,0.912438094616,0.360172092915,0.359797626734,0.915841937065,0.411499410868,0.495972931385
magenta_yellow,0.3975,0.912776887417,0.36142745614,0.358897060156,0.916165173054,0.412964880466,0.495015174151
magenta_yellow,0.4,0.913115739822,0.362682491541,0.358000069857,0.916488349438,0.414428085089,0.49405542016
magenta_yellow,0.4025,0.913454532623,0.363937228918,0.357106536627,0.916811406612,0.415889084339,0.493093520403
magenta_yellow,0.405,0.913793385029,0.365191787481,0.356216430664,0.917134344578,0.417348027229,0.49212962389
magenta_yellow,0.4075,0.914132356644,0.36644628644,0.355329751968,0.917457282543,0.418804883957,0.491163551807
magenta_yellow,0.41,0.914471328258,0.367700517178,0.35444638133,0.917780101299,0.420259773731,0.490195423365
magenta_yellow,0.4125,0.914810419083,0.368954837322,0.353566348553,0.918102920055,0.42171266675,0.489225119352
magenta_yellow,0.415,0.915149450302,0.370209008455,0.352689504623,0.918425619602,0.42316365242,0.48825275898
magenta_yellow,0.4175,0.91548871994,0.3714633286,0.351815909147,0.91874819994,0.424612790346,0.487278193235
magenta_yellow,0.42,0.915827929974,0.372717708349,0.350945413113,0.919070720673,0.426060140133,0.486301451921
magenta_yellow,0.4225,0.916167199612,0.37397223711,0.350078046322,0.919393122196,0.427505731583,0.48532256484
magenta_yellow,0.425,0.916506648064,0.375226914883,0.349213808775,0.91971552372,0.428949534893,0.484341472387
magenta_yellow,0.4275,0.916845977306,0.376481771469,0.348352581263,0.920037925243,0.43039175868,0.483358204365
magenta_yellow,0.43,0.917185366154,0.377736955881,0.347494274378,0.920360207558,0.431832373142,0.482372671366
magenta_yellow,0.4325,0.91752499342,0.378992438316,0.346638977528,0.920682370663,0.433271408081,0.481384962797
magenta_yellow,0.435,0.917864561081,0.380248278379,0.345786511898,0.921004533768,0.434708952904,0.480394989252
magenta_yellow,0.4375,0.918204188347,0.381504535675,0.344936937094,0.921326577663,0.436144948006,0.479402720928
magenta_yellow,0.44,0.918543934822,0.382761240005,0.344090104103,0.921648681164,0.437579602003,0.47840821743
magenta_yellow,0.4425,0.918883681297,0.384018391371,0.343246042728,0.921970665455,0.439012855291,0.477411419153
magenta_yellow,0.445,0.919223606587,0.385276079178,0.342404782772,0.922292590141,0.440444767475,0.476412296295
magenta_yellow,0.4475,0.919563472271,0.386534363031,0.341566175222,0.922614395618,0.441875457764,0.475410848856
magenta_yellow,0.45,0.919903457165,0.387793362141,0.340730190277,0.9229362607,0.443304896355,0.474407076836
magenta_yellow,0.4525,0.920243620873,0.389052927494,0.339896798134,0.923258006573,0.444733083248,0.473400980234
magenta_yellow,0.455,0.920583665371,0.390313327313,0.339065879583,0.92357981205,0.446160137653,0.472392469644
magenta_yellow,0.4575,0.920923888683,0.391574293375,0.33823749423,0.923901379108,0.447586119175,0.471381604671
magenta_yellow,0.46,0.9212641716,0.392836272717,0.337411701679,0.924223065376,0.449011057615,0.47036832571
magenta_yellow,0.4625,0.921604454517,0.394099026918,0.336588263512,0.92454457283,0.450435012579,0.469352662563
magenta_yellow,0.465,0.921944916248,0.395362615585,0.335767239332,0.924866139889,0.451857954264,0.468334496021
magenta_yellow,0.4675,0.922285318375,0.396627128124,0.334948539734,0.925187587738,0.453280001879,0.467313975096
magenta_yellow,0.47,0.922625899315,0.397892713547,0.334132224321,0.925509154797,0.454701185226,0.46629089117
magenta_yellow,0.4725,0.922966659069,0.399159282446,0.333318114281,0.925830483437,0.456121504307,0.465265393257
magenta_yellow,0.475,0.923307299614,0.400426894426,0.332506239414,0.926151812077,0.457541018724,0.464237391949
magenta_yellow,0.4775,0.923648178577,0.401695549488,0.331696540117,0.926473140717,0.458959817886,0.463206857443
magenta_yellow,0.48,0.923989057541,0.40296548605,0.330889075995,0.926794469357,0.460377961397,0.462173759937
magenta_yellow,0.4825,0.924330055714,0.4042365551,0.330083668232,0.927115738392,0.461795419455,0.461138129234
magenta_yellow,0.485,0.924671113491,0.405508846044,0.329280465841,0.927436947823,0.463212251663,0.460099935532
magenta_yellow,0.4875,0.925012290478,0.406782448292,0.328479140997,0.927758157253,0.464628517628,0.459059119224
magenta_yellow,0.49,0.925353467464,0.408057332039,0.327679932118,0.928079366684,0.466044217348,0.458015710115
magenta_yellow,0.4925,0.92569476366,0.409333646298,0.326882600784,0.928400576115,0.467459529638,0.456969678402
magenta_yellow,0.495,0.926036179066,0.410611331463,0.326087266207,0.928721606731,0.468874305487,0.455921024084
magenta_yellow,0.4975,0.926377773285,0.411890536547,0.325293809175,0.929042756558,0.47028875351,0.454869657755
magenta_yellow,0.5,0.926719367504,0.413171201944,0.324502199888,0.929363787174,0.471702814102,0.453815639019
magenta_yellow,0.5025,0.927061080933,0.414453446865,0.323712438345,0.929684877396,0.473116517067,0.452758938074
magenta_yellow,0.505,0.927402853966,0.415737181902,0.322924435139,0.930005848408,0.474530011415,0.451699465513
magenta_yellow,0.5075,0.927744686603,0.417022705078,0.322138160467,0.930326879024,0.47594332695,0.450637251139
magenta_yellow,0.51,0.928086817265,0.418309748173,0.32135361433,0.930647909641,0.477356374264,0.44957229495
magenta_yellow,0.5125,0.928428888321,0.419598579407,0.320570737123,0.930968940258,0.478769302368,0.448504507542
magenta_yellow,0.515,0.928771078587,0.420889228582,0.319789469242,0.93128991127,0.480182141066,0.447433948517
magenta_yellow,0.5175,0.929113388062,0.422181606293,0.319009810686,0.931610822678,0.481594920158,0.446360528469
magenta_yellow,0.52,0.929455757141,0.423475921154,0.318231731653,0.931931853294,0.483007729053,0.445284307003
magenta_yellow,0.5225,0.929798305035,0.424772053957,0.317455172539,0.932252705097,0.484420537949,0.444205194712
magenta_yellow,0.525,0.930140972138,0.426070213318,0.316680043936,0.932573676109,0.485833406448,0.44312313199
magenta_yellow,0.5275,0.930483698845,0.427370339632,0.315906375647,0.932894587517,0.48724642396,0.442038178444
magenta_yellow,0.53,0.930826544762,0.428672522306,0.315134167671,0.933215498924,0.488659530878,0.44095030427
magenta_yellow,0.5325,0.931169509888,0.429976761341,0.3143633008,0.933536469936,0.490072906017,0.439859420061
magenta_yellow,0.535,0.931512653828,0.431283146143,0.313593715429,0.933857321739,0.491486519575,0.438765615225
magenta_yellow,0.5375,0.931855857372,0.432591736317,0.31282556057,0.934178233147,0.492900431156,0.437668740749
magenta_yellow,0.54,0.932199239731,0.433902531862,0.312058597803,0.934499144554,0.494314670563,0.436568856239
magenta_yellow,0.5425,0.932542681694,0.435215562582,0.311292827129,0.934820175171,0.495729267597,0.43546590209
magenta_yellow,0.545,0.932886242867,0.436530947685,0.310528367758,0.935141026974,0.497144252062,0.434359848499
magenta_yellow,0.5475,0.933229923248,0.437848687172,0.309764921665,0.935461938381,0.498559713364,0.433250725269
magenta_yellow,0.55,0.933573782444,0.439168900251,0.309002637863,0.935782849789,0.499975681305,0.432138413191
magenta_yellow,0.5525,0.933917701244,0.440491527319,0.308241486549,0.936103820801,0.501392304897,0.431022971869
magenta_yellow,0.555,0.934261918068,0.441816657782,0.30748128891,0.936424851417,0.502809345722,0.4299043715
magenta_yellow,0.5575,0.934606075287,0.443144440651,0.306722164154,0.93674582243,0.504227101803,0.428782492876
magenta_yellow,0.56,0.93495041132,0.444474726915,0.305963993072,0.937066733837,0.505645573139,0.427657395601
magenta_yellow,0.5625,0.935294985771,0.445807725191,0.305206716061,0.937387764454,0.507064759731,0.426529049873
magenta_yellow,0.565,0.935639619827,0.447143405676,0.304450333118,0.937708795071,0.508484721184,0.425397336483
magenta_yellow,0.5675,0.935984373093,0.448481947184,0.303694844246,0.938029825687,0.509905517101,0.42426237464
magenta_yellow,0.57,0.936329305172,0.449823200703,0.302940160036,0.938350856304,0.511327087879,0.423123985529
magenta_yellow,0.5725,0.936674356461,0.451167374849,0.302186131477,0.938671946526,0.512749671936,0.421982258558
magenta_yellow,0.575,0.937019705772,0.452514469624,0.301432996988,0.938993096352,0.514173150063,0.420837134123
magenta_yellow,0.5775,0.93736499548,0.453864485025,0.300680458546,0.939314186573,0.515597581863,0.419688552618
magenta_yellow,0.58,0.93771058321,0.455217570066,0.299928665161,0.939635336399,0.517023146153,0.418536454439
magenta_yellow,0.5825,0.93805629015,0.456573694944,0.299177467823,0.93995654583,0.518449723721,0.417380869389
magenta_yellow,0.585,0.938402056694,0.457933008671,0.298426836729,0.940277695656,0.519877552986,0.416221767664
magenta_yellow,0.5875,0.938748061657,0.459295392036,0.297676742077,0.940598905087,0.521306455135,0.415059089661
magenta_yellow,0.59,0.939094305038,0.460661202669,0.296927183867,0.940920233727,0.522736608982,0.413892805576
magenta_yellow,0.5925,0.939440727234,0.462030112743,0.296178042889,0.941241502762,0.524168014526,0.412722855806
magenta_yellow,0.595,0.939787089825,0.463402509689,0.295429289341,0.941562831402,0.525600850582,0.411549240351
magenta_yellow,0.5975,0.940133810043,0.4647783041,0.294681012631,0.941884219647,0.527034938335,0.410371959209
magenta_yellow,0.6,0.940480589867,0.46615755558,0.293933063745,0.942205607891,0.528470516205,0.409190922976
magenta_yellow,0.6025,0.940827608108,0.467540323734,0.293185383081,0.942527115345,0.52990758419,0.408006101847
magenta_yellow,0.605,0.941174805164,0.468926697969,0.292437970638,0.942848563194,0.531346142292,0.406817495823
magenta_yellow,0.6075,0.941522240639,0.470316678286,0.291690677404,0.943170189858,0.532786250114,0.405625015497
magenta_yellow,0.61,0.941869735718,0.47171035409,0.290943711996,0.943491756916,0.534228026867,0.404428690672
magenta_yellow,0.6125,0.942217469215,0.473107844591,0.290196806192,0.943813383579,0.535671472549,0.40322843194
magenta_yellow,0.615,0.942565381527,0.474509060383,0.289449989796,0.944135069847,0.537116587162,0.402024209499
magenta_yellow,0.6175,0.942913472652,0.475914239883,0.288703203201,0.94445681572,0.538563549519,0.400815993547
magenta_yellow,0.62,0.943261742592,0.477323293686,0.287956446409,0.944778561592,0.540012300014,0.399603754282
magenta_yellow,0.6225,0.943610191345,0.478736430407,0.287209659815,0.945100426674,0.541462898254,0.398387402296
magenta_yellow,0.625,0.943958759308,0.480153620243,0.286462724209,0.945422291756,0.542915463448,0.397166967392
magenta_yellow,0.6275,0.944307684898,0.481574952602,0.285715699196,0.945744276047,0.544369995594,0.39594233036
magenta_yellow,0.63,0.944656789303,0.483000546694,0.284968435764,0.946066260338,0.545826613903,0.394713550806
magenta_yellow,0.6325,0.945006012917,0.484430372715,0.284221023321,0.946388363838,0.547285199165,0.393480449915
magenta_yellow,0.635,0.945355534553,0.485864579678,0.283473312855,0.946710407734,0.548746049404,0.392243117094
magenta_yellow,0.6375,0.9457051754,0.487303167582,0.282725214958,0.947032690048,0.550209105015,0.391001433134
magenta_yellow,0.64,0.946055054665,0.488746166229,0.281976848841,0.947354972362,0.551674306393,0.389755398035
magenta_yellow,0.6425,0.946405172348,0.490193784237,0.281227946281,0.947677314282,0.553141832352,0.38850492239
magenta_yellow,0.645,0.946755468845,0.491646021604,0.280478715897,0.9479996562,0.554611861706,0.387249946594
magenta_yellow,0.6475,0.947106003761,0.493103027344,0.279728829861,0.948322176933,0.556084275246,0.385990470648
magenta_yellow,0.65,0.947456717491,0.494564712048,0.278978466988,0.948644697666,0.557559132576,0.384726405144
magenta_yellow,0.6525,0.947807729244,0.49603125453,0.278227448463,0.948967397213,0.559036552906,0.38345772028
magenta_yellow,0.655,0.948158919811,0.497502744198,0.277475714684,0.94929009676,0.560516536236,0.382184386253
magenta_yellow,0.6575,0.948510289192,0.498979210854,0.276723325252,0.949612796307,0.561999261379,0.380906283855
magenta_yellow,0.66,0.948861837387,0.500460684299,0.275970131159,0.949935674667,0.563484728336,0.379623442888
magenta_yellow,0.6625,0.949213802814,0.501947462559,0.2752161026,0.950258672237,0.564972937107,0.378335744142
magenta_yellow,0.665,0.949565887451,0.503439366818,0.274461179972,0.950581669807,0.566463947296,0.377043187618
magenta_yellow,0.6675,0.949918270111,0.504936635494,0.273705273867,0.950904786587,0.567957937717,0.375745683908
magenta_yellow,0.67,0.95027089119,0.506439328194,0.27294844389,0.951227962971,0.569454908371,0.374443203211
magenta_yellow,0.6725,0.950623691082,0.50794750452,0.272190481424,0.951551318169,0.570954918861,0.373135626316
magenta_yellow,0.675,0.950976669788,0.50946110487,0.271431416273,0.951874673367,0.572458028793,0.371822923422
magenta_yellow,0.6775,0.951330125332,0.510980606079,0.270671188831,0.952198147774,0.573964416981,0.370505064726
magenta_yellow,0.68,0.951683700085,0.51250565052,0.269909709692,0.952521681786,0.575473964214,0.369181960821
magenta_yellow,0.6825,0.952037513256,0.514036595821,0.26914691925,0.952845394611,0.576986789703,0.367853581905
magenta_yellow,0.685,0.952391684055,0.515573441982,0.2683827281,0.953169167042,0.578503072262,0.366519778967
magenta_yellow,0.6875,0.952745974064,0.517116427422,0.267617106438,0.953492999077,0.58002281189,0.365180581808
magenta_yellow,0.69,0.9531006217,0.518665373325,0.266849994659,0.953817009926,0.581546068192,0.363835841417
magenta_yellow,0.6925,0.953455448151,0.520220577717,0.266081392765,0.954141139984,0.583072900772,0.362485587597
magenta_yellow,0.695,0.953810572624,0.521782100201,0.265311032534,0.954465329647,0.584603428841,0.361129671335
magenta_yellow,0.6975,0.954166054726,0.523350119591,0.264539062977,0.954789578915,0.586137712002,0.359768003225
magenta_yellow,0.7,0.954521775246,0.524924576282,0.263765305281,0.955114006996,0.58767580986,0.358400583267
magenta_yellow,0.7025,0.954877734184,0.52650564909,0.262989670038,0.955438554287,0.589217841625,0.357027262449
magenta_yellow,0.705,0.955233931541,0.528093516827,0.262212067843,0.955763280392,0.590763807297,0.355648040771
magenta_yellow,0.7075,0.955590546131,0.529688119888,0.2614325881,0.956088066101,0.592313945293,0.354262769222
magenta_yellow,0.71,0.95594727993,0.531289696693,0.260650932789,0.95641297102,0.593868136406,0.352871388197
magenta_yellow,0.7125,0.956304311752,0.532898366451,0.25986713171,0.956737995148,0.595426619053,0.351473838091
magenta_yellow,0.715,0.956661820412,0.534514129162,0.259081065655,0.957063138485,0.59698933363,0.350070029497
magenta_yellow,0.7175,0.957019507885,0.536137223244,0.258292764425,0.957388401032,0.598556518555,0.348659843206
magenta_yellow,0.72,0.957377493382,0.537767827511,0.257501989603,0.957713842392,0.600128233433,0.347243219614
magenta_yellow,0.7225,0.957735776901,0.539405763149,0.256708741188,0.958039402962,0.601704478264,0.345820069313
magenta_yellow,0.725,0.958094358444,0.541051447392,0.255912899971,0.958365142345,0.603285431862,0.344390243292
magenta_yellow,0.7275,0.95845323801,0.542704880238,0.25511443615,0.958690941334,0.604871034622,0.342953711748
magenta_yellow,0.73,0.958812475204,0.544366180897,0.25431317091,0.959016919136,0.606461584568,0.341510415077
magenta_yellow,0.7325,0.959172010422,0.546035587788,0.253509074449,0.959343075752,0.608057022095,0.34006011486
magenta_yellow,0.735,0.959531843662,0.547712922096,0.252702027559,0.959669351578,0.609657645226,0.3386028409
magenta_yellow,0.7375,0.959891974926,0.549398779869,0.25189191103,0.959995746612,0.611263275147,0.337138444185
magenta_yellow,0.74,0.960252523422,0.551093041897,0.251078605652,0.960322320461,0.612874150276,0.335666775703
magenta_yellow,0.7425,0.960613310337,0.552795946598,0.250262051821,0.960649073124,0.614490389824,0.334187746048
magenta_yellow,0.745,0.960974514484,0.554507493973,0.249442145228,0.960976004601,0.616112172604,0.332701265812
magenta_yellow,0.7475,0.961335897446,0.55622792244,0.248618751764,0.961303114891,0.617739439011,0.331207215786
magenta_yellow,0.75,0.961697697639,0.557957530022,0.247791782022,0.961630344391,0.619372308254,0.329705417156
magenta_yellow,0.7525,0.962059855461,0.559696078301,0.246961116791,0.961957752705,0.621011078358,0.328195810318
magenta_yellow,0.755,0.962422311306,0.561444103718,0.246126592159,0.962285399437,0.622655689716,0.326678276062
magenta_yellow,0.7575,0.962785065174,0.563201665878,0.245288074017,0.962613105774,0.624306321144,0.325152605772
magenta_yellow,0.76,0.963148355484,0.564968883991,0.24444553256,0.962941050529,0.62596309185,0.323618739843
magenta_yellow,0.7625,0.963511765003,0.566745936871,0.243598744273,0.963269293308,0.627626061439,0.322076529264
magenta_yellow,0.765,0.963875710964,0.568533062935,0.24274764955,0.963597595692,0.62929546833,0.320525795221
magenta_yellow,0.7675,0.964239895344,0.570330262184,0.241892024875,0.963926136494,0.630971431732,0.318966418505
magenta_yellow,0.77,0.964604496956,0.572138011456,0.24103179574,0.96425485611,0.632653832436,0.317398220301
magenta_yellow,0.7725,0.964969396591,0.573956251144,0.240166783333,0.964583814144,0.634343087673,0.315821051598
magenta_yellow,0.775,0.965334653854,0.575785279274,0.239296883345,0.964913010597,0.63603925705,0.314234822988
magenta_yellow,0.7775,0.96570032835,0.577625215054,0.238421782851,0.96524232626,0.637742459774,0.312639296055
magenta_yellow,0.78,0.966066360474,0.579476475716,0.23754157126,0.965571939945,0.639452815056,0.311034232378
magenta_yellow,0.7825,0.96643280983,0.581338942051,0.236655890942,0.965901732445,0.641170501709,0.309419602156
magenta_yellow,0.785,0.966799557209,0.583213150501,0.23576463759,0.966231822967,0.642895638943,0.307795137167
magenta_yellow,0.7875,0.967166662216,0.585099041462,0.23486764729,0.966562092304,0.644628405571,0.306160718203
magenta_yellow,0.79,0.967534244061,0.58699709177,0.233964711428,0.966892600059,0.646368861198,0.304516077042
magenta_yellow,0.7925,0.967902243137,0.588907301426,0.233055606484,0.967223346233,0.648117363453,0.30286103487
magenta_yellow,0.795,0.968270421028,0.590830087662,0.232140228152,0.967554330826,0.64987385273,0.301195323467
magenta_yellow,0.7975,0.968639135361,0.592765569687,0.231218293309,0.967885673046,0.651638627052,0.299518913031
magenta_yellow,0.8,0.96900832653,0.594714164734,0.230289667845,0.968217253685,0.653411865234,0.297831386328
magenta_yellow,0.8025,0.969377756119,0.596675992012,0.229353994131,0.968549072743,0.655193686485,0.296132653952
magenta_yellow,0.805,0.96974760294,0.59865128994,0.22841116786,0.968881130218,0.656984329224,0.294422358274
magenta_yellow,0.8075,0.970117866993,0.600640416145,0.227460980415,0.969213485718,0.658783853054,0.292700320482
magenta_yellow,0.81,0.970488548279,0.602643609047,0.226503029466,0.969546198845,0.660592615604,0.290966272354
magenta_yellow,0.8125,0.970859706402,0.604661166668,0.225537240505,0.9698792696,0.662410676479,0.289219975472
magenta_yellow,0.815,0.971231102943,0.606693506241,0.224563241005,0.970212459564,0.664238393307,0.287461102009
magenta_yellow,0.8175,0.971603035927,0.608740746975,0.22358083725,0.970546066761,0.666075706482,0.285689413547
magenta_yellow,0.82,0.971975266933,0.610803246498,0.222589656711,0.970880031586,0.667923092842,0.283904582262
magenta_yellow,0.8225,0.972347915173,0.612881481648,0.221589490771,0.971214354038,0.669780671597,0.282106280327
magenta_yellow,0.825,0.972720980644,0.614975631237,0.220579966903,0.971548914909,0.671648621559,0.280294299126
magenta_yellow,0.8275,0.973094522953,0.617086172104,0.21956089139,0.971884012222,0.673527181148,0.278468191624
magenta_yellow,0.83,0.973468542099,0.619213283062,0.218531697989,0.972219347954,0.675416767597,0.276627659798
magenta_yellow,0.8325,0.973842799663,0.621357560158,0.217492222786,0.972555100918,0.677317380905,0.274772316217
magenta_yellow,0.835,0.97421759367,0.62351924181,0.216442078352,0.972891271114,0.6792293787,0.27290186286
magenta_yellow,0.8375,0.974592745304,0.625698745251,0.215380802751,0.973227798939,0.681152999401,0.271015763283
magenta_yellow,0.84,0.974968373776,0.627896487713,0.214308172464,0.973564863205,0.683088481426,0.269113719463
magenta_yellow,0.8425,0.97534430027,0.630113005638,0.213223561645,0.973902285099,0.685036182404,0.267195224762
magenta_yellow,0.845,0.975720703602,0.632348656654,0.212126716971,0.974240124226,0.686996459961,0.265259861946
magenta_yellow,0.8475,0.976097583771,0.634603857994,0.2110170573,0.974578499794,0.688969373703,0.263307273388
magenta_yellow,0.85,0.976474821567,0.636879205704,0.209894239903,0.974917292595,0.690955340862,0.261336803436
magenta_yellow,0.8525,0.976852416992,0.639174938202,0.208757668734,0.975256681442,0.692954719067,0.259348124266
magenta_yellow,0.855,0.977230548859,0.641491830349,0.207606822252,0.975596547127,0.694967746735,0.25734052062
magenta_yellow,0.8575,0.977609038353,0.643830358982,0.206441238522,0.975936949253,0.696994960308,0.255313545466
magenta_yellow,0.86,0.977987885475,0.646190941334,0.205260232091,0.976277947426,0.699036478996,0.25326654315
magenta_yellow,0.8625,0.978367209434,0.648574352264,0.204063341022,0.97661948204,0.701092720032,0.251198917627
magenta_yellow,0.865,0.978746950626,0.650981068611,0.202849701047,0.976961612701,0.703164100647,0.249110013247
magenta_yellow,0.8675,0.979127049446,0.653411746025,0.201618820429,0.977304518223,0.70525097847,0.246999174357
magenta_yellow,0.87,0.979507625103,0.655866980553,0.200369983911,0.977648019791,0.707353830337,0.244865655899
magenta_yellow,0.8725,0.979888439178,0.65834748745,0.199102371931,0.97799217701,0.709473013878,0.242708623409
magenta_yellow,0.875,0.980269730091,0.660853981972,0.197815254331,0.978337109089,0.711608946323,0.24052734673
magenta_yellow,0.8775,0.980651378632,0.663387298584,0.196507737041,0.978682816029,0.713762104511,0.238321006298
magenta_yellow,0.88,0.981033444405,0.665948033333,0.195178970694,0.979029178619,0.715932965279,0.23608866334
magenta_yellow,0.8825,0.981415867806,0.668537080288,0.193828016519,0.979376494884,0.718122005463,0.233829304576
magenta_yellow,0.885,0.981798648834,0.671155273914,0.192453876138,0.979724705219,0.720329761505,0.231542050838
magenta_yellow,0.8875,0.982181787491,0.673803448677,0.191055521369,0.980073809624,0.722556710243,0.22922578454
magenta_yellow,0.89,0.982565283775,0.676482617855,0.189631700516,0.980423808098,0.724803507328,0.22687920928
magenta_yellow,0.8925,0.982949137688,0.679193735123,0.188181266189,0.98077493906,0.727070629597,0.224501341581
magenta_yellow,0.895,0.983333230019,0.68193769455,0.186702996492,0.981127083302,0.7293587327,0.222090736032
magenta_yellow,0.8975,0.983717679977,0.684715807438,0.185195460916,0.981480300427,0.731668353081,0.219646126032
magenta_yellow,0.9,0.984102427959,0.687528908253,0.183657199144,0.981834709644,0.734000444412,0.217165976763
magenta_yellow,0.9025,0.984487473965,0.690378427506,0.182086601853,0.982190489769,0.736355304718,0.214648634195
magenta_yellow,0.905,0.984872698784,0.693265497684,0.180482029915,0.982547521591,0.738733947277,0.212092533708
magenta_yellow,0.9075,0.985258340836,0.696191489697,0.178841501474,0.982905983925,0.741137087345,0.20949575305
magenta_yellow,0.91,0.985644042492,0.699157714844,0.177163362503,0.98326587677,0.743565440178,0.206856384873
magenta_yellow,0.9125,0.986029982567,0.702165782452,0.175445124507,0.983627438545,0.746019899845,0.204172357917
magenta_yellow,0.915,0.98641616106,0.705217123032,0.173684746027,0.983990550041,0.748501241207,0.201441317797
magenta_yellow,0.9175,0.986802399158,0.708313465118,0.171879693866,0.984355509281,0.751010656357,0.198660850525
magenta_yellow,0.92,0.987188816071,0.711456596851,0.170027077198,0.98472237587,0.753548979759,0.195828303695
magenta_yellow,0.9225,0.987575352192,0.714648365974,0.168124198914,0.985091328621,0.756117224693,0.192940652371
magenta_yellow,0.925,0.987961947918,0.717890739441,0.166167587042,0.985462427139,0.758716642857,0.189994782209
magenta_yellow,0.9275,0.988348543644,0.721186041832,0.164153859019,0.985835731029,0.761348187923,0.186987251043
magenta_yellow,0.93,0.98873513937,0.72453635931,0.162079066038,0.986211717129,0.76401335001,0.183914214373
magenta_yellow,0.9325,0.989121675491,0.727944076061,0.159938961268,0.986590325832,0.766713321209,0.18077147007
magenta_yellow,0.935,0.989508211613,0.731412172317,0.157728731632,0.986971735954,0.769449412823,0.177554413676
magenta_yellow,0.9375,0.989894449711,0.734943151474,0.155443206429,0.987356185913,0.772223412991,0.174258008599
magenta_yellow,0.94,0.9902805686,0.738540232182,0.153076559305,0.987744152546,0.775036752224,0.17087636888
magenta_yellow,0.9425,0.990666329861,0.742206633091,0.15062212944,0.988135635853,0.777891159058,0.167403414846
magenta_yellow,0.945,0.991051971912,0.745945990086,0.14807254076,0.988531172276,0.78078854084,0.163831874728
magenta_yellow,0.9475,0.991437077522,0.749762237072,0.145419731736,0.988930940628,0.783730924129,0.160153761506
magenta_yellow,0.95,0.9918217659,0.753659486771,0.142654046416,0.989335298538,0.786720335484,0.156360149384
magenta_yellow,0.9525,0.99220597744,0.757642388344,0.139764979482,0.989744782448,0.789759278297,0.15244050324
magenta_yellow,0.955,0.992589592934,0.761716246605,0.136739969253,0.990159869194,0.792850196362,0.148383289576
magenta_yellow,0.9575,0.992972493172,0.765886485577,0.133564889431,0.990580976009,0.79599571228,0.144174769521
magenta_yellow,0.96,0.993354797363,0.770159184933,0.130223214626,0.99100881815,0.799198865891,0.139799147844
magenta_yellow,0.9625,0.99373626709,0.774541378021,0.126695379615,0.99144411087,0.802463054657,0.135238036513
magenta_yellow,0.965,0.994116902351,0.779040634632,0.122958399355,0.991887569428,0.805791914463,0.130469575524
magenta_yellow,0.9675,0.994496822357,0.783665537834,0.118984445929,0.992340266705,0.809189379215,0.125467568636
magenta_yellow,0.97,0.994875907898,0.788425981998,0.114740014076,0.992803156376,0.812659740448,0.120200432837
magenta_yellow,0.9725,0.995254278183,0.793332397938,0.110183924437,0.993277430534,0.816208004952,0.114629402757
magenta_yellow,0.975,0.995632052422,0.798397600651,0.105264544487,0.993764698505,0.819839596748,0.108706526458
magenta_yellow,0.9775,0.99600982666,0.803635716438,0.099915727973,0.99426651001,0.823560893536,0.102370150387
magenta_yellow,0.98,0.996387839317,0.809063613415,0.0940516665578,0.994785010815,0.827378809452,0.095539867878
magenta_yellow,0.9825,0.996767520905,0.81470066309,0.087556771934,0.99532276392,0.831301629543,0.0881089940667
magenta_yellow,0.985,0.99715000391,0.820569813252,0.0802699327469,0.995882570744,0.835338413715,0.0799279883504
magenta_yellow,0.9875,0.99753844738,0.826698482037,0.0719558298588,0.996468186378,0.839500248432,0.0707797780633
magenta_yellow,0.99,0.997937321663,0.833120286465,0.0622483454645,0.997084200382,0.843800008297,0.0603258498013
magenta_yellow,0.9925,0.998355031013,0.839876413345,0.0505218245089,0.99773645401,0.848253011703,0.0479884780943
magenta_yellow,0.995,0.998807489872,0.847018539906,0.0356305204332,0.998432576656,0.852878212929,0.0329371243715
magenta_yellow,0.9975,0.999327838421,0.85461294651,0.0185730513185,0.999182462692,0.857698917389,0.0167894009501
magenta_yellow,1.0,1.0,0.86274510622,0.0,1.0,0.86274510622,0.0
black_white,0.0,0.0,0.0,0.0,0.0,0.0,0.0
black_white,0.0025,0.0322201214731,0.0322201289236,0.0322201363742,0.0150409797206,0.0150409797206,0.0150410281494
black_white,0.005,0.0607701987028,0.0607702061534,0.0607702024281,0.0300961341709,0.0300960857421,0.0300961341709
black_white,0.0075,0.0819387361407,0.081938765943,0.081938765943,0.0449375547469,0.0449374429882,0.0449375323951
black_white,0.01,0.0992217212915,0.0992217361927,0.0992217361927,0.0576864182949,0.0576863996685,0.0576864555478
black_white,0.0125,0.114078909159,0.11407892406,0.114078909159,0.0686905235052,0.0686905235052,0.0686905905604
black_white,0.015,0.12724237144,0.127242386341,0.127242386341,0.0784794837236,0.0784795284271,0.0784795582295
black_white,0.0175,0.139139950275,0.139139965177,0.139139965177,0.0873624384403,0.0873624384403,0.0873624235392
black_white,0.02,0.150046497583,0.150046512485,0.150046497583,0.0955377072096,0.0955376848578,0.0955377444625
black_white,0.0225,0.16015085578,0.160150885582,0.160150870681,0.103141479194,0.103141441941,0.103141508997
black_white,0.025,0.169589236379,0.169589266181,0.169589281082,0.11027173698,0.110271714628,0.110271789133
black_white,0.0275,0.178463593125,0.178463608026,0.178463608026,0.117001838982,0.117001838982,0.117001891136
black_white,0.03,0.186852514744,0.186852514744,0.186852529645,0.123388275504,0.123388297856,0.123388305306
black_white,0.0325,0.19481818378,0.194818168879,0.194818213582,0.129475548863,0.129475548863,0.129475563765
black_white,0.035,0.202410593629,0.202410638332,0.202410638332,0.135299518704,0.135299548507,0.135299548507
black_white,0.0375,0.209670841694,0.209670856595,0.209670901298,0.140889599919,0.140889585018,0.140889629722
black_white,0.04,0.216633066535,0.216633111238,0.216633111238,0.1462700665,0.146270051599,0.146270111203
black_white,0.0425,0.223325997591,0.223326012492,0.22332598269,0.151461645961,0.151461645961,0.151461645961
black_white,0.045,0.229774057865,0.229774072766,0.229774102569,0.156481519342,0.156481519342,0.156481549144
black_white,0.0475,0.235998317599,0.235998347402,0.235998362303,0.161344856024,0.161344841123,0.161344870925
black_white,0.05,0.242017030716,0.242017030716,0.242017045617,0.16606451571,0.16606451571,0.166064545512
black_white,0.0525,0.247846096754,0.247846111655,0.247846111655,0.170651853085,0.170651838183,0.170651897788
black_white,0.055,0.253499567509,0.253499597311,0.253499567509,0.175116866827,0.175116851926,0.175116851926
black_white,0.0575,0.258989781141,0.258989781141,0.258989810944,0.179468140006,0.179468184709,0.179468184709
black_white,0.06,0.264327764511,0.264327794313,0.264327794313,0.18371373415,0.18371373415,0.183713749051
black_white,0.0625,0.269523441792,0.269523471594,0.269523471594,0.187860459089,0.18786047399,0.187860459089
black_white,0.065,0.27458563447,0.274585664272,0.274585664272,0.191914632916,0.191914588213,0.191914632916
black_white,0.0675,0.279522389173,0.279522418976,0.279522418976,0.195881858468,0.19588188827,0.19588188827
black_white,0.07,0.284340888262,0.284340918064,0.284340947866,0.199767321348,0.199767306447,0.199767336249
black_white,0.0725,0.289047837257,0.28904786706,0.289047896862,0.203575596213,0.203575581312,0.203575611115
black_white,0.075,0.293649166822,0.293649226427,0.293649226427,0.207310944796,0.207310959697,0.2073110044
black_white,0.0775,0.298150509596,0.298150509596,0.298150479794,0.210977256298,0.210977271199,0.210977271199
black_white,0.08,0.302556753159,0.302556753159,0.302556782961,0.214578092098,0.214578077197,0.214578077197
black_white,0.0825,0.306872695684,0.306872695684,0.306872695684,0.218116641045,0.218116670847,0.218116685748
black_white,0.085,0.311102569103,0.311102628708,0.311102598906,0.221596002579,0.22159601748,0.22159601748
black_white,0.0875,0.315250426531,0.315250426531,0.315250456333,0.225018948317,0.225018963218,0.225018963218
black_white,0.09,0.319319903851,0.319319963455,0.319319993257,0.228388011456,0.228387996554,0.228388011456
black_white,0.0925,0.323314458132,0.323314487934,0.323314458132,0.231705650687,0.231705635786,0.231705650687
black_white,0.095,0.327237308025,0.327237337828,0.327237337828,0.234974101186,0.234974145889,0.234974086285
black_white,0.0975,0.331091403961,0.331091463566,0.331091433763,0.238195374608,0.238195359707,0.238195374608
black_white,0.1,0.334879636764,0.334879636764,0.334879666567,0.241371467709,0.241371482611,0.241371497512
black_white,0.1025,0.338604450226,0.338604480028,0.338604509831,0.244504198432,0.244504228234,0.244504213333
black_white,0.105,0.34226846695,0.342268496752,0.34226846695,0.247595250607,0.247595250607,0.247595280409
black_white,0.1075,0.34587392211,0.345873981714,0.345873951912,0.250646322966,0.250646293163,0.250646322966
black_white,0.11,0.349422991276,0.349422991276,0.349423021078,0.253658801317,0.253658831119,0.253658831119
black_white,0.1125,0.352917671204,0.352917701006,0.352917730808,0.256634145975,0.256634145975,0.256634145975
black_white,0.115,0.356359988451,0.356360018253,0.356359988451,0.259573668242,0.259573698044,0.259573727846
black_white,0.1175,0.359751731157,0.359751731157,0.35975176096,0.262478739023,0.262478739023,0.262478739023
black_white,0.12,0.363094627857,0.363094657659,0.363094657659,0.265350401402,0.265350401402,0.265350401402
black_white,0.1225,0.366390258074,0.366390287876,0.366390317678,0.268189907074,0.268189907074,0.268189966679
black_white,0.125,0.369640260935,0.369640260935,0.369640290737,0.270998239517,0.270998269319,0.270998299122
black_white,0.1275,0.372846037149,0.372846096754,0.372846066952,0.273776501417,0.27377653122,0.273776501417
black_white,0.13,0.376009076834,0.376009076834,0.376009106636,0.276525586843,0.276525616646,0.276525586843
black_white,0.1325,0.379130542278,0.379130601883,0.379130572081,0.279246479273,0.279246479273,0.279246538878
black_white,0.135,0.382211893797,0.382211983204,0.382211923599,0.281939953566,0.28194001317,0.28194001317
black_white,0.1375,0.385254234076,0.385254323482,0.38525429368,0.284607023001,0.284606993198,0.284607023001
black_white,0.14,0.388258814812,0.388258844614,0.388258814812,0.287248283625,0.287248283625,0.287248283625
black_white,0.1425,0.391226500273,0.391226559877,0.391226500273,0.289864569902,0.289864599705,0.289864599705
black_white,0.145,0.394158571959,0.394158631563,0.394158631563,0.292456656694,0.292456626892,0.292456656694
black_white,0.1475,0.397056013346,0.397056043148,0.397056043148,0.295025140047,0.295025140047,0.295025169849
black_white,0.15,0.399919658899,0.399919718504,0.399919748306,0.297570705414,0.297570765018,0.297570735216
black_white,0.1525,0.402750611305,0.40275067091,0.40275067091,0.30009406805,0.30009406805,0.300094097853
black_white,0.155,0.405549556017,0.405549615622,0.405549645424,0.302595764399,0.302595794201,0.302595764399
black_white,0.1575,0.408317446709,0.408317565918,0.408317506313,0.305076420307,0.305076420307,0.305076420307
black_white,0.16,0.411055117845,0.41105517745,0.411055207252,0.307536482811,0.307536482811,0.307536512613
black_white,0.1625,0.413763344288,0.413763403892,0.413763284683,0.309976667166,0.309976637363,0.309976667166
black_white,0.165,0.416442811489,0.416442841291,0.416442841291,0.312397301197,0.312397330999,0.312397330999
black_white,0.1675,0.419094264507,0.41909429431,0.41909429431,0.314799040556,0.314799040556,0.314799070358
black_white,0.17,0.421718418598,0.421718478203,0.421718508005,0.317182213068,0.31718224287,0.31718224287
black_white,0.1725,0.424315959215,0.42431601882,0.424315989018,0.31954741478,0.31954741478,0.31954741478
black_white,0.175,0.426887482405,0.426887482405,0.426887542009,0.321895003319,0.321895003319,0.321895003319
black_white,0.1775,0.42943367362,0.429433703422,0.42943367362,0.324225455522,0.32422542572,0.324225455522
black_white,0.18,0.431955039501,0.431955099106,0.431955039501,0.326539099216,0.326539099216,0.326539099216
black_white,0.1825,0.434452295303,0.434452295303,0.434452354908,0.328836411238,0.328836381435,0.328836411238
black_white,0.185,0.436925858259,0.436925917864,0.436925917864,0.331117719412,0.331117749214,0.331117779017
black_white,0.1875,0.439376294613,0.439376294613,0.439376324415,0.333383381367,0.333383440971,0.333383440971
black_white,0.19,0.441804170609,0.441804230213,0.441804170609,0.335633933544,0.335633933544,0.335633963346
black_white,0.1925,0.444210022688,0.444210082293,0.444210112095,0.337869435549,0.337869495153,0.337869495153
black_white,0.195,0.446594238281,0.446594238281,0.446594268084,0.340090423822,0.340090483427,0.340090453625
black_white,0.1975,0.448957294226,0.448957383633,0.448957383633,0.342297226191,0.342297226191,0.342297226191
black_white,0.2,0.451299786568,0.45129981637,0.451299786568,0.344489991665,0.344489991665,0.344489991665
black_white,0.2025,0.453621983528,0.453622072935,0.453622043133,0.346669137478,0.34666916728,0.346669137478
black_white,0.205,0.455924451351,0.455924481153,0.455924451351,0.348834961653,0.348834991455,0.348834961653
black_white,0.2075,0.458207458258,0.45820748806,0.45820748806,0.35098773241,0.35098773241,0.35098773241
black_white,0.21,0.460471510887,0.460471630096,0.46047154069,0.353127658367,0.353127658367,0.353127658367
black_white,0.2125,0.46271699667,0.462717026472,0.46271699667,0.355255126953,0.355255126953,0.355255156755
black_white,0.215,0.464944213629,0.464944332838,0.464944243431,0.357370316982,0.357370346785,0.357370376587
black_white,0.2175,0.467153668404,0.467153668404,0.467153698206,0.359473437071,0.359473466873,0.359473496675
black_white,0.22,0.469345569611,0.469345599413,0.469345629215,0.361564874649,0.361564904451,0.361564874649
black_white,0.2225,0.47152030468,0.471520334482,0.471520364285,0.363644748926,0.363644778728,0.363644748926
black_white,0.225,0.473678320646,0.473678380251,0.473678350449,0.365713357925,0.365713387728,0.36571341753
black_white,0.2275,0.475819855928,0.475819855928,0.475819885731,0.367770880461,0.367770880461,0.367770880461
black_white,0.23,0.477945148945,0.47794520855,0.477945148945,0.369817525148,0.369817525148,0.369817525148
black_white,0.2325,0.480054616928,0.480054676533,0.48005464673,0.371853530407,0.371853560209,0.371853560209
black_white,0.235,0.482148528099,0.482148528099,0.482148528099,0.373879104853,0.373879104853,0.373879134655
black_white,0.2375,0.484227150679,0.484227150679,0.484227120876,0.3758944273,0.375894457102,0.375894486904
black_white,0.24,0.486290812492,0.486290842295,0.486290901899,0.377899765968,0.377899795771,0.377899795771
black_white,0.2425,0.488339751959,0.488339811563,0.488339781761,0.379895240068,0.379895210266,0.379895240068
black_white,0.245,0.490374296904,0.490374326706,0.490374326706,0.381881028414,0.381881058216,0.381881028414
black_white,0.2475,0.492394626141,0.49239474535,0.492394655943,0.383857339621,0.383857339621,0.383857339621
black_white,0.25,0.4944011271,0.494401186705,0.494401186705,0.385824292898,0.385824352503,0.3858243227
black_white,0.2525,0.496393918991,0.496393948793,0.496393978596,0.387782216072,0.387782245874,0.387782216072
black_white,0.255,0.498373270035,0.498373329639,0.498373270035,0.389731138945,0.389731109142,0.389731168747
black_white,0.2575,0.500339388847,0.500339448452,0.500339448452,0.391671150923,0.391671210527,0.391671270132
black_white,0.26,0.502292633057,0.502292692661,0.502292692661,0.393602699041,0.393602699041,0.393602728844
black_white,0.2625,0.504233121872,0.504233181477,0.504233181477,0.395525604486,0.395525693893,0.395525634289
black_white,0.265,0.506161093712,0.506161153317,0.506161212921,0.397440284491,0.397440314293,0.397440314293
black_white,0.2675,0.5080768466,0.508076906204,0.508076906204,0.399346768856,0.399346768856,0.399346828461
black_white,0.27,0.50998044014,0.509980499744,0.509980559349,0.401245176792,0.401245236397,0.401245266199
black_white,0.2725,0.51187223196,0.51187223196,0.511872291565,0.403135746718,0.40313577652,0.403135836124
black_white,0.275,0.513752281666,0.513752281666,0.51375234127,0.405018478632,0.405018508434,0.405018568039
black_white,0.2775,0.515620946884,0.515620946884,0.515620946884,0.406893640757,0.406893700361,0.406893789768
black_white,0.28,0.517478168011,0.517478227615,0.517478227615,0.408761352301,0.408761352301,0.408761382103
black_white,0.2825,0.519324362278,0.519324421883,0.519324362278,0.410621702671,0.410621672869,0.410621732473
black_white,0.285,0.521159648895,0.5211597085,0.521159648895,0.412474811077,0.412474811077,0.412474781275
black_white,0.2875,0.522984266281,0.522984266281,0.522984266281,0.414320796728,0.414320766926,0.414320766926
black_white,0.29,0.52479827404,0.524798333645,0.524798333645,0.416159778833,0.416159808636,0.416159808636
black_white,0.2925,0.526601850987,0.526601910591,0.526601850987,0.417991966009,0.417991995811,0.417991995811
black_white,0.295,0.528395235538,0.528395235538,0.528395295143,0.419817388058,0.419817388058,0.419817388058
black_white,0.2975,0.53017860651,0.53017860651,0.530178666115,0.421636193991,0.421636253595,0.421636253595
black_white,0.3,0.531952023506,0.531952083111,0.531952083111,0.423448503017,0.423448443413,0.42344853282
black_white,0.3025,0.53371566534,0.533715724945,0.533715724945,0.425254374742,0.425254374742,0.425254404545
black_white,0.305,0.535469770432,0.535469889641,0.535469770432,0.427053958178,0.427053958178,0.427053958178
black_white,0.3075,0.537214457989,0.537214517593,0.537214577198,0.42884734273,0.42884734273,0.428847372532
black_white,0.31,0.538949847221,0.538949906826,0.538949966431,0.43063467741,0.430634647608,0.43063467741
black_white,0.3125,0.540676176548,0.540676116943,0.540676176548,0.432415962219,0.432416021824,0.432415992022
black_white,0.315,0.542393386364,0.542393445969,0.542393445969,0.434191405773,0.434191435575,0.434191465378
black_white,0.3175,0.544101834297,0.544101834297,0.544101834297,0.435961127281,0.435961127281,0.435961097479
black_white,0.32,0.545801460743,0.545801520348,0.545801520348,0.437725126743,0.437725156546,0.437725126743
black_white,0.3225,0.547492623329,0.547492682934,0.547492563724,0.439483523369,0.439483523369,0.439483523369
black_white,0.325,0.549175143242,0.549175202847,0.549175262451,0.441236436367,0.441236436367,0.441236406565
black_white,0.3275,0.550849497318,0.550849497318,0.550849676132,0.442984014749,0.442983984947,0.442984014749
black_white,0.33,0.552515685558,0.552515804768,0.552515685558,0.444726198912,0.444726198912,0.444726228714
black_white,0.3325,0.554173707962,0.554173767567,0.554173827171,0.446463167667,0.446463167667,0.446463167667
black_white,0.335,0.555823743343,0.555823922157,0.555823802948,0.448195040226,0.448195070028,0.448195070028
black_white,0.3375,0.557466089726,0.55746614933,0.557466089726,0.449921786785,0.449921786785,0.449921816587
black_white,0.34,0.559100627899,0.559100687504,0.559100627899,0.451643645763,0.451643675566,0.451643675566
black_white,0.3425,0.560727536678,0.560727596283,0.560727596283,0.453360557556,0.453360587358,0.453360617161
black_white,0.345,0.562347054482,0.562347054482,0.562347054482,0.45507273078,0.455072760582,0.455072790384
black_white,0.3475,0.563959062099,0.563959181309,0.563959181309,0.456780105829,0.456780165434,0.456780165434
black_white,0.35,0.56556391716,0.565563976765,0.565563976765,0.458482950926,0.458483010531,0.458482980728
black_white,0.3525,0.567161560059,0.567161679268,0.567161679268,0.460181206465,0.460181236267,0.460181206465
black_white,0.355,0.568752288818,0.568752229214,0.568752288818,0.461875021458,0.461875021458,0.461875021458
black_white,0.3575,0.570335924625,0.57033598423,0.570336043835,0.4635643363,0.463564306498,0.463564366102
black_white,0.36,0.571912765503,0.571912825108,0.571912825108,0.465249359608,0.465249359608,0.465249329805
black_white,0.3625,0.573482871056,0.57348293066,0.57348293066,0.466930121183,0.466930180788,0.466930180788
black_white,0.365,0.575046420097,0.575046360493,0.575046300888,0.468606740236,0.468606740236,0.468606740236
black_white,0.3675,0.576603233814,0.576603293419,0.576603293419,0.470279186964,0.470279216766,0.470279246569
black_white,0.37,0.578153729439,0.578153789043,0.578153729439,0.471947580576,0.471947610378,0.471947610378
black_white,0.3725,0.579697847366,0.579697906971,0.579697906971,0.473612040281,0.473612040281,0.473612070084
black_white,0.375,0.581235706806,0.581235766411,0.581235766411,0.475272625685,0.475272625685,0.475272625685
black_white,0.3775,0.582767426968,0.582767426968,0.582767426968,0.476929306984,0.476929336786,0.476929306984
black_white,0.38,0.584293007851,0.584293067455,0.584293067455,0.478582262993,0.478582292795,0.478582262993
black_white,0.3825,0.585812628269,0.585812687874,0.585812687874,0.480231523514,0.480231553316,0.480231523514
black_white,0.385,0.587326347828,0.587326347828,0.587326288223,0.481877088547,0.481877088547,0.481877088547
black_white,0.3875,0.588834226131,0.588834226131,0.588834226131,0.483519107103,0.483519136906,0.483519166708
black_white,0.39,0.590336441994,0.590336441994,0.590336382389,0.485157638788,0.485157698393,0.485157638788
black_white,0.3925,0.591832995415,0.591833055019,0.591833055019,0.486792713404,0.486792743206,0.486792713404
black_white,0.395,0.593323886394,0.593323945999,0.593323945999,0.488424420357,0.488424390554,0.488424420357
black_white,0.3975,0.594809412956,0.594809472561,0.594809472561,0.49005278945,0.49005278945,0.490052849054
black_white,0.4,0.596289515495,0.5962895751,0.596289515495,0.491677850485,0.491677880287,0.491677880287
black_white,0.4025,0.597764253616,0.597764313221,0.597764372826,0.493299812078,0.493299782276,0.493299841881
black_white,0.405,0.599233746529,0.599233746529,0.599233865738,0.494918495417,0.494918525219,0.494918555021
black_white,0.4075,0.600698053837,0.600698113442,0.600698113442,0.496534228325,0.496534258127,0.496534228325
black_white,0.41,0.60215729475,0.602157354355,0.602157413959,0.498146891594,0.498146891594,0.498146891594
black_white,0.4125,0.603611588478,0.603611648083,0.603611528873,0.499756574631,0.499756604433,0.499756574631
black_white,0.415,0.605060815811,0.60506093502,0.60506093502,0.50136333704,0.50136333704,0.50136333704
black_white,0.4175,0.606505274773,0.606505274773,0.606505334377,0.502967238426,0.502967298031,0.502967298031
black_white,0.42,0.607944846153,0.607944965362,0.607944905758,0.504568338394,0.504568397999,0.504568338394
black_white,0.4225,0.609379827976,0.609379827976,0.609379887581,0.506166815758,0.506166815758,0.506166756153
black_white,0.425,0.610810041428,0.610810101032,0.610810041428,0.507762491703,0.507762491703,0.507762491703
black_white,0.4275,0.612235665321,0.612235724926,0.612235724926,0.509355545044,0.509355545044,0.509355545044
black_white,0.43,0.613656818867,0.613656878471,0.613656878471,0.510946035385,0.510946035385,0.510946035385
black_white,0.4325,0.615073442459,0.615073502064,0.615073502064,0.512533962727,0.512534022331,0.512533962727
black_white,0.435,0.616485714912,0.616485774517,0.616485834122,0.514119446278,0.514119446278,0.514119446278
black_white,0.4375,0.617893755436,0.617893755436,0.617893695831,0.515702486038,0.515702486038,0.515702486038
black_white,0.44,0.61929744482,0.619297504425,0.619297504425,0.517283201218,0.517283260822,0.517283201218
black_white,0.4425,0.62069696188,0.620697021484,0.620697021484,0.518861532211,0.518861532211,0.518861532211
black_white,0.445,0.622092366219,0.622092306614,0.622092425823,0.520437657833,0.520437717438,0.520437657833
black_white,0.4475,0.623483657837,0.623483717442,0.623483598232,0.522011578083,0.522011578083,0.522011518478
black_white,0.45,0.624870955944,0.624871075153,0.624870955944,0.523583292961,0.523583352566,0.523583352566
black_white,0.4525,0.626254320145,0.626254379749,0.626254439354,0.525152921677,0.525152981281,0.525152921677
black_white,0.455,0.627633929253,0.627634048462,0.627633929253,0.526720523834,0.526720523834,0.526720523834
black_white,0.4575,0.629009604454,0.629009664059,0.629009664059,0.528285980225,0.528285980225,0.528285980225
black_white,0.46,0.630381524563,0.630381643772,0.630381643772,0.529849588871,0.529849648476,0.529849648476
black_white,0.4625,0.631749868393,0.631749927998,0.631749868393,0.531411230564,0.531411290169,0.531411290169
black_white,0.465,0.63311445713,0.63311457634,0.63311445713,0.532971084118,0.532971084118,0.532971084118
black_white,0.4675,0.634475529194,0.634475529194,0.634475469589,0.534529030323,0.534529030323,0.534529030323
black_white,0.47,0.635832965374,0.635833084583,0.635833024979,0.536085188389,0.536085247993,0.536085188389
black_white,0.4725,0.637186944485,0.637187123299,0.637187123299,0.53763961792,0.537639677525,0.53763961792
black_white,0.475,0.638537704945,0.638537704945,0.638537764549,0.53919249773,0.53919249773,0.539192438126
black_white,0.4775,0.639884889126,0.639885008335,0.63988506794,0.540743649006,0.540743589401,0.540743649006
black_white,0.48,0.641228973866,0.641228973866,0.641228973866,0.542293250561,0.542293250561,0.542293250561
black_white,0.4825,0.64256966114,0.642569720745,0.64256978035,0.54384124279,0.54384124279,0.543841302395
black_white,0.485,0.643907248974,0.643907248974,0.643907308578,0.545387864113,0.545387864113,0.545387864113
black_white,0.4875,0.645241677761,0.645241737366,0.645241737366,0.546932935715,0.546932995319,0.546932935715
black_white,0.49,0.646573007107,0.646573066711,0.646573007107,0.54847663641,0.548476696014,0.548476696014
black_white,0.4925,0.647901237011,0.647901296616,0.64790135622,0.550019025803,0.550019085407,0.550019025803
black_white,0.495,0.649226605892,0.649226665497,0.649226605892,0.551560044289,0.551560044289,0.551560103893
black_white,0.4975,0.650548994541,0.650549054146,0.650549054146,0.553099870682,0.553099930286,0.553099930286
black_white,0.5,0.651868581772,0.651868641377,0.651868700981,0.554638445377,0.554638504982,0.554638504982
black_white,0.5025,0.653185367584,0.653185427189,0.653185427189,0.556175887585,0.556175887585,0.556176006794
black_white,0.505,0.654499232769,0.654499232769,0.654499292374,0.557712256908,0.557712256908,0.557712256908
black_white,0.5075,0.655810534954,0.655810534954,0.655810534954,0.559247434139,0.559247434139,0.559247493744
black_white,0.51,0.657119035721,0.65711915493,0.65711915493,0.560781657696,0.560781538487,0.560781598091
black_white,0.5125,0.658425033093,0.658425092697,0.658425152302,0.562314808369,0.562314867973,0.562314927578
black_white,0.515,0.65972840786,0.659728527069,0.659728467464,0.563847064972,0.563847124577,0.563847124577
black_white,0.5175,0.661029338837,0.661029398441,0.661029398441,0.56537848711,0.56537848711,0.56537848711
black_white,0.52,0.662327706814,0.662327766418,0.662327766418,0.566909015179,0.566909015179,0.566909015179
black_white,0.5225,0.66362375021,0.663623809814,0.66362375021,0.568438708782,0.568438708782,0.568438827992
black_white,0.525,0.664917349815,0.66491740942,0.66491740942,0.569967627525,0.569967746735,0.569967627525
black_white,0.5275,0.66620862484,0.666208684444,0.666208684444,0.571495890617,0.571495890617,0.571495890617
black_white,0.53,0.667497694492,0.667497754097,0.667497754097,0.573023498058,0.573023438454,0.573023438454
black_white,0.5325,0.668784558773,0.668784618378,0.668784618378,0.574550390243,0.574550449848,0.574550509453
black_white,0.535,0.670069217682,0.670069277287,0.670069336891,0.576076805592,0.576076745987,0.576076805592
black_white,0.5375,0.671351730823,0.671351730823,0.671351671219,0.577602565288,0.577602624893,0.577602624893
black_white,0.54,0.672632098198,0.672632157803,0.672632217407,0.579127967358,0.579127907753,0.579127967358
black_white,0.5425,0.673910558224,0.673910617828,0.673910617828,0.58065277338,0.580652832985,0.580652832985
black_white,0.545,0.675186932087,0.675187051296,0.675187051296,0.58217728138,0.58217728138,0.582177340984
black_white,0.5475,0.676461338997,0.676461458206,0.676461458206,0.583701372147,0.583701431751,0.583701431751
black_white,0.55,0.677734017372,0.677734017372,0.677734076977,0.585225224495,0.585225224495,0.5852252841
black_white,0.5525,0.679004669189,0.679004728794,0.679004728794,0.586748719215,0.58674877882,0.58674877882
black_white,0.555,0.680273652077,0.680273711681,0.680273711681,0.588272035122,0.588272094727,0.588272094727
black_white,0.5575,0.68154078722,0.681540906429,0.681540906429,0.589795231819,0.589795231819,0.589795291424
black_white,0.56,0.682806313038,0.682806432247,0.682806313038,0.591318249703,0.591318249703,0.591318309307
black_white,0.5625,0.684070110321,0.68407022953,0.684070169926,0.592841148377,0.592841148377,0.592841148377
black_white,0.565,0.685332238674,0.685332357883,0.685332298279,0.594364047051,0.594364106655,0.594364106655
black_white,0.5675,0.686592876911,0.686592936516,0.68659299612,0.595887005329,0.595886945724,0.595887005329
black_white,0.57,0.687851965427,0.687852144241,0.687852084637,0.597409844398,0.597409963608,0.597409963608
black_white,0.5725,0.689109683037,0.689109802246,0.689109802246,0.598932981491,0.598932981491,0.598933041096
black_white,0.575,0.69036591053,0.690366029739,0.690365970135,0.600456237793,0.600456237793,0.600456237793
black_white,0.5775,0.691620647907,0.691620767117,0.691620767117,0.601979553699,0.601979613304,0.601979613304
black_white,0.58,0.692874133587,0.692874193192,0.692874193192,0.603503227234,0.603503286838,0.603503286838
black_white,0.5825,0.694126307964,0.694126427174,0.694126427174,0.605027139187,0.605027198792,0.605027258396
black_white,0.585,0.695377349853,0.695377349853,0.695377409458,0.606551468372,0.606551468372,0.606551408768
black_white,0.5875,0.696627080441,0.696627080441,0.696627140045,0.608076035976,0.608076155186,0.608076095581
black_white,0.59,0.697875618935,0.697875618935,0.697875678539,0.609601080418,0.609601199627,0.609601140022
black_white,0.5925,0.699123024941,0.69912314415,0.699123084545,0.611126661301,0.611126720905,0.61112678051
black_white,0.595,0.700369477272,0.700369536877,0.700369536877,0.61265283823,0.612652778626,0.612652778626
black_white,0.5975,0.70161485672,0.701614916325,0.701615095138,0.614179491997,0.614179491997,0.614179491997
black_white,0.6,0.702859282494,0.702859282494,0.702859401703,0.61570674181,0.61570674181,0.615706801414
black_white,0.6025,0.704102814197,0.704102933407,0.704102873802,0.617234706879,0.617234766483,0.617234826088
black_white,0.605,0.705345392227,0.705345451832,0.705345451832,0.618763446808,0.618763446808,0.618763446808
black_white,0.6075,0.706587135792,0.706587195396,0.706587255001,0.620292901993,0.620292901993,0.620292901993
black_white,0.61,0.707828164101,0.707828164101,0.707828223705,0.621823191643,0.621823132038,0.621823191643
black_white,0.6125,0.709068357944,0.709068477154,0.709068357944,0.623354375362,0.623354315758,0.623354315758
black_white,0.615,0.710307836533,0.710307955742,0.710307955742,0.624886453152,0.624886393547,0.624886453152
black_white,0.6175,0.711546778679,0.711546778679,0.711546838283,0.626419484615,0.62641954422,0.62641954422
black_white,0.62,0.712785065174,0.712785184383,0.712785124779,0.627953648567,0.627953648567,0.627953588963
black_white,0.6225,0.714022815227,0.714022874832,0.714022874832,0.629488825798,0.629488825798,0.629488885403
black_white,0.625,0.715260088444,0.715260088444,0.715260148048,0.631025075913,0.631025135517,0.631025195122
black_white,0.6275,0.716496825218,0.716496884823,0.716496944428,0.632562637329,0.632562696934,0.632562696934
black_white,0.63,0.717733204365,0.717733263969,0.717733263969,0.634101450443,0.634101450443,0.634101510048
black_white,0.6325,0.718969225883,0.718969285488,0.718969285488,0.635641515255,0.63564145565,0.635641515255
black_white,0.635,0.720204949379,0.720205008984,0.720204949379,0.637182950973,0.637182950973,0.637183010578
black_white,0.6375,0.721440315247,0.721440315247,0.721440374851,0.638725697994,0.638725757599,0.638725697994
black_white,0.64,0.722675561905,0.722675561905,0.722675561905,0.64027005434,0.640270113945,0.64027005434
black_white,0.6425,0.72391051054,0.723910629749,0.723910629749,0.641815900803,0.641815900803,0.641815900803
black_white,0.645,0.72514539957,0.725145578384,0.725145459175,0.643363296986,0.64336335659,0.643363296986
black_white,0.6475,0.726380288601,0.72638040781,0.726380348206,0.644912362099,0.644912421703,0.644912421703
black_white,0.65,0.727615118027,0.727615237236,0.727615237236,0.646463155747,0.646463155747,0.646463155747
black_white,0.6525,0.728849947452,0.728850007057,0.728850066662,0.648015677929,0.648015677929,0.648015677929
black_white,0.655,0.730084896088,0.730084955692,0.730085015297,0.649570047855,0.649570047855,0.649570047855
black_white,0.6575,0.731320023537,0.731320083141,0.731320083141,0.651126265526,0.65112632513,0.651126265526
black_white,0.66,0.73255521059,0.732555270195,0.73255521059,0.65268445015,0.65268445015,0.65268445015
black_white,0.6625,0.733790755272,0.733790755272,0.733790874481,0.654244661331,0.654244661331,0.654244661331
black_white,0.665,0.735026538372,0.735026538372,0.735026597977,0.655806899071,0.655806899071,0.655806899071
black_white,0.6675,0.736262738705,0.736262738705,0.7362626791,0.657371282577,0.657371282577,0.657371282577
black_white,0.67,0.737499058247,0.737499177456,0.737499117851,0.658937811852,0.658937871456,0.658937811852
black_white,0.6725,0.738736152649,0.738736212254,0.738736212254,0.660506665707,0.660506725311,0.660506665707
black_white,0.675,0.739973604679,0.739973604679,0.739973604679,0.662077784538,0.662077903748,0.662077844143
black_white,0.6775,0.741211593151,0.74121171236,0.741211533546,0.663651406765,0.66365146637,0.66365146637
black_white,0.68,0.742450237274,0.742450356483,0.742450296879,0.665227532387,0.665227532387,0.665227591991
black_white,0.6825,0.743689596653,0.743689715862,0.743689656258,0.666806042194,0.666806101799,0.666806042194
black_white,0.685,0.744929671287,0.744929850102,0.744929730892,0.668387234211,0.668387293816,0.668387293816
black_white,0.6875,0.746170401573,0.746170461178,0.746170341968,0.669971168041,0.669971227646,0.669971227646
black_white,0.69,0.747412145138,0.747412145138,0.747412145138,0.671557784081,0.671557843685,0.671557843685
black_white,0.6925,0.748654663563,0.748654842377,0.748654782772,0.673147320747,0.673147320747,0.673147380352
black_white,0.695,0.749898314476,0.749898374081,0.749898254871,0.674739658833,0.674739658833,0.674739718437
black_white,0.6975,0.751142799854,0.751142919064,0.751142799854,0.676335036755,0.676335036755,0.676335096359
black_white,0.7,0.752388417721,0.752388477325,0.75238853693,0.677933454513,0.677933514118,0.677933514118
black_white,0.7025,0.753635287285,0.753635287285,0.753635287285,0.679534971714,0.679535031319,0.679535031319
black_white,0.705,0.754883289337,0.754883348942,0.754883348942,0.681139826775,0.681139886379,0.681139886379
black_white,0.7075,0.756132602692,0.756132602692,0.756132602692,0.682747900486,0.682747900486,0.682747900486
black_white,0.71,0.757383227348,0.757383346558,0.757383286953,0.684359431267,0.684359371662,0.684359371662
black_white,0.7125,0.758635222912,0.758635282517,0.758635282517,0.685974359512,0.685974419117,0.685974419117
black_white,0.715,0.759888708592,0.759888768196,0.759888768196,0.687592864037,0.687592923641,0.687592864037
black_white,0.7175,0.761143684387,0.761143922806,0.761143803597,0.689215064049,0.689215064049,0.689215004444
black_white,0.72,0.762400448322,0.762400507927,0.762400567532,0.690841019154,0.690841019154,0.690841019154
black_white,0.7225,0.763658821583,0.763658940792,0.763658881187,0.692470729351,0.692470729351,0.692470729351
black_white,0.725,0.764918804169,0.764919042587,0.764918923378,0.694104373455,0.69410443306,0.694104373455
black_white,0.7275,0.766180694103,0.766180753708,0.766180813312,0.69574201107,0.69574213028,0.695742070675
black_white,0.73,0.767444550991,0.767444550991,0.7674446702,0.697383880615,0.69738394022,0.697383880615
black_white,0.7325,0.768710255623,0.768710374832,0.768710434437,0.699029922485,0.699029922485,0.699029922485
black_white,0.735,0.769978046417,0.769978284836,0.769978225231,0.70068025589,0.700680315495,0.700680315495
black_white,0.7375,0.771248042583,0.771248102188,0.771248042583,0.702335000038,0.702335000038,0.702335000038
black_white,0.74,0.772520184517,0.772520303726,0.772520184517,0.703994274139,0.703994333744,0.703994333744
black_white,0.7425,0.773794591427,0.773794710636,0.773794591427,0.705658197403,0.705658257008,0.705658257008
black_white,0.745,0.775071382523,0.775071501732,0.775071561337,0.707326948643,0.707326948643,0.707326889038
black_white,0.7475,0.776350677013,0.776350677013,0.776350736618,0.709000408649,0.709000408649,0.709000468254
black_white,0.75,0.77763235569,0.777632474899,0.777632534504,0.710678994656,0.710678994656,0.710678994656
black_white,0.7525,0.77891677618,0.77891689539,0.778916954994,0.712362527847,0.712362587452,0.712362587452
black_white,0.755,0.780203938484,0.780203998089,0.780203998089,0.714051425457,0.714051425457,0.714051425457
black_white,0.7575,0.781493723393,0.781493902206,0.781493902206,0.715745568275,0.715745568275,0.715745568275
black_white,0.76,0.782786548138,0.782786667347,0.782786726952,0.717445194721,0.717445254326,0.717445194721
black_white,0.7625,0.78408241272,0.78408241272,0.78408241272,0.719150424004,0.719150483608,0.719150424004
black_white,0.765,0.785381197929,0.785381257534,0.785381376743,0.720861375332,0.720861434937,0.720861375332
black_white,0.7675,0.786683320999,0.786683380604,0.786683320999,0.72257822752,0.72257822752,0.72257822752
black_white,0.77,0.787988722324,0.787988722324,0.787988722324,0.724300980568,0.724301040173,0.724301040173
black_white,0.7725,0.789297521114,0.78929746151,0.78929746151,0.726029992104,0.726029992104,0.726029992104
black_white,0.775,0.790609657764,0.790609776974,0.790609776974,0.727765262127,0.727765262127,0.727765321732
black_white,0.7775,0.791925430298,0.791925549507,0.791925549507,0.729506969452,0.729507029057,0.729506969452
black_white,0.78,0.793245136738,0.793245136738,0.793245077133,0.731255292893,0.731255292893,0.731255292893
black_white,0.7825,0.794568419457,0.794568538666,0.794568538666,0.733010351658,0.733010411262,0.733010411262
black_white,0.785,0.795895755291,0.7958958745,0.7958958745,0.734772384167,0.734772384167,0.734772443771
black_white,0.7875,0.797227323055,0.797227323055,0.797227263451,0.736541450024,0.736541450024,0.736541450024
black_white,0.79,0.798562943935,0.798562943935,0.79856300354,0.738317728043,0.738317787647,0.738317728043
black_white,0.7925,0.799902796745,0.799902796745,0.79990285635,0.740101575851,0.740101516247,0.740101575851
black_white,0.795,0.801247179508,0.801247298718,0.801247298718,0.741892933846,0.74189299345,0.741892874241
black_white,0.7975,0.802596211433,0.802596271038,0.802596271038,0.743692159653,0.743692159653,0.743692159653
black_white,0.8,0.803949832916,0.803949892521,0.80395001173,0.745499312878,0.745499312878,0.745499372482
black_white,0.8025,0.80530834198,0.805308461189,0.805308520794,0.747314810753,0.747314810753,0.747314751148
black_white,0.805,0.806672036648,0.806672155857,0.806672096252,0.749138593674,0.749138593674,0.749138593674
black_white,0.8075,0.80804079771,0.808040738106,0.80804079771,0.750971019268,0.750971019268,0.750971078873
black_white,0.81,0.809414923191,0.809414803982,0.809414863586,0.752812325954,0.752812325954,0.752812325954
black_white,0.8125,0.81079441309,0.810794472694,0.810794532299,0.754662692547,0.754662692547,0.754662692547
black_white,0.815,0.81217956543,0.812179625034,0.812179684639,0.756522297859,0.756522297859,0.756522357464
black_white,0.8175,0.81357049942,0.813570618629,0.813570618629,0.758391499519,0.758391499519,0.758391559124
black_white,0.82,0.814967572689,0.814967691898,0.814967691898,0.760270535946,0.760270535946,0.760270416737
black_white,0.8225,0.816370666027,0.816370725632,0.816370904446,0.762159526348,0.762159526348,0.762159526348
black_white,0.825,0.817780256271,0.817780256271,0.817780256271,0.764058768749,0.764058828354,0.764058887958
black_white,0.8275,0.819196283817,0.819196403027,0.819196462631,0.765968680382,0.765968799591,0.765968799591
black_white,0.83,0.820619106293,0.820619165897,0.820619165897,0.767889559269,0.767889559269,0.767889499664
black_white,0.8325,0.822048962116,0.822048962116,0.822049021721,0.769821465015,0.769821465015,0.769821465015
black_white,0.835,0.823485851288,0.823485970497,0.823485910893,0.771764874458,0.771764934063,0.771764993668
black_white,0.8375,0.824930310249,0.824930369854,0.824930310249,0.77372020483,0.773720145226,0.773720145226
black_white,0.84,0.826382219791,0.826382339001,0.826382339001,0.775687515736,0.775687515736,0.775687515736
black_white,0.8425,0.827842175961,0.827842235565,0.827842175961,0.777667224407,0.777667284012,0.777667284012
black_white,0.845,0.829310238361,0.829310238361,0.829310357571,0.779659926891,0.779659986496,0.779660046101
black_white,0.8475,0.830786585808,0.830786764622,0.830786645412,0.781665742397,0.781665861607,0.781665861607
black_white,0.85,0.832271635532,0.832271695137,0.832271695137,0.783685147762,0.783685147762,0.783685207367
black_white,0.8525,0.833765685558,0.833765566349,0.833765685558,0.785718560219,0.785718500614,0.785718560219
black_white,0.855,0.835268855095,0.835268974304,0.835269033909,0.787766337395,0.78776627779,0.787766337395
black_white,0.8575,0.836781561375,0.836781740189,0.836781680584,0.789828956127,0.789828896522,0.789828956127
black_white,0.86,0.83830422163,0.838304340839,0.838304281235,0.791906833649,0.791906774044,0.791906833649
black_white,0.8625,0.839837014675,0.83983707428,0.839837133884,0.794000506401,0.794000506401,0.79400062561
black_white,0.865,0.841380298138,0.841380476952,0.841380596161,0.796110451222,0.796110451222,0.796110451222
black_white,0.8675,0.842934608459,0.842934727669,0.842934668064,0.798237144947,0.798237144947,0.798237204552
black_white,0.87,0.844500124454,0.844500243664,0.84450006485,0.80038112402,0.800381243229,0.800381183624
black_white,0.8725,0.846077203751,0.846077382565,0.846077382565,0.802543103695,0.802543103695,0.8025431633
black_white,0.875,0.847666621208,0.847666680813,0.847666621208,0.80472356081,0.80472356081,0.804723620415
black_white,0.8775,0.849268496037,0.849268496037,0.849268555641,0.806923151016,0.806923151016,0.806923210621
black_white,0.88,0.850883364677,0.850883424282,0.850883364677,0.809142529964,0.809142529964,0.809142589569
black_white,0.8825,0.852511703968,0.852511703968,0.852511644363,0.811382353306,0.81138241291,0.81138241291
black_white,0.885,0.854153931141,0.854153990746,0.854154109955,0.813643395901,0.813643455505,0.813643455505
black_white,0.8875,0.855810880661,0.855810880661,0.855810940266,0.815926492214,0.81592643261,0.815926492214
black_white,0.89,0.857482910156,0.857483029366,0.857483029366,0.818232357502,0.818232357502,0.818232297897
black_white,0.8925,0.859170615673,0.859170734882,0.859170734882,0.820561885834,0.820561885834,0.820561826229
black_white,0.895,0.860874593258,0.860874772072,0.860874831677,0.822915911674,0.822916030884,0.822915971279
black_white,0.8975,0.862595796585,0.862595915794,0.86259585619,0.825295627117,0.825295686722,0.825295627117
black_white,0.9,0.864334642887,0.864334762096,0.864334642887,0.827701747417,0.827701807022,0.827701866627
black_white,0.9025,0.866092085838,0.866092085838,0.866092145443,0.830135643482,0.830135703087,0.830135703087
black_white,0.905,0.867868721485,0.867868840694,0.86786878109,0.832598388195,0.832598388195,0.832598388195
black_white,0.9075,0.86966574192,0.86966586113,0.86966586113,0.835091173649,0.835091173649,0.835091173649
black_white,0.91,0.871483743191,0.871483922005,0.871483922005,0.837615251541,0.837615251541,0.837615311146
black_white,0.9125,0.873323976994,0.873324096203,0.873323976994,0.840172171593,0.840172111988,0.840172111988
black_white,0.915,0.875187337398,0.875187337398,0.875187397003,0.842763245106,0.842763245106,0.842763245106
black_white,0.9175,0.877074956894,0.877074956894,0.877075016499,0.845390319824,0.845390379429,0.845390200615
black_white,0.92,0.878988206387,0.878988265991,0.878988265991,0.848055005073,0.848055005073,0.848055005073
black_white,0.9225,0.880928337574,0.880928456783,0.880928456783,0.850759267807,0.850759267807,0.850759208202
black_white,0.925,0.882896780968,0.882896900177,0.882896780968,0.853505015373,0.853505015373,0.853505074978
black_white,0.9275,0.884895086288,0.884895205498,0.884895265102,0.856294572353,0.856294572353,0.856294572353
black_white,0.93,0.886925041676,0.886925160885,0.88692510128,0.859130144119,0.859130203724,0.859130203724
black_white,0.9325,0.888988435268,0.888988375664,0.888988494873,0.862014651298,0.862014710903,0.862014710903
black_white,0.935,0.891087174416,0.891087293625,0.891087293625,0.864950656891,0.864950716496,0.864950656891
black_white,0.9375,0.893223643303,0.893223643303,0.893223702908,0.867941379547,0.867941379547,0.867941439152
black_white,0.94,0.895400345325,0.89540040493,0.895400345325,0.870990276337,0.870990157127,0.870990157127
black_white,0.9425,0.897619724274,0.897619843483,0.897619724274,0.874100863934,0.874100923538,0.874100923538
black_white,0.945,0.899884998798,0.899885118008,0.899885118008,0.877277731895,0.877277731895,0.877277731895
black_white,0.9475,0.902199447155,0.902199625969,0.902199566364,0.880525171757,0.880525231361,0.880525171757
black_white,0.95,0.90456700325,0.904567062855,0.904567062855,0.883848547936,0.88384860754,0.88384860754
black_white,0.9525,0.90699160099,0.906991779804,0.906991660595,0.887253820896,0.887253820896,0.887253880501
black_white,0.955,0.90947830677,0.90947842598,0.90947842598,0.890747368336,0.89074742794,0.89074742794
black_white,0.9575,0.912032544613,0.912032604217,0.912032604217,0.894336879253,0.894336879253,0.894336819649
black_white,0.96,0.914660573006,0.914660692215,0.91466075182,0.898030817509,0.898030877113,0.898030817509
black_white,0.9625,0.917369902134,0.917370080948,0.917369961739,0.901839196682,0.901839196682,0.901839196682
black_white,0.965,0.920168995857,0.920169055462,0.920168995857,0.90577352047,0.905773580074,0.90577352047
black_white,0.9675,0.92306804657,0.92306804657,0.923068106174,0.909847378731,0.909847319126,0.909847378731
black_white,0.97,0.926079273224,0.926079392433,0.926079332828,0.914077043533,0.914077043533,0.914077103138
black_white,0.9725,0.929217338562,0.929217457771,0.929217457771,0.918481647968,0.918481707573,0.918481588364
black_white,0.975,0.932500720024,0.932500839233,0.932500779629,0.923085033894,0.923084974289,0.923085093498
black_white,0.9775,0.935952305794,0.935952305794,0.935952305794,0.927916646004,0.927916646004,0.927916705608
black_white,0.98,0.93960160017,0.939601659775,0.939601659775,0.933013856411,0.933013856411,0.933013856411
black_white,0.9825,0.943488061428,0.943488240242,0.943488180637,0.93842536211,0.93842536211,0.938425302506
black_white,0.985,0.947665631771,0.947665691376,0.94766575098,0.944216251373,0.944216251373,0.944216251373
black_white,0.9875,0.952212154865,0.952212274075,0.95221221447,0.950477659702,0.950477600098,0.950477719307
black_white,0.99,0.957247316837,0.957247376442,0.957247316837,0.957343459129,0.957343518734,0.957343459129
black_white,0.9925,0.962972521782,0.962972521782,0.962972640991,0.965025544167,0.965025603771,0.965025663376
black_white,0.995,0.969781339168,0.969781458378,0.969781458378,0.973896801472,0.973896741867,0.973896741867
black_white,0.9975,0.978690862656,0.97869104147,0.97869104147,0.984742641449,0.984742641449,0.984742641449
black_white,1.0,1.0,1.0,1.0,1.0,1.0,1.0
red_green,0.0,0.901960790157,0.117647059262,0.15686275065,0.901960790157,0.117647059262,0.15686275065
red_green,0.0025,0.889264702797,0.125899672508,0.158395320177,0.890803873539,0.128777340055,0.15757329762
red_green,0.005,0.878219246864,0.132505774498,0.159733101726,0.882145106792,0.136626601219,0.158104971051
red_green,0.0075,0.868332803249,0.138060539961,0.160931020975,0.874656438827,0.143015041947,0.158545732498
red_green,0.01,0.859321832657,0.142880767584,0.162021964788,0.867931485176,0.148497134447,0.158924609423
red_green,0.0125,0.851003527641,0.147156849503,0.16302742064,0.86176687479,0.153345122933,0.15925681591
red_green,0.015,0.843251645565,0.151012688875,0.163962468505,0.856039941311,0.157718285918,0.159551694989
red_green,0.0175,0.835975170136,0.154533714056,0.164838254452,0.850669801235,0.161719799042,0.159815698862
red_green,0.02,0.829104840755,0.157781511545,0.165663301945,0.845598399639,0.165420785546,0.16005346179
red_green,0.0225,0.822586774826,0.160801947117,0.166444092989,0.840783059597,0.168873146176,0.160268574953
red_green,0.025,0.816378474236,0.16363017261,0.167186096311,0.836190462112,0.172115817666,0.160463765264
red_green,0.0275,0.810445189476,0.166293740272,0.167893663049,0.831794261932,0.175178870559,0.160641267896
red_green,0.03,0.804758012295,0.168814688921,0.168570384383,0.827573180199,0.17808625102,0.160802915692
red_green,0.0325,0.799293279648,0.171210855246,0.169219255447,0.823509454727,0.180857181549,0.160950243473
red_green,0.035,0.794030368328,0.173496991396,0.169842809439,0.819588303566,0.183507576585,0.161084547639
red_green,0.0375,0.788952052593,0.175685316324,0.170443430543,0.815797328949,0.186050623655,0.161206975579
red_green,0.04,0.784043133259,0.177786171436,0.171022877097,0.812125682831,0.188497260213,0.161318451166
red_green,0.0425,0.779290437698,0.179808393121,0.171582937241,0.808563768864,0.19085688889,0.161419823766
red_green,0.045,0.77468252182,0.181759521365,0.172125026584,0.805103778839,0.193137720227,0.161511853337
red_green,0.0475,0.77020907402,0.183646008372,0.172650486231,0.801738321781,0.195346578956,0.161595150828
red_green,0.05,0.765861093998,0.18547360599,0.173160463572,0.798460841179,0.197489693761,0.161670312285
red_green,0.0525,0.761630535126,0.187247261405,0.173655927181,0.795266032219,0.199572280049,0.161737918854
red_green,0.055,0.757509827614,0.18897138536,0.17413790524,0.792148470879,0.201599180698,0.161798402667
red_green,0.0575,0.753492891788,0.19064976275,0.174607172608,0.789103627205,0.203574329615,0.161852166057
red_green,0.06,0.749573349953,0.192285940051,0.175064563751,0.786127448082,0.20550173521,0.161899641156
red_green,0.0625,0.745746016502,0.193882972002,0.175510674715,0.783215999603,0.207384496927,0.161941200495
red_green,0.065,0.742005705833,0.195443630219,0.175946220756,0.780365824699,0.209225609899,0.161977082491
red_green,0.0675,0.738348126411,0.196970418096,0.176371693611,0.777573823929,0.211027875543,0.162007689476
red_green,0.07,0.734769046307,0.198465526104,0.176787719131,0.774837136269,0.212793678045,0.162033230066
red_green,0.0725,0.731264770031,0.199931129813,0.177194774151,0.7721529603,0.214525282383,0.162054002285
red_green,0.075,0.727831482887,0.201369017363,0.177593231201,0.769518911838,0.216224640608,0.162070170045
red_green,0.0775,0.724466145039,0.202780842781,0.177983567119,0.766932666302,0.217893704772,0.162082061172
red_green,0.08,0.721165537834,0.204168260097,0.17836612463,0.764392197132,0.219533935189,0.162089809775
red_green,0.0825,0.71792703867,0.205532670021,0.178741261363,0.761895358563,0.221147194505,0.162093654275
red_green,0.085,0.714747846127,0.20687533915,0.179109409452,0.759440362453,0.222734719515,0.16209371388
red_green,0.0875,0.711625635624,0.20819747448,0.179470688105,0.75702559948,0.224297836423,0.162090212107
red_green,0.09,0.708557903767,0.209500253201,0.179825618863,0.754649281502,0.225837811828,0.162083238363
red_green,0.0925,0.705542802811,0.210784688592,0.180174335837,0.752310097218,0.227355793118,0.162073001266
red_green,0.095,0.70257806778,0.212051749229,0.180517077446,0.750006377697,0.22885273397,0.162059649825
red_green,0.0975,0.699661910534,0.213302284479,0.180854097009,0.747736990452,0.230329722166,0.162043258548
red_green,0.1,0.696792542934,0.214537158608,0.181185632944,0.745500683784,0.231787636876,0.162023976445
red_green,0.1025,0.693968236446,0.215757161379,0.181511968374,0.743296146393,0.233227327466,0.162001937628
red_green,0.105,0.69118732214,0.216962963343,0.181833133102,0.741122364998,0.234649568796,0.161977231503
red_green,0.1075,0.688448548317,0.218155324459,0.182149484754,0.738978326321,0.236055105925,0.161949977279
red_green,0.11,0.685750305653,0.21933478117,0.182461127639,0.736862778664,0.237444683909,0.161920323968
red_green,0.1125,0.683091282845,0.220502004027,0.182768166065,0.734775006771,0.238818913698,0.161888301372
red_green,0.115,0.680470168591,0.221657499671,0.183070912957,0.732714056969,0.240178465843,0.161853954196
red_green,0.1175,0.677885770798,0.222801849246,0.183369368315,0.730678915978,0.24152380228,0.161817505956
red_green,0.12,0.675337016583,0.223935484886,0.183663725853,0.728669047356,0.242855578661,0.161778926849
red_green,0.1225,0.672822713852,0.225058957934,0.183954134583,0.726683437824,0.244174331427,0.161738336086
red_green,0.125,0.670341730118,0.226172611117,0.184240713716,0.724721431732,0.245480448008,0.161695823073
red_green,0.1275,0.66789329052,0.22727689147,0.18452359736,0.722782313824,0.246774509549,0.161651447415
red_green,0.13,0.665476381779,0.228372275829,0.184802874923,0.720865488052,0.248056769371,0.161605253816
red_green,0.1325,0.663089931011,0.229459047317,0.185078680515,0.718970179558,0.249327883124,0.161557376385
red_green,0.135,0.660733282566,0.230537578464,0.185351118445,0.717095851898,0.250588059425,0.161507800221
red_green,0.1375,0.658405482769,0.231608197093,0.185620263219,0.715241909027,0.251837700605,0.161456629634
red_green,0.14,0.65610575676,0.232671201229,0.185886219144,0.713407754898,0.253077298403,0.161403939128
red_green,0.1425,0.653833329678,0.233726978302,0.186149060726,0.711592853069,0.254307001829,0.161349728704
red_green,0.145,0.651587605476,0.234775781632,0.186408996582,0.709796667099,0.255527198315,0.161294102669
red_green,0.1475,0.649367690086,0.235817819834,0.186665922403,0.708018779755,0.256738305092,0.161237120628
red_green,0.15,0.647173047066,0.236853465438,0.186920031905,0.70625859499,0.257940471172,0.161178767681
red_green,0.1525,0.645002901554,0.237882822752,0.187171429396,0.704515755177,0.259134024382,0.161119192839
red_green,0.155,0.642856776714,0.238906264305,0.187420129776,0.702789723873,0.260319232941,0.161058351397
red_green,0.1575,0.640733957291,0.239924013615,0.187666192651,0.701080203056,0.261496424675,0.160996347666
red_green,0.16,0.638634026051,0.240936145186,0.187909692526,0.69938659668,0.262665629387,0.160933181644
red_green,0.1625,0.636556208134,0.241943061352,0.188150718808,0.697708666325,0.263827383518,0.160868957639
red_green,0.165,0.634500145912,0.242944821715,0.188389375806,0.696045935154,0.264981657267,0.16080366075
red_green,0.1675,0.632465302944,0.243941664696,0.188625618815,0.694398105144,0.266128838062,0.160737365484
red_green,0.17,0.630451083183,0.244933754206,0.188859581947,0.692764699459,0.26726898551,0.160670086741
red_green,0.1725,0.628457129002,0.245921328664,0.189091295004,0.691145479679,0.268402338028,0.160601884127
red_green,0.175,0.626482963562,0.246904492378,0.18932081759,0.689540266991,0.269529253244,0.160532787442
red_green,0.1775,0.624528050423,0.247883424163,0.18954820931,0.687948346138,0.270649641752,0.160462856293
red_green,0.18,0.62259209156,0.248858258128,0.189773529768,0.686369776726,0.271763890982,0.160392045975
red_green,0.1825,0.620674490929,0.24982920289,0.189996793866,0.684804081917,0.272872030735,0.160320475697
red_green,0.185,0.618775010109,0.250796318054,0.190218061209,0.683250963688,0.27397441864,0.160248160362
red_green,0.1875,0.616893231869,0.251759827137,0.1904373914,0.68171018362,0.275070905685,0.160175070167
red_green,0.19,0.615028679371,0.252719819546,0.190654814243,0.680181384087,0.276161909103,0.160101309419
red_green,0.1925,0.613181054592,0.253676474094,0.190870374441,0.678664445877,0.277247428894,0.160026922822
red_green,0.195,0.611349999905,0.254629820585,0.191084101796,0.677159130573,0.278327763081,0.159951865673
red_green,0.1975,0.60953527689,0.255580067635,0.191296011209,0.675664961338,0.279402792454,0.15987624228
red_green,0.2,0.607736349106,0.256527304649,0.191506251693,0.674181878567,0.280472993851,0.15980002284
red_green,0.2025,0.605953097343,0.257471621037,0.191714718938,0.672709643841,0.281538188458,0.159723252058
red_green,0.205,0.604185044765,0.258413165808,0.191921547055,0.671248018742,0.282598614693,0.159645989537
red_green,0.2075,0.602431952953,0.259351938963,0.192126736045,0.669796705246,0.283654391766,0.159568220377
red_green,0.21,0.600693464279,0.260288178921,0.192330345511,0.66835552454,0.284705638885,0.159489989281
red_green,0.2125,0.598969459534,0.261221885681,0.19253231585,0.666924238205,0.285752445459,0.15941131115
red_green,0.215,0.597259581089,0.26215326786,0.192732766271,0.665502786636,0.286794960499,0.159332230687
red_green,0.2175,0.595563411713,0.263082295656,0.192931711674,0.664090812206,0.287833243608,0.159252747893
red_green,0.22,0.5938808918,0.264009088278,0.193129166961,0.662688136101,0.288867354393,0.159172937274
red_green,0.2225,0.592211604118,0.264933764934,0.193325191736,0.66129475832,0.289897590876,0.159092739224
red_green,0.225,0.590555429459,0.265856415033,0.193519756198,0.659910261631,0.290923833847,0.159012258053
red_green,0.2275,0.588912069797,0.266777068377,0.193712949753,0.65853458643,0.291946232319,0.158931463957
red_green,0.23,0.587281227112,0.267695844173,0.1939047575,0.657167553902,0.292964935303,0.158850416541
red_green,0.2325,0.585662782192,0.268612742424,0.194095209241,0.655808985233,0.293979942799,0.158769086003
red_green,0.235,0.584056437016,0.269528001547,0.194284319878,0.654458642006,0.294991463423,0.158687591553
red_green,0.2375,0.582462072372,0.270441561937,0.194472163916,0.65311640501,0.295999407768,0.158605858684
red_green,0.24,0.580879330635,0.271353542805,0.194658711553,0.651782274246,0.297003984451,0.158523961902
red_green,0.2425,0.579308152199,0.272264003754,0.194843962789,0.650455892086,0.298005253077,0.158441856504
red_green,0.245,0.577748179436,0.273173004389,0.195028051734,0.649137079716,0.299003273249,0.158359646797
red_green,0.2475,0.576199293137,0.27408054471,0.195210844278,0.647826015949,0.299998134375,0.158277288079
red_green,0.25,0.574661374092,0.274986803532,0.195392504334,0.646522223949,0.300989925861,0.158194884658
red_green,0.2525,0.573134064674,0.275891780853,0.195572972298,0.645225644112,0.301978707314,0.158112332225
red_green,0.255,0.571617364883,0.276795595884,0.195752292872,0.643936157227,0.302964419127,0.15802974999
red_green,0.2575,0.570110976696,0.277698218823,0.195930510759,0.642653763294,0.303947329521,0.157947093248
red_green,0.26,0.568614780903,0.278599768877,0.196107566357,0.641378164291,0.304927378893,0.157864481211
red_green,0.2625,0.567128539085,0.279500246048,0.196283519268,0.640109241009,0.305904686451,0.15778182447
red_green,0.265,0.56565207243,0.280399799347,0.196458443999,0.638846993446,0.306879281998,0.157699197531
red_green,0.2675,0.564185261726,0.281298369169,0.196632221341,0.637591183186,0.30785125494,0.157616555691
red_green,0.27,0.56272816658,0.282196074724,0.196805045009,0.636341691017,0.308820664883,0.157534018159
red_green,0.2725,0.561280190945,0.283093005419,0.196976810694,0.635098457336,0.309787452221,0.15745152533
red_green,0.275,0.559841513634,0.283989131451,0.197147518396,0.633861422539,0.310751885176,0.157369092107
red_green,0.2775,0.558411836624,0.284884482622,0.197317257523,0.632630348206,0.311713904142,0.157286792994
red_green,0.28,0.556991040707,0.285779207945,0.197486013174,0.631405234337,0.312673568726,0.157204657793
red_green,0.2825,0.555579066277,0.286673277617,0.197653800249,0.630185782909,0.313630849123,0.157122552395
red_green,0.285,0.554175674915,0.287566751242,0.197820618749,0.628972172737,0.314586013555,0.157040715218
red_green,0.2875,0.552780747414,0.28845974803,0.197986513376,0.627764046192,0.315538913012,0.156958982348
red_green,0.29,0.551394164562,0.289352178574,0.198151454329,0.626561522484,0.3164896667,0.156877458096
red_green,0.2925,0.550015807152,0.290244191885,0.198315531015,0.625364363193,0.317438364029,0.156796127558
red_green,0.295,0.548645555973,0.291135787964,0.198478624225,0.624172449112,0.318384945393,0.15671505034
red_green,0.2975,0.547283053398,0.292026996612,0.19864089787,0.622985780239,0.319329559803,0.156634166837
red_green,0.3,0.545928657055,0.292917907238,0.198802247643,0.621804237366,0.320272296667,0.15655362606
red_green,0.3025,0.544581770897,0.293808549643,0.198962777853,0.620627641678,0.321213066578,0.1564732939
red_green,0.305,0.543242454529,0.294698834419,0.199122413993,0.619455993176,0.32215192914,0.156393229961
red_green,0.3075,0.541910707951,0.295588999987,0.199281230569,0.618289232254,0.323089033365,0.156313493848
red_green,0.31,0.540586292744,0.296478956938,0.199439197779,0.617127239704,0.324024319649,0.156234070659
red_green,0.3125,0.539269089699,0.29736879468,0.199596390128,0.615969896317,0.3249579072,0.156155005097
red_green,0.315,0.537959039211,0.29825848341,0.199752733111,0.614817082882,0.325889885426,0.156076267362
red_green,0.3175,0.536655962467,0.29914817214,0.199908271432,0.613668859005,0.326820135117,0.155997902155
red_green,0.32,0.535359799862,0.300037831068,0.200062990189,0.612524926662,0.327748715877,0.15591993928
red_green,0.3225,0.534070432186,0.300927489996,0.200217023492,0.611385464668,0.328675866127,0.155842378735
red_green,0.325,0.532787799835,0.301817238331,0.20037022233,0.610250174999,0.329601407051,0.155765175819
red_green,0.3275,0.531511723995,0.302706927061,0.200522616506,0.60911911726,0.330525368452,0.155688494444
red_green,0.33,0.530242204666,0.303596824408,0.200674340129,0.607992112637,0.331448048353,0.155612185597
red_green,0.3325,0.528979003429,0.304486870766,0.200825259089,0.606869161129,0.332369178534,0.155536353588
red_green,0.335,0.527722120285,0.305377095938,0.200975507498,0.605750203133,0.333289027214,0.155461028218
red_green,0.3375,0.526471495628,0.306267499924,0.201124995947,0.604635179043,0.334207504988,0.155386164784
red_green,0.34,0.525226950645,0.307158172131,0.20127376914,0.60352396965,0.335124701262,0.155311837792
red_green,0.3425,0.523988425732,0.308049052954,0.201421827078,0.602416396141,0.336040556431,0.155237987637
red_green,0.345,0.522755801678,0.308940351009,0.201569199562,0.601312577724,0.336955219507,0.155164718628
red_green,0.3475,0.521529078484,0.309831827879,0.201715841889,0.600212335587,0.337868690491,0.155091971159
red_green,0.35,0.520308017731,0.31072384119,0.201861858368,0.599115729332,0.338780999184,0.155019789934
red_green,0.3525,0.519092679024,0.311616122723,0.202007159591,0.598022460938,0.339692205191,0.154948204756
red_green,0.355,0.517882943153,0.312508910894,0.202151805162,0.596932590008,0.340602308512,0.154877200723
red_green,0.3575,0.516678631306,0.313402086496,0.202295795083,0.595846235752,0.341511309147,0.154806882143
red_green,0.36,0.515479743481,0.31429579854,0.202439069748,0.594763100147,0.342419266701,0.154737100005
red_green,0.3625,0.514286279678,0.315189957619,0.202581778169,0.593683183193,0.343326240778,0.154668003321
red_green,0.365,0.51309800148,0.316084712744,0.202723801136,0.592606425285,0.344232231379,0.154599562287
red_green,0.3675,0.511914908886,0.316980034113,0.202865198255,0.591532707214,0.345137298107,0.154531776905
red_green,0.37,0.510736823082,0.317875921726,0.203005895019,0.590462088585,0.346041470766,0.15446472168
red_green,0.3725,0.509563863277,0.318772494793,0.203146010637,0.589394450188,0.346944779158,0.154398307204
red_green,0.375,0.508395850658,0.319669634104,0.203285574913,0.588329732418,0.347847193479,0.154332622886
red_green,0.3775,0.507232606411,0.320567518473,0.203424468636,0.587267816067,0.348748922348,0.154267728329
red_green,0.38,0.50607419014,0.321466058493,0.203562751412,0.586208701134,0.349649697542,0.154203519225
red_green,0.3825,0.50492054224,0.322365343571,0.203700438142,0.585152447224,0.350549817085,0.154140129685
red_green,0.385,0.503771483898,0.323265403509,0.203837573528,0.584098815918,0.35144919157,0.154077470303
red_green,0.3875,0.502627015114,0.32416626811,0.203974068165,0.583047866821,0.3523478508,0.154015615582
red_green,0.39,0.501487076282,0.325067937374,0.204109966755,0.58199942112,0.353245824575,0.153954580426
red_green,0.3925,0.50035148859,0.325970470905,0.204245314002,0.580953538418,0.354143202305,0.153894335031
red_green,0.395,0.499220341444,0.326873838902,0.204380095005,0.579910099506,0.35504001379,0.153834968805
red_green,0.3975,0.498093485832,0.327778071165,0.204514324665,0.57886916399,0.355936199427,0.153776437044
red_green,0.4,0.49697086215,0.328683257103,0.204647943378,0.57783049345,0.356831759214,0.153718814254
red_green,0.4025,0.495852351189,0.32958933711,0.204780995846,0.576794207096,0.357726871967,0.15366204083
red_green,0.405,0.49473798275,0.330496400595,0.204913526773,0.575760245323,0.358621507883,0.153606161475
red_green,0.4075,0.493627637625,0.331404536962,0.205045491457,0.574728310108,0.359515607357,0.153551191092
red_green,0.41,0.492521256208,0.332313597202,0.205176904798,0.57369863987,0.360409289598,0.153497159481
red_green,0.4125,0.491418749094,0.333223760128,0.205307751894,0.572671115398,0.361302554607,0.153444051743
red_green,0.415,0.490320116282,0.334134966135,0.205438107252,0.571645617485,0.362195461988,0.153391957283
red_green,0.4175,0.489225238562,0.335047274828,0.205567911267,0.570622086525,0.363087981939,0.153340771794
red_green,0.42,0.488134115934,0.335960686207,0.205697178841,0.569600641727,0.36398011446,0.153290599585
red_green,0.4225,0.487046658993,0.336875289679,0.205825895071,0.568581044674,0.364872068167,0.153241470456
red_green,0.425,0.48596277833,0.337790995836,0.205954149365,0.567563295364,0.365763664246,0.153193339706
red_green,0.4275,0.484882444143,0.338707923889,0.206081822514,0.56654727459,0.366654992104,0.153146252036
red_green,0.43,0.483805477619,0.33962610364,0.206209003925,0.565533161163,0.367546141148,0.15310023725
red_green,0.4325,0.482732057571,0.340545505285,0.206335663796,0.564520776272,0.368437021971,0.153055220842
red_green,0.435,0.481661975384,0.341466158628,0.206461831927,0.563510000706,0.36932772398,0.153011336923
red_green,0.4375,0.480595141649,0.342388123274,0.206587508321,0.56250089407,0.370218396187,0.152968540788
red_green,0.44,0.47953158617,0.343311369419,0.206712648272,0.56149327755,0.371108859778,0.152926892042
red_green,0.4425,0.478471249342,0.344235956669,0.206837281585,0.560487270355,0.371999204159,0.152886375785
red_green,0.445,0.477413982153,0.345161944628,0.20696143806,0.559482812882,0.372889518738,0.152846932411
red_green,0.4475,0.476359814405,0.346089333296,0.207085072994,0.558479607105,0.37377974391,0.152808710933
red_green,0.45,0.475308656692,0.347018092871,0.207208260894,0.557478010654,0.374670028687,0.152771681547
red_green,0.4525,0.47426044941,0.347948312759,0.207330957055,0.556477606297,0.375560283661,0.152735814452
red_green,0.455,0.473215162754,0.348880022764,0.207453161478,0.55547863245,0.376450568438,0.152701184154
red_green,0.4575,0.472172737122,0.349813133478,0.207574814558,0.554480910301,0.377340853214,0.152667745948
red_green,0.46,0.471133112907,0.350747853517,0.207696050405,0.553484320641,0.378231346607,0.152635574341
red_green,0.4625,0.470096200705,0.351684063673,0.207816809416,0.552489042282,0.379121869803,0.152604684234
red_green,0.465,0.469061970711,0.352621853352,0.207937046885,0.551494777203,0.380012542009,0.152575030923
red_green,0.4675,0.468030422926,0.353561222553,0.208056882024,0.550501644611,0.380903333425,0.152546718717
red_green,0.47,0.467001438141,0.354502230883,0.208176150918,0.549509525299,0.381794393063,0.152519613504
red_green,0.4725,0.465974986553,0.355444818735,0.208295032382,0.548518359661,0.382685631514,0.152493938804
red_green,0.475,0.464951008558,0.356389135122,0.208413407207,0.547528326511,0.383577108383,0.152469590306
red_green,0.4775,0.463929474354,0.357335031033,0.208531320095,0.546539068222,0.384468853474,0.152446553111
red_green,0.48,0.462910294533,0.358282774687,0.208648771048,0.545550644398,0.385360896587,0.152424901724
red_green,0.4825,0.461893498898,0.359232157469,0.208765774965,0.544563055038,0.386253297329,0.15240471065
red_green,0.485,0.460878849029,0.36018332839,0.208882302046,0.543576300144,0.387145966291,0.15238584578
red_green,0.4875,0.45986649394,0.361136317253,0.208998441696,0.542590260506,0.388038992882,0.152368471026
red_green,0.49,0.458856284618,0.362091064453,0.209114000201,0.541604876518,0.388932496309,0.152352496982
red_green,0.4925,0.457848250866,0.363047629595,0.209229156375,0.540620207787,0.389826387167,0.152338013053
red_green,0.495,0.456842184067,0.364006072283,0.209343835712,0.539636075497,0.390720665455,0.152324989438
red_green,0.4975,0.455838173628,0.364966452122,0.209458112717,0.538652539253,0.391615480185,0.152313470841
red_green,0.5,0.454836189747,0.365928709507,0.209571927786,0.537669599056,0.392510771751,0.152303397655
red_green,0.5025,0.453836023807,0.366892904043,0.209685206413,0.536687016487,0.393406629562,0.152294993401
red_green,0.505,0.452837795019,0.367859095335,0.209798142314,0.535704910755,0.394303023815,0.152288064361
red_green,0.5075,0.45184135437,0.368827223778,0.209910541773,0.534723162651,0.395200014114,0.15228267014
red_green,0.51,0.450846612453,0.369797378778,0.210022568703,0.533741772175,0.396097570658,0.152278870344
red_green,0.5125,0.449853658676,0.370769560337,0.210134074092,0.532760679722,0.39699575305,0.152276664972
red_green,0.515,0.448862314224,0.371743857861,0.210245192051,0.531779885292,0.397894620895,0.152276143432
red_green,0.5175,0.4478726089,0.372720211744,0.210355877876,0.530799329281,0.398794203997,0.152277231216
red_green,0.52,0.446884483099,0.373698711395,0.210466071963,0.529818832874,0.399694472551,0.15227997303
red_green,0.5225,0.445897847414,0.374679327011,0.210575863719,0.528838515282,0.400595486164,0.152284383774
red_green,0.525,0.44491264224,0.375662177801,0.210685133934,0.527858257294,0.401497304439,0.15229049325
red_green,0.5275,0.443928867578,0.376647144556,0.210794046521,0.526877999306,0.402399867773,0.152298271656
red_green,0.53,0.442946523428,0.37763440609,0.21090246737,0.525897741318,0.403303235769,0.152307838202
red_green,0.5325,0.441965401173,0.378623902798,0.211010456085,0.524917423725,0.40420755744,0.15231911838
red_green,0.535,0.440985530615,0.379615694284,0.211117997765,0.523937106132,0.405112683773,0.152332171798
red_green,0.5375,0.440006822348,0.380609810352,0.211225107312,0.522956550121,0.406018733978,0.152346998453
red_green,0.54,0.439029306173,0.381606221199,0.211331769824,0.521975815296,0.406925708055,0.152363672852
red_green,0.5425,0.43805295229,0.382605075836,0.2114379704,0.520994842053,0.407833695412,0.152382135391
red_green,0.545,0.437077701092,0.383606225252,0.211543738842,0.52001363039,0.408742666245,0.152402445674
red_green,0.5475,0.436103343964,0.384609818459,0.211649119854,0.5190320611,0.409652650356,0.152424633503
red_green,0.55,0.435129970312,0.38561591506,0.211753979325,0.518050074577,0.410563677549,0.152448683977
red_green,0.5525,0.434157520533,0.386624455452,0.211858436465,0.517067730427,0.411475837231,0.152474611998
red_green,0.555,0.433185875416,0.387635499239,0.211962461472,0.516084849834,0.412389069796,0.152502506971
red_green,0.5575,0.432215034962,0.388649106026,0.212066009641,0.515101492405,0.413303494453,0.152532294393
red_green,0.56,0.431245028973,0.38966524601,0.212169125676,0.514117538929,0.414219021797,0.152564063668
red_green,0.5625,0.430275589228,0.390684038401,0.212271824479,0.513132989407,0.415135800838,0.152597844601
red_green,0.565,0.429306864738,0.391705453396,0.212374031544,0.512147784233,0.416053801775,0.15263363719
red_green,0.5675,0.428338736296,0.392729520798,0.212475821376,0.511161863804,0.416973054409,0.15267136693
red_green,0.57,0.427371114492,0.393756210804,0.212577149272,0.51017510891,0.417893618345,0.152711212635
red_green,0.5725,0.426403969526,0.394785702229,0.212678030133,0.509187698364,0.418815582991,0.152753084898
red_green,0.575,0.425437241793,0.395817905664,0.212778449058,0.50819927454,0.419738769531,0.152797028422
red_green,0.5775,0.424470961094,0.396852910519,0.212878450751,0.507210016251,0.42066347599,0.152843087912
red_green,0.58,0.423504918814,0.397890746593,0.212977990508,0.506219744682,0.421589553356,0.152891278267
red_green,0.5825,0.422539263964,0.398931384087,0.21307708323,0.50522851944,0.422517120838,0.152941569686
red_green,0.585,0.421573728323,0.399974912405,0.213175743818,0.504236161709,0.423446148634,0.152994126082
red_green,0.5875,0.420608341694,0.401021391153,0.213273867965,0.50324267149,0.424376696348,0.153048783541
red_green,0.59,0.419643074274,0.402070790529,0.213371619582,0.502248108387,0.425308853388,0.153105661273
red_green,0.5925,0.418677866459,0.403123140335,0.21346886456,0.501252293587,0.426242589951,0.153164789081
red_green,0.595,0.417712569237,0.40417855978,0.213565692306,0.500255048275,0.427177906036,0.15322612226
red_green,0.5975,0.416747272015,0.405237019062,0.213662043214,0.49925661087,0.428114920855,0.15328976512
red_green,0.6,0.415781885385,0.406298577785,0.213757917285,0.498256713152,0.429053664208,0.153355702758
red_green,0.6025,0.414816260338,0.407363176346,0.213853344321,0.497255414724,0.429994106293,0.153423920274
red_green,0.605,0.413850367069,0.408430933952,0.213948309422,0.496252536774,0.430936276913,0.153494521976
red_green,0.6075,0.412884265184,0.409501940012,0.214042827487,0.495248168707,0.431880354881,0.15356746316
red_green,0.61,0.411917746067,0.410576105118,0.214136794209,0.494242161512,0.432826250792,0.153642848134
red_green,0.6125,0.410950809717,0.411653548479,0.214230358601,0.493234485388,0.433773964643,0.153720512986
red_green,0.615,0.40998339653,0.412734240293,0.214323461056,0.492224961519,0.434723645449,0.153800666332
red_green,0.6175,0.409015387297,0.413818359375,0.214416027069,0.491213709116,0.435675263405,0.15388327837
red_green,0.62,0.408046871424,0.414905786514,0.214508131146,0.490200579166,0.436628967524,0.153968423605
red_green,0.6225,0.407077640295,0.415996611118,0.21459980309,0.489185541868,0.437584549189,0.154055923224
red_green,0.625,0.406107693911,0.417090803385,0.214690923691,0.488168478012,0.438542276621,0.154146015644
red_green,0.6275,0.405136942863,0.418188542128,0.214781597257,0.487149357796,0.43950214982,0.154238685965
red_green,0.63,0.404165327549,0.419289827347,0.214871764183,0.486128181219,0.440464138985,0.154333859682
red_green,0.6325,0.403192788362,0.420394718647,0.214961469173,0.485104739666,0.441428363323,0.154431656003
red_green,0.635,0.402219235897,0.421503156424,0.215050637722,0.484079033136,0.442394852638,0.154532045126
red_green,0.6375,0.401244670153,0.422615170479,0.215139359236,0.483051031828,0.443363577128,0.154635116458
red_green,0.64,0.400268912315,0.423730909824,0.215227499604,0.482020646334,0.444334566593,0.154740795493
red_green,0.6425,0.399292081595,0.42485037446,0.21531522274,0.480987787247,0.445308029652,0.154849231243
red_green,0.645,0.398313879967,0.425973623991,0.215402394533,0.479952305555,0.446283847094,0.1549603194
red_green,0.6475,0.397334396839,0.427100688219,0.215489044785,0.478914290667,0.447262138128,0.155074164271
red_green,0.65,0.396353453398,0.428231477737,0.215575173497,0.477873593569,0.448242932558,0.155190736055
red_green,0.6525,0.395371109247,0.429366290569,0.215660795569,0.47683006525,0.449226260185,0.155310124159
red_green,0.655,0.394387036562,0.430505007505,0.215745925903,0.475783824921,0.450212210417,0.155432343483
red_green,0.6575,0.393401503563,0.43164768815,0.215830460191,0.474734544754,0.451200783253,0.155557408929
red_green,0.66,0.392414212227,0.432794392109,0.215914517641,0.473682284355,0.4521920681,0.155685260892
red_green,0.6625,0.391425162554,0.433945178986,0.215998023748,0.472627013922,0.453186124563,0.155816063285
red_green,0.665,0.390434205532,0.43510004878,0.216080993414,0.471568495035,0.454182893038,0.155949801207
red_green,0.6675,0.389441341162,0.436259180307,0.216163396835,0.4705067873,0.455182552338,0.156086400151
red_green,0.67,0.388446480036,0.437422454357,0.216245278716,0.4694416821,0.45618507266,0.156226053834
red_green,0.6725,0.387449473143,0.438589930534,0.21632656455,0.468373209238,0.457190543413,0.156368628144
red_green,0.675,0.386450320482,0.439761787653,0.216407358646,0.467301249504,0.4581990242,0.156514257193
red_green,0.6775,0.385448843241,0.440937906504,0.216487571597,0.466225624085,0.459210544825,0.156662896276
red_green,0.68,0.384445011616,0.442118555307,0.216567188501,0.465146362782,0.460225135088,0.156814664602
red_green,0.6825,0.383438795805,0.44330355525,0.216646194458,0.464063286781,0.4612429142,0.156969517469
red_green,0.685,0.382430016995,0.444493144751,0.216724693775,0.462976306677,0.462263941765,0.157127469778
red_green,0.6875,0.38141861558,0.445687264204,0.216802567244,0.461885362864,0.463288187981,0.157288596034
red_green,0.69,0.380404472351,0.446886003017,0.216879859567,0.460790276527,0.464315772057,0.157452940941
red_green,0.6925,0.379387527704,0.448089420795,0.216956540942,0.459691047668,0.465346693993,0.157620459795
red_green,0.695,0.37836766243,0.449297517538,0.217032656074,0.458587527275,0.466381132603,0.157791271806
red_green,0.6975,0.377344816923,0.450510412455,0.217108115554,0.45747962594,0.467419117689,0.157965257764
red_green,0.7,0.376318871975,0.451728135347,0.217182993889,0.456367105246,0.46846061945,0.158142626286
red_green,0.7025,0.375289708376,0.452950716019,0.217257231474,0.455250054598,0.469505757093,0.158323302865
red_green,0.705,0.374257206917,0.45417830348,0.217330873013,0.454128265381,0.470554590225,0.158507347107
red_green,0.7075,0.373221337795,0.455410867929,0.2174038589,0.453001558781,0.471607208252,0.158694729209
red_green,0.71,0.372181922197,0.456648498774,0.217476189136,0.451869934797,0.472663670778,0.158885598183
red_green,0.7125,0.371138900518,0.457891196013,0.217547833919,0.450733155012,0.473724007607,0.159079864621
red_green,0.715,0.370092093944,0.459139168263,0.217618867755,0.449591249227,0.474788308144,0.159277632832
red_green,0.7175,0.369041413069,0.460392415524,0.217689216137,0.448443859816,0.475856661797,0.159478873015
red_green,0.72,0.367986768484,0.461650937796,0.217758908868,0.447291016579,0.47692912817,0.159683704376
red_green,0.7225,0.366928040981,0.462914764881,0.217827916145,0.446132600308,0.478005796671,0.159892082214
red_green,0.725,0.365865170956,0.464184165001,0.217896223068,0.444968312979,0.479086667299,0.160104110837
red_green,0.7275,0.364797860384,0.465458959341,0.217963799834,0.443798214197,0.480171918869,0.160319700837
red_green,0.73,0.363726109266,0.466739416122,0.218030720949,0.442622035742,0.481261610985,0.160538986325
red_green,0.7325,0.362649738789,0.46802547574,0.218096911907,0.441439628601,0.482355743647,0.160761967301
red_green,0.735,0.361568719149,0.469317227602,0.218162342906,0.440250873566,0.483454465866,0.16098870337
red_green,0.7375,0.360482722521,0.470614761114,0.218227043748,0.439055621624,0.484557837248,0.161219209433
red_green,0.74,0.359391838312,0.471918165684,0.218290999532,0.437853693962,0.485665947199,0.161453440785
red_green,0.7425,0.358295708895,0.473227471113,0.218354210257,0.436644941568,0.486778885126,0.161691576242
red_green,0.745,0.357194274664,0.474542826414,0.218416690826,0.435429126024,0.487896710634,0.161933541298
red_green,0.7475,0.356087446213,0.475864291191,0.218478381634,0.434206098318,0.489019542932,0.162179425359
red_green,0.75,0.354975014925,0.477191835642,0.218539252877,0.432975828648,0.490147471428,0.162429273129
red_green,0.7525,0.353856801987,0.478525668383,0.21859934926,0.431737869978,0.49128061533,0.162683054805
red_green,0.755,0.352732717991,0.479865819216,0.218658581376,0.430492252111,0.492418974638,0.162940815091
red_green,0.7575,0.351602524519,0.481212347746,0.21871702373,0.42923861742,0.493562728167,0.163202643394
red_green,0.76,0.350466042757,0.48256534338,0.218774691224,0.427976936102,0.494712024927,0.163468539715
red_green,0.7625,0.349323183298,0.483924925327,0.218831434846,0.426706880331,0.49586686492,0.163738548756
red_green,0.765,0.348173677921,0.485291093588,0.218887358904,0.425428181887,0.497027307749,0.164012745023
red_green,0.7675,0.34701743722,0.486664026976,0.218942388892,0.424140751362,0.498193562031,0.164291158318
red_green,0.77,0.345854222775,0.488043814897,0.218996524811,0.422844290733,0.499365746975,0.164573699236
red_green,0.7725,0.344683796167,0.489430516958,0.219049781561,0.421538591385,0.500543951988,0.164860546589
red_green,0.775,0.343506067991,0.490824192762,0.219102144241,0.420223385096,0.501728236675,0.165151715279
red_green,0.7775,0.342320680618,0.492225021124,0.219153508544,0.418898493052,0.50291877985,0.165447220206
red_green,0.78,0.341127574444,0.493633031845,0.219204008579,0.417563587427,0.504115581513,0.165747091174
red_green,0.7825,0.339926481247,0.495048284531,0.219253525138,0.416218400002,0.50531899929,0.166051387787
red_green,0.785,0.338717132807,0.496470987797,0.21930205822,0.414862722158,0.506528973579,0.166360154748
red_green,0.7875,0.337499350309,0.497901171446,0.219349592924,0.413496226072,0.507745563984,0.166673406959
red_green,0.79,0.336272925138,0.499338924885,0.219396099448,0.41211861372,0.508969068527,0.166991204023
red_green,0.7925,0.335037559271,0.500784397125,0.219441607594,0.410729587078,0.510199546814,0.167313560843
red_green,0.795,0.333793014288,0.502237617969,0.219486102462,0.409328907728,0.511437177658,0.167640551925
red_green,0.7975,0.332539081573,0.503698885441,0.219529509544,0.407916128635,0.512682080269,0.167972221971
red_green,0.8,0.331275433302,0.50516808033,0.219571858644,0.40649113059,0.513934373856,0.168308600783
red_green,0.8025,0.330001831055,0.506645441055,0.219613030553,0.405053287745,0.515194118023,0.168649762869
red_green,0.805,0.328717976809,0.508131086826,0.219653174281,0.403602361679,0.516461670399,0.168995663524
red_green,0.8075,0.32742357254,0.509625077248,0.219692111015,0.402138084173,0.517737030983,0.169346511364
red_green,0.81,0.326118350029,0.511127591133,0.219729915261,0.400659918785,0.519020438194,0.169702142477
red_green,0.8125,0.324801981449,0.512638688088,0.219766557217,0.399167567492,0.520312070847,0.170062765479
red_green,0.815,0.32347419858,0.514158606529,0.219802051783,0.39766061306,0.52161192894,0.170428365469
red_green,0.8175,0.322134584188,0.515687346458,0.219836205244,0.396138608456,0.522920310497,0.170798972249
red_green,0.82,0.32078281045,0.517225086689,0.219869196415,0.394601076841,0.524237453937,0.171174675226
red_green,0.8225,0.319418549538,0.518772006035,0.219900891185,0.393047660589,0.52556347847,0.171555504203
red_green,0.825,0.318041443825,0.520328223705,0.219931259751,0.39147773385,0.526898443699,0.171941459179
red_green,0.8275,0.316651076078,0.521893799305,0.219960302114,0.389890909195,0.528242766857,0.172332674265
red_green,0.83,0.315247088671,0.523468971252,0.219988003373,0.388286679983,0.529596507549,0.172729238868
red_green,0.8325,0.313829123974,0.525053918362,0.220014378428,0.386664450169,0.530959904194,0.173131063581
red_green,0.835,0.312396675348,0.526648640633,0.220039308071,0.385023623705,0.532333135605,0.173538297415
red_green,0.8375,0.310949295759,0.528253436089,0.220062822104,0.383363783359,0.533716440201,0.173950850964
red_green,0.84,0.309486538172,0.529868423939,0.220084875822,0.381684154272,0.5351100564,0.174368947744
red_green,0.8425,0.308008104563,0.531493723393,0.220105394721,0.379984140396,0.536514103413,0.174792587757
red_green,0.845,0.306513249874,0.533129572868,0.220124423504,0.378263145685,0.537929058075,0.175221905112
red_green,0.8475,0.305001527071,0.534776031971,0.220141872764,0.376520425081,0.539354860783,0.175656810403
red_green,0.85,0.303472548723,0.536433398724,0.220157757402,0.374755322933,0.540791988373,0.176097407937
red_green,0.8525,0.301925688982,0.538101792336,0.220171973109,0.372967004776,0.542240560055,0.176543727517
red_green,0.855,0.300360351801,0.539781332016,0.220184564591,0.371154785156,0.543700933456,0.176995947957
red_green,0.8575,0.298775911331,0.541472256184,0.220195442438,0.369317799807,0.545173287392,0.177454024553
red_green,0.86,0.297171801329,0.543174743652,0.22020457685,0.367455124855,0.546657979488,0.177918031812
red_green,0.8625,0.295547395945,0.544889092445,0.220211967826,0.365565896034,0.548155248165,0.178388044238
red_green,0.865,0.293901860714,0.546615362167,0.220217496157,0.363649219275,0.54966545105,0.178864091635
red_green,0.8675,0.2922347188,0.548353850842,0.220221176744,0.361704051495,0.551188826561,0.179346263409
red_green,0.87,0.290545105934,0.550104737282,0.220223009586,0.359729379415,0.552725791931,0.179834634066
red_green,0.8725,0.288832217455,0.551868259907,0.220222830772,0.357724010944,0.554276525974,0.180329307914
red_green,0.875,0.287095308304,0.55364459753,0.220220670104,0.355686962605,0.555841565132,0.180830299854
red_green,0.8775,0.285333573818,0.555433928967,0.220216453075,0.353616952896,0.557421088219,0.181337654591
red_green,0.88,0.283546000719,0.557236731052,0.220210134983,0.351512670517,0.559015512466,0.181851431727
red_green,0.8825,0.281731784344,0.559053003788,0.220201700926,0.349372804165,0.560625374317,0.182371735573
red_green,0.885,0.279889911413,0.560883045197,0.220191136003,0.347195923328,0.562250852585,0.18289873004
red_green,0.8875,0.278019309044,0.562727153301,0.220178201795,0.344980478287,0.563892424107,0.183432266116
red_green,0.89,0.276118963957,0.564585566521,0.22016300261,0.342724949121,0.56555056572,0.183972626925
red_green,0.8925,0.274187713861,0.566458582878,0.220145404339,0.3404276371,0.567225575447,0.18451975286
red_green,0.895,0.272224366665,0.568346500397,0.220125377178,0.338086783886,0.568918168545,0.185073807836
red_green,0.8975,0.270227700472,0.570249557495,0.220102876425,0.335700452328,0.570628523827,0.185634836554
red_green,0.9,0.268196344376,0.572167992592,0.220077812672,0.333266735077,0.572357356548,0.18620288372
red_green,0.9025,0.266128927469,0.574102282524,0.220050096512,0.330783367157,0.574105143547,0.186778068543
red_green,0.905,0.264023929834,0.576052606106,0.220019668341,0.328248143196,0.575872242451,0.187360361218
red_green,0.9075,0.26187980175,0.578019320965,0.219986483455,0.325658619404,0.577659487724,0.187950029969
red_green,0.91,0.259694933891,0.580002784729,0.219950422645,0.323012292385,0.579467117786,0.188547059894
red_green,0.9125,0.257467538118,0.582003295422,0.219911381602,0.320306390524,0.581296086311,0.189151510596
red_green,0.915,0.255195766687,0.584021270275,0.219869405031,0.317537844181,0.583146810532,0.189763486385
red_green,0.9175,0.252877563238,0.586056947708,0.219824209809,0.314703643322,0.585020005703,0.190383046866
red_green,0.92,0.250510841608,0.588110864162,0.219775930047,0.31180024147,0.586916387081,0.191010355949
red_green,0.9225,0.248093396425,0.590183317661,0.219724267721,0.308824032545,0.588836610317,0.191645458341
red_green,0.925,0.245622768998,0.592274725437,0.219669237733,0.30577108264,0.590781450272,0.192288413644
red_green,0.9275,0.243096321821,0.594385623932,0.219610691071,0.302637070417,0.592751741409,0.192939355969
red_green,0.93,0.24051143229,0.596516311169,0.219548508525,0.299417495727,0.594748198986,0.193598374724
red_green,0.9325,0.237865000963,0.598667263985,0.219482630491,0.296107113361,0.596771776676,0.194265544415
red_green,0.935,0.235153853893,0.600838959217,0.219412952661,0.292700827122,0.598823308945,0.194940894842
red_green,0.9375,0.232374563813,0.603031873703,0.219339251518,0.289192318916,0.600903809071,0.195624709129
red_green,0.94,0.22952337563,0.605246603489,0.219261497259,0.285575389862,0.603014349937,0.196316882968
red_green,0.9425,0.226596385241,0.607483565807,0.219179496169,0.281842797995,0.605155825615,0.19701756537
red_green,0.945,0.223589017987,0.609743237495,0.219093114138,0.277986705303,0.607329487801,0.197726905346
red_green,0.9475,0.220496669412,0.612026333809,0.219002246857,0.273998618126,0.609536290169,0.198445051909
red_green,0.95,0.217314064503,0.614333450794,0.218906670809,0.269868731499,0.61177778244,0.199171945453
red_green,0.9525,0.214035645127,0.616665065288,0.218806266785,0.265586733818,0.614055037498,0.199907749891
red_green,0.955,0.210655108094,0.619021773338,0.218700930476,0.261140555143,0.616369485855,0.200652554631
red_green,0.9575,0.207165628672,0.621404409409,0.218590304255,0.256517022848,0.618722677231,0.201406493783
red_green,0.96,0.203559562564,0.623813569546,0.218474373221,0.251701325178,0.621116101742,0.202169626951
red_green,0.9625,0.199828565121,0.626249909401,0.218352794647,0.246676459909,0.623551368713,0.202942043543
red_green,0.965,0.195963323116,0.628714263439,0.218225508928,0.241423159838,0.626030266285,0.203723818064
red_green,0.9675,0.191953316331,0.631207406521,0.218092218041,0.235919445753,0.628554701805,0.204515069723
red_green,0.97,0.187786638737,0.633730173111,0.217952683568,0.230139732361,0.631126701832,0.205315902829
red_green,0.9725,0.183450222015,0.636283278465,0.217806652188,0.224054530263,0.633748292923,0.206126347184
red_green,0.975,0.17892883718,0.638867855072,0.217653885484,0.217628911138,0.636421859264,0.206946372986
red_green,0.9775,0.174205139279,0.641484618187,0.217494100332,0.210821822286,0.639149844647,0.207776278257
red_green,0.98,0.169258967042,0.644134521484,0.217327058315,0.203583359718,0.641934752464,0.208615899086
red_green,0.9825,0.164067029953,0.646818757057,0.217152372003,0.195853367448,0.644779682159,0.209465369582
red_green,0.985,0.158602073789,0.649538397789,0.216969758272,0.187556788325,0.647687554359,0.210324689746
red_green,0.9875,0.152831524611,0.652294516563,0.216778814793,0.178599461913,0.650661766529,0.21119388938
red_green,0.99,0.146716073155,0.655088365078,0.216579303145,0.168859645724,0.653705894947,0.212072953582
red_green,0.9925,0.140208050609,0.657921075821,0.21637070179,0.158174961805,0.656823933125,0.212961792946
red_green,0.995,0.133247733116,0.660794079304,0.216152608395,0.146322324872,0.660020172596,0.213860377669
red_green,0.9975,0.125760048628,0.663708746433,0.21592463553,0.132978886366,0.663299262524,0.214768588543
red_green,1.0,0.117647059262,0.666666686535,0.215686276555,0.117647059262,0.666666686535,0.215686276555
blue_orange,0.0,0.0784313753247,0.274509817362,1.0,0.0784313753247,0.274509817362,1.0
blue_orange,0.0025,0.0,0.298053234816,0.939376533032,0.0255878474563,0.291753590107,0.943264782429
blue_orange,0.005,0.0,0.308009892702,0.904566466808,0.0205337330699,0.297076135874,0.910428702831
blue_orange,0.0075,0.0,0.314406633377,0.879806399345,0.0278395954519,0.299606442451,0.885262072086
blue_orange,0.01,0.0,0.319169968367,0.860131502152,0.0402000546455,0.300860315561,0.864396512508
blue_orange,0.0125,0.0,0.322986721993,0.843637108803,0.0535068698227,0.301402568817,0.846389114857
blue_orange,0.015,0.0,0.326185315847,0.829358279705,0.0657543167472,0.301506459713,0.830458879471
blue_orange,0.0175,0.0,0.32894924283,0.816728711128,0.0768790692091,0.301323592663,0.816125154495
blue_orange,0.02,0.0,0.331391662359,0.805383145809,0.0869916677475,0.300946176052,0.803066968918
blue_orange,0.0225,0.0,0.333587318659,0.795070767403,0.0962269604206,0.30043387413,0.791057229042
blue_orange,0.025,0.0,0.335588216782,0.785610377788,0.104708470404,0.299827337265,0.779927670956
blue_orange,0.0275,0.0,0.337431877851,0.776866734028,0.112540759146,0.29915484786,0.769550442696
blue_orange,0.03,0.0,0.339146316051,0.768735349178,0.119810834527,0.298436939716,0.759824693203
blue_orange,0.0325,0.0,0.340752959251,0.761134028435,0.126589819789,0.297689020634,0.750669956207
blue_orange,0.035,0.0,0.342268615961,0.753996491432,0.132937818766,0.296922177076,0.742020487785
blue_orange,0.0375,0.0,0.343706548214,0.747268438339,0.138904154301,0.296145230532,0.733821809292
blue_orange,0.04,0.0,0.345077514648,0.740905165672,0.144530579448,0.295365065336,0.72602814436
blue_orange,0.0425,0.0,0.346390515566,0.734868764877,0.149852931499,0.294586718082,0.71860063076
blue_orange,0.045,0.0,0.347652643919,0.729126870632,0.154900863767,0.293814182282,0.711506128311
blue_orange,0.0475,0.0,0.348870098591,0.72365218401,0.159701019526,0.293051093817,0.704715788364
blue_orange,0.05,0.0,0.350048065186,0.718420922756,0.164275556803,0.292299568653,0.698204576969
blue_orange,0.0525,0.00371981691569,0.351213246584,0.712740302086,0.168644160032,0.29156178236,0.691950440407
blue_orange,0.055,0.0101150199771,0.352354377508,0.706797897816,0.172824144363,0.290839403868,0.685933887958
blue_orange,0.0575,0.01665459387,0.353457659483,0.701039016247,0.176830783486,0.290133804083,0.680137753487
blue_orange,0.06,0.0233275555074,0.354526251555,0.695451378822,0.180677339435,0.289445638657,0.674546599388
blue_orange,0.0625,0.0301239993423,0.355562835932,0.690024018288,0.184375911951,0.288775980473,0.66914665699
blue_orange,0.065,0.0370350629091,0.356569975614,0.684746980667,0.18793733418,0.288125306368,0.663925349712
blue_orange,0.0675,0.0439043417573,0.357549756765,0.679611504078,0.191370874643,0.287494063377,0.658871531487
blue_orange,0.07,0.0502732470632,0.358504325151,0.674609184265,0.194685399532,0.286882638931,0.653975009918
blue_orange,0.0725,0.0562183260918,0.359435349703,0.669732749462,0.197888687253,0.286291301251,0.649226427078
blue_orange,0.075,0.061814032495,0.360344350338,0.664975643158,0.200987964869,0.285719931126,0.644617259502
blue_orange,0.0775,0.0671154782176,0.361232966185,0.660331189632,0.203989461064,0.285168856382,0.640139877796
blue_orange,0.08,0.0721648335457,0.362102359533,0.655794143677,0.206899225712,0.284637898207,0.635787010193
blue_orange,0.0825,0.0769947096705,0.362953752279,0.65135884285,0.209722518921,0.28412732482,0.631552100182
blue_orange,0.085,0.0816313847899,0.363788276911,0.647020697594,0.212464392185,0.283636778593,0.627429068088
blue_orange,0.0875,0.0860961899161,0.364606946707,0.642775058746,0.215129315853,0.283166289329,0.623412191868
blue_orange,0.09,0.0904068946838,0.365410625935,0.638617694378,0.21772146225,0.282715678215,0.619496524334
blue_orange,0.0925,0.0945783555508,0.366200178862,0.634544849396,0.220244795084,0.282284617424,0.615676999092
blue_orange,0.095,0.0986229777336,0.366976380348,0.630552709103,0.222702726722,0.28187328577,0.611949145794
blue_orange,0.0975,0.102551959455,0.367740035057,0.626638174057,0.225098699331,0.281481176615,0.608308792114
blue_orange,0.1,0.106374263763,0.368491739035,0.62279766798,0.227435812354,0.281108349562,0.604752004147
blue_orange,0.1025,0.110098339617,0.369232058525,0.619028389454,0.229716837406,0.280754268169,0.601275086403
blue_orange,0.105,0.113731279969,0.369961619377,0.615327656269,0.231944531202,0.280419021845,0.597874701023
blue_orange,0.1075,0.11727951467,0.370680958033,0.611692667007,0.234121307731,0.280102193356,0.594547450542
blue_orange,0.11,0.120748601854,0.371390551329,0.608121037483,0.236249580979,0.279803514481,0.591290414333
blue_orange,0.1125,0.12414368242,0.372090905905,0.604610383511,0.238331511617,0.279522866011,0.588100671768
blue_orange,0.115,0.127469465137,0.372782379389,0.601158618927,0.240369081497,0.279259949923,0.584975659847
blue_orange,0.1175,0.130729734898,0.37346547842,0.597763478756,0.242364287376,0.279014438391,0.581912696362
blue_orange,0.12,0.133928477764,0.37414047122,0.594423115253,0.244318932295,0.278786182404,0.57890945673
blue_orange,0.1225,0.1370690763,0.374807804823,0.591135561466,0.246234714985,0.27857491374,0.575963675976
blue_orange,0.125,0.140154600143,0.375467717648,0.587899208069,0.24811321497,0.278380334377,0.573073089123
blue_orange,0.1275,0.143187999725,0.376120626926,0.584712266922,0.249955967069,0.278202205896,0.570235848427
blue_orange,0.13,0.146171823144,0.376766741276,0.5815731287,0.251764416695,0.278040260077,0.567449986935
blue_orange,0.1325,0.149108454585,0.377406358719,0.578480243683,0.253539890051,0.277894288301,0.564713597298
blue_orange,0.135,0.15200021863,0.378039747477,0.575432240963,0.255283683538,0.277764052153,0.562024950981
blue_orange,0.1375,0.154849261046,0.378667205572,0.572427690029,0.256997019052,0.277649194002,0.559382498264
blue_orange,0.14,0.157657280564,0.379288882017,0.569465339184,0.258681029081,0.277549564838,0.556784570217
blue_orange,0.1425,0.16042624414,0.379905074835,0.56654381752,0.260336846113,0.277464926243,0.554229736328
blue_orange,0.145,0.163157865405,0.380515962839,0.563662052155,0.261965483427,0.277395039797,0.551716566086
blue_orange,0.1475,0.165853649378,0.381121665239,0.560818850994,0.263567864895,0.277339547872,0.549243628979
blue_orange,0.15,0.168515026569,0.381722509861,0.558012962341,0.265145093203,0.277298390865,0.546809673309
blue_orange,0.1525,0.171143487096,0.382318556309,0.555243611336,0.266697883606,0.27727112174,0.54441344738
blue_orange,0.155,0.173740282655,0.382910043001,0.552509605885,0.268227159977,0.2772577703,0.542053759098
blue_orange,0.1575,0.176306545734,0.383497089148,0.549809992313,0.269733816385,0.277257919312,0.53972953558
blue_orange,0.16,0.178843647242,0.384079843759,0.547143876553,0.271218568087,0.277271300554,0.537439644337
blue_orange,0.1625,0.181352421641,0.384658515453,0.544510424137,0.27268204093,0.277297914028,0.535183012486
blue_orange,0.165,0.183834046125,0.385233193636,0.541908621788,0.274125128984,0.277337312698,0.532958686352
blue_orange,0.1675,0.186289429665,0.385804027319,0.539337813854,0.275548487902,0.27738943696,0.530765712261
blue_orange,0.17,0.188719570637,0.386371105909,0.536797106266,0.276952713728,0.277453958988,0.528603196144
blue_orange,0.1725,0.191125258803,0.386934578419,0.534285843372,0.278338432312,0.277530699968,0.526470184326
blue_orange,0.175,0.193507343531,0.387494504452,0.531803071499,0.2797062397,0.277619481087,0.524365842342
blue_orange,0.1775,0.195866659284,0.388051092625,0.529348373413,0.281056731939,0.277720153332,0.522289454937
blue_orange,0.18,0.198203980923,0.388604462147,0.526920795441,0.282390475273,0.277832388878,0.520240187645
blue_orange,0.1825,0.200519919395,0.389154553413,0.524519860744,0.283707976341,0.277956008911,0.518217265606
blue_orange,0.185,0.202815204859,0.389701545238,0.522144854069,0.285009652376,0.27809086442,0.516219973564
blue_orange,0.1875,0.205090522766,0.390245527029,0.519795298576,0.286296129227,0.27823677659,0.514247596264
blue_orange,0.19,0.207346513867,0.390786677599,0.517470479012,0.28756788373,0.278393477201,0.512299478054
blue_orange,0.1925,0.209583699703,0.391324937344,0.515169680119,0.288825273514,0.278560817242,0.510374963283
blue_orange,0.195,0.211802706122,0.391860425472,0.512892723083,0.290068805218,0.278738677502,0.508473455906
blue_orange,0.1975,0.214004099369,0.392393290997,0.510638773441,0.291298866272,0.278926819563,0.506594359875
blue_orange,0.2,0.216188311577,0.392923563719,0.508407413959,0.292515814304,0.279125064611,0.504737079143
blue_orange,0.2025,0.218355894089,0.393451273441,0.506198227406,0.293720155954,0.279333174229,0.502901077271
blue_orange,0.205,0.220507338643,0.393976539373,0.504010498524,0.294912159443,0.279551059008,0.501085758209
blue_orange,0.2075,0.222643196583,0.39449942112,0.5018440485,0.296092271805,0.279778569937,0.499290645122
blue_orange,0.21,0.224763736129,0.395019859076,0.499698162079,0.297260761261,0.28001537919,0.497515171766
blue_orange,0.2125,0.226869538426,0.395538121462,0.497572571039,0.298418045044,0.280261576176,0.49575895071
blue_orange,0.215,0.2289609164,0.396054118872,0.495466709137,0.299564391375,0.280516803265,0.49402141571
blue_orange,0.2175,0.231038227677,0.396568030119,0.493380337954,0.300700157881,0.28078097105,0.492302149534
blue_orange,0.22,0.233102053404,0.397079855204,0.491312950849,0.301825642586,0.281053900719,0.490600705147
blue_orange,0.2225,0.23515252769,0.397589474916,0.489264130592,0.302941143513,0.281335383654,0.488916695118
blue_orange,0.225,0.237190157175,0.398097246885,0.487233579159,0.30404689908,0.281625419855,0.487249672413
blue_orange,0.2275,0.239215269685,0.398602992296,0.485220909119,0.305143266916,0.281923770904,0.485599189997
blue_orange,0.23,0.241228163242,0.399106860161,0.483225733042,0.306230485439,0.282230257988,0.483964890242
blue_orange,0.2325,0.243229180574,0.399608790875,0.4812476933,0.30730882287,0.282544761896,0.48234641552
blue_orange,0.235,0.245218575001,0.400108963251,0.479286462069,0.308378458023,0.28286716342,0.480743378401
blue_orange,0.2375,0.247196748853,0.400607347488,0.477341800928,0.309439778328,0.283197313547,0.479155451059
blue_orange,0.24,0.249163895845,0.401103943586,0.475413292646,0.310492873192,0.283535033464,0.47758230567
blue_orange,0.2425,0.251120328903,0.401598870754,0.473500549793,0.311538130045,0.283880233765,0.476023465395
blue_orange,0.245,0.253066360951,0.402092128992,0.471603453159,0.312575608492,0.284232795238,0.474478811026
blue_orange,0.2475,0.255002200603,0.402583777905,0.469721585512,0.313605666161,0.28459250927,0.472947865725
blue_orange,0.25,0.256928116083,0.403073847294,0.467854738236,0.314628452063,0.284959375858,0.471430450678
blue_orange,0.2525,0.258844405413,0.403562277556,0.466002613306,0.315644174814,0.285333037376,0.469926059246
blue_orange,0.255,0.260751157999,0.404049277306,0.464164882898,0.316653043032,0.285713672638,0.468434602022
blue_orange,0.2575,0.262648820877,0.404534727335,0.462341248989,0.317655235529,0.286101013422,0.466955840588
blue_orange,0.26,0.264537483454,0.405018687248,0.460531562567,0.318650990725,0.286494970322,0.465489268303
blue_orange,0.2625,0.266417384148,0.40550121665,0.458735585213,0.31964045763,0.286895304918,0.464034765959
blue_orange,0.265,0.268288761377,0.405982375145,0.456952929497,0.32062381506,0.287302047014,0.462592065334
blue_orange,0.2675,0.270151853561,0.406462103128,0.455183535814,0.321601301432,0.287715017796,0.461160898209
blue_orange,0.27,0.272006750107,0.406940549612,0.453427046537,0.322573006153,0.288134068251,0.459741055965
blue_orange,0.2725,0.273853778839,0.407417595387,0.451683223247,0.323539108038,0.288559257984,0.458332210779
blue_orange,0.275,0.27569308877,0.407893329859,0.449951857328,0.3244997859,0.288990229368,0.456934243441
blue_orange,0.2775,0.277524769306,0.40836790204,0.448232799768,0.325455218554,0.28942707181,0.455546855927
blue_orange,0.28,0.279349118471,0.40884116292,0.446525841951,0.326405525207,0.289869606495,0.454169780016
blue_orange,0.2825,0.281166374683,0.409313052893,0.444830626249,0.327350914478,0.290317714214,0.4528028965
blue_orange,0.285,0.282976508141,0.409783899784,0.443147152662,0.328291475773,0.29077142477,0.451445966959
blue_orange,0.2875,0.284779787064,0.41025352478,0.44147503376,0.329227417707,0.291230469942,0.450098723173
blue_orange,0.29,0.286576449871,0.410722017288,0.439814209938,0.330158799887,0.291694790125,0.448761105537
blue_orange,0.2925,0.288366556168,0.411189317703,0.438164412975,0.331085801125,0.292164415121,0.447432756424
blue_orange,0.295,0.29015031457,0.411655455828,0.436525583267,0.33200854063,0.292639136314,0.446113586426
blue_orange,0.2975,0.291927844286,0.412120491266,0.434897333384,0.332927286625,0.293118834496,0.444803327322
blue_orange,0.3,0.293699353933,0.412584483623,0.433279663324,0.333841949701,0.293603539467,0.443501919508
blue_orange,0.3025,0.295464962721,0.413047403097,0.431672245264,0.33475279808,0.294093102217,0.44220906496
blue_orange,0.305,0.297224730253,0.413509309292,0.4300750494,0.335659891367,0.29458746314,0.440924674272
blue_orange,0.3075,0.298978865147,0.413970112801,0.428487896919,0.336563408375,0.295086354017,0.439648538828
blue_orange,0.31,0.300727516413,0.414429962635,0.4269105196,0.337463408709,0.295590013266,0.438380479813
blue_orange,0.3125,0.302470892668,0.414888709784,0.425342798233,0.338360071182,0.296098083258,0.437120348215
blue_orange,0.315,0.304208934307,0.41534653306,0.423784703016,0.339253425598,0.2966106534,0.435868024826
blue_orange,0.3175,0.305941820145,0.415803432465,0.422235906124,0.340143680572,0.297127604485,0.434623301029
blue_orange,0.32,0.307669878006,0.41625931859,0.420696377754,0.34103089571,0.297648757696,0.433386057615
blue_orange,0.3225,0.309392988682,0.416714251041,0.419165879488,0.34191519022,0.298174232245,0.432156175375
blue_orange,0.325,0.311111360788,0.417168319225,0.417644262314,0.342796653509,0.298703700304,0.430933445692
blue_orange,0.3275,0.31282517314,0.417621433735,0.416131585836,0.343675434589,0.299237281084,0.429717689753
blue_orange,0.33,0.314534425736,0.41807359457,0.414627403021,0.344551593065,0.29977491498,0.428508847952
blue_orange,0.3325,0.31623929739,0.418524950743,0.413131803274,0.345425218344,0.30031645298,0.427306830883
blue_orange,0.335,0.31793987751,0.418975383043,0.411644548178,0.346296489239,0.300861805677,0.426111400127
blue_orange,0.3375,0.319636315107,0.419424951077,0.410165607929,0.347165375948,0.301410973072,0.424922466278
blue_orange,0.34,0.321328669786,0.419873803854,0.408694654703,0.348032087088,0.301963835955,0.423739910126
blue_orange,0.3425,0.323017060757,0.420321673155,0.407231867313,0.348896682262,0.302520334721,0.422563642263
blue_orange,0.345,0.32470163703,0.420768737793,0.405776888132,0.349759221077,0.30308046937,0.421393424272
blue_orange,0.3475,0.326382398605,0.421215057373,0.40432959795,0.350619852543,0.303644061089,0.420229285955
blue_orange,0.35,0.328059524298,0.421660512686,0.402889996767,0.351478606463,0.304211229086,0.419070959091
blue_orange,0.3525,0.329733133316,0.422105163336,0.401457935572,0.352335631847,0.304781734943,0.417918473482
blue_orange,0.355,0.331403285265,0.42254909873,0.400033086538,0.3531909585,0.30535569787,0.41677159071
blue_orange,0.3575,0.333070009947,0.422992229462,0.39861574769,0.354044735432,0.305932819843,0.415630340576
blue_orange,0.36,0.334733515978,0.423434525728,0.397205412388,0.354896992445,0.30651319027,0.414494454861
blue_orange,0.3625,0.33639383316,0.423876196146,0.395802259445,0.355747848749,0.307096809149,0.413363933563
blue_orange,0.365,0.338050991297,0.424317061901,0.394405961037,0.356597334147,0.307683497667,0.412238627672
blue_orange,0.3675,0.339705228806,0.424757182598,0.393016636372,0.357445567846,0.308273285627,0.411118447781
blue_orange,0.37,0.341356545687,0.425196588039,0.391633927822,0.358292639255,0.308866083622,0.410003304482
blue_orange,0.3725,0.343005031347,0.425635308027,0.390258014202,0.359138578177,0.309461861849,0.408893078566
blue_orange,0.375,0.34465071559,0.426073282957,0.388888537884,0.359983563423,0.310060501099,0.407787740231
blue_orange,0.3775,0.34629380703,0.426510602236,0.387525469065,0.360827594995,0.310662090778,0.406687051058
blue_orange,0.38,0.347934275866,0.426947206259,0.386168897152,0.361670702696,0.311266392469,0.405591011047
blue_orange,0.3825,0.349572300911,0.427383124828,0.384818404913,0.362513124943,0.311873495579,0.404499590397
blue_orange,0.385,0.351207822561,0.427818417549,0.383474171162,0.363354772329,0.312483459711,0.40341258049
blue_orange,0.3875,0.352841079235,0.428252995014,0.38213595748,0.364195823669,0.313096046448,0.402329951525
blue_orange,0.39,0.354472070932,0.428686887026,0.380803763866,0.365036278963,0.313711166382,0.401251584291
blue_orange,0.3925,0.356100857258,0.429120182991,0.379477471113,0.365876287222,0.31432902813,0.400177448988
blue_orange,0.395,0.357727497816,0.429552853108,0.378156930208,0.366715818644,0.314949423075,0.399107426405
blue_orange,0.3975,0.359352231026,0.429984837771,0.376842111349,0.36755502224,0.315572232008,0.398041397333
blue_orange,0.4,0.36097484827,0.43041613698,0.375532835722,0.368393987417,0.316197544336,0.39697933197
blue_orange,0.4025,0.362595647573,0.43084692955,0.374229192734,0.369232714176,0.316825330257,0.395921140909
blue_orange,0.405,0.364214658737,0.431277006864,0.372931033373,0.370071321726,0.31745544076,0.394866734743
blue_orange,0.4075,0.365831971169,0.431706577539,0.371638149023,0.370909839869,0.318088024855,0.393816024065
blue_orange,0.41,0.367447525263,0.432135522366,0.370350629091,0.371748328209,0.318722784519,0.392768979073
blue_orange,0.4125,0.369061529636,0.432563811541,0.369068264961,0.372586905956,0.31935992837,0.391725480557
blue_orange,0.415,0.370673924685,0.432991534472,0.367791056633,0.373425662517,0.319999217987,0.390685468912
blue_orange,0.4175,0.372284948826,0.433418720961,0.366518944502,0.37426456809,0.320640742779,0.389648854732
blue_orange,0.42,0.373894572258,0.433845251799,0.365251839161,0.375103801489,0.321284502745,0.388615578413
blue_orange,0.4225,0.375502824783,0.434271246195,0.363989561796,0.375943332911,0.321930348873,0.387585580349
blue_orange,0.425,0.377109885216,0.434696704149,0.36273214221,0.376783281565,0.322578340769,0.386558800936
blue_orange,0.4275,0.378715693951,0.435121566057,0.361479520798,0.377623707056,0.323228389025,0.385535120964
blue_orange,0.43,0.380320429802,0.435545802116,0.360231459141,0.378464639187,0.323880523443,0.384514510632
blue_orange,0.4325,0.381924003363,0.435969620943,0.358988136053,0.379306137562,0.324534654617,0.383496880531
blue_orange,0.435,0.383526682854,0.436392813921,0.357749313116,0.38014832139,0.325190722942,0.382482171059
blue_orange,0.4375,0.385128378868,0.436815470457,0.356514930725,0.380991250277,0.325848788023,0.381470322609
blue_orange,0.44,0.386729240418,0.437237650156,0.35528498888,0.381834924221,0.32650873065,0.380461275577
blue_orange,0.4425,0.388329267502,0.437659233809,0.354059368372,0.382679462433,0.32717064023,0.37945497036
blue_orange,0.445,0.389928519726,0.438080251217,0.352838009596,0.383524924517,0.32783433795,0.378451317549
blue_orange,0.4475,0.391527146101,0.43850082159,0.351620912552,0.384371399879,0.32849997282,0.377450317144
blue_orange,0.45,0.393125057221,0.43892082572,0.350407838821,0.385218858719,0.32916739583,0.376451790333
blue_orange,0.4525,0.394722521305,0.439340353012,0.349198907614,0.386067450047,0.329836547375,0.375455796719
blue_orange,0.455,0.396319419146,0.439759403467,0.347993969917,0.386917203665,0.330507516861,0.374462217092
blue_orange,0.4575,0.397915959358,0.440177857876,0.346792936325,0.387768179178,0.331180214882,0.373471021652
blue_orange,0.46,0.399512022734,0.44059586525,0.345595836639,0.388620465994,0.331854701042,0.372482120991
blue_orange,0.4625,0.401107758284,0.441013336182,0.344402581453,0.389474064112,0.332530707121,0.371495485306
blue_orange,0.465,0.40270331502,0.441430360079,0.343213021755,0.390329122543,0.333208531141,0.370510995388
blue_orange,0.4675,0.404298633337,0.441846907139,0.342027157545,0.391185611486,0.333887964487,0.36952868104
blue_orange,0.47,0.405893862248,0.442263007164,0.340845018625,0.392043679953,0.334569036961,0.368548423052
blue_orange,0.4725,0.407488882542,0.442678511143,0.33966627717,0.392903357744,0.335251748562,0.367570221424
blue_orange,0.475,0.409083932638,0.443093627691,0.338491171598,0.393764644861,0.335936099291,0.366593956947
blue_orange,0.4775,0.410679042339,0.443508267403,0.337319552898,0.394627720118,0.336621880531,0.365619659424
blue_orange,0.48,0.412274241447,0.44392234087,0.336151272058,0.395492553711,0.3373093009,0.364647179842
blue_orange,0.4825,0.413869589567,0.444335997105,0.334986329079,0.396359235048,0.337998211384,0.3636764884
blue_orange,0.485,0.415465116501,0.444749206305,0.333824694157,0.397227853537,0.338688701391,0.362707585096
blue_orange,0.4875,0.417060911655,0.445161938667,0.332666248083,0.398098438978,0.33938062191,0.361740350723
blue_orange,0.49,0.41865709424,0.445574253797,0.33151102066,0.398971050978,0.340074181557,0.360774815083
blue_orange,0.4925,0.420253545046,0.445986062288,0.330358952284,0.399845778942,0.340768992901,0.359810858965
blue_orange,0.495,0.421850532293,0.446397453547,0.32920986414,0.400722682476,0.341465324163,0.358848452568
blue_orange,0.4975,0.423447936773,0.446808427572,0.328063845634,0.401601791382,0.342163175345,0.357887536287
blue_orange,0.5,0.4250459373,0.447218954563,0.326920777559,0.402483224869,0.342862278223,0.356928110123
blue_orange,0.5025,0.426644563675,0.447629004717,0.325780540705,0.403366982937,0.34356290102,0.355970054865
blue_orange,0.505,0.428243756294,0.448038607836,0.32464325428,0.404253154993,0.344264835119,0.355013310909
blue_orange,0.5075,0.429843753576,0.448447793722,0.323508650065,0.405141830444,0.34496819973,0.354057908058
blue_orange,0.51,0.431444525719,0.448856562376,0.32237687707,0.406033068895,0.345672905445,0.353103756905
blue_orange,0.5125,0.433046072721,0.449264913797,0.321247756481,0.406926900148,0.346379011869,0.352150797844
blue_orange,0.515,0.434648513794,0.449672788382,0.320121318102,0.407823413611,0.347086429596,0.351199001074
blue_orange,0.5175,0.436251968145,0.450080275536,0.31899741292,0.408722668886,0.347795128822,0.350248336792
blue_orange,0.52,0.437856376171,0.450487345457,0.317876070738,0.40962472558,0.348505198955,0.349298685789
blue_orange,0.5225,0.439461857081,0.450893938541,0.316757202148,0.4105296731,0.349216550589,0.348350048065
blue_orange,0.525,0.441068440676,0.451300173998,0.31564077735,0.411437571049,0.349929094315,0.347402393818
blue_orange,0.5275,0.442676216364,0.45170596242,0.314526766539,0.41234844923,0.350642949343,0.346455663443
blue_orange,0.53,0.444285213947,0.452111333609,0.313415110111,0.413262456655,0.351358115673,0.345509797335
blue_orange,0.5325,0.445895522833,0.45251634717,0.312305629253,0.414179563522,0.352074593306,0.344564765692
blue_orange,0.535,0.447507113218,0.452920943499,0.311198443174,0.41509988904,0.352792292833,0.343620479107
blue_orange,0.5375,0.449120163917,0.453325033188,0.310093432665,0.416023522615,0.353511273861,0.342676967382
blue_orange,0.54,0.450734615326,0.453728854656,0.30899053812,0.416950494051,0.354231417179,0.341734170914
blue_orange,0.5425,0.452350616455,0.454132258892,0.307889819145,0.417880862951,0.354952782392,0.340792000294
blue_orange,0.545,0.453968256712,0.454535186291,0.30679115653,0.418814748526,0.355675399303,0.339850336313
blue_orange,0.5475,0.45558744669,0.454937756062,0.305694460869,0.419752180576,0.356399208307,0.338909327984
blue_orange,0.55,0.4572083354,0.455339968205,0.304599642754,0.42069324851,0.357124269009,0.337968796492
blue_orange,0.5525,0.458830982447,0.455741733313,0.303506791592,0.421638011932,0.357850372791,0.337028741837
blue_orange,0.555,0.460455447435,0.45614311099,0.302415758371,0.422586590052,0.358577877283,0.336089104414
blue_orange,0.5575,0.46208178997,0.456544131041,0.301326543093,0.42353901267,0.359306484461,0.335149765015
blue_orange,0.56,0.463710010052,0.45694476366,0.300239056349,0.424495339394,0.360036253929,0.334210842848
blue_orange,0.5625,0.465340286493,0.457344949246,0.29915329814,0.425455629826,0.360767126083,0.333272188902
blue_orange,0.565,0.466972619295,0.457744807005,0.298069268465,0.42642006278,0.361499369144,0.332333743572
blue_orange,0.5675,0.468606978655,0.458144307137,0.296986818314,0.427388638258,0.362232595682,0.331395506859
blue_orange,0.57,0.470243513584,0.458543390036,0.295905888081,0.428361475468,0.362967014313,0.330457419157
blue_orange,0.5725,0.471882343292,0.458942055702,0.294826477766,0.429338544607,0.363702744245,0.329519420862
blue_orange,0.575,0.473523378372,0.459340363741,0.29374858737,0.430320054293,0.364439487457,0.328581511974
blue_orange,0.5775,0.47516682744,0.459738314152,0.29267218709,0.431306004524,0.365177422762,0.327643543482
blue_orange,0.58,0.47681260109,0.460135906935,0.29159706831,0.432296514511,0.365916460753,0.326705634594
blue_orange,0.5825,0.478461027145,0.460533112287,0.290523290634,0.43329167366,0.366656780243,0.325767606497
blue_orange,0.585,0.480111837387,0.460929900408,0.289450824261,0.434291481972,0.367398053408,0.324829488993
blue_orange,0.5875,0.481765329838,0.461326390505,0.288379609585,0.435296148062,0.368140608072,0.32389113307
blue_orange,0.59,0.483421415091,0.461722493172,0.287309587002,0.43630567193,0.368884295225,0.322952628136
blue_orange,0.5925,0.485080271959,0.462118208408,0.286240637302,0.437320142984,0.369629174471,0.322013825178
blue_orange,0.595,0.486741989851,0.462513506412,0.285172879696,0.43833976984,0.3703751266,0.321074724197
blue_orange,0.5975,0.488406509161,0.462908536196,0.284106105566,0.439364403486,0.37112224102,0.320135295391
blue_orange,0.6,0.490073949099,0.463303178549,0.283040463924,0.440394341946,0.371870458126,0.319195479155
blue_orange,0.6025,0.491744428873,0.463697403669,0.281975656748,0.441429585218,0.372619837522,0.318255186081
blue_orange,0.605,0.49341788888,0.464091271162,0.280911773443,0.442470192909,0.373370468616,0.317314475775
blue_orange,0.6075,0.495094537735,0.464484840631,0.279848814011,0.443516343832,0.374122142792,0.316373229027
blue_orange,0.61,0.496774345636,0.464877933264,0.278786599636,0.444568097591,0.37487500906,0.315431326628
blue_orange,0.6125,0.498457431793,0.46527081728,0.277725219727,0.445625513792,0.375629037619,0.314488828182
blue_orange,0.615,0.500143885613,0.465663164854,0.276664614677,0.446688771248,0.376384198666,0.313545674086
blue_orange,0.6175,0.501833736897,0.466055333614,0.275604605675,0.447757869959,0.377140492201,0.312601804733
blue_orange,0.62,0.50352704525,0.466446995735,0.274545282126,0.448832988739,0.377897918224,0.311657160521
blue_orange,0.6225,0.505223929882,0.466838359833,0.273486435413,0.449914127588,0.378656536341,0.310711681843
blue_orange,0.625,0.506924390793,0.467229366303,0.272428274155,0.451001495123,0.379416406155,0.3097653687
blue_orange,0.6275,0.508628606796,0.46761995554,0.271370500326,0.452095150948,0.380177408457,0.308818161488
blue_orange,0.63,0.510336577892,0.468010246754,0.27031314373,0.453195214272,0.380939543247,0.307869940996
blue_orange,0.6325,0.512048363686,0.468400210142,0.269256204367,0.454301774502,0.381702870131,0.306920737028
blue_orange,0.635,0.513764083385,0.468789756298,0.268199592829,0.455414950848,0.382467389107,0.305970489979
blue_orange,0.6375,0.515483856201,0.469179004431,0.267143279314,0.456534892321,0.383233100176,0.305019140244
blue_orange,0.64,0.517207682133,0.469567805529,0.266087204218,0.457661598921,0.384000003338,0.304066568613
blue_orange,0.6425,0.518935680389,0.469956338406,0.265031337738,0.458795309067,0.384768158197,0.303112864494
blue_orange,0.645,0.520667850971,0.470344513655,0.263975590468,0.459936082363,0.385537445545,0.302157878876
blue_orange,0.6475,0.522404372692,0.470732301474,0.262919902802,0.461084008217,0.386308044195,0.301201552153
blue_orange,0.65,0.524145364761,0.471119642258,0.261864304542,0.46223923564,0.387079805136,0.300243854523
blue_orange,0.6525,0.52589070797,0.471506744623,0.260808616877,0.463401913643,0.387852787972,0.299284756184
blue_orange,0.655,0.527640759945,0.471893459558,0.259752959013,0.464572131634,0.388627082109,0.298324137926
blue_orange,0.6575,0.529395401478,0.472279876471,0.258697122335,0.465750068426,0.389402598143,0.29736199975
blue_orange,0.66,0.531154811382,0.472665756941,0.257641077042,0.466935813427,0.390179306269,0.296398311853
blue_orange,0.6625,0.532918989658,0.473051458597,0.256584823132,0.468129456043,0.390957355499,0.295432955027
blue_orange,0.665,0.534688234329,0.473436713219,0.255528330803,0.469331145287,0.391736626625,0.29446592927
blue_orange,0.6675,0.536462366581,0.473821610212,0.254471480846,0.470541089773,0.392517209053,0.293497115374
blue_orange,0.67,0.538241624832,0.474206238985,0.253414213657,0.47175937891,0.393299102783,0.292526483536
blue_orange,0.6725,0.540026068687,0.474590390921,0.252356559038,0.472986161709,0.394082218409,0.291554033756
blue_orange,0.675,0.541815817356,0.474974215031,0.251298367977,0.474221527576,0.394866734743,0.290579646826
blue_orange,0.6775,0.543610990048,0.47535765171,0.250239640474,0.475465714932,0.39565256238,0.289603292942
blue_orange,0.68,0.545411646366,0.475740790367,0.249180287123,0.476718842983,0.396439731121,0.288624823093
blue_orange,0.6825,0.547217845917,0.476123511791,0.248120203614,0.477981030941,0.397228240967,0.28764423728
blue_orange,0.685,0.549029767513,0.476505845785,0.247059464455,0.479252487421,0.398018091917,0.286661535501
blue_orange,0.6875,0.550847411156,0.476887881756,0.245997861028,0.480533272028,0.398809283972,0.285676568747
blue_orange,0.69,0.552671134472,0.477269530296,0.244935497642,0.481823652983,0.399601995945,0.28468927741
blue_orange,0.6925,0.554500699043,0.477650821209,0.243872180581,0.483123749495,0.400395989418,0.283699661493
blue_orange,0.695,0.556336343288,0.478031665087,0.242807880044,0.484433740377,0.401191473007,0.282707571983
blue_orange,0.6975,0.558178305626,0.478412240744,0.241742506623,0.485753804445,0.401988357305,0.281712979078
blue_orange,0.7,0.560026526451,0.478792399168,0.240676105022,0.487084060907,0.402786672115,0.280715852976
blue_orange,0.7025,0.561881244183,0.47917214036,0.239608481526,0.488424807787,0.403586506844,0.279716044664
blue_orange,0.705,0.56374257803,0.479551553726,0.238539576531,0.489776134491,0.404387801886,0.278713554144
blue_orange,0.7075,0.565610527992,0.479930579662,0.237469449639,0.491138249636,0.405190497637,0.277708232403
blue_orange,0.71,0.567485272884,0.480309188366,0.236397922039,0.492511302233,0.405994743109,0.276700079441
blue_orange,0.7125,0.56936699152,0.480687409639,0.235325023532,0.493895590305,0.406800568104,0.275688976049
blue_orange,0.715,0.571255743504,0.481065243483,0.234250605106,0.495291233063,0.407607853413,0.274674892425
blue_orange,0.7175,0.573151707649,0.481442719698,0.233174592257,0.496698439121,0.408416837454,0.273657619953
blue_orange,0.72,0.575054943562,0.481819868088,0.232096895576,0.498117506504,0.409227311611,0.272637218237
blue_orange,0.7225,0.576965630054,0.48219653964,0.231017485261,0.499548554421,0.410039335489,0.271613568068
blue_orange,0.725,0.578884065151,0.482572793961,0.229936301708,0.500991821289,0.410853087902,0.270586580038
blue_orange,0.7275,0.580810010433,0.48294866085,0.22885325551,0.502447485924,0.411668419838,0.269556134939
blue_orange,0.73,0.582743883133,0.483324170113,0.227768272162,0.503915905953,0.412485420704,0.268522232771
blue_orange,0.7325,0.584685742855,0.483699262142,0.226681247354,0.505397200584,0.413304120302,0.267484694719
blue_orange,0.735,0.586635768413,0.484073936939,0.22559209168,0.506891727447,0.414124548435,0.266443431377
blue_orange,0.7375,0.588594079018,0.484448075295,0.224500790238,0.508399605751,0.414946585894,0.265398442745
blue_orange,0.74,0.590560913086,0.484821945429,0.223407238722,0.509921133518,0.415770441294,0.264349520206
blue_orange,0.7425,0.592536330223,0.485195368528,0.222311258316,0.511456608772,0.416596055031,0.263296633959
blue_orange,0.745,0.594520568848,0.485568374395,0.221212849021,0.513006210327,0.417423427105,0.262239664793
blue_orange,0.7475,0.59651362896,0.485940933227,0.220111936331,0.51457041502,0.418252646923,0.261178553104
blue_orange,0.75,0.598515987396,0.486313015222,0.219008356333,0.516149222851,0.41908377409,0.260113090277
blue_orange,0.7525,0.600527465343,0.486684679985,0.217902109027,0.517743110657,0.419916659594,0.259043216705
blue_orange,0.755,0.602548539638,0.487055927515,0.216793015599,0.519352316856,0.420751541853,0.257968902588
blue_orange,0.7575,0.604579210281,0.487426698208,0.215680971742,0.520977199078,0.421588242054,0.256889939308
blue_orange,0.76,0.606619715691,0.487797021866,0.214565962553,0.522617995739,0.422426909208,0.255806237459
blue_orange,0.7625,0.608670353889,0.488166928291,0.213447839022,0.524275004864,0.423267632723,0.254717677832
blue_orange,0.765,0.610731005669,0.488536268473,0.212326511741,0.525948643684,0.424110293388,0.253624111414
blue_orange,0.7675,0.61280220747,0.488905251026,0.211201861501,0.527639269829,0.424955010414,0.252525478601
blue_orange,0.77,0.614884018898,0.489273607731,0.210073783994,0.529347121716,0.425801753998,0.25142160058
blue_orange,0.7725,0.616976618767,0.489641577005,0.20894216001,0.531072556972,0.426650613546,0.250312358141
blue_orange,0.775,0.619080305099,0.49000903964,0.207806840539,0.532816112042,0.427501559257,0.249197617173
blue_orange,0.7775,0.62119525671,0.490375995636,0.206667765975,0.534577965736,0.428354680538,0.248077258468
blue_orange,0.78,0.623321771622,0.490742474794,0.205524787307,0.536358594894,0.429209977388,0.246951073408
blue_orange,0.7825,0.625459969044,0.491108417511,0.204377770424,0.538158476353,0.430067569017,0.245818957686
blue_orange,0.785,0.627610206604,0.491473793983,0.203226625919,0.539977908134,0.430927366018,0.244680762291
blue_orange,0.7875,0.629772603512,0.491838693619,0.202071130276,0.541817307472,0.431789427996,0.243536353111
blue_orange,0.79,0.63194745779,0.492203056812,0.200911298394,0.543677210808,0.432653814554,0.242385461927
blue_orange,0.7925,0.634135127068,0.492566794157,0.199746891856,0.545557975769,0.433520644903,0.24122799933
blue_orange,0.795,0.636335730553,0.492930024862,0.198577746749,0.547460198402,0.434389829636,0.24006383121
blue_orange,0.7975,0.638549685478,0.493292689323,0.197403803468,0.549384236336,0.435261458158,0.238892689347
blue_orange,0.8,0.640777170658,0.493654757738,0.196224808693,0.551330626011,0.436135590076,0.237714394927
blue_orange,0.8025,0.64301854372,0.494016200304,0.195040658116,0.55329990387,0.437012165785,0.236528873444
blue_orange,0.805,0.645274162293,0.494377046823,0.193851187825,0.555292606354,0.4378913939,0.235335737467
blue_orange,0.8075,0.647544145584,0.494737327099,0.192656219006,0.557309269905,0.438773185015,0.234134972095
blue_orange,0.81,0.649829030037,0.495096981525,0.191455587745,0.559350371361,0.439657598734,0.232926204801
blue_orange,0.8125,0.652128994465,0.495455861092,0.19024913013,0.561416685581,0.440544694662,0.231709301472
blue_orange,0.815,0.654444515705,0.495814204216,0.189036622643,0.563508689403,0.441434502602,0.23048402369
blue_orange,0.8175,0.656775891781,0.496171802282,0.187817931175,0.565626978874,0.442327171564,0.229250133038
blue_orange,0.82,0.65912348032,0.496528744698,0.186592787504,0.567772388458,0.443222641945,0.228007331491
blue_orange,0.8225,0.661487579346,0.496885061264,0.185360953212,0.569945394993,0.444120943546,0.226755455136
blue_orange,0.825,0.663868784904,0.497240543365,0.184122398496,0.572146773338,0.44502222538,0.225494176149
blue_orange,0.8275,0.66626727581,0.497595310211,0.182876750827,0.57437735796,0.445926487446,0.224223226309
blue_orange,0.83,0.668683588505,0.497949331999,0.181623786688,0.576637744904,0.446833789349,0.222942337394
blue_orange,0.8325,0.67111825943,0.498302578926,0.180363297462,0.57892870903,0.447744131088,0.221651181579
blue_orange,0.835,0.673571646213,0.498655050993,0.179095044732,0.581251204014,0.448657542467,0.220349445939
blue_orange,0.8375,0.676044106483,0.49900662899,0.177818775177,0.583606004715,0.449574232101,0.219036817551
blue_orange,0.84,0.678536295891,0.499357402325,0.176534205675,0.585993945599,0.450494199991,0.217712983489
blue_orange,0.8425,0.681048631668,0.499707370996,0.175241038203,0.588415980339,0.45141735673,0.216377556324
blue_orange,0.845,0.683581829071,0.500056326389,0.17393900454,0.590873122215,0.452343970537,0.215030133724
blue_orange,0.8475,0.686136126518,0.500404417515,0.172627806663,0.593366265297,0.453273922205,0.213670402765
blue_orange,0.85,0.68871229887,0.500751554966,0.171307176352,0.595896422863,0.454207360745,0.212297901511
blue_orange,0.8525,0.691310882568,0.501097679138,0.169976681471,0.598464846611,0.45514446497,0.210912272334
blue_orange,0.855,0.693932592869,0.501442909241,0.168636053801,0.601072430611,0.456085056067,0.209513008595
blue_orange,0.8575,0.696577847004,0.501787006855,0.167284891009,0.603720426559,0.457029372454,0.208099633455
blue_orange,0.86,0.699247598648,0.502130031586,0.165922805667,0.60641014576,0.457977384329,0.206671774387
blue_orange,0.8625,0.701942324638,0.502472043037,0.164549514651,0.609142839909,0.458929270506,0.205228760839
blue_orange,0.865,0.704662919044,0.502812802792,0.163164436817,0.611919820309,0.45988497138,0.203770115972
blue_orange,0.8675,0.707410037517,0.503152370453,0.16176725924,0.614742457867,0.460844606161,0.202295333147
blue_orange,0.87,0.710184574127,0.503490805626,0.160357490182,0.617612242699,0.461808234453,0.200803771615
blue_orange,0.8725,0.712987303734,0.503827869892,0.158934637904,0.620530843735,0.46277603507,0.199294731021
blue_orange,0.875,0.715819239616,0.504163622856,0.157498240471,0.623499691486,0.46374797821,0.197767645121
blue_orange,0.8775,0.718681097031,0.504497945309,0.156047642231,0.626520633697,0.464724093676,0.196221739054
blue_orange,0.88,0.721574127674,0.504830896854,0.154582425952,0.629595458507,0.465704619885,0.194656357169
blue_orange,0.8825,0.724499106407,0.505162417889,0.153101921082,0.632725894451,0.466689527035,0.193070665002
blue_orange,0.885,0.727457284927,0.505492269993,0.15160548687,0.6359141469,0.467678815126,0.191463783383
blue_orange,0.8875,0.730449616909,0.505820572376,0.150092542172,0.639162123203,0.468672633171,0.189834803343
blue_orange,0.89,0.733477592468,0.506147146225,0.148562207818,0.642472147942,0.469671189785,0.188182920217
blue_orange,0.8925,0.736542284489,0.506471991539,0.147013887763,0.645846545696,0.470674335957,0.186507046223
blue_orange,0.895,0.739645004273,0.506795048714,0.145446777344,0.649287819862,0.471682310104,0.184806019068
blue_orange,0.8975,0.742787361145,0.507116019726,0.143859997392,0.652798473835,0.472695142031,0.183078825474
blue_orange,0.9,0.745970785618,0.507435083389,0.142252579331,0.656381547451,0.47371289134,0.181324213743
blue_orange,0.9025,0.749196708202,0.507752001286,0.140623614192,0.660039782524,0.47473564744,0.179540887475
blue_orange,0.905,0.752467155457,0.50806671381,0.138972073793,0.663776218891,0.475763469935,0.177727341652
blue_orange,0.9075,0.75578391552,0.508379042149,0.137296766043,0.667594611645,0.476796478033,0.175882145762
blue_orange,0.91,0.759148478508,0.508688926697,0.135596603155,0.671498179436,0.477834671736,0.174003735185
blue_orange,0.9125,0.762563586235,0.508996069431,0.133870258927,0.675490915775,0.478878229857,0.172090247273
blue_orange,0.915,0.766030967236,0.509300708771,0.132116377354,0.679576873779,0.479927033186,0.170139849186
blue_orange,0.9175,0.769553244114,0.509602248669,0.130333349109,0.683760464191,0.48098129034,0.16815045476
blue_orange,0.92,0.773133099079,0.509900867939,0.128519669175,0.688046395779,0.48204100132,0.166119813919
blue_orange,0.9225,0.776773035526,0.51019603014,0.126673489809,0.692439734936,0.483106166124,0.164045527577
blue_orange,0.925,0.780476331711,0.510487854481,0.124792940915,0.696946024895,0.484176814556,0.161924928427
blue_orange,0.9275,0.784246087074,0.510775983334,0.122875928879,0.70157122612,0.485253065825,0.159755125642
blue_orange,0.93,0.788085818291,0.511060118675,0.120920047164,0.706321656704,0.486334741116,0.157532900572
blue_orange,0.9325,0.791999340057,0.511340081692,0.118922904134,0.711204409599,0.487421959639,0.155254811049
blue_orange,0.935,0.795991182327,0.511615514755,0.116881631315,0.716227173805,0.488514631987,0.152916818857
blue_orange,0.9375,0.800065517426,0.511886119842,0.114793203771,0.721398115158,0.48961263895,0.150514781475
blue_orange,0.94,0.804227650166,0.512151420116,0.112654127181,0.726726651192,0.490715891123,0.14804379642
blue_orange,0.9425,0.808483302593,0.512411177158,0.110460564494,0.732222557068,0.491824269295,0.145498588681
blue_orange,0.945,0.812838494778,0.512664794922,0.108208291233,0.737897217274,0.492937445641,0.142873048782
blue_orange,0.9475,0.817300260067,0.51291179657,0.105892404914,0.743762910366,0.494055300951,0.140160441399
blue_orange,0.95,0.82187628746,0.513151586056,0.103507459164,0.749833285809,0.495177209377,0.137352988124
blue_orange,0.9525,0.826575338841,0.513383448124,0.101047188044,0.756123960018,0.496302962303,0.134441927075
blue_orange,0.955,0.831407189369,0.513606727123,0.0985043942928,0.762652158737,0.497431874275,0.131417185068
blue_orange,0.9575,0.836383283138,0.51382035017,0.0958707928657,0.769437611103,0.498563081026,0.128266870975
blue_orange,0.96,0.841516435146,0.51402336359,0.0931367352605,0.776502668858,0.499695688486,0.124977454543
blue_orange,0.9625,0.846821606159,0.514214515686,0.090290941298,0.783873021603,0.500828504562,0.121532872319
blue_orange,0.965,0.852316021919,0.514392435551,0.0873196497559,0.791578650475,0.501959860325,0.117913790047
blue_orange,0.9675,0.858020424843,0.514555335045,0.084206841886,0.799654066563,0.503087759018,0.114097364247
blue_orange,0.97,0.863959610462,0.514701128006,0.080932430923,0.808140814304,0.504209756851,0.110055454075
blue_orange,0.9725,0.870162665844,0.51482719183,0.0774721801281,0.817087411881,0.505322277546,0.10575337708
blue_orange,0.975,0.876666307449,0.51493036747,0.0737949162722,0.826553702354,0.506420850754,0.101147547364
blue_orange,0.9775,0.883516192436,0.515006482601,0.06986092031,0.836613118648,0.507499456406,0.0961817279458
blue_orange,0.98,0.890770614147,0.515050292015,0.0656175613403,0.847357809544,0.508549928665,0.0907819792628
blue_orange,0.9825,0.898506402969,0.51505446434,0.0609929673374,0.858906924725,0.509560704231,0.084847740829
blue_orange,0.985,0.906827926636,0.515008866787,0.0558850206435,0.871418476105,0.510515093803,0.0782368630171
blue_orange,0.9875,0.915884315968,0.514898836613,0.0501412898302,0.885110914707,0.511387944222,0.0707383453846
blue_orange,0.99,0.925900518894,0.514701247215,0.0435165762901,0.900302648544,0.51213914156,0.0620162375271
blue_orange,0.9925,0.937248408794,0.514376044273,0.0356675162911,0.917494118214,0.512699186802,0.05148069188
blue_orange,0.995,0.95063072443,0.513843536377,0.0267985053361,0.937568485737,0.512932658196,0.0379247926176
blue_orange,0.9975,0.967769682407,0.512891113758,0.0163155458868,0.962450385094,0.512506246567,0.0212357211858
blue_orange,1.0,1.0,0.509803950787,0.0,1.0,0.509803950787,0.0
yellow_purple,0.0,1.0,0.86274510622,0.0,1.0,0.86274510622,0.0
yellow_purple,0.0025,0.989806950092,0.858604192734,0.0159884430468,0.989584028721,0.857510566711,0.0315985120833
yellow_purple,0.005,0.983323156834,0.854392945766,0.0299920849502,0.980632305145,0.852785587311,0.0580234602094
yellow_purple,0.0075,0.978096306324,0.850268781185,0.0429198667407,0.972664177418,0.848417639732,0.0769731029868
yellow_purple,0.01,0.973584592342,0.846248865128,0.0537394285202,0.965420365334,0.844321429729,0.0920194238424
yellow_purple,0.0125,0.969552695751,0.842334091663,0.0628084987402,0.958740830421,0.840442717075,0.104674763978
yellow_purple,0.015,0.96587228775,0.83851993084,0.0706673189998,0.952517807484,0.836744248867,0.115691140294
yellow_purple,0.0175,0.962464034557,0.834801256657,0.0776297822595,0.946674644947,0.833198547363,0.125503510237
yellow_purple,0.02,0.959274590015,0.831172525883,0.0838969871402,0.941154122353,0.829784989357,0.134388580918
yellow_purple,0.0225,0.956266224384,0.82762825489,0.0896067768335,0.935912430286,0.826487421989,0.142534464598
yellow_purple,0.025,0.953410685062,0.824163675308,0.0948579087853,0.930914878845,0.823292613029,0.150075346232
yellow_purple,0.0275,0.950686693192,0.820773780346,0.0997244790196,0.926133394241,0.820190191269,0.157110571861
yellow_purple,0.03,0.948077142239,0.817454457283,0.104262977838,0.921545147896,0.817171037197,0.163715988398
yellow_purple,0.0325,0.945568442345,0.814201772213,0.108518451452,0.917130827904,0.814227879047,0.169951051474
yellow_purple,0.035,0.94314968586,0.811012148857,0.11252643168,0.912874341011,0.811354160309,0.175863131881
yellow_purple,0.0375,0.94081145525,0.807882189751,0.116316623986,0.908761978149,0.808544516563,0.181490689516
yellow_purple,0.04,0.938546001911,0.804808676243,0.119912981987,0.904781758785,0.805794000626,0.186865404248
yellow_purple,0.0425,0.936346769333,0.801789045334,0.123335972428,0.90092343092,0.803098380566,0.19201387465
yellow_purple,0.045,0.934207975864,0.798820376396,0.126603037119,0.897177815437,0.8004540205,0.196958392859
yellow_purple,0.0475,0.932124733925,0.795900523663,0.129728659987,0.893537044525,0.797857582569,0.201718062162
yellow_purple,0.05,0.93009275198,0.793027043343,0.132725656033,0.889993965626,0.795306146145,0.206309214234
yellow_purple,0.0525,0.928108155727,0.790198028088,0.135605156422,0.886542379856,0.792796850204,0.2107462883
yellow_purple,0.055,0.926167845726,0.78741145134,0.138376802206,0.883176505566,0.790327489376,0.215041488409
yellow_purple,0.0575,0.92426854372,0.784665286541,0.141049146652,0.879891335964,0.787895619869,0.219205707312
yellow_purple,0.06,0.922407627106,0.781958222389,0.143629774451,0.876682162285,0.785499513149,0.223248839378
yellow_purple,0.0625,0.920582771301,0.779288470745,0.146125391126,0.873544871807,0.783137321472,0.227179050446
yellow_purple,0.065,0.918791770935,0.776654601097,0.148542001843,0.870475590229,0.780807077885,0.231004312634
yellow_purple,0.0675,0.917032659054,0.774055182934,0.150884911418,0.867470800877,0.778507590294,0.234731465578
yellow_purple,0.07,0.915303587913,0.771488964558,0.153158992529,0.864527344704,0.776237130165,0.238366484642
yellow_purple,0.0725,0.913603067398,0.768954694271,0.155368819833,0.861642301083,0.773994505405,0.241915211081
yellow_purple,0.075,0.911929488182,0.766451060772,0.157518193126,0.8588129282,0.771778583527,0.24538256228
yellow_purple,0.0775,0.910281360149,0.763977229595,0.159610882402,0.856036603451,0.769588172436,0.248773187399
yellow_purple,0.08,0.908657550812,0.761531949043,0.161650002003,0.853311121464,0.767422139645,0.252091258764
yellow_purple,0.0825,0.907056987286,0.75911450386,0.163638949394,0.850634276867,0.765279650688,0.255340754986
yellow_purple,0.085,0.905478417873,0.756723701954,0.165580183268,0.848004102707,0.763159394264,0.258525133133
yellow_purple,0.0875,0.903920888901,0.754358708858,0.167476430535,0.845418691635,0.76106107235,0.261647611856
yellow_purple,0.09,0.902383446693,0.752018809318,0.169330015778,0.842876195908,0.758983314037,0.264711350203
yellow_purple,0.0925,0.900865256786,0.74970304966,0.171143114567,0.840375065803,0.756925702095,0.267718970776
yellow_purple,0.095,0.899365484714,0.747410953045,0.172917857766,0.837913751602,0.754887282848,0.270673215389
yellow_purple,0.0975,0.897883355617,0.7451415658,0.174656078219,0.835490763187,0.752867639065,0.273576378822
yellow_purple,0.1,0.89641803503,0.742894172668,0.176359459758,0.833104729652,0.75086581707,0.276430785656
yellow_purple,0.1025,0.894969046116,0.740668356419,0.178029716015,0.8307543993,0.748881459236,0.279238373041
yellow_purple,0.105,0.893535733223,0.738463222981,0.179668352008,0.828438520432,0.746913790703,0.282001256943
yellow_purple,0.1075,0.892117381096,0.736278295517,0.181276872754,0.82615596056,0.744962513447,0.284721136093
yellow_purple,0.11,0.890713572502,0.734112977982,0.182856470346,0.823905706406,0.743026793003,0.287399739027
yellow_purple,0.1125,0.889323651791,0.731966793537,0.184408500791,0.82168674469,0.741106331348,0.290038794279
yellow_purple,0.115,0.887947142124,0.729839205742,0.185934156179,0.819497942924,0.739200532436,0.292639642954
yellow_purple,0.1175,0.886583685875,0.727729737759,0.187434434891,0.817338466644,0.737309098244,0.295203715563
yellow_purple,0.12,0.885232806206,0.725637733936,0.188910424709,0.815207362175,0.735431432724,0.297732412815
yellow_purple,0.1225,0.883893966675,0.723562896252,0.19036321342,0.813103914261,0.733567297459,0.300226986408
yellow_purple,0.125,0.882566809654,0.721504807472,0.191793590784,0.811027228832,0.731716156006,0.302688628435
yellow_purple,0.1275,0.881250917912,0.719462871552,0.193202540278,0.808976709843,0.729877591133,0.305118411779
yellow_purple,0.13,0.879946112633,0.71743696928,0.19459079206,0.806951522827,0.728051483631,0.307517588139
yellow_purple,0.1325,0.878651738167,0.715426445007,0.195959165692,0.80495095253,0.726237237453,0.309886872768
yellow_purple,0.135,0.877367675304,0.713430941105,0.197308406234,0.8029743433,0.724434614182,0.312227457762
yellow_purple,0.1375,0.876093745232,0.71145015955,0.198639288545,0.801021099091,0.722643315792,0.314540207386
yellow_purple,0.14,0.874829232693,0.709483742714,0.199952408671,0.799090564251,0.720862984657,0.316825807095
yellow_purple,0.1425,0.873574197292,0.707531452179,0.201248377562,0.797182321548,0.719093382359,0.319085389376
yellow_purple,0.145,0.872328221798,0.705592751503,0.20252789557,0.795295596123,0.717334210873,0.321319490671
yellow_purple,0.1475,0.871091067791,0.703667461872,0.203791454434,0.793430030346,0.715585172176,0.323528945446
yellow_purple,0.15,0.869862437248,0.701755225658,0.205039635301,0.791585028172,0.713846087456,0.325714528561
yellow_purple,0.1525,0.868642270565,0.699855744839,0.206272929907,0.789760053158,0.712116539478,0.327876865864
yellow_purple,0.155,0.867430150509,0.697968780994,0.207491934299,0.787954807282,0.710396468639,0.330016583204
yellow_purple,0.1575,0.866225779057,0.696094095707,0.20869705081,0.786168694496,0.708685457707,0.332134276628
yellow_purple,0.16,0.865029096603,0.694231271744,0.209888771176,0.784401297569,0.70698350668,0.334230691194
yellow_purple,0.1625,0.863839924336,0.692380189896,0.211067512631,0.782652258873,0.705290198326,0.336306273937
yellow_purple,0.165,0.86265796423,0.690540611744,0.212233647704,0.78092110157,0.703605353832,0.338361561298
yellow_purple,0.1675,0.861483037472,0.688712120056,0.213387668133,0.779207468033,0.701928853989,0.340397119522
yellow_purple,0.17,0.860315024853,0.686894536018,0.214529916644,0.777511000633,0.700260460377,0.342413514852
yellow_purple,0.1725,0.859153747559,0.685087859631,0.215660735965,0.775831401348,0.698599934578,0.344411075115
yellow_purple,0.175,0.857998907566,0.683291614056,0.216780617833,0.77416819334,0.696947157383,0.346390396357
yellow_purple,0.1775,0.856850504875,0.681505680084,0.217889681458,0.772521078587,0.695301949978,0.348351866007
yellow_purple,0.18,0.855708301067,0.679729819298,0.218988448381,0.770889699459,0.693664014339,0.350295931101
yellow_purple,0.1825,0.854572057724,0.677963852882,0.220077112317,0.769273877144,0.692033350468,0.352223038673
yellow_purple,0.185,0.853441774845,0.676207602024,0.221156075597,0.767673194408,0.690409660339,0.354133576155
yellow_purple,0.1875,0.852317273617,0.674460709095,0.222225487232,0.766087293625,0.688792943954,0.356027841568
yellow_purple,0.19,0.851198256016,0.672723293304,0.223285809159,0.764516115189,0.687182843685,0.357906222343
yellow_purple,0.1925,0.850084781647,0.670994877815,0.224337130785,0.762959182262,0.685579359531,0.359769225121
yellow_purple,0.195,0.8489767313,0.669275522232,0.225379854441,0.761416316032,0.683982253075,0.361617028713
yellow_purple,0.1975,0.847873806953,0.667564868927,0.22641415894,0.759887218475,0.68239146471,0.363450050354
yellow_purple,0.2,0.846776068211,0.665862798691,0.227440342307,0.758371651173,0.680806875229,0.365268558264
yellow_purple,0.2025,0.845683276653,0.664169251919,0.228458583355,0.75686943531,0.679228246212,0.367072969675
yellow_purple,0.205,0.844595372677,0.662484049797,0.229469150305,0.755380213261,0.677655398846,0.368863373995
yellow_purple,0.2075,0.843512237072,0.660806894302,0.230472132564,0.75390380621,0.676088392735,0.370640277862
yellow_purple,0.21,0.842433691025,0.659137785435,0.23146802187,0.752440035343,0.674526929855,0.372403860092
yellow_purple,0.2125,0.841359674931,0.657476484776,0.23245677352,0.750988662243,0.672971069813,0.374154388905
yellow_purple,0.215,0.840290129185,0.655822813511,0.233438700438,0.74954944849,0.671420514584,0.375892162323
yellow_purple,0.2175,0.839224874973,0.654176831245,0.234413906932,0.748122215271,0.669875264168,0.377617418766
yellow_purple,0.22,0.838164031506,0.652538180351,0.235382691026,0.746706783772,0.668335139751,0.379330396652
yellow_purple,0.2225,0.837107121944,0.650906801224,0.236345157027,0.745302975178,0.666800141335,0.381031244993
yellow_purple,0.225,0.836054444313,0.649282693863,0.23730148375,0.743910491467,0.665269911289,0.382720410824
yellow_purple,0.2275,0.835005760193,0.647665500641,0.238251909614,0.742529213428,0.663744628429,0.384397983551
yellow_purple,0.23,0.833960771561,0.646055221558,0.239196509123,0.741159021854,0.662224173546,0.386064171791
yellow_purple,0.2325,0.832919716835,0.644451737404,0.2401355654,0.739799678326,0.660708248615,0.387719154358
yellow_purple,0.235,0.831882417202,0.64285504818,0.241069048643,0.738451123238,0.659196853638,0.389363229275
yellow_purple,0.2375,0.830848634243,0.641264796257,0.241997271776,0.737112939358,0.657689869404,0.390996575355
yellow_purple,0.24,0.829818487167,0.639680981636,0.242920324206,0.7357853055,0.656187295914,0.392619341612
yellow_purple,0.2425,0.828791856766,0.638103425503,0.243838310242,0.734467864037,0.654688894749,0.394231766462
yellow_purple,0.245,0.827768683433,0.636532247067,0.2447514534,0.733160436153,0.653194725513,0.395834028721
yellow_purple,0.2475,0.826748669148,0.634967029095,0.245659843087,0.731862962246,0.651704668999,0.397426247597
yellow_purple,0.25,0.825732111931,0.633407890797,0.246563568711,0.7305752635,0.650218546391,0.399008631706
yellow_purple,0.2525,0.82471871376,0.631854534149,0.247462883592,0.729297161102,0.648736357689,0.400581389666
yellow_purple,0.255,0.823708474636,0.630307197571,0.248357772827,0.728028655052,0.647257983685,0.40214458108
yellow_purple,0.2575,0.822701215744,0.628765463829,0.249248415232,0.726769387722,0.645783364773,0.403698474169
yellow_purple,0.26,0.821697056293,0.627229392528,0.250134974718,0.725519478321,0.644312441349,0.405243188143
yellow_purple,0.2625,0.820695698261,0.625698804855,0.251017481089,0.724278688431,0.642845034599,0.406778872013
yellow_purple,0.265,0.819697439671,0.6241735816,0.25189614296,0.723046839237,0.641381084919,0.408305644989
yellow_purple,0.2675,0.818701863289,0.622653722763,0.252771019936,0.721823811531,0.639920711517,0.409823745489
yellow_purple,0.27,0.817709207535,0.621139168739,0.253642231226,0.720609605312,0.638463675976,0.411333173513
yellow_purple,0.2725,0.816718995571,0.619629740715,0.254509806633,0.719404041767,0.63700991869,0.412834167481
yellow_purple,0.275,0.81573164463,0.618125379086,0.255373924971,0.718206942082,0.635559380054,0.4143268466
yellow_purple,0.2775,0.814746856689,0.616625964642,0.256234765053,0.717018246651,0.634112000465,0.41581133008
yellow_purple,0.28,0.813764631748,0.615131556988,0.257092267275,0.715837836266,0.632667720318,0.417287677526
yellow_purple,0.2825,0.812784790993,0.613641917706,0.257946610451,0.714665710926,0.631226420402,0.418756127358
yellow_purple,0.285,0.811807572842,0.6121571064,0.258797854185,0.713501632214,0.629788160324,0.420216709375
yellow_purple,0.2875,0.810832619667,0.610676944256,0.259646177292,0.712345540523,0.628352642059,0.421669602394
yellow_purple,0.29,0.809860110283,0.609201312065,0.260491609573,0.711197376251,0.626920044422,0.423114895821
yellow_purple,0.2925,0.808889865875,0.607730209827,0.261334180832,0.710056960583,0.625490307808,0.424552679062
yellow_purple,0.295,0.807921767235,0.606263637543,0.262174010277,0.708924233913,0.624063074589,0.425983130932
yellow_purple,0.2975,0.806955993176,0.604801297188,0.263011306524,0.707799136639,0.622638583183,0.427406311035
yellow_purple,0.3,0.805992364883,0.603343367577,0.26384600997,0.706681549549,0.621216654777,0.428822308779
yellow_purple,0.3025,0.805030763149,0.601889669895,0.264678239822,0.705571353436,0.619797229767,0.430231273174
yellow_purple,0.305,0.804071426392,0.600440084934,0.265508085489,0.704468548298,0.618380367756,0.431633263826
yellow_purple,0.3075,0.803113877773,0.598994672298,0.266335606575,0.703373014927,0.616965830326,0.433028399944
yellow_purple,0.31,0.802158355713,0.597553193569,0.267160922289,0.702284574509,0.615553617477,0.434416800737
yellow_purple,0.3125,0.80120497942,0.596115767956,0.267984032631,0.701203227043,0.614143788815,0.435798466206
yellow_purple,0.315,0.800253272057,0.594682276249,0.268805116415,0.70012897253,0.612736105919,0.437173575163
yellow_purple,0.3175,0.799303650856,0.593252420425,0.269624203444,0.699061572552,0.611330688,0.438542246819
yellow_purple,0.32,0.798355698586,0.591826558113,0.270441323519,0.698001027107,0.609927415848,0.43990445137
yellow_purple,0.3225,0.797409653664,0.590404331684,0.271256566048,0.696947276592,0.608526229858,0.441260367632
yellow_purple,0.325,0.796465277672,0.588985800743,0.272070020437,0.695900201798,0.607127010822,0.442610025406
yellow_purple,0.3275,0.795522630215,0.587570846081,0.272881746292,0.694859743118,0.605729818344,0.443953603506
yellow_purple,0.33,0.794581651688,0.586159348488,0.273691833019,0.69382584095,0.604334533215,0.445291101932
yellow_purple,0.3325,0.793642401695,0.584751307964,0.274500310421,0.692798435688,0.602941095829,0.446622610092
yellow_purple,0.335,0.792704641819,0.583346843719,0.275307297707,0.691777467728,0.601549625397,0.447948217392
yellow_purple,0.3375,0.791768550873,0.58194565773,0.276112765074,0.690762877464,0.600159823894,0.449267953634
yellow_purple,0.34,0.790833950043,0.580547690392,0.276916861534,0.689754486084,0.598771750927,0.450581938028
yellow_purple,0.3425,0.789900839329,0.579153060913,0.277719646692,0.688752353191,0.597385525703,0.451890289783
yellow_purple,0.345,0.788969218731,0.577761650085,0.278521150351,0.687756359577,0.596000790596,0.453192979097
yellow_purple,0.3475,0.788039028645,0.576373398304,0.279321342707,0.686766505241,0.594617605209,0.454490154982
yellow_purple,0.35,0.787110209465,0.574988126755,0.280120551586,0.68578261137,0.593236088753,0.455781906843
yellow_purple,0.3525,0.786182820797,0.573606014252,0.28091853857,0.684804737568,0.591856062412,0.457068175077
yellow_purple,0.355,0.78525686264,0.572226881981,0.281715512276,0.683832764626,0.590477526188,0.458349138498
yellow_purple,0.3575,0.784332096577,0.570850610733,0.282511532307,0.682866573334,0.589100420475,0.45962485671
yellow_purple,0.36,0.783408641815,0.569477200508,0.283306628466,0.681906223297,0.58772456646,0.460895329714
yellow_purple,0.3625,0.782486438751,0.568106770515,0.284100800753,0.680951595306,0.586350142956,0.462160676718
yellow_purple,0.365,0.781565546989,0.566739022732,0.284894227982,0.680002629757,0.584976971149,0.463420957327
yellow_purple,0.3675,0.780645728111,0.565373957157,0.285686939955,0.679059386253,0.583605110645,0.464676201344
yellow_purple,0.37,0.77972728014,0.564011752605,0.286478877068,0.678121626377,0.582234323025,0.465926498175
yellow_purple,0.3725,0.778809845447,0.562651991844,0.287270098925,0.677189409733,0.580864787102,0.467171877623
yellow_purple,0.375,0.777893483639,0.561294972897,0.288060873747,0.676262676716,0.579496383667,0.468412429094
yellow_purple,0.3775,0.776978194714,0.559940516949,0.288851052523,0.675341248512,0.578129053116,0.46964815259
yellow_purple,0.38,0.776064097881,0.558588564396,0.289640724659,0.674425303936,0.576762795448,0.470879167318
yellow_purple,0.3825,0.775150895119,0.557238936424,0.290429979563,0.673514604568,0.575397372246,0.472105503082
yellow_purple,0.385,0.77423876524,0.555891871452,0.291218847036,0.672609269619,0.574033081532,0.473327189684
yellow_purple,0.3875,0.773327708244,0.554547071457,0.292007386684,0.671709060669,0.572669744492,0.474544346333
yellow_purple,0.39,0.772417545319,0.553204715252,0.292795628309,0.670814096928,0.571307182312,0.47575700283
yellow_purple,0.3925,0.771508276463,0.551864564419,0.293583601713,0.669924199581,0.569945514202,0.476965159178
yellow_purple,0.395,0.770599842072,0.550526738167,0.294371455908,0.669039428234,0.568584620953,0.478168904781
yellow_purple,0.3975,0.769692480564,0.549190998077,0.295159161091,0.668159663677,0.567224502563,0.479368269443
yellow_purple,0.4,0.768785834312,0.54785746336,0.295946747065,0.667284965515,0.56586509943,0.480563342571
yellow_purple,0.4025,0.767880141735,0.546526134014,0.296734303236,0.666415095329,0.564506351948,0.481754094362
yellow_purple,0.405,0.766975164413,0.545196652412,0.297521948814,0.665550172329,0.563148319721,0.482940644026
yellow_purple,0.4075,0.766071081162,0.543869376183,0.298309564591,0.664690136909,0.561790883541,0.484123051167
yellow_purple,0.41,0.765167593956,0.542544126511,0.299097359181,0.663834989071,0.560434103012,0.485301285982
yellow_purple,0.4125,0.76426500082,0.541220724583,0.299885183573,0.662984549999,0.559077739716,0.486475467682
yellow_purple,0.415,0.763363182545,0.539899230003,0.300673335791,0.662138819694,0.557721972466,0.487645536661
yellow_purple,0.4175,0.762461900711,0.538579702377,0.301461696625,0.661297857761,0.556366622448,0.488811641932
yellow_purple,0.42,0.761561334133,0.537261903286,0.302250295878,0.660461544991,0.555011749268,0.489973813295
yellow_purple,0.4225,0.76066160202,0.535945892334,0.303039312363,0.659629881382,0.55365717411,0.491132050753
yellow_purple,0.425,0.759762346745,0.534631848335,0.303828716278,0.658802747726,0.552303016186,0.492286413908
yellow_purple,0.4275,0.758863687515,0.533319294453,0.304618507624,0.657980203628,0.550949215889,0.493436932564
yellow_purple,0.43,0.757965683937,0.532008528709,0.305408746004,0.657162189484,0.549595654011,0.494583666325
yellow_purple,0.4325,0.757068216801,0.530699312687,0.306199610233,0.656348645687,0.548242390156,0.495726644993
yellow_purple,0.435,0.756171405315,0.529391825199,0.3069909513,0.655539512634,0.546889364719,0.496865928173
yellow_purple,0.4375,0.755275130272,0.528085827828,0.307782948017,0.65473484993,0.545536458492,0.498001486063
yellow_purple,0.44,0.754379153252,0.526781439781,0.30857565999,0.653934538364,0.544183671474,0.499133437872
yellow_purple,0.4425,0.753483831883,0.525478422642,0.309368997812,0.653138518333,0.542831063271,0.5002617836
yellow_purple,0.445,0.752588927746,0.524176955223,0.310163110495,0.652346789837,0.541478455067,0.501386582851
yellow_purple,0.4475,0.751694500446,0.522876858711,0.310957998037,0.651559412479,0.540126025677,0.502507865429
yellow_purple,0.45,0.750800490379,0.521578133106,0.311753749847,0.650776326656,0.538773477078,0.503625631332
yellow_purple,0.4525,0.749906957149,0.520280778408,0.312550395727,0.649997293949,0.537420988083,0.504739880562
yellow_purple,0.455,0.749013781547,0.518984735012,0.313347995281,0.649222493172,0.536068320274,0.505850791931
yellow_purple,0.4575,0.748121023178,0.517690002918,0.314146518707,0.648451924324,0.534715652466,0.506958305836
yellow_purple,0.46,0.747228562832,0.516396462917,0.314946085215,0.647685348988,0.533362865448,0.50806248188
yellow_purple,0.4625,0.746336519718,0.515104115009,0.315746665001,0.646923005581,0.532009899616,0.50916326046
yellow_purple,0.465,0.745444655418,0.51381289959,0.316548466682,0.646164596081,0.530656695366,0.510260820389
yellow_purple,0.4675,0.744553267956,0.512522995472,0.31735137105,0.645410299301,0.529303371906,0.511355102062
yellow_purple,0.47,0.743662059307,0.511234045029,0.318155407906,0.644659936428,0.527949571609,0.512446165085
yellow_purple,0.4725,0.742771208286,0.509946227074,0.318960756063,0.643913567066,0.526595532894,0.513534069061
yellow_purple,0.475,0.741880595684,0.508659362793,0.319767385721,0.643171131611,0.525241315365,0.514618813992
yellow_purple,0.4775,0.740990102291,0.507373571396,0.320575356483,0.642432570458,0.523886620998,0.515700340271
yellow_purple,0.48,0.740099787712,0.506088733673,0.32138466835,0.641697883606,0.522531449795,0.516778826714
yellow_purple,0.4825,0.739209830761,0.504804730415,0.322195440531,0.640967130661,0.521175920963,0.517854273319
yellow_purple,0.485,0.738320052624,0.503521621227,0.32300773263,0.640240192413,0.519819915295,0.518926620483
yellow_purple,0.4875,0.737430393696,0.502239525318,0.32382145524,0.639517009258,0.518463432789,0.51999604702
yellow_purple,0.49,0.736540913582,0.500958144665,0.324636787176,0.638797640801,0.517106354237,0.52106243372
yellow_purple,0.4925,0.735651493072,0.499677568674,0.325453698635,0.638082027435,0.515748679638,0.522125899792
yellow_purple,0.495,0.734762370586,0.498397707939,0.326272279024,0.637370109558,0.514390468597,0.523186385632
yellow_purple,0.4975,0.733873128891,0.497118622065,0.327092528343,0.636661887169,0.513031542301,0.524244010448
yellow_purple,0.5,0.732984125614,0.495840191841,0.327914565802,0.635957419872,0.511672019958,0.525298774242
yellow_purple,0.5025,0.732095122337,0.494562417269,0.328738361597,0.635256528854,0.510311722755,0.526350736618
yellow_purple,0.505,0.731206178665,0.493285298348,0.329563945532,0.63455927372,0.508950650692,0.527399837971
yellow_purple,0.5075,0.730317234993,0.492008715868,0.330391526222,0.633865714073,0.507588922977,0.528446137905
yellow_purple,0.51,0.72942841053,0.490732759237,0.331220954657,0.633175611496,0.506226241589,0.529489755631
yellow_purple,0.5125,0.728539586067,0.489457279444,0.332052350044,0.632489085197,0.504862785339,0.530530571938
yellow_purple,0.515,0.727650642395,0.488182276487,0.332885861397,0.631806135178,0.50349843502,0.531568706036
yellow_purple,0.5175,0.726761698723,0.486907720566,0.333721369505,0.631126701832,0.502133131027,0.53260409832
yellow_purple,0.52,0.725872814655,0.485633611679,0.334558993578,0.63045078516,0.50076687336,0.533636868
yellow_purple,0.5225,0.724983751774,0.484359890222,0.335398852825,0.629778265953,0.49939969182,0.53466707468
yellow_purple,0.525,0.724094688892,0.483086466789,0.336240887642,0.62910926342,0.498031377792,0.535694599152
yellow_purple,0.5275,0.723205447197,0.481813341379,0.337085187435,0.628443598747,0.496662020683,0.536719560623
yellow_purple,0.53,0.722316205502,0.480540543795,0.337931782007,0.627781391144,0.495291560888,0.537741959095
yellow_purple,0.5325,0.721426844597,0.479268014431,0.338780790567,0.6271225214,0.493919938803,0.538761854172
yellow_purple,0.535,0.720537304878,0.477995663881,0.339632153511,0.626467049122,0.492547243834,0.539779245853
yellow_purple,0.5375,0.71964764595,0.476723521948,0.340486049652,0.625814855099,0.491173237562,0.54079413414
yellow_purple,0.54,0.718757808208,0.475451529026,0.341342419386,0.625165998936,0.489798098803,0.541806519032
yellow_purple,0.5425,0.717867851257,0.474179565907,0.342201352119,0.624520540237,0.488421589136,0.542816460133
yellow_purple,0.545,0.716977596283,0.472907781601,0.343062877655,0.62387830019,0.487043946981,0.543824017048
yellow_purple,0.5475,0.716087222099,0.471635967493,0.343927115202,0.623239278793,0.485664665699,0.544829189777
yellow_purple,0.55,0.715196669102,0.470364272594,0.344794094562,0.622603595257,0.484284162521,0.545831978321
yellow_purple,0.5525,0.714305818081,0.469092458487,0.345663785934,0.621971070766,0.482902228832,0.546832382679
yellow_purple,0.555,0.713414788246,0.467820584774,0.346536368132,0.621341705322,0.481518745422,0.54783052206
yellow_purple,0.5575,0.712523400783,0.466548621655,0.347411751747,0.620715618133,0.480133891106,0.548826336861
yellow_purple,0.56,0.711631715298,0.465276509523,0.3482901752,0.620092570782,0.478747427464,0.549819767475
yellow_purple,0.5625,0.710739850998,0.464004278183,0.349171489477,0.619472801685,0.477359384298,0.550811052322
yellow_purple,0.565,0.709847688675,0.462731808424,0.350055932999,0.618856132031,0.475969731808,0.551800012588
yellow_purple,0.5675,0.708955168724,0.461459130049,0.350943386555,0.618242561817,0.474578440189,0.552786827087
yellow_purple,0.57,0.708062291145,0.460186123848,0.351833999157,0.617632031441,0.473185390234,0.55377137661
yellow_purple,0.5725,0.707169115543,0.458912849426,0.352727919817,0.617024600506,0.471790641546,0.554753780365
yellow_purple,0.575,0.706275522709,0.457639247179,0.35362508893,0.616420269013,0.470394134521,0.555733978748
yellow_purple,0.5775,0.705381691456,0.456365197897,0.354525536299,0.615818977356,0.468995809555,0.556712090969
yellow_purple,0.58,0.704487383366,0.455090731382,0.35542935133,0.615220665932,0.467595636845,0.557688057423
yellow_purple,0.5825,0.703592658043,0.453815877438,0.35633662343,0.614625394344,0.466193556786,0.558661878109
yellow_purple,0.585,0.702697634697,0.452540516853,0.357247442007,0.614033162594,0.464789569378,0.559633672237
yellow_purple,0.5875,0.701802134514,0.451264560223,0.35816180706,0.613443791866,0.46338352561,0.560603380203
yellow_purple,0.59,0.700906217098,0.449988126755,0.359079778194,0.61285752058,0.461975574493,0.561571061611
yellow_purple,0.5925,0.700009822845,0.448711007833,0.360001444817,0.612274110317,0.460565447807,0.562536716461
yellow_purple,0.595,0.699112892151,0.447433233261,0.360926896334,0.611693620682,0.459153205156,0.563500344753
yellow_purple,0.5975,0.698215544224,0.446154773235,0.361856162548,0.611116051674,0.45773896575,0.564462006092
yellow_purple,0.6,0.697317779064,0.444875627756,0.362789273262,0.610541403294,0.456322461367,0.565421700478
yellow_purple,0.6025,0.696419477463,0.443595707417,0.363726347685,0.609969615936,0.454903721809,0.566379487514
yellow_purple,0.605,0.695520699024,0.442314982414,0.364667445421,0.609400689602,0.453482687473,0.567335247993
yellow_purple,0.6075,0.694621324539,0.441033452749,0.365612596273,0.608834683895,0.452059447765,0.568289160728
yellow_purple,0.61,0.693721413612,0.439750999212,0.366561859846,0.608271479607,0.450633734465,0.569241166115
yellow_purple,0.6125,0.692821025848,0.438467651606,0.367515355349,0.607711017132,0.449205607176,0.570191264152
yellow_purple,0.615,0.691920042038,0.437183320522,0.368473142385,0.607153475285,0.447775036097,0.571139574051
yellow_purple,0.6175,0.691018462181,0.43589797616,0.369435280561,0.606598734856,0.446342021227,0.572085976601
yellow_purple,0.62,0.690116345882,0.434611588717,0.370401859283,0.606046676636,0.444906443358,0.573030650616
yellow_purple,0.6225,0.689213633537,0.433324128389,0.371372878551,0.605497479439,0.443468242884,0.573973417282
yellow_purple,0.625,0.688310265541,0.432035505772,0.37234851718,0.604950964451,0.442027390003,0.574914455414
yellow_purple,0.6275,0.687406361103,0.430745691061,0.373328834772,0.604407250881,0.440583884716,0.575853705406
yellow_purple,0.63,0.686501801014,0.429454773665,0.374313741922,0.603866219521,0.439137548208,0.576791167259
yellow_purple,0.6325,0.685596525669,0.428162485361,0.375303506851,0.603327929974,0.437688499689,0.577726960182
yellow_purple,0.635,0.684690594673,0.42686894536,0.376298159361,0.60279238224,0.436236679554,0.578660964966
yellow_purple,0.6375,0.683784067631,0.425573945046,0.377297729254,0.602259457111,0.434781879187,0.579593360424
yellow_purple,0.64,0.682876825333,0.424277573824,0.378302335739,0.601729214191,0.433324128389,0.580524027348
yellow_purple,0.6425,0.681968927383,0.422979742289,0.379312008619,0.601201653481,0.431863427162,0.581453025341
yellow_purple,0.645,0.681060314178,0.421680480242,0.380326896906,0.600676715374,0.430399656296,0.582380354404
yellow_purple,0.6475,0.680150985718,0.420379728079,0.381347119808,0.600154459477,0.428932756185,0.583306074143
yellow_purple,0.65,0.679240882397,0.419077306986,0.382372647524,0.599634766579,0.427462756634,0.584230184555
yellow_purple,0.6525,0.67833006382,0.417773246765,0.383403629065,0.59911775589,0.425989538431,0.585152685642
yellow_purple,0.655,0.677418589592,0.416467428207,0.384440153837,0.598603308201,0.424513101578,0.586073637009
yellow_purple,0.6575,0.676506221294,0.41515994072,0.385482281446,0.598091483116,0.423033237457,0.58699297905
yellow_purple,0.66,0.675593197346,0.41385063529,0.386530160904,0.597582161427,0.421550005674,0.58791077137
yellow_purple,0.6625,0.674679338932,0.412539511919,0.387583822012,0.597075521946,0.420063436031,0.588827073574
yellow_purple,0.665,0.673764705658,0.411226540804,0.38864326477,0.596571326256,0.418573349714,0.589741826057
yellow_purple,0.6675,0.672849237919,0.409911543131,0.389708846808,0.596069693565,0.417079627514,0.590655088425
yellow_purple,0.67,0.671932995319,0.408594638109,0.390780448914,0.595570683479,0.415582418442,0.59156692028
yellow_purple,0.6725,0.671015918255,0.40727558732,0.391858279705,0.595074117184,0.414081484079,0.592477202415
yellow_purple,0.675,0.67009806633,0.405954360962,0.392942339182,0.594580113888,0.412576854229,0.593386054039
yellow_purple,0.6775,0.669179320335,0.404631078243,0.394032806158,0.594088554382,0.411068350077,0.594293415546
yellow_purple,0.68,0.66825979948,0.403305500746,0.39512977004,0.593599498272,0.409556001425,0.595199465752
yellow_purple,0.6825,0.667339324951,0.401977688074,0.396233350039,0.593112945557,0.408039748669,0.596104085445
yellow_purple,0.685,0.666417896748,0.400647491217,0.39734351635,0.592628777027,0.406519532204,0.597007274628
yellow_purple,0.6875,0.665495753288,0.399314850569,0.3984605968,0.592147111893,0.404995203018,0.597909092903
yellow_purple,0.69,0.664572656155,0.39797976613,0.399584561586,0.591667950153,0.403466850519,0.598809599876
yellow_purple,0.6925,0.663648664951,0.396642178297,0.400715589523,0.5911911726,0.401934176683,0.599708735943
yellow_purple,0.695,0.662723779678,0.395301878452,0.401853740215,0.590716898441,0.400397270918,0.600606560707
yellow_purple,0.6975,0.661798000336,0.393959015608,0.402999192476,0.590244948864,0.398856073618,0.601503014564
yellow_purple,0.7,0.660871267319,0.392613381147,0.404152005911,0.589775443077,0.39731040597,0.602398276329
yellow_purple,0.7025,0.659943580627,0.391264945269,0.405312299728,0.589308321476,0.395760327578,0.603292226791
yellow_purple,0.705,0.659014940262,0.389913678169,0.406480282545,0.588843643665,0.394205600023,0.604184865952
yellow_purple,0.7075,0.658085346222,0.388559430838,0.407656043768,0.588381290436,0.392646342516,0.605076313019
yellow_purple,0.71,0.657154858112,0.387202173471,0.408839702606,0.587921321392,0.391082316637,0.605966508388
yellow_purple,0.7125,0.656223297119,0.385841816664,0.410031318665,0.587463676929,0.389513462782,0.606855511665
yellow_purple,0.715,0.655290722847,0.384478271007,0.411231100559,0.587008416653,0.387939751148,0.607743322849
yellow_purple,0.7175,0.65435731411,0.3831115067,0.412439167499,0.586555480957,0.386361122131,0.608629882336
yellow_purple,0.72,0.653422832489,0.381741404533,0.413655728102,0.586104869842,0.384777396917,0.609515368938
yellow_purple,0.7225,0.652487337589,0.380367934704,0.414880722761,0.585656702518,0.383188545704,0.610399663448
yellow_purple,0.725,0.651550829411,0.3789909482,0.416114538908,0.585210740566,0.381594598293,0.611282765865
yellow_purple,0.7275,0.650613427162,0.377610445023,0.417357236147,0.584767103195,0.379995256662,0.612164855003
yellow_purple,0.73,0.649674832821,0.376226216555,0.418608874083,0.584325730801,0.378390520811,0.613045752048
yellow_purple,0.7325,0.648735284805,0.374838292599,0.419869780541,0.583886682987,0.376780390739,0.613925635815
yellow_purple,0.735,0.647794723511,0.373446524143,0.421139955521,0.58344990015,0.375164568424,0.614804387093
yellow_purple,0.7375,0.646853029728,0.372050881386,0.422419637442,0.583015441895,0.373543143272,0.615682125092
yellow_purple,0.74,0.645910441875,0.370651096106,0.423708975315,0.582583189011,0.371915906668,0.616558790207
yellow_purple,0.7425,0.64496666193,0.369247287512,0.425008118153,0.582153260708,0.370282828808,0.617434442043
yellow_purple,0.745,0.644021987915,0.367839306593,0.426317363977,0.581725597382,0.368643730879,0.618309080601
yellow_purple,0.7475,0.643076062203,0.366426974535,0.427636831999,0.581300079822,0.366998612881,0.619182765484
yellow_purple,0.75,0.642129182816,0.365010172129,0.428966552019,0.580876886845,0.365347355604,0.620055437088
yellow_purple,0.7525,0.64118117094,0.363588869572,0.430306822062,0.580455839634,0.36368983984,0.620927155018
yellow_purple,0.755,0.640232145786,0.362162947655,0.431657910347,0.5800370574,0.362025797367,0.621797919273
yellow_purple,0.7575,0.639281988144,0.360732287168,0.433019846678,0.579620480537,0.36035528779,0.622667729855
yellow_purple,0.76,0.638330817223,0.359296739101,0.43439295888,0.579206109047,0.358678162098,0.623536705971
yellow_purple,0.7625,0.637378454208,0.357856214046,0.435777336359,0.578793942928,0.356994330883,0.624404728413
yellow_purple,0.765,0.636425018311,0.356410622597,0.437173396349,0.578384041786,0.355303555727,0.625271916389
yellow_purple,0.7675,0.635470628738,0.354959785938,0.438581168652,0.577976226807,0.353605866432,0.626138210297
yellow_purple,0.77,0.634514987469,0.353503555059,0.440000861883,0.577570617199,0.351900994778,0.627003669739
yellow_purple,0.7725,0.633558452129,0.352041840553,0.441432863474,0.577167153358,0.350188970566,0.627868294716
yellow_purple,0.775,0.632600605488,0.35057452321,0.442877173424,0.57676589489,0.348469436169,0.628732144833
yellow_purple,0.7775,0.631641805172,0.349101454019,0.444334298372,0.576366782188,0.346742451191,0.629595160484
yellow_purple,0.78,0.630681872368,0.347622454166,0.445804208517,0.575969815254,0.345007836819,0.630457401276
yellow_purple,0.7825,0.629720747471,0.346137404442,0.447287350893,0.575574994087,0.343265384436,0.631318926811
yellow_purple,0.785,0.628758609295,0.344646066427,0.448783904314,0.575182318687,0.341514974832,0.632179677486
yellow_purple,0.7875,0.62779545784,0.34314852953,0.450294137001,0.57479172945,0.339756578207,0.633039653301
yellow_purple,0.79,0.626831173897,0.341644346714,0.451818287373,0.574403345585,0.337989836931,0.633898973465
yellow_purple,0.7925,0.62586581707,0.340133488178,0.453356713057,0.574017047882,0.336214721203,0.634757637978
yellow_purple,0.795,0.62489938736,0.338615715504,0.454909592867,0.573632836342,0.33443108201,0.635615587234
yellow_purple,0.7975,0.623931825161,0.337090909481,0.456477373838,0.573250770569,0.332638710737,0.636472821236
yellow_purple,0.8,0.622963309288,0.335558921099,0.458060115576,0.572870850563,0.330837398768,0.637329518795
yellow_purple,0.8025,0.621993601322,0.334019482136,0.459658354521,0.572492957115,0.329027056694,0.638185560703
yellow_purple,0.805,0.621022939682,0.332472383976,0.46127229929,0.572117209434,0.327207416296,0.63904094696
yellow_purple,0.8075,0.620051264763,0.33091750741,0.462902337313,0.571743488312,0.325378328562,0.639895796776
yellow_purple,0.81,0.619078636169,0.329354614019,0.464548677206,0.571371912956,0.32353964448,0.640750110149
yellow_purple,0.8125,0.618104815483,0.327783405781,0.466211766005,0.571002304554,0.321691185236,0.641603827477
yellow_purple,0.815,0.617130100727,0.326203733683,0.467891991138,0.570634901524,0.31983268261,0.642457067967
yellow_purple,0.8175,0.616154253483,0.324615299702,0.469589680433,0.570269525051,0.31796386838,0.643309772015
yellow_purple,0.82,0.615177512169,0.323017925024,0.471305191517,0.569906175137,0.316084802151,0.644161999226
yellow_purple,0.8225,0.614199817181,0.321411371231,0.473038882017,0.569544911385,0.314194947481,0.645013689995
yellow_purple,0.825,0.613221168518,0.319795310497,0.474791198969,0.569185674191,0.312294244766,0.645865023136
yellow_purple,0.8275,0.612241625786,0.318169504404,0.476562589407,0.568828523159,0.31038236618,0.64671587944
yellow_purple,0.83,0.611261188984,0.316533654928,0.478353440762,0.568473398685,0.308459222317,0.647566318512
yellow_purple,0.8325,0.610279858112,0.314887464046,0.48016422987,0.568120360374,0.306524425745,0.64841645956
yellow_purple,0.835,0.609297573566,0.313230663538,0.481995344162,0.567769289017,0.304577767849,0.649266123772
yellow_purple,0.8375,0.60831451416,0.311562865972,0.48384732008,0.567420303822,0.30261901021,0.650115430355
yellow_purple,0.84,0.607330620289,0.309883862734,0.485720604658,0.56707328558,0.300647825003,0.650964438915
yellow_purple,0.8425,0.606345951557,0.308193176985,0.487615644932,0.5667283535,0.29866412282,0.651813149452
yellow_purple,0.845,0.605360507965,0.306490451098,0.48953306675,0.566385388374,0.296667218208,0.652661621571
yellow_purple,0.8475,0.604374468327,0.304775387049,0.491473406553,0.566044509411,0.294657289982,0.653509795666
yellow_purple,0.85,0.603387713432,0.303047597408,0.493437200785,0.565705597401,0.292633712292,0.654357671738
yellow_purple,0.8525,0.602400124073,0.301306575537,0.495424926281,0.565368711948,0.290596276522,0.6552054286
yellow_purple,0.855,0.601412117481,0.299552053213,0.497437387705,0.565033853054,0.288544565439,0.65605288744
yellow_purple,0.8575,0.600423514843,0.297783374786,0.499474883079,0.564700961113,0.286478370428,0.656900167465
yellow_purple,0.86,0.599434316158,0.296000272036,0.501538336277,0.56437009573,0.284397304058,0.657747447491
yellow_purple,0.8625,0.59844481945,0.294202119112,0.503628373146,0.5640411973,0.282300800085,0.658594429493
yellow_purple,0.865,0.597454786301,0.292388468981,0.505745530128,0.563714325428,0.2801887393,0.659441351891
yellow_purple,0.8675,0.596464395523,0.290558725596,0.507890760899,0.563389420509,0.278060555458,0.660288214683
yellow_purple,0.87,0.595473766327,0.288712322712,0.510064601898,0.563066482544,0.275916039944,0.661135077477
yellow_purple,0.8725,0.594482839107,0.286848694086,0.512267887592,0.562745630741,0.273754507303,0.66198182106
yellow_purple,0.875,0.593491792679,0.284967243671,0.514501392841,0.562426686287,0.271575599909,0.662828624248
yellow_purple,0.8775,0.592500686646,0.283067286015,0.516766130924,0.562109768391,0.269378870726,0.663675427437
yellow_purple,0.88,0.591509401798,0.281148046255,0.519062757492,0.561794817448,0.267163962126,0.664522230625
yellow_purple,0.8825,0.590518414974,0.279208868742,0.521392345428,0.561481833458,0.264930188656,0.665369153023
yellow_purple,0.885,0.58952742815,0.277249038219,0.523755729198,0.561170816422,0.262677133083,0.666216135025
yellow_purple,0.8875,0.588536739349,0.275267571211,0.526153981686,0.560861825943,0.260404199362,0.667063236237
yellow_purple,0.89,0.587546467781,0.273263692856,0.528588116169,0.560554802418,0.258110851049,0.667910516262
yellow_purple,0.8925,0.586556553841,0.271236538887,0.531059145927,0.560249745846,0.2557964921,0.668757975102
yellow_purple,0.895,0.585567355156,0.269185036421,0.533568263054,0.559946656227,0.253460347652,0.669605672359
yellow_purple,0.8975,0.584578633308,0.267108172178,0.536116659641,0.559645593166,0.251102089882,0.670453608036
yellow_purple,0.9,0.583590865135,0.265004903078,0.538705527782,0.559346437454,0.24872072041,0.671301782131
yellow_purple,0.9025,0.582604050636,0.262874037027,0.541336238384,0.559049248695,0.246315762401,0.672150313854
yellow_purple,0.905,0.58161842823,0.260714322329,0.54400998354,0.558754086494,0.243886202574,0.672999083996
yellow_purple,0.9075,0.580633938312,0.258524388075,0.546728491783,0.558460891247,0.241431340575,0.67384827137
yellow_purple,0.91,0.579650998116,0.256302922964,0.549492955208,0.558169662952,0.238950580359,0.674697875977
yellow_purple,0.9125,0.578669667244,0.254048347473,0.552304983139,0.557880342007,0.236442878842,0.675547897816
yellow_purple,0.915,0.577690184116,0.251759022474,0.55516654253,0.557593047619,0.233907312155,0.676398336887
yellow_purple,0.9175,0.576712667942,0.249433293939,0.558079004288,0.557307720184,0.23134291172,0.677249312401
yellow_purple,0.92,0.575737476349,0.247069180012,0.56104439497,0.557024419308,0.22874866426,0.678100764751
yellow_purple,0.9225,0.574764728546,0.24466471374,0.56406468153,0.55674302578,0.226123452187,0.678952813148
yellow_purple,0.925,0.573794841766,0.242217764258,0.567141830921,0.55646365881,0.223466306925,0.679805517197
yellow_purple,0.9275,0.572827935219,0.23972594738,0.570278167725,0.556186258793,0.220775812864,0.680658757687
yellow_purple,0.93,0.571864366531,0.237186715007,0.573475778103,0.555910825729,0.218050807715,0.681512713432
yellow_purple,0.9325,0.570904552937,0.234597355127,0.57673740387,0.555637419224,0.215289995074,0.682367384434
yellow_purple,0.935,0.569948673248,0.231954827905,0.580065429211,0.555365920067,0.212491706014,0.683222830296
yellow_purple,0.9375,0.568997323513,0.229255899787,0.583462655544,0.555096507072,0.209654644132,0.684079051018
yellow_purple,0.94,0.568050682545,0.226496979594,0.586932003498,0.554829001427,0.20677703619,0.684936106205
yellow_purple,0.9425,0.567109286785,0.223674207926,0.590476691723,0.554563522339,0.203857138753,0.685793995857
yellow_purple,0.945,0.566173672676,0.220783278346,0.594100117683,0.554300069809,0.200893089175,0.686652898788
yellow_purple,0.9475,0.565244376659,0.217819482088,0.597805857658,0.554038584232,0.197882905602,0.687512695789
yellow_purple,0.95,0.564321875572,0.214777618647,0.601597607136,0.553779125214,0.194824323058,0.688373506069
yellow_purple,0.9525,0.56340688467,0.211651831865,0.605479896069,0.553521633148,0.191715240478,0.689235389233
yellow_purple,0.955,0.562499940395,0.208435788751,0.609456837177,0.553266167641,0.18855291605,0.69009834528
yellow_purple,0.9575,0.561602056027,0.20512226224,0.613533377647,0.553012728691,0.185334727168,0.69096249342
yellow_purple,0.96,0.56071382761,0.201703161001,0.617714822292,0.552761375904,0.182057783008,0.691827833653
yellow_purple,0.9625,0.559836149216,0.19816942513,0.622006833553,0.552511930466,0.17871889472,0.692694425583
yellow_purple,0.965,0.558970212936,0.194510862231,0.626415550709,0.55226457119,0.175314351916,0.693562269211
yellow_purple,0.9675,0.558116853237,0.190715745091,0.630947649479,0.552019298077,0.171840816736,0.69443154335
yellow_purple,0.97,0.557277500629,0.186770528555,0.635610699654,0.551776051521,0.168293446302,0.695302188397
yellow_purple,0.9725,0.556453466415,0.182660028338,0.640412509441,0.551534831524,0.164668247104,0.696174323559
yellow_purple,0.975,0.555646240711,0.178366318345,0.645362019539,0.551295757294,0.160959988833,0.697047948837
yellow_purple,0.9775,0.554857492447,0.173868373036,0.650469243527,0.551058650017,0.157163068652,0.697923183441
yellow_purple,0.98,0.554089307785,0.169141665101,0.655745148659,0.550823628902,0.153270989656,0.698800086975
yellow_purple,0.9825,0.553343653679,0.164156720042,0.661201775074,0.550590753555,0.149277284741,0.699678659439
yellow_purple,0.985,0.552623152733,0.158878222108,0.66685295105,0.550359964371,0.145173415542,0.700559020042
yellow_purple,0.9875,0.551930427551,0.153262987733,0.672714173794,0.550131201744,0.140951007605,0.70144122839
yellow_purple,0.99,0.551268935204,0.14725767076,0.678802669048,0.549904644489,0.136599853635,0.702325344086
yellow_purple,0.9925,0.550642251968,0.140794917941,0.685138821602,0.549680173397,0.13210837543,0.703211426735
yellow_purple,0.995,0.550054907799,0.133788317442,0.691745519638,0.549457848072,0.127463281155,0.704099595547
yellow_purple,0.9975,0.549511969089,0.126123934984,0.698649525642,0.54923760891,0.122649013996,0.704989850521
yellow_purple,1.0,0.549019634724,0.117647059262,0.705882370472,0.549019634724,0.117647059262,0.705882370472
blue_white,0.0,0.0784313753247,0.274509817362,1.0,0.0784313753247,0.274509817362,1.0
blue_white,0.0025,0.085393615067,0.278903096914,1.0,0.0764721632004,0.281761944294,1.0
blue_white,0.005,0.0919258594513,0.283203035593,1.0,0.0746660679579,0.288737952709,1.0
blue_white,0.0075,0.0980962216854,0.28741428256,1.0,0.0730164423585,0.295460760593,1.0
blue_white,0.01,0.103956960142,0.291541188955,1.0,0.0715257972479,0.301950514317,1.0
blue_white,0.0125,0.109548784792,0.295587688685,1.0,0.0701960772276,0.308224856853,1.0
blue_white,0.015,0.114904418588,0.299557596445,1.0,0.069028891623,0.314299464226,1.0
blue_white,0.0175,0.120050311089,0.30345416069,1.0,0.0680259615183,0.320188254118,1.0
blue_white,0.02,0.125009149313,0.307280659676,1.0,0.0671868398786,0.325903624296,1.0
blue_white,0.0225,0.129799053073,0.311040014029,1.0,0.0665123313665,0.331456750631,1.0
blue_white,0.025,0.134436070919,0.314735025168,1.0,0.0660003572702,0.336857736111,1.0
blue_white,0.0275,0.138933554292,0.318368345499,1.0,0.065649330616,0.342115730047,1.0
blue_white,0.03,0.143303230405,0.321942329407,1.0,0.06545779109,0.34723880887,1.0
blue_white,0.0325,0.147555112839,0.325459331274,1.0,0.0654214844108,0.352234959602,1.0
blue_white,0.035,0.151698485017,0.328921437263,1.0,0.0655370652676,0.357110738754,1.0
blue_white,0.0375,0.155740693212,0.332330673933,1.0,0.0657994449139,0.361872643232,1.0
blue_white,0.04,0.159688964486,0.335688948631,1.0,0.0662044137716,0.366526454687,1.0
blue_white,0.0425,0.16354958713,0.338998049498,1.0,0.0667457655072,0.371077597141,1.0
blue_white,0.045,0.167328342795,0.342259705067,1.0,0.0674185603857,0.37553101778,1.0
blue_white,0.0475,0.171029299498,0.345475405455,1.0,0.0682154148817,0.379891395569,1.0
blue_white,0.05,0.174658328295,0.348646908998,1.0,0.069130718708,0.384163022041,1.0
blue_white,0.0525,0.178218498826,0.351775377989,1.0,0.0701583400369,0.388349682093,1.0
blue_white,0.055,0.181714400649,0.354862421751,1.0,0.0712904781103,0.392455399036,1.0
blue_white,0.0575,0.185148894787,0.357909291983,1.0,0.072521366179,0.396483331919,1.0
blue_white,0.06,0.188525140285,0.360917061567,1.0,0.073844909668,0.400437027216,1.0
blue_white,0.0625,0.191846370697,0.36388707161,1.0,0.075254432857,0.404319256544,1.0
blue_white,0.065,0.195114955306,0.3668204844,1.0,0.0767433866858,0.408133089542,1.0
blue_white,0.0675,0.198333501816,0.36971822381,1.0,0.0783069431782,0.411881029606,1.0
blue_white,0.07,0.201504349709,0.372581422329,1.0,0.0799389481545,0.415565699339,1.0
blue_white,0.0725,0.204629346728,0.375411063433,1.0,0.0816338285804,0.419189482927,1.0
blue_white,0.075,0.207710638642,0.378207981586,1.0,0.0833866521716,0.422754645348,1.0
blue_white,0.0775,0.210750252008,0.380973160267,1.0,0.0851918384433,0.426263183355,1.0
blue_white,0.08,0.213749483228,0.383707433939,1.0,0.087046533823,0.429717183113,1.0
blue_white,0.0825,0.216710120439,0.386411637068,1.0,0.0889456048608,0.433118551969,1.0
blue_white,0.085,0.21963390708,0.389086574316,1.0,0.0908844694495,0.436469137669,1.0
blue_white,0.0875,0.222522169352,0.391732990742,1.0,0.0928598642349,0.439770579338,1.0
blue_white,0.09,0.225375667214,0.394351541996,1.0,0.0948691368103,0.443024486303,1.0
blue_white,0.0925,0.228196367621,0.396943122149,1.0,0.0969080477953,0.446232318878,1.0
blue_white,0.095,0.230985313654,0.399508208036,1.0,0.0989739447832,0.44939571619,1.0
blue_white,0.0975,0.233743235469,0.402047514916,1.0,0.101063854992,0.452515989542,1.0
blue_white,0.1,0.236471444368,0.404561638832,1.0,0.103175573051,0.455594539642,1.0
blue_white,0.1025,0.239170983434,0.407051295042,1.0,0.105307161808,0.45863249898,1.0
blue_white,0.105,0.24184268713,0.409516990185,1.0,0.107455581427,0.461631119251,1.0
blue_white,0.1075,0.244487553835,0.411959171295,1.0,0.109619066119,0.464591681957,1.0
blue_white,0.11,0.247106313705,0.414378523827,1.0,0.11179600656,0.467515110969,1.0
blue_white,0.1125,0.249699860811,0.416775643825,1.0,0.113984689117,0.470402657986,1.0
blue_white,0.115,0.252269119024,0.419150829315,1.0,0.116183534265,0.473255187273,1.0
blue_white,0.1175,0.254814267158,0.421504586935,1.0,0.118391029537,0.476073771715,1.0
blue_white,0.12,0.257336437702,0.423837512732,1.0,0.120605900884,0.478859245777,1.0
blue_white,0.1225,0.259836375713,0.426149964333,1.0,0.122826740146,0.481612622738,1.0
blue_white,0.125,0.262314528227,0.42844247818,1.0,0.125052750111,0.484334588051,1.0
blue_white,0.1275,0.264771610498,0.430715411901,1.0,0.127282872796,0.487026035786,1.0
blue_white,0.13,0.267207950354,0.432969123125,1.0,0.129516124725,0.489687889814,1.0
blue_white,0.1325,0.26962441206,0.435204148292,1.0,0.131751835346,0.492320775986,1.0
blue_white,0.135,0.272021263838,0.437420755625,1.0,0.133988976479,0.494925498962,1.0
blue_white,0.1375,0.274399399757,0.439619332552,1.0,0.136226639152,0.497502684593,1.0
blue_white,0.14,0.276758909226,0.441800385714,1.0,0.138464733958,0.500052988529,1.0
blue_white,0.1425,0.279100358486,0.443964004517,1.0,0.140702337027,0.502577185631,1.0
blue_white,0.145,0.281424254179,0.446110755205,1.0,0.1429387182,0.50507581234,1.0
blue_white,0.1475,0.283731043339,0.448240876198,1.0,0.145173713565,0.507549524307,1.0
blue_white,0.15,0.286021262407,0.450354754925,1.0,0.147407263517,0.509998977184,1.0
blue_white,0.1525,0.288295060396,0.452452629805,1.0,0.149638295174,0.512424647808,1.0
blue_white,0.155,0.290553152561,0.454534828663,1.0,0.151865795255,0.514826893807,1.0
blue_white,0.1575,0.292795628309,0.45660173893,1.0,0.154091060162,0.517206668854,1.0
blue_white,0.16,0.295022785664,0.458653450012,1.0,0.156312867999,0.519564092159,1.0
blue_white,0.1625,0.297235310078,0.460690408945,1.0,0.158530682325,0.521899878979,1.0
blue_white,0.165,0.299433290958,0.462712854147,1.0,0.160745039582,0.524214506149,1.0
blue_white,0.1675,0.301617085934,0.464720934629,1.0,0.162955388427,0.526508390903,1.0
blue_white,0.17,0.303787022829,0.466715157032,1.0,0.165161207318,0.528781950474,1.0
blue_white,0.1725,0.305943548679,0.468695551157,1.0,0.167362272739,0.531035423279,1.0
blue_white,0.175,0.308086663485,0.47066244483,1.0,0.169558748603,0.533269703388,1.0
blue_white,0.1775,0.31021681428,0.472616076469,1.0,0.171750888228,0.535484850407,1.0
blue_white,0.18,0.312334418297,0.474556684494,1.0,0.173937737942,0.537681400776,1.0
blue_white,0.1825,0.314439445734,0.476484417915,1.0,0.176119193435,0.539859652519,1.0
blue_white,0.185,0.316532611847,0.478399693966,1.0,0.178296014667,0.542019963264,1.0
blue_white,0.1875,0.318613678217,0.480302482843,1.0,0.180467486382,0.544162750244,1.0
blue_white,0.19,0.32068297267,0.482193142176,1.0,0.182633474469,0.546288371086,1.0
blue_white,0.1925,0.322740972042,0.484071940184,1.0,0.184794157743,0.548397123814,1.0
blue_white,0.195,0.324787706137,0.48593890667,1.0,0.186949729919,0.550489366055,1.0
blue_white,0.1975,0.326823443174,0.487794309855,1.0,0.189099609852,0.552565455437,1.0
blue_white,0.2,0.328848451376,0.489638447762,1.0,0.19124391675,0.554625570774,1.0
blue_white,0.2025,0.330862998962,0.491471290588,1.0,0.193382844329,0.556670188904,1.0
blue_white,0.205,0.332867085934,0.493293225765,1.0,0.195515856147,0.558699548244,1.0
blue_white,0.2075,0.33486109972,0.495104253292,1.0,0.197643533349,0.56071382761,1.0
blue_white,0.21,0.336845248938,0.496904760599,1.0,0.199765786529,0.562713384628,1.0
blue_white,0.2125,0.338819742203,0.498694807291,1.0,0.201882362366,0.564698576927,1.0
blue_white,0.215,0.340784221888,0.500474452972,1.0,0.203993394971,0.566669523716,1.0
blue_white,0.2175,0.342739522457,0.502243995667,1.0,0.206098467112,0.568626463413,1.0
blue_white,0.22,0.344685852528,0.50400364399,1.0,0.208198308945,0.570569872856,1.0
blue_white,0.2225,0.346622824669,0.505753397942,1.0,0.21029253304,0.572499752045,1.0
blue_white,0.225,0.348550885916,0.507493436337,1.0,0.212381318212,0.574416458607,1.0
blue_white,0.2275,0.350470364094,0.509224116802,1.0,0.214464426041,0.576320230961,1.0
blue_white,0.23,0.352381229401,0.510945320129,1.0,0.216542422771,0.578211247921,1.0
blue_white,0.2325,0.354283630848,0.512657284737,1.0,0.21861474216,0.580089747906,1.0
blue_white,0.235,0.356177777052,0.514360189438,1.0,0.220681607723,0.581955969334,1.0
blue_white,0.2375,0.358063817024,0.516054213047,1.0,0.222743004561,0.583810031414,1.0
blue_white,0.24,0.359941929579,0.517739415169,1.0,0.224799364805,0.58565223217,1.0
blue_white,0.2425,0.361812055111,0.519415915012,1.0,0.226850420237,0.58748281002,1.0
blue_white,0.245,0.363674610853,0.521083831787,1.0,0.228895917535,0.589301884174,1.0
blue_white,0.2475,0.36552965641,0.522743463516,1.0,0.230936646462,0.591109514237,1.0
blue_white,0.25,0.367377221584,0.52439469099,1.0,0.232971698046,0.592906117439,1.0
blue_white,0.2525,0.369217485189,0.526037752628,1.0,0.235001936555,0.594691812992,1.0
blue_white,0.255,0.371050268412,0.527672767639,1.0,0.237027063966,0.596466779709,1.0
blue_white,0.2575,0.372876346111,0.529299914837,1.0,0.239046990871,0.598231136799,1.0
blue_white,0.26,0.374695390463,0.530919253826,1.0,0.241062030196,0.599985003471,1.0
blue_white,0.2625,0.376507669687,0.532530844212,1.0,0.243072122335,0.601728737354,1.0
blue_white,0.265,0.37831312418,0.534134864807,1.0,0.245077475905,0.603462338448,1.0
blue_white,0.2675,0.380112051964,0.535731375217,1.0,0.247077956796,0.605186104774,1.0
blue_white,0.27,0.381904512644,0.537320554256,1.0,0.249073594809,0.606900036335,1.0
blue_white,0.2725,0.383690416813,0.538902521133,1.0,0.251064509153,0.608604252338,1.0
blue_white,0.275,0.385470300913,0.540477216244,1.0,0.253050982952,0.610299110413,1.0
blue_white,0.2775,0.387243926525,0.542044937611,1.0,0.255032449961,0.611984610558,1.0
blue_white,0.28,0.389011532068,0.543605625629,1.0,0.257009655237,0.613660931587,1.0
blue_white,0.2825,0.390773057938,0.545159518719,1.0,0.258982241154,0.61532831192,1.0
blue_white,0.285,0.392528742552,0.546706616878,1.0,0.260950565338,0.616986572743,1.0
blue_white,0.2875,0.394278854132,0.548247158527,1.0,0.262914419174,0.618636250496,1.0
blue_white,0.29,0.396023094654,0.549780964851,1.0,0.26487377286,0.620277285576,1.0
blue_white,0.2925,0.397761762142,0.551308393478,1.0,0.266829013825,0.621909677982,1.0
blue_white,0.295,0.399494916201,0.552829444408,1.0,0.268779814243,0.623533844948,1.0
blue_white,0.2975,0.40122282505,0.554344117641,1.0,0.27072674036,0.625149607658,1.0
blue_white,0.3,0.40294522047,0.555852591991,1.0,0.272669553757,0.626757323742,1.0
blue_white,0.3025,0.404662579298,0.557354986668,1.0,0.274608254433,0.628356993198,1.0
blue_white,0.305,0.406374722719,0.55885130167,1.0,0.276542931795,0.629948735237,1.0
blue_white,0.3075,0.408081740141,0.560341775417,1.0,0.278473705053,0.631532669067,1.0
blue_white,0.31,0.409783959389,0.5618262887,1.0,0.280400574207,0.633109033108,1.0
blue_white,0.3125,0.411481082439,0.563304960728,1.0,0.282323479652,0.634677708149,1.0
blue_white,0.315,0.413173466921,0.564778029919,1.0,0.284242928028,0.636238992214,1.0
blue_white,0.3175,0.414861232042,0.566245436668,1.0,0.286158263683,0.637792944908,1.0
blue_white,0.32,0.416544228792,0.567707121372,1.0,0.288070380688,0.639339506626,1.0
blue_white,0.3225,0.418222695589,0.569163441658,1.0,0.289978653192,0.640879094601,1.0
blue_white,0.325,0.419896632433,0.570614516735,1.0,0.291883319616,0.642411530018,1.0
blue_white,0.3275,0.421566158533,0.572060108185,1.0,0.293784707785,0.643937051296,1.0
blue_white,0.33,0.423231244087,0.573500454426,1.0,0.295682609081,0.64545571804,1.0
blue_white,0.3325,0.424892246723,0.574935674667,1.0,0.297577112913,0.64696764946,1.0
blue_white,0.335,0.426548928022,0.5763656497,1.0,0.299468398094,0.648472905159,1.0
blue_white,0.3375,0.428201287985,0.577790677548,1.0,0.301356256008,0.649971485138,1.0
blue_white,0.34,0.42984983325,0.579210698605,1.0,0.303240895271,0.651463747025,1.0
blue_white,0.3425,0.431494176388,0.580625832081,1.0,0.305122494698,0.652949512005,1.0
blue_white,0.345,0.433134734631,0.582036077976,1.0,0.307000905275,0.654429018498,1.0
blue_white,0.3475,0.434771299362,0.583441615105,1.0,0.308876216412,0.655902206898,1.0
blue_white,0.35,0.436404049397,0.584842383862,1.0,0.310748726129,0.657369315624,1.0
blue_white,0.3525,0.438033133745,0.586238622665,1.0,0.31261831522,0.658830344677,1.0
blue_white,0.355,0.439658671617,0.587630212307,1.0,0.314484834671,0.660285413265,1.0
blue_white,0.3575,0.441280245781,0.589017271996,1.0,0.316348642111,0.661734640598,1.0
blue_white,0.36,0.442898511887,0.590399861336,1.0,0.31820961833,0.663178086281,1.0
blue_white,0.3625,0.444513231516,0.591778159142,1.0,0.320068001747,0.664615750313,1.0
blue_white,0.365,0.446124523878,0.593151986599,1.0,0.321923524141,0.66604757309,1.0
blue_white,0.3675,0.447732388973,0.594521582127,1.0,0.323776721954,0.667473971844,1.0
blue_white,0.37,0.449337095022,0.595887005329,1.0,0.325627177954,0.668894827366,1.0
blue_white,0.3725,0.450938344002,0.597248256207,1.0,0.327474981546,0.67031031847,1.0
blue_white,0.375,0.45253637433,0.598605394363,1.0,0.32932049036,0.671720325947,1.0
blue_white,0.3775,0.454131424427,0.5999584198,1.0,0.331163585186,0.673125088215,1.0
blue_white,0.38,0.455723255873,0.601307630539,1.0,0.333004355431,0.67452454567,1.0
blue_white,0.3825,0.457312196493,0.602652847767,1.0,0.334842771292,0.675918936729,1.0
blue_white,0.385,0.458898067474,0.603994131088,1.0,0.336679041386,0.67730820179,1.0
blue_white,0.3875,0.46048104763,0.605331718922,1.0,0.338512957096,0.678692400455,1.0
blue_white,0.39,0.462061136961,0.606665432453,1.0,0.340344876051,0.680071651936,1.0
blue_white,0.3925,0.463638484478,0.607995450497,1.0,0.342174530029,0.681446015835,1.0
blue_white,0.395,0.465212851763,0.609321832657,1.0,0.344002366066,0.682815551758,1.0
blue_white,0.3975,0.466784745455,0.610644519329,1.0,0.345828026533,0.684180378914,1.0
blue_white,0.4,0.468353837728,0.611963689327,1.0,0.347651869059,0.685540378094,1.0
blue_white,0.4025,0.469920516014,0.613279402256,1.0,0.349473685026,0.686895787716,1.0
blue_white,0.405,0.471484392881,0.614591658115,1.0,0.35129365325,0.688246667385,1.0
blue_white,0.4075,0.473046004772,0.615900456905,1.0,0.353111982346,0.689593017101,1.0
blue_white,0.41,0.474604934454,0.617206037045,1.0,0.354928612709,0.69093477726,1.0
blue_white,0.4125,0.476161599159,0.618508160114,1.0,0.356743454933,0.692272186279,1.0
blue_white,0.415,0.477715879679,0.619807064533,1.0,0.358556479216,0.69360512495,1.0
blue_white,0.4175,0.479267895222,0.621102869511,1.0,0.360368132591,0.694933891296,1.0
blue_white,0.42,0.480817556381,0.622395396233,1.0,0.362178176641,0.696258306503,1.0
blue_white,0.4225,0.482365101576,0.623684823513,1.0,0.363986670971,0.697578668594,1.0
blue_white,0.425,0.483910471201,0.624971151352,1.0,0.365793943405,0.69889485836,1.0
blue_white,0.4275,0.485453724861,0.626254558563,1.0,0.367599666119,0.700206875801,1.0
blue_white,0.43,0.486994922161,0.627534925938,1.0,0.369403928518,0.701514959335,1.0
blue_white,0.4325,0.488534033298,0.628812372684,1.0,0.371206969023,0.702818989754,1.0
blue_white,0.435,0.49007126689,0.630086898804,1.0,0.373008817434,0.70411914587,1.0
blue_white,0.4375,0.491606652737,0.631358623505,1.0,0.374809384346,0.70541536808,1.0
blue_white,0.44,0.493139952421,0.632627606392,1.0,0.376608937979,0.706707835197,1.0
blue_white,0.4425,0.49467164278,0.633893728256,1.0,0.378407478332,0.707996487618,1.0
blue_white,0.445,0.496201336384,0.635157167912,1.0,0.380204707384,0.709281384945,1.0
blue_white,0.4475,0.497729480267,0.636418044567,1.0,0.382000893354,0.710562705994,1.0
blue_white,0.45,0.49925583601,0.637676239014,1.0,0.383796393871,0.71184027195,1.0
blue_white,0.4525,0.500780582428,0.638931810856,1.0,0.385590583086,0.713114261627,1.0
blue_white,0.455,0.502303600311,0.640184879303,1.0,0.387384355068,0.714384734631,1.0
blue_white,0.4575,0.503825128078,0.641435563564,1.0,0.389177083969,0.715651750565,1.0
blue_white,0.46,0.505345106125,0.642683565617,1.0,0.39096903801,0.716915309429,1.0
blue_white,0.4625,0.50686365366,0.643929243088,1.0,0.392760396004,0.718175411224,1.0
blue_white,0.465,0.508380830288,0.645172655582,1.0,0.394550949335,0.719432234764,1.0
blue_white,0.4675,0.5098965168,0.646413683891,1.0,0.396340996027,0.720685660839,1.0
blue_white,0.47,0.51141089201,0.647652328014,1.0,0.398130387068,0.721935868263,1.0
blue_white,0.4725,0.512923836708,0.64888882637,1.0,0.399919182062,0.723182916641,1.0
blue_white,0.475,0.514435708523,0.650123119354,1.0,0.401707649231,0.724426627159,1.0
blue_white,0.4775,0.515946388245,0.651355206966,1.0,0.40349572897,0.72566729784,1.0
blue_white,0.48,0.517455875874,0.652585268021,1.0,0.405283272266,0.72690486908,1.0
blue_white,0.4825,0.51896417141,0.653813183308,1.0,0.407070636749,0.728139340877,1.0
blue_white,0.485,0.520471394062,0.655039012432,1.0,0.408857494593,0.729370892048,1.0
blue_white,0.4875,0.521977603436,0.656262874603,1.0,0.410644412041,0.730599343777,1.0
blue_white,0.49,0.523482739925,0.657484829426,1.0,0.412431061268,0.731824994087,1.0
blue_white,0.4925,0.52498704195,0.658704698086,1.0,0.414217352867,0.733047604561,1.0
blue_white,0.495,0.526490271092,0.659922778606,1.0,0.416003793478,0.734267532825,1.0
blue_white,0.4975,0.527992844582,0.661139011383,1.0,0.417790085077,0.735484540463,1.0
blue_white,0.5,0.529494464397,0.66235345602,1.0,0.419576466084,0.736698806286,1.0
blue_white,0.5025,0.530995249748,0.663565993309,1.0,0.421362787485,0.737910330296,1.0
blue_white,0.505,0.532495379448,0.664776921272,1.0,0.423149287701,0.739119052887,1.0
blue_white,0.5075,0.533994793892,0.665986120701,1.0,0.424935907126,0.740325331688,1.0
blue_white,0.51,0.53549349308,0.667193591595,1.0,0.426722705364,0.741528868675,1.0
blue_white,0.5125,0.536991655827,0.668399572372,1.0,0.428509831429,0.742729783058,1.0
blue_white,0.515,0.538489222527,0.669603765011,1.0,0.430297404528,0.743928134441,1.0
blue_white,0.5175,0.539986133575,0.670806646347,1.0,0.432085096836,0.745124220848,1.0
blue_white,0.52,0.541482627392,0.672007858753,1.0,0.433873265982,0.746317565441,1.0
blue_white,0.5225,0.542978703976,0.673207700252,1.0,0.435661792755,0.747508585453,1.0
blue_white,0.525,0.544474422932,0.674406051636,1.0,0.437451094389,0.748697161674,1.0
blue_white,0.5275,0.545969724655,0.675602972508,1.0,0.439240634441,0.749883472919,1.0
blue_white,0.53,0.547464728355,0.676798522472,1.0,0.441030979157,0.751067399979,1.0
blue_white,0.5325,0.548959374428,0.67799282074,1.0,0.442822009325,0.752249121666,1.0
blue_white,0.535,0.5504540205,0.67918586731,1.0,0.444613754749,0.753428518772,1.0
blue_white,0.5375,0.55194824934,0.680377542973,1.0,0.446406155825,0.754605710506,1.0
blue_white,0.54,0.553442299366,0.681568086147,1.0,0.44819933176,0.755780637264,1.0
blue_white,0.5425,0.554936349392,0.682757377624,1.0,0.449993461371,0.756953537464,1.0
blue_white,0.545,0.556430220604,0.683945536613,1.0,0.451788365841,0.758124172687,1.0
blue_white,0.5475,0.55792427063,0.685132622719,1.0,0.453584343195,0.759292781353,1.0
blue_white,0.55,0.559418082237,0.686318695545,1.0,0.45538136363,0.76045948267,1.0
blue_white,0.5525,0.560912311077,0.687503755093,1.0,0.457179456949,0.761624097824,1.0
blue_white,0.555,0.562406361103,0.688687682152,1.0,0.458978623152,0.76278668642,1.0
blue_white,0.5575,0.563900589943,0.689870774746,1.0,0.460779041052,0.763947367668,1.0
blue_white,0.56,0.565394997597,0.691052913666,1.0,0.462580621242,0.765106141567,1.0
blue_white,0.5625,0.566889762878,0.692234158516,1.0,0.464383393526,0.766263008118,1.0
blue_white,0.565,0.568384647369,0.693414568901,1.0,0.466187745333,0.767418086529,1.0
blue_white,0.5675,0.569880008697,0.694594085217,1.0,0.467993408442,0.768571376801,1.0
blue_white,0.57,0.571375787258,0.695773005486,1.0,0.46980047226,0.769722759724,1.0
blue_white,0.5725,0.572871923447,0.696951091289,1.0,0.471609175205,0.770872533321,1.0
blue_white,0.575,0.574368476868,0.698128521442,1.0,0.473419368267,0.772020637989,1.0
blue_white,0.5775,0.575865626335,0.69930523634,1.0,0.47523111105,0.773166894913,1.0
blue_white,0.58,0.577363431454,0.700481414795,1.0,0.477044641972,0.77431166172,1.0
blue_white,0.5825,0.5788615942,0.701656997204,1.0,0.478859871626,0.775454759598,1.0
blue_white,0.585,0.580360591412,0.702831983566,1.0,0.480676829815,0.776596367359,1.0
blue_white,0.5875,0.581860244274,0.704006493092,1.0,0.482495844364,0.777736186981,1.0
blue_white,0.59,0.583360433578,0.705180466175,1.0,0.484316527843,0.778874695301,1.0
blue_white,0.5925,0.584861636162,0.706354081631,1.0,0.486139446497,0.780011713505,1.0
blue_white,0.595,0.586363613606,0.707527339458,1.0,0.487964242697,0.781147301197,1.0
blue_white,0.5975,0.587866544723,0.708700180054,1.0,0.489791154861,0.782281458378,1.0
blue_white,0.6,0.589370310307,0.709872722626,1.0,0.491620332003,0.783414185047,1.0
blue_white,0.6025,0.590875148773,0.711045026779,1.0,0.493451535702,0.784545660019,1.0
blue_white,0.605,0.592380881309,0.712217032909,1.0,0.495285272598,0.785675704479,1.0
blue_white,0.6075,0.593887865543,0.713388860226,1.0,0.497121036053,0.786804616451,1.0
blue_white,0.61,0.595395982265,0.714560568333,1.0,0.498959362507,0.787932157517,1.0
blue_white,0.6125,0.596905171871,0.715732038021,1.0,0.500800192356,0.789058566093,1.0
blue_white,0.615,0.598415613174,0.716903567314,1.0,0.5026435256,0.790183663368,1.0
blue_white,0.6175,0.59992736578,0.718075037003,1.0,0.504489660263,0.791307687759,1.0
blue_white,0.62,0.601440489292,0.719246447086,1.0,0.506338179112,0.792430698872,1.0
blue_white,0.6225,0.602954864502,0.720417916775,1.0,0.508189499378,0.793552458286,1.0
blue_white,0.625,0.604470729828,0.721589565277,1.0,0.510043799877,0.794673264027,1.0
blue_white,0.6275,0.605988264084,0.722761154175,1.0,0.511900782585,0.795792996883,1.0
blue_white,0.63,0.607507169247,0.723932981491,1.0,0.513760745525,0.79691183567,1.0
blue_white,0.6325,0.609027802944,0.725105047226,1.0,0.515623986721,0.798029720783,1.0
blue_white,0.635,0.610550105572,0.726277351379,1.0,0.517490148544,0.799146473408,1.0
blue_white,0.6375,0.61207395792,0.727450013161,1.0,0.519359409809,0.800262510777,1.0
blue_white,0.64,0.613599658012,0.728622972965,1.0,0.521231949329,0.801377773285,1.0
blue_white,0.6425,0.615127325058,0.729796230793,1.0,0.52310782671,0.802492022514,1.0
blue_white,0.645,0.616656780243,0.730970025063,1.0,0.524987220764,0.803605675697,1.0
blue_white,0.6475,0.618188142777,0.73214417696,1.0,0.526869773865,0.804718494415,1.0
blue_white,0.65,0.619721472263,0.733318924904,1.0,0.528756022453,0.805830597877,1.0
blue_white,0.6525,0.621257007122,0.73449420929,1.0,0.530645906925,0.806941986084,1.0
blue_white,0.655,0.622794628143,0.735670089722,1.0,0.532539486885,0.808052778244,1.0
blue_white,0.6575,0.624334394932,0.736846625805,1.0,0.534437000752,0.809162914753,1.0
blue_white,0.66,0.625876426697,0.738023817539,1.0,0.536338210106,0.810272455215,1.0
blue_white,0.6625,0.627420723438,0.739201784134,1.0,0.538243412972,0.811381518841,1.0
blue_white,0.665,0.628967523575,0.740380585194,1.0,0.540152609348,0.812490046024,1.0
blue_white,0.6675,0.630516767502,0.741560101509,1.0,0.54206597805,0.813598096371,1.0
blue_white,0.67,0.632068455219,0.742740631103,1.0,0.543983399868,0.814705729485,1.0
blue_white,0.6725,0.633622646332,0.743921995163,1.0,0.545905292034,0.815812885761,1.0
blue_white,0.675,0.635179579258,0.745104372501,1.0,0.54783141613,0.816919803619,1.0
blue_white,0.6775,0.636739253998,0.746287822723,1.0,0.549762189388,0.81802636385,1.0
blue_white,0.68,0.638301610947,0.747472345829,1.0,0.551697611809,0.819132566452,1.0
blue_white,0.6825,0.639866888523,0.748657822609,1.0,0.553637385368,0.820238530636,1.0
blue_white,0.685,0.641435086727,0.749844670296,1.0,0.555582165718,0.821344316006,1.0
blue_white,0.6875,0.643006324768,0.751032829285,1.0,0.557531833649,0.822449922562,1.0
blue_white,0.69,0.644580602646,0.752222120762,1.0,0.559486150742,0.823555290699,1.0
blue_white,0.6925,0.646157979965,0.75341296196,1.0,0.561445772648,0.824660658836,1.0
blue_white,0.695,0.64773863554,0.754604995251,1.0,0.563410460949,0.825765967369,1.0
blue_white,0.6975,0.64932256937,0.755798637867,1.0,0.565380513668,0.826871216297,1.0
blue_white,0.7,0.65090996027,0.756993710995,1.0,0.567355871201,0.827976465225,1.0
blue_white,0.7025,0.652500808239,0.758190333843,1.0,0.569336771965,0.829081833363,1.0
blue_white,0.705,0.654095232487,0.759388685226,1.0,0.571323215962,0.830187320709,1.0
blue_white,0.7075,0.655693233013,0.760588765144,1.0,0.573315441608,0.831292867661,1.0
blue_white,0.71,0.657294869423,0.761790394783,1.0,0.575313210487,0.832398593426,1.0
blue_white,0.7125,0.658900499344,0.76299405098,1.0,0.577317297459,0.833504617214,1.0
blue_white,0.715,0.660510003567,0.764199316502,1.0,0.57932716608,0.834610819817,1.0
blue_white,0.7175,0.662123382092,0.765406727791,1.0,0.581343352795,0.835717380047,1.0
blue_white,0.72,0.663740873337,0.766616046429,1.0,0.583365678787,0.836824297905,1.0
blue_white,0.7225,0.665362596512,0.767827570438,1.0,0.585394561291,0.837931573391,1.0
blue_white,0.725,0.666988611221,0.769041180611,1.0,0.587429940701,0.839039325714,1.0
blue_white,0.7275,0.668618798256,0.77025693655,1.0,0.58947211504,0.840147614479,1.0
blue_white,0.73,0.670253813267,0.771474957466,1.0,0.591521203518,0.841256439686,1.0
blue_white,0.7325,0.671893179417,0.772695481777,1.0,0.593577027321,0.84236574173,1.0
blue_white,0.735,0.673537135124,0.773918271065,1.0,0.595640063286,0.843475818634,1.0
blue_white,0.7375,0.675185978413,0.775143802166,1.0,0.597710251808,0.844586372376,1.0
blue_white,0.74,0.676839768887,0.776371538639,1.0,0.599787831307,0.845697820187,1.0
blue_white,0.7425,0.678498446941,0.777602255344,1.0,0.601872980595,0.846810042858,1.0
blue_white,0.745,0.6801623106,0.778835475445,1.0,0.603965818882,0.84792304039,1.0
blue_white,0.7475,0.681831479073,0.780071616173,1.0,0.606066584587,0.849036931992,1.0
blue_white,0.75,0.683505892754,0.78131043911,1.0,0.608175337315,0.850151836872,1.0
blue_white,0.7525,0.685185790062,0.782552480698,1.0,0.610292255878,0.851267576218,1.0
blue_white,0.755,0.686871290207,0.783797442913,1.0,0.612417459488,0.852384507656,1.0
blue_white,0.7575,0.688562512398,0.785045623779,1.0,0.614551305771,0.853502452373,1.0
blue_white,0.76,0.690259575844,0.786297023296,1.0,0.616693854332,0.854621648788,1.0
blue_white,0.7625,0.691962718964,0.787551701069,1.0,0.618845283985,0.855741918087,1.0
blue_white,0.765,0.693671941757,0.78880995512,1.0,0.621005475521,0.856863617897,1.0
blue_white,0.7675,0.695387423038,0.790071547031,1.0,0.623175263405,0.857986569405,1.0
blue_white,0.77,0.697109282017,0.791336774826,1.0,0.625354349613,0.859110951424,1.0
blue_white,0.7725,0.698837697506,0.792605757713,1.0,0.627543091774,0.860236823559,1.0
blue_white,0.775,0.700572967529,0.793878555298,1.0,0.629741728306,0.86136418581,1.0
blue_white,0.7775,0.702314972877,0.795155227184,1.0,0.631950497627,0.862493097782,1.0
blue_white,0.78,0.704064011574,0.796435952187,1.0,0.634169578552,0.863623738289,1.0
blue_white,0.7825,0.705820441246,0.797720849514,1.0,0.636399149895,0.86475610733,1.0
blue_white,0.785,0.70758408308,0.799009859562,1.0,0.638639271259,0.865890264511,1.0
blue_white,0.7875,0.7093552351,0.800303399563,1.0,0.640890538693,0.867026329041,1.0
blue_white,0.79,0.711134016514,0.801601409912,1.0,0.643152952194,0.868164360523,1.0
blue_white,0.7925,0.71292090416,0.802903950214,1.0,0.645426928997,0.869304358959,1.0
blue_white,0.795,0.714715838432,0.804211378097,1.0,0.647712528706,0.870446443558,1.0
blue_white,0.7975,0.716518998146,0.805523574352,1.0,0.650010168552,0.871590793133,1.0
blue_white,0.8,0.718330740929,0.806840717792,1.0,0.652319908142,0.872737288475,1.0
blue_white,0.8025,0.720151007175,0.808163046837,1.0,0.65464246273,0.873886287212,1.0
blue_white,0.805,0.721980392933,0.809490740299,1.0,0.656977653503,0.875037610531,1.0
blue_white,0.8075,0.723818778992,0.810823857784,1.0,0.659326136112,0.876191496849,1.0
blue_white,0.81,0.725666463375,0.812162399292,1.0,0.661688029766,0.877348065376,1.0
blue_white,0.8125,0.72752392292,0.81350684166,1.0,0.664063632488,0.878507196903,1.0
blue_white,0.815,0.729391098023,0.814857304096,1.0,0.666453361511,0.879669189453,1.0
blue_white,0.8175,0.731268405914,0.816213667393,1.0,0.668857574463,0.880834162235,1.0
blue_white,0.82,0.7331559062,0.817576289177,1.0,0.671276509762,0.882002174854,1.0
blue_white,0.8225,0.735054254532,0.818945288658,1.0,0.673710584641,0.88317322731,1.0
blue_white,0.825,0.736963272095,0.820321023464,1.0,0.676160156727,0.884347558022,1.0
blue_white,0.8275,0.738883554935,0.8217035532,1.0,0.678625583649,0.885525226593,1.0
blue_white,0.83,0.740815401077,0.823092997074,1.0,0.681107342243,0.886706352234,1.0
blue_white,0.8325,0.742758929729,0.824489653111,1.0,0.683606088162,0.887891113758,1.0
blue_white,0.835,0.74471449852,0.825893819332,1.0,0.686121940613,0.889079451561,1.0
blue_white,0.8375,0.74668264389,0.827305436134,1.0,0.688655495644,0.890271663666,1.0
blue_white,0.84,0.748663425446,0.828724980354,1.0,0.691206812859,0.891467869282,1.0
blue_white,0.8425,0.750657498837,0.830152750015,1.0,0.693776905537,0.892668187618,1.0
blue_white,0.845,0.752665162087,0.831588685512,1.0,0.696366012096,0.893872857094,1.0
blue_white,0.8475,0.754686355591,0.833033382893,1.0,0.698974847794,0.895081758499,1.0
blue_white,0.85,0.756722152233,0.83448690176,1.0,0.701603770256,0.896295309067,1.0
blue_white,0.8525,0.758772492409,0.835949540138,1.0,0.704253554344,0.897513628006,1.0
blue_white,0.855,0.760838150978,0.837421476841,1.0,0.706924676895,0.898736655712,1.0
blue_white,0.8575,0.762919425964,0.838903367519,1.0,0.709617733955,0.899964869022,1.0
blue_white,0.86,0.7650167346,0.840395212173,1.0,0.712333202362,0.901198267937,1.0
blue_white,0.8625,0.767130851746,0.841897428036,1.0,0.715072035789,0.902437090874,1.0
blue_white,0.865,0.769261717796,0.843410491943,1.0,0.717834830284,0.903681576252,1.0
blue_white,0.8675,0.771410405636,0.844934403896,1.0,0.72062265873,0.904931783676,1.0
blue_white,0.87,0.773577332497,0.846469938755,1.0,0.723435640335,0.906188189983,1.0
blue_white,0.8725,0.775762915611,0.848017275333,1.0,0.726275086403,0.907450675964,1.0
blue_white,0.875,0.777968227863,0.849576830864,1.0,0.729141652584,0.908719778061,1.0
blue_white,0.8775,0.780193507671,0.851149141788,1.0,0.732036232948,0.909995555878,1.0
blue_white,0.88,0.78243970871,0.852734625339,1.0,0.734960138798,0.911278247833,1.0
blue_white,0.8825,0.784707546234,0.854333817959,1.0,0.737913787365,0.912568330765,1.0
blue_white,0.885,0.786997556686,0.85594701767,1.0,0.740898549557,0.913865983486,1.0
blue_white,0.8875,0.789310634136,0.857574999332,1.0,0.743915498257,0.915171384811,1.0
blue_white,0.89,0.791647851467,0.85921818018,1.0,0.746965646744,0.916484951973,1.0
blue_white,0.8925,0.794009923935,0.860877335072,1.0,0.750050485134,0.917807042599,1.0
blue_white,0.895,0.796397984028,0.862552762032,1.0,0.753171205521,0.919137835503,1.0
blue_white,0.8975,0.798812687397,0.864245355129,1.0,0.756328940392,0.920477986336,1.0
blue_white,0.9,0.801255702972,0.86595594883,1.0,0.759525716305,0.921827614307,1.0
blue_white,0.9025,0.803727626801,0.867685139179,1.0,0.76276242733,0.923187255859,1.0
blue_white,0.905,0.806230008602,0.869433641434,1.0,0.766041100025,0.924557328224,1.0
blue_white,0.9075,0.808764159679,0.871202528477,1.0,0.769363582134,0.925938308239,1.0
blue_white,0.91,0.811331152916,0.872992515564,1.0,0.772731482983,0.927330613136,1.0
blue_white,0.9125,0.813932836056,0.874804735184,1.0,0.776147246361,0.928734898567,1.0
blue_white,0.915,0.816570699215,0.876640200615,1.0,0.779612421989,0.93015152216,1.0
blue_white,0.9175,0.819246530533,0.878500044346,1.0,0.783129870892,0.931581139564,1.0
blue_white,0.92,0.82196187973,0.880385518074,1.0,0.786701798439,0.933024525642,1.0
blue_white,0.9225,0.824719309807,0.882297694683,1.0,0.79033100605,0.93448227644,1.0
blue_white,0.925,0.827520608902,0.884238362312,1.0,0.794020295143,0.935955166817,1.0
blue_white,0.9275,0.830368101597,0.886208713055,1.0,0.797773122788,0.937443852425,1.0
blue_white,0.93,0.833264708519,0.888210892677,1.0,0.801592588425,0.938949406147,1.0
blue_white,0.9325,0.836212694645,0.890246272087,1.0,0.805482506752,0.94047254324,1.0
blue_white,0.935,0.839215695858,0.892316997051,1.0,0.809447228908,0.942014396191,1.0
blue_white,0.9375,0.842276751995,0.894425332546,1.0,0.81349080801,0.943576037884,1.0
blue_white,0.94,0.845399498939,0.896573662758,1.0,0.817618429661,0.945158779621,1.0
blue_white,0.9425,0.848588228226,0.8987647295,1.0,0.821835398674,0.946763753891,1.0
blue_white,0.945,0.851847410202,0.901001393795,1.0,0.826148092747,0.948392391205,1.0
blue_white,0.9475,0.855182170868,0.903287112713,1.0,0.830562710762,0.950046539307,1.0
blue_white,0.95,0.858598172665,0.905625581741,1.0,0.835087120533,0.951727688312,1.0
blue_white,0.9525,0.862101733685,0.908020913601,1.0,0.83972966671,0.95343798399,1.0
blue_white,0.955,0.865700364113,0.910477995873,1.0,0.844499886036,0.955179691315,1.0
blue_white,0.9575,0.869402170181,0.913002073765,1.0,0.849408626556,0.956955075264,1.0
blue_white,0.96,0.873216867447,0.915599584579,1.0,0.854468643665,0.95876711607,1.0
blue_white,0.9625,0.877155661583,0.918277800083,1.0,0.85969388485,0.960619091988,1.0
blue_white,0.965,0.881231307983,0.921045064926,1.0,0.865101575851,0.962514519692,1.0
blue_white,0.9675,0.885459303856,0.923911690712,1.0,0.870710968971,0.964457929134,1.0
blue_white,0.97,0.88985824585,0.92688959837,1.0,0.876546382904,0.966454088688,1.0
blue_white,0.9725,0.894450247288,0.929993450642,1.0,0.882635712624,0.968508899212,1.0
blue_white,0.975,0.89926302433,0.933241188526,1.0,0.889013707638,0.970629811287,1.0
blue_white,0.9775,0.904331326485,0.936655580998,1.0,0.895723998547,0.972825109959,1.0
blue_white,0.98,0.909700036049,0.940266370773,1.0,0.902821242809,0.975105643272,1.0
blue_white,0.9825,0.91542840004,0.944111824036,1.0,0.910377979279,0.977484762669,1.0
blue_white,0.985,0.92159819603,0.94824552536,1.0,0.918491482735,0.979979872704,1.0
blue_white,0.9875,0.928327023983,0.952744781971,1.0,0.927298307419,0.982614398003,1.0
blue_white,0.99,0.935795545578,0.95772755146,1.0,0.937001407147,0.985420644283,1.0
blue_white,0.9925,0.944308161736,0.963393449783,1.0,0.947926282883,0.988446474075,1.0
blue_white,0.995,0.95445895195,0.970131456852,1.0,0.960658967495,0.991767764092,1.0
blue_white,0.9975,0.967782139778,0.978947579861,1.0,0.976486623287,0.995521247387,1.0
blue_white,1.0,1.0,1.0,1.0,1.0,1.0,1.0
red_white,0.0,0.901960790157,0.117647059262,0.15686275065,0.901960790157,0.117647059262,0.15686275065
red_white,0.0025,0.902593553066,0.122432231903,0.161087304354,0.903651893139,0.128440573812,0.158638983965
red_white,0.005,0.903221726417,0.127048462629,0.165203213692,0.905308306217,0.138378962874,0.160410001874
red_white,0.0075,0.90384542942,0.131511554122,0.169218018651,0.906931340694,0.147619783878,0.162175759673
red_white,0.01,0.90446460247,0.135834932327,0.173138454557,0.908522129059,0.156277909875,0.163936153054
red_white,0.0125,0.905079305172,0.140030279756,0.176970481873,0.910081684589,0.164440438151,0.165691167116
red_white,0.015,0.905689775944,0.144107788801,0.180719509721,0.911611199379,0.172174751759,0.167440727353
red_white,0.0175,0.906295776367,0.148076400161,0.184390515089,0.913111567497,0.17953465879,0.169184803963
red_white,0.02,0.90689766407,0.151943862438,0.18798789382,0.914583802223,0.18656347692,0.17092345655
red_white,0.0225,0.907495260239,0.155717328191,0.191515743732,0.916028738022,0.193297207355,0.172656580806
red_white,0.025,0.908088862896,0.159403026104,0.194977775216,0.917447268963,0.199765846133,0.174384236336
red_white,0.0275,0.908678174019,0.163006514311,0.198377355933,0.918840229511,0.205994218588,0.176106378436
red_white,0.03,0.90926361084,0.166532889008,0.201717585325,0.920208334923,0.212004303932,0.177823036909
red_white,0.0325,0.909844994545,0.169986709952,0.205001398921,0.921552479267,0.2178145051,0.179534226656
red_white,0.035,0.910422384739,0.173372164369,0.208231434226,0.922873198986,0.22344096005,0.181240007281
red_white,0.0375,0.910995960236,0.176692977548,0.211410209537,0.924171388149,0.228897854686,0.18294031918
red_white,0.04,0.911565601826,0.17995262146,0.214539989829,0.925447523594,0.234197497368,0.184635236859
red_white,0.0425,0.912131607532,0.183154329658,0.21762290597,0.926702320576,0.23935097456,0.186324775219
red_white,0.045,0.912693798542,0.186300978064,0.220660924911,0.927936434746,0.244368210435,0.188009023666
red_white,0.0475,0.913252234459,0.18939524889,0.223655894399,0.929150283337,0.249257877469,0.189687907696
red_white,0.05,0.913807094097,0.192439690232,0.226609632373,0.930344641209,0.254027873278,0.191361546516
red_white,0.0525,0.914358258247,0.195436552167,0.229523718357,0.931519925594,0.258685588837,0.193029984832
red_white,0.055,0.914905905724,0.198387995362,0.232399597764,0.932676553726,0.26323723793,0.194693237543
red_white,0.0575,0.915449976921,0.201296016574,0.235238835216,0.933815181255,0.267688810825,0.196351364255
red_white,0.06,0.91599047184,0.204162463546,0.238042727113,0.934936225414,0.272045731545,0.198004409671
red_white,0.0625,0.916527688503,0.206989064813,0.240812554955,0.936040103436,0.276312977076,0.199652388692
red_white,0.065,0.917061448097,0.209777459502,0.243549540639,0.937127232552,0.280495017767,0.201295435429
red_white,0.0675,0.917591869831,0.212529182434,0.246254771948,0.938198149204,0.284595996141,0.202933505178
red_white,0.07,0.918118834496,0.215245619416,0.248929396272,0.939253270626,0.288619846106,0.204566732049
red_white,0.0725,0.918642580509,0.217928156257,0.251574367285,0.94029289484,0.29257017374,0.206195101142
red_white,0.075,0.919163167477,0.220578059554,0.254190653562,0.941317439079,0.296450316906,0.207818686962
red_white,0.0775,0.919680416584,0.223196461797,0.256779253483,0.942327260971,0.300263166428,0.209437578917
red_white,0.08,0.920194625854,0.225784540176,0.259341001511,0.943322598934,0.304011791945,0.211051747203
red_white,0.0825,0.920705556869,0.228343382478,0.261876702309,0.94430398941,0.307698756456,0.212661340833
red_white,0.085,0.921213328838,0.230873897672,0.264387130737,0.945271730423,0.311326742172,0.214266359806
red_white,0.0875,0.92171818018,0.233377173543,0.266873121262,0.946226000786,0.314897954464,0.215866923332
red_white,0.09,0.92221981287,0.235854029656,0.269335329533,0.947167217732,0.318414598703,0.217463001609
red_white,0.0925,0.922718644142,0.23830537498,0.271774500608,0.948095679283,0.321878790855,0.219054698944
red_white,0.095,0.923214316368,0.240731939673,0.274191260338,0.949011623859,0.325292557478,0.220642030239
red_white,0.0975,0.923707187176,0.243134588003,0.276586174965,0.949915409088,0.328657597303,0.222225084901
red_white,0.1,0.924197137356,0.245514005423,0.278959959745,0.950807213783,0.331975758076,0.223803967238
red_white,0.1025,0.924684107304,0.247870966792,0.281313121319,0.951687276363,0.335248559713,0.225378662348
red_white,0.105,0.925168335438,0.250206083059,0.283646196127,0.952556073666,0.338477700949,0.226949229837
red_white,0.1075,0.925649702549,0.252520054579,0.285959810019,0.953413546085,0.341664493084,0.228515744209
red_white,0.11,0.926128268242,0.254813462496,0.288254380226,0.95426005125,0.344810426235,0.23007825017
red_white,0.1125,0.926604032517,0.257086843252,0.290530413389,0.955095887184,0.347916871309,0.231636807322
red_white,0.115,0.927077233791,0.259340882301,0.292788386345,0.9559212327,0.350984990597,0.233191490173
red_white,0.1175,0.927547633648,0.261575937271,0.295028746128,0.956736266613,0.354016065597,0.234742313623
red_white,0.12,0.928015291691,0.263792723417,0.297251969576,0.957541286945,0.357011169195,0.236289396882
red_white,0.1225,0.928480327129,0.265991717577,0.299458414316,0.958336353302,0.359971374273,0.237832725048
red_white,0.125,0.928942799568,0.268173187971,0.301648616791,0.959121763706,0.36289781332,0.239372372627
red_white,0.1275,0.929402709007,0.270337790251,0.303822755814,0.959897756577,0.365791320801,0.240908414125
red_white,0.13,0.929859936237,0.272485971451,0.305981367826,0.960664331913,0.368652999401,0.242440864444
red_white,0.1325,0.930314779282,0.274618059397,0.308124661446,0.961421847343,0.371483653784,0.243969812989
red_white,0.135,0.930766999722,0.276734471321,0.31025326252,0.962170481682,0.374284178019,0.245495289564
red_white,0.1375,0.931216657162,0.278835654259,0.312367290258,0.962910294533,0.377055436373,0.247017368674
red_white,0.14,0.931663990021,0.28092199564,0.314467042685,0.963641524315,0.379798084498,0.248536095023
red_white,0.1425,0.932108879089,0.282993763685,0.316552966833,0.964364230633,0.382513076067,0.250051498413
red_white,0.145,0.932551264763,0.285051375627,0.318625330925,0.96507871151,0.385201066732,0.251563638449
red_white,0.1475,0.932991266251,0.287095159292,0.320684373379,0.965785086155,0.387862741947,0.253072589636
red_white,0.15,0.933429002762,0.289125531912,0.322730451822,0.966483414173,0.390498757362,0.254578351975
red_white,0.1525,0.933864414692,0.2911426723,0.324763774872,0.967173993588,0.393109679222,0.256081014872
red_white,0.155,0.934297382832,0.29314699769,0.326784700155,0.967856764793,0.395696371794,0.257580637932
red_white,0.1575,0.93472802639,0.295138627291,0.328793436289,0.968532025814,0.398259222508,0.259077250958
red_white,0.16,0.935156464577,0.297118097544,0.330790221691,0.969199836254,0.400798857212,0.260570883751
red_white,0.1625,0.935582578182,0.299085438252,0.332775354385,0.969860315323,0.403315901756,0.262061595917
red_white,0.165,0.936006546021,0.301041215658,0.33474907279,0.970513761043,0.405810892582,0.263549506664
red_white,0.1675,0.936428308487,0.302985370159,0.336711525917,0.971160054207,0.408284157515,0.265034466982
red_white,0.17,0.936847925186,0.304918378592,0.338662952185,0.971799373627,0.410736441612,0.266516774893
red_white,0.1725,0.937265217304,0.306840330362,0.340603590012,0.972431898117,0.413168042898,0.267996311188
red_white,0.175,0.937680363655,0.308751523495,0.342533737421,0.973057746887,0.415579587221,0.269473165274
red_white,0.1775,0.938093543053,0.310652285814,0.344453543425,0.973676979542,0.417971432209,0.270947396755
red_white,0.18,0.938504576683,0.312542706728,0.346363186836,0.974289774895,0.420343995094,0.272419035435
red_white,0.1825,0.938913345337,0.314423084259,0.348262816668,0.974896192551,0.422697722912,0.273888140917
red_white,0.185,0.939320147037,0.316293627024,0.350152790546,0.975496292114,0.425033032894,0.275354683399
red_white,0.1875,0.93972492218,0.318154454231,0.35203307867,0.976090252399,0.427350372076,0.276818841696
red_white,0.19,0.94012761116,0.320005863905,0.353904008865,0.976678133011,0.429650038481,0.278280556202
red_white,0.1925,0.940528333187,0.321847975254,0.355765789747,0.977260053158,0.431932449341,0.279739916325
red_white,0.195,0.940927028656,0.3236810565,0.357618302107,0.977836072445,0.434197843075,0.281196922064
red_white,0.1975,0.941323697567,0.325505167246,0.3594622612,0.978406310082,0.43644669652,0.282651692629
red_white,0.2,0.941718518734,0.327320694923,0.361297309399,0.978970885277,0.438679397106,0.284104198217
red_white,0.2025,0.942111253738,0.329127579927,0.363123744726,0.979529738426,0.44089615345,0.285554468632
red_white,0.205,0.942502140999,0.330926090479,0.364941865206,0.980083167553,0.443097323179,0.287002652884
red_white,0.2075,0.942891120911,0.332716435194,0.36675170064,0.980631113052,0.445283234119,0.288448661566
red_white,0.21,0.943278133869,0.334498733282,0.368553429842,0.981173694134,0.447454184294,0.289892613888
red_white,0.2125,0.943663299084,0.336273193359,0.370347261429,0.981711089611,0.449610412121,0.291334509849
red_white,0.215,0.944046616554,0.33803987503,0.372133255005,0.98224312067,0.451752305031,0.292774438858
red_white,0.2175,0.944428145885,0.339799016714,0.373911470175,0.982770144939,0.453879982233,0.294212430716
red_white,0.22,0.944807827473,0.341550707817,0.375682264566,0.983292043209,0.455993831158,0.295648485422
red_white,0.2225,0.945185661316,0.343295097351,0.377445548773,0.983808994293,0.458094120026,0.297082662582
red_white,0.225,0.94556170702,0.345032304525,0.37920165062,0.984320938587,0.460181057453,0.298514991999
red_white,0.2275,0.945935964584,0.346762537956,0.380950480699,0.984828174114,0.462254881859,0.299945563078
red_white,0.23,0.94630843401,0.348485916853,0.382692307234,0.985330581665,0.464315861464,0.301374316215
red_white,0.2325,0.946679115295,0.350202471018,0.384427279234,0.985828340054,0.466364234686,0.302801400423
red_white,0.235,0.947048068047,0.35191243887,0.386155366898,0.986321389675,0.46840018034,0.304226726294
red_white,0.2375,0.947415351868,0.35361585021,0.387876838446,0.986809909344,0.470423936844,0.305650472641
red_white,0.24,0.947780907154,0.355312973261,0.389591753483,0.987293899059,0.472435832024,0.307072609663
red_white,0.2425,0.948144733906,0.357003748417,0.391300231218,0.987773418427,0.474435925484,0.308493167162
red_white,0.245,0.948506891727,0.358688414097,0.393002271652,0.98824852705,0.47642454505,0.309912145138
red_white,0.2475,0.948867380619,0.360367059708,0.394698143005,0.988719403744,0.478401720524,0.3113296628
red_white,0.25,0.949226260185,0.362039744854,0.396387845278,0.989185869694,0.480367869139,0.312745720148
red_white,0.2525,0.949583411217,0.363706678152,0.398071527481,0.989648163319,0.482323020697,0.314160317182
red_white,0.255,0.949939012528,0.365367889404,0.399749279022,0.990106344223,0.484267443418,0.31557354331
red_white,0.2575,0.950292944908,0.367023468018,0.40142121911,0.990560412407,0.486201286316,0.316985428333
red_white,0.26,0.950645208359,0.368673592806,0.403087437153,0.99101036787,0.488124758005,0.318396002054
red_white,0.2625,0.950995981693,0.370318323374,0.404747933149,0.991456329822,0.490037947893,0.319805264473
red_white,0.265,0.951345264912,0.371957719326,0.406402885914,0.991898357868,0.491941154003,0.321213275194
red_white,0.2675,0.951692998409,0.373591959476,0.408052444458,0.992336511612,0.493834495544,0.322620123625
red_white,0.27,0.952038943767,0.37522110343,0.40969657898,0.992770731449,0.495718032122,0.324025720358
red_white,0.2725,0.952383518219,0.376845210791,0.411335498095,0.993201255798,0.497592151165,0.325430184603
red_white,0.275,0.952726483345,0.378464400768,0.412969201803,0.99362796545,0.499456703663,0.326833546162
red_white,0.2775,0.95306789875,0.380078703165,0.414597809315,0.994050979614,0.50131213665,0.328235834837
red_white,0.28,0.953407943249,0.381688266993,0.416221350431,0.994470238686,0.503158450127,0.329637110233
red_white,0.2825,0.953746378422,0.383293271065,0.417839944363,0.994885981083,0.504995703697,0.331037342548
red_white,0.285,0.954083383083,0.384893685579,0.419453710318,0.995298027992,0.506824314594,0.332436591387
red_white,0.2875,0.954418838024,0.386489599943,0.421062737703,0.995706617832,0.508644044399,0.333834886551
red_white,0.29,0.954752922058,0.388081073761,0.422667086124,0.996111690998,0.510455369949,0.335232257843
red_white,0.2925,0.955085515976,0.389668226242,0.424266785383,0.996513366699,0.512258350849,0.336628764868
red_white,0.295,0.955416679382,0.391251176596,0.425861865282,0.996911585331,0.514053046703,0.33802446723
red_white,0.2975,0.955746412277,0.392829924822,0.427452594042,0.997306406498,0.515839517117,0.339419364929
red_white,0.3,0.956074655056,0.394404709339,0.429038792849,0.997697889805,0.517618060112,0.340813428164
red_white,0.3025,0.956401646137,0.395975410938,0.430620759726,0.998086035252,0.519388616085,0.342206776142
red_white,0.305,0.956727206707,0.397542119026,0.432198375463,0.998471021652,0.521151602268,0.343599379063
red_white,0.3075,0.95705139637,0.399104952812,0.433771878481,0.998852729797,0.522906780243,0.34499129653
red_white,0.31,0.957374036312,0.40066409111,0.435341238975,0.999231219292,0.524654507637,0.346382588148
red_white,0.3125,0.957695484161,0.402219414711,0.436906605959,0.999606609344,0.526394724846,0.347773253918
red_white,0.315,0.958015501499,0.403771221638,0.438467919827,0.999978840351,0.528127789497,0.349163383246
red_white,0.3175,0.958334207535,0.405319303274,0.44002532959,1.0,0.53005117178,0.351192325354
red_white,0.32,0.958651542664,0.406863927841,0.441578954458,1.0,0.531975865364,0.353250712156
red_white,0.3225,0.958967506886,0.408405125141,0.443128764629,1.0,0.533889949322,0.355299949646
red_white,0.325,0.959282338619,0.409942924976,0.444674819708,1.0,0.535793602467,0.357339918613
red_white,0.3275,0.959595620632,0.411477386951,0.446217209101,1.0,0.537687003612,0.359371066093
red_white,0.33,0.959907710552,0.41300868988,0.447756111622,1.0,0.539570331573,0.361393541098
red_white,0.3325,0.960218548775,0.414536774158,0.449291348457,1.0,0.541443765163,0.363407492638
red_white,0.335,0.960528075695,0.416061669588,0.450823187828,1.0,0.543307423592,0.36541301012
red_white,0.3375,0.960836350918,0.417583584786,0.452351570129,1.0,0.545161545277,0.367410361767
red_white,0.34,0.961143255234,0.419102430344,0.453876614571,1.0,0.547006309032,0.369399875403
red_white,0.3425,0.961448967457,0.42061829567,0.455398321152,1.0,0.548841655254,0.371381282806
red_white,0.345,0.961753427982,0.42213138938,0.456916838884,1.0,0.550667881966,0.373355180025
red_white,0.3475,0.96205675602,0.423641592264,0.458432108164,1.0,0.552485227585,0.375321537256
red_white,0.35,0.962358772755,0.425149083137,0.459944278002,1.0,0.554293751717,0.377280563116
red_white,0.3525,0.962659537792,0.426653802395,0.461453408003,1.0,0.55609357357,0.379232466221
red_white,0.355,0.962959051132,0.42815592885,0.462959438562,1.0,0.55788487196,0.381177186966
red_white,0.3575,0.963257491589,0.429655462503,0.464462578297,1.0,0.559667646885,0.383114874363
red_white,0.36,0.963554620743,0.431152462959,0.465962827206,1.0,0.561442315578,0.385046035051
red_white,0.3625,0.963850617409,0.432646900415,0.467460125685,1.0,0.563208758831,0.38697040081
red_white,0.365,0.964145362377,0.434138953686,0.46895468235,1.0,0.564967215061,0.388888329267
red_white,0.3675,0.964439034462,0.435628652573,0.470446437597,1.0,0.566717803478,0.390800029039
red_white,0.37,0.964731574058,0.437115997076,0.471935540438,1.0,0.568460583687,0.392705380917
red_white,0.3725,0.965022802353,0.438601106405,0.473421931267,1.0,0.570195674896,0.394604593515
red_white,0.375,0.965312898159,0.44008398056,0.474905699492,1.0,0.571923315525,0.396497875452
red_white,0.3775,0.965601921082,0.441564619541,0.476386994123,1.0,0.573643565178,0.398385316133
red_white,0.38,0.965889811516,0.443043231964,0.477865725756,1.0,0.575356483459,0.400266975164
red_white,0.3825,0.966176450252,0.444519758225,0.479342013598,1.0,0.577062189579,0.402143061161
red_white,0.385,0.966462135315,0.445994257927,0.480815917253,1.0,0.578760921955,0.404013812542
red_white,0.3875,0.966746628284,0.447466760874,0.482287436724,1.0,0.580452620983,0.405878931284
red_white,0.39,0.967029929161,0.448937386274,0.483756661415,1.0,0.582137525082,0.407739013433
red_white,0.3925,0.967312276363,0.450406193733,0.48522362113,1.0,0.583815693855,0.409593880177
red_white,0.395,0.967593371868,0.451873093843,0.486688375473,1.0,0.585487127304,0.41144362092
red_white,0.3975,0.967873454094,0.453338235617,0.488150924444,1.0,0.587152183056,0.413288474083
red_white,0.4,0.968152582645,0.454801589251,0.489611327648,1.0,0.588810622692,0.415128529072
red_white,0.4025,0.96843034029,0.456263393164,0.49106964469,1.0,0.590462803841,0.416963905096
red_white,0.405,0.96870726347,0.457723468542,0.492525905371,1.0,0.592108726502,0.418794572353
red_white,0.4075,0.968983054161,0.459181964397,0.493980258703,1.0,0.593748569488,0.420620799065
red_white,0.41,0.969257771969,0.460638970137,0.49543261528,1.0,0.595382273197,0.422442495823
red_white,0.4125,0.969531476498,0.462094515562,0.496883064508,1.0,0.597010016441,0.424259990454
red_white,0.415,0.969804108143,0.463548570871,0.498331665993,1.0,0.598631858826,0.426073044538
red_white,0.4175,0.970075726509,0.465001165867,0.499778389931,1.0,0.600248038769,0.427882164717
red_white,0.42,0.970346271992,0.466452389955,0.501223385334,1.0,0.601858437061,0.429687172174
red_white,0.4225,0.970615804195,0.467902392149,0.502666771412,1.0,0.603463232517,0.431488335133
red_white,0.425,0.97088432312,0.469351112843,0.504108250141,1.0,0.605062484741,0.433285564184
red_white,0.4275,0.971151769161,0.470798581839,0.505548298359,1.0,0.606656372547,0.435078948736
red_white,0.43,0.971418321133,0.472244828939,0.506986558437,1.0,0.608244895935,0.436868727207
red_white,0.4325,0.971683800221,0.473689973354,0.5084233284,1.0,0.609828054905,0.438654780388
red_white,0.435,0.971948266029,0.475134015083,0.509858608246,1.0,0.611406087875,0.440437525511
red_white,0.4375,0.972211778164,0.476577013731,0.511292397976,1.0,0.612979114056,0.442216902971
red_white,0.44,0.972474277019,0.4780189991,0.51272469759,1.0,0.614546895027,0.443992674351
red_white,0.4425,0.972735822201,0.47945997119,0.514155685902,1.0,0.616109848023,0.445765286684
red_white,0.445,0.972996354103,0.480900108814,0.515585184097,1.0,0.617667913437,0.447534710169
red_white,0.4475,0.973255813122,0.482339292765,0.517013549805,1.0,0.61922121048,0.449301153421
red_white,0.45,0.97351449728,0.48377764225,0.518440425396,1.0,0.620769619942,0.451064437628
red_white,0.4525,0.973772108555,0.485215216875,0.519866168499,1.0,0.622313559055,0.452824920416
red_white,0.455,0.974028885365,0.486652046442,0.521290719509,1.0,0.623852789402,0.454582363367
red_white,0.4575,0.974284529686,0.488088130951,0.522714138031,1.0,0.625387609005,0.456337124109
red_white,0.46,0.974539339542,0.489523589611,0.524136483669,1.0,0.62691795826,0.458089232445
red_white,0.4625,0.974793255329,0.490958362818,0.525557637215,1.0,0.628443837166,0.459838658571
red_white,0.465,0.975046098232,0.492392510176,0.526977777481,1.0,0.629965543747,0.461585521698
red_white,0.4675,0.975298047066,0.493826150894,0.528396964073,1.0,0.631482958794,0.46332988143
red_white,0.47,0.975549221039,0.495259284973,0.529815256596,1.0,0.632996201515,0.465071797371
red_white,0.4725,0.975799262524,0.49669200182,0.531232535839,1.0,0.634505271912,0.466811388731
red_white,0.475,0.976048469543,0.498124241829,0.532648921013,1.0,0.636010468006,0.468548864126
red_white,0.4775,0.976296722889,0.49955612421,0.534064471722,1.0,0.63751155138,0.470283955336
red_white,0.48,0.976544141769,0.500987648964,0.535479307175,1.0,0.639008879662,0.472017079592
red_white,0.4825,0.976790547371,0.502418756485,0.536893248558,1.0,0.640502274036,0.473748028278
red_white,0.485,0.977036178112,0.503849744797,0.5383066535,1.0,0.641991913319,0.475476980209
red_white,0.4875,0.977280855179,0.50528049469,0.539719223976,1.0,0.643477737904,0.477204084396
red_white,0.49,0.977524578571,0.506711065769,0.541131258011,1.0,0.644960045814,0.478929281235
red_white,0.4925,0.977767527103,0.508141517639,0.542542517185,1.0,0.646438658238,0.480652719736
red_white,0.495,0.978009462357,0.509571790695,0.543953359127,1.0,0.647913813591,0.48237451911
red_white,0.4975,0.978250622749,0.511002004147,0.545363664627,1.0,0.649385452271,0.484094589949
red_white,0.5,0.978490769863,0.512432277203,0.54677349329,1.0,0.650853693485,0.485813081265
red_white,0.5025,0.978730142117,0.513862490654,0.548182845116,1.0,0.652318537235,0.487530082464
red_white,0.505,0.9789686203,0.51529276371,0.549591779709,1.0,0.653780162334,0.48924562335
red_white,0.5075,0.979206323624,0.51672321558,0.55100029707,1.0,0.655238449573,0.490959823132
red_white,0.51,0.979443073273,0.518153786659,0.552408397198,1.0,0.656693637371,0.492672622204
red_white,0.5125,0.979678988457,0.519584536552,0.553816437721,1.0,0.658145725727,0.49438431859
red_white,0.515,0.979914009571,0.521015524864,0.555224061012,1.0,0.659594655037,0.496094614267
red_white,0.5175,0.98014819622,0.522446751595,0.556631565094,1.0,0.661040604115,0.49780395627
red_white,0.52,0.980381608009,0.523878216743,0.558038771153,1.0,0.662483632565,0.499512135982
red_white,0.5225,0.980614125729,0.525310218334,0.559445977211,1.0,0.663923740387,0.501219391823
red_white,0.525,0.980845808983,0.526742458343,0.560852944851,1.0,0.665361046791,0.502925634384
red_white,0.5275,0.981076598167,0.528175234795,0.562259972096,1.0,0.666795432568,0.50463104248
red_white,0.53,0.981306552887,0.529608428478,0.563666880131,1.0,0.66822719574,0.506335735321
red_white,0.5325,0.981535792351,0.531042158604,0.565073788166,1.0,0.669656217098,0.508039593697
red_white,0.535,0.981764137745,0.532476425171,0.566480755806,1.0,0.671082675457,0.509742796421
red_white,0.5375,0.981991648674,0.533911287785,0.56788790226,1.0,0.672506511211,0.51144528389
red_white,0.54,0.982218265533,0.535346806049,0.569295167923,1.0,0.673927783966,0.513147294521
red_white,0.5425,0.982444167137,0.536783099174,0.570702672005,1.0,0.67534661293,0.514848828316
red_white,0.545,0.982669174671,0.538220047951,0.572110295296,1.0,0.676763057709,0.516550004482
red_white,0.5475,0.982893407345,0.539657771587,0.57351821661,1.0,0.678177118301,0.518250763416
red_white,0.55,0.983116805553,0.541096270084,0.574926376343,1.0,0.679588794708,0.519951045513
red_white,0.5525,0.983339428902,0.542535662651,0.576334953308,1.0,0.680998265743,0.521651148796
red_white,0.555,0.983561217785,0.543975949287,0.577743887901,1.0,0.682405531406,0.52335113287
red_white,0.5575,0.983782172203,0.545417129993,0.579153299332,1.0,0.683810591698,0.525050938129
red_white,0.56,0.984002530575,0.546859502792,0.58056306839,1.0,0.685213506222,0.526750802994
red_white,0.5625,0.984221875668,0.548302650452,0.581973314285,1.0,0.686614394188,0.528450489044
red_white,0.565,0.984440565109,0.549746990204,0.583384096623,1.0,0.688013195992,0.530150413513
red_white,0.5675,0.984658300877,0.551192522049,0.58479565382,1.0,0.689410150051,0.531850397587
red_white,0.57,0.984875321388,0.552639126778,0.58620762825,1.0,0.690805196762,0.533550620079
red_white,0.5725,0.985091567039,0.554086923599,0.587620437145,1.0,0.69219827652,0.535251021385
red_white,0.575,0.98530703783,0.555536150932,0.589033842087,1.0,0.693589568138,0.536951839924
red_white,0.5775,0.985521674156,0.556986510754,0.590448081493,1.0,0.694979131222,0.538652837277
red_white,0.58,0.985735535622,0.558438301086,0.591863036156,1.0,0.696366965771,0.540354311466
red_white,0.5825,0.985948681831,0.559891343117,0.593278825283,1.0,0.69775313139,0.542056381702
red_white,0.585,0.986160993576,0.561345994472,0.594695627689,1.0,0.699137568474,0.543758928776
red_white,0.5875,0.986372470856,0.56280207634,0.596113264561,1.0,0.700520575047,0.5454621315
red_white,0.59,0.986583292484,0.564259827137,0.597531855106,1.0,0.701902031898,0.547166109085
red_white,0.5925,0.986793220043,0.565718948841,0.59895157814,1.0,0.703281998634,0.548870742321
red_white,0.595,0.987002432346,0.56717979908,0.600372314453,1.0,0.704660594463,0.550576269627
red_white,0.5975,0.987210929394,0.568642437458,0.601794064045,1.0,0.706037700176,0.552282631397
red_white,0.6,0.987418651581,0.570106685162,0.603217124939,1.0,0.707413554192,0.553989887237
red_white,0.6025,0.987625598908,0.571572780609,0.604641318321,1.0,0.708788096905,0.555698215962
red_white,0.605,0.987831652164,0.573040664196,0.606066703796,1.0,0.71016138792,0.557407617569
red_white,0.6075,0.988037109375,0.574510514736,0.607493400574,1.0,0.711533606052,0.559118270874
red_white,0.61,0.988241732121,0.57598233223,0.608921468258,1.0,0.712904572487,0.560829877853
red_white,0.6125,0.988445580006,0.577455997467,0.610350966454,1.0,0.714274525642,0.562542915344
red_white,0.615,0.98864865303,0.578931748867,0.611781835556,1.0,0.71564334631,0.564257144928
red_white,0.6175,0.988851010799,0.580409646034,0.613214194775,1.0,0.717011213303,0.565972864628
red_white,0.62,0.989052593708,0.581889748573,0.614648222923,1.0,0.718378245831,0.567690193653
red_white,0.6225,0.989253401756,0.583371937275,0.616083681583,1.0,0.719744324684,0.569408893585
red_white,0.625,0.989453494549,0.584856510162,0.617520809174,1.0,0.721109509468,0.571129262447
red_white,0.6275,0.989652812481,0.586343288422,0.618959724903,1.0,0.722473978996,0.57285130024
red_white,0.63,0.989851295948,0.587832510471,0.620400369167,1.0,0.723837733269,0.574575126171
red_white,0.6325,0.990049123764,0.589324176312,0.621842563152,1.0,0.725200772285,0.576300799847
red_white,0.635,0.990246236324,0.590818285942,0.623286902904,1.0,0.726563096046,0.578028321266
red_white,0.6375,0.99044251442,0.592314898968,0.624732971191,1.0,0.727924883366,0.57975769043
red_white,0.64,0.990638077259,0.593814194202,0.626181066036,1.0,0.729286193848,0.581489264965
red_white,0.6425,0.990832805633,0.595316231251,0.62763106823,1.0,0.730646967888,0.583222925663
red_white,0.645,0.991026937962,0.596820831299,0.629083275795,1.0,0.732007265091,0.584958732128
red_white,0.6475,0.991220235825,0.59832829237,0.630537629127,1.0,0.733367204666,0.586696684361
red_white,0.65,0.991412699223,0.599838614464,0.631994009018,1.0,0.734726846218,0.588437080383
red_white,0.6525,0.991604506969,0.601351797581,0.633452773094,1.0,0.736086130142,0.590179741383
red_white,0.655,0.991795539856,0.60286796093,0.634913682938,1.0,0.737445235252,0.591924965382
red_white,0.6575,0.991985797882,0.60438734293,0.636376976967,1.0,0.738804221153,0.593672811985
red_white,0.66,0.992175340653,0.605909585953,0.637842714787,1.0,0.74016302824,0.595423340797
red_white,0.6625,0.992364108563,0.60743522644,0.639310956001,1.0,0.741521775722,0.597176492214
red_white,0.665,0.992552220821,0.608964025974,0.640781581402,1.0,0.742880523205,0.598932385445
red_white,0.6675,0.992739498615,0.610496044159,0.642255067825,1.0,0.744239151478,0.600691258907
red_white,0.67,0.992926001549,0.612031519413,0.643730998039,1.0,0.745598018169,0.602453052998
red_white,0.6725,0.993111789227,0.613570451737,0.645209729672,1.0,0.74695700407,0.60421782732
red_white,0.675,0.993296742439,0.615112960339,0.646691322327,1.0,0.748316168785,0.605985701084
red_white,0.6775,0.993481099606,0.616658985615,0.648175656796,1.0,0.749675631523,0.607756972313
red_white,0.68,0.993664503097,0.618208765984,0.649663031101,1.0,0.751035392284,0.609531283379
red_white,0.6825,0.993847250938,0.619762182236,0.651153385639,1.0,0.752395510673,0.611309170723
red_white,0.685,0.994029283524,0.62131947279,0.652646660805,1.0,0.7537561059,0.613090574741
red_white,0.6875,0.994210481644,0.62288069725,0.654143214226,1.0,0.755117118359,0.614875495434
red_white,0.69,0.994390904903,0.624445915222,0.655642807484,1.0,0.756478786468,0.61666405201
red_white,0.6925,0.994570672512,0.62601518631,0.657145857811,1.0,0.757840931416,0.618456184864
red_white,0.695,0.994749605656,0.627588629723,0.658652186394,1.0,0.759203791618,0.620252370834
red_white,0.6975,0.994927823543,0.629166305065,0.660162031651,1.0,0.760567367077,0.622052371502
red_white,0.7,0.995105206966,0.630748212338,0.661675214768,1.0,0.761931657791,0.623856544495
red_white,0.7025,0.995281815529,0.632334649563,0.663192152977,1.0,0.76329690218,0.625664710998
red_white,0.705,0.995457649231,0.633925497532,0.664712667465,1.0,0.764663040638,0.627477288246
red_white,0.7075,0.995632767677,0.635521054268,0.666236996651,1.0,0.766030073166,0.629294037819
red_white,0.71,0.995807051659,0.637121140957,0.667765140533,1.0,0.767398178577,0.631115198135
red_white,0.7125,0.995980501175,0.638725996018,0.669297099113,1.0,0.768767535687,0.632941067219
red_white,0.715,0.996153414249,0.640335857868,0.670833170414,1.0,0.770137906074,0.634771466255
red_white,0.7175,0.99632525444,0.6419506073,0.672373175621,1.0,0.771509468555,0.636606633663
red_white,0.72,0.996496498585,0.643570542336,0.673917591572,1.0,0.772882521153,0.638446867466
red_white,0.7225,0.996666848659,0.645195543766,0.675466179848,1.0,0.774256765842,0.640291810036
red_white,0.725,0.996836423874,0.646825671196,0.677019059658,1.0,0.775632619858,0.642141997814
red_white,0.7275,0.997005224228,0.648461401463,0.678576529026,1.0,0.777009904385,0.643997430801
red_white,0.73,0.997173190117,0.650102496147,0.680138468742,1.0,0.778388738632,0.645858108997
red_white,0.7325,0.997340381146,0.651749312878,0.681705057621,1.0,0.779769361019,0.647724330425
red_white,0.735,0.997506737709,0.653401732445,0.683276474476,1.0,0.781151592732,0.64959615469
red_white,0.7375,0.997672379017,0.655059933662,0.684852540493,1.0,0.782535731792,0.651473581791
red_white,0.74,0.997837007046,0.656724214554,0.686433792114,1.0,0.783921718597,0.653356969357
red_white,0.7425,0.998000919819,0.658394515514,0.688020169735,1.0,0.785309672356,0.655246138573
red_white,0.745,0.998164057732,0.660070896149,0.68961161375,1.0,0.786699652672,0.657141625881
red_white,0.7475,0.998326361179,0.661753714085,0.691208302975,1.0,0.788091957569,0.659043371677
red_white,0.75,0.998487770557,0.663442909718,0.692810475826,1.0,0.78948622942,0.660951375961
red_white,0.7525,0.998648285866,0.665138721466,0.69441819191,1.0,0.790882945061,0.662865996361
red_white,0.755,0.998808026314,0.666841328144,0.69603151083,1.0,0.792282044887,0.66478729248
red_white,0.7575,0.998966872692,0.668550670147,0.69765073061,1.0,0.793683648109,0.666715502739
red_white,0.76,0.999124884605,0.670267045498,0.69927573204,1.0,0.795087754726,0.668650567532
red_white,0.7625,0.999282121658,0.671990513802,0.700906813145,1.0,0.796494543552,0.670592784882
red_white,0.765,0.999438345432,0.673721313477,0.702544093132,1.0,0.797904133797,0.672542452812
red_white,0.7675,0.999593794346,0.675459563732,0.704187691212,1.0,0.799316525459,0.674499511719
red_white,0.77,0.999748289585,0.677205443382,0.705837666988,1.0,0.800731956959,0.67646420002
red_white,0.7725,0.999901890755,0.678959071636,0.70749437809,1.0,0.802150428295,0.678436756134
red_white,0.775,1.0,0.680745780468,0.709173977375,1.0,0.803571939468,0.680417299271
red_white,0.7775,1.0,0.682585000992,0.710889101028,1.0,0.804996728897,0.682405948639
red_white,0.78,1.0,0.684431731701,0.712610661983,1.0,0.806424975395,0.684403061867
red_white,0.7825,1.0,0.686286091804,0.714338839054,1.0,0.807856678963,0.686408877373
red_white,0.785,1.0,0.688148081303,0.716073691845,1.0,0.809292078018,0.688423275948
red_white,0.7875,1.0,0.690018117428,0.717815279961,1.0,0.810731053352,0.690446734428
red_white,0.79,1.0,0.691896319389,0.719564139843,1.0,0.812173902988,0.692479193211
red_white,0.7925,1.0,0.693782806397,0.721320152283,1.0,0.813620686531,0.694521307945
red_white,0.795,1.0,0.695677876473,0.723083436489,1.0,0.815071582794,0.696572780609
red_white,0.7975,1.0,0.697581827641,0.724854528904,1.0,0.816526710987,0.698634326458
red_white,0.8,1.0,0.699494719505,0.726633310318,1.0,0.817986130714,0.700705945492
red_white,0.8025,1.0,0.701416790485,0.728420257568,1.0,0.819450080395,0.70278775692
red_white,0.805,1.0,0.703348398209,0.73021543026,1.0,0.820918619633,0.70488011837
red_white,0.8075,1.0,0.705289661884,0.732018947601,1.0,0.822391986847,0.70698338747
red_white,0.81,1.0,0.70724093914,0.733831167221,1.0,0.823870182037,0.709097743034
red_white,0.8125,1.0,0.709202408791,0.735652267933,1.0,0.825353443623,0.711223423481
red_white,0.815,1.0,0.711174249649,0.737482488155,1.0,0.826841950417,0.713360726833
red_white,0.8175,1.0,0.713156938553,0.739322006702,1.0,0.828335821629,0.715510010719
red_white,0.82,1.0,0.715150654316,0.741171360016,1.0,0.829835295677,0.717671513557
red_white,0.8225,1.0,0.717155694962,0.743030548096,1.0,0.831340491772,0.719845533371
red_white,0.825,1.0,0.719172298908,0.744899809361,1.0,0.832851588726,0.722032427788
red_white,0.8275,1.0,0.721201062203,0.746779501438,1.0,0.834368824959,0.724232673645
red_white,0.83,1.0,0.72324180603,0.748670101166,1.0,0.835892319679,0.726446330547
red_white,0.8325,1.0,0.725295305252,0.750571489334,1.0,0.837422311306,0.728673934937
red_white,0.835,1.0,0.727361738682,0.752484321594,1.0,0.838958919048,0.730915725231
red_white,0.8375,1.0,0.729441344738,0.754408895969,1.0,0.840502440929,0.733172237873
red_white,0.84,1.0,0.731534719467,0.756345450878,1.0,0.842053055763,0.735443770885
red_white,0.8425,1.0,0.733642160893,0.758294165134,1.0,0.843611121178,0.737730801106
red_white,0.845,1.0,0.735764145851,0.760255873203,1.0,0.845176756382,0.740033686161
red_white,0.8475,1.0,0.737900912762,0.76223051548,1.0,0.846750259399,0.742353022098
red_white,0.85,1.0,0.740053117275,0.764218628407,1.0,0.848331689835,0.744688928127
red_white,0.8525,1.0,0.742221057415,0.766220748425,1.0,0.849921584129,0.747042238712
red_white,0.855,1.0,0.744405329227,0.768237054348,1.0,0.851520001888,0.749413371086
red_white,0.8575,1.0,0.746606349945,0.770268023014,1.0,0.853127419949,0.751802802086
red_white,0.86,1.0,0.7488245368,0.772314369678,1.0,0.854744017124,0.754211068153
red_white,0.8625,1.0,0.751060724258,0.774376571178,1.0,0.856370151043,0.756638765335
red_white,0.865,1.0,0.753315091133,0.776454687118,1.0,0.858006119728,0.759086370468
red_white,0.8675,1.0,0.755588591099,0.778549849987,1.0,0.859652280808,0.761554658413
red_white,0.87,1.0,0.757881700993,0.780662178993,1.0,0.861308991909,0.764044284821
red_white,0.8725,1.0,0.760195076466,0.782792270184,1.0,0.862976610661,0.766555845738
red_white,0.875,1.0,0.76252925396,0.784940838814,1.0,0.864655554295,0.769090056419
red_white,0.8775,1.0,0.764885187149,0.787108778954,1.0,0.866346180439,0.771647810936
red_white,0.88,1.0,0.76726347208,0.789296388626,1.0,0.868049025536,0.774229705334
red_white,0.8825,1.0,0.769665002823,0.791504323482,1.0,0.869764328003,0.776836633682
red_white,0.885,1.0,0.772090435028,0.793733716011,1.0,0.871492803097,0.779469609261
red_white,0.8875,1.0,0.774540960789,0.795985102653,1.0,0.87323474884,0.782129228115
red_white,0.89,1.0,0.777017176151,0.798259437084,1.0,0.874990940094,0.784816861153
red_white,0.8925,1.0,0.779520332813,0.800557553768,1.0,0.876761615276,0.787533164024
red_white,0.895,1.0,0.782051384449,0.802880167961,1.0,0.878547668457,0.790279507637
red_white,0.8975,1.0,0.784611344338,0.805228531361,1.0,0.880349457264,0.79305690527
red_white,0.9,1.0,0.787201404572,0.80760383606,1.0,0.882167816162,0.79586648941
red_white,0.9025,1.0,0.789822995663,0.810006797314,1.0,0.884003400803,0.798709750176
red_white,0.905,1.0,0.792477309704,0.81243878603,1.0,0.885856807232,0.801587879658
red_white,0.9075,1.0,0.795165717602,0.814901232719,1.0,0.887729167938,0.804502546787
red_white,0.91,1.0,0.797889828682,0.817395150662,1.0,0.889620959759,0.807455122471
red_white,0.9125,1.0,0.800651192665,0.819922208786,1.0,0.891533195972,0.810447275639
red_white,0.915,1.0,0.803451597691,0.822483956814,1.0,0.893466949463,0.813480973244
red_white,0.9175,1.0,0.806292831898,0.82508212328,1.0,0.895422995091,0.816557824612
red_white,0.92,1.0,0.809177100658,0.827718257904,1.0,0.897402763367,0.819680154324
red_white,0.9225,1.0,0.812106430531,0.830394506454,1.0,0.899407148361,0.822849929333
red_white,0.925,1.0,0.815083026886,0.833112895489,1.0,0.90143764019,0.826069891453
red_white,0.9275,1.0,0.818109869957,0.835875868797,1.0,0.903495430946,0.829342365265
red_white,0.93,1.0,0.821189284325,0.838685631752,1.0,0.905582249165,0.832670211792
red_white,0.9325,1.0,0.824324548244,0.841545045376,1.0,0.907699406147,0.836056530476
red_white,0.935,1.0,0.827518880367,0.844457030296,1.0,0.909848928452,0.839504659176
red_white,0.9375,1.0,0.83077609539,0.847424924374,1.0,0.912032723427,0.843018174171
red_white,0.94,1.0,0.834099769592,0.850452303886,1.0,0.914252698422,0.846601009369
red_white,0.9425,1.0,0.837494790554,0.853542983532,1.0,0.91651147604,0.850257873535
red_white,0.945,1.0,0.840965986252,0.856701374054,1.0,0.918811440468,0.853993475437
red_white,0.9475,1.0,0.844518601894,0.859932482243,1.0,0.921155512333,0.857813179493
red_white,0.95,1.0,0.848159074783,0.863241732121,1.0,0.923547029495,0.861723303795
red_white,0.9525,1.0,0.851894140243,0.866635560989,1.0,0.925989151001,0.865730404854
red_white,0.955,1.0,0.855731844902,0.870120644569,1.0,0.928486287594,0.869842290878
red_white,0.9575,1.0,0.859681308269,0.873705327511,1.0,0.931042850017,0.87406784296
red_white,0.96,1.0,0.863752543926,0.87739866972,1.0,0.933663964272,0.878417015076
red_white,0.9625,1.0,0.867957592011,0.881211578846,1.0,0.936355650425,0.882901310921
red_white,0.965,1.0,0.872310996056,0.885156452656,1.0,0.939124763012,0.887534081936
red_white,0.9675,1.0,0.876828789711,0.88924831152,1.0,0.941979348659,0.892331242561
red_white,0.97,1.0,0.881531298161,0.893504798412,1.0,0.944928944111,0.897311687469
red_white,0.9725,1.0,0.886442661285,0.89794754982,1.0,0.947984755039,0.902497529983
red_white,0.975,1.0,0.891592562199,0.902603507042,1.0,0.951160669327,0.907916724682
red_white,0.9775,1.0,0.89701873064,0.907505989075,1.0,0.954473614693,0.913603305817
red_white,0.98,1.0,0.902769804001,0.912698447704,1.0,0.957944631577,0.919600844383
red_white,0.9825,1.0,0.908909857273,0.918238401413,1.0,0.96160119772,0.925965964794
red_white,0.985,1.0,0.915527105331,0.924204468727,1.0,0.965479493141,0.932775080204
red_white,0.9875,1.0,0.92274916172,0.930710673332,1.0,0.969628989697,0.94013518095
red_white,0.99,1.0,0.930771350861,0.937931716442,1.0,0.974121272564,0.94820523262
red_white,0.9925,1.0,0.939923465252,0.946162223816,1.0,0.979066729546,0.957240283489
red_white,0.995,1.0,0.950848698616,0.955976843834,1.0,0.9846534729,0.967701792717
red_white,0.9975,1.0,0.965209424496,0.968861460686,1.0,0.991261303425,0.980623066425
red_white,1.0,1.0,1.0,1.0,1.0,1.0,1.0
extreme_yellow_blue,0.0,1.0,1.0,0.0,1.0,1.0,0.0
extreme_yellow_blue,0.0025,0.951637685299,0.971921443939,0.0924603044987,0.968365311623,0.995087504387,0.0418611168861
extreme_yellow_blue,0.005,0.930138885975,0.957739591598,0.117624819279,0.945471525192,0.991050839424,0.0684703961015
extreme_yellow_blue,0.0075,0.913927257061,0.946800470352,0.133514121175,0.926647365093,0.98746407032,0.0864191129804
extreme_yellow_blue,0.01,0.90043348074,0.937585473061,0.145331338048,0.910336911678,0.984173297882,0.100315786898
extreme_yellow_blue,0.0125,0.888666093349,0.929486572743,0.154815658927,0.895782709122,0.981099069118,0.111806623638
extreme_yellow_blue,0.015,0.878118753433,0.922186672687,0.162774667144,0.882546246052,0.978193163872,0.121686406434
extreme_yellow_blue,0.0175,0.868491530418,0.915495038032,0.169653430581,0.870346009731,0.975423395634,0.130403742194
extreme_yellow_blue,0.02,0.859589755535,0.909286618233,0.175724193454,0.858988523483,0.97276699543,0.138239145279
extreme_yellow_blue,0.0225,0.851278722286,0.903473615646,0.181166633964,0.848333775997,0.970206856728,0.145379364491
extreme_yellow_blue,0.025,0.843460023403,0.897992134094,0.186105564237,0.83827662468,0.967730045319,0.151956439018
extreme_yellow_blue,0.0275,0.836060523987,0.892793715,0.190631538629,0.828735411167,0.965326189995,0.158067315817
extreme_yellow_blue,0.03,0.829022467136,0.887840509415,0.194812446833,0.819645881653,0.962987005711,0.163785025477
extreme_yellow_blue,0.0325,0.82230079174,0.883102416992,0.198700338602,0.810955762863,0.960705578327,0.169165983796
extreme_yellow_blue,0.035,0.815858662128,0.878555059433,0.202336356044,0.802621781826,0.958476245403,0.174255296588
extreme_yellow_blue,0.0375,0.809665739536,0.874177873135,0.205753281713,0.794608354568,0.956294000149,0.179089128971
extreme_yellow_blue,0.04,0.803697049618,0.869954288006,0.208978071809,0.786885261536,0.954154908657,0.183697119355
extreme_yellow_blue,0.0425,0.797931015492,0.865869998932,0.212032720447,0.779426395893,0.952055215836,0.18810389936
extreme_yellow_blue,0.045,0.792349517345,0.861912667751,0.21493563056,0.772209703922,0.949992001057,0.192330241203
extreme_yellow_blue,0.0475,0.786937177181,0.858071804047,0.217702507973,0.765215694904,0.947962403297,0.19639351964
extreme_yellow_blue,0.05,0.781680107117,0.854337990284,0.220346570015,0.758427500725,0.945963978767,0.20030900836
extreme_yellow_blue,0.0525,0.776566505432,0.850703239441,0.222879320383,0.751829981804,0.943994760513,0.204089298844
extreme_yellow_blue,0.055,0.771585762501,0.847160458565,0.225310578942,0.745410203934,0.942052602768,0.207746013999
extreme_yellow_blue,0.0575,0.766728639603,0.843703389168,0.227649092674,0.739156007767,0.940135836601,0.21128898859
extreme_yellow_blue,0.06,0.761986970902,0.840326368809,0.229902267456,0.73305696249,0.938243091106,0.214726790786
extreme_yellow_blue,0.0625,0.757353067398,0.837024271488,0.232076868415,0.72710365057,0.936372637749,0.218067139387
extreme_yellow_blue,0.065,0.752820551395,0.833792388439,0.234178841114,0.721287250519,0.934523522854,0.221317186952
extreme_yellow_blue,0.0675,0.748383164406,0.830626904964,0.236213415861,0.715599954128,0.932694375515,0.224482581019
extreme_yellow_blue,0.07,0.744035482407,0.827523887157,0.238185361028,0.710034787655,0.930884063244,0.227569147945
extreme_yellow_blue,0.0725,0.739772498608,0.824479997158,0.240098908544,0.704585015774,0.929091691971,0.230581924319
extreme_yellow_blue,0.075,0.735589683056,0.821491956711,0.241957932711,0.699244976044,0.927316308022,0.233525171876
extreme_yellow_blue,0.0775,0.731482982636,0.818557024002,0.243765830994,0.694008886814,0.925557076931,0.236403107643
extreme_yellow_blue,0.08,0.727448284626,0.815672636032,0.245525836945,0.688871860504,0.923813283443,0.239219471812
extreme_yellow_blue,0.0825,0.723482191563,0.812836050987,0.247240781784,0.683829069138,0.922084152698,0.241977602243
extreme_yellow_blue,0.085,0.719581544399,0.810045540333,0.248913243413,0.678876399994,0.920368909836,0.244680792093
extreme_yellow_blue,0.0875,0.71574318409,0.80729842186,0.250545740128,0.674009561539,0.918667078018,0.247331634164
extreme_yellow_blue,0.09,0.711964249611,0.804593086243,0.252140372992,0.669225037098,0.916978001595,0.249933078885
extreme_yellow_blue,0.0925,0.708242297172,0.801927804947,0.253699332476,0.664519190788,0.915301084518,0.252487361431
extreme_yellow_blue,0.095,0.704574823379,0.799300730228,0.255224376917,0.659888863563,0.913635909557,0.254996806383
extreme_yellow_blue,0.0975,0.700959503651,0.796710371971,0.256717264652,0.655331015587,0.911981880665,0.257463485002
extreme_yellow_blue,0.1,0.697394132614,0.794155061245,0.258179575205,0.650842666626,0.910338580608,0.25988945365
extreme_yellow_blue,0.1025,0.693876862526,0.791633784771,0.2596129179,0.646421134472,0.908705472946,0.262276232243
extreme_yellow_blue,0.105,0.690405845642,0.789144933224,0.26101860404,0.642064034939,0.907082378864,0.264625906944
extreme_yellow_blue,0.1075,0.686979174614,0.78668743372,0.262397915125,0.637768864632,0.905468642712,0.266939729452
extreme_yellow_blue,0.11,0.683595299721,0.78426015377,0.263752132654,0.633533477783,0.903864145279,0.269219368696
extreme_yellow_blue,0.1125,0.680252671242,0.781861782074,0.265082329512,0.629355669022,0.902268409729,0.271466314793
extreme_yellow_blue,0.115,0.676949739456,0.779491722584,0.266389667988,0.625233530998,0.900681078434,0.273681432009
extreme_yellow_blue,0.1175,0.673685073852,0.777148663998,0.26767501235,0.621165037155,0.899101853371,0.275866389275
extreme_yellow_blue,0.12,0.670457482338,0.774831771851,0.268939375877,0.617148458958,0.897530436516,0.278022259474
extreme_yellow_blue,0.1225,0.66726565361,0.772540152073,0.270183682442,0.613182067871,0.895966589451,0.280149906874
extreme_yellow_blue,0.125,0.664108335972,0.770273149013,0.271408647299,0.609264433384,0.894410073757,0.282250493765
extreme_yellow_blue,0.1275,0.660984396934,0.768029808998,0.272615164518,0.605393767357,0.892860472202,0.284325063229
extreme_yellow_blue,0.13,0.657893002033,0.765809297562,0.273803889751,0.601568698883,0.891317665577,0.28637444973
extreme_yellow_blue,0.1325,0.654832839966,0.763611197472,0.274975627661,0.59778791666,0.889781475067,0.288399666548
extreme_yellow_blue,0.135,0.651803135872,0.761434674263,0.276130855083,0.594049870968,0.888251423836,0.290401250124
extreme_yellow_blue,0.1375,0.648802757263,0.759279072285,0.27727034688,0.590353488922,0.886727452278,0.292380183935
extreme_yellow_blue,0.14,0.645830929279,0.75714379549,0.278394699097,0.586697459221,0.885209441185,0.294337242842
extreme_yellow_blue,0.1425,0.642886936665,0.755028188229,0.279504477978,0.583080768585,0.883697032928,0.296273052692
extreme_yellow_blue,0.145,0.639969825745,0.752931892872,0.280600130558,0.579502105713,0.882190108299,0.298188179731
extreme_yellow_blue,0.1475,0.637078762054,0.75085413456,0.281682252884,0.575960457325,0.880688548088,0.300083428621
extreme_yellow_blue,0.15,0.634213209152,0.74879437685,0.28275129199,0.572454929352,0.879191994667,0.301959395409
extreme_yellow_blue,0.1525,0.631372213364,0.746752500534,0.283807694912,0.56898444891,0.877700388432,0.303816616535
extreme_yellow_blue,0.155,0.628555357456,0.744727671146,0.284851938486,0.565548062324,0.876213610172,0.305655628443
extreme_yellow_blue,0.1575,0.625761806965,0.742719531059,0.285884380341,0.562144935131,0.874731421471,0.307477086783
extreme_yellow_blue,0.16,0.622990965843,0.740727603436,0.28690558672,0.55877417326,0.873253703117,0.30928131938
extreme_yellow_blue,0.1625,0.620242238045,0.738751649857,0.287915706635,0.555434942246,0.871780335903,0.311068981886
extreme_yellow_blue,0.165,0.617514967918,0.736790895462,0.28891530633,0.552126407623,0.870311021805,0.312840402126
extreme_yellow_blue,0.1675,0.614808797836,0.734845519066,0.289904594421,0.548847854137,0.868845760822,0.314596176148
extreme_yellow_blue,0.17,0.612123131752,0.732914686203,0.290884017944,0.545598566532,0.867384433746,0.316336542368
extreme_yellow_blue,0.1725,0.609457314014,0.730998158455,0.29185384512,0.542377710342,0.865926921368,0.318062037229
extreme_yellow_blue,0.175,0.606810867786,0.729095578194,0.292814403772,0.539184749126,0.864472985268,0.319773107767
extreme_yellow_blue,0.1775,0.60418343544,0.727206766605,0.293765991926,0.536018908024,0.863022565842,0.321470052004
extreme_yellow_blue,0.18,0.601574480534,0.725331187248,0.294708848,0.532879590988,0.861575603485,0.323153227568
extreme_yellow_blue,0.1825,0.59898352623,0.723468661308,0.29564332962,0.529766082764,0.860131859779,0.324822932482
extreme_yellow_blue,0.185,0.596410274506,0.721618711948,0.296569645405,0.526677906513,0.85869127512,0.326479703188
extreme_yellow_blue,0.1875,0.59385406971,0.719781279564,0.297488093376,0.523614525795,0.857253849506,0.328123658895
extreme_yellow_blue,0.19,0.591314673424,0.717955946922,0.298398852348,0.520575225353,0.855819404125,0.329755306244
extreme_yellow_blue,0.1925,0.58879172802,0.716142594814,0.29930216074,0.517559587955,0.854387760162,0.331374824047
extreme_yellow_blue,0.195,0.58628475666,0.714340746403,0.300198346376,0.514566957951,0.852958917618,0.332982420921
extreme_yellow_blue,0.1975,0.583793401718,0.712550282478,0.30108755827,0.511596977711,0.851532697678,0.334578603506
extreme_yellow_blue,0.2,0.581317424774,0.710770905018,0.301969945431,0.508649110794,0.850109100342,0.336163520813
extreme_yellow_blue,0.2025,0.578856348991,0.709002315998,0.30284589529,0.505722761154,0.848687887192,0.337737411261
extreme_yellow_blue,0.205,0.576409816742,0.707244455814,0.303715407848,0.502817571163,0.847269296646,0.339300513267
extreme_yellow_blue,0.2075,0.573977530003,0.705497026443,0.304578751326,0.499933123589,0.845852792263,0.340853124857
extreme_yellow_blue,0.21,0.571559309959,0.703759729862,0.305436164141,0.497068941593,0.844438672066,0.342395544052
extreme_yellow_blue,0.2125,0.56915473938,0.702032446861,0.306287795305,0.49422454834,0.843026518822,0.343927979469
extreme_yellow_blue,0.215,0.566763401032,0.700314879417,0.307133793831,0.491399556398,0.84161657095,0.34545058012
extreme_yellow_blue,0.2175,0.56438523531,0.698606967926,0.307974308729,0.488593637943,0.840208530426,0.346963614225
extreme_yellow_blue,0.22,0.562019824982,0.696908295155,0.308809518814,0.48580634594,0.838802456856,0.348467230797
extreme_yellow_blue,0.2225,0.559666991234,0.695219039917,0.3096396029,0.48303732276,0.837398231029,0.349961608648
extreme_yellow_blue,0.225,0.557326316833,0.693538606167,0.310464709997,0.480286121368,0.835995674133,0.351447194815
extreme_yellow_blue,0.2275,0.554997622967,0.691867053509,0.311285048723,0.477552473545,0.834594905376,0.352923959494
extreme_yellow_blue,0.23,0.55268073082,0.690204143524,0.312100589275,0.474836081266,0.83319568634,0.354392111301
extreme_yellow_blue,0.2325,0.550375401974,0.688549697399,0.312911629677,0.472136437893,0.831798136234,0.355851858854
extreme_yellow_blue,0.235,0.548081219196,0.686903655529,0.313718259335,0.469453334808,0.83040201664,0.357303291559
extreme_yellow_blue,0.2375,0.545798063278,0.6852658391,0.31452062726,0.466786444187,0.829007267952,0.358746737242
extreme_yellow_blue,0.24,0.543525755405,0.683635830879,0.315318763256,0.464135378599,0.827613890171,0.360182344913
extreme_yellow_blue,0.2425,0.54126393795,0.682013809681,0.316112905741,0.46149995923,0.826221823692,0.361610233784
extreme_yellow_blue,0.245,0.539012551308,0.680399417877,0.316903173923,0.458879739046,0.824831068516,0.363030463457
extreme_yellow_blue,0.2475,0.536771178246,0.678792655468,0.317689657211,0.456274479628,0.823441326618,0.364443272352
extreme_yellow_blue,0.25,0.534539818764,0.677193284035,0.318472415209,0.453683942556,0.822052836418,0.365848869085
extreme_yellow_blue,0.2525,0.532318234444,0.675601184368,0.319251686335,0.451107859612,0.820665359497,0.367247313261
extreme_yellow_blue,0.255,0.530106186867,0.674016296864,0.320027410984,0.448545843363,0.819278895855,0.368638813496
extreme_yellow_blue,0.2575,0.527903437614,0.672438383102,0.32079988718,0.445997685194,0.817893385887,0.370023429394
extreme_yellow_blue,0.26,0.525709807873,0.670867323875,0.321569055319,0.443463265896,0.816508710384,0.371401369572
extreme_yellow_blue,0.2625,0.523525178433,0.669303119183,0.322335124016,0.440942108631,0.815124869347,0.372772753239
extreme_yellow_blue,0.265,0.521349310875,0.66774559021,0.323098182678,0.438434034586,0.813741922378,0.374137610197
extreme_yellow_blue,0.2675,0.519182026386,0.666194438934,0.323858350515,0.435938864946,0.812359631062,0.375496268272
extreme_yellow_blue,0.27,0.517023324966,0.664649784565,0.324615508318,0.433456331491,0.810977995396,0.376848608255
extreme_yellow_blue,0.2725,0.514872729778,0.663111448288,0.325370073318,0.430986136198,0.809597074986,0.378194957972
extreme_yellow_blue,0.275,0.512730360031,0.661579370499,0.326121866703,0.428528189659,0.808216571808,0.379535287619
extreme_yellow_blue,0.2775,0.510595858097,0.660053193569,0.326871186495,0.426082164049,0.806836664677,0.380869865418
extreme_yellow_blue,0.28,0.508469164372,0.658533096313,0.327618002892,0.423647880554,0.805457353592,0.38219845295
extreme_yellow_blue,0.2825,0.50635010004,0.657018840313,0.328362345695,0.421225041151,0.804078400135,0.383521705866
extreme_yellow_blue,0.285,0.504238426685,0.655510425568,0.329104453325,0.41881352663,0.802699863911,0.384839206934
extreme_yellow_blue,0.2875,0.502134144306,0.654007613659,0.329844325781,0.416413158178,0.801321685314,0.386151492596
extreme_yellow_blue,0.29,0.500037014484,0.652510404587,0.330582052469,0.414023697376,0.799943804741,0.387458354235
extreme_yellow_blue,0.2925,0.497946918011,0.651018559933,0.331317692995,0.411644816399,0.798566102982,0.388760060072
extreme_yellow_blue,0.295,0.495863735676,0.649532198906,0.332051277161,0.409276545048,0.797188699245,0.390056520701
extreme_yellow_blue,0.2975,0.493787199259,0.648051023483,0.332783013582,0.406918466091,0.795811295509,0.39134812355
extreme_yellow_blue,0.3,0.49171730876,0.646575093269,0.33351290226,0.404570549726,0.794434249401,0.39263471961
extreme_yellow_blue,0.3025,0.489653915167,0.645104289055,0.334241002798,0.402232587338,0.793057143688,0.393916487694
extreme_yellow_blue,0.305,0.487596839666,0.643638491631,0.334967374802,0.39990440011,0.79168009758,0.395193487406
extreme_yellow_blue,0.3075,0.485546022654,0.642177641392,0.335692167282,0.397585690022,0.790303051472,0.396465957165
extreme_yellow_blue,0.31,0.48350122571,0.640721619129,0.336415439844,0.395276457071,0.788925945759,0.397733747959
extreme_yellow_blue,0.3125,0.481462359428,0.639270365238,0.337137132883,0.392976433039,0.787548840046,0.39899712801
extreme_yellow_blue,0.315,0.479429364204,0.637823879719,0.337857455015,0.39068543911,0.786171555519,0.40025600791
extreme_yellow_blue,0.3175,0.477402031422,0.636381924152,0.338576406241,0.388403296471,0.784794032574,0.401510566473
extreme_yellow_blue,0.32,0.475380390883,0.634944438934,0.339294075966,0.386129975319,0.783416390419,0.402760982513
extreme_yellow_blue,0.3225,0.473363995552,0.633511424065,0.340010493994,0.383865118027,0.782038509846,0.404007226229
extreme_yellow_blue,0.325,0.471353143454,0.632082879543,0.340725749731,0.381608694792,0.780660271645,0.405249387026
extreme_yellow_blue,0.3275,0.469347476959,0.630658566952,0.341439992189,0.379360467195,0.77928173542,0.406487554312
extreme_yellow_blue,0.33,0.467346847057,0.629238545895,0.342153042555,0.377120345831,0.777902901173,0.407721757889
extreme_yellow_blue,0.3325,0.465351313353,0.627822577953,0.342865198851,0.374888211489,0.776523649692,0.408952146769
extreme_yellow_blue,0.335,0.463360577822,0.626410782337,0.343576490879,0.372663736343,0.77514398098,0.410178750753
extreme_yellow_blue,0.3375,0.461374700069,0.625003099442,0.344286829233,0.370446979999,0.773763775826,0.411401599646
extreme_yellow_blue,0.34,0.459393382072,0.623599290848,0.344996392727,0.368237674236,0.772383153439,0.412620931864
extreme_yellow_blue,0.3425,0.45741674304,0.622199416161,0.345705151558,0.366035670042,0.771001935005,0.413836538792
extreme_yellow_blue,0.345,0.455444514751,0.620803296566,0.34641328454,0.36384087801,0.76962018013,0.415048748255
extreme_yellow_blue,0.3475,0.453476607799,0.619410932064,0.347120821476,0.36165317893,0.768237829208,0.416257560253
extreme_yellow_blue,0.35,0.451512932777,0.61802226305,0.347827732563,0.35947227478,0.766854703426,0.417462915182
extreme_yellow_blue,0.3525,0.449553459883,0.616637289524,0.348534137011,0.357298254967,0.765470981598,0.418664962053
extreme_yellow_blue,0.355,0.447598010302,0.615255892277,0.349240064621,0.355130821466,0.764086544514,0.419863879681
extreme_yellow_blue,0.3575,0.445646494627,0.613877892494,0.349945604801,0.352969914675,0.762701392174,0.421059578657
extreme_yellow_blue,0.36,0.443698853254,0.61250346899,0.350650757551,0.350815266371,0.761315345764,0.42225214839
extreme_yellow_blue,0.3625,0.441754937172,0.611132383347,0.35135564208,0.348666876555,0.75992846489,0.423441678286
extreme_yellow_blue,0.365,0.439814686775,0.609764635563,0.352060228586,0.346524566412,0.758540809154,0.424628287554
extreme_yellow_blue,0.3675,0.43787792325,0.608400166035,0.352764666081,0.344388306141,0.75715225935,0.425811886787
extreme_yellow_blue,0.37,0.435944676399,0.607038915157,0.353468894958,0.342257797718,0.755762815475,0.4269926548
extreme_yellow_blue,0.3725,0.434014797211,0.605680882931,0.35417303443,0.340133011341,0.754372358322,0.428170710802
extreme_yellow_blue,0.375,0.432088077068,0.604325890541,0.354877144098,0.338013857603,0.75298088789,0.429345846176
extreme_yellow_blue,0.3775,0.430164635181,0.602974057198,0.355581253767,0.335900068283,0.751588463783,0.43051841855
extreme_yellow_blue,0.38,0.428244233131,0.601625084877,0.356285393238,0.333791613579,0.750194966793,0.431688308716
extreme_yellow_blue,0.3825,0.426326841116,0.600279092789,0.356989622116,0.331688344479,0.748800337315,0.432855635881
extreme_yellow_blue,0.385,0.424412339926,0.598935961723,0.357694029808,0.329590141773,0.747404634952,0.434020370245
extreme_yellow_blue,0.3875,0.422500610352,0.597595870495,0.358398675919,0.32749697566,0.746007740498,0.435182839632
extreme_yellow_blue,0.39,0.420591592789,0.59625852108,0.35910359025,0.325408488512,0.74460965395,0.436342716217
extreme_yellow_blue,0.3925,0.41868519783,0.59492379427,0.359808653593,0.323324710131,0.743210315704,0.437500268221
extreme_yellow_blue,0.395,0.416781365871,0.593591928482,0.360514193773,0.321245610714,0.741809725761,0.438655555248
extreme_yellow_blue,0.3975,0.414880007505,0.592262506485,0.361220091581,0.319170862436,0.740407884121,0.439808607101
extreme_yellow_blue,0.4,0.412980973721,0.590935826302,0.361926406622,0.317100584507,0.739004731178,0.440959334373
extreme_yellow_blue,0.4025,0.411084145307,0.589611709118,0.362633228302,0.315034389496,0.737600207329,0.442108035088
extreme_yellow_blue,0.405,0.409189552069,0.588290035725,0.363340586424,0.31297236681,0.736194252968,0.443254649639
extreme_yellow_blue,0.4075,0.40729701519,0.586970865727,0.36404851079,0.310914307833,0.7347869277,0.444399118423
extreme_yellow_blue,0.41,0.405406564474,0.585654079914,0.364757090807,0.30886003375,0.733378231525,0.445541679859
extreme_yellow_blue,0.4125,0.4035179317,0.584339678287,0.365466356278,0.306809544563,0.731967926025,0.446682363749
extreme_yellow_blue,0.415,0.401631206274,0.583027660847,0.366176337004,0.304762631655,0.730556190014,0.44782102108
extreme_yellow_blue,0.4175,0.399746179581,0.581717789173,0.366887122393,0.30271923542,0.729142844677,0.448957890272
extreme_yellow_blue,0.42,0.39786285162,0.580410242081,0.367598593235,0.300679236651,0.727727890015,0.45009291172
extreme_yellow_blue,0.4225,0.39598095417,0.57910490036,0.368311047554,0.298642426729,0.726311385632,0.451226294041
extreme_yellow_blue,0.425,0.394100666046,0.577801585197,0.36902436614,0.296608775854,0.724893271923,0.452357947826
extreme_yellow_blue,0.4275,0.392221838236,0.576500356197,0.369738668203,0.294578105211,0.723473370075,0.45348790288
extreme_yellow_blue,0.43,0.390344202518,0.575201451778,0.370453953743,0.292550414801,0.722051858902,0.454616248608
extreme_yellow_blue,0.4325,0.388467848301,0.573904335499,0.371170252562,0.290525466204,0.720628559589,0.455743074417
extreme_yellow_blue,0.435,0.386592596769,0.572609364986,0.371887773275,0.288503199816,0.719203531742,0.456868439913
extreme_yellow_blue,0.4375,0.384718418121,0.571316182613,0.372606277466,0.286483287811,0.717776656151,0.457992225885
extreme_yellow_blue,0.44,0.38284522295,0.570024967194,0.373326033354,0.284465938807,0.716347932816,0.459114640951
extreme_yellow_blue,0.4425,0.380972892046,0.568735659123,0.374047040939,0.282450824976,0.714917421341,0.460235714912
extreme_yellow_blue,0.445,0.379101365805,0.567448079586,0.374769300222,0.280437856913,0.713484883308,0.461355507374
extreme_yellow_blue,0.4475,0.377230525017,0.566162407398,0.375492930412,0.27842694521,0.712050497532,0.46247407794
extreme_yellow_blue,0.45,0.375360310078,0.564878284931,0.376217931509,0.276417940855,0.710614085197,0.463591247797
extreme_yellow_blue,0.4525,0.373490661383,0.563595890999,0.376944363117,0.274410694838,0.709175765514,0.464707404375
extreme_yellow_blue,0.455,0.371621400118,0.562315285206,0.377672195435,0.272405177355,0.707735359669,0.46582236886
extreme_yellow_blue,0.4575,0.369752526283,0.561036169529,0.378401577473,0.270401149988,0.706292867661,0.466936141252
extreme_yellow_blue,0.46,0.367883831263,0.559758722782,0.379132509232,0.268398553133,0.70484828949,0.468048989773
extreme_yellow_blue,0.4625,0.366015434265,0.558482706547,0.379865080118,0.266397207975,0.703401565552,0.469160795212
extreme_yellow_blue,0.465,0.36414706707,0.557208240032,0.380599290132,0.264396905899,0.701952695847,0.470271676779
extreme_yellow_blue,0.4675,0.362278789282,0.555935323238,0.381335228682,0.262397736311,0.700501620769,0.471381604671
extreme_yellow_blue,0.47,0.360410273075,0.554663777351,0.382072895765,0.260399311781,0.699048221111,0.472490727901
extreme_yellow_blue,0.4725,0.358541667461,0.553393721581,0.382812350988,0.258401811123,0.697592616081,0.473599016666
extreme_yellow_blue,0.475,0.356672793627,0.552124857902,0.383553653956,0.256404727697,0.696134746075,0.474706470966
extreme_yellow_blue,0.4775,0.354803532362,0.550857424736,0.384296864271,0.254408240318,0.694674611092,0.475813269615
extreme_yellow_blue,0.48,0.352933853865,0.549591183662,0.385041981935,0.252412050962,0.693211972713,0.476919382811
extreme_yellow_blue,0.4825,0.351063549519,0.548326313496,0.385789185762,0.25041604042,0.691747009754,0.478024870157
extreme_yellow_blue,0.485,0.349192619324,0.547062516213,0.38653832674,0.248419985175,0.6902795434,0.479129761457
extreme_yellow_blue,0.4875,0.347320944071,0.545799970627,0.387289613485,0.246423825622,0.688809633255,0.480234086514
extreme_yellow_blue,0.49,0.345448493957,0.544538557529,0.388042986393,0.244427576661,0.687337219715,0.481337934732
extreme_yellow_blue,0.4925,0.34357509017,0.543278217316,0.388798624277,0.242430731654,0.685862243176,0.482441306114
extreme_yellow_blue,0.495,0.341700673103,0.542019128799,0.389556497335,0.240433350205,0.684384644032,0.483544260263
extreme_yellow_blue,0.4975,0.339825034142,0.540760874748,0.390316605568,0.238435357809,0.682904541493,0.48464691639
extreme_yellow_blue,0.5,0.337948262692,0.539503574371,0.391079097986,0.236436352134,0.68142169714,0.485749185085
extreme_yellow_blue,0.5025,0.336070209742,0.538247406483,0.39184397459,0.234436407685,0.679936230183,0.48685118556
extreme_yellow_blue,0.505,0.334190666676,0.536992073059,0.392611354589,0.232435122132,0.678448021412,0.487953037024
extreme_yellow_blue,0.5075,0.332309544086,0.535737633705,0.393381148577,0.230432525277,0.676957011223,0.489054620266
extreme_yellow_blue,0.51,0.33042678237,0.534484028816,0.394153565168,0.228428304195,0.67546325922,0.490156084299
extreme_yellow_blue,0.5125,0.32854232192,0.533231258392,0.394928514957,0.226422384381,0.673966705799,0.491257488728
extreme_yellow_blue,0.515,0.32665604353,0.531979322433,0.395706146955,0.224414646626,0.672467172146,0.492358863354
extreme_yellow_blue,0.5175,0.324767768383,0.53072810173,0.396486461163,0.222404748201,0.670964837074,0.493460208178
extreme_yellow_blue,0.52,0.322877377272,0.529477596283,0.397269546986,0.220392540097,0.669459462166,0.494561642408
extreme_yellow_blue,0.5225,0.320984899998,0.528227806091,0.398055523634,0.218377768993,0.66795116663,0.495663195848
extreme_yellow_blue,0.525,0.319090098143,0.526978611946,0.398844301701,0.216360419989,0.666439831257,0.496764838695
extreme_yellow_blue,0.5275,0.317192822695,0.525730192661,0.399636030197,0.214340209961,0.664925396442,0.497866719961
extreme_yellow_blue,0.53,0.315293133259,0.524482190609,0.400430858135,0.212316870689,0.663407981396,0.498968839645
extreme_yellow_blue,0.5325,0.313390672207,0.523234784603,0.401228576899,0.210290163755,0.661887288094,0.500071227551
extreme_yellow_blue,0.535,0.311485588551,0.521987855434,0.402029424906,0.208259925246,0.66036349535,0.501173973083
extreme_yellow_blue,0.5375,0.30957749486,0.520741462707,0.402833491564,0.206225961447,0.658836424351,0.502277135849
extreme_yellow_blue,0.54,0.307666510344,0.519495487213,0.403640657663,0.204188004136,0.657306194305,0.503380656242
extreme_yellow_blue,0.5425,0.305752336979,0.518249869347,0.404451191425,0.202145814896,0.655772566795,0.504484772682
extreme_yellow_blue,0.545,0.303834855557,0.517004728317,0.405265033245,0.200099155307,0.65423566103,0.505589365959
extreme_yellow_blue,0.5475,0.301914006472,0.515759885311,0.406082302332,0.19804777205,0.6526953578,0.506694555283
extreme_yellow_blue,0.55,0.29998973012,0.514515340328,0.406903028488,0.195991352201,0.651151657104,0.507800400257
extreme_yellow_blue,0.5525,0.298061609268,0.513271152973,0.407727301121,0.193929746747,0.64960449934,0.508906900883
extreme_yellow_blue,0.555,0.296129822731,0.512027144432,0.408555030823,0.19186258316,0.648053705692,0.510014116764
extreme_yellow_blue,0.5575,0.294194102287,0.510783314705,0.409386515617,0.189789474011,0.646499454975,0.51112216711
extreme_yellow_blue,0.56,0.292254179716,0.509539663792,0.410221606493,0.187710180879,0.644941627979,0.512231051922
extreme_yellow_blue,0.5625,0.290310144424,0.508296191692,0.411060541868,0.185624480248,0.6433801651,0.513340890408
extreme_yellow_blue,0.565,0.28836157918,0.507052719593,0.411903381348,0.183531999588,0.641815006733,0.514451622963
extreme_yellow_blue,0.5675,0.286408603191,0.505809426308,0.412750035524,0.181432336569,0.640246093273,0.515563309193
extreme_yellow_blue,0.57,0.284450858831,0.504566133022,0.413600772619,0.17932523787,0.638673424721,0.516676187515
extreme_yellow_blue,0.5725,0.282488286495,0.503322839737,0.414455503225,0.177210345864,0.637097001076,0.517790138722
extreme_yellow_blue,0.575,0.280520647764,0.502079427242,0.415314227343,0.175086989999,0.63551658392,0.518905282021
extreme_yellow_blue,0.5775,0.278547793627,0.500836074352,0.416177302599,0.172955274582,0.633932232857,0.520021498203
extreme_yellow_blue,0.58,0.276569664478,0.499592602253,0.417044490576,0.170814290643,0.632344067097,0.521139204502
extreme_yellow_blue,0.5825,0.274585932493,0.498348891735,0.417916089296,0.168663904071,0.630751848221,0.522258043289
extreme_yellow_blue,0.585,0.272596508264,0.497105002403,0.418792039156,0.16650365293,0.629155576229,0.523378431797
extreme_yellow_blue,0.5875,0.270601123571,0.495861023665,0.419672489166,0.164333164692,0.627555072308,0.524500191212
extreme_yellow_blue,0.59,0.268599659205,0.494616687298,0.42055746913,0.162151500583,0.625950634479,0.525623559952
extreme_yellow_blue,0.5925,0.266591906547,0.49337208271,0.421447098255,0.159958481789,0.624341845512,0.526748538017
extreme_yellow_blue,0.595,0.26457759738,0.492127150297,0.422341376543,0.157753482461,0.622728765011,0.527875065803
extreme_yellow_blue,0.5975,0.262556582689,0.490881770849,0.423240572214,0.155536070466,0.621111452579,0.529003381729
extreme_yellow_blue,0.6,0.26052865386,0.489636152983,0.42414444685,0.153305351734,0.619489789009,0.530133366585
extreme_yellow_blue,0.6025,0.258493632078,0.488390147686,0.425053298473,0.151061028242,0.617863595486,0.53126513958
extreme_yellow_blue,0.605,0.256451189518,0.487143546343,0.425967246294,0.148802265525,0.616232991219,0.532398819923
extreme_yellow_blue,0.6075,0.25440120697,0.48589643836,0.426886290312,0.146528363228,0.614597976208,0.53353458643
extreme_yellow_blue,0.61,0.252343326807,0.484648793936,0.427810460329,0.144238606095,0.612958312035,0.534672260284
extreme_yellow_blue,0.6125,0.250277340412,0.483400523663,0.428739875555,0.141931980848,0.611313998699,0.535812020302
extreme_yellow_blue,0.615,0.248203083873,0.482151716948,0.429674744606,0.13960814476,0.609665036202,0.536953926086
extreme_yellow_blue,0.6175,0.246120169759,0.480902194977,0.43061503768,0.13726554811,0.608011305332,0.538098156452
extreme_yellow_blue,0.62,0.244028389454,0.479651987553,0.431560873985,0.134903967381,0.606352746487,0.539244472981
extreme_yellow_blue,0.6225,0.241927415132,0.478401064873,0.432512283325,0.132521703839,0.604689359665,0.540393412113
extreme_yellow_blue,0.625,0.239817112684,0.477149277925,0.433469474316,0.13011829555,0.603021085262,0.541544675827
extreme_yellow_blue,0.6275,0.23769697547,0.475896775722,0.434432417154,0.127692267299,0.601347863674,0.542698442936
extreme_yellow_blue,0.63,0.23556676507,0.474643409252,0.43540135026,0.125242292881,0.599669456482,0.543854832649
extreme_yellow_blue,0.6325,0.233426198363,0.473389089107,0.436376214027,0.122767277062,0.597985982895,0.545013725758
extreme_yellow_blue,0.635,0.231274798512,0.472133815289,0.437357217073,0.120265625417,0.596297383308,0.546175479889
extreme_yellow_blue,0.6375,0.229112491012,0.470877587795,0.438344478607,0.117736130953,0.594603538513,0.547340095043
extreme_yellow_blue,0.64,0.226938739419,0.469620347023,0.439338088036,0.115176595747,0.5929043293,0.548507630825
extreme_yellow_blue,0.6425,0.224753156304,0.468362003565,0.440338075161,0.112585693598,0.591199874878,0.549677968025
extreme_yellow_blue,0.645,0.222555428743,0.467102557421,0.441344559193,0.109961315989,0.589489877224,0.550851523876
extreme_yellow_blue,0.6475,0.220345050096,0.465841978788,0.442357689142,0.107301570475,0.587774455547,0.552028059959
extreme_yellow_blue,0.65,0.218121707439,0.464580208063,0.443377643824,0.104603566229,0.586053490639,0.553207933903
extreme_yellow_blue,0.6525,0.21588486433,0.463317126036,0.444404363632,0.101865485311,0.58432674408,0.554391205311
extreme_yellow_blue,0.655,0.213634207845,0.462052851915,0.445438027382,0.0990840271115,0.582594513893,0.555577754974
extreme_yellow_blue,0.6575,0.211369022727,0.460787117481,0.446478903294,0.096256300807,0.580856263637,0.556767821312
extreme_yellow_blue,0.66,0.209089100361,0.45952013135,0.44752690196,0.0933790206909,0.579112231731,0.557961463928
extreme_yellow_blue,0.6625,0.206793770194,0.458251655102,0.44858238101,0.0904480591416,0.57736235857,0.559158742428
extreme_yellow_blue,0.665,0.204482480884,0.45698171854,0.449645191431,0.0874599218369,0.575606405735,0.560359835625
extreme_yellow_blue,0.6675,0.202154666185,0.45571026206,0.450715571642,0.0844092071056,0.573844432831,0.561564683914
extreme_yellow_blue,0.67,0.19980981946,0.454437166452,0.451793700457,0.081290781498,0.572076201439,0.562773644924
extreme_yellow_blue,0.6725,0.197447121143,0.453162521124,0.45287963748,0.0780985951424,0.570301711559,0.563986599445
extreme_yellow_blue,0.675,0.195066183806,0.451886177063,0.45397362113,0.074826233089,0.568521022797,0.565203785896
extreme_yellow_blue,0.6775,0.192666009069,0.45060813427,0.455075651407,0.0714647471905,0.566733896732,0.566425204277
extreme_yellow_blue,0.68,0.190246120095,0.449328273535,0.456186056137,0.0680058002472,0.564940154553,0.567650914192
extreme_yellow_blue,0.6825,0.187805637717,0.448046654463,0.457304775715,0.0644380748272,0.563139975071,0.568881213665
extreme_yellow_blue,0.685,0.185343727469,0.446763128042,0.458431988954,0.0607495829463,0.56133300066,0.570116043091
extreme_yellow_blue,0.6875,0.182859674096,0.445477604866,0.459567964077,0.056924328208,0.559519350529,0.571355521679
extreme_yellow_blue,0.69,0.180352553725,0.444190174341,0.460712790489,0.0529439710081,0.557698726654,0.572600007057
extreme_yellow_blue,0.6925,0.177821189165,0.442900627851,0.461866557598,0.0487861260772,0.555871248245,0.573849320412
extreme_yellow_blue,0.695,0.175264731049,0.441609025002,0.46302947402,0.044422596693,0.554036796093,0.575103700161
extreme_yellow_blue,0.6975,0.172682210803,0.44031521678,0.464201807976,0.0398090407252,0.552195191383,0.576363325119
extreme_yellow_blue,0.7,0.170072197914,0.439019173384,0.465383529663,0.0350531451404,0.550346314907,0.577628135681
extreme_yellow_blue,0.7025,0.167433679104,0.437720924616,0.46657499671,0.0303408559412,0.548490107059,0.578898429871
extreme_yellow_blue,0.705,0.164765447378,0.436420232058,0.467776268721,0.0256721731275,0.546626448631,0.580174386501
extreme_yellow_blue,0.7075,0.162065923214,0.435117244721,0.468987524509,0.0210463255644,0.544755280018,0.581456005573
extreme_yellow_blue,0.71,0.1593336761,0.433811664581,0.470209032297,0.0164627376944,0.542876422405,0.5827434659
extreme_yellow_blue,0.7125,0.156567156315,0.432503610849,0.471440821886,0.0119222756475,0.540989935398,0.584036946297
extreme_yellow_blue,0.715,0.153764665127,0.431192904711,0.472683221102,0.00742359086871,0.539095401764,0.585336506367
extreme_yellow_blue,0.7175,0.150924101472,0.429879546166,0.473936408758,0.00296639441513,0.537193000317,0.586642384529
extreme_yellow_blue,0.72,0.148043870926,0.428563445807,0.475200533867,0.0,0.535255372524,0.587902784347
extreme_yellow_blue,0.7225,0.145121544599,0.427244484425,0.476475775242,0.0,0.533254981041,0.589058578014
extreme_yellow_blue,0.725,0.142154917121,0.425922751427,0.477762371302,0.0,0.531247437,0.590213239193
extreme_yellow_blue,0.7275,0.139141321182,0.42459794879,0.47906062007,0.0,0.529232680798,0.59136724472
extreme_yellow_blue,0.73,0.136078193784,0.42327016592,0.480370610952,0.0,0.527210593224,0.592520296574
extreme_yellow_blue,0.7325,0.132962316275,0.421939224005,0.481692671776,0.0,0.525180995464,0.59367287159
extreme_yellow_blue,0.735,0.129790365696,0.420605152845,0.483027011156,0.0,0.523143708706,0.594825029373
extreme_yellow_blue,0.7375,0.126558840275,0.419267743826,0.484373778105,0.0,0.521098792553,0.595976889133
extreme_yellow_blue,0.74,0.123263470829,0.417927056551,0.485733240843,0.0,0.519045948982,0.597128748894
extreme_yellow_blue,0.7425,0.119899965823,0.416582882404,0.487105876207,0.0,0.516985237598,0.598280668259
extreme_yellow_blue,0.745,0.116463154554,0.415235161781,0.488491564989,0.0,0.514916419983,0.599432826042
extreme_yellow_blue,0.7475,0.112947434187,0.413883805275,0.489890784025,0.0,0.512839436531,0.600585341454
extreme_yellow_blue,0.75,0.109346471727,0.412528783083,0.491303831339,0.0,0.510754048824,0.601738631725
extreme_yellow_blue,0.7525,0.105653204024,0.411169916391,0.492730855942,0.0,0.508660256863,0.602892637253
extreme_yellow_blue,0.755,0.101859495044,0.409807085991,0.494172275066,0.0,0.506557941437,0.604047596455
extreme_yellow_blue,0.7575,0.0979556292296,0.408440381289,0.495628267527,0.0,0.504446804523,0.605203747749
extreme_yellow_blue,0.76,0.0939311906695,0.407069504261,0.497099161148,0.0,0.502326846123,0.606361210346
extreme_yellow_blue,0.7625,0.0897733196616,0.405694454908,0.498585313559,0.0,0.500197768211,0.607520163059
extreme_yellow_blue,0.765,0.0854671373963,0.404314994812,0.500086963177,0.0,0.498059719801,0.608680844307
extreme_yellow_blue,0.7675,0.0809947624803,0.402931153774,0.501604557037,0.0,0.495912283659,0.609843552113
extreme_yellow_blue,0.77,0.0763350725174,0.401542842388,0.503138303757,0.0,0.493755340576,0.611008286476
extreme_yellow_blue,0.7725,0.0714615210891,0.400149732828,0.504688620567,0.0,0.491588950157,0.612175524235
extreme_yellow_blue,0.775,0.0663414672017,0.398751974106,0.506255805492,0.0,0.489412635565,0.613345146179
extreme_yellow_blue,0.7775,0.0609339997172,0.397349238396,0.507840275764,0.0,0.487226456404,0.614517688751
extreme_yellow_blue,0.78,0.0551842711866,0.395941466093,0.509442389011,0.0,0.485030293465,0.615693151951
extreme_yellow_blue,0.7825,0.0490199886262,0.394528418779,0.511062562466,0.0,0.482823818922,0.616871833801
extreme_yellow_blue,0.785,0.0423400886357,0.393110275269,0.512701094151,0.0,0.480606853962,0.618054032326
extreme_yellow_blue,0.7875,0.0351231880486,0.391686499119,0.514358580113,0.0,0.478379249573,0.619239926338
extreme_yellow_blue,0.79,0.0278932843357,0.390257239342,0.51603525877,0.0,0.476141005755,0.620429813862
extreme_yellow_blue,0.7925,0.0207090880722,0.388822168112,0.51773160696,0.0,0.473891764879,0.621623933315
extreme_yellow_blue,0.795,0.013570740819,0.387381285429,0.51944822073,0.0,0.471631318331,0.622822463512
extreme_yellow_blue,0.7975,0.00647849636152,0.385934263468,0.521185338497,0.0,0.469359487295,0.624025762081
extreme_yellow_blue,0.8,0.0,0.384469807148,0.522887289524,0.0,0.467076182365,0.625234246254
extreme_yellow_blue,0.8025,0.0,0.382873445749,0.523959219456,0.0,0.464781045914,0.626448094845
extreme_yellow_blue,0.805,0.0,0.381274312735,0.525035083294,0.0,0.462473958731,0.627667486668
extreme_yellow_blue,0.8075,0.0,0.379672169685,0.52611553669,0.0,0.460154622793,0.628892838955
extreme_yellow_blue,0.81,0.0,0.378067076206,0.527200877667,0.0,0.457822948694,0.630124509335
extreme_yellow_blue,0.8125,0.0,0.376458853483,0.528292059898,0.0,0.455478608608,0.631362855434
extreme_yellow_blue,0.815,0.0,0.374847441912,0.529389500618,0.0,0.453121304512,0.632608175278
extreme_yellow_blue,0.8175,0.0,0.373232722282,0.530493736267,0.0,0.450750976801,0.633860707283
extreme_yellow_blue,0.82,0.0,0.371614605188,0.531605482101,0.0,0.448367267847,0.635121226311
extreme_yellow_blue,0.8225,0.0,0.36999297142,0.532725453377,0.0,0.44596979022,0.636389672756
extreme_yellow_blue,0.825,0.0,0.368367642164,0.533854305744,0.0,0.443558454514,0.637666702271
extreme_yellow_blue,0.8275,0.0,0.366738587618,0.534992754459,0.0,0.441132992506,0.638952732086
extreme_yellow_blue,0.83,0.0,0.365105718374,0.536141395569,0.0,0.438692957163,0.640248119831
extreme_yellow_blue,0.8325,0.0,0.363468825817,0.537301242352,0.0,0.436238259077,0.641553461552
extreme_yellow_blue,0.835,0.0,0.36182782054,0.538472831249,0.0,0.433768481016,0.64286917448
extreme_yellow_blue,0.8375,0.0,0.36018255353,0.539657175541,0.0,0.431283295155,0.644195735455
extreme_yellow_blue,0.84,0.0,0.358532845974,0.540855109692,0.0,0.428782403469,0.645533740521
extreme_yellow_blue,0.8425,0.0,0.356878608465,0.542067408562,0.0,0.426265388727,0.64688372612
extreme_yellow_blue,0.845,0.0,0.35521966219,0.543295264244,0.0,0.423731952906,0.6482462883
extreme_yellow_blue,0.8475,0.0,0.353555828333,0.544539451599,0.0,0.421181887388,0.649622142315
extreme_yellow_blue,0.85,0.0,0.351886957884,0.54580104351,0.0,0.418614566326,0.651011765003
extreme_yellow_blue,0.8525,0.0,0.350212872028,0.547081172466,0.0,0.416029810906,0.652415931225
extreme_yellow_blue,0.855,0.0,0.348533391952,0.548380792141,0.0,0.413426995277,0.65383541584
extreme_yellow_blue,0.8575,0.0,0.346848279238,0.549701273441,0.0,0.410805732012,0.655270934105
extreme_yellow_blue,0.86,0.0,0.345157295466,0.551043689251,0.0,0.40816578269,0.656723320484
extreme_yellow_blue,0.8625,0.0,0.343460232019,0.552409529686,0.0,0.405506521463,0.658193290234
extreme_yellow_blue,0.865,0.0,0.341756939888,0.553800046444,0.0,0.40282741189,0.659682035446
extreme_yellow_blue,0.8675,0.0,0.340047061443,0.555216670036,0.0,0.400128036737,0.661190271378
extreme_yellow_blue,0.87,0.0,0.338330358267,0.556661069393,0.0,0.397407770157,0.662719070911
extreme_yellow_blue,0.8725,0.0,0.336606621742,0.558134734631,0.0,0.394666165113,0.664269566536
extreme_yellow_blue,0.875,0.0,0.334875404835,0.559639215469,0.0,0.39190274477,0.665842890739
extreme_yellow_blue,0.8775,0.0,0.333136409521,0.561176478863,0.0,0.389116615057,0.667440235615
extreme_yellow_blue,0.88,0.0,0.33138948679,0.562748610973,0.0,0.386307120323,0.669063031673
extreme_yellow_blue,0.8825,0.0,0.329633980989,0.564357280731,0.0,0.383473783731,0.670712471008
extreme_yellow_blue,0.885,0.0,0.327869653702,0.566004753113,0.0,0.380615860224,0.672390222549
extreme_yellow_blue,0.8875,0.0,0.326096057892,0.567693412304,0.0,0.377732366323,0.674097776413
extreme_yellow_blue,0.89,0.0,0.324312746525,0.569425702095,0.0,0.374822556972,0.675836861134
extreme_yellow_blue,0.8925,0.0,0.322519183159,0.571204006672,0.0,0.371885836124,0.677609324455
extreme_yellow_blue,0.895,0.0,0.320714861155,0.573031187058,0.0,0.368921011686,0.679417133331
extreme_yellow_blue,0.8975,0.0,0.318899124861,0.574910163879,0.0,0.365927129984,0.681262493133
extreme_yellow_blue,0.9,0.0,0.317071378231,0.576844155788,0.0,0.362903088331,0.68314743042
extreme_yellow_blue,0.9025,0.0,0.315230995417,0.578836619854,0.0,0.359847843647,0.685074687004
extreme_yellow_blue,0.905,0.0,0.313377141952,0.58089107275,0.0,0.356760144234,0.687046825886
extreme_yellow_blue,0.9075,0.0,0.311509013176,0.583011507988,0.0,0.353638857603,0.689066827297
extreme_yellow_blue,0.91,0.0,0.30962574482,0.585202038288,0.0,0.35048225522,0.691137731075
extreme_yellow_blue,0.9125,0.0,0.307726323605,0.587467312813,0.0,0.347288995981,0.693262815475
extreme_yellow_blue,0.915,0.0,0.305809646845,0.589812338352,0.0,0.344057440758,0.695446074009
extreme_yellow_blue,0.9175,0.0,0.30387455225,0.59224241972,0.0,0.340785712004,0.697691321373
extreme_yellow_blue,0.92,0.0,0.301919639111,0.59476339817,0.0,0.337471783161,0.700003325939
extreme_yellow_blue,0.9225,0.0,0.29994353652,0.597381591797,0.0,0.334113806486,0.702386558056
extreme_yellow_blue,0.925,0.0,0.297944426537,0.600103974342,0.0,0.330708950758,0.704846680164
extreme_yellow_blue,0.9275,0.0,0.29592064023,0.602938055992,0.0,0.327254712582,0.707389354706
extreme_yellow_blue,0.93,0.0,0.293869972229,0.605892300606,0.0,0.32374855876,0.710021317005
extreme_yellow_blue,0.9325,0.0,0.291790217161,0.608975887299,0.0,0.32018661499,0.712749660015
extreme_yellow_blue,0.935,0.0,0.289678603411,0.612198829651,0.0,0.316565901041,0.715582489967
extreme_yellow_blue,0.9375,0.0,0.287532240152,0.615572631359,0.0,0.312881827354,0.718528747559
extreme_yellow_blue,0.94,0.0,0.285347610712,0.619109511375,0.0,0.309129983187,0.721598446369
extreme_yellow_blue,0.9425,0.0,0.283120930195,0.622823953628,0.0,0.305305272341,0.724802792072
extreme_yellow_blue,0.945,0.0,0.280847668648,0.626731216907,0.0,0.30140170455,0.728154599667
extreme_yellow_blue,0.9475,0.0,0.27852255106,0.63084936142,0.0,0.297412097454,0.731667935848
extreme_yellow_blue,0.95,0.0,0.276139527559,0.635198295116,0.0,0.293328911066,0.735359609127
extreme_yellow_blue,0.9525,0.0,0.273691475391,0.639801025391,0.0,0.289142817259,0.739248394966
extreme_yellow_blue,0.955,0.0,0.271169960499,0.644683897495,0.0,0.284842967987,0.743355333805
extreme_yellow_blue,0.9575,0.0,0.268564969301,0.649876952171,0.0,0.280416578054,0.747705936432
extreme_yellow_blue,0.96,0.0,0.265864431858,0.65541601181,0.0,0.275848150253,0.75232899189
extreme_yellow_blue,0.9625,0.0,0.263053685427,0.661342024803,0.0,0.271119475365,0.757259070873
extreme_yellow_blue,0.965,0.0,0.260114878416,0.667704463005,0.0,0.266207963228,0.762536644936
extreme_yellow_blue,0.9675,0.0,0.257025569677,0.674561977387,0.0,0.261085033417,0.76821064949
extreme_yellow_blue,0.97,0.0,0.253757566214,0.681986033917,0.0,0.255716174841,0.774340569973
extreme_yellow_blue,0.9725,0.0,0.250275015831,0.690064072609,0.0,0.250056326389,0.780998289585
extreme_yellow_blue,0.975,0.0,0.246530666947,0.698906183243,0.0,0.244046866894,0.788275241852
extreme_yellow_blue,0.9775,0.0,0.242461517453,0.708652496338,0.0,0.237609937787,0.796286821365
extreme_yellow_blue,0.98,0.0,0.237980902195,0.719485938549,0.0,0.230638101697,0.80518335104
extreme_yellow_blue,0.9825,0.0,0.232965543866,0.73165333271,0.0,0.222979426384,0.815165877342
extreme_yellow_blue,0.985,0.0,0.227232515812,0.745499134064,0.0,0.214409053326,0.826512694359
extreme_yellow_blue,0.9875,0.0,0.220494747162,0.761528551578,0.0,0.20457418263,0.839626371861
extreme_yellow_blue,0.99,0.0,0.212266027927,0.780531644821,0.0,0.192880496383,0.855125546455
extreme_yellow_blue,0.9925,0.0,0.201628059149,0.803866565227,0.0,0.178210586309,0.87404280901
extreme_yellow_blue,0.995,0.0,0.186513796449,0.834239840507,0.0,0.158075973392,0.898343443871
extreme_yellow_blue,0.9975,0.0,0.160385191441,0.878803670406,0.0,0.124794200063,0.932758271694
extreme_yellow_blue,1.0,0.0,0.0,1.0,0.0,0.0,1.0
official_default,0.0,0.0,0.129411771894,0.521568655968,0.0,0.129411771894,0.521568655968
official_default,0.0025,0.0,0.137044683099,0.515946388245,0.00277086324058,0.131252795458,0.521123707294
official_default,0.005,0.0,0.144084900618,0.510767638683,0.00554995704442,0.133073300123,0.520678281784
official_default,0.0075,0.0,0.150639772415,0.505974709988,0.00833701621741,0.13487406075,0.520232379437
official_default,0.01,0.000301660969853,0.156820178032,0.501367986202,0.0111324023455,0.136655852199,0.519786000252
official_default,0.0125,0.00114547053818,0.162697613239,0.49680736661,0.0139359459281,0.138419225812,0.519339084625
official_default,0.015,0.00225020595826,0.168283134699,0.492416471243,0.0167478416115,0.140164867044,0.518891751766
official_default,0.0175,0.00359707185999,0.173610344529,0.48818436265,0.0195680372417,0.141893446446,0.518443882465
official_default,0.02,0.00516947591677,0.178707242012,0.484101086855,0.0223967302591,0.143605411053,0.517995536327
official_default,0.0225,0.00695235515013,0.183597400784,0.480157732964,0.0252339169383,0.145301476121,0.517546653748
official_default,0.025,0.00893240515143,0.188300982118,0.476346075535,0.0280796717852,0.146981969476,0.517097294331
official_default,0.0275,0.011097448878,0.19283516705,0.472658425569,0.0309338737279,0.148647576571,0.516647458077
official_default,0.03,0.0134367318824,0.19721493125,0.469088077545,0.033796787262,0.150298669934,0.516197025776
official_default,0.0325,0.0159401800483,0.201453253627,0.465628474951,0.0366684347391,0.151935622096,0.515746116638
official_default,0.035,0.0185989290476,0.20556153357,0.462273865938,0.0395489409566,0.153559073806,0.515294730663
official_default,0.0375,0.0214047506452,0.20954978466,0.459018647671,0.0423774495721,0.155169263482,0.514842808247
official_default,0.04,0.0243503171951,0.213426962495,0.455858021975,0.0450951345265,0.156766593456,0.514390408993
official_default,0.0425,0.0274286493659,0.21720097959,0.452787011862,0.0477211475372,0.158351510763,0.513937413693
official_default,0.045,0.0306336507201,0.220878943801,0.44980147481,0.0502641052008,0.159924328327,0.513483941555
official_default,0.0475,0.0339594595134,0.224467158318,0.446897298098,0.0527314879,0.16148544848,0.513029873371
official_default,0.05,0.0374009571969,0.227971419692,0.444070756435,0.0551294907928,0.163035109639,0.51257532835
official_default,0.0525,0.040943030268,0.231396898627,0.441318243742,0.0574637763202,0.164573699236,0.512120246887
official_default,0.055,0.0444255173206,0.234748318791,0.438636422157,0.0597392208874,0.166101485491,0.511664569378
official_default,0.0575,0.0478356555104,0.238029956818,0.436022222042,0.0619601272047,0.167618840933,0.511208415031
official_default,0.06,0.0511777549982,0.241245761514,0.433472812176,0.0641302540898,0.169125929475,0.510751605034
official_default,0.0625,0.0544557310641,0.244399294257,0.430985301733,0.0662531405687,0.170623093843,0.510294377804
official_default,0.065,0.0576732233167,0.247493848205,0.428557276726,0.0683317705989,0.17211060226,0.509836494923
official_default,0.0675,0.060833465308,0.250532478094,0.42618611455,0.070368938148,0.173588737845,0.509378135204
official_default,0.07,0.0639392063022,0.253517955542,0.423869729042,0.0723673328757,0.175057664514,0.50891917944
official_default,0.0725,0.0669934004545,0.256452858448,0.421605885029,0.074328944087,0.176517620683,0.508459687233
official_default,0.075,0.069998562336,0.259339630604,0.419392466545,0.0762560516596,0.177968889475,0.50799959898
official_default,0.0775,0.0729570016265,0.262180477381,0.417227685452,0.0781503841281,0.179411679506,0.507538914681
official_default,0.08,0.0758708715439,0.264977425337,0.415109604597,0.0800138786435,0.18084615469,0.507077693939
official_default,0.0825,0.0787421092391,0.267732441425,0.413036495447,0.0818479657173,0.182272598147,0.506615936756
official_default,0.085,0.0815726816654,0.270447254181,0.411006718874,0.0836542695761,0.183691129088,0.506153523922
official_default,0.0875,0.0843643471599,0.273123681545,0.409018725157,0.0854341089725,0.185101956129,0.505690515041
official_default,0.09,0.0871187373996,0.275763183832,0.407070964575,0.0871887356043,0.186505362392,0.505227029324
official_default,0.0925,0.0898374170065,0.278367221355,0.405162215233,0.088919237256,0.187901332974,0.504762887955
official_default,0.095,0.0925217717886,0.280937314033,0.403290987015,0.0906269177795,0.189290210605,0.504298150539
official_default,0.0975,0.0951731801033,0.283474594355,0.401456058025,0.0923126116395,0.190672129393,0.503832817078
official_default,0.1,0.0977929905057,0.285980343819,0.399656146765,0.0939773693681,0.192047223449,0.503366887569
official_default,0.1025,0.100382342935,0.288455784321,0.397890090942,0.0956220552325,0.193415671587,0.502900362015
official_default,0.105,0.10294238478,0.290901958942,0.396156787872,0.0972475335002,0.194777578116,0.502433180809
official_default,0.1075,0.105474174023,0.293319940567,0.394455224276,0.0988545268774,0.196133166552,0.501965463162
official_default,0.11,0.107978872955,0.29571056366,0.392784327269,0.100443854928,0.197482571006,0.501497149468
official_default,0.1125,0.110457286239,0.298074901104,0.391143143177,0.102016225457,0.198825851083,0.501028180122
official_default,0.115,0.112910367549,0.300413757563,0.389530777931,0.103572189808,0.200163289905,0.500558555126
official_default,0.1175,0.115339115262,0.302727997303,0.387946277857,0.10511251539,0.201494842768,0.500088334084
official_default,0.12,0.117744185031,0.305018424988,0.386388808489,0.10663767159,0.202820777893,0.499617546797
official_default,0.1225,0.120126448572,0.307285696268,0.384857684374,0.108148239553,0.204141169786,0.499146044254
official_default,0.125,0.122486703098,0.309530645609,0.383351892233,0.109644763172,0.205456137657,0.498673945665
official_default,0.1275,0.124825574458,0.311753898859,0.381870806217,0.111127845943,0.206765830517,0.498201221228
official_default,0.13,0.127143859863,0.313956052065,0.380413711071,0.112597748637,0.208070293069,0.497727841139
official_default,0.1325,0.129442095757,0.31613779068,0.378979891539,0.114055119455,0.209369763732,0.497253835201
official_default,0.135,0.131721004844,0.318299680948,0.377568691969,0.115500286222,0.210664212704,0.49677914381
official_default,0.1375,0.133981093764,0.320442318916,0.376179426908,0.116933695972,0.211953878403,0.496303856373
official_default,0.14,0.136223033071,0.322566270828,0.374811559916,0.118355698884,0.213238835335,0.495827883482
official_default,0.1425,0.138447329402,0.324671894312,0.373464375734,0.119766741991,0.214519068599,0.495351225138
official_default,0.145,0.140654489398,0.326759874821,0.372137457132,0.121167115867,0.215794831514,0.494873970747
official_default,0.1475,0.142845034599,0.328830599785,0.370830059052,0.122557222843,0.217066213489,0.494396001101
official_default,0.15,0.145019456744,0.330884516239,0.369541883469,0.123937383294,0.218333184719,0.493917405605
official_default,0.1525,0.147178247571,0.332922101021,0.368272155523,0.125307887793,0.219595953822,0.493438094854
official_default,0.155,0.149321779609,0.334943681955,0.367020606995,0.126669034362,0.220854490995,0.492958158255
official_default,0.1575,0.151450559497,0.336949765682,0.365786641836,0.128021150827,0.222109094262,0.492477506399
official_default,0.16,0.153564989567,0.338940709829,0.364569842815,0.129364430904,0.223359614611,0.49199616909
official_default,0.1625,0.155665397644,0.340916872024,0.363369733095,0.130699262023,0.224606275558,0.491514146328
official_default,0.165,0.157752230763,0.342878639698,0.362185895443,0.132025822997,0.225849151611,0.491031467915
official_default,0.1675,0.159825921059,0.344826340675,0.361017942429,0.133344352245,0.227088272572,0.490548074246
official_default,0.17,0.161886662245,0.346760302782,0.359865427017,0.134655147791,0.228323861957,0.490063995123
official_default,0.1725,0.163934960961,0.348680853844,0.358728021383,0.135958388448,0.229555800557,0.489579200745
official_default,0.175,0.165971115231,0.350588351488,0.357605278492,0.137254357338,0.230784252286,0.489093691111
official_default,0.1775,0.167995348573,0.352482944727,0.356496870518,0.138543188572,0.232009336352,0.488607496023
official_default,0.18,0.170008018613,0.354365080595,0.355402439833,0.139825150371,0.233231112361,0.488120555878
official_default,0.1825,0.172009497881,0.356234997511,0.354321658611,0.141100406647,0.234449505806,0.487632960081
official_default,0.185,0.174000024796,0.358092963695,0.353254169226,0.142369180918,0.235664844513,0.487144619226
official_default,0.1875,0.175979837775,0.359939187765,0.352199703455,0.143631637096,0.236876949668,0.486655503511
official_default,0.19,0.17794932425,0.361773997545,0.351157903671,0.144887953997,0.23808605969,0.486165702343
official_default,0.1925,0.179908588529,0.36359757185,0.350128531456,0.146138355136,0.23929220438,0.485675156116
official_default,0.195,0.181858018041,0.3654101789,0.349111109972,0.147382944822,0.240495458245,0.485183864832
official_default,0.1975,0.183797806501,0.367212116718,0.348105579615,0.14862190187,0.241695821285,0.484691888094
official_default,0.2,0.185728222132,0.369003504515,0.347111523151,0.149855464697,0.242893382907,0.484199076891
official_default,0.2025,0.187649473548,0.370784550905,0.346128851175,0.151083707809,0.244088321924,0.483705610037
official_default,0.205,0.189561799169,0.372555553913,0.345157027245,0.152306735516,0.245280519128,0.483211308718
official_default,0.2075,0.191465392709,0.37431666255,0.344196051359,0.15352486074,0.246470078826,0.482716292143
official_default,0.21,0.193360507488,0.37606805563,0.343245565891,0.154738008976,0.247657164931,0.482220560312
official_default,0.2125,0.195247322321,0.377810031176,0.342305332422,0.155946567655,0.248841717839,0.481723994017
official_default,0.215,0.197126075625,0.379542648792,0.341375142336,0.15715046227,0.250023931265,0.481226652861
official_default,0.2175,0.198996841907,0.381266117096,0.340454787016,0.158349901438,0.251203715801,0.480728566647
official_default,0.22,0.200859993696,0.382980644703,0.339543968439,0.159545004368,0.252381205559,0.480229705572
official_default,0.2225,0.202715620398,0.384686380625,0.338642597198,0.160735934973,0.253556460142,0.479730069637
official_default,0.225,0.204563900828,0.386383503676,0.337750375271,0.161922767758,0.254729479551,0.47922962904
official_default,0.2275,0.206404983997,0.388072192669,0.33686709404,0.163105621934,0.255900382996,0.478728383779
official_default,0.23,0.208239123225,0.389752656221,0.335992604494,0.164284646511,0.257069170475,0.478226393461
official_default,0.2325,0.210066348314,0.391424894333,0.335126727819,0.165459960699,0.258235901594,0.477723568678
official_default,0.235,0.211887016892,0.393089175224,0.3342692554,0.166631609201,0.25940066576,0.477219939232
official_default,0.2375,0.213701158762,0.3947455585,0.333419919014,0.16779974103,0.260563462973,0.476715505123
official_default,0.24,0.215508922934,0.396394252777,0.332578748465,0.168964505196,0.261724382639,0.476210236549
official_default,0.2425,0.217310547829,0.398035407066,0.331745415926,0.170125931501,0.262883514166,0.475704163313
official_default,0.245,0.219106003642,0.39966917038,0.330919772387,0.171284124255,0.264040797949,0.475197315216
official_default,0.2475,0.220895648003,0.401295542717,0.330101698637,0.17243924737,0.265196323395,0.474689573049
official_default,0.25,0.222679451108,0.402914762497,0.329290956259,0.173591315746,0.266350150108,0.474181056023
official_default,0.2525,0.224457740784,0.404526978731,0.328487455845,0.174740493298,0.267502367497,0.473671644926
official_default,0.255,0.226230427623,0.406132280827,0.327691048384,0.175886839628,0.268652945757,0.473161429167
official_default,0.2575,0.227997809648,0.407730698585,0.326901555061,0.177030444145,0.269802004099,0.47265034914
official_default,0.26,0.229759916663,0.409322500229,0.326118856668,0.178171396255,0.270949453116,0.472138404846
official_default,0.2625,0.231516927481,0.410907715559,0.325342833996,0.179309844971,0.272095501423,0.471625626087
official_default,0.265,0.233268946409,0.412486463785,0.324573218823,0.180445745587,0.273240178823,0.471111983061
official_default,0.2675,0.235016137362,0.414058893919,0.323810011148,0.181579321623,0.274383425713,0.470597445965
official_default,0.27,0.236758485436,0.415625095367,0.32305303216,0.182710543275,0.275525271892,0.470082104206
official_default,0.2725,0.238496258855,0.417185097933,0.32230219245,0.183839544654,0.276665896177,0.469565808773
official_default,0.275,0.240229442716,0.418739110231,0.321557372808,0.184966415167,0.277805179357,0.469048708677
official_default,0.2775,0.241958275437,0.420287162065,0.32081836462,0.186091214418,0.27894333005,0.468530654907
official_default,0.28,0.243682786822,0.421829372644,0.320085078478,0.187214016914,0.280080229044,0.468011707068
official_default,0.2825,0.245403066277,0.423365861177,0.319357484579,0.188334926963,0.281216055155,0.467491835356
official_default,0.285,0.247119292617,0.424896717072,0.318635344505,0.189453944564,0.282350718975,0.466971188784
official_default,0.2875,0.248831495643,0.426421940327,0.317918598652,0.190571248531,0.283484488726,0.466449528933
official_default,0.29,0.250539779663,0.427941799164,0.317207157612,0.191686838865,0.284617036581,0.465926975012
official_default,0.2925,0.252244263887,0.429456204176,0.316500902176,0.19280077517,0.285748749971,0.465403497219
official_default,0.295,0.253945082426,0.430965334177,0.31579965353,0.193913221359,0.286879450083,0.464879125357
official_default,0.2975,0.255642384291,0.432469338179,0.315103411675,0.195024117827,0.288009315729,0.46435379982
official_default,0.3,0.257335960865,0.433968156576,0.314412087202,0.196133643389,0.289138287306,0.463827520609
official_default,0.3025,0.259026229382,0.435461848974,0.313725471497,0.197241827846,0.290266424418,0.463300287724
official_default,0.305,0.260713160038,0.436950653791,0.31304359436,0.198348701,0.291393756866,0.462772160768
official_default,0.3075,0.262396812439,0.438434630632,0.312366276979,0.199454367161,0.29252037406,0.462243020535
official_default,0.31,0.264077305794,0.439913749695,0.311693429947,0.20055885613,0.293646365404,0.461712956429
official_default,0.3125,0.265754759312,0.441388189793,0.311024963856,0.201662302017,0.294771552086,0.461181938648
official_default,0.315,0.267429232597,0.442857921123,0.310360819101,0.202764704824,0.295896172523,0.460649967194
official_default,0.3175,0.269100755453,0.444323062897,0.309700876474,0.203866139054,0.297020107508,0.460116952658
official_default,0.32,0.270769447088,0.445783734322,0.309045195579,0.204966723919,0.298143565655,0.459582984448
official_default,0.3225,0.27243539691,0.447239935398,0.308393359184,0.206066399813,0.299266427755,0.459048032761
official_default,0.325,0.274098694325,0.448691815138,0.307745605707,0.20716534555,0.300388813019,0.458512067795
official_default,0.3275,0.275759369135,0.450139373541,0.30710169673,0.208263546228,0.301510751247,0.457975119352
official_default,0.33,0.277417510748,0.451582670212,0.306461602449,0.209361165762,0.302632272243,0.457437157631
official_default,0.3325,0.279073268175,0.453021854162,0.305825293064,0.21045807004,0.303753435612,0.456898152828
official_default,0.335,0.28072655201,0.454456955195,0.305192559957,0.211554542184,0.30487421155,0.456358164549
official_default,0.3375,0.282377660275,0.455887883902,0.304563432932,0.212650462985,0.30599462986,0.455817162991
official_default,0.34,0.284026533365,0.457314938307,0.303937733173,0.213745981455,0.307114750147,0.455275088549
official_default,0.3425,0.285673201084,0.458738058806,0.303315550089,0.214841127396,0.308234661818,0.454731971026
official_default,0.345,0.287317812443,0.460157334804,0.302696734667,0.215936005116,0.30935433507,0.454187750816
official_default,0.3475,0.288960367441,0.461572796106,0.3020811975,0.217030569911,0.31047385931,0.453642576933
official_default,0.35,0.290601044893,0.462984502315,0.301468849182,0.218124985695,0.311593204737,0.453096270561
official_default,0.3525,0.292239785194,0.464392572641,0.300859600306,0.219219192862,0.312712371349,0.452548950911
official_default,0.355,0.293876767158,0.465797007084,0.30025345087,0.220313385129,0.313831537962,0.452000498772
official_default,0.3575,0.295511960983,0.46719789505,0.299650371075,0.221407487988,0.314950585365,0.451450973749
official_default,0.36,0.29714551568,0.46859523654,0.299050271511,0.222501665354,0.316069692373,0.450900346041
official_default,0.3625,0.29877743125,0.469989180565,0.298452943563,0.223595947027,0.317188739777,0.450348675251
official_default,0.365,0.3004078269,0.471379697323,0.297858566046,0.224690258503,0.318307876587,0.449795871973
official_default,0.3675,0.302036672831,0.472766846418,0.297266870737,0.225784793496,0.319427043199,0.449241936207
official_default,0.37,0.303664177656,0.474150776863,0.296677917242,0.226879566908,0.320546358824,0.448686897755
official_default,0.3725,0.30529025197,0.475531339645,0.296091616154,0.227974653244,0.321665763855,0.448130726814
official_default,0.375,0.306915014982,0.476908862591,0.29550793767,0.229070067406,0.322785407305,0.447573393583
official_default,0.3775,0.308538526297,0.478283107281,0.294926613569,0.230165854096,0.323905229568,0.447014957666
official_default,0.38,0.310160905123,0.479654371738,0.294347941876,0.231262087822,0.325025290251,0.446455359459
official_default,0.3825,0.311782121658,0.48102247715,0.293771654367,0.232358857989,0.326145648956,0.445894569159
official_default,0.385,0.31340226531,0.482387721539,0.293197661638,0.233456149697,0.32726624608,0.445332616568
official_default,0.3875,0.315021425486,0.483749955893,0.29262599349,0.234554037452,0.328387260437,0.444769531488
official_default,0.39,0.316639602184,0.485109269619,0.292056679726,0.235652640462,0.329508572817,0.444205194712
official_default,0.3925,0.31825697422,0.486465781927,0.291489481926,0.236751899123,0.330630302429,0.443639695644
official_default,0.395,0.31987336278,0.48781940341,0.290924400091,0.237851947546,0.331752508879,0.443073004484
official_default,0.3975,0.32148912549,0.489170342684,0.290361464024,0.238952770829,0.332875162363,0.442505061626
official_default,0.4,0.323104053736,0.490518540144,0.289800584316,0.240054473281,0.33399823308,0.441935956478
official_default,0.4025,0.32471832633,0.491864055395,0.28924164176,0.241157129407,0.335121929646,0.44136556983
official_default,0.405,0.326332062483,0.493207007647,0.288684695959,0.242260694504,0.336246103048,0.440793991089
official_default,0.4075,0.327945172787,0.494547337294,0.288129597902,0.243365332484,0.337370932102,0.440221130848
official_default,0.41,0.329557776451,0.495885044336,0.287576407194,0.244470983744,0.338496387005,0.439647078514
official_default,0.4125,0.331169962883,0.497220307589,0.287024945021,0.245577797294,0.339622437954,0.439071685076
official_default,0.415,0.332781672478,0.498553156853,0.286475330591,0.246685728431,0.340749233961,0.43849503994
official_default,0.4175,0.334393143654,0.499883592129,0.285927355289,0.24779497087,0.341876685619,0.437917143106
official_default,0.42,0.336004287005,0.50121152401,0.285381019115,0.248905450106,0.34300494194,0.437337905169
official_default,0.4225,0.337615132332,0.502537310123,0.284836351872,0.250017225742,0.344133973122,0.436757355928
official_default,0.425,0.33922585845,0.503860712051,0.284293234348,0.251130372286,0.345263779163,0.436175495386
official_default,0.4275,0.340836405754,0.505181849003,0.283751577139,0.252245038748,0.346394449472,0.435592323542
official_default,0.43,0.342446893454,0.506500780582,0.283211529255,0.253361135721,0.347526043653,0.435007870197
official_default,0.4325,0.344057321548,0.507817566395,0.282672852278,0.254478752613,0.348658561707,0.434422016144
official_default,0.435,0.34566783905,0.50913220644,0.282135546207,0.25559797883,0.349791973829,0.433834820986
official_default,0.4375,0.34727832675,0.510444700718,0.281599640846,0.256718814373,0.350926369429,0.433246225119
official_default,0.44,0.348889023066,0.511755168438,0.28106495738,0.25784137845,0.352061718702,0.432656317949
official_default,0.4425,0.350499868393,0.5130636096,0.280531585217,0.258965671063,0.353198170662,0.432065010071
official_default,0.445,0.352110862732,0.514370083809,0.279999434948,0.260091751814,0.35433575511,0.431472301483
official_default,0.4475,0.353722214699,0.515674591064,0.279468536377,0.261219710112,0.355474352837,0.430878162384
official_default,0.45,0.355333864689,0.516977131367,0.278938740492,0.262349575758,0.356614142656,0.430282592773
official_default,0.4525,0.356945931911,0.51827776432,0.278410047293,0.263481378555,0.357755094767,0.429685622454
official_default,0.455,0.358558386564,0.519576728344,0.277882367372,0.264615237713,0.35889723897,0.429087162018
official_default,0.4575,0.360171288252,0.520873844624,0.277355790138,0.265751093626,0.360040605068,0.428487300873
official_default,0.46,0.361784726381,0.522169172764,0.276830106974,0.266889125109,0.361185252666,0.427885949612
official_default,0.4625,0.363398760557,0.523462712765,0.276305437088,0.268029272556,0.362331211567,0.427283138037
official_default,0.465,0.365013420582,0.524754583836,0.275781720877,0.269171714783,0.363478571177,0.426678776741
official_default,0.4675,0.36662876606,0.526044785976,0.275258779526,0.270316451788,0.364627212286,0.426073014736
official_default,0.47,0.368244826794,0.527333378792,0.274736702442,0.271463483572,0.365777313709,0.425465673208
official_default,0.4725,0.369861632585,0.528620302677,0.274215400219,0.272612929344,0.366928845644,0.424856781959
official_default,0.475,0.371479302645,0.529905796051,0.273694872856,0.273764818907,0.368081897497,0.424246400595
official_default,0.4775,0.373097807169,0.531189620495,0.273175030947,0.274919241667,0.369236379862,0.423634469509
official_default,0.48,0.37471729517,0.532472074032,0.272655874491,0.276076227427,0.370392471552,0.423020899296
official_default,0.4825,0.376337707043,0.533753037453,0.272137373686,0.277235746384,0.37155008316,0.422405779362
official_default,0.485,0.377959132195,0.535032570362,0.271619468927,0.278398066759,0.372709333897,0.421789079905
official_default,0.4875,0.37958163023,0.53631067276,0.271102130413,0.279563128948,0.373870313168,0.421170771122
official_default,0.49,0.381205290556,0.537587404251,0.270585298538,0.280730903149,0.375032901764,0.420550823212
official_default,0.4925,0.382830023766,0.538862764835,0.270068973303,0.281901538372,0.376197189093,0.419929206371
official_default,0.495,0.384456127882,0.540136992931,0.269553124905,0.28307518363,0.377363294363,0.419306010008
official_default,0.4975,0.386083424091,0.541409790516,0.269037693739,0.284251749515,0.378531128168,0.418681114912
official_default,0.5,0.387712061405,0.542681515217,0.268522650003,0.285431355238,0.379700869322,0.418054550886
official_default,0.5025,0.389342039824,0.543951928616,0.268007934093,0.286614060402,0.380872398615,0.417426288128
official_default,0.505,0.390973508358,0.545221209526,0.267493546009,0.28779989481,0.382045894861,0.416796296835
official_default,0.5075,0.392606437206,0.546489298344,0.266979455948,0.288988977671,0.383221238852,0.416164577007
official_default,0.51,0.394240826368,0.547756314278,0.266465604305,0.290181338787,0.384398698807,0.415531128645
official_default,0.5125,0.395876795053,0.549022197723,0.265951931477,0.291377067566,0.385578095913,0.414895892143
official_default,0.515,0.397514432669,0.550287127495,0.265438437462,0.292576164007,0.386759519577,0.414258867502
official_default,0.5175,0.399153739214,0.551551043987,0.264925122261,0.293778806925,0.387943148613,0.413620114326
official_default,0.52,0.400794833899,0.552813947201,0.264411866665,0.294984936714,0.389128804207,0.412979543209
official_default,0.5225,0.402437657118,0.55407589674,0.263898670673,0.296194672584,0.390316605568,0.412337094545
official_default,0.525,0.404082298279,0.555336952209,0.263385474682,0.297408103943,0.391506761313,0.41169282794
official_default,0.5275,0.405728876591,0.556597054005,0.262872368097,0.298625230789,0.392699033022,0.411046683788
official_default,0.53,0.407377302647,0.557856440544,0.262359142303,0.299846231937,0.39389359951,0.410398721695
official_default,0.5325,0.409027814865,0.559114873409,0.261845856905,0.301071107387,0.395090579987,0.409748762846
official_default,0.535,0.410680264234,0.560372591019,0.261332511902,0.30229985714,0.396289914846,0.409096956253
official_default,0.5375,0.412334889173,0.561629533768,0.260818958283,0.303532660008,0.397491574287,0.408443152905
official_default,0.54,0.413991689682,0.562885582447,0.260305255651,0.304769545794,0.398695766926,0.40778747201
official_default,0.5425,0.415650635958,0.56414103508,0.259791314602,0.3060105443,0.399902373552,0.407129794359
official_default,0.545,0.417311877012,0.565395772457,0.259277194738,0.307255864143,0.401111572981,0.406470090151
official_default,0.5475,0.418975442648,0.566649913788,0.258762717247,0.308505386114,0.402323395014,0.405808418989
official_default,0.55,0.420641303062,0.567903459072,0.258247941732,0.309759348631,0.403537750244,0.405144691467
official_default,0.5525,0.422309666872,0.569156348705,0.257732748985,0.311017721891,0.404754787683,0.404478877783
official_default,0.555,0.423980504274,0.570408701897,0.25721719861,0.312280654907,0.405974566937,0.40381103754
official_default,0.5575,0.425653874874,0.571660518646,0.256701260805,0.313548117876,0.407197088003,0.403141081333
official_default,0.56,0.427329808474,0.572911918163,0.256184846163,0.314820289612,0.408422380686,0.402468979359
official_default,0.5625,0.42900839448,0.574162781239,0.255667865276,0.316097289324,0.409650534391,0.401794791222
official_default,0.565,0.430689752102,0.575413167477,0.255150407553,0.317379057407,0.410881608725,0.40111836791
official_default,0.5675,0.432373791933,0.576663196087,0.254632353783,0.318665713072,0.412115544081,0.400439828634
official_default,0.57,0.434060692787,0.577912807465,0.254113733768,0.319957494736,0.413352519274,0.399759024382
official_default,0.5725,0.435750454664,0.579162120819,0.253594398499,0.321254193783,0.414592474699,0.399076014757
official_default,0.575,0.437443196774,0.58041113615,0.25307443738,0.322556197643,0.415835559368,0.398390740156
official_default,0.5775,0.439138919115,0.581659734249,0.252553671598,0.323863387108,0.417081713676,0.397703170776
official_default,0.58,0.440837711096,0.582908093929,0.252032250166,0.325175911188,0.418331056833,0.397013306618
official_default,0.5825,0.44253963232,0.5841563344,0.251509964466,0.326493889093,0.419583648443,0.396321088076
official_default,0.585,0.444244712591,0.585404336453,0.250986903906,0.327817350626,0.420839518309,0.395626544952
official_default,0.5875,0.445953041315,0.586652159691,0.250462979078,0.329146385193,0.422098606825,0.394929558039
official_default,0.59,0.447664707899,0.587899923325,0.249938055873,0.330481171608,0.423361122608,0.394230216742
official_default,0.5925,0.449379712343,0.589147508144,0.249412238598,0.331821709871,0.424627125263,0.393528401852
official_default,0.595,0.451098293066,0.59039503336,0.248885408044,0.333168178797,0.425896525383,0.392824083567
official_default,0.5975,0.452820271254,0.591642379761,0.248357594013,0.334520578384,0.427169531584,0.392117291689
official_default,0.6,0.454545736313,0.592889845371,0.247828632593,0.335878998041,0.428446114063,0.391408026218
official_default,0.6025,0.456274926662,0.594137310982,0.247298687697,0.337243616581,0.429726302624,0.390696167946
official_default,0.605,0.4580078125,0.595384776592,0.246767535806,0.338614523411,0.431010186672,0.389981687069
official_default,0.6075,0.459744513035,0.596632301807,0.246235221624,0.339991807938,0.432297766209,0.38926461339
official_default,0.61,0.461484968662,0.597880065441,0.245701655746,0.341375559568,0.433589160442,0.388544887304
official_default,0.6125,0.463229358196,0.599127888679,0.245166838169,0.342765837908,0.43488445878,0.387822508812
official_default,0.615,0.464977741241,0.600375831127,0.244630724192,0.344162851572,0.436183720827,0.387097358704
official_default,0.6175,0.466730177403,0.601623952389,0.244093254209,0.345566570759,0.437486886978,0.386369496584
official_default,0.62,0.468486666679,0.602872371674,0.243554413319,0.346977293491,0.43879416585,0.385638833046
official_default,0.6225,0.470247447491,0.604120969772,0.243014141917,0.348394989967,0.440105468035,0.384905427694
official_default,0.625,0.472012460232,0.605369925499,0.2424723804,0.349819749594,0.441420912743,0.384169071913
official_default,0.6275,0.47378179431,0.606619238853,0.241929069161,0.351251780987,0.442740648985,0.383429884911
official_default,0.63,0.475555509329,0.607868731022,0.2413841784,0.352691173553,0.444064646959,0.382687747478
official_default,0.6325,0.477333813906,0.609118819237,0.240837723017,0.354138016701,0.445392996073,0.381942659616
official_default,0.635,0.479116648436,0.610369205475,0.240289583802,0.355592489243,0.446725696325,0.38119456172
official_default,0.6375,0.480904132128,0.61162006855,0.239739775658,0.357054620981,0.448062926531,0.380443423986
official_default,0.64,0.482696324587,0.612871408462,0.239188209176,0.358524590731,0.449404776096,0.379689186811
official_default,0.6425,0.48449331522,0.614123225212,0.238634809852,0.3600025177,0.450751185417,0.378931879997
official_default,0.645,0.486295282841,0.615375697613,0.238079607487,0.361488580704,0.452102273703,0.378171414137
official_default,0.6475,0.488102167845,0.616628646851,0.237522512674,0.362982809544,0.453458070755,0.377407699823
official_default,0.65,0.489914149046,0.617882192135,0.236963450909,0.364485502243,0.454818755388,0.376640707254
official_default,0.6525,0.491731256247,0.619136512279,0.23640242219,0.365996599197,0.4561842978,0.375870525837
official_default,0.655,0.493553578854,0.620391368866,0.235839337111,0.367516309023,0.457554906607,0.375096946955
official_default,0.6575,0.495381355286,0.621647000313,0.235274210572,0.369044870138,0.458930552006,0.374319970608
official_default,0.66,0.497214436531,0.62290340662,0.234706893563,0.370582282543,0.46031114459,0.373539537191
official_default,0.6625,0.499053061008,0.624160587788,0.234137400985,0.372128784657,0.461697071791,0.372755676508
official_default,0.665,0.500897169113,0.625418484211,0.233565658331,0.373684495688,0.463088274002,0.371968299151
official_default,0.6675,0.502747058868,0.626677334309,0.232991635799,0.375249564648,0.464484810829,0.371177256107
official_default,0.67,0.504602730274,0.627937018871,0.23241519928,0.376824170351,0.465886771679,0.370382666588
official_default,0.6725,0.50646430254,0.629197597504,0.231836438179,0.378408461809,0.467294305563,0.369584351778
official_default,0.675,0.50833183527,0.630459189415,0.231255114078,0.380002558231,0.468707382679,0.368782311678
official_default,0.6775,0.510205447674,0.631721735001,0.230671301484,0.381606638432,0.470126181841,0.367976456881
official_default,0.68,0.512085258961,0.63298535347,0.23008492589,0.383220970631,0.471550703049,0.367166727781
official_default,0.6825,0.513971328735,0.634249925613,0.229495897889,0.384845584631,0.472981184721,0.366353154182
official_default,0.685,0.515863895416,0.635515809059,0.228904083371,0.386480718851,0.474417567253,0.365535587072
official_default,0.6875,0.517762899399,0.636782586575,0.228309586644,0.388126581907,0.475859999657,0.364713937044
official_default,0.69,0.519668579102,0.638050615787,0.227712228894,0.389783322811,0.477308541536,0.3638882339
official_default,0.6925,0.521580934525,0.639319837093,0.227111980319,0.391451090574,0.478763371706,0.363058388233
official_default,0.695,0.523500084877,0.640590369701,0.22650873661,0.393130123615,0.480224519968,0.362224280834
official_default,0.6975,0.525426328182,0.641862154007,0.225902527571,0.394820570946,0.481692075729,0.361385941505
official_default,0.7,0.527359485626,0.643135309219,0.225293129683,0.396522730589,0.483166098595,0.360543191433
official_default,0.7025,0.529299974442,0.644409775734,0.224680602551,0.398236662149,0.484646886587,0.359696000814
official_default,0.705,0.531247735023,0.64568567276,0.224064841866,0.39996266365,0.4861343503,0.358844310045
official_default,0.7075,0.533202946186,0.646963000297,0.223445758223,0.401700973511,0.487628638744,0.357988059521
official_default,0.71,0.535165786743,0.648241877556,0.222823336721,0.403451710939,0.489129900932,0.357127159834
official_default,0.7125,0.537136256695,0.649522125721,0.222197458148,0.40521517396,0.490638136864,0.356261491775
official_default,0.715,0.53911459446,0.650804042816,0.221567928791,0.406991571188,0.492153674364,0.355391055345
official_default,0.7175,0.541100859642,0.652087509632,0.22093488276,0.408781081438,0.493676453829,0.35451567173
official_default,0.72,0.543095350266,0.653372704983,0.220298081636,0.41058409214,0.495206683874,0.353635340929
official_default,0.7225,0.545098006725,0.654659509659,0.219657570124,0.412400662899,0.496744334698,0.352749943733
official_default,0.725,0.547109186649,0.655948162079,0.219013139606,0.414231061935,0.498289704323,0.351859331131
official_default,0.7275,0.549128711224,0.657238483429,0.218364790082,0.41607567668,0.499842882156,0.350963532925
official_default,0.73,0.551157057285,0.658530712128,0.217712387443,0.417934596539,0.501403868198,0.350062400103
official_default,0.7325,0.553194284439,0.659824669361,0.217055827379,0.419808268547,0.502972960472,0.349155753851
official_default,0.735,0.555240392685,0.661120712757,0.216395065188,0.42169675231,0.504550158977,0.348243564367
official_default,0.7375,0.55729585886,0.662418663502,0.215730026364,0.423600554466,0.506135702133,0.347325831652
official_default,0.74,0.559360444546,0.663718640804,0.215060576797,0.425519824028,0.507729649544,0.346402257681
official_default,0.7425,0.561434745789,0.665020525455,0.214386582375,0.427454799414,0.509332239628,0.34547290206
official_default,0.745,0.563518643379,0.666324675083,0.213707983494,0.429405897856,0.51094353199,0.344537466764
official_default,0.7475,0.565612316132,0.667630910873,0.213024705648,0.43137344718,0.512563705444,0.3435960114
official_default,0.75,0.567716062069,0.668939352036,0.212336540222,0.4333576262,0.514192819595,0.342648327351
official_default,0.7525,0.56983011961,0.670249998569,0.211643457413,0.43535888195,0.515831232071,0.341694355011
official_default,0.755,0.571954488754,0.671562969685,0.210945382714,0.437377512455,0.517478942871,0.340733855963
official_default,0.7575,0.57408952713,0.67287838459,0.210242137313,0.439413785934,0.51913613081,0.339766800404
official_default,0.76,0.576235294342,0.674196124077,0.209533527493,0.441468209028,0.520803034306,0.338793039322
official_default,0.7625,0.578392207622,0.675516307354,0.208819612861,0.44354096055,0.522479832172,0.337812423706
official_default,0.765,0.580560207367,0.676838994026,0.208100140095,0.445632487535,0.52416652441,0.33682474494
official_default,0.7675,0.582739651203,0.678164303303,0.207374989986,0.447743237019,0.525863468647,0.335830003023
official_default,0.77,0.584930717945,0.679492175579,0.206644102931,0.449873536825,0.527570843697,0.334827899933
official_default,0.7725,0.587133824825,0.680822730064,0.205907270312,0.452023804188,0.529288768768,0.333818376064
official_default,0.775,0.589348971844,0.682156026363,0.20516435802,0.454194366932,0.531017422676,0.332801192999
official_default,0.7775,0.591576457024,0.683492064476,0.204415276647,0.456385761499,0.532757103443,0.331776231527
official_default,0.78,0.593816518784,0.684830963612,0.203659832478,0.458598345518,0.534507930279,0.330743312836
official_default,0.7825,0.596069514751,0.686172962189,0.202897801995,0.460832744837,0.536270260811,0.329702198505
official_default,0.785,0.598335623741,0.687517762184,0.202129170299,0.463089168072,0.538044035435,0.32865279913
official_default,0.7875,0.600615084171,0.688865602016,0.201353743672,0.465368211269,0.539829552174,0.327594906092
official_default,0.79,0.60290813446,0.69021654129,0.200571283698,0.467670410872,0.541627287865,0.326528251171
official_default,0.7925,0.605215132237,0.69157063961,0.199781671166,0.469996243715,0.543437242508,0.325452685356
official_default,0.795,0.607536375523,0.692927956581,0.19898468256,0.472346097231,0.545259594917,0.324367970228
official_default,0.7975,0.609872162342,0.694288551807,0.198180213571,0.474720776081,0.547094881535,0.323273897171
official_default,0.8,0.612222850323,0.695652604103,0.19736790657,0.477120548487,0.548943161964,0.322170197964
official_default,0.8025,0.614588618278,0.697019934654,0.196547761559,0.479546278715,0.550804674625,0.321056693792
official_default,0.805,0.616969823837,0.698390960693,0.195719510317,0.48199826479,0.552679777145,0.319933146238
official_default,0.8075,0.619366824627,0.699765264988,0.194882929325,0.484477341175,0.554568648338,0.318799167871
official_default,0.81,0.621780097485,0.701143443584,0.194037780166,0.48698413372,0.556471705437,0.317654669285
official_default,0.8125,0.624209880829,0.702525258064,0.193183809519,0.489519149065,0.558389127254,0.316499263048
official_default,0.815,0.626656591892,0.703910887241,0.192320883274,0.492083191872,0.56032127142,0.315332621336
official_default,0.8175,0.629120588303,0.70530039072,0.191448688507,0.494676858187,0.562268435955,0.314154565334
official_default,0.82,0.631602168083,0.706693828106,0.190566956997,0.497301012278,0.564230918884,0.312964737415
official_default,0.8225,0.634101986885,0.708091318607,0.189675495029,0.499956279993,0.56620913744,0.311762750149
official_default,0.825,0.636620283127,0.70949280262,0.18877401948,0.5026435256,0.56820333004,0.310548335314
official_default,0.8275,0.63915759325,0.710898637772,0.187862172723,0.505363464355,0.570213973522,0.309321135282
official_default,0.83,0.641714155674,0.712308645248,0.186939716339,0.50811702013,0.5722412467,0.30808070302
official_default,0.8325,0.644290864468,0.713723063469,0.186006367207,0.51090502739,0.57428586483,0.306826770306
official_default,0.835,0.646887719631,0.715141952038,0.185061722994,0.513728380203,0.576347827911,0.3055588305
official_default,0.8375,0.649505615234,0.71656537056,0.184105560183,0.516587972641,0.578427731991,0.304276525974
official_default,0.84,0.652145028114,0.717993378639,0.183137536049,0.519484937191,0.580526053906,0.30297935009
official_default,0.8425,0.654806256294,0.719426214695,0.182157248259,0.522420108318,0.582643091679,0.301666885614
official_default,0.845,0.657490193844,0.720863819122,0.181164190173,0.525394737721,0.584779500961,0.300338596106
official_default,0.8475,0.660197198391,0.722306370735,0.180158242583,0.528409659862,0.586935460568,0.298994123936
official_default,0.85,0.662927865982,0.723753929138,0.179138824344,0.531466186047,0.589111804962,0.297632783651
official_default,0.8525,0.665683150291,0.725206673145,0.178105458617,0.534565508366,0.591308772564,0.296254098415
official_default,0.855,0.668463408947,0.726664602757,0.177057921886,0.537708759308,0.593526959419,0.294857412577
official_default,0.8575,0.671269416809,0.728127837181,0.175995513797,0.54089730978,0.59576690197,0.293442189693
official_default,0.86,0.674102067947,0.729596614838,0.174917951226,0.544132590294,0.598029255867,0.292007774115
official_default,0.8625,0.676961898804,0.731071054935,0.173824504018,0.547415912151,0.600314557552,0.29055339098
official_default,0.865,0.679849803448,0.732550978661,0.172714814544,0.550748765469,0.602623403072,0.289078354835
official_default,0.8675,0.682766616344,0.734036803246,0.171588242054,0.554132759571,0.604956448078,0.287582010031
official_default,0.87,0.685713231564,0.73552852869,0.170444145799,0.55756944418,0.60731446743,0.286063462496
official_default,0.8725,0.688690602779,0.737026453018,0.169282004237,0.561060607433,0.60969799757,0.284521847963
official_default,0.875,0.691699564457,0.738530397415,0.168101131916,0.564607977867,0.612107932568,0.282956331968
official_default,0.8775,0.694741249084,0.740040779114,0.166900843382,0.568213403225,0.614544868469,0.281365901232
official_default,0.88,0.697816610336,0.741557538509,0.165680333972,0.57187885046,0.617009758949,0.279749602079
official_default,0.8825,0.700926780701,0.743080794811,0.164438918233,0.575606524944,0.619503378868,0.27810639143
official_default,0.885,0.704072952271,0.744610846043,0.163175687194,0.57939851284,0.622026622295,0.276435047388
official_default,0.8875,0.707256495953,0.746147811413,0.161889821291,0.583257138729,0.624580442905,0.274734348059
official_default,0.89,0.710478484631,0.747691750526,0.160580396652,0.587184786797,0.627165734768,0.273003131151
official_default,0.8925,0.713740408421,0.749243021011,0.159246534109,0.591184139252,0.629783630371,0.271239876747
official_default,0.895,0.717043757439,0.750801444054,0.157887011766,0.595257818699,0.632435083389,0.269443243742
official_default,0.8975,0.720390021801,0.752367436886,0.15650087595,0.59940880537,0.635121405125,0.267611593008
official_default,0.9,0.723780810833,0.753941118717,0.155086964369,0.603640139103,0.637843608856,0.265743255615
official_default,0.9025,0.727217912674,0.755522549152,0.153643861413,0.607954978943,0.640603065491,0.263836413622
official_default,0.905,0.730703115463,0.757112026215,0.152170270681,0.61235678196,0.64340108633,0.261889129877
official_default,0.9075,0.734238564968,0.758709728718,0.150664865971,0.616849482059,0.646239161491,0.259899169207
official_default,0.91,0.737826108933,0.760315775871,0.149126023054,0.621436774731,0.649118661881,0.257864594459
official_default,0.9125,0.741468131542,0.761930286884,0.147552058101,0.626122832298,0.652041375637,0.25578263402
official_default,0.915,0.745166897774,0.763553500176,0.145941287279,0.630912184715,0.655008852482,0.253650844097
official_default,0.9175,0.748925149441,0.765185892582,0.14429166913,0.635809719562,0.658022940159,0.251466274261
official_default,0.92,0.752745628357,0.76682728529,0.142601117492,0.640820741653,0.661085605621,0.249225780368
official_default,0.9225,0.75663125515,0.768477857113,0.14086741209,0.645950675011,0.664198875427,0.246925905347
official_default,0.925,0.76058524847,0.770138144493,0.139088064432,0.651205480099,0.667365133762,0.244562968612
official_default,0.9275,0.764611124992,0.77180814743,0.137260317802,0.656591773033,0.670586585998,0.242132842541
official_default,0.93,0.768712639809,0.773488104343,0.135381400585,0.662116646767,0.673865914345,0.239630997181
official_default,0.9325,0.77289390564,0.775178313255,0.133447900414,0.667787849903,0.677205920219,0.237052455544
official_default,0.935,0.777159512043,0.776878893375,0.131456360221,0.673613607883,0.680609464645,0.234391614795
official_default,0.9375,0.781514286995,0.778590083122,0.129402786493,0.679603219032,0.684079945087,0.231642410159
official_default,0.94,0.785963654518,0.780312240124,0.127282857895,0.685766637325,0.687620937824,0.228797912598
official_default,0.9425,0.790513515472,0.78204536438,0.125091820955,0.692115068436,0.691236257553,0.225850433111
official_default,0.945,0.795170485973,0.783789873123,0.122824117541,0.698660671711,0.694930136204,0.222791299224
official_default,0.9475,0.799942016602,0.785545885563,0.120473653078,0.705417156219,0.698707342148,0.219610646367
official_default,0.95,0.804836213589,0.787313699722,0.118033729494,0.712399601936,0.702572882175,0.216297373176
official_default,0.9525,0.809862315655,0.789093315601,0.11549628526,0.719624936581,0.706532716751,0.212838515639
official_default,0.955,0.815030634403,0.790885150433,0.112852580845,0.727112412453,0.710593044758,0.209219485521
official_default,0.9575,0.820353150368,0.792689263821,0.110092170537,0.734883725643,0.714761018753,0.205422893167
official_default,0.96,0.825843095779,0.794505894184,0.107203118503,0.742963433266,0.719044685364,0.201428845525
official_default,0.9625,0.831516683102,0.7963347435,0.104171343148,0.751380085945,0.723453402519,0.197213441134
official_default,0.965,0.8373914361,0.798176288605,0.100980386138,0.760166585445,0.727997243404,0.192748397589
official_default,0.9675,0.843489229679,0.80003041029,0.0976102426648,0.769361257553,0.732688486576,0.187999516725
official_default,0.97,0.849835395813,0.801896631718,0.0940367877483,0.779009819031,0.73754119873,0.18292465806
official_default,0.9725,0.856460392475,0.803774893284,0.0902303606272,0.789166152477,0.742571592331,0.177472174168
official_default,0.975,0.863402187824,0.805664539337,0.0861536487937,0.79989606142,0.747799277306,0.171575948596
official_default,0.9775,0.870707392693,0.807564675808,0.0817590728402,0.811280727387,0.753247916698,0.165150940418
official_default,0.98,0.878435730934,0.80947381258,0.0769835934043,0.82342171669,0.75894677639,0.158084377646
official_default,0.9825,0.886665642262,0.81139010191,0.0717422440648,0.836449861527,0.764932274818,0.150222063065
official_default,0.985,0.895503103733,0.813309967518,0.0659148991108,0.850537836552,0.771251320839,0.141344666481
official_default,0.9875,0.905098497868,0.81522834301,0.0593226440251,0.865922808647,0.777966916561,0.131124213338
official_default,0.99,0.915677070618,0.817136287689,0.0516800694168,0.882945895195,0.78516638279,0.119034953415
official_default,0.9925,0.92760771513,0.819017887116,0.0424821823835,0.902131557465,0.792978703976,0.104146704078
official_default,0.995,0.941575706005,0.820840060711,0.031212894246,0.924368143082,0.801612854004,0.0845359191299
official_default,0.9975,0.959199130535,0.822515904903,0.0180961694568,0.951422929764,0.8114605546,0.0548548549414
official_default,1.0,0.988235294819,0.823529422283,0.0,0.988235294819,0.823529422283,0.0
