source_row,family,paint_count,white_fraction,binary_km_spectral_rmse,binary_km_spectral_mae,binary_km_spectral_max_abs,binary_km_delta_e_2000,binary_empirical_spectral_rmse,binary_empirical_spectral_mae,binary_empirical_spectral_max_abs,binary_empirical_delta_e_2000,expanded_km_spectral_rmse,expanded_km_spectral_mae,expanded_km_spectral_max_abs,expanded_km_delta_e_2000,expanded_empirical_spectral_rmse,expanded_empirical_spectral_mae,expanded_empirical_spectral_max_abs,expanded_empirical_delta_e_2000,balanced_km_spectral_rmse,balanced_km_spectral_mae,balanced_km_spectral_max_abs,balanced_km_delta_e_2000,balanced_empirical_spectral_rmse,balanced_empirical_spectral_mae,balanced_empirical_spectral_max_abs,balanced_empirical_delta_e_2000
54,ratio-054,2,0.0,0.02245405716601394,0.01766941246567246,0.036022128982111434,1.3748728924353688,0.02245405716601394,0.01766941246567246,0.036022128982111434,1.3748728924353688,0.022529023300575362,0.017750440351347124,0.03588559311825035,1.4369953855165871,0.00918334893795634,0.007197682839382069,0.017678571300535628,0.577751340174083,0.022457941918030445,0.017677773326622338,0.035987156498621053,1.4207601100758944,0.008233634357568404,0.006995416870677802,0.015183499689324198,0.6499001648325835
55,ratio-054,3,0.5,0.020072741681870246,0.017328601337792654,0.036312207257649276,1.781518580146887,0.017082431586343465,0.014434777978621895,0.02940290772756915,1.2582939289875645,0.019932315437807904,0.015509569105622609,0.03651809984632037,1.5160496798547993,0.01709269798748582,0.013139095853900015,0.03669696559531299,1.5115864234049545,0.019213205234093103,0.014361364383813007,0.03606897290051203,1.4754915950249772,0.015147579795244814,0.012653484009088412,0.030195400284955487,1.3170579002078635
56,ratio-054,3,0.95,0.06947202143435133,0.06721874208427606,0.09052547000911626,2.92835213922188,0.06944131255353501,0.06733985725298507,0.08955768950661569,2.8396421471500437,0.054865867240691334,0.04848025042497425,0.0909480337702897,1.7338319686512287,0.0539003325653026,0.048315972494420614,0.08787868779493213,1.7233593383547499,0.0584527730875393,0.054862477500762424,0.09088492917766111,1.880604238744518,0.05798363756092282,0.05479054623842427,0.08822989411731019,1.8957017275427057
57,ratio-057,2,0.0,0.016531587112019228,0.011752351500556103,0.04253829469545456,2.991464140371518,0.016531587112019228,0.011752351500556103,0.04253829469545456,2.991464140371518,0.006505931905719474,0.005709241215330941,0.012963126336303268,2.3512802526276713,0.013107760418497353,0.010880140663837837,0.02624580759044365,1.8093455639781604,0.006913430362685399,0.006194090738215253,0.015003488427034958,2.2640613783317782,0.015151816717845476,0.012107026612839557,0.03116485913334255,1.8457861003456413
58,ratio-057,3,0.5,0.039598851917121015,0.03339836236933562,0.08323993504395322,5.26227016709294,0.024144908844994453,0.019626284584482172,0.05320208969961249,3.0674318899771613,0.03329245005188516,0.029739132621355628,0.06820809413127915,4.642233828172679,0.017353835612581994,0.01487393262250317,0.04274491372909214,2.635022101384353,0.034133405999047885,0.030047003842985462,0.07141862969869231,4.840280006611249,0.017482376990047652,0.01471256992694126,0.04341754580249385,2.6760476038964365
59,ratio-057,3,0.95,0.025961574454981595,0.022120318849946363,0.04473341564616584,4.274824909485456,0.02216463549897548,0.01994060616683599,0.036635186764893746,3.8765178916168708,0.026284309493834822,0.02284063254050346,0.04870490449358533,3.2377134195032062,0.022189823799995283,0.019416275733374,0.04202495924556299,2.9669569902376454,0.026794882631211006,0.02244253754805295,0.0504833081244524,3.682802589403202,0.022699713761566192,0.019528873188523987,0.04331824987930588,3.4028445401452356
60,ratio-060,2,0.0,0.011470329015603322,0.008925247022454404,0.03168919467150749,2.944089709390317,0.011470329015603322,0.008925247022454404,0.03168919467150749,2.944089709390317,0.01747504906196621,0.011477719362002252,0.048233934160815894,3.1326946346450937,0.045557521268958186,0.03107070820103357,0.11764333674924454,6.317785563275788,0.015952871342900632,0.01090067596284042,0.040811437585947186,3.1176073546724368,0.04156087716516298,0.028644596732288235,0.10406251073096584,5.803413105677455
61,ratio-060,3,0.5,0.03367128477390684,0.028928908981401207,0.062056063879866896,5.899145716871816,0.02070379009972081,0.018373542635547274,0.03833138148143664,3.63116334415642,0.028981909731331877,0.02469841111901489,0.047737617738419336,3.7572955806858745,0.03333502114531133,0.030306076413657682,0.055292321349069584,3.1712938888925652,0.02978718373161186,0.023795678608442016,0.052553052093916364,4.413250336750898,0.03018174387553361,0.02708575712413196,0.048966821161053165,3.321882932416513
62,ratio-060,3,0.95,0.059627214601119034,0.05514397701277418,0.10228949666449694,3.781099938868748,0.061319019517309496,0.057681856049408106,0.10087738276186975,3.6411994748414482,0.05087342213250865,0.04949277322383538,0.06637078717711781,2.4348611521730756,0.05349385233365969,0.051962658951330745,0.06716753288054894,2.5585281803420488,0.05330714777673015,0.05149758562087674,0.0767191748527924,2.7532850847017096,0.055475067554599744,0.053749246463612385,0.07639192422998031,2.790237127534134
63,ratio-063,2,0.0,0.004933914795891107,0.004281157371683855,0.008631835248368469,1.4204014707900217,0.004933914795891107,0.004281157371683855,0.008631835248368469,1.4204014707900217,0.004997310453264749,0.003826875033653008,0.009943389386435408,1.3344571008419293,0.020394680478971187,0.012829102925144921,0.05640020866325027,3.8518313741549135,0.004763516640057971,0.0037278567880724496,0.00931554751021231,1.3210493894370474,0.01710652999913875,0.010640688765670451,0.04794294382982542,3.227294878172075
64,ratio-063,3,0.5,0.0348973740205022,0.02643514530624809,0.060975231080291376,3.884974025642758,0.019998987026142407,0.016806957483768037,0.030438546766046015,2.4044516734125194,0.030177230030643397,0.025019415810842244,0.049350071852263144,2.878512972764243,0.02386021904910529,0.021932457975129598,0.03698455156381908,2.0660267607651104,0.030178994199198426,0.023604941604685736,0.051215123106522764,3.045892392021904,0.020112522060056443,0.017837982164487995,0.031136676873062513,1.8856963735693306
65,ratio-063,3,0.95,0.05280356646264677,0.048853917374564605,0.09024967042390603,2.9639086688290344,0.055825141240137946,0.05285808582154936,0.09016267459167243,2.9303170284814204,0.046276770079024816,0.04525077681317231,0.059231878671342886,1.855396602030518,0.049160718811918414,0.048132641893261156,0.060074490131262925,1.971976353154246,0.049011261916137645,0.04771352247327142,0.06761195440376577,2.155558208920739,0.05210356412485826,0.050907564394702565,0.06836040605670407,2.245192272255701
66,ratio-066,2,0.0,0.028735603050911062,0.023004907186579233,0.059704262415245735,2.6145751546947684,0.01937392582985356,0.013954912027874092,0.04816347841358548,1.400998315166741,0.02649925943490708,0.02165086183558112,0.05326499070672108,2.525827765222322,0.017880187766222872,0.014822362693027896,0.03628187556539442,1.6694365437873449,0.02831729895479235,0.0227929741529366,0.05577107904722178,2.5469421080756987,0.01685448303499141,0.01377618357397496,0.034029061285557605,1.4102586857654156
67,ratio-066,3,0.5,0.019060505930576517,0.016476166079390998,0.034867047060992556,3.152160425454209,0.010760692221715456,0.008107815459208748,0.026013138693050497,1.893955077662117,0.015567346491964265,0.013692564338737374,0.027579618033567788,1.3343849820506446,0.008776364160210092,0.007435912576462334,0.016419045911984287,0.9538286348088868,0.016228960813924973,0.013556065772000178,0.028258584816808985,1.6548218062675975,0.0092991052445869,0.0075895641582370615,0.017083038001329376,1.1881935014736171
68,ratio-066,3,0.95,0.05103444419309674,0.04518070969353021,0.08866063601629087,3.5008499399919613,0.05289455337250889,0.0465127305879712,0.08981361866950649,3.4830988796951305,0.04561280441529154,0.04196162634075937,0.0644587978004395,2.4179466989134455,0.04826933430765085,0.04402543471070701,0.0671792410340244,2.567275688310472,0.04791719541450067,0.04385324209823625,0.06692136492648565,2.4892625742481482,0.050524215679168136,0.04584595293590338,0.07077091977607075,2.6470619096979693
69,ratio-069,2,0.0,0.016381561902527632,0.013993127342227608,0.028608022610728923,1.2497004977580088,0.009275906882093595,0.006957006842657861,0.030627984296304533,1.5635385854069492,0.017083745643970402,0.015007666701195348,0.02811865138999947,1.5525494320832591,0.007581422858531782,0.006699116015165744,0.01382778866843698,1.2481799821510733,0.01813234963870788,0.015606561742977195,0.028829207700656334,1.528425028135539,0.006652326677652375,0.005979130147593956,0.012591704020468164,1.2940396435162393
70,ratio-069,3,0.5,0.023381509411435932,0.018587980863094752,0.0415274114666182,2.299889104036415,0.01771294242182921,0.014238558564754316,0.031966189571137504,1.2106128204439177,0.022252335163837074,0.018489090551755547,0.0439425949283907,1.0090118489260056,0.01584057565463957,0.013074290771279138,0.029221930136754337,0.7282648640034516,0.022301873979590138,0.0178712937764678,0.044176662578928716,0.9619934609004727,0.01680866039305878,0.013446831150441985,0.030949878392573904,0.7621106121709111
71,ratio-071,2,0.0,0.03168736504954777,0.02759041294093497,0.05726836560386095,3.435551429587494,0.011506331699832024,0.010402541473722474,0.01751067579902321,2.0751562675874173,0.03061554843090487,0.027093481723656766,0.05220346232343942,3.417575815172168,0.02089793485816718,0.018891083251048074,0.03436526181565114,2.684302830483075,0.03207681038538844,0.028062531926306332,0.055543959444315893,3.4586359786260323,0.019870837218969952,0.017832103051713163,0.03356568789406256,2.5235084589621
72,ratio-071,3,0.5,0.03585238432595028,0.027188166934665785,0.06738860226949417,2.4461722853304533,0.01846894371053933,0.012728418694438826,0.038061865651165316,1.3068718535095256,0.033701942314194114,0.024512562412879496,0.06981079693847436,1.3267005821656337,0.02994347144739362,0.019598168868974048,0.059838884318330954,0.7826045393331084,0.034764112327417676,0.024928116551470494,0.07065300879165848,1.482328286681939,0.029818514014258106,0.019805052268800832,0.05882215280503056,0.9301626710806781
73,ratio-073,2,0.0,0.005934567539742955,0.004588650607644312,0.014754396233870315,1.4169356640470578,0.006398338906583273,0.00570382496010289,0.011307277443500643,1.9158233471098405,0.004576262761767993,0.0030843956373557057,0.013666607697307334,0.9567939069047768,0.006232137621112537,0.00465500736267248,0.01565047719567436,2.164215775086589,0.005382704342289348,0.003657064242008507,0.015036672953358698,1.3976957694546854,0.006502008396749906,0.004818756944375416,0.016527573128660628,2.249984347141603
74,ratio-073,3,0.5,0.03193395921068186,0.028089324921096868,0.05987060461902011,5.644726288071872,0.013652533395933421,0.01323636999242834,0.019328283296123405,2.903813735265172,0.020636278758972598,0.01837908100855547,0.030823384660003617,3.2077892529436,0.009171366934884299,0.008015989493631134,0.015723190026524836,1.3973674670764833,0.02294591942091301,0.019118882036216908,0.032919937773343566,3.857455892575982,0.009473334188906864,0.0077129017867949515,0.01630924907575404,1.7459902814245325
75,ratio-073,3,0.95,0.0677686608297665,0.0652467269690476,0.10524925948207259,3.889435273383808,0.0703661339843363,0.0684099561263591,0.10481800935007973,3.8422506289748015,0.06678107701026914,0.06574906268333837,0.08967401341789505,2.6623056001732395,0.07018303911915452,0.0692007848788376,0.09277390948991782,2.8336419110677777,0.06701504021757124,0.06620575545055002,0.08269011967066497,2.8867795590107033,0.07033122286522822,0.06958847530479606,0.08626032596787603,3.0130751799961155
76,ratio-076,2,0.0,0.009715547092550271,0.007258709623851407,0.018697927103421802,1.7028676908751037,0.007157627693568771,0.005718978111118051,0.017908997174765212,1.5804948197431483,0.005401219247912171,0.004022452458253312,0.014158431598148863,0.8024208893709385,0.007438163253261444,0.005562490180263881,0.021868138060710696,1.2529942828054232,0.005887969923399657,0.004536516541621921,0.01739411435427976,0.5703793177016783,0.0071072028180740295,0.005527474327456594,0.021375608335409163,1.2730083543771924
77,ratio-076,3,0.5,0.023829353450017143,0.020124555253326917,0.037505767743862606,3.236060481352265,0.011786281721830452,0.009803082418271953,0.02982656244091625,1.7471983839598226,0.015274902880175313,0.013500931678981618,0.024681150291437748,2.1305779018856077,0.0108880627676834,0.009058200931120825,0.025896682998273024,1.5528870730034119,0.015565232517006426,0.013269694808582502,0.026359926175025333,2.189992574876719,0.009881281208553482,0.007851344742986386,0.025156427305629336,1.3938376550390255
78,ratio-078,2,0.0,0.007684108833881683,0.007081998603275365,0.01664560000361097,2.031424893507149,0.00527880312733256,0.003998644500227483,0.01579923973035896,1.5060063478209196,0.006850329124138757,0.006322722352679391,0.014012469353096843,1.795904309733805,0.006287386217950963,0.005016947960029723,0.01624661249675799,2.012856779813945,0.007473829092275691,0.006773186093743206,0.016322361647557168,2.0658931591444545,0.006557842791737059,0.005119056300764128,0.01791259035066138,2.072785333389296
79,ratio-078,3,0.5,0.04096922305213311,0.03541434131555154,0.07723143110329123,8.4318052273674,0.023367728011522194,0.02072120324273917,0.035632043075354086,5.864035644711225,0.035086438029442724,0.03339718715047827,0.04452244601639879,5.406314240059765,0.017431794157679734,0.015811088821696098,0.026871272448783984,2.594716855764173,0.035590582212226544,0.03207928502549648,0.05035067763224638,6.222819571925419,0.01742959303530476,0.015755270899178105,0.02976722482065719,3.3175667610162862
80,ratio-080,2,0.0,0.0340596798506595,0.02326129358012555,0.07668667802841223,4.360933607698657,0.02654190200454307,0.017423775123010663,0.06525969878151124,3.470114504355001,0.010546554515226826,0.008085307713546699,0.022463387085221054,1.5517426718278178,0.0043969065119442265,0.0038178823714208423,0.006631382571736455,0.9291618598273328,0.012817574229378481,0.010059395838707894,0.02844187816103294,1.7472129955464197,0.006079641938880459,0.005593220513979316,0.009808049820648784,1.1448956171275662
81,ratio-080,3,0.5,0.021103931231174964,0.01672603736450416,0.04035058256979518,2.3751233156451943,0.015517044125499667,0.013207847278249054,0.025838766475033303,1.912937452074569,0.013409902160336608,0.012141174326222961,0.023335515872526025,1.505022649584398,0.010776165295215155,0.009214138017567979,0.019859198919784604,1.3710657883420683,0.011335450907651189,0.010132881730096733,0.018661218131933666,1.3742771263124542,0.009694485364742612,0.008065139464150174,0.018425687180935735,1.2523609159210949
82,ratio-082,2,0.0,0.006843748063144396,0.006686165460601735,0.008395626620877276,2.7810167679313547,0.0056646853595121675,0.005440544511579778,0.008229088467861037,2.2319430077194724,0.007025539974335707,0.006829020341496431,0.008793310598575854,3.0464559145706884,0.006372430527473339,0.0060757069310152685,0.00939939725659604,2.4642437665299006,0.006935807270836438,0.006798816823396032,0.008695835848311816,2.718726638051304,0.006285960041974973,0.006009982769603005,0.009281419959420625,2.2852353852977285
83,ratio-082,3,0.5,0.030312642566605187,0.02583919577780104,0.06679284102823374,4.24948788220625,0.015596082981838087,0.014118986943116769,0.026869146479281514,2.486323042862478,0.033711307074856915,0.03138547372528734,0.057910053885601276,4.127972668804494,0.02318277073389822,0.015280995001950426,0.05256481797256196,3.21555861711215,0.030502307002447195,0.02935372601985818,0.043073889288023304,3.7418922927414897,0.018281735417675703,0.012731885741590275,0.03989277799131952,1.8399025409387784
84,ratio-084,2,0.0,0.004539918472266666,0.00348502135731213,0.010236193072740207,0.4558049075649841,0.007605157551182645,0.00673319266006047,0.015674757750780643,0.4836861165813619,0.006653468963712031,0.004888712872310453,0.01719661098983144,0.46512344472862077,0.0044466571789351025,0.0034366619777122073,0.010633237789327288,0.2521137781115558,0.006369980161969407,0.004970145386544192,0.016246362731900943,0.40776880562722084,0.0038223429075064713,0.003146044552552951,0.008858117908421281,0.17853992665768817
85,ratio-084,3,0.5,0.016051067272319478,0.013103136293367446,0.025584958836985083,1.8896309678537386,0.014189469982297255,0.011152700349199457,0.024276410509347146,1.1808767721402342,0.015484896016720434,0.013905610425864696,0.027396301912887222,0.9153103502192623,0.00989363517512313,0.009108906933605793,0.015181477355201312,0.7113589071982696,0.014741262607414467,0.012774550214604207,0.027352337155935658,0.7397442436936981,0.010320659055780303,0.00922602193937744,0.017121724194170684,0.6965143748176666
86,ratio-086,2,0.0,0.04871216868032185,0.039043517836873626,0.09957938125535448,5.338342694047152,0.038126985562601676,0.03120735872175272,0.07450501679517496,4.478626144387363,0.04765245563760112,0.038516058719376585,0.09602017344108782,5.251267980456341,0.04295307743858094,0.03455079886375548,0.08824160562038419,4.822317233603703,0.04858820206722077,0.039162002824432426,0.09729574851010947,5.28811745385522,0.042744905779734124,0.03430604427071813,0.08661459523582249,4.73640179564186
87,ratio-086,3,0.5,0.025625630667566908,0.02230920265689048,0.052477916128112034,2.42116802243437,0.014001937167036878,0.010749105998567899,0.03645314894701793,1.3748379248098999,0.02422991022594343,0.021694787852138915,0.044777593150960415,2.0692412764682215,0.014391184574566573,0.01087158174823201,0.029184107964275063,0.6401966274209936,0.02467657717927587,0.022073312845997336,0.044460199058142025,2.036445240867201,0.014601403919603262,0.011131817583032324,0.028220241105207267,0.7498417498836787
88,ratio-088,2,0.0,0.031026700934168653,0.027512736322379907,0.05577873849603332,5.957617731400516,0.024023671180101142,0.019413887869654613,0.06118807203800697,7.350744405462064,0.02845345867906484,0.025177466173713334,0.0530064841899629,5.488282248642607,0.048994714393263944,0.03403437965587162,0.09564892118003998,3.049384923678595,0.029580811457920284,0.026076354531953446,0.05480059857131536,5.5738561884907885,0.05216756667318427,0.03633985147801577,0.09828892810708978,3.202718307609812
89,ratio-089,2,0.0,0.016760294437361243,0.012514799170282389,0.042435449886346954,1.5577588184132065,0.012223958608839328,0.0076694378240724,0.035710305477283044,1.636299764107474,0.017450929630786934,0.013081477994846656,0.043027586853142674,1.9292896144948266,0.01685936093208839,0.013246652789482241,0.04016674935429765,1.9430758745603156,0.017799662053442824,0.01329117636807813,0.04387500184396803,1.9244472878225978,0.01720248112765108,0.013505573222387822,0.04089451098272834,1.972287834007209
90,ratio-088,3,0.5,0.022116441630092652,0.01885880808869433,0.04269172213723005,3.202709930417741,0.011759779171592639,0.010344375122909226,0.022430202867993354,1.9111057832388347,0.01914908040648945,0.012848729827480032,0.04500626667400276,0.8280729024292894,0.01952925619696606,0.013787814058166847,0.03841149973456215,0.6929655642331927,0.019817591277510965,0.013911151101328623,0.0452929930924012,1.3274809294434278,0.021064285325723534,0.014411235791004883,0.03913654923773169,0.7400258675054437
91,ratio-088,3,0.95,0.06277962037608852,0.05992293672956859,0.09508079928025631,4.236221247453676,0.06361976326383205,0.06090141125888683,0.09337045109976516,4.009635710935867,0.04966596193457814,0.049150648636850904,0.06819279139781276,2.2895158772867577,0.05130719457417646,0.0506876679510534,0.06995624404169132,2.426666796217121,0.0541964585317313,0.0536690506574176,0.06608203328045203,2.4537445610446476,0.05604059420805911,0.055292493422692345,0.06842436617944092,2.5914628962410755
92,ratio-092,2,0.0,0.02191729632104723,0.017940367737786653,0.059502304367522574,6.435750698726476,0.020286410485969214,0.019094853031196166,0.03451132678062083,6.38530634334835,0.019117043463709182,0.016423570149611287,0.04659810003617548,6.756293548675667,0.031118999386260372,0.022186549157781767,0.0756733963973677,3.372150770664079,0.020565546289062528,0.017240494767436693,0.054115860969624396,6.7022429782511175,0.03180087489108753,0.023421688263943787,0.07473725788588403,3.5234557782324956
93,ratio-093,2,0.0,0.01527950785491177,0.01239023525217955,0.029837691267629973,4.1793517216312495,0.015108574593836313,0.010961669670310835,0.030018770615041213,3.391261701726631,0.015803248550149678,0.012710558335512954,0.03301451981820125,3.778012096488127,0.01745951306382425,0.01295678811352916,0.04030168161789238,3.159975613046475,0.016244415751187204,0.013126954092795205,0.029491857306628566,4.150656567853942,0.01745519803029762,0.013268663203028436,0.03748989746684872,3.3693282152612176
94,ratio-092,3,0.5,0.022371875769318764,0.017812066198441095,0.05475389034961797,4.372165407779275,0.010355502778518624,0.007041244885893739,0.026670507814939404,0.937709565152341,0.016918510697093814,0.01465441589801605,0.03962486082511865,3.280010506827724,0.007128813082636497,0.005387266518144997,0.0191019541206936,1.157872082221132,0.01832608048128954,0.015393614571433782,0.04464101693326497,3.694859370602803,0.0060993611167608295,0.004732388674793477,0.01619435031794783,1.1419899540345246
95,ratio-092,3,0.95,0.037188170725797956,0.03167149010665475,0.06359820570006869,4.571027035239593,0.040502051660198345,0.036939000846179675,0.06474009820084364,4.15572246382749,0.028668556996980284,0.024662286157884395,0.05017683394136774,1.8727404313241032,0.031836312836742195,0.029305743132429448,0.05322422650035563,1.943494135287674,0.0307674294523766,0.02711353397337582,0.04565368482635901,2.8063574969207807,0.03428288190768895,0.031578067882159756,0.0495231853877105,2.7857165331211227
96,ratio-096,2,0.0,0.02303464864169547,0.017765856038398795,0.041078989400935434,5.1659213422541725,0.05750716224101792,0.045426307323486,0.1212956548240125,8.390382171678432,0.02490500958769398,0.019997843890982785,0.0495244868135698,4.457604893493274,0.03168143610156362,0.027028829053472106,0.06538940446699093,4.788084796216299,0.024472826485931014,0.019905388446619588,0.03922945927501309,4.703242594878223,0.03451370899640456,0.03044133962972907,0.06477850136699737,5.106276366851541
97,ratio-097,2,0.0,0.03378494751611054,0.027365336686816184,0.06590744045697494,2.5733789625715406,0.041970015907164517,0.034307302014753537,0.07542530446316387,3.4126585516260186,0.027462775045096574,0.022514242052103155,0.04867512366168025,2.3872394937290045,0.0401282584981259,0.032305684666075946,0.06804873383087073,3.496436587532279,0.027585795319188526,0.022790247808131422,0.04912281205283375,2.342729483365537,0.03983640313573539,0.031965733048473464,0.067252983181454,3.47574140341025
98,ratio-096,3,0.5,0.027263260712780058,0.025252577120852694,0.04024342747159218,5.7041856601680925,0.014118459283793492,0.012685566651895722,0.026397724376954368,2.7628575473028056,0.017130924557104115,0.013794419134186182,0.027718483370889557,3.014083888593192,0.010875210919738585,0.008654572397899005,0.01945961174335098,1.678511405351394,0.01991243420171626,0.017089429062352196,0.030831399377735214,3.8369905028089106,0.011166882860093213,0.008975061377756057,0.02055840876996229,1.923295388603044
99,ratio-096,3,0.95,0.07432607082563027,0.06879216097149275,0.11394594207978537,4.928377074651461,0.07532872860965117,0.07131449164038049,0.11236079808915272,4.556982963647181,0.0565293933997923,0.05596294490662594,0.06634586464291653,2.5204562242324493,0.05860931175535551,0.05793166040959737,0.06855954391120644,2.597128855307418,0.06157263970871673,0.06040491064073323,0.08125416417673981,3.1091636305281334,0.06334049536017361,0.06232058239722228,0.08292192925212294,3.07393325125064
100,ratio-100,2,0.0,0.029149884190944414,0.023104054535951903,0.06852527627107563,5.803763654063966,0.004973280407802395,0.004371867544787415,0.011888152342881875,1.057652456273274,0.02407847442706804,0.01943830928064515,0.0537454885660954,5.06415231829412,0.017148901455227832,0.011291460567959023,0.05712808865534236,1.7884320970976766,0.02539792318135493,0.020519080734924578,0.05618492783158052,5.3343078556424635,0.01396959158308967,0.009099010814328812,0.04779427162011843,1.1014391088210542
101,ratio-101,2,0.0,0.032189547247262806,0.024611474771654263,0.04879675564975311,3.5507547373974586,0.012465170939189698,0.009256499263947284,0.024583825609665655,1.6918289940175602,0.017641817144782888,0.013213825933487907,0.03293931362423941,2.0288161971856127,0.0074232133846226876,0.005477229962826948,0.01708690044209049,0.8973989751727484,0.019714528558308245,0.015061638698924755,0.035771299096270304,2.22061647025943,0.0072587935107060455,0.005375034263785848,0.01684199509428025,0.8049029521760123
102,ratio-100,3,0.5,0.02650283695430049,0.024918700384269226,0.04341905450796013,5.558725828934845,0.01218580514396348,0.011207332350159756,0.018315880673882096,1.7475115088740614,0.013760104156231525,0.010710796287210582,0.022380642046261057,2.8042291626387876,0.005978403899805381,0.004453155789216684,0.01911572890290797,1.2366002084395142,0.01642716354542006,0.014448011515670697,0.024491399935218428,3.5827438204652506,0.006377197382364401,0.004572046013228574,0.016875457436484498,1.2042478847413545
103,ratio-100,3,0.95,0.06237623296984611,0.05557642848051582,0.09833859493452046,4.6617946223302775,0.06356999612049705,0.058813342174068674,0.09650498298260651,4.28962446815463,0.04818400140087567,0.0472819759044399,0.06946943085211987,1.9806286797113515,0.05092252930504069,0.05012332400282335,0.07105214994675957,2.082346884979168,0.05199230948291929,0.05094666821865124,0.06305103414068558,2.602518337256734,0.0546223124808983,0.053898256940222926,0.06483669324316771,2.5948563088811434
104,ratio-104,2,0.0,0.0270028034210391,0.023599102999214867,0.04288334545743401,5.404738154517062,0.041661873408367724,0.035341702216904344,0.06577691613752787,8.095928013604901,0.025320434783598942,0.022202576002621228,0.04684908614213712,4.844602136761327,0.024023656720605108,0.019121944256250547,0.04096533404944569,4.58642099950624,0.025365907828080562,0.022279937736422277,0.045245989123304034,4.930605408907488,0.026922894140003845,0.021768078143413746,0.04559346333939421,5.139002372795505
105,ratio-105,2,0.0,0.030161061744943315,0.022580806945436894,0.0653991243563617,2.5628885071705754,0.04308217189903944,0.031815539037347185,0.08632971355271185,3.617123416382496,0.021217660307199706,0.01628145567101291,0.04019746775458616,2.1521149126949313,0.03504210352391281,0.026408069576021733,0.05433609153184987,3.27785895683224,0.02278780591992867,0.01753662644713372,0.04239431570577579,2.2537386339875556,0.03529961630431317,0.02659807866798184,0.05476219691124218,3.2637136513195113
106,ratio-104,3,0.5,0.02338283729074473,0.021345074166138824,0.0355156710392438,3.6948461406201987,0.013747353012883172,0.012454921599254478,0.02630672651696686,1.7843624851822075,0.015284963890995056,0.011708625741655368,0.02439327739985145,1.8807211541971993,0.0088334358008104,0.006436329537960182,0.02254785286261768,1.1555538873193816,0.016165982912238367,0.013449405964980848,0.025159095555143618,2.3002421514003095,0.009332059673778634,0.007631961920360309,0.024176652238536045,1.3628833585706825
107,ratio-104,3,0.95,0.07310548940066501,0.06816275332332317,0.11106767532320233,4.275729045595145,0.07542757277268136,0.07210596310485579,0.10993101288650337,4.043055211549443,0.058293186807282425,0.057876898081593235,0.0683093596819383,2.3505886073109536,0.06061550775400177,0.0601743779778668,0.07109141887557369,2.4245765824684318,0.06346902489756677,0.06277162236435843,0.07936460268208884,2.8216670479960455,0.0660870263431158,0.06553366253433969,0.0811164743876121,2.856480000017614
108,ratio-108,2,0.0,0.07954776166916172,0.04614094795073869,0.19307659402380545,3.6508363063604357,0.012159967967775834,0.008454922909551037,0.026401055483360303,1.7037064428727058,0.08271781434974303,0.048538966914144305,0.19247867445694916,4.074404774080097,0.057028902228022635,0.037425217053193224,0.12489723536014669,4.013842683104381,0.08145861364509885,0.04753968753820651,0.19281853742786098,3.8994839383526583,0.0535086598453957,0.03319130271886821,0.11964796435202546,3.5759741129109175
109,ratio-109,2,0.0,0.0356526518821605,0.03134963065885275,0.06907250187159886,5.317732074351646,0.016395216583891533,0.015083852928388536,0.027180638494316345,4.917119647697135,0.0429541118456327,0.03604879074949527,0.0892606359987983,5.431907132808616,0.031901859007453355,0.027468671588343607,0.07468945439130442,5.603067249924772,0.04003379163268077,0.03421071213760323,0.08053683991215294,5.368393519859888,0.02729055251954013,0.02386176480032763,0.06299982470758275,5.249567883816267
110,ratio-108,3,0.5,0.03836531117264626,0.03330639208729314,0.08546799388280946,4.42495264482858,0.053314439764522055,0.044066221633538315,0.08901216143443408,4.096462163453062,0.033059051547297234,0.02891266811365393,0.07103583116377452,4.0073124538571,0.01412330700908065,0.011061881703636305,0.03558582152662634,1.504129677384171,0.03491506904362486,0.0304498490607451,0.0754537233042849,4.201167450286157,0.01923759311368687,0.01545747884725214,0.043726605218392195,1.974625761251617
111,ratio-108,3,0.95,0.05077644976123078,0.04985063393033436,0.06661366054682616,2.859419290618601,0.0563555939998913,0.05529133324402997,0.0731304329288961,3.3493198140883904,0.05668760473755917,0.05553818274368951,0.08095966027285384,3.207265801405063,0.06431035407036599,0.06304857560961714,0.08968634962496069,3.777169251115506,0.05401306174725603,0.05302291959645341,0.07585354441904635,3.0231798162598804,0.0615083810455649,0.06042694055127442,0.0842590106337453,3.6029752470171394
112,ratio-112,2,0.0,0.015963323541642874,0.014474879986568436,0.02285599181073117,9.565429088113666,0.004575781226007281,0.004055993762793407,0.007707661218223812,5.84761399970228,0.016360252294377636,0.015045140006665363,0.023582500992434124,8.656979456379768,0.016347344543582904,0.015383931452138733,0.027810842259225393,6.864280785520513,0.015865710976583645,0.014362622690272683,0.023359839415121812,9.053388213249274,0.012099617979394864,0.01099657154766497,0.024757035098428748,6.00860547125083
113,ratio-113,2,0.0,0.017996583514595904,0.01686449378945416,0.03411563695474462,3.652450728829381,0.013135416263239991,0.01219666789950364,0.027355041422296666,2.4870432438076526,0.025270459176206416,0.02227428782269105,0.055338637004611196,4.021002728112551,0.02503568449190374,0.021181315417116327,0.05831099066846113,3.8936946216842667,0.022078026613234294,0.020504459420180584,0.041283427314735235,3.7593459466585637,0.020721365055898347,0.018397826231925974,0.04275525233586244,3.3640378832322546
114,ratio-112,3,0.5,0.02275875558907441,0.020235597513421,0.041897022587812055,3.3018863024422336,0.02753233856866631,0.02492858624572344,0.05576864207701987,2.9013754426365175,0.01545454941590589,0.013413376264214523,0.028352924726355755,2.584430925910681,0.004875737453858436,0.003952490457566433,0.013666369191242644,0.9481532127761583,0.018037472631060335,0.015752104240695463,0.03420474450886668,2.714394945129729,0.008116564131985568,0.006597330588081845,0.018917030815002733,1.3286207413931124
115,ratio-112,3,0.95,0.059566303087167316,0.05887512558376506,0.07083960965312919,2.7698160634629203,0.06231442429355058,0.061425997280085666,0.07193865855719611,3.0054393325931685,0.06853093452677272,0.06742675580661185,0.07914493696049424,3.2275006122728365,0.0741852566616403,0.072820862192559,0.08461336580328555,3.595573680261971,0.06576357651676294,0.0648723712031375,0.07533490379393071,3.1455847347814223,0.0707217655470169,0.06961053056914189,0.08064300550055908,3.500794160267103
116,ratio-116,2,0.0,0.010571822882475247,0.009682288695092096,0.015281420338231322,6.188813441948126,0.003680438298987586,0.0033436834923150664,0.00502883903641636,5.2084060167401995,0.01083468427172955,0.010184181367643614,0.015526202869264247,5.730707582735462,0.014822381364985494,0.014395939256749974,0.026336548916741732,4.570648707612513,0.010692305057843198,0.0099392873504504,0.015463853874004028,5.885380289413913,0.010638313551628706,0.010189188250073738,0.02025670933081425,3.9981906902996682
117,ratio-117,2,0.0,0.024206947749966963,0.023752743708760172,0.04041304196130914,5.248604728750211,0.02063165918900925,0.02017242474924483,0.03552838781399477,4.535039268538249,0.0272902031377996,0.02636922665961851,0.04043381830831229,5.284016459455398,0.032336082003809316,0.030290153102727688,0.05807934617552042,5.651322544551425,0.02533791116754149,0.024857235439512557,0.034383245668441295,5.2259625644630985,0.027921455092981717,0.02661856680157504,0.04755556490513847,5.170124773580934
118,ratio-118,2,0.0,0.005161275350246016,0.004561659943443589,0.00753610849379659,4.6161472963158925,0.008123267064638803,0.007658660521245204,0.01066617929729628,4.505770810372059,0.0051823735585317995,0.004670340956698815,0.007343102793149096,4.780996073982547,0.0041196082341749705,0.0037830068841737414,0.006065345256742172,4.3432361718233095,0.005190645927523553,0.004651689406840366,0.007427478733225558,4.740505682777676,0.004927518132425412,0.004409403833514345,0.007036824770836888,4.226085664976045
119,ratio-116,3,0.5,0.037713526968436155,0.03613424413504775,0.05905966445049898,4.971668587279671,0.038498413109660276,0.03583662852027151,0.08017834400486584,3.9396036354525394,0.03051948220137757,0.029180626435847293,0.044031120738144025,4.226345151630466,0.009499059184353936,0.00890426978740333,0.015467017912415504,1.0836729647167662,0.03205023113572311,0.030830470326427564,0.04669271730526159,4.20513117430647,0.014583645647080862,0.014165418580245065,0.021227361511233944,1.6641574701323505
120,ratio-116,3,0.95,0.06778648366903887,0.06732392705827922,0.08236849428108362,3.0907990957148117,0.07133366928286128,0.07082245009631949,0.08849402789628857,3.300807085907403,0.07834834017942803,0.07767834901575242,0.09191036498528093,3.5104642863562527,0.0843375424950912,0.08351166600780502,0.09956336150408407,3.8346263756683565,0.07641886016404403,0.07577275079971245,0.09004482247779955,3.476984616230563,0.0822565478763037,0.08146990474811674,0.0973033519965335,3.8013581681146382
121,ratio-117,3,0.5,0.03214290993129812,0.030869688001676877,0.0478060996724769,3.471670871086808,0.0504936747550458,0.037064333333562544,0.12946690569125657,2.484975932091996,0.02594111825998473,0.02512226042465615,0.0399548153334322,2.9927559017533554,0.011574367826677121,0.008900529571306498,0.028113537505503605,0.8622864360253779,0.02703664312161756,0.026225758678871326,0.04051798074802654,3.029901555803142,0.01674804402433135,0.013092534077237832,0.03904355612647731,1.1243252987849386
122,ratio-118,3,0.5,0.03079753756726378,0.028110342093835592,0.05277373025921325,4.578941188338175,0.01660496502060844,0.016097320085921397,0.020592720378451668,2.067665361341591,0.027313101952143322,0.02448943484489111,0.04289141139810826,4.429405637329388,0.005228880296299144,0.004101202829580262,0.012700560332775168,0.9587173889162504,0.027534119507371554,0.025114857967137107,0.04433293437691441,4.1879933676718775,0.007061234088046588,0.006087871655754793,0.014002593910753425,1.1598960211119593
123,ratio-123,2,0.0,0.019730287124125372,0.01904660354077877,0.024900029269594014,7.5012800736010385,0.006446996080151495,0.0062119603920301955,0.010250936154104079,3.313034328483704,0.020411163880049283,0.019914863866787404,0.0249425719509074,7.066950666145295,0.016672371133580558,0.016373498687674282,0.020371726279030465,5.900412509276722,0.020026153669019428,0.01945805202802727,0.024923300433224774,7.197362716644117,0.013552400822776645,0.013278046835638546,0.01926016718416624,4.7871668739525495
124,ratio-124,2,0.0,0.018182870285591013,0.017615135165823758,0.02202800842617723,5.653170193413248,0.012547491428403612,0.011527000087411674,0.030108452295641935,4.342505542561857,0.022994167249119016,0.022418707388960044,0.032786831484553094,5.068292733055831,0.020494022671684927,0.019845415592136616,0.029333479381640756,4.509042907802234,0.020038485456308788,0.019626327815833466,0.024154966291416675,5.2232869643216375,0.016562230314284974,0.0162256912029452,0.02121168856245729,4.343395482502793
125,ratio-125,2,0.0,0.003634754360972766,0.003034817538003885,0.007116943748170311,2.607291204869878,0.004163113191635788,0.003866281315236272,0.0062703993399301425,1.9735348394947387,0.0036080974836189307,0.0029426840609725396,0.007225337474844218,2.5617860628466613,0.002632925383101236,0.002414951408827264,0.004143358918475469,2.227042750830835,0.0036111478979973495,0.0029726859139640963,0.007177610571748573,2.564251898293839,0.002574205504103518,0.002368963299980584,0.003910125214406594,2.0374060045159452
126,ratio-123,3,0.5,0.009789496535038487,0.006816936944312017,0.020851051391002795,1.0197410349905014,0.014775900709269806,0.008561398211045384,0.05166860276233598,1.04430644482225,0.013469889247715394,0.010037896008668813,0.02994023212988947,1.3551541764075123,0.02471055873161371,0.023875901977623657,0.03904934557286577,2.9647178961042817,0.010306003668338124,0.006878889508213992,0.02636394720533039,1.0195853668829373,0.01728450041900593,0.016562813463065054,0.028225938453051658,2.298264030016066
127,ratio-123,3,0.95,0.066633375993232,0.06578390865839547,0.07955882136352538,3.2941983100726406,0.06907219225148116,0.06823380095459577,0.07984577880578597,3.5255461392727656,0.08121802286679924,0.0793848152133037,0.11127796665598066,3.877658400540332,0.08746150694919842,0.08554817105273115,0.11638985125567303,4.304835483659096,0.07738928051095743,0.07581979672824785,0.10360621082604038,3.7626147571066846,0.08316983080284207,0.081499155564499,0.10827791796341624,4.17413265844942
128,ratio-124,3,0.5,0.009394708760267089,0.008496645913268444,0.021082244156347102,1.3448974869953512,0.03758851841935443,0.021276387269752603,0.11321071331307825,1.294435633421163,0.013796584739217216,0.009231776366905737,0.04058749731416755,0.8593780539233923,0.018544810546602175,0.016887011729264236,0.032613917129256154,1.8380874030209706,0.010868238022552065,0.00819628647153668,0.030970881488558755,0.8541306267772223,0.010499324546529357,0.009995832629154025,0.017100564384852357,1.3918558701438157
129,ratio-125,3,0.5,0.029338623872498276,0.025022312398101973,0.06762179733181956,3.939173705220308,0.019485785394794567,0.0173001515356501,0.04342536996891927,2.8575657668354033,0.022389761033225864,0.021028296738956728,0.0346374520394814,3.504960394552749,0.011011409574842018,0.008074747020115864,0.023636672712370632,1.0327065385069556,0.02381832128556436,0.02188419872991302,0.041508165808663705,3.632952589489464,0.007658415341763026,0.006665931041619412,0.013097533076671497,1.4296643456893299
130,ratio-130,2,0.0,0.020387530970591976,0.019830358848779824,0.02481937085679679,8.007250851655014,0.009145698059781297,0.00863937165726292,0.013024152602922168,4.971790991374064,0.022553118381573863,0.022063056733356522,0.03551375586040349,7.079835267884771,0.01910327081596705,0.018655984820046757,0.031181294484802655,6.094182226154289,0.02133073203673592,0.020913915079543127,0.02805123198279387,7.408993707217278,0.015940429349366948,0.01547104573637565,0.026672344795456715,5.5225479325309665
131,ratio-131,2,0.0,0.006564768634483675,0.005220044523843907,0.010320758424144268,3.8659841029643216,0.005750023725849549,0.005503785119166579,0.009375782885663639,2.4692897029953844,0.006637491916178819,0.005479802498396683,0.010375978053843368,3.6469078385941853,0.0024719809722495603,0.0020734172887235795,0.0044878865233327105,2.6559953727155685,0.006562830693880391,0.005316315273590516,0.010347266642643752,3.678586566966845,0.0018631893452578266,0.0015413262036817646,0.0036475972076343947,2.0428740188833134
132,ratio-130,3,0.5,0.01958065509035595,0.01496165758494126,0.03708102442241873,2.559361351274325,0.038091448853543146,0.02270903395439299,0.1089639823650364,3.186480027213481,0.012642837117564814,0.009996111509792929,0.027509486558381868,2.200011545606929,0.014825304162625312,0.012667629446676563,0.02677352766501981,2.4091808679928395,0.013129168736641437,0.010337360563876186,0.025755528618556067,2.1892612347414846,0.011779263110295111,0.010739521011846775,0.021315442902173715,2.1933723280924933
133,ratio-131,3,0.5,0.02875157556017114,0.02586157542920208,0.06109524037262401,3.454758988488099,0.0316880050255003,0.028902136730740616,0.057468007878959254,3.480824483414852,0.020737000933471323,0.01937788953463853,0.033693774714704555,3.012653317211319,0.0098754417759706,0.007292983936928819,0.022300092267190152,1.9536386992826238,0.02278713037637882,0.021242374828056233,0.035775208611148857,3.0964276292006296,0.01449949468480676,0.010012659386377406,0.030421410146909966,2.3903313618689648
134,ratio-134,2,0.0,0.015091789150325654,0.014198096957511272,0.019963433488771404,6.854016206017277,0.0018715934859472822,0.0016411014801994092,0.003628803480301774,3.0343174877413532,0.015807143815723807,0.015186457586592407,0.019977297506583603,6.25019598647076,0.008450928479700746,0.007809410564552599,0.011465482904979028,4.850495742234289,0.015384986362953821,0.014660200200029715,0.019970210618816476,6.454160722544316,0.006353400411118967,0.0057759156805256735,0.009465597096706517,3.7804670503978315
135,ratio-135,2,0.0,0.009241979718355827,0.007872845009241774,0.013561050432477847,5.127921250714951,0.006597193421557219,0.006399080874831947,0.00952719466832749,2.9177836886614705,0.009509930882446893,0.008475279812256667,0.013585653350299622,4.716549275025626,0.004115058945722149,0.0033706961362349602,0.006396791856756068,3.555934230103061,0.009320980836869127,0.008139914207835719,0.013574201271218004,4.838229945920654,0.0021853574946471286,0.0019509399754623015,0.004138113072283636,2.6543863048977085
136,ratio-134,3,0.5,0.05283905805913495,0.049403833591985254,0.08970667217271211,6.4267724409226155,0.06416775199612253,0.05877468906961337,0.1335988420371311,6.472048622651179,0.04351694212132281,0.041814982952708635,0.05944464398847327,5.872771011360816,0.033313925544121305,0.03197480478218536,0.045710955849221524,3.9230139433719344,0.045881354904746985,0.04392254089256174,0.06228508228377505,5.975254613005361,0.03870751235426314,0.03729823096705599,0.05374131401646093,4.429202943674126
137,ratio-137,4,0.4666666666666667,0.07045168484032996,0.06555517202863666,0.14541070530088157,8.000069430270464,0.07664411604676905,0.07167774718782403,0.15758923872565722,7.891702878100878,0.06334046959748449,0.060128471447991765,0.11871197785005924,7.510376666659473,0.051362910983082884,0.048553382193905835,0.09599418560841436,5.5468165885198175,0.06518198389606175,0.06164150488153123,0.12411340686503125,7.65790988908445,0.05664297304991945,0.053857340769268236,0.10213269433156888,6.069143242051201
138,ratio-138,2,0.0,0.013810806018568286,0.013396137181055513,0.016807095890669498,5.47138540539131,0.006840987355001424,0.005613973217207144,0.009751256581063704,4.7284180809981295,0.014670115518075217,0.014547544740904967,0.01706038039276455,4.565223721377213,0.020767454468533737,0.020162588760755287,0.03904145761515249,4.377372857599493,0.014163439403891268,0.013957936035918017,0.01686340488240043,4.840524616800906,0.01615779722519053,0.015702685100417255,0.030476811681065703,3.752610035187629
139,ratio-139,2,0.0,0.00530184049887488,0.004514053902629013,0.008346535041478781,5.045443566792148,0.013716531711650387,0.013588310816004355,0.016050431780175053,5.282617437994536,0.005110881037039066,0.0044425630825608905,0.007741467173739646,4.981605522156728,0.0032942991865847248,0.002881573740161143,0.0056467654164991665,3.821404430438431,0.005208914437429806,0.004499878726046432,0.007970010544005368,5.009748948483665,0.005794769223610576,0.005257323052142159,0.008252492346917648,3.8351405638489173
140,ratio-138,3,0.5,0.0342565660595681,0.032261711579542655,0.05137641029774176,3.8149183826600774,0.045421995024684816,0.03578649745815228,0.11331864115952636,3.2465142124255757,0.027805359259930815,0.026498033516244128,0.037110712249425054,3.2722299834029855,0.008650011538083948,0.007224090821819031,0.01777025624488232,0.6807999176983232,0.02891036308042567,0.02759494409815308,0.038735577678404215,3.2576046462126764,0.01389115566386171,0.011745131771175754,0.028031407379845497,1.1338964901396367
141,ratio-139,3,0.5,0.027282232186699985,0.02539995252073522,0.04192866840965956,5.001913785935862,0.022608497491011074,0.021148920000081266,0.03442753045037322,3.680572993640397,0.02311760266497341,0.021007204915190435,0.031620079019290814,4.8658732930795825,0.008409439097944756,0.006984431600091525,0.017229844952035972,2.5977351673214555,0.023598459172025976,0.0218029677247526,0.03252617945441438,4.40865112725981,0.01004330674130033,0.007669049835759337,0.022161550908229133,2.5762484955776164
142,ratio-142,2,0.0,0.01631616092029969,0.009717970196532788,0.06973349288869901,2.4207881272391787,0.01631616092029969,0.009717970196532788,0.06973349288869901,2.4207881272391787,0.01907311351535708,0.010558402785485931,0.08103655025286155,2.1911167585017517,0.05629627725785376,0.023814370462656297,0.22801963502293426,3.3409749960205244,0.019221643132027212,0.010644523376250985,0.0816643392462777,2.1918754542176315,0.054686967568014486,0.02438847692242606,0.22015240202552433,3.1131092806614906
143,ratio-142,3,0.5,0.02770940189008634,0.025693955001435936,0.045157136207374104,3.576862150615503,0.012929530032987243,0.010348088944064936,0.025029679061698756,2.8032215794603053,0.02268244711332806,0.021418699715630228,0.03246386425209566,3.0471800626466115,0.007651575389320921,0.0060396528241464745,0.01588115070179766,1.9498175181082322,0.025087808122829888,0.02363008300700069,0.037280950197298685,3.312493636815961,0.012221423301733729,0.01010919661462933,0.02110566947041584,2.2575811227048157
144,ratio-142,3,0.95,0.0761688734801638,0.07513464485598925,0.09174038473314217,4.6248409799045405,0.08356159176827378,0.08244950013585171,0.10211217996515887,5.2294288937621305,0.0856781306207093,0.0838876202929297,0.11006941840371554,5.129756115731286,0.09473046683365759,0.09282615679403255,0.1216738198248406,5.806446291425292,0.08132576605812654,0.07977197093298119,0.10401141309687223,4.873867786007278,0.08989367590557898,0.08823913748476749,0.1149501712294041,5.534186896646773
145,ratio-145,2,0.0,0.019718727811711162,0.01123350047058866,0.06450734849286677,4.373269183198719,0.006867439142572978,0.00651724943458587,0.010616949508244752,3.947766298739926,0.01974229110017703,0.011133124263596127,0.06774620235592282,4.243163127851886,0.007771150141482329,0.006430450553840372,0.01292265748092803,4.488115887865806,0.018910146233981177,0.010847671375376955,0.06334919451147314,4.241621851083072,0.004484716854799012,0.003603225961198621,0.010946769511270292,3.464307596635993
146,ratio-146,2,0.0,0.05586580081943751,0.03404492416231028,0.18570601819233096,7.284179688149702,0.02997609350225913,0.019338948064564446,0.09459598471721235,4.07207742498242,0.053992315386764654,0.03310226035018031,0.18193150218517196,7.050871633170166,0.0573252790867266,0.03792199073879324,0.1900689315822059,7.491264865870349,0.05156795377960137,0.03225031507757921,0.17007565087207988,7.043931001755435,0.0448567692330063,0.030079862853302716,0.1443073591557823,6.312870936283374
147,ratio-147,2,0.0,0.014874255183504752,0.013356486194988224,0.035609744558332636,4.669456390822188,0.004884650192386204,0.004505876422382888,0.011135737434834592,1.5692533560497663,0.015426403798691729,0.013590612635100889,0.04025449351774884,4.645082679352518,0.014857546108498198,0.014415249278091569,0.028038144090483226,4.2243552107082305,0.014950888500233371,0.013367770091772473,0.03708695617764202,4.6443202598432425,0.010638484786452192,0.010454547294053537,0.017491227506986173,3.334866961398083
148,ratio-146,3,0.5,0.024631289609019773,0.02265217209804428,0.040269065171902596,3.372275508131381,0.014925834647381316,0.012673941043018486,0.023925359099163268,2.335651267965184,0.021813415417211397,0.019879870102885513,0.035936681836077844,3.1838681068303725,0.024450926400919316,0.013984565263587819,0.07928954213984196,1.9931538270248883,0.022699244140837446,0.020576294917868807,0.03726884903700903,3.310210983010507,0.01071278080984948,0.007325732807584027,0.03346465858774922,1.916372767537014
149,ratio-147,3,0.5,0.03524142076292913,0.03329491192803764,0.050857006888604894,4.8662258671445375,0.03172319065730154,0.028659084367346963,0.04824046770103413,4.461978306786184,0.030853776270953905,0.028235464556786858,0.049490764226985506,4.778817059541024,0.016107649662952275,0.013403270258011562,0.028245324597755028,3.580994597286771,0.032356658160686745,0.030071664406655613,0.050470336870090754,4.901605458108396,0.019002667125146127,0.013453434082822334,0.0354400997831919,3.8282837932846814
150,ratio-145,3,0.5,0.12524575663120896,0.07770562380864246,0.3703645802393904,5.2444195612239435,0.12917943978798854,0.07660133520990611,0.3916923015724654,4.909892998038163,0.1178809461181134,0.07321444328461298,0.34486126749441703,4.990362890216533,0.11409381676488191,0.05591901875426201,0.3566139388429319,2.9187951106318177,0.11990318540945613,0.07489745749543933,0.3507287927093811,5.147393028939238,0.11901191162328355,0.06230725173813103,0.3695017459155409,3.4529096850581564
151,ratio-145,3,0.95,0.05552468614963613,0.035661182284997914,0.15226368454888817,2.261427829259797,0.05574828929774976,0.03847149013898486,0.14772476594377248,2.099340980970762,0.05049920570832017,0.03566780401056363,0.12997924776631342,2.3617679981954973,0.052425543185747665,0.041699100333504234,0.12356801864118072,2.30733659301921,0.050870037918043204,0.03474617040250901,0.13407514704083,2.3809377773200255,0.05239886787678137,0.039758472148467575,0.12884750923903732,2.259200326226794
152,ratio-152,2,0.0,0.015940393442872076,0.010759855578827299,0.04462498706079869,4.032598602138567,0.015940393442872076,0.010759855578827299,0.04462498706079869,4.032598602138567,0.015374472171062258,0.01050164101502244,0.04474220811402914,3.8633406630393234,0.024845003982861297,0.02247561539056848,0.05346278214806567,5.518827323816023,0.014915391270524969,0.010325140353651464,0.04183152497716562,3.922284376633802,0.024189954055397013,0.02027368357418185,0.0577312886973477,5.6494381269621226
153,ratio-152,3,0.5,0.022142520337132345,0.02180565227210109,0.02720280765891507,3.436738569016681,0.009087399838809683,0.007881823665387427,0.014442575547246497,2.533128096565663,0.01844710018563163,0.01792026673677979,0.025035237824681922,3.263936748941009,0.018717351551726866,0.013396893531895928,0.040425598054130735,2.7320971879014064,0.019764119492235378,0.019304929024270247,0.026438593744682215,3.4085857054815616,0.01575770364601194,0.011190045867329907,0.03227246262529798,2.676162775057336
154,ratio-152,3,0.95,0.043710402134401326,0.040699248264601744,0.06446327528937057,2.541916556002905,0.05219966163386157,0.04962330682735022,0.07159917471394772,2.8681666258917895,0.05292755750854889,0.0490179202454951,0.08100174268100269,2.8937780989348916,0.06272407230593376,0.05927795855838279,0.09185502274490487,3.24849949377749,0.05032484739632292,0.046002654195827955,0.07846713256342497,2.8307856737793213,0.05972879346192304,0.05608930364354281,0.08728642254399199,3.1541508698822405
155,ratio-155,2,0.0,0.009804079053744528,0.008867538548933377,0.014025904500434755,4.219967319433494,0.009804079053744528,0.008867538548933377,0.014025904500434755,4.219967319433494,0.012089980356219934,0.01051998026507749,0.026471702677321657,4.415437022658104,0.010722858260868643,0.00997126963969364,0.017688993515219686,4.4691431861121265,0.011288584798576362,0.009926100042233467,0.021575500355446336,4.353173208072813,0.010934402223129447,0.010386969707105431,0.016989483327168653,4.545005989203853
156,ratio-155,3,0.5,0.026216808394284,0.024717910517379642,0.04294710325844725,2.303616097421748,0.013841267489410895,0.01048947085611526,0.02568487512559936,1.024740225024877,0.02206311262936816,0.019605703012009434,0.03637446480447265,2.0494518202486685,0.025611629732678755,0.021298903230750975,0.04842819074459315,1.4804309458472524,0.022444826011210915,0.020793676368624475,0.035491952320594045,2.1756303013172174,0.014938553399721312,0.012291126485555694,0.029547720696291913,1.094367634108242
157,ratio-155,3,0.95,0.05046855456039854,0.04690165387158411,0.07877373765270357,2.264329551000094,0.05359240170776906,0.05173692385997187,0.0765188437648956,2.3214009375623124,0.057453524611572486,0.055395346049630846,0.07904685051639049,2.2694316811791166,0.06370971008149294,0.06263876083530522,0.081039370859741,2.593647843785682,0.05532706743487531,0.05297354770897873,0.07891919571818007,2.2218489037598155,0.06068262778853849,0.05951103584846942,0.07749220658269207,2.461436668817936
158,ratio-158,2,0.0,0.00423938126748766,0.003778348413205318,0.007412923263650832,0.6929786690135954,0.00423938126748766,0.003778348413205318,0.007412923263650832,0.6929786690135954,0.005499116445755222,0.004705654302210912,0.013037918611154824,0.9226185061183315,0.004812222760493429,0.004130238706722569,0.011961141063369742,1.8759655438989404,0.005020815584693512,0.00428720011118299,0.011228725694740052,0.7472014489488206,0.005765609125449255,0.004860053227745606,0.014136220868959559,1.4062531109990453
159,ratio-158,3,0.5,0.0284143989577094,0.022897304677811713,0.05419682109017593,3.6066639635360502,0.010888638757960412,0.009904102143105102,0.022184542619119507,1.2606868981729722,0.024753563672337837,0.02138849889282819,0.03855139120874462,4.015945748226139,0.01195977905753745,0.00950558072979485,0.034373723162890835,1.246017821521386,0.024963536930142912,0.020389069201404666,0.04057009616627494,3.7194545327969064,0.013688139791630909,0.011567167246232454,0.03482047423584145,1.4083272209173179
160,ratio-158,3,0.95,0.054424988893419846,0.05345062246369555,0.07090676273700158,2.396362174695293,0.059830265168614824,0.05932654345639334,0.07560772436114249,2.7198912003926394,0.06007924827785068,0.059445517985083074,0.07413660647077636,2.521059843863363,0.06684245031902611,0.0661610781791526,0.0817671151398669,2.987586368054662,0.058787301756949274,0.05818269088884441,0.07304239520678724,2.4727666311150793,0.06516379248148842,0.06456726751774963,0.07955681172017537,2.9043483417734177
161,ratio-161,2,0.0,0.0012546282064314332,0.0011463847587727778,0.002142218996952789,0.7945441501446718,0.0017643609476067925,0.0015208649789951734,0.0030389171921805166,0.7495722098431562,0.0015129096237461589,0.0013501628136096786,0.002726932111922417,1.2016239949981884,0.006061935487290921,0.00557790721093771,0.011304112717233625,2.1452687006664988,0.001382915742361056,0.001258294102309554,0.0021589330084783726,1.0036841558690357,0.0031276133031725726,0.002616434233256025,0.006359001425070829,1.4840988360205867
162,ratio-162,2,0.0,0.005601044419191349,0.00558304561750376,0.006201159626521239,2.095578828364669,0.005154697531672613,0.005133639384491065,0.005783361579793388,1.9672651140583406,0.005722392232464198,0.0056957479195361635,0.007022004744828739,2.2126949718940114,0.007767099587454085,0.007522595725995018,0.0116980483987594,3.013606922799594,0.005664851943694956,0.0056428578069187664,0.0066781989332742805,2.1571945046966956,0.006251344010817836,0.00609770418370859,0.008883743748045434,2.56238621505532
163,ratio-163,2,0.0,0.0005625629906776958,0.0004986081900006039,0.0012566593639585302,0.6055526473228953,0.002067489743603615,0.0018651002682298261,0.004428210555363771,0.9568658518219086,0.0005628842491232179,0.0005085337608501467,0.0013479684867371972,0.1463638517464737,0.003874484277856591,0.0034008577991276076,0.007852317886049846,1.2402288043967398,0.0004916434141479825,0.00045873661635011055,0.0008293239488990634,0.3241482758171474,0.0018866698710308786,0.0013869211751078396,0.004612632688002733,0.7491836048992259
164,ratio-161,3,0.5,0.032144321372223374,0.026501556860575655,0.06602703557969489,4.83622249529759,0.017702526659834066,0.015823023867741908,0.030227680364437404,2.9950468542640913,0.027263227848181023,0.023017712509493887,0.04950306224760709,4.6320808966677935,0.008566163553826832,0.007247068949668009,0.01927019970308269,1.3375078319647096,0.02838878296458048,0.023590861324375757,0.05238850500824538,4.68463761929137,0.0075028303491896904,0.0056211493829071675,0.015736855388698123,1.6964773496357963
165,ratio-161,3,0.95,0.029794275105051646,0.02695712639848879,0.04445908590233272,1.8419152116395727,0.03417792269354684,0.03319927294613265,0.0468772536941926,1.8599927052748442,0.036243987329476514,0.0348445244223717,0.048439094669670335,1.8317841871849774,0.04366422450502206,0.04272609189489112,0.0621368556669355,2.1091366622804446,0.034366882822728775,0.032927497456866836,0.04632599265431325,1.7806564262470392,0.04140302505579862,0.040556937133138495,0.058264922011058484,2.0036480283541076
166,ratio-162,3,0.5,0.04721811283130257,0.04449431137026759,0.08726730996304341,6.141583903059737,0.034264373719162314,0.032969150159650885,0.049445335642931354,4.58354377435612,0.04246308350672,0.040890584595949686,0.0654698063157606,5.856236807208075,0.019642772569942252,0.01826351905877896,0.03131127192062863,2.8120272531926567,0.0437856816091085,0.042035384562145055,0.0695812235764727,5.988780560436073,0.024268289649976023,0.022913325544227887,0.03764027515576027,3.3978411876351835
167,ratio-163,3,0.5,0.02934465035669864,0.02404184497563794,0.055799235226598964,4.398595504734426,0.013027841018312867,0.011191046083052762,0.024536911053064353,2.0371746534892203,0.026187822515787787,0.021841539359893556,0.04376801149030912,4.5834680306345446,0.00705304716816685,0.006252314929915946,0.015035734679570367,1.0287912113087643,0.026587686993625494,0.022012686199518985,0.04565389620465818,4.395285517560931,0.00665791204812885,0.005380590074939711,0.01356446690398147,1.1681603318606102
168,ratio-168,3,0.0,0.013046346617796946,0.012093136632926365,0.021861119063810663,2.9451867232955697,0.03973129971264663,0.02464700417759098,0.08428704989565816,2.8183116331021334,0.011177362496046407,0.010299295552703182,0.020580594784154804,2.664783764709775,0.023507034970782815,0.016436862357274797,0.060027869675627454,2.651811811434201,0.010340417790040352,0.009712071306206091,0.01645519907638504,2.606256189844167,0.02501914892750171,0.016926656596710464,0.06304162213726694,2.3096615204595685
169,ratio-169,3,0.0,0.014826379935757977,0.011909006965888062,0.031627845772714935,1.7534346769794427,0.019594041334245672,0.013229633936122798,0.04196398653317546,1.5187228947628797,0.009539854343009677,0.00838018634913952,0.02100447177533954,1.504906634442658,0.008270885537798537,0.007284501418538847,0.0168092010883929,1.193989330288089,0.008623930888832638,0.0077851891732175285,0.018270515543672095,1.4356120323563364,0.006505782219663031,0.005520643332615366,0.013347545571025132,0.859746300579162
170,ratio-170,3,0.0,0.012880595131715198,0.00857812390574783,0.0313802762485601,0.9667089779822581,0.014156474812841876,0.010049200034708813,0.03354949221599002,1.1609091234033035,0.009399945667875829,0.006604986402432028,0.027264668645017198,0.535239407962199,0.009769904399484164,0.007167696845583286,0.02666075561483172,0.6487383887888452,0.007531762662949086,0.0054902006607587175,0.02091381026936534,0.13227460783520922,0.008132234145549116,0.006219481393810914,0.020075524197926464,0.27362119183942896
171,ratio-170,4,0.5,0.015595770961439579,0.014753517287257102,0.023667360407247928,0.8296814011337471,0.020534569491322232,0.019480070082980763,0.030272810199348354,1.3031408671370162,0.018751232342092333,0.01619640607302916,0.03460967408752236,1.5149038273266497,0.014758440684708257,0.012128781983925445,0.02892529177858727,1.0218958675353675,0.017354116486203282,0.01416028443035756,0.031019772778338228,0.9905422044827764,0.015137222863527705,0.013123225902155486,0.028584209978289588,0.8208423500376268
172,ratio-172,3,0.0,0.019184725124617774,0.014130252807995666,0.05154509859494805,2.4392045090805814,0.011800622322016684,0.008462788192834185,0.029289745579257453,2.04656657471087,0.02099495034347843,0.01837274354058794,0.03287597211227261,3.417762959227203,0.014410834061232999,0.010978025376538563,0.02381008584779236,2.996498485235545,0.01945744859378358,0.01724668517727597,0.03167780322369074,3.098947290925722,0.012349000816589815,0.009411966747376556,0.021435043787706595,2.721747916578981
173,ratio-172,4,0.5,0.013600676524473181,0.009980629096593458,0.034207965956780884,1.5843427834756658,0.012851612577348617,0.009199867867494157,0.02724177599564659,1.2784246124864937,0.016883304597529635,0.014751828021124277,0.02929063523988229,2.1206764441851798,0.011424988583043267,0.010063125022400149,0.021035633097917006,1.8807820218016438,0.014598919240201793,0.012015173437168297,0.028463294239255865,1.6938142021676812,0.010908674847666295,0.009571777698276,0.020913727491769063,1.6846236097942886
174,ratio-174,3,0.0,0.02442782499539859,0.01951022389736203,0.07375917018581779,7.499284548152601,0.01099824620805042,0.008115116465683166,0.030198629605374366,7.210719045692779,0.01995156461888805,0.01920133579251386,0.03787372799614486,5.942682953265334,0.011613506294679977,0.010832274838716318,0.017777709598453893,5.512330678171302,0.019916188499823507,0.018601701133162733,0.04446898634522678,6.120006731627144,0.010422280052033663,0.009489081534217327,0.017720243492841264,5.6820411486063955
175,ratio-174,4,0.5,0.020159371507743995,0.018093238602870702,0.04614935428517675,5.004054893313491,0.016118373898751395,0.012318981074712926,0.037340954414461114,2.061334940183829,0.013023368873301614,0.011124209740530867,0.035644821314460895,2.1512888457577084,0.005362826019166289,0.004524300902096056,0.014175739665369558,0.7552561405759335,0.014129984530869109,0.011589662532078633,0.03961720021207571,2.6182630880592095,0.0073675634738443446,0.006139889936511769,0.01916757528936497,0.8972842848367332
176,ratio-176,3,0.0,0.015066144481199637,0.01350303703968455,0.02392233513075781,7.263645766607149,0.009747909554313997,0.007137502650869907,0.028255348897443522,4.481774409669883,0.01604769567832649,0.014832678432416303,0.024725464339989574,6.412884932484464,0.01667555164976523,0.011037566347999064,0.046461728061593655,4.255934087528843,0.015255190938992065,0.014087042473592888,0.022977373693680574,6.375229324490772,0.015374138147326119,0.009667526309573918,0.04314477388271515,3.8016490705221604
177,ratio-176,4,0.5,0.031724583940916165,0.02713219922414591,0.057750466827288544,7.165915447440054,0.024725591445687607,0.020057948393296696,0.04866172445622635,4.028683270101051,0.026754374590181353,0.023435964155748844,0.04346173664388692,4.495033123102046,0.022290360638583282,0.01998184843314692,0.03751419551008406,2.938594061728885,0.027679432939924926,0.02264212226647891,0.04794685826921924,5.108069617640787,0.022584944925737923,0.020199425177630168,0.04002578749505975,3.151173938253917
178,ratio-178,3,0.0,0.03324755084036923,0.019745215697272066,0.11466060362689201,2.9091820486437596,0.0388005371126139,0.022420085013886686,0.1303988711025239,3.012672836273442,0.027813367322477293,0.0189815281145116,0.09313092432297876,3.0585593312730164,0.030923507030451058,0.01939019909430768,0.10901706507186903,2.988074288376946,0.02833008945349942,0.018778523529236656,0.09697288270848925,2.939531958745687,0.03252787047144903,0.01909437166957229,0.11728307188033782,2.5881482805843326
179,ratio-178,4,0.5,0.026191171511603044,0.02228566790585724,0.059482127422474385,4.991348678250584,0.01666324777048441,0.011341221119927044,0.06001655509727877,1.9164217175952283,0.02104697019897149,0.018072821339897564,0.052088251519579076,3.7030048637854427,0.014247089535015293,0.008841930148251355,0.05514496233793342,1.7326095726356865,0.02296283650578987,0.01941585568200135,0.05714186487371109,4.161564746812358,0.015182995042480297,0.010217622147884733,0.057772542342905076,2.0698186889457784
180,ratio-180,3,0.0,0.00812725388215613,0.00512465889296232,0.023222237001195772,3.566827213114467,0.003370482374819462,0.0025998246743001736,0.008288130147961953,2.274497975702059,0.008188415978173146,0.005638563655610634,0.02229116739971472,4.236273291248886,0.009926464775627962,0.0077946898619318545,0.021235460636738895,4.414511041605664,0.007907908197947237,0.0053744407328142965,0.02082538940066507,4.44469011243113,0.009511323398488487,0.006623454394783076,0.021274297298550293,4.929710338834077
181,ratio-180,4,0.5,0.02733922151189859,0.0254284864106663,0.039268234813370106,7.003832877892568,0.01542313413833821,0.013127825772224076,0.030134443983500264,5.501677533895303,0.02402724428939859,0.023010049050643785,0.034485930098906076,6.141441314479291,0.011381493511136346,0.010546848241554701,0.018334777426075893,4.8929366509158525,0.024870347476134372,0.023628631382688507,0.03678432153257746,6.658290010289053,0.011998784157448792,0.010478316609540404,0.022025038363887,5.42598083040556
182,ratio-180,4,0.8,0.017260234838182988,0.014062226619351057,0.02735597351603472,6.4211126243687575,0.02060890201033531,0.01827235285892425,0.033058644241344914,5.792275283017973,0.01717786520585508,0.014942492146266988,0.03041704374362869,5.275107938548327,0.02728104146237886,0.020579044144216237,0.05627527035828572,5.004442388362971,0.017507691801164273,0.015115215148007035,0.029764075581985294,5.922896299887517,0.026051894248499238,0.020769346378185685,0.050875680214493624,5.547725026476427
183,ratio-180,4,0.95,0.05580905738579922,0.05362449631810862,0.0721696345727002,4.636351332529785,0.06234801424773145,0.06027890458845359,0.07988072193083917,4.6841709971401455,0.06060672891370577,0.05719858176019477,0.09119887889818468,4.105329615034782,0.06753363824862225,0.06420008628472254,0.09839554980700649,4.2710894652788705,0.059607780966680415,0.05623755288558914,0.08835231377061925,4.452800911554239,0.0664347308660853,0.06322048003771248,0.09506150389179213,4.570664272450563
184,ratio-184,3,0.0,0.02017729593205727,0.012259626041250011,0.06094136587597471,4.48360982470139,0.017431759612538764,0.009903563298278139,0.053949613092691986,4.167202138246171,0.019676842976125403,0.011823104027682791,0.06212991126183817,3.9522062721935782,0.013832907528258134,0.008202426572128215,0.0430972252662391,3.0588671156902434,0.019198328968447392,0.011620221896689452,0.05937496555210167,3.8879074734686077,0.012608212284644843,0.007622869505040025,0.04007721082044502,3.145583404145215
185,ratio-184,4,0.5,0.038058724428107454,0.02845323432412529,0.10636671999097341,4.459777942136774,0.04367133846242884,0.03317215427239139,0.1136049753121598,4.0882041804577005,0.03291061537419661,0.021266760902704036,0.09215025283510148,3.6662401466453276,0.03999676704192668,0.028345484609175357,0.10091958455768757,4.443200765940552,0.034518440123226586,0.02377968195092952,0.09702140064942405,3.744077466268813,0.04001048164850452,0.028514004033327857,0.10284545477061846,4.103608958626524
186,ratio-186,3,0.0,0.037591910952539644,0.02574325157119736,0.08803805070297238,3.9224641419257527,0.03799454858136806,0.025757151689127587,0.09154451919978131,3.62832960199989,0.03752180690237698,0.02709944447869452,0.09034949394076144,3.457756608549477,0.03609481742243362,0.02258696737685046,0.10335961717554423,2.0547790647382285,0.03734924094973952,0.026779925830797937,0.088557947961205,3.436344926887995,0.03507578310824581,0.022143967238660415,0.09687835091737873,2.127111910734821
187,ratio-186,4,0.5,0.04803827475292725,0.035691819599529856,0.10795889934883279,4.192341934743121,0.054613721818466805,0.03553280288789702,0.1278052056815931,3.3936574512439166,0.04886169778044558,0.0319655360280345,0.12266602688905065,3.147149252468815,0.04950897270624072,0.03089656755046999,0.12235672554509491,2.918289457330452,0.04923507841130787,0.03161241648118112,0.12103367483218636,3.334529853737924,0.05119124191816362,0.0312553407726819,0.12639967193240348,2.896281448769737
188,ratio-188,3,0.0,0.004776902591531521,0.004292107289947002,0.008712544052529088,1.7857062271589983,0.007963435837071247,0.007763842290101784,0.01241335751853398,2.4363174901682165,0.004270895640039406,0.003938715080736817,0.0072308926890326045,1.8824186408702965,0.0032039790878932535,0.0028054005595308375,0.005931817090910292,2.111600582020751,0.004503997977495346,0.004057707677524922,0.008010555721508994,1.9925165409444074,0.004843497254233309,0.004617314580342769,0.008210364628596777,1.980861907984281
189,ratio-188,4,0.5,0.035930226002832306,0.03240228214242035,0.07400555383867269,7.895737706427793,0.025271198424836425,0.02255416212472518,0.049278779194939254,7.255156163549492,0.027401943920279958,0.025377990575753642,0.038827900908392415,6.269955298322049,0.01187231707082606,0.008636634071519775,0.0345948560123259,4.870011062357478,0.029611759916734717,0.02716689239397653,0.046295296395801655,6.973706192460361,0.014198317365008572,0.012102769647851737,0.02944290934209448,5.714634279191418
190,ratio-188,4,0.9,0.046602778387679095,0.03179230272215326,0.0963222960970932,4.946179663609988,0.049631829278715116,0.04061037762047375,0.09560917635968014,4.65125717265974,0.04642647828521183,0.03806035907577132,0.08027343735280651,3.707716936666504,0.057559598572103986,0.052982070778772344,0.08601699301036458,3.617662936000271,0.04584744422230293,0.03593061126618874,0.08491189971158586,4.189719364751114,0.0548212180316913,0.04949295703528359,0.088642437040866,3.9880674941425873
191,ratio-191,3,0.0,0.023319506262260876,0.01605223556199702,0.051110692617671455,4.688888968019307,0.023287581519423475,0.016026406597820852,0.0496474082705218,4.155351915013988,0.011598927953027968,0.009384068752224152,0.02529388299991825,2.706910539925437,0.009819376999164938,0.008220270225516592,0.021082233791887672,2.350580183915477,0.01318937863744885,0.010170267436847397,0.031542225971086024,2.6654776075970457,0.011847991661805042,0.00933022885368933,0.0279796602018636,2.3632588775732137
192,ratio-191,4,0.5,0.01959005475580517,0.015213893775339226,0.036307486498905694,1.5327600208775602,0.013292087704450591,0.00991692512149159,0.02639021920430934,1.1744843927342463,0.014435799328695494,0.01266661484946662,0.02339812041947764,1.519135290616775,0.018099032111896673,0.015396948285904263,0.033267854755436144,1.5973505263510237,0.013844321067390876,0.011755555745102047,0.025993161892983396,1.3985811448559395,0.01682150572469419,0.013888477002740264,0.031169109867573985,1.4888797070422288
193,ratio-193,3,0.0,0.020302067854987033,0.01722725057453096,0.044621760014461775,3.73694516810334,0.019099616533254437,0.01577633650680831,0.04325228668721104,3.448061810299978,0.01749427788375661,0.01551138704872815,0.031186754491040858,2.365128176989786,0.016977614816014643,0.015017512843323992,0.0305216204283274,2.1852799420375315,0.01465871988690325,0.012417321527842437,0.027449538360848458,2.2608378434851453,0.014157476794851343,0.011926892967182624,0.02660214901773722,2.096923712864737
194,ratio-193,4,0.5,0.03727436128572213,0.03425256217904559,0.05331843190372931,2.4582525926138423,0.04420460035852,0.039975469865766534,0.06195181789161852,2.896256183448402,0.04828482626553084,0.04154616365160896,0.06598370088774419,3.197503885943085,0.04246544769817317,0.03667009972762635,0.0608545271609629,3.0150054818298897,0.04604599894304291,0.03922435774946486,0.06159582243418871,3.0237598649425976,0.04349915289968445,0.03816156841338262,0.061921197977254205,2.992335591405856
195,ratio-195,3,0.0,0.015554645612049408,0.013339785861418029,0.028501638125659312,1.6083826929387164,0.01535418181556845,0.013052178894808177,0.02871693534450548,1.5715817943437933,0.022096725376497307,0.019385428265810307,0.03800645448705969,1.2328058945952545,0.022010663527050032,0.019247466759671733,0.03766241250808117,1.2151431904544334,0.02014040750176318,0.017666015310299186,0.035662868657577895,1.1615282783776488,0.020062216755998823,0.017526051986088573,0.035408917697224485,1.1457575896783303
196,ratio-195,4,0.5,0.025005199164495322,0.023409325243755226,0.03313927272814454,0.9795103303816168,0.030308137238305388,0.02803588768709123,0.04141127481447282,1.239154235625267,0.03011628850586733,0.02568467434502159,0.04155592854644319,1.4209518382414592,0.02336610998508479,0.020436124589756417,0.0336430355535251,1.1030030498575334,0.029173151856427586,0.02464178154803465,0.03904488443160725,1.2691517950238356,0.025278072764423513,0.022414987378511893,0.03554538369389959,1.11256202129961
197,ratio-197,3,0.0,0.03045392611952507,0.024181043774079654,0.05913616656804957,4.010876779999465,0.04245049777924576,0.03481472077500672,0.0736417334746626,4.567158554982024,0.02354736740243164,0.019094558352946846,0.04700510187750395,3.4825714771030074,0.031243832942112047,0.0251477161627818,0.0634671095517304,3.870695811352033,0.024106574761957923,0.019808138029453325,0.04657623080535539,3.551761787667758,0.033664951381283725,0.027523379413828784,0.06861015253327968,3.987493084429928
198,ratio-197,4,0.5,0.03082103363757207,0.027661207550319124,0.055227843821765155,5.15839317413279,0.029265356903905963,0.025398071969795797,0.04595699287788563,4.101720977688586,0.022912658722938673,0.017545940347314118,0.04690038281145298,3.6297002914241974,0.03125176829534407,0.026176925362250247,0.051925940276665083,3.663088077079616,0.023355702341367142,0.019064239127275492,0.04590308426459294,3.8632513259032155,0.029795758321535498,0.025457687668921744,0.04829653392024458,3.75895146121368
199,ratio-199,3,0.0,0.04903863224517259,0.04101832636148596,0.08616882198278042,4.811951315031611,0.0529828604634386,0.044326236796952946,0.091750963308117,4.893073299333695,0.04243617104256171,0.03630316247088493,0.07284605067641514,5.616009025797725,0.04421840853529327,0.0375973069566971,0.07476565480255054,5.64642756802779,0.043374934839721595,0.037293775793466884,0.0735050944742131,5.697723876204756,0.04568765452019668,0.038983745373351204,0.07584614197397924,5.728707786471233
200,ratio-199,4,0.5,0.028550582739619305,0.02075418001323329,0.06661162588571806,3.1907909173719413,0.023489805617939476,0.016308745706784804,0.05705515399885491,2.752472573717796,0.025624634492001513,0.018173314623538307,0.06237160204815462,2.705022376074046,0.03319617910500462,0.026619691877249854,0.0709623880803843,2.9556811304566173,0.025245820533449096,0.01698172890468305,0.061853930223781606,2.743283947978943,0.03053444837093754,0.023472200976302968,0.06750953016970579,2.93896507609862
201,ratio-201,3,0.0,0.010340232760671047,0.00967002889821467,0.014528711083634113,4.662632926940727,0.0097997038893855,0.009363767059032966,0.012272308278706755,4.770411289606569,0.010739791939628235,0.010222647562598991,0.015840594964574115,4.535926065059243,0.016037398618710667,0.015465400395835785,0.022778230625715996,5.898984551411535,0.010498737837540496,0.009856031615691943,0.014744301426496395,4.870584400649649,0.013451275877410141,0.012733352707995084,0.018444026217737594,5.624910495491787
202,ratio-201,4,0.5,0.029683097178335872,0.02735371835570913,0.04394381501333114,6.586205512327553,0.021691785598992694,0.014711077565508289,0.0405701422914066,4.3149789211525285,0.018004859140439186,0.01716383784460757,0.028379912636660565,3.559182850864172,0.021493167010363304,0.01924451531369226,0.04304629216844674,1.9942092689863236,0.02100775757247434,0.01993779147006878,0.032202225891604375,4.521745163194421,0.020945811419482967,0.017920468198167856,0.04119462921444689,2.4815152058488965
203,ratio-203,3,0.0,0.015184298404682158,0.012669762766194491,0.030262553781365886,2.551077943921865,0.01827623353857092,0.016108599446538512,0.0319726845249321,2.9800298039297783,0.01883962996143225,0.016808693067647935,0.03518724655024727,3.2479384551902535,0.023412926297839434,0.021228617136935916,0.03616729484363898,4.067070105180753,0.017048487102312694,0.015518267230087122,0.030824858084376794,2.931957027391932,0.022046637438521113,0.02008960502451139,0.033068582781512895,3.8218198614618784
204,ratio-203,4,0.5,0.020398888220616085,0.017595634875267423,0.0428589916939644,2.4656016292048375,0.02361437085132479,0.01752122100857719,0.05281461280290606,2.3033699947175252,0.019489412221946806,0.013334862205072415,0.04929979003889179,2.352982947673589,0.020797996812665046,0.013760278384390609,0.0506935978617023,2.3040043059199142,0.018437496952947083,0.01189364802877793,0.04668042749361384,2.165481529530744,0.02098626917258992,0.014470417207818805,0.04966304039090347,2.1712264297941455
205,ratio-205,3,0.0,0.033038513630830685,0.025333530328185375,0.08473393325352388,6.645263153406276,0.07956242527430518,0.0511519923869592,0.14090231109215834,6.831062925942926,0.03099659722902682,0.024378185616902092,0.0766222701323937,6.8289472190980325,0.05802653140886982,0.04077682045013268,0.10631622121858825,6.545968570425051,0.032082430982420335,0.024812533333782506,0.08053517390700932,6.846812954316239,0.06150211372403508,0.04169018953936686,0.11612830137456515,6.468569700833832
206,ratio-205,4,0.5,0.035859603231466114,0.023881780333696413,0.10055862070540816,6.298734676634741,0.035026971179603635,0.02410919075822348,0.08901259924742089,4.513499403239545,0.03459345732083675,0.022756605032600335,0.0926177915957841,5.209279488031585,0.02711445305556969,0.017026754180770338,0.07762962904306697,4.025977531883446,0.035768780455366495,0.023514659595087396,0.09565560947929203,5.587034670298686,0.028564332012198598,0.017793843845911653,0.08117161206506252,4.345248434717627
207,ratio-207,3,0.0,0.02152304068920956,0.0196696075620656,0.04415531279068957,7.484608943135297,0.03252372383343133,0.02288108828325033,0.08133799965899263,6.591723338300521,0.023336735880074837,0.021062833772866392,0.04944021405013027,7.198306751455609,0.016538677935913168,0.014232614620417347,0.03875564018724276,4.945246057427915,0.023487284888313493,0.0210394255348284,0.051376619838095106,7.3278095009670166,0.018186457171784257,0.0145276366068681,0.044380874993332875,4.857866821055033
208,ratio-207,4,0.5,0.030030523843197904,0.02608451422280611,0.05329522501823525,6.777528318515874,0.02753906375231237,0.020336271860818003,0.06142892116207638,3.709956226071639,0.022089706651565708,0.016562215154588004,0.03974594518448349,3.485625523128046,0.013107175040929888,0.009542829979536215,0.027491263855893622,1.6461237708984453,0.024440654782158656,0.01932677973685181,0.04390064480595757,4.196117170518166,0.01621962316945893,0.011793610048642315,0.03236158432168884,2.0784831750334254
209,ratio-209,3,0.0,0.01525305695341716,0.013023198520187294,0.02224756660068239,2.1679306793926205,0.01102790212683095,0.009131522317823168,0.021069527636321916,1.14351518776905,0.010515186694566497,0.008550029844357968,0.01994589747168779,1.6535831783132677,0.008956384556332853,0.006699396481300941,0.022649736084114414,1.029788374902941,0.012251401600088722,0.00993042787601733,0.022325229039141914,1.8658386926727921,0.008929737998292952,0.006994664949136075,0.02248505183405114,1.1431777579981335
210,ratio-209,4,0.5,0.0174970883123359,0.015861138833248703,0.03276315724377521,1.9325557208135555,0.030919316880215923,0.02497100708968639,0.053843027992341086,2.652063903197816,0.026244033351139746,0.019016692714331904,0.06107013143338569,1.401050793542454,0.017177421071268104,0.01430758126902425,0.03207338925360992,1.138983034946161,0.02332088578653726,0.01819220178473711,0.054903131698854746,1.2875606419490495,0.019524933408307535,0.017134792774905518,0.030080518002242096,1.4255561836142332
211,ratio-211,3,0.0,0.007267656233879318,0.006190966614106451,0.012256984337989822,2.7390060250939388,0.011663749978644495,0.00811155627872099,0.03189344888098605,1.969728672439726,0.009271931516263567,0.008427135694869,0.014630865522981443,2.7596345351000298,0.013366819917738143,0.010832701842917299,0.024412259445480866,1.9948234105150442,0.008624084550970535,0.00791652281776808,0.012020144994833046,2.7008235596934163,0.008673822910834619,0.007214136793693123,0.016731801152177345,1.4985976288983862
212,ratio-211,4,0.5,0.015376726133015519,0.012746884669206074,0.039945391821498366,4.051074190991496,0.03679101851122213,0.0215727305827966,0.10918193394173437,2.1588084005841925,0.011212781179242643,0.008051757194216014,0.03150104076579416,2.5412912973479673,0.011891123398761286,0.008154155765582056,0.027292111961893017,1.1719899085731085,0.011102389476395014,0.007961187889855866,0.03201348965998929,2.7258981436133225,0.009040730853079333,0.006484816063396443,0.02245364513432835,1.160294699629839
213,ratio-213,3,0.0,0.02282677809069248,0.016150571774748358,0.06998852535182254,4.503270115904666,0.021329107212844124,0.015201155295056517,0.06568771047020017,4.251729021294281,0.0200599252292983,0.01521966435198224,0.059519848150120125,4.859908027698917,0.019311312924638842,0.014569481794358815,0.057616601697339176,4.503336872295552,0.020561207748161583,0.015213982760790489,0.06318767948241866,4.734165018759362,0.019404639888992905,0.014196208771415609,0.06060630064201755,4.264086119815356
214,ratio-213,4,0.5,0.022551288098709377,0.015500665991129432,0.04871902885898943,3.111854149575765,0.008788519127736637,0.008143558497252717,0.011801035340173627,1.8082357018202282,0.01775951774598,0.012571238974156462,0.03843851911862428,2.390464402162332,0.016184285016104825,0.013627438304709574,0.04311909103769129,2.0616685268056916,0.019580343840944443,0.01386451018953314,0.0416816122600801,2.6208794059942093,0.012462670114818022,0.010688132184959138,0.030994924234543753,2.1083717028851274
215,ratio-215,3,0.0,0.010847718684091923,0.009922978038402934,0.018366616411088235,6.591761727172311,0.007377681801028632,0.006198704902623749,0.01837460370436607,4.90935494205341,0.01235357173319349,0.011534819483128208,0.02079570353140752,6.922592352339115,0.014907067810620383,0.014033542589682082,0.021514260111041444,5.997483080512758,0.011763409383574681,0.010854684294708618,0.01992844546553938,7.013634488497816,0.012165282421902275,0.011416516326657192,0.016937561665628386,5.219654292167136
216,ratio-215,4,0.5,0.02523298447116039,0.022400995899244682,0.041532032420606046,9.500714658592958,0.015560375628907724,0.01267596618834545,0.032107667834324255,7.961660377395845,0.021590129349287734,0.020014190476599428,0.035885395670342116,7.128360098172099,0.011659808918377144,0.010211540162442488,0.024405938143044453,5.492512484436042,0.021912969516338355,0.020180873712965324,0.037720528727021016,8.054075025638095,0.00953841221762597,0.008162885736074842,0.019611290668140158,6.15469083724768
217,ratio-215,4,0.95,0.032246754001191286,0.027045886017615536,0.05385720373126013,5.493171467117539,0.035649899290041066,0.031303724557846156,0.05323161794882142,5.2480523356978654,0.03384061088599172,0.026508268802654795,0.07530246457237777,3.5929531843778384,0.03992013750400241,0.03334554925435664,0.0818089478373405,3.586650950780177,0.033016069724566326,0.02732956884517656,0.06870903885366808,4.315164720269053,0.038586237460288914,0.03315783204660341,0.07455136902926318,4.188667560520229
218,ratio-218,3,0.0,0.018104590878210997,0.016026222973832157,0.03039619539866631,4.194900289095151,0.018250759837283498,0.013948965840483163,0.03946635173774116,2.5511796537639486,0.01975920519906359,0.017267611906343495,0.03593830301433043,4.184542471620986,0.011237976667494905,0.00929629053825155,0.026468255413750197,2.5399647225433846,0.019087355058879214,0.016891064248372008,0.033145713095649176,4.508512682626365,0.01301630389621452,0.010393397555493532,0.032515697166755064,2.7169373577323337
219,ratio-218,4,0.5,0.011517676040409904,0.010134242830733503,0.017818761827439883,2.566788809836973,0.018031475001417437,0.015707659569180202,0.03816576516333303,2.061436044843753,0.005392135294775191,0.0047263591662109975,0.009851515645355746,0.8373007182944773,0.011364323876553756,0.00917964850240718,0.024244838681690917,1.0664675440942504,0.006580404798173428,0.005964592142648543,0.010225950810386186,1.5653113047242795,0.011257834459834398,0.009392057061726078,0.027238804674448336,1.0804449126180118
220,ratio-220,3,0.0,0.03774352736866315,0.029843256286025775,0.05817473010042179,3.3149804792174566,0.03896887759617946,0.030513012644808664,0.06158811406853204,3.5507954219806193,0.04344170421460857,0.03422459587710435,0.07363516260636283,3.862405450917074,0.04552795506044905,0.03548784780193061,0.07687904093480469,4.00534380514427,0.0428273700370932,0.03370643341091645,0.07127578653199163,3.6377758549709887,0.044740926992376764,0.034809280434505326,0.07466925836052596,3.827119887376489
221,ratio-220,4,0.5,0.036032357192141894,0.033285441268908166,0.05383364717346345,2.307384574269362,0.05317130311883655,0.04368247548252168,0.09202841877225837,3.6695634419447334,0.039986662343325846,0.03324528799114037,0.0631861589118205,2.6120782790698787,0.02899878656499117,0.023458357445487032,0.053310714354404154,2.468973085368643,0.039315294774772434,0.03382075292328388,0.060947908618274205,2.4492192958874766,0.03423440501649401,0.028614703800467826,0.05972764831856575,2.714485436300988
222,ratio-222,3,0.0,0.04327056558308631,0.03534441040563942,0.06801681277808447,2.31974573103821,0.04360135379711102,0.03551653548615693,0.06892243322854075,2.353135192762026,0.04523067918265647,0.03685831313471706,0.0717157860698916,2.4626787940021426,0.045653375941764336,0.037015460387301344,0.07226882332336249,2.4802730815481087,0.04517415601905982,0.0367920905483721,0.07056416355387418,2.4215768966758158,0.04554949819935916,0.03692450065547064,0.07120754441626631,2.443120786973366
223,ratio-222,4,0.5,0.027501196607703164,0.02443669394524389,0.051863135617729705,1.3264106603892665,0.041571719103040486,0.032424602157704534,0.08271253366904696,2.267937492733771,0.028687643265092152,0.0219583624923495,0.054262976371390326,1.4249233906728556,0.017061516320512407,0.011764419563911348,0.04270819284967553,1.062352940262028,0.02836415569780321,0.022730131757961694,0.05285642542101776,1.3427525131168045,0.02222409294744357,0.017000029329076714,0.05098325444303031,1.3656600810090849
224,ratio-224,3,0.0,0.017498659004203533,0.015490521525848826,0.02846920694264804,4.058808064902932,0.013796768112369783,0.01220052595574593,0.021519634462385057,3.4784522061591634,0.017711391547669875,0.016324291621593413,0.031034814686854484,3.945768003929572,0.01277390462299715,0.011393184194859789,0.023603293225235245,2.837593349408477,0.0175895049069765,0.01605000220183696,0.030890290020748862,3.975844204297362,0.012812529334441464,0.011507426371193381,0.024234412621477852,2.9949737135542307
225,ratio-224,4,0.5,0.02106940487950103,0.017173141050664406,0.037880635219645575,2.951895959151648,0.005898657331057622,0.004639094325002952,0.01311646225840346,0.6155974230298602,0.017914006842638344,0.01459485059306586,0.03134047884234803,1.7157658682368306,0.018482204696987675,0.015200889819127041,0.03158068646335943,1.7907478495652722,0.018049793500609604,0.013250030046371312,0.03261776510093711,1.98710369678835,0.014924627046301103,0.011172833926710039,0.027409707780338466,1.6602545306514946
226,ratio-226,3,0.0,0.01399716997519012,0.012114600825477129,0.027328879823391328,1.9487161216937379,0.009636900766405575,0.007284997651673389,0.03168145876663686,1.0812910493341077,0.012662039417320598,0.010572645388187777,0.028434335398786703,1.8048751720845995,0.010583679254422816,0.008062550382129243,0.02897466626538875,0.9765375545061041,0.013396756455884524,0.011139481110940801,0.029558094829694292,1.8785161175075675,0.010830245701061178,0.00821852231144485,0.030474524867778574,0.9988534741782
227,ratio-226,4,0.5,0.008946258685982563,0.008209348702681056,0.016327351432060877,1.1017924678475106,0.0197408268939723,0.014690107615335372,0.03543166023540428,1.5860522406539626,0.010842202637949768,0.008021096782380712,0.029400446008245762,0.7787930939797604,0.011378133841853036,0.009628545007189423,0.016913280342334802,0.7340388587027985,0.009789501714261203,0.00673739393516858,0.02740248215088481,0.6931671789245198,0.005390333979431149,0.004646196257927819,0.009007228153112057,0.3879882189141102
228,ratio-228,3,0.0,0.02363212020792837,0.016358447177065697,0.05758391228568438,1.4847998119206234,0.02648957090655141,0.018220770911986334,0.06192453359635275,1.54234837378766,0.02774923084376918,0.019262009889106556,0.05581994247671007,1.8304980092479466,0.030199760861606684,0.020713404776480156,0.059701123071530415,1.8969309942611132,0.027628854454542877,0.019159924335428413,0.057005940270626554,1.8207344794416422,0.030099353939992055,0.020617416603032596,0.060933803899607675,1.8719966294326122
229,ratio-228,4,0.5,0.025651500864084267,0.021827448002921034,0.04418063766358471,1.89910779428957,0.03836238952483092,0.029799697111183535,0.07035699033022969,2.2938331744213443,0.029825040691508584,0.021248553109310373,0.05357089756625166,1.9560985859236726,0.012912221517305828,0.011181085833612802,0.020363400529969433,1.4312699362713364,0.029177365292384915,0.021771022012731327,0.052075731939889236,1.8924948871098175,0.01732277158045029,0.0143991633032596,0.030830264959997855,1.4323664300546344
230,ratio-230,3,0.0,0.029341234005586546,0.01941061625719153,0.08741204300889371,4.385020230483545,0.009937467641623584,0.005161017416628816,0.03259348831368292,2.6173730445327044,0.026247062990119606,0.01862967995266215,0.07409344749372493,4.085231113746528,0.013094956201557827,0.0105509364978729,0.03492749558642172,3.9828216989016623,0.025634441724407417,0.01810523289911311,0.07318075396570806,4.1926871631315255,0.012036474794299541,0.008245388475228932,0.034720039948159476,3.085309039819892
231,ratio-230,4,0.5,0.04573787839276864,0.04248231476040856,0.07530364742238974,5.797908174460978,0.04953006494136889,0.04595237011558148,0.08837037101426559,5.331601749544658,0.042015328838961884,0.039507420530481084,0.06432932402918334,5.390742145855617,0.02791377568290303,0.025699377276303715,0.043647456625854786,3.228624093124754,0.04372266180957694,0.04101163713756546,0.06853795393645154,5.547646917841339,0.03320704793014007,0.03072167802075516,0.052052962581645934,3.8363368477553514
232,ratio-232,3,0.0,0.016505098037784043,0.015488004293925725,0.03647869852527959,4.14960894492833,0.002863682708538868,0.001966787287122535,0.00925011843473102,1.1634058744009839,0.01738783504066222,0.015936479860495952,0.04281072434377879,4.142653520852042,0.013238671047641518,0.012804201156285505,0.024748684375628268,4.112971558996707,0.01674479330237429,0.015579270899364802,0.03891173703823472,4.121629682459357,0.009314846858194462,0.008997981202316685,0.017509058059335,3.0439752670020583
233,ratio-232,4,0.5,0.0514117487233258,0.049892830332058866,0.07470938016666764,6.341364312039112,0.05593735780301574,0.053222284961122926,0.09561419969540896,6.257222377893339,0.04543755274768658,0.044082299208083306,0.06360840508069698,6.133176033867351,0.02977236661614278,0.0271691652582226,0.04917091345848518,4.062069015469767,0.04728675785921904,0.046036061857779684,0.06470302475620399,6.248867125397775,0.03668931936920828,0.03443928028411327,0.056864730865338,4.707620077914849
234,ratio-234,3,0.0,0.02891448099623669,0.022108636629404127,0.07590480907606151,4.014789222584808,0.006134381765357371,0.004569231616878518,0.016271554938814187,2.4582704340813604,0.029585425679749696,0.02254703119804865,0.08122520625687002,4.179054937353142,0.02240676561870423,0.020572590608650475,0.04420309274074293,4.974363544365946,0.02844873355421237,0.021979844166623883,0.07553613238425114,4.125527928826849,0.018963899141939383,0.016622024976675243,0.040264086872215915,3.757114089535024
235,ratio-234,4,0.5,0.047311012845029324,0.043845713510326755,0.07060021496504315,5.597928476612295,0.059078528635618764,0.04875912365726775,0.1318410819315503,5.14939311089978,0.042231055992716676,0.0395869921136184,0.06457195619871925,5.260554697971234,0.025162296923337303,0.020986966720322516,0.04482260332406307,2.5574917336977077,0.043310646104816004,0.04069521616512208,0.06619472543869742,5.361048693216418,0.030955650395883598,0.026314925566451368,0.06007585390807524,3.002625285188743
236,ratio-236,3,0.0,0.0073451658329546895,0.0057300591107051465,0.01353986664314101,5.5057720848658676,0.0036733761167138303,0.00321911826679549,0.006025417391727558,4.4921483303165015,0.007736771000053838,0.0061847789350654644,0.014605877142368502,5.456787645340726,0.00602024486719522,0.004808383166926594,0.011332076188448247,4.660751289301502,0.007552897793524038,0.005982654995498738,0.014265643603957913,5.482801437962507,0.003675757145526909,0.0031154944269744978,0.007580086969068187,4.480672939348968
237,ratio-236,4,0.5,0.03606510621586217,0.033090338530234076,0.06367138926401877,5.22291017960698,0.02884058374054046,0.027901531419080198,0.05218415858807143,3.3740731842375418,0.031381857966035445,0.02851161900644126,0.05063273043320651,4.848982402955514,0.013053135917663373,0.012115915888285677,0.02468028469910033,1.7424256654365649,0.03212540803037754,0.029530257836007455,0.05266763939174188,4.774058254117366,0.01701538892177014,0.01646977191090089,0.0276505963232708,2.2141936474404207
238,ratio-238,3,0.0,0.014395744824842011,0.01356618729263039,0.019989855922772696,6.705160788815669,0.0033884076224508924,0.0025238760674183183,0.006301305338144811,4.349428112124551,0.014616744434672284,0.013923850137187886,0.02021878671238041,6.439754019900951,0.016219945645090206,0.015938164984592173,0.02357381378755069,5.366539583868122,0.01448114132094893,0.013724898140205572,0.02014244355735664,6.50525179224315,0.011759544360456854,0.01145707221712109,0.01841277393835026,4.443039918289618
239,ratio-238,4,0.5,0.038571994509542164,0.03616004534504441,0.06664522043677898,5.354845905432419,0.03914788288343324,0.037272172367833735,0.07642387340147133,4.310470503776265,0.03274223962732155,0.030791390578087902,0.04940878901476367,4.86378788588652,0.011938877726838073,0.011370945017688198,0.019667626011366568,1.5314595529107462,0.03396150171799232,0.032095544936730655,0.05247219829926189,4.82822666614144,0.017684972957896856,0.017145711896410003,0.026381993077042754,2.1738682872557575
240,ratio-240,3,0.0,0.013454402418082566,0.011020407357752235,0.03608707278742636,4.613680632592212,0.012349870246086173,0.010278735130204726,0.03466270134808545,3.9856865397724923,0.01765538526389519,0.013039053620315613,0.06170224695378286,4.884050412708115,0.01303121720472583,0.010838288226326124,0.04193782705765593,4.416742948481451,0.016400599902496447,0.012259971370941774,0.05484548114600411,4.936506067618098,0.011349171679412101,0.009413612420705614,0.03578395407723829,4.339043833325592
241,ratio-240,4,0.5,0.033981871823388604,0.032558194605082004,0.04921080494917035,5.234299851068371,0.02208554495496237,0.020216830125234432,0.03373531702575333,2.9164927737554986,0.030928639360956082,0.02921499393617241,0.0415510343962667,4.947107008253226,0.014295360964902437,0.013067854289603567,0.023664604331174455,1.958833306164065,0.03215238375019309,0.030481244574536118,0.043988623302261665,5.054597454932201,0.01861088962898488,0.01695189006537459,0.030257549641581255,2.4834119771837537
242,ratio-242,3,0.0,0.004454819059267927,0.003987039888032807,0.00863557409675305,2.043954662858045,0.0006970093631503873,0.0005643117774618682,0.0015344811038232424,0.7397153012421598,0.004493338878569615,0.004090662270376048,0.00892105866180503,1.807582402894016,0.007211075129960822,0.007027006439767583,0.011149173425239016,2.393340088675735,0.004400213626712359,0.0039959398520253075,0.008462684597054224,1.8951171963316922,0.004980035562551037,0.00473388708620857,0.008265195843731324,1.9213156388744712
243,ratio-242,4,0.5,0.040655832236021136,0.03908667423328265,0.06007587595925959,6.634062058089588,0.02944573181650723,0.027000085687028826,0.046599814300647635,5.383591312703148,0.037198072299410544,0.035702307555762515,0.04875111219002959,6.565440429129176,0.01656924069874629,0.013471169250879803,0.028254799307085104,3.7454926060498512,0.038374073968682317,0.03697802773200778,0.05007624934314153,6.632067506572018,0.02010388258204779,0.017037311542908582,0.03359388105797445,4.330677298319118
244,ratio-244,4,0.0,0.01311288324537545,0.010154201727989861,0.0370643024205734,2.931487312933388,0.014248342493991548,0.01030868423458774,0.03207928855735975,0.9328250975982634,0.009261672496714123,0.00699486617402261,0.02835119643253267,2.776366737694161,0.008132123434667455,0.00543379714956702,0.024200003322396912,0.5677852529944725,0.009881920207830307,0.007329232440575731,0.029964253968480625,2.992262105766366,0.007484680182675992,0.005347021932752327,0.020608474301900825,0.7049212943619101
245,ratio-244,5,0.5,0.015005788998232928,0.013120243838761788,0.028796540371388013,4.344510862269252,0.00979444550068195,0.007307941349719403,0.026841814325704094,1.7062733949101203,0.014631887299470653,0.011458074940701625,0.030164503937698872,2.5333301070569303,0.00900205986778892,0.006977792606813539,0.021146822832031315,1.9912300405992227,0.015278647274148857,0.012352753605743552,0.031846772852173855,3.175294157488532,0.009293875207486138,0.007868811005057813,0.019432902890788417,2.221027235399365
246,ratio-246,4,0.0,0.01095658172752103,0.008437942716177833,0.02513289244402217,5.235552848804716,0.006117740563332142,0.004612381545481864,0.02007177921370698,2.909840137311208,0.010750596116084801,0.00857519082365921,0.022708987533113054,4.868556940751256,0.007724173704117102,0.006873038445772629,0.01623871782910087,2.960123576613671,0.01072929697165768,0.008415050749737056,0.023848105603302153,5.017481966204093,0.00654565012231371,0.005717142585570199,0.014672575253722703,2.8969621648478716
247,ratio-246,5,0.5,0.03505128017824851,0.03216805019516679,0.06351639240936235,10.013082844511032,0.021389777858409217,0.019379174533930926,0.045749176220355625,5.983496813717415,0.024833661902521616,0.021486860608853846,0.035227693779365424,5.314363747633955,0.008334755163831392,0.006714630529407541,0.013366567700236531,1.9580426210727195,0.026580802145957205,0.02293656653073699,0.037255645266088294,6.48526253997942,0.009971606292916425,0.008736167061028113,0.015293106643641141,2.8624048473861503
248,ratio-248,5,0.0,0.011492754604848754,0.009714350895727275,0.018923210842916118,5.477079914783901,0.007627317884799416,0.0062712111659877145,0.013148592900644126,4.6016162296909435,0.01191118476450722,0.01028309113779792,0.019191374815663752,5.142112836808531,0.014066747942286417,0.013844799060731439,0.017905977725279035,4.456596231463422,0.011698428772355043,0.010049472062045836,0.019029371344384382,5.311189848425963,0.011315675384660159,0.010874693344177502,0.01624626088030914,4.380518420582848
249,ratio-248,6,0.5,0.03636751585680218,0.03352894872451637,0.07086246938367777,8.535970164976016,0.020828163523645856,0.01967315465080234,0.039934527344665405,5.267343657254078,0.028392385791151473,0.023359062701839715,0.05616523368061971,5.572369291021644,0.008041425008113468,0.007685435347294795,0.012083650426023773,1.8797361106108719,0.029804321488278673,0.025630332755690103,0.0586118679433395,6.331658844251944,0.011120929025225641,0.01058928981601656,0.015714280210298442,2.7711933607360923
250,ratio-250,4,0.0,0.012349584608504912,0.010475112721100245,0.02336347233124464,2.1378935754374897,0.010178488482700511,0.00830765562198746,0.020981592011576566,1.1378006337959836,0.01052048193488909,0.008348576729460499,0.02246120793012507,1.810822792476477,0.012635717246583742,0.009211615197674017,0.02925915722769784,1.9990025622790788,0.010043113509596361,0.008128195408070662,0.0197624773905809,1.8977198575813574,0.011663133631526636,0.008735678747601715,0.027143648865970038,1.9635168516937629
251,ratio-250,5,0.5,0.012226283953540078,0.010438030822173807,0.025540042073791458,2.129955387409535,0.017147330318756874,0.01294964679721549,0.04217408721029625,1.781498114788596,0.009454030020612436,0.007628739613398822,0.019217948782356886,1.4742684386084621,0.009326341666501701,0.0067019312834863684,0.024333077128113167,1.0583620247925303,0.00879236002610799,0.006910480189291268,0.01836147195471055,1.4313720274120576,0.010307907682196296,0.007591844132817334,0.028480457864992204,1.142141677697305
252,ratio-252,5,0.0,0.009423175415683771,0.00852756138234222,0.015793710308638576,2.8474760537133075,0.009004660014408987,0.005344256912042118,0.027700721043111498,0.49025069892075673,0.007365306784721536,0.006515091117716281,0.013839119448226161,2.833957361118325,0.010947165255011522,0.008303322477414887,0.025455911703078093,1.4494074383615643,0.0071631839360264725,0.006128831757444381,0.014855464350991776,3.0944415606615565,0.009611058951713165,0.0068482103095868045,0.023219186446487128,1.463779395615797
253,ratio-252,6,0.5,0.011630769531758085,0.010505576365540394,0.02282720896080248,3.4347140951327026,0.016338548549508173,0.013271250155079085,0.03659661820649729,1.8004526053686767,0.013173162943394405,0.009751592493155829,0.0311163718234847,1.7424223950401354,0.00806236463929699,0.00612612205576204,0.021512599579905645,1.178655278499818,0.013063594827287698,0.01064248544069989,0.029970616436330144,2.307373862914601,0.010193653343579653,0.007930850104878819,0.024126857173997873,1.529599535748894
254,ratio-254,4,0.0,0.036310017646249235,0.022525229381145845,0.0971037116385148,2.570409346528749,0.010555309360884143,0.005560846924792206,0.03817188643456876,0.6332863930052661,0.03525346027252229,0.022735857955479572,0.09405116484325363,3.0282016895438617,0.01784670229364421,0.013334722735008629,0.04567927258786697,2.1738262112661126,0.03456446119241677,0.0222273719689333,0.09185058835226975,2.8941084912451056,0.015883153314641456,0.010768713705100451,0.0414394896557749,1.7300142405717343
255,ratio-254,5,0.5,0.03780853835609257,0.03342487086550806,0.07478181020221314,4.996390443994707,0.038089397158093244,0.032600810725377856,0.06439728643005083,3.497917691188519,0.03325701061929977,0.030320570121732303,0.06680767592650727,4.568549838890818,0.017587543416879015,0.015263866656239918,0.040448335496847065,1.95275148857485,0.034622478131893814,0.03128376401691217,0.0693422414362215,4.729800382062908,0.022070481545423588,0.019381583085880658,0.04501113024098563,2.3333848833869597
256,ratio-256,4,0.0,0.008456044301281888,0.007646659738908952,0.014277477658770854,5.944828872142139,0.007533427691782312,0.005924211617447264,0.020922193863094254,4.537745838089169,0.008874798888304301,0.0070197200004907916,0.018170537130898667,5.267626410516111,0.005057038536418697,0.0037615805318337893,0.010063264891161987,3.7042463794801423,0.008481707163797512,0.006930084920428488,0.016095238740941237,5.11768722683929,0.004122775058173234,0.0031838082247895054,0.008231026189718452,3.6396271214674694
257,ratio-256,5,0.5,0.06055554044980492,0.051974000056694995,0.10726583357904551,8.957345074767474,0.05501303169551971,0.048664951467841076,0.10810215811840246,7.043213073534866,0.055253201480413745,0.051288040954034386,0.08671348655364275,7.993020159429059,0.04373559451346401,0.04073600999893925,0.07504554712633443,6.175227712494365,0.05571615243599241,0.050793998893214266,0.09061195059829574,8.088305484998786,0.0450799321386097,0.041754984457899685,0.07755103103328115,6.214375200531254
258,ratio-258,4,0.0,0.006642984336836146,0.005960452796240878,0.01225510225419485,4.273084947943995,0.010395078749970492,0.01002273203095399,0.017198456667154874,4.034719840678443,0.006115026453434427,0.005358305989433277,0.011047915503397343,5.024183651347515,0.005400324179387,0.004386411093272667,0.011706468410960777,4.796311122211819,0.006168265068696486,0.005422766305827276,0.011974797211306454,5.127248972870161,0.0061482013853150705,0.00541636637740141,0.012404434974567717,4.704931223083092
259,ratio-258,5,0.5,0.05269119431479422,0.04946356086174725,0.07226184889028495,11.669596653102282,0.04245755701673512,0.040017289218395355,0.06470556680031293,9.909802270889887,0.04916503524880683,0.04754094904038236,0.06908556747975411,10.763640403421954,0.03120506544939755,0.028999754270285064,0.052199658668652726,8.742297866580731,0.05004284580886786,0.0480833400566746,0.0707946680449747,11.216319844608421,0.034304897592233145,0.03221649571172633,0.0564829451397906,9.265224187597434
260,ratio-258,5,0.95,0.026473689617627947,0.022171738654199108,0.04861706232654894,7.2686999978572295,0.026548710838024858,0.02302814458903111,0.050389894414057446,6.967793300308927,0.024825406637333573,0.022299783073388608,0.04152436758115963,6.200870673306588,0.02668882041352914,0.023783785607444822,0.04729200324422489,5.953559017413463,0.025755011385348043,0.023222486819395552,0.03829749509240382,6.742768058656739,0.02714723160266954,0.02446679631514437,0.04330391390926136,6.485718317977385
261,ratio-261,6,0.0,0.012552689170245929,0.011284114672498267,0.027212629673080038,3.4587682812925786,0.005513752116121872,0.0034682853814893824,0.020491559904749865,3.831754952508024,0.014099350871234517,0.01279248521737901,0.031377448194814875,2.9473944748916208,0.009208128630190103,0.00908626524065376,0.011186777880704674,3.380267508267479,0.013003553418497744,0.012039429869718104,0.025954291159707835,2.897898221137479,0.005933987095946665,0.005725125560125352,0.008403006703682159,2.9492740539352202
262,ratio-261,7,0.5,0.049575959499986666,0.04577805192043994,0.06820115702827834,7.591033697547708,0.05158443549544785,0.04607186835206359,0.10557080199634555,5.83998615944154,0.043407852549276385,0.041845983664873486,0.058613264019204164,6.721608712454845,0.0309275669564681,0.02946267961938557,0.04628210199591393,4.378291968675474,0.04480790259770739,0.042860906621311985,0.06011114650561264,7.018812448365094,0.03536557864813895,0.0333260221339317,0.058395012661139056,4.81004074410146
263,ratio-261,7,0.9499999999999998,0.036278488200482,0.030701185190811983,0.059605835553781905,4.0981494250713455,0.039011801612984426,0.03475132331750335,0.061442649605312816,3.821735632275157,0.038233451674371616,0.033200074256940694,0.059628734806099315,3.0095379669234443,0.04269589220786559,0.03886260252937656,0.061372949422683454,2.8950619768916788,0.037789610346592985,0.03273190685013167,0.05737945719172133,3.3801553115565275,0.04194927012341689,0.03786926406578858,0.058262440885609834,3.2279597846259342
264,ratio-264,3,0.0,0.0204221351838845,0.01607127991802098,0.04219410540242913,2.677455943589756,0.01599113480586198,0.014006985707188878,0.03100232187327917,1.6490738521001762,0.018466408930758252,0.01480804473942134,0.035033417860367844,2.2140097159333183,0.014240619312752875,0.012213542671844204,0.0252253944039062,1.3646263536135332,0.018538652598395235,0.014813019211078356,0.0358426983536852,2.3242792013265254,0.01445667561005809,0.01246874538315667,0.026580694870365018,1.4830809799826616
265,ratio-264,4,0.5,0.014525458055533135,0.012667815962573667,0.030941292025112754,2.350371422234094,0.014397453286972482,0.012287369613831858,0.03442095202943271,1.3772163697887434,0.00699430529571669,0.005391169954662159,0.014517440788277325,0.5086743329799212,0.006597647251395423,0.005397314563712058,0.013982929346490536,0.8254747011399646,0.008209632251562871,0.007033691739642558,0.015769595681039236,0.8699617131035229,0.007887241528796876,0.006040507804057326,0.018691074124116067,0.9549826937203445
266,ratio-266,4,0.0,0.03368897848267755,0.026937015439792728,0.05982609115798346,8.208955293033503,0.05275992606434384,0.036274093732960803,0.12305754443640812,7.630068620750378,0.0354632093538492,0.02821653762157309,0.07188518953714959,8.465292322300922,0.0353515635902486,0.02527603584785943,0.08526872755113055,5.771140766868432,0.03513060733872152,0.027962758165992134,0.07147188846809896,8.494952907223244,0.03807156824639025,0.026818754241683344,0.09193177885255865,5.857339215050598
267,ratio-266,5,0.5,0.0509496083674314,0.04080840304650207,0.07825285006778726,8.851144425859026,0.04986312857586599,0.036296811947434005,0.11904595389248401,5.164636360854721,0.047521409609400087,0.03928665136436625,0.07205870624779032,6.995873146610119,0.04010175216386802,0.03136529030344301,0.07290610285562099,4.8006215228908635,0.04801995174348601,0.03889774897975154,0.07234846761663732,7.605847075169291,0.04170706883175499,0.03196838729487168,0.08158247685372777,5.119592807343693
268,ratio-268,4,0.0,0.017613125847951473,0.016011006167469387,0.027423648880147637,6.80006962510356,0.013771931004623669,0.01097449716534913,0.036279925282786674,6.344213322581561,0.016721315296456866,0.015149262191370035,0.025321162229447074,5.850251715380559,0.012079406313282862,0.01133512961159615,0.01694918847315809,4.230908466986807,0.016610580122089033,0.014679175559125601,0.025842154966529196,6.122135938406023,0.01112896246591413,0.010431153712621042,0.015871872987761774,4.500891743003019
269,ratio-268,5,0.5,0.02613379166843289,0.024507540683383986,0.03723196980624008,7.622010526160717,0.0171852114425268,0.01406699725879276,0.039265224220597916,4.815425561773842,0.022915394657508605,0.02175235149669075,0.035024981749977036,3.938243581308366,0.014852511747799205,0.011610352737168072,0.025056040457236917,2.515984927742573,0.021279551849251205,0.018924756934500315,0.03386206661291996,4.8435144437388145,0.012264499753132077,0.010164772293656666,0.020399699078916117,2.023763750098596
270,ratio-268,5,0.9090909090909091,0.042981333795922186,0.03719980209201543,0.06610046116218404,5.582328284362929,0.03345003316048052,0.029029491637195728,0.050509057267181745,4.418872287729385,0.04084085004893673,0.0371293092309764,0.05742422923066237,3.034759951509338,0.03021526790048418,0.0280144264309932,0.0392251733293108,1.8262065051787117,0.039749349255094664,0.03473297120842869,0.05978069897847704,3.749236093756031,0.029184236113506384,0.02621272852635744,0.04208380344427903,2.4622389086596215
271,ratio-271,4,0.0,0.016082758745972883,0.013026831448119145,0.027523783463371542,9.438442328250654,0.015044978556213943,0.011615491066532304,0.025480756505714113,9.783551421998927,0.015002012288530448,0.012085242242714159,0.02589412479333315,8.297554327363645,0.01244778892578693,0.010158987906683483,0.020883753033184377,7.562832992301916,0.01514786836802109,0.01217144298768876,0.026272213072228694,8.722419602149667,0.012750144431840568,0.010219294548727142,0.021679911634548618,8.168155183883945
272,ratio-271,5,0.5,0.03976291404102227,0.037881415956224455,0.05961445864399251,10.02646640037577,0.025105459126527025,0.023940990137106835,0.04472886129426207,6.88680043785942,0.03301038728467886,0.03057204168411306,0.048144997186130106,6.284644451396291,0.018281030774998697,0.017784903939117216,0.02706671242715919,2.6095948360561505,0.0325369399717253,0.027145026255390902,0.047764465399954936,7.382975470257365,0.01701033309555276,0.014678951461825709,0.029705381052207963,3.582821295570563
273,ratio-271,5,0.8913043478260869,0.08163267939621224,0.0683492399166014,0.12281570333475178,7.711162023732705,0.06944306466557441,0.05973768157681222,0.10325490327980996,6.362331209500586,0.08383811952640645,0.07921082379503647,0.11711207748715385,5.941955794693327,0.07100146481022751,0.06760206104240224,0.09699555379793368,4.728639165804866,0.08131015632491435,0.074564359993666,0.1185122482772002,6.425814587805827,0.06849652887434958,0.06371453359234361,0.09872466217778286,5.080080163081218
274,ratio-274,4,0.0,0.025822892588473007,0.022226790648955046,0.06725048901159779,6.052762065371464,0.008295234559536697,0.006862503118072898,0.02214882041257525,3.429242922514035,0.030261992706647763,0.024142128542469197,0.09355186441952741,5.934809568782698,0.02033968647224141,0.018035373418853945,0.053401204273068825,5.964706084814834,0.028234311981969757,0.023217544206690234,0.08294334235111113,5.941628803387079,0.016334850853579583,0.014300073857330604,0.042903907651909684,5.007339042898131
275,ratio-274,5,0.5,0.037647248982719206,0.036326861001628866,0.055720762966727344,5.1224248936516075,0.042657348889925964,0.03998733941634882,0.07001190904793003,4.969016381739664,0.03413352419508099,0.03121637540877611,0.05505089986884104,4.998406255601276,0.022900410788235816,0.01855403343523702,0.045250412679054,3.5458048520544576,0.035267858195046166,0.03225166193273936,0.05636786779254821,5.097045862745525,0.026798920403966434,0.02146621418740131,0.052741982767950446,4.052729160041767
276,ratio-276,4,0.0,0.020892417898709856,0.016898765128688518,0.055249899128993016,3.8970472603204342,0.0033412514749576066,0.002128860003706213,0.009954020812269444,1.417457618895342,0.021605673804390494,0.017195292688576405,0.06072418332241403,3.9672895026812935,0.017962366849536688,0.01683543950319298,0.03711440944015644,4.354940987378069,0.020701026693575934,0.01677965134328691,0.05595605169816563,3.932545330930487,0.013109104515685619,0.01193992196056929,0.02826005215662193,3.0876828311842086
277,ratio-276,5,0.5,0.04487699815789869,0.04378938628200555,0.061872253201825544,5.582779571424227,0.04816388050681016,0.044472720020794325,0.09864724844709452,5.04509077032959,0.03994754668030338,0.039288946480785986,0.04983420923604828,5.356432501489839,0.019896318827819726,0.018667055650950302,0.03332546526088845,2.7152329204992895,0.04142217796040358,0.0407348141406347,0.051001183004004094,5.478438182153062,0.026638794767540167,0.025256371693730725,0.0403998053370026,3.3044535893992335
278,ratio-278,4,0.0,0.009254243688400879,0.008169051457229896,0.01585176492864569,5.926183744145647,0.002862640977181152,0.0026242049927842448,0.005210855638398779,4.4765360870600315,0.009666166435952021,0.008695136081250564,0.01672490012964951,5.836987901082255,0.006214655227749022,0.005529620513747499,0.01177194263441356,4.921617833376868,0.009450507806507023,0.008456127659698947,0.016448369058471152,5.847902754409324,0.0037003563790482903,0.0027172955430805807,0.008405043299264111,4.6383220561141165
279,ratio-278,5,0.5,0.06178252974075555,0.05997075919545061,0.10352261392352766,7.397026464529985,0.05978196944482197,0.05819024744622508,0.09630074171064301,6.3449078620358135,0.056455196749721735,0.05529923240621259,0.08594252550541051,6.9378428787983575,0.04094624662185423,0.039987827522352706,0.05901901170320012,4.241575522308904,0.05770524651190563,0.05648388400589132,0.08896726235292696,6.9840617144230155,0.046040030346924096,0.0449726161224653,0.06306976338006359,4.850201915231254
280,ratio-280,6,0.0,0.013897693184645185,0.011426968991353642,0.03351333084179402,4.720762107753053,0.016053817963199348,0.011955846643630565,0.043405463832743935,3.034424883221803,0.013057410507735736,0.010110771720036407,0.03653227044653132,3.969737795358776,0.010134112836745346,0.007139355407200868,0.02993488918627897,1.9589402132433054,0.013208803467772506,0.010253164432199816,0.037058305904760114,4.021182120677533,0.011916050473445614,0.00883608471507961,0.033717739601755295,2.1739313332696764
281,ratio-280,7,0.5,0.03493425786989363,0.03128404282517585,0.06128373817575078,6.327653334351299,0.025529857853654955,0.021032102342942133,0.06146605573813618,3.5783791992844067,0.025393214187123172,0.02002882962109856,0.04380018731195684,3.733372881617073,0.01684653717854101,0.012388110791353768,0.04089324967732305,1.9144595194856682,0.026926155565761275,0.022482218631655806,0.04694290665009204,4.343579761268114,0.017903830580190024,0.014155394195678411,0.04170394976482367,2.3430709312496707
282,ratio-280,7,0.95,0.054610551426973644,0.05070783733644424,0.08664478892281308,3.5860459217408693,0.05654277141125956,0.053450787185707435,0.08642770492973817,3.4490614339735806,0.046747108124700114,0.04650146579149542,0.05380842355172338,1.9377365242610656,0.04965178796293998,0.0494510583945035,0.05760903765966374,2.0430694565262004,0.04963855162197925,0.049075365732670975,0.061450903854360195,2.272949601622641,0.05244417819203637,0.052017110457573824,0.06327552035420975,2.3258855298697694
283,ratio-283,6,0.0,0.015282662341179799,0.01205093887649548,0.0256263961690298,4.707428256340925,0.025901809972082756,0.021212490451407596,0.06237768065902133,4.309871136068867,0.013128750637111802,0.010713572474290507,0.024505046664588775,4.635589492935401,0.01335063723665474,0.01012455317564343,0.033826630158847126,2.848507135161846,0.013881340424672773,0.011228859089356977,0.027628803784171735,4.6919543827136225,0.016614147371715404,0.013375380836689231,0.042326786522754456,2.9079453205997243
284,ratio-283,7,0.5,0.04126730519984803,0.035881713298787934,0.059227326183302426,9.98282708346007,0.0363944276995711,0.03023956494935266,0.07323774400013028,7.179427530888905,0.03526495177530394,0.03187779239165634,0.05542093323205208,8.126932377234809,0.024966475170679583,0.021740395815585973,0.03941793711671132,6.30965177499075,0.03649738063096656,0.03234117274943656,0.0566240715720272,8.810941445335752,0.027549136384072626,0.02373320043133441,0.04221013760430087,6.81600038979641
285,ratio-285,5,0.0,0.011871011048312032,0.011616809327107427,0.019061881969121494,3.616057519809717,0.0035016709898407355,0.0034361834342456596,0.004508537412148909,1.7910160263594066,0.012176729100411786,0.011848844603664794,0.021275065155894134,3.654260357793588,0.01215479577477013,0.012052922382626874,0.0165560063285436,3.7897028691682446,0.011937977895199672,0.011659272222847586,0.019893482983232527,3.598419705580744,0.009179182149654144,0.009068793870934492,0.012998295482044828,3.0930158863483097
286,ratio-285,6,0.5,0.05100241295961219,0.04975183632354384,0.06769471358944593,8.378930959949724,0.04594665541882893,0.0437372769251428,0.06641547705107795,7.880499429899067,0.04723681087893534,0.04593526646195812,0.06455530908756377,8.349122906837215,0.030132375319137594,0.026887596557297753,0.048297142820965144,6.634979719036989,0.048476578232982015,0.047204742352468305,0.0663196911141685,8.385858772989792,0.034541806650828,0.031413137164740444,0.05458502756983208,7.139616376509049
