model,sample,pair,km_spectral_rmse,km_spectral_mae,km_spectral_max_abs,km_delta_e_2000,full_spectral_rmse,full_spectral_mae,full_spectral_max_abs,full_delta_e_2000
e5025ee3d3dc971b8f6b31ede93281d5d83b196c87121fd8d574a0a0b9da9d1a,B,pure,1.0648068352018058e-17,6.4912233294616e-18,2.7755575615628914e-17,0.0,1.0648068352018058e-17,6.4912233294616e-18,2.7755575615628914e-17,0.0
e5025ee3d3dc971b8f6b31ede93281d5d83b196c87121fd8d574a0a0b9da9d1a,Bw,BW,0.015347918429269811,0.011366168164242364,0.0430899983187128,1.579146982922595,0.015221228439087247,0.010316077348196133,0.04586654452889419,2.598497510420171
e5025ee3d3dc971b8f6b31ede93281d5d83b196c87121fd8d574a0a0b9da9d1a,BW,BW,0.019328784534456214,0.015925002756428178,0.044450406885003776,3.6353921083377245,0.01406614034817418,0.01107490255205095,0.02862185387952261,4.623624470096953
e5025ee3d3dc971b8f6b31ede93281d5d83b196c87121fd8d574a0a0b9da9d1a,bW,BW,0.03259092736322914,0.025644101716324696,0.07435135800218505,5.294793475073168,0.024163508360291994,0.019716113657703215,0.05921952236135937,4.438630468556045
e5025ee3d3dc971b8f6b31ede93281d5d83b196c87121fd8d574a0a0b9da9d1a,W,pure,3.988038833097616e-17,1.4325458382260084e-17,1.1102230246251565e-16,0.0,3.988038833097616e-17,1.4325458382260084e-17,1.1102230246251565e-16,0.0
e5025ee3d3dc971b8f6b31ede93281d5d83b196c87121fd8d574a0a0b9da9d1a,Wc,CW,0.06090408237243523,0.03840182698891562,0.14129778272631927,3.031936476739007,0.02947963243365474,0.019838080665230035,0.0753162427027913,1.9934120507907243
e5025ee3d3dc971b8f6b31ede93281d5d83b196c87121fd8d574a0a0b9da9d1a,BC,CB,0.021508301440470293,0.016607587416449025,0.04763642519019537,5.015327675677798,0.011266263376405659,0.009591959136082694,0.022717623837984743,2.522655294212932
e5025ee3d3dc971b8f6b31ede93281d5d83b196c87121fd8d574a0a0b9da9d1a,WC,CW,0.02090170243914409,0.015835383978446964,0.0497093621893695,2.125283634559675,0.019359576352843307,0.012511451957395805,0.0645342758193238,1.2759457485369352
e5025ee3d3dc971b8f6b31ede93281d5d83b196c87121fd8d574a0a0b9da9d1a,bC,CB,0.027294719488069902,0.023012484895107124,0.04967761364852039,7.37843536677393,0.014721680772119758,0.01145065415544125,0.03704492081824749,4.427389773854476
e5025ee3d3dc971b8f6b31ede93281d5d83b196c87121fd8d574a0a0b9da9d1a,wC,CW,0.027650535276545783,0.01737057572998699,0.06325482729405296,2.0282632587588934,0.007816030451122153,0.00661792817600054,0.02096019451204889,1.6721635277491238
e5025ee3d3dc971b8f6b31ede93281d5d83b196c87121fd8d574a0a0b9da9d1a,C,pure,1.8358587643600646e-17,7.834235052798484e-18,5.551115123125783e-17,7.932118828604427e-15,1.8358587643600646e-17,7.834235052798484e-18,5.551115123125783e-17,7.932118828604427e-15
e5025ee3d3dc971b8f6b31ede93281d5d83b196c87121fd8d574a0a0b9da9d1a,By,YB,0.014637600913703494,0.012729225475563408,0.03262119739722852,2.7624788287808304,0.01278495705701541,0.011580504107604273,0.019035910034057482,5.707317228523897
e5025ee3d3dc971b8f6b31ede93281d5d83b196c87121fd8d574a0a0b9da9d1a,Wy,YW,0.15047898247855995,0.12249842298244885,0.24128430301497994,13.765153725042895,0.12662770717719835,0.1023432815672165,0.20626793034517,12.751982233660492
e5025ee3d3dc971b8f6b31ede93281d5d83b196c87121fd8d574a0a0b9da9d1a,Cy,YC,0.050788543940596516,0.03628210204346725,0.10013573985326296,4.9202706640894815,0.02371896662656314,0.018937409185307782,0.05200957598903394,4.742539373258715
e5025ee3d3dc971b8f6b31ede93281d5d83b196c87121fd8d574a0a0b9da9d1a,BY,YB,0.02181789602511433,0.018444814831930924,0.04636625241774958,5.139835855897328,0.0108997306422491,0.0094166497550098,0.021496891110655378,2.5732042886936166
e5025ee3d3dc971b8f6b31ede93281d5d83b196c87121fd8d574a0a0b9da9d1a,WY,YW,0.02887286879034589,0.024809992993275614,0.044079134238086626,1.3843368058842056,0.05367797144867157,0.04622547189097108,0.08579975521455052,2.8683208398524696
e5025ee3d3dc971b8f6b31ede93281d5d83b196c87121fd8d574a0a0b9da9d1a,CY,YC,0.025768258432963133,0.021946760636552952,0.059069319989191515,4.972353324905582,0.02544713886135401,0.02284278718975399,0.054168096059281745,5.616786292597191
e5025ee3d3dc971b8f6b31ede93281d5d83b196c87121fd8d574a0a0b9da9d1a,bY,YB,0.036523183979804225,0.029850794296482987,0.07995453332486793,5.831883944824701,0.01906229067149682,0.013070817628335275,0.05311997724120969,1.607724894179616
e5025ee3d3dc971b8f6b31ede93281d5d83b196c87121fd8d574a0a0b9da9d1a,wY,YW,0.043151549641825666,0.037582481319942636,0.0638970623401881,2.5136851079304265,0.0665459763120514,0.056850883927680666,0.10160507669544505,3.796922484523471
e5025ee3d3dc971b8f6b31ede93281d5d83b196c87121fd8d574a0a0b9da9d1a,cY,YC,0.05153964582953719,0.032732578732494695,0.14418398728779258,2.374321111395761,0.02550435735923422,0.02003257514889261,0.05054730183217715,2.5351217787051636
e5025ee3d3dc971b8f6b31ede93281d5d83b196c87121fd8d574a0a0b9da9d1a,Y,pure,2.5662108008416524e-17,9.848752637803809e-18,1.1102230246251565e-16,0.0,2.5662108008416524e-17,9.848752637803809e-18,1.1102230246251565e-16,0.0
8348bea828d6e59fd92846dc80746620869e3d012d5054a2267e3159e9395689,B,pure,1.0574884884444788e-17,6.267388042238787e-18,2.7755575615628914e-17,0.0,1.0574884884444788e-17,6.267388042238787e-18,2.7755575615628914e-17,0.0
8348bea828d6e59fd92846dc80746620869e3d012d5054a2267e3159e9395689,Bw,BW,0.015296576696116566,0.011114645355054195,0.04365691570972016,1.5911919428834327,0.015026828228249724,0.009925162420400055,0.04619573899819113,2.418799723479155
8348bea828d6e59fd92846dc80746620869e3d012d5054a2267e3159e9395689,BW,BW,0.018221833649395558,0.015302541981691698,0.04153600854637765,3.7303227492557642,0.013483899860195709,0.01077334134997389,0.02751499835019794,4.490125177993902
8348bea828d6e59fd92846dc80746620869e3d012d5054a2267e3159e9395689,bW,BW,0.030773750979776117,0.024271490968841743,0.06879474578543825,5.365742939187271,0.023024829718581368,0.0188965010806536,0.05421962352664078,4.48689658692519
8348bea828d6e59fd92846dc80746620869e3d012d5054a2267e3159e9395689,W,pure,3.988038833097616e-17,1.4325458382260084e-17,1.1102230246251565e-16,0.0,3.988038833097616e-17,1.4325458382260084e-17,1.1102230246251565e-16,0.0
8348bea828d6e59fd92846dc80746620869e3d012d5054a2267e3159e9395689,Bc,CB,0.018667209986337377,0.01594461168550885,0.03391132413381634,7.347042191266166,0.009708905225789011,0.007833368750797483,0.018887664709329025,2.394888446222997
8348bea828d6e59fd92846dc80746620869e3d012d5054a2267e3159e9395689,Wc,CW,0.06111335944582535,0.03919210573917768,0.13967666460392963,3.6273804784038686,0.029528472592395393,0.020123375873229127,0.07345131257057852,2.3198844733261352
8348bea828d6e59fd92846dc80746620869e3d012d5054a2267e3159e9395689,WC,CW,0.02087042780535279,0.015575374128997546,0.04848452383331414,2.155991502179398,0.01936210142834467,0.012639741339793176,0.06351522414915389,1.2617155981859345
8348bea828d6e59fd92846dc80746620869e3d012d5054a2267e3159e9395689,bC,CB,0.033000348078423385,0.028564491114628377,0.06503690029120512,7.624939172201557,0.013952250731049139,0.009990707819114304,0.03485747357185928,5.218623801350698
8348bea828d6e59fd92846dc80746620869e3d012d5054a2267e3159e9395689,wC,CW,0.02767505231384058,0.017544030135397536,0.062479400035560184,2.2535859158893743,0.007665885127300682,0.00651299280477176,0.02007856273631481,1.5936107788338938
8348bea828d6e59fd92846dc80746620869e3d012d5054a2267e3159e9395689,C,pure,1.8485054725310808e-17,8.058070340021298e-18,5.551115123125783e-17,7.932118828604427e-15,1.8485054725310808e-17,8.058070340021298e-18,5.551115123125783e-17,7.932118828604427e-15
8348bea828d6e59fd92846dc80746620869e3d012d5054a2267e3159e9395689,By,YB,0.0143742849096458,0.012414434447864723,0.0327706619996985,2.7371985689312033,0.012394346986648267,0.011295421961823591,0.01856908304195777,5.477166167877178
8348bea828d6e59fd92846dc80746620869e3d012d5054a2267e3159e9395689,Wy,YW,0.1506388334560145,0.1226072089774412,0.2413185769709314,13.769814304901951,0.12653259377564147,0.10224996651044554,0.20628211734312696,12.74984071726963
8348bea828d6e59fd92846dc80746620869e3d012d5054a2267e3159e9395689,Cy,YC,0.05046706986077356,0.03598371058258906,0.10074474240227316,4.837064895715378,0.023753220188396904,0.018936105478956734,0.052001439552387674,4.750685229640359
8348bea828d6e59fd92846dc80746620869e3d012d5054a2267e3159e9395689,BY,YB,0.020787033698179157,0.017774105192889748,0.04268116774262721,5.073723193647144,0.010632107215385458,0.009280161126359753,0.021241471361747727,2.354519971066781
8348bea828d6e59fd92846dc80746620869e3d012d5054a2267e3159e9395689,WY,YW,0.02853848417132362,0.02460551958121532,0.04388346278045496,1.3982741093116933,0.05370050628847026,0.046234947322034314,0.08596117591319119,2.867296260146149
8348bea828d6e59fd92846dc80746620869e3d012d5054a2267e3159e9395689,CY,YC,0.025400054283417288,0.021990774225849805,0.055462171070641,5.085735785807696,0.02541053745655707,0.022775705490371393,0.05421342341048585,5.64602175766654
8348bea828d6e59fd92846dc80746620869e3d012d5054a2267e3159e9395689,bY,YB,0.0345558238855498,0.028577194708583418,0.07183522867133783,5.709981038181686,0.017810519574268133,0.01242351919873953,0.050795322848000146,1.6248572987686523
8348bea828d6e59fd92846dc80746620869e3d012d5054a2267e3159e9395689,wY,YW,0.04280567338614638,0.03730648607174438,0.06340617973684914,2.521764086075352,0.06645536372789831,0.056758336775298804,0.10138450192305137,3.792862665949545
8348bea828d6e59fd92846dc80746620869e3d012d5054a2267e3159e9395689,cY,YC,0.05045130541321397,0.03198216260689963,0.13970617050001488,2.4849276901143105,0.02516365789922833,0.019678151839000898,0.04816611807825533,2.555017401067958
8348bea828d6e59fd92846dc80746620869e3d012d5054a2267e3159e9395689,Y,pure,2.5662108008416524e-17,9.848752637803809e-18,1.1102230246251565e-16,0.0,2.5662108008416524e-17,9.848752637803809e-18,1.1102230246251565e-16,0.0
a2d0314caac6f706ce74ac18b8de33bee251fd5313add2196bbbcaf9cbfc7e0f,B,pure,1.0864661410242736e-17,6.715058616684415e-18,2.7755575615628914e-17,0.0,1.0864661410242736e-17,6.715058616684415e-18,2.7755575615628914e-17,0.0
a2d0314caac6f706ce74ac18b8de33bee251fd5313add2196bbbcaf9cbfc7e0f,Bw,BW,0.015198158351108427,0.011052631099910991,0.043541034298799325,1.590366095535092,0.014980140600253182,0.009898142103919077,0.04649016864776548,2.37655339914442
a2d0314caac6f706ce74ac18b8de33bee251fd5313add2196bbbcaf9cbfc7e0f,BW,BW,0.017762990575701337,0.015004129255958485,0.0398655665481401,3.651636206510853,0.01286362844939676,0.010383667892712155,0.026032112740491206,4.3421509181362445
a2d0314caac6f706ce74ac18b8de33bee251fd5313add2196bbbcaf9cbfc7e0f,bW,BW,0.03013926806924244,0.024072985019351168,0.06555264839479995,5.312450950679225,0.022034570723538732,0.01813467947494056,0.050420585099904616,4.297778262211234
a2d0314caac6f706ce74ac18b8de33bee251fd5313add2196bbbcaf9cbfc7e0f,W,pure,3.988038833097616e-17,1.4325458382260084e-17,1.1102230246251565e-16,0.0,3.988038833097616e-17,1.4325458382260084e-17,1.1102230246251565e-16,0.0
a2d0314caac6f706ce74ac18b8de33bee251fd5313add2196bbbcaf9cbfc7e0f,Bc,CB,0.01911860196459374,0.016291399063302757,0.033919880177187424,6.604206931721594,0.012136709330970316,0.010229674070843764,0.026858997711584343,2.5746286463994186
a2d0314caac6f706ce74ac18b8de33bee251fd5313add2196bbbcaf9cbfc7e0f,Wc,CW,0.06113894755564642,0.039214269149597136,0.13896260064867888,3.513086270907138,0.029505902678137484,0.020087854881527825,0.07273236410140288,2.2626485363890665
a2d0314caac6f706ce74ac18b8de33bee251fd5313add2196bbbcaf9cbfc7e0f,BC,CB,0.02964361466725704,0.021571220343251634,0.06959941422010463,5.113034288508929,0.012314787700005237,0.010225768347362723,0.027127891533653914,3.941621602690417
a2d0314caac6f706ce74ac18b8de33bee251fd5313add2196bbbcaf9cbfc7e0f,WC,CW,0.020916431211197958,0.015718501336252473,0.048403298993571875,2.1801031196579257,0.019382653281971585,0.012689337028724842,0.06318515538334424,1.2333460830362313
a2d0314caac6f706ce74ac18b8de33bee251fd5313add2196bbbcaf9cbfc7e0f,wC,CW,0.027668705658745043,0.017602629846270167,0.0621490938413255,2.218422710226366,0.007691930442634776,0.006514466180914043,0.01978656349080088,1.6013986732575363
a2d0314caac6f706ce74ac18b8de33bee251fd5313add2196bbbcaf9cbfc7e0f,C,pure,2.0891160238414417e-17,9.624917350580995e-18,5.551115123125783e-17,7.932118828604427e-15,2.0891160238414417e-17,9.624917350580995e-18,5.551115123125783e-17,7.932118828604427e-15
a2d0314caac6f706ce74ac18b8de33bee251fd5313add2196bbbcaf9cbfc7e0f,By,YB,0.014293856196635334,0.012305129132473456,0.032741106333692344,2.754125810864305,0.012244590038358068,0.011209290570958104,0.018484771498791484,5.338833252098886
a2d0314caac6f706ce74ac18b8de33bee251fd5313add2196bbbcaf9cbfc7e0f,Wy,YW,0.15071007401244518,0.12267995586330269,0.24145453808365858,13.771028896351908,0.12650193116410355,0.10223896929807945,0.20623863465156012,12.745830049646413
a2d0314caac6f706ce74ac18b8de33bee251fd5313add2196bbbcaf9cbfc7e0f,Cy,YC,0.05048745510152065,0.036075876031764306,0.10092453355776532,4.874261102894761,0.023699674177362413,0.0189160633896476,0.0519435457531745,4.747964802062809
a2d0314caac6f706ce74ac18b8de33bee251fd5313add2196bbbcaf9cbfc7e0f,BY,YB,0.020469487612681463,0.017605285280513937,0.0417389375532011,5.119103136143311,0.010445824424844773,0.009213943815835365,0.020470884467700484,2.149764982711322
a2d0314caac6f706ce74ac18b8de33bee251fd5313add2196bbbcaf9cbfc7e0f,WY,YW,0.02843016019757219,0.024516037049827653,0.04386454788263283,1.3944335978924642,0.053711659109268145,0.0462415907407423,0.08619354530203449,2.8664790739537516
a2d0314caac6f706ce74ac18b8de33bee251fd5313add2196bbbcaf9cbfc7e0f,CY,YC,0.02540896915518021,0.022083204110977833,0.055936786268493965,5.046160534162771,0.02540177080518611,0.02282722135970801,0.05354158589432201,5.593743086332361
a2d0314caac6f706ce74ac18b8de33bee251fd5313add2196bbbcaf9cbfc7e0f,bY,YB,0.03393973235877112,0.028348327628008606,0.06895777955240426,5.798930888498482,0.017169772277613713,0.01224613619435683,0.048816938389462675,1.7775288072197613
a2d0314caac6f706ce74ac18b8de33bee251fd5313add2196bbbcaf9cbfc7e0f,wY,YW,0.0426905565795454,0.03720541000828523,0.06351663882670422,2.519862601980627,0.066433927055125,0.056736194992666196,0.1016478568331014,3.792418403923711
a2d0314caac6f706ce74ac18b8de33bee251fd5313add2196bbbcaf9cbfc7e0f,cY,YC,0.05030287019901539,0.031817756544660326,0.14030525455932275,2.356574019933196,0.02498736614909934,0.01953102731149294,0.0480368382921359,2.4387446320025603
a2d0314caac6f706ce74ac18b8de33bee251fd5313add2196bbbcaf9cbfc7e0f,Y,pure,2.5173261180780693e-17,8.953411488912552e-18,1.1102230246251565e-16,0.0,2.5173261180780693e-17,8.953411488912552e-18,1.1102230246251565e-16,0.0
fda003991f1ff8e1d0df4ada79d6c31fae1ad7d44f415b6d7ad894de8ba35b8d,B,pure,1.0648068352018058e-17,6.4912233294616e-18,2.7755575615628914e-17,0.0,1.0648068352018058e-17,6.4912233294616e-18,2.7755575615628914e-17,0.0
fda003991f1ff8e1d0df4ada79d6c31fae1ad7d44f415b6d7ad894de8ba35b8d,Bw,BW,0.01568750373762013,0.01138950164012207,0.04483465378989154,1.5611747709252743,0.015210836240400686,0.01028442036611784,0.04535809278212152,2.5470662942977698
fda003991f1ff8e1d0df4ada79d6c31fae1ad7d44f415b6d7ad894de8ba35b8d,BW,BW,0.019028419442326767,0.01553766689653879,0.04474649958492001,3.482592003821214,0.013975176556181875,0.010944907806985914,0.028326412089133418,4.580749054662513
fda003991f1ff8e1d0df4ada79d6c31fae1ad7d44f415b6d7ad894de8ba35b8d,bW,BW,0.03221580846891795,0.024988970246672786,0.07404156566602785,5.105184045640641,0.024065082895260666,0.019664223616651152,0.058747915849363924,4.370668478609046
fda003991f1ff8e1d0df4ada79d6c31fae1ad7d44f415b6d7ad894de8ba35b8d,W,pure,3.988038833097616e-17,1.4325458382260084e-17,1.1102230246251565e-16,0.0,3.988038833097616e-17,1.4325458382260084e-17,1.1102230246251565e-16,0.0
fda003991f1ff8e1d0df4ada79d6c31fae1ad7d44f415b6d7ad894de8ba35b8d,Bc,CB,0.017597546365299734,0.014434058876714196,0.03393993735170069,6.89916065292296,0.01142432062809818,0.009681365174957665,0.020556652465197778,3.065150917811203
fda003991f1ff8e1d0df4ada79d6c31fae1ad7d44f415b6d7ad894de8ba35b8d,Wc,CW,0.061019716275093075,0.03916335106486428,0.14138656742059436,3.7000810834234494,0.029487314566232683,0.019996888801351777,0.07527713007990339,2.335361751236962
fda003991f1ff8e1d0df4ada79d6c31fae1ad7d44f415b6d7ad894de8ba35b8d,BC,CB,0.021113534976363115,0.016589479019793362,0.04565676388086523,5.167056991628973,0.012796065000856038,0.011522766847001889,0.021417635831183363,3.468399338954477
fda003991f1ff8e1d0df4ada79d6c31fae1ad7d44f415b6d7ad894de8ba35b8d,WC,CW,0.02084000689023566,0.015517408269224603,0.04977742622680481,2.178765659155964,0.019383860495473183,0.012625495656531286,0.06441115499035954,1.2562658703642693
fda003991f1ff8e1d0df4ada79d6c31fae1ad7d44f415b6d7ad894de8ba35b8d,bC,CB,0.026879453978532444,0.023219167356792175,0.04934697270998799,7.44695673933333,0.01361703782380077,0.009827652166141319,0.036408919498207584,4.76606483689375
fda003991f1ff8e1d0df4ada79d6c31fae1ad7d44f415b6d7ad894de8ba35b8d,wC,CW,0.027728212692331573,0.0175878694842067,0.06329835580763066,2.2842949971078106,0.007642105147459375,0.0064116333103528215,0.02085159635698708,1.5562064991874238
fda003991f1ff8e1d0df4ada79d6c31fae1ad7d44f415b6d7ad894de8ba35b8d,C,pure,1.8358587643600646e-17,7.834235052798484e-18,5.551115123125783e-17,7.932118828604427e-15,1.8358587643600646e-17,7.834235052798484e-18,5.551115123125783e-17,7.932118828604427e-15
fda003991f1ff8e1d0df4ada79d6c31fae1ad7d44f415b6d7ad894de8ba35b8d,Wy,YW,0.15041762615860038,0.1220869484335834,0.2414317024842545,13.809825578596653,0.12665691960034806,0.10221359744256756,0.20633519570832526,12.776420182227486
fda003991f1ff8e1d0df4ada79d6c31fae1ad7d44f415b6d7ad894de8ba35b8d,Cy,YC,0.05068047776182545,0.03611529413909594,0.09997483035168009,4.826702434886854,0.02379559589083326,0.01900934392783599,0.05212918149009427,4.778055172504709
fda003991f1ff8e1d0df4ada79d6c31fae1ad7d44f415b6d7ad894de8ba35b8d,BY,YB,0.022179498287351957,0.01860128845374308,0.04678422545776777,5.269263487822928,0.010744298055338997,0.008257945558444202,0.030589914768084148,1.9833154844848537
fda003991f1ff8e1d0df4ada79d6c31fae1ad7d44f415b6d7ad894de8ba35b8d,WY,YW,0.028961938962446174,0.024857515051437986,0.04407107255124543,1.4402580232959088,0.053627233996206225,0.04604778616946264,0.08604842556555603,2.860559099666384
fda003991f1ff8e1d0df4ada79d6c31fae1ad7d44f415b6d7ad894de8ba35b8d,CY,YC,0.025888547234398474,0.022164903304528857,0.058735985393534196,5.094055024150183,0.025384321726129828,0.02277077381617659,0.05403573568792586,5.589525855914823
fda003991f1ff8e1d0df4ada79d6c31fae1ad7d44f415b6d7ad894de8ba35b8d,bY,YB,0.037549843847365746,0.031115880988318585,0.0807593288831992,6.164998401333669,0.018938747318866682,0.0138333398192001,0.05026951499655215,2.72521880484002
fda003991f1ff8e1d0df4ada79d6c31fae1ad7d44f415b6d7ad894de8ba35b8d,wY,YW,0.043239376537583696,0.03770035027186986,0.06372599932170797,2.548217916494174,0.06651084220882093,0.05678877624489905,0.10170899727162197,3.777658175698012
fda003991f1ff8e1d0df4ada79d6c31fae1ad7d44f415b6d7ad894de8ba35b8d,cY,YC,0.05125866591515516,0.03219616773955349,0.14377734973918876,2.5380447523954612,0.02534207285006275,0.01984388313710322,0.05040772824180795,2.535432550685214
fda003991f1ff8e1d0df4ada79d6c31fae1ad7d44f415b6d7ad894de8ba35b8d,Y,pure,2.5173261180780693e-17,8.953411488912552e-18,1.1102230246251565e-16,0.0,2.5173261180780693e-17,8.953411488912552e-18,1.1102230246251565e-16,0.0
a2d5a165e3ff8ca1afcb8edb30567cc6016eb158daee0084be6579a8369abe8d,B,pure,1.035223079289144e-17,6.043552755015973e-18,2.7755575615628914e-17,0.0,1.035223079289144e-17,6.043552755015973e-18,2.7755575615628914e-17,0.0
a2d5a165e3ff8ca1afcb8edb30567cc6016eb158daee0084be6579a8369abe8d,Bw,BW,0.015691970431721085,0.011605916224808844,0.04407714705779739,1.5916179690090582,0.015387857131092454,0.010583858563889725,0.04533169385165378,2.6596581346498045
a2d5a165e3ff8ca1afcb8edb30567cc6016eb158daee0084be6579a8369abe8d,BW,BW,0.019789667465576966,0.016006373237229605,0.04790441784647265,3.452161698180942,0.014068742385191957,0.0109722399019679,0.029250183576255404,4.601273536613606
a2d5a165e3ff8ca1afcb8edb30567cc6016eb158daee0084be6579a8369abe8d,bW,BW,0.0334650671119016,0.026254404823997286,0.07608130797817891,5.19230258127035,0.024406617250022834,0.01977795898538291,0.05989467978446113,4.30544718705166
a2d5a165e3ff8ca1afcb8edb30567cc6016eb158daee0084be6579a8369abe8d,W,pure,3.988038833097616e-17,1.4325458382260084e-17,1.1102230246251565e-16,0.0,3.988038833097616e-17,1.4325458382260084e-17,1.1102230246251565e-16,0.0
a2d5a165e3ff8ca1afcb8edb30567cc6016eb158daee0084be6579a8369abe8d,Bc,CB,0.01761162364691964,0.014449862322545061,0.033942084399409135,6.857683171875138,0.01145568635105389,0.009742882160927826,0.019938976539494863,3.1121223416525776
a2d5a165e3ff8ca1afcb8edb30567cc6016eb158daee0084be6579a8369abe8d,Wc,CW,0.06059483890903296,0.03876067302584547,0.14073026186204413,3.7183308646746833,0.029327608967390156,0.019812659001013498,0.07508670409841806,2.344965280662701
a2d5a165e3ff8ca1afcb8edb30567cc6016eb158daee0084be6579a8369abe8d,BC,CB,0.020448862196809338,0.01612885937817434,0.04392751070915052,5.105396673643242,0.01279414762639574,0.011550681137480734,0.021780811568886144,3.4704929183025466
a2d5a165e3ff8ca1afcb8edb30567cc6016eb158daee0084be6579a8369abe8d,WC,CW,0.020542646160341054,0.015312721712196478,0.04927672200940936,2.157487063656677,0.01932503282562197,0.012552263646048304,0.06454029537202732,1.2701703407606824
a2d5a165e3ff8ca1afcb8edb30567cc6016eb158daee0084be6579a8369abe8d,bC,CB,0.026332693444200903,0.02266488250044426,0.04943581674616554,7.409992587209662,0.013510127239534308,0.009675906523536533,0.036498577922422344,4.782200650537147
a2d5a165e3ff8ca1afcb8edb30567cc6016eb158daee0084be6579a8369abe8d,wC,CW,0.027586900344135884,0.01744322891329291,0.06297922911502829,2.2841171616761766,0.007545952624592022,0.00635124295517379,0.020964906771485103,1.5488033411471611
a2d5a165e3ff8ca1afcb8edb30567cc6016eb158daee0084be6579a8369abe8d,C,pure,1.8485054725310808e-17,8.058070340021298e-18,5.551115123125783e-17,7.932118828604427e-15,1.8485054725310808e-17,8.058070340021298e-18,5.551115123125783e-17,7.932118828604427e-15
a2d5a165e3ff8ca1afcb8edb30567cc6016eb158daee0084be6579a8369abe8d,By,YB,0.015266427889026544,0.01325384199799138,0.03301570502163981,2.7911798597658506,0.012297016733929545,0.010609444241740451,0.029133376662859395,5.43268438783986
a2d5a165e3ff8ca1afcb8edb30567cc6016eb158daee0084be6579a8369abe8d,Wy,YW,0.1499796862271323,0.12176305863662013,0.2407498068966688,13.793086925100877,0.12686392708045424,0.10239214272363063,0.2063978469053106,12.778234464880612
a2d5a165e3ff8ca1afcb8edb30567cc6016eb158daee0084be6579a8369abe8d,Cy,YC,0.05024441966628807,0.03583977355420203,0.09891386451871831,4.800854231075236,0.0240431326672089,0.019124521881230965,0.05306501113619971,4.779696827362542
a2d5a165e3ff8ca1afcb8edb30567cc6016eb158daee0084be6579a8369abe8d,WY,YW,0.029745719330257034,0.025364641320837454,0.046237573976347424,1.4146874329250176,0.053578256727944244,0.046050655894808,0.08556647952925145,2.868438768847918
a2d5a165e3ff8ca1afcb8edb30567cc6016eb158daee0084be6579a8369abe8d,CY,YC,0.025214552133757454,0.02165417149856544,0.0573395022188512,5.116404889968469,0.02528637855413903,0.022638541866379053,0.052993141416008194,5.602681591123469
a2d5a165e3ff8ca1afcb8edb30567cc6016eb158daee0084be6579a8369abe8d,bY,YB,0.039598776191351714,0.0313150914374448,0.08577883027406347,6.075260836686981,0.019647390566813257,0.012519785328883317,0.058129720629634674,1.0326035301193937
a2d5a165e3ff8ca1afcb8edb30567cc6016eb158daee0084be6579a8369abe8d,wY,YW,0.04413257392459103,0.03839663728178154,0.06444553754366766,2.533513978540137,0.06674577718757516,0.057028107126647555,0.10164172491268386,3.7877084546348043
a2d5a165e3ff8ca1afcb8edb30567cc6016eb158daee0084be6579a8369abe8d,cY,YC,0.050247356624705496,0.03186929633832722,0.1420581049384142,2.663120665592297,0.025158234623194598,0.019709714376024,0.04955001165208184,2.6205404733124618
a2d5a165e3ff8ca1afcb8edb30567cc6016eb158daee0084be6579a8369abe8d,Y,pure,2.5662108008416524e-17,9.848752637803809e-18,1.1102230246251565e-16,0.0,2.5662108008416524e-17,9.848752637803809e-18,1.1102230246251565e-16,0.0
917a0467dbe34467f8ae55a28df86ea53be7e0aa918e91a9e046e7feec9194d0,B,pure,1.0864661410242736e-17,6.715058616684415e-18,2.7755575615628914e-17,0.0,1.0864661410242736e-17,6.715058616684415e-18,2.7755575615628914e-17,0.0
917a0467dbe34467f8ae55a28df86ea53be7e0aa918e91a9e046e7feec9194d0,Bw,BW,0.015508672599670018,0.011432277605621599,0.043751799806842906,1.59445154844225,0.015189974796255869,0.0102753536799437,0.045794144192954994,2.5686009307816846
917a0467dbe34467f8ae55a28df86ea53be7e0aa918e91a9e046e7feec9194d0,BW,BW,0.01917765327110472,0.015770463454192554,0.044078136301865564,3.6465915996045286,0.013949614777450773,0.011018085027131991,0.02820664443645675,4.591468209992033
917a0467dbe34467f8ae55a28df86ea53be7e0aa918e91a9e046e7feec9194d0,bW,BW,0.032350085665170565,0.025428787413179367,0.07346322942470326,5.3117922048854105,0.023926768952267127,0.019543751716857457,0.0582783356004974,4.434660147610585
917a0467dbe34467f8ae55a28df86ea53be7e0aa918e91a9e046e7feec9194d0,W,pure,3.988038833097616e-17,1.4325458382260084e-17,1.1102230246251565e-16,0.0,3.988038833097616e-17,1.4325458382260084e-17,1.1102230246251565e-16,0.0
917a0467dbe34467f8ae55a28df86ea53be7e0aa918e91a9e046e7feec9194d0,Bc,CB,0.0176164090549163,0.014491522018063772,0.03390102756407072,6.884483146425761,0.0114128333803147,0.00968380762872123,0.020811635654316873,3.040130537225851
917a0467dbe34467f8ae55a28df86ea53be7e0aa918e91a9e046e7feec9194d0,Wc,CW,0.06110280284647171,0.0392132929769537,0.14147379610114247,3.6884274658703697,0.02955976979450018,0.02005548239997723,0.07533479728611253,2.3619820824671756
917a0467dbe34467f8ae55a28df86ea53be7e0aa918e91a9e046e7feec9194d0,BC,CB,0.021284399782317165,0.016699018374551358,0.046117993230413795,5.1396607529562734,0.012813510842028147,0.011542308633367105,0.021415160677723588,3.483829771502104
917a0467dbe34467f8ae55a28df86ea53be7e0aa918e91a9e046e7feec9194d0,WC,CW,0.02088844697249593,0.015537775660598054,0.04984439827793041,2.168571703247186,0.019390434851744003,0.01264134563837396,0.0645815552443808,1.24275607925695
917a0467dbe34467f8ae55a28df86ea53be7e0aa918e91a9e046e7feec9194d0,bC,CB,0.027022119362082906,0.02334951106803305,0.04941476554153469,7.434375415076281,0.01369083980451607,0.009870342228054793,0.036584854613220155,4.788341466162847
917a0467dbe34467f8ae55a28df86ea53be7e0aa918e91a9e046e7feec9194d0,wC,CW,0.0277522604650966,0.017593346121794588,0.06334123147094006,2.2794433608301734,0.0076584657111954,0.006414220617352895,0.02100117143999858,1.5676465034694984
917a0467dbe34467f8ae55a28df86ea53be7e0aa918e91a9e046e7feec9194d0,C,pure,1.8358587643600646e-17,7.834235052798484e-18,5.551115123125783e-17,7.932118828604427e-15,1.8358587643600646e-17,7.834235052798484e-18,5.551115123125783e-17,7.932118828604427e-15
917a0467dbe34467f8ae55a28df86ea53be7e0aa918e91a9e046e7feec9194d0,By,YB,0.014666402551932993,0.01274361063745463,0.032794029654194534,2.7442271608754494,0.012761209050668826,0.01155990365874753,0.019096687849907423,5.680439074946273
917a0467dbe34467f8ae55a28df86ea53be7e0aa918e91a9e046e7feec9194d0,Wy,YW,0.15049682128559053,0.12244831382454564,0.24133363442447464,13.772591851454763,0.12664183547959723,0.10231361098655724,0.20623516694483512,12.760624697090243
917a0467dbe34467f8ae55a28df86ea53be7e0aa918e91a9e046e7feec9194d0,Cy,YC,0.05079346358935104,0.0361674118054798,0.10020878798284016,4.820003902552289,0.023752782829855067,0.018980760431388775,0.05196420758497555,4.779380889755111
917a0467dbe34467f8ae55a28df86ea53be7e0aa918e91a9e046e7feec9194d0,BY,YB,0.02181075954519874,0.01842665983302513,0.046195458968183625,5.090775710560385,0.01092376962209702,0.00944580490130834,0.021791918325604592,2.5501912339914994
917a0467dbe34467f8ae55a28df86ea53be7e0aa918e91a9e046e7feec9194d0,WY,YW,0.028887597764468247,0.02483939737714953,0.04403348519181849,1.4001978095045062,0.053671405197735944,0.04622778527980032,0.085762930290613,2.8710090453718293
917a0467dbe34467f8ae55a28df86ea53be7e0aa918e91a9e046e7feec9194d0,CY,YC,0.026061338078638727,0.022243429519054125,0.059312185195869116,5.097681903920876,0.02539986735128295,0.022782978966422427,0.05414194497418212,5.596918342670331
917a0467dbe34467f8ae55a28df86ea53be7e0aa918e91a9e046e7feec9194d0,bY,YB,0.036523515226443,0.02985566483382647,0.07962606683623294,5.759212523939724,0.019063625984125757,0.013067749778115338,0.05267567368598969,1.6119900776196732
917a0467dbe34467f8ae55a28df86ea53be7e0aa918e91a9e046e7feec9194d0,wY,YW,0.04313903598304634,0.03760164915298984,0.06378811536621487,2.522801963435103,0.06653351257517105,0.05684842828318391,0.10152490764333333,3.797663644913789
917a0467dbe34467f8ae55a28df86ea53be7e0aa918e91a9e046e7feec9194d0,cY,YC,0.05160650955327281,0.03241024724377921,0.1444793634573791,2.578272154031395,0.025467755432991797,0.019936516761292686,0.050725578780150715,2.5474242564071
917a0467dbe34467f8ae55a28df86ea53be7e0aa918e91a9e046e7feec9194d0,Y,pure,2.5662108008416524e-17,9.848752637803809e-18,1.1102230246251565e-16,0.0,2.5662108008416524e-17,9.848752637803809e-18,1.1102230246251565e-16,0.0
0ebde12d524a338afe400c8d9dd249cccb14974eb8041412729185b3bcd97f65,B,pure,1.0864661410242736e-17,6.715058616684415e-18,2.7755575615628914e-17,0.0,1.0864661410242736e-17,6.715058616684415e-18,2.7755575615628914e-17,0.0
0ebde12d524a338afe400c8d9dd249cccb14974eb8041412729185b3bcd97f65,Bw,BW,0.015489902942044963,0.011380412166093796,0.04381413012916019,1.599536332829909,0.01512441105385206,0.01015396966563472,0.04586745141765314,2.5377744593689076
0ebde12d524a338afe400c8d9dd249cccb14974eb8041412729185b3bcd97f65,BW,BW,0.018793804604547628,0.015563255385384136,0.043168112561378355,3.708570080312501,0.01383840534543193,0.010986252890559173,0.02791087241848525,4.597970053567298
0ebde12d524a338afe400c8d9dd249cccb14974eb8041412729185b3bcd97f65,bW,BW,0.031816837747374524,0.025029590704837616,0.07198587576363552,5.360293072724987,0.023669677465614734,0.019415719736817345,0.05709941674669068,4.50136483199238
0ebde12d524a338afe400c8d9dd249cccb14974eb8041412729185b3bcd97f65,W,pure,3.988038833097616e-17,1.4325458382260084e-17,1.1102230246251565e-16,0.0,3.988038833097616e-17,1.4325458382260084e-17,1.1102230246251565e-16,0.0
0ebde12d524a338afe400c8d9dd249cccb14974eb8041412729185b3bcd97f65,Bc,CB,0.017219469411214022,0.014039838191600582,0.03358594245495098,6.579334040630042,0.011147162143162742,0.00946681138250573,0.0209542535631215,2.664913342918772
0ebde12d524a338afe400c8d9dd249cccb14974eb8041412729185b3bcd97f65,Wc,CW,0.061639881240866834,0.040613908728665375,0.1423309059563524,4.066639922175107,0.0300384069791863,0.02087440089835203,0.07601190357767579,2.506379469920425
0ebde12d524a338afe400c8d9dd249cccb14974eb8041412729185b3bcd97f65,BC,CB,0.020646566457641954,0.01629081242973326,0.044379782779764954,5.14033299187798,0.012915654689223136,0.011722127226366987,0.021031490880975556,3.4058444729426123
0ebde12d524a338afe400c8d9dd249cccb14974eb8041412729185b3bcd97f65,WC,CW,0.020942512194552326,0.014870154686612529,0.050507831407202386,2.0319043600691487,0.019569095307418943,0.012911848340339946,0.06529760241644789,1.3774896720024525
0ebde12d524a338afe400c8d9dd249cccb14974eb8041412729185b3bcd97f65,bC,CB,0.026575028859645144,0.02298214357986158,0.050083611854677364,7.420788309312154,0.013820082471811334,0.00993672065753331,0.03726571509301986,4.630792104649662
0ebde12d524a338afe400c8d9dd249cccb14974eb8041412729185b3bcd97f65,wC,CW,0.027983020015197056,0.018077008786264774,0.0637684159133618,2.4866842724962988,0.00756199350327677,0.006098093889858946,0.021627869308424974,1.416902176858138
0ebde12d524a338afe400c8d9dd249cccb14974eb8041412729185b3bcd97f65,C,pure,1.9347191106398864e-17,9.624917350580995e-18,5.551115123125783e-17,7.932118828604427e-15,1.9347191106398864e-17,9.624917350580995e-18,5.551115123125783e-17,7.932118828604427e-15
0ebde12d524a338afe400c8d9dd249cccb14974eb8041412729185b3bcd97f65,By,YB,0.014391303903642785,0.012422422809088233,0.03252837411643236,2.7416697899652918,0.01242817611051857,0.011248673402076272,0.019212890876823416,5.619536026690672
0ebde12d524a338afe400c8d9dd249cccb14974eb8041412729185b3bcd97f65,Wy,YW,0.15074540326574898,0.12281332919800987,0.24138891049894873,13.78155030327189,0.1264958656433492,0.10223962953692922,0.2061945756601361,12.751642908044444
0ebde12d524a338afe400c8d9dd249cccb14974eb8041412729185b3bcd97f65,Cy,YC,0.05112040452433098,0.03562284574280154,0.10150652907617091,4.498536091734377,0.019288391866400842,0.015057327688769235,0.04497029873312297,3.328955747900647
0ebde12d524a338afe400c8d9dd249cccb14974eb8041412729185b3bcd97f65,BY,YB,0.020901146685808645,0.01771140989014586,0.04399006950104771,5.003663455769705,0.010984419619265037,0.00953310194947313,0.022237383557494453,2.574626091494815
0ebde12d524a338afe400c8d9dd249cccb14974eb8041412729185b3bcd97f65,WY,YW,0.028263032528650953,0.024248455177461707,0.04382027554503232,1.3426213595829763,0.053715116432780735,0.04625670450072858,0.08619722441666289,2.869970814298293
0ebde12d524a338afe400c8d9dd249cccb14974eb8041412729185b3bcd97f65,bY,YB,0.034818360266985204,0.02885702347151581,0.07540492291039494,5.616347517945804,0.01870080536141877,0.012846329426682816,0.05276397201408929,1.5524697508061185
0ebde12d524a338afe400c8d9dd249cccb14974eb8041412729185b3bcd97f65,wY,YW,0.042619971110080535,0.037062024352336756,0.06351908736321632,2.4965814826148622,0.06641104442330394,0.05674961701152683,0.10164056324760284,3.8023370817241315
0ebde12d524a338afe400c8d9dd249cccb14974eb8041412729185b3bcd97f65,cY,YC,0.05271906883264347,0.030799213808750173,0.14786432591886178,2.7537213848668265,0.022281327608562673,0.017630149917756407,0.04574279570557582,4.79233521384157
0ebde12d524a338afe400c8d9dd249cccb14974eb8041412729185b3bcd97f65,Y,pure,2.5662108008416524e-17,9.848752637803809e-18,1.1102230246251565e-16,0.0,2.5662108008416524e-17,9.848752637803809e-18,1.1102230246251565e-16,0.0
a5aa271f279e40d8fafa475ddecc326cc1f82ea0cab783c182219a8bb06c49cb,B,pure,1.0864661410242736e-17,6.715058616684415e-18,2.7755575615628914e-17,0.0,1.0864661410242736e-17,6.715058616684415e-18,2.7755575615628914e-17,0.0
a5aa271f279e40d8fafa475ddecc326cc1f82ea0cab783c182219a8bb06c49cb,Bw,BW,0.015381669928279707,0.011252417814115956,0.043711573012187976,1.5914606853371185,0.015079572071642124,0.010058236676483373,0.04602381416662843,2.4787424372221416
a5aa271f279e40d8fafa475ddecc326cc1f82ea0cab783c182219a8bb06c49cb,BW,BW,0.018465457390993496,0.015363881637361465,0.04218308465519303,3.681188670409211,0.013561539441721567,0.010818286295026057,0.027051123605669844,4.517684174717492
a5aa271f279e40d8fafa475ddecc326cc1f82ea0cab783c182219a8bb06c49cb,bW,BW,0.03122933945467248,0.024666024554261434,0.07005713043490622,5.3315939213848615,0.023138950905454016,0.018990445367534907,0.0551220691526577,4.443371842724015
a5aa271f279e40d8fafa475ddecc326cc1f82ea0cab783c182219a8bb06c49cb,W,pure,3.988038833097616e-17,1.4325458382260084e-17,1.1102230246251565e-16,0.0,3.988038833097616e-17,1.4325458382260084e-17,1.1102230246251565e-16,0.0
a5aa271f279e40d8fafa475ddecc326cc1f82ea0cab783c182219a8bb06c49cb,Bc,CB,0.01763231634344925,0.014238493707523038,0.034092821451547725,6.950303382612463,0.011283881279951143,0.009589980778381524,0.02071833702148601,2.9840961487338777
a5aa271f279e40d8fafa475ddecc326cc1f82ea0cab783c182219a8bb06c49cb,Wc,CW,0.06176621986009429,0.03936173854162933,0.14262956022600864,3.5503905859280693,0.029703004523319466,0.0200227780437136,0.07552620487043732,2.258665817136378
a5aa271f279e40d8fafa475ddecc326cc1f82ea0cab783c182219a8bb06c49cb,BC,CB,0.020653883384515476,0.016522510788350587,0.0440005212638265,5.136956364246946,0.012781506333254592,0.011604725390421174,0.020623790636416214,3.456744594901471
a5aa271f279e40d8fafa475ddecc326cc1f82ea0cab783c182219a8bb06c49cb,WC,CW,0.021470282300152705,0.016141960019571012,0.05074131253627445,2.2482638532242913,0.019426104673036754,0.012629604887162114,0.06437737832373858,1.2183339702352733
a5aa271f279e40d8fafa475ddecc326cc1f82ea0cab783c182219a8bb06c49cb,bC,CB,0.02660832336382252,0.02315024376348976,0.04937544318425063,7.441594284213618,0.013674090119978865,0.009715253729804273,0.0365745929936063,4.751648086654612
a5aa271f279e40d8fafa475ddecc326cc1f82ea0cab783c182219a8bb06c49cb,wC,CW,0.02796864245636224,0.01763904648691743,0.06391982234865712,2.2041974765964922,0.007929152743390152,0.00671777199282103,0.020820078398252617,1.6475794935930208
a5aa271f279e40d8fafa475ddecc326cc1f82ea0cab783c182219a8bb06c49cb,C,pure,1.8358587643600646e-17,7.834235052798484e-18,5.551115123125783e-17,7.932118828604427e-15,1.8358587643600646e-17,7.834235052798484e-18,5.551115123125783e-17,7.932118828604427e-15
a5aa271f279e40d8fafa475ddecc326cc1f82ea0cab783c182219a8bb06c49cb,By,YB,0.014308230281407317,0.012299351411054111,0.032858695531969045,2.7287399514055957,0.012358052598157924,0.011241382528119228,0.018821690559725122,5.512287009658351
a5aa271f279e40d8fafa475ddecc326cc1f82ea0cab783c182219a8bb06c49cb,Wy,YW,0.15088956624072936,0.12277832557899819,0.24136855748430852,13.778145537849015,0.12639023275364256,0.10214407041151616,0.2060229693263902,12.739158332205603
a5aa271f279e40d8fafa475ddecc326cc1f82ea0cab783c182219a8bb06c49cb,BY,YB,0.020599431241198944,0.01755965686648587,0.04278965066972777,5.039782176800855,0.010767713316172772,0.009383501868228858,0.021769088884311852,2.393601430684637
a5aa271f279e40d8fafa475ddecc326cc1f82ea0cab783c182219a8bb06c49cb,WY,YW,0.028100062018308718,0.02434832670403391,0.043340316204873996,1.4161958345442491,0.05373628735859589,0.0462690089085602,0.0862117194145694,2.86618887629968
a5aa271f279e40d8fafa475ddecc326cc1f82ea0cab783c182219a8bb06c49cb,CY,YC,0.02674680559250284,0.022486178385428244,0.062161688166089246,4.882015809565591,0.021454995688063038,0.01851911574402274,0.05922271327245976,4.835543076197881
a5aa271f279e40d8fafa475ddecc326cc1f82ea0cab783c182219a8bb06c49cb,bY,YB,0.03418540123626863,0.02837477835854728,0.07229013222369374,5.669103909384268,0.01805183039523617,0.012493418656865677,0.05142698762294122,1.6228741708862053
a5aa271f279e40d8fafa475ddecc326cc1f82ea0cab783c182219a8bb06c49cb,wY,YW,0.04230178113548866,0.03692277929456455,0.06264100967147102,2.5323310964832184,0.06631851927038997,0.05662558758557826,0.10117144165210212,3.7869226510283034
a5aa271f279e40d8fafa475ddecc326cc1f82ea0cab783c182219a8bb06c49cb,cY,YC,0.05339700035999861,0.03392429492914263,0.1478895813008898,2.6859818431069438,0.025069269438699898,0.02062556210886655,0.05734141819789573,2.4261639789375784
a5aa271f279e40d8fafa475ddecc326cc1f82ea0cab783c182219a8bb06c49cb,Y,pure,2.5662108008416524e-17,9.848752637803809e-18,1.1102230246251565e-16,0.0,2.5662108008416524e-17,9.848752637803809e-18,1.1102230246251565e-16,0.0
ee839c7e165ef6bbcc070b780bddd655af21a0f0311bf32a9d6f8abc3c5bb9e5,B,pure,1.0648068352018058e-17,6.4912233294616e-18,2.7755575615628914e-17,0.0,1.0648068352018058e-17,6.4912233294616e-18,2.7755575615628914e-17,0.0
ee839c7e165ef6bbcc070b780bddd655af21a0f0311bf32a9d6f8abc3c5bb9e5,Bw,BW,0.01576008043830365,0.01140060590497457,0.04413793733377633,1.4928339535322883,0.015488388851702792,0.010774036538666746,0.04338280771310779,2.691102463129465
ee839c7e165ef6bbcc070b780bddd655af21a0f0311bf32a9d6f8abc3c5bb9e5,BW,BW,0.021181524388618506,0.016477943914684278,0.05465040164153688,2.8131980782706365,0.01477137728112034,0.011125322340772641,0.034913319371022156,4.493741220494615
ee839c7e165ef6bbcc070b780bddd655af21a0f0311bf32a9d6f8abc3c5bb9e5,bW,BW,0.0346477611280471,0.026240796976178576,0.08551410828540107,4.340918247514687,0.025318879702065245,0.01995334835024178,0.06532417253959474,3.7051627454992024
ee839c7e165ef6bbcc070b780bddd655af21a0f0311bf32a9d6f8abc3c5bb9e5,W,pure,3.988038833097616e-17,1.4325458382260084e-17,1.1102230246251565e-16,0.0,3.988038833097616e-17,1.4325458382260084e-17,1.1102230246251565e-16,0.0
ee839c7e165ef6bbcc070b780bddd655af21a0f0311bf32a9d6f8abc3c5bb9e5,Bc,CB,0.01764530949223638,0.01411255929851888,0.03397268309778766,6.917871452931674,0.011322894112998265,0.009692747717740723,0.018204690112783944,3.322241361831673
ee839c7e165ef6bbcc070b780bddd655af21a0f0311bf32a9d6f8abc3c5bb9e5,Wc,CW,0.05964078472320393,0.037941500054287654,0.13882100944505404,3.689354217608361,0.028849239855336974,0.019353786992308355,0.07368478430288955,2.319869436819294
ee839c7e165ef6bbcc070b780bddd655af21a0f0311bf32a9d6f8abc3c5bb9e5,BC,CB,0.017951525258481454,0.014671736777903486,0.03547537246479354,5.17046154934503,0.012672296785372657,0.011522607634318378,0.02194085569869625,3.6202977564471133
ee839c7e165ef6bbcc070b780bddd655af21a0f0311bf32a9d6f8abc3c5bb9e5,WC,CW,0.019915304082307832,0.014911757132475325,0.047472717255091945,2.1471239422519064,0.01920749348460663,0.012469048835648871,0.06435734879539812,1.2639679428229806
ee839c7e165ef6bbcc070b780bddd655af21a0f0311bf32a9d6f8abc3c5bb9e5,bC,CB,0.024568538319106183,0.02088694047338848,0.04898045516490592,7.445730961305819,0.013275891357576702,0.00928400307180653,0.03628076011153614,4.932351655356042
ee839c7e165ef6bbcc070b780bddd655af21a0f0311bf32a9d6f8abc3c5bb9e5,wC,CW,0.027286016964074348,0.017253758141423846,0.06258200030631056,2.276746011061691,0.007305714396808346,0.00619409338918696,0.020803443266910526,1.5165155250161737
ee839c7e165ef6bbcc070b780bddd655af21a0f0311bf32a9d6f8abc3c5bb9e5,C,pure,1.8358587643600646e-17,7.834235052798484e-18,5.551115123125783e-17,7.932118828604427e-15,1.8358587643600646e-17,7.834235052798484e-18,5.551115123125783e-17,7.932118828604427e-15
ee839c7e165ef6bbcc070b780bddd655af21a0f0311bf32a9d6f8abc3c5bb9e5,By,YB,0.019742153938701903,0.0171914046203067,0.03450097534771886,4.384148533786225,0.011301053270318535,0.010080435778789651,0.019426222169229734,3.7498927580576
ee839c7e165ef6bbcc070b780bddd655af21a0f0311bf32a9d6f8abc3c5bb9e5,Wy,YW,0.14894733026210727,0.12040604642117551,0.24091731187076015,13.816145219445751,0.1275051454314168,0.10298600098149313,0.20571171813892186,12.746631842258042
ee839c7e165ef6bbcc070b780bddd655af21a0f0311bf32a9d6f8abc3c5bb9e5,Cy,YC,0.04857683914933908,0.03490527323954951,0.09681032368953046,4.809143693804466,0.02472331712686595,0.019423750153246128,0.055338436001115154,4.742926529363901
ee839c7e165ef6bbcc070b780bddd655af21a0f0311bf32a9d6f8abc3c5bb9e5,BY,YB,0.030118153738710483,0.023362702945043896,0.06450002024670257,6.876282541283888,0.01220458979162769,0.009824972304216213,0.028341363336036804,2.4445965989632428
ee839c7e165ef6bbcc070b780bddd655af21a0f0311bf32a9d6f8abc3c5bb9e5,WY,YW,0.03264275015577049,0.0268552625040711,0.05971009957418072,1.4055892390113207,0.05330786984311729,0.04576655658413053,0.08566398307384893,2.8810175623232808
ee839c7e165ef6bbcc070b780bddd655af21a0f0311bf32a9d6f8abc3c5bb9e5,CY,YC,0.02257853763905236,0.020209995710490786,0.04701037979343481,5.133246074716214,0.024950576622559856,0.022373031374230603,0.04970687517182426,5.59825822226585
ee839c7e165ef6bbcc070b780bddd655af21a0f0311bf32a9d6f8abc3c5bb9e5,wY,YW,0.04725189610292172,0.040844430388493516,0.06963481831199436,2.5338009719761256,0.06747989911995908,0.057836362217406886,0.10244805929889356,3.7924010483517896
ee839c7e165ef6bbcc070b780bddd655af21a0f0311bf32a9d6f8abc3c5bb9e5,cY,YC,0.04478122124034032,0.02919628226111429,0.12849665105686237,2.5085184529494065,0.023716559896252775,0.01854330319643051,0.04601365670579627,2.5885032863267035
ee839c7e165ef6bbcc070b780bddd655af21a0f0311bf32a9d6f8abc3c5bb9e5,Y,pure,2.5173261180780693e-17,8.953411488912552e-18,1.1102230246251565e-16,0.0,2.5173261180780693e-17,8.953411488912552e-18,1.1102230246251565e-16,0.0
4e8248a57ee760c737edc1ad3c05c3fc8b819f251a689c8b6faa8302f0cb5f30,B,pure,1.0648068352018058e-17,6.4912233294616e-18,2.7755575615628914e-17,0.0,1.0648068352018058e-17,6.4912233294616e-18,2.7755575615628914e-17,0.0
4e8248a57ee760c737edc1ad3c05c3fc8b819f251a689c8b6faa8302f0cb5f30,Bw,BW,0.015388171735420009,0.011365298524116477,0.04370412950470584,1.6093863184368462,0.015056773880887442,0.010062058810975452,0.04657755117310225,2.4212147823713006
4e8248a57ee760c737edc1ad3c05c3fc8b819f251a689c8b6faa8302f0cb5f30,BW,BW,0.017608482994114317,0.014831301968875513,0.04009897307272007,3.436090502291375,0.01238294994749573,0.009982759222697934,0.02430041855154501,4.143816878311809
4e8248a57ee760c737edc1ad3c05c3fc8b819f251a689c8b6faa8302f0cb5f30,bW,BW,0.030585217283438205,0.024892981614101115,0.06600421511320345,5.198605795217141,0.021594727139491482,0.017690181971983094,0.05007488248778218,3.909759135371447
4e8248a57ee760c737edc1ad3c05c3fc8b819f251a689c8b6faa8302f0cb5f30,W,pure,3.988038833097616e-17,1.4325458382260084e-17,1.1102230246251565e-16,0.0,3.988038833097616e-17,1.4325458382260084e-17,1.1102230246251565e-16,0.0
4e8248a57ee760c737edc1ad3c05c3fc8b819f251a689c8b6faa8302f0cb5f30,Bc,CB,0.017745308099724046,0.014292311407024557,0.03424207742265368,7.472516121237311,0.011522964317453237,0.009902740647168064,0.019490393099355047,3.504234850893259
4e8248a57ee760c737edc1ad3c05c3fc8b819f251a689c8b6faa8302f0cb5f30,Wc,CW,0.06230129332107065,0.03881061522030134,0.14505219537714892,4.180116191703737,0.029838228377704036,0.019171729810546153,0.07693532714468637,2.5752546148843893
4e8248a57ee760c737edc1ad3c05c3fc8b819f251a689c8b6faa8302f0cb5f30,BC,CB,0.018878173742804677,0.015675714336559385,0.038856222170253696,5.404104412725987,0.012749783435556033,0.011493334725374615,0.021769559802838206,3.7176804618313914
4e8248a57ee760c737edc1ad3c05c3fc8b819f251a689c8b6faa8302f0cb5f30,WC,CW,0.022028972572357673,0.01656259416625968,0.05268081358454291,2.5554118826004624,0.019410673456705246,0.012381792950924442,0.06541663874972481,1.124944101135789
4e8248a57ee760c737edc1ad3c05c3fc8b819f251a689c8b6faa8302f0cb5f30,bC,CB,0.02534630069311625,0.021837012065624686,0.0484895952470987,7.545012734268077,0.01377211251308059,0.009702785154864864,0.03649259203457269,4.983251509091365
4e8248a57ee760c737edc1ad3c05c3fc8b819f251a689c8b6faa8302f0cb5f30,wC,CW,0.028205867796378143,0.01736091356831506,0.06519951090748344,2.3221367124192724,0.008292938616588193,0.007195876886348691,0.02173171373761451,1.715651274496329
4e8248a57ee760c737edc1ad3c05c3fc8b819f251a689c8b6faa8302f0cb5f30,C,pure,1.8358587643600646e-17,7.834235052798484e-18,5.551115123125783e-17,7.932118828604427e-15,1.8358587643600646e-17,7.834235052798484e-18,5.551115123125783e-17,7.932118828604427e-15
4e8248a57ee760c737edc1ad3c05c3fc8b819f251a689c8b6faa8302f0cb5f30,By,YB,0.013706588900256876,0.011199292139327273,0.03288077027618774,2.8181157256276648,0.011701247252147677,0.010734965537010255,0.018385039914489157,4.940109337560845
4e8248a57ee760c737edc1ad3c05c3fc8b819f251a689c8b6faa8302f0cb5f30,Wy,YW,0.15102562915190906,0.12308254224452495,0.24060382518550738,13.737543204144133,0.1263330349312065,0.1021328288707021,0.20695155810332988,12.731542807741508
4e8248a57ee760c737edc1ad3c05c3fc8b819f251a689c8b6faa8302f0cb5f30,Cy,YC,0.05312592392071489,0.03827272618890071,0.10692238300176721,5.291895409443322,0.022724211648912824,0.019178055048711576,0.04324701039138518,4.815935149771887
4e8248a57ee760c737edc1ad3c05c3fc8b819f251a689c8b6faa8302f0cb5f30,BY,YB,0.019015256427576333,0.016313911128808523,0.04101431444055069,5.468986927180861,0.010686867835723592,0.009603259108754892,0.02266953025299194,1.435776504522701
4e8248a57ee760c737edc1ad3c05c3fc8b819f251a689c8b6faa8302f0cb5f30,WY,YW,0.02760055283585955,0.024026687384690864,0.044106791738421025,1.4264645288160591,0.05379890820755191,0.046188691416475885,0.08769443413027955,2.8401553409879834
4e8248a57ee760c737edc1ad3c05c3fc8b819f251a689c8b6faa8302f0cb5f30,CY,YC,0.027855238649266523,0.021622055195471987,0.06779750345836344,4.428912156241812,0.019870769127330927,0.018018233566544726,0.0365107957492628,4.3918803417025325
4e8248a57ee760c737edc1ad3c05c3fc8b819f251a689c8b6faa8302f0cb5f30,bY,YB,0.03049049120406932,0.026153496602613405,0.06752278547197632,6.362644365080615,0.016898393398543318,0.012017925812966372,0.04993903803938331,2.7428749080881114
4e8248a57ee760c737edc1ad3c05c3fc8b819f251a689c8b6faa8302f0cb5f30,wY,YW,0.04221740163508042,0.036585154365033734,0.06601574447262726,2.5288650234893653,0.06643518841873232,0.05653201354474368,0.10410049234027596,3.760462055649196
4e8248a57ee760c737edc1ad3c05c3fc8b819f251a689c8b6faa8302f0cb5f30,Y,pure,2.5173261180780693e-17,8.953411488912552e-18,1.1102230246251565e-16,0.0,2.5173261180780693e-17,8.953411488912552e-18,1.1102230246251565e-16,0.0
1308d927377ad42ba1b2bcd179b292d160b75ec006b355cdc17b1fa092c6bde9,B,pure,1.0648068352018058e-17,6.4912233294616e-18,2.7755575615628914e-17,0.0,1.0648068352018058e-17,6.4912233294616e-18,2.7755575615628914e-17,0.0
1308d927377ad42ba1b2bcd179b292d160b75ec006b355cdc17b1fa092c6bde9,Bw,BW,0.01526508775093813,0.011258745327656364,0.04287579296007757,1.5411543047162477,0.015149978916235075,0.01026240553618414,0.04559497841360799,2.5366850958208795
1308d927377ad42ba1b2bcd179b292d160b75ec006b355cdc17b1fa092c6bde9,BW,BW,0.018957344252761132,0.015623079321859247,0.0440105298137255,3.5317113462474574,0.014009642592571342,0.010965314983934353,0.02877491490528647,4.53974274556882
1308d927377ad42ba1b2bcd179b292d160b75ec006b355cdc17b1fa092c6bde9,bW,BW,0.03199709862923572,0.02500823985762528,0.07364218923044483,5.12115501463383,0.02397385164471726,0.01954821061042389,0.05892914646244109,4.316660413720729
1308d927377ad42ba1b2bcd179b292d160b75ec006b355cdc17b1fa092c6bde9,W,pure,3.988038833097616e-17,1.4325458382260084e-17,1.1102230246251565e-16,0.0,3.988038833097616e-17,1.4325458382260084e-17,1.1102230246251565e-16,0.0
1308d927377ad42ba1b2bcd179b292d160b75ec006b355cdc17b1fa092c6bde9,Wc,CW,0.06103702840726405,0.03850493183633028,0.1414938050889844,3.0196067851709514,0.029526534809536015,0.019885327893403665,0.07536502813138884,1.9850828152727313
1308d927377ad42ba1b2bcd179b292d160b75ec006b355cdc17b1fa092c6bde9,BC,CB,0.021943778978896697,0.01687327761797056,0.048893039148353384,5.042099416815385,0.011263096225824215,0.009607886072205186,0.02259064746675124,2.5245023167908816
1308d927377ad42ba1b2bcd179b292d160b75ec006b355cdc17b1fa092c6bde9,WC,CW,0.02099824331895166,0.015905933323436677,0.04985977481255888,2.1349503735054833,0.01937747901826629,0.012532151094998773,0.0644854986702651,1.268089815380061
1308d927377ad42ba1b2bcd179b292d160b75ec006b355cdc17b1fa092c6bde9,bC,CB,0.02765232836380661,0.0233308901154777,0.04960657135531023,7.394722650052712,0.014749264849444964,0.011508556039467757,0.03694482353668335,4.425521467929457
1308d927377ad42ba1b2bcd179b292d160b75ec006b355cdc17b1fa092c6bde9,wC,CW,0.02769459274218688,0.017413310286580518,0.06335108194226591,2.0253314868413947,0.007850752067119016,0.0066423726518317515,0.020917483798934322,1.677767336350842
1308d927377ad42ba1b2bcd179b292d160b75ec006b355cdc17b1fa092c6bde9,C,pure,1.8358587643600646e-17,7.834235052798484e-18,5.551115123125783e-17,7.932118828604427e-15,1.8358587643600646e-17,7.834235052798484e-18,5.551115123125783e-17,7.932118828604427e-15
1308d927377ad42ba1b2bcd179b292d160b75ec006b355cdc17b1fa092c6bde9,By,YB,0.024851212961223067,0.018520549485843685,0.04896119137001695,6.148173447183294,0.009294757285718044,0.007994490404317265,0.016334592719153246,7.525678794253269
1308d927377ad42ba1b2bcd179b292d160b75ec006b355cdc17b1fa092c6bde9,Wy,YW,0.15071695338824576,0.12266253976183476,0.24155565662063383,13.77659895342284,0.1265439723349453,0.10214800148343844,0.20635052420842492,12.764029788766809
1308d927377ad42ba1b2bcd179b292d160b75ec006b355cdc17b1fa092c6bde9,Cy,YC,0.05107474464964178,0.03645120685476421,0.10064540622478574,4.927236832095955,0.02361539794989714,0.018899252057992286,0.05163140623850798,4.754000821694086
1308d927377ad42ba1b2bcd179b292d160b75ec006b355cdc17b1fa092c6bde9,BY,YB,0.020976320621741467,0.017478333355319165,0.04529331263693899,5.288663769686461,0.012208315265945052,0.009331953071176353,0.034760498627181946,1.9517057644607267
1308d927377ad42ba1b2bcd179b292d160b75ec006b355cdc17b1fa092c6bde9,WY,YW,0.028367337745174748,0.024366779391477206,0.044008613174995714,1.3730279474482328,0.05370016117790208,0.04620709191256573,0.08610564164623546,2.874714678802519
1308d927377ad42ba1b2bcd179b292d160b75ec006b355cdc17b1fa092c6bde9,CY,YC,0.026270019529519413,0.022259864903333648,0.061027424228740634,4.969757166064501,0.025486860861867307,0.022896860342618754,0.05427504623466817,5.5955344050498335
1308d927377ad42ba1b2bcd179b292d160b75ec006b355cdc17b1fa092c6bde9,bY,YB,0.03539561157088734,0.02976483817557961,0.07789482781368443,6.271618471823891,0.018838346080567992,0.013772563644891931,0.05084591492403316,3.6820101529128975
1308d927377ad42ba1b2bcd179b292d160b75ec006b355cdc17b1fa092c6bde9,wY,YW,0.04269503819137248,0.03716226800424092,0.06367847256123049,2.5110428859642955,0.06643605277760005,0.056799173527009875,0.10160114157701339,3.8058725450442035
1308d927377ad42ba1b2bcd179b292d160b75ec006b355cdc17b1fa092c6bde9,cY,YC,0.0522711394510963,0.03295916581676855,0.14654421396883044,2.3309356815924076,0.025644537740551917,0.02011043375849271,0.051502640057084936,2.4896504898331027
1308d927377ad42ba1b2bcd179b292d160b75ec006b355cdc17b1fa092c6bde9,Y,pure,2.5662108008416524e-17,9.848752637803809e-18,1.1102230246251565e-16,0.0,2.5662108008416524e-17,9.848752637803809e-18,1.1102230246251565e-16,0.0
e8bf55cc8e8d919ee341b207d0428a58cefc382eecb4a81ada84c00123260aa2,B,pure,1.0648068352018058e-17,6.4912233294616e-18,2.7755575615628914e-17,0.0,1.0648068352018058e-17,6.4912233294616e-18,2.7755575615628914e-17,0.0
e8bf55cc8e8d919ee341b207d0428a58cefc382eecb4a81ada84c00123260aa2,Bw,BW,0.015213200519907322,0.0109921603866346,0.043439778790083344,1.552197474087611,0.014956843435324416,0.00987710611273312,0.045934267306943555,2.3543932156526455
e8bf55cc8e8d919ee341b207d0428a58cefc382eecb4a81ada84c00123260aa2,BW,BW,0.017823767071969095,0.01497410811581904,0.040983867037774596,3.6304151388601533,0.013415618169830912,0.010658810865170964,0.027488969539394947,4.40241016901349
e8bf55cc8e8d919ee341b207d0428a58cefc382eecb4a81ada84c00123260aa2,bW,BW,0.03013084370746345,0.02367066113319808,0.06772045047118799,5.193334154529169,0.022801087170310524,0.018701057104389577,0.05358840479478251,4.364536546414482
e8bf55cc8e8d919ee341b207d0428a58cefc382eecb4a81ada84c00123260aa2,W,pure,3.988038833097616e-17,1.4325458382260084e-17,1.1102230246251565e-16,0.0,3.988038833097616e-17,1.4325458382260084e-17,1.1102230246251565e-16,0.0
e8bf55cc8e8d919ee341b207d0428a58cefc382eecb4a81ada84c00123260aa2,Bc,CB,0.018824671562514675,0.016066777306769378,0.03392086700367678,7.378472203778227,0.009688726752177948,0.007795098622974635,0.019110015313444806,2.397206350457259
e8bf55cc8e8d919ee341b207d0428a58cefc382eecb4a81ada84c00123260aa2,Wc,CW,0.06125086990072855,0.03930324733671429,0.13980050592617582,3.6132665951760985,0.029572903879474498,0.02015246068639655,0.07341976055051419,2.3143260845992732
e8bf55cc8e8d919ee341b207d0428a58cefc382eecb4a81ada84c00123260aa2,WC,CW,0.020970210117489972,0.015650335029753264,0.04871690185293265,2.163492773294451,0.019377968715256915,0.012662321809313563,0.06343481878022461,1.2539859326824405
e8bf55cc8e8d919ee341b207d0428a58cefc382eecb4a81ada84c00123260aa2,bC,CB,0.03355639720630356,0.028973857007131648,0.06667218871781383,7.642295057642334,0.014029153807293556,0.010077748641352514,0.034813567287013555,5.244708461627936
e8bf55cc8e8d919ee341b207d0428a58cefc382eecb4a81ada84c00123260aa2,wC,CW,0.027718606030568776,0.01758754321258239,0.06253737093695844,2.2503372966186914,0.007700769602979937,0.006539635288614352,0.020008407466196032,1.5998116642348337
e8bf55cc8e8d919ee341b207d0428a58cefc382eecb4a81ada84c00123260aa2,C,pure,1.8358587643600646e-17,7.834235052798484e-18,5.551115123125783e-17,7.932118828604427e-15,1.8358587643600646e-17,7.834235052798484e-18,5.551115123125783e-17,7.932118828604427e-15
e8bf55cc8e8d919ee341b207d0428a58cefc382eecb4a81ada84c00123260aa2,By,YB,0.024263389528980047,0.018142101594530575,0.04757486887129156,6.1791144357252605,0.009365755528665346,0.008022424288155836,0.017967227455031848,7.507342638006011
e8bf55cc8e8d919ee341b207d0428a58cefc382eecb4a81ada84c00123260aa2,Wy,YW,0.1508947923152943,0.12278600121575022,0.24159315541832305,13.781672238013831,0.1264404186360367,0.10205270019192714,0.20633901512795283,12.760170282751357
e8bf55cc8e8d919ee341b207d0428a58cefc382eecb4a81ada84c00123260aa2,Cy,YC,0.050730305396423904,0.036145705907351396,0.10117822002554622,4.8438115492236635,0.023645518225735164,0.018891189809273977,0.0516275685882287,4.759648746344287
e8bf55cc8e8d919ee341b207d0428a58cefc382eecb4a81ada84c00123260aa2,BY,YB,0.019934338111633393,0.016770789109965285,0.04232219327985806,5.208447975932985,0.011661567699287105,0.009086527044004575,0.0315463659685645,1.944551692756977
e8bf55cc8e8d919ee341b207d0428a58cefc382eecb4a81ada84c00123260aa2,WY,YW,0.028008961080974056,0.02414352735495214,0.04382049288781942,1.3870350113105663,0.05372384536045738,0.04621815949258667,0.08628336336149045,2.8735196833109953
e8bf55cc8e8d919ee341b207d0428a58cefc382eecb4a81ada84c00123260aa2,CY,YC,0.025854039258196765,0.022291669604160614,0.057241458570578385,5.082622012887425,0.025450296919627483,0.022828001036715458,0.05431676320988099,5.627292220435396
e8bf55cc8e8d919ee341b207d0428a58cefc382eecb4a81ada84c00123260aa2,bY,YB,0.03340557067202726,0.02843537602896546,0.07011602617063042,6.136721097388272,0.017395382044757195,0.012905885893088668,0.04756705309790851,3.58297455693795
e8bf55cc8e8d919ee341b207d0428a58cefc382eecb4a81ada84c00123260aa2,wY,YW,0.04232601682803472,0.03686507825625533,0.06311154099719751,2.5192678218139326,0.06633897830795754,0.056701041159295036,0.101350685652278,3.8013902596750255
e8bf55cc8e8d919ee341b207d0428a58cefc382eecb4a81ada84c00123260aa2,cY,YC,0.05113985610727305,0.03219746408751781,0.14193644067339506,2.4408285309800593,0.02528677471593845,0.019744130079178628,0.04906718180244296,2.5109341378011285
e8bf55cc8e8d919ee341b207d0428a58cefc382eecb4a81ada84c00123260aa2,Y,pure,2.5173261180780693e-17,8.953411488912552e-18,1.1102230246251565e-16,0.0,2.5173261180780693e-17,8.953411488912552e-18,1.1102230246251565e-16,0.0
b048bb047c18175edcb50578aa4daf202bb097259146d8d1a40fb31198f00c2e,B,pure,1.035223079289144e-17,6.043552755015973e-18,2.7755575615628914e-17,0.0,1.035223079289144e-17,6.043552755015973e-18,2.7755575615628914e-17,0.0
b048bb047c18175edcb50578aa4daf202bb097259146d8d1a40fb31198f00c2e,Bw,BW,0.015112609091613079,0.01092645542984245,0.0433252459931287,1.5524350818150534,0.01490666586991564,0.009839418501152431,0.04623637699053848,2.310768863963118
b048bb047c18175edcb50578aa4daf202bb097259146d8d1a40fb31198f00c2e,BW,BW,0.017340711644789224,0.014659646721559592,0.03913348112337311,3.550277634279727,0.012778500397553856,0.010227338960638847,0.02598034916801184,4.251421180720995
b048bb047c18175edcb50578aa4daf202bb097259146d8d1a40fb31198f00c2e,bW,BW,0.029456845849430147,0.023383325064246327,0.06413931392914987,5.140331491719382,0.021772874971304212,0.01791735022285517,0.04943242245938191,4.173937869675818
b048bb047c18175edcb50578aa4daf202bb097259146d8d1a40fb31198f00c2e,W,pure,3.988038833097616e-17,1.4325458382260084e-17,1.1102230246251565e-16,0.0,3.988038833097616e-17,1.4325458382260084e-17,1.1102230246251565e-16,0.0
b048bb047c18175edcb50578aa4daf202bb097259146d8d1a40fb31198f00c2e,Bc,CB,0.01930715237106387,0.016443820620110416,0.033925837989885556,6.651640382019417,0.012122468510270663,0.010206912854295752,0.02701656459869123,2.5775649115289028
b048bb047c18175edcb50578aa4daf202bb097259146d8d1a40fb31198f00c2e,Wc,CW,0.06128322491397575,0.039330225797849276,0.13905566826124555,3.4993763345817612,0.029551996539943323,0.020141649137306823,0.07266601684827106,2.258076857569117
b048bb047c18175edcb50578aa4daf202bb097259146d8d1a40fb31198f00c2e,BC,CB,0.03030597617196215,0.021978023346078276,0.07103411080897643,5.146985116427582,0.012345577740868365,0.010245689794710676,0.02716744451469441,3.9594013768834735
b048bb047c18175edcb50578aa4daf202bb097259146d8d1a40fb31198f00c2e,WC,CW,0.021020849882107322,0.01581067404916257,0.048736511897576995,2.1889931469507937,0.019399472719139724,0.012714607272761908,0.06308543843295955,1.226073202511072
b048bb047c18175edcb50578aa4daf202bb097259146d8d1a40fb31198f00c2e,wC,CW,0.027713322167237403,0.01764962009214108,0.06219176660779635,2.2152055449665524,0.0077285239654992,0.00654159081550231,0.01969957692492952,1.6085531952321321
b048bb047c18175edcb50578aa4daf202bb097259146d8d1a40fb31198f00c2e,C,pure,2.7671510074893367e-17,1.2758611371700387e-17,1.1102230246251565e-16,0.0,2.7671510074893367e-17,1.2758611371700387e-17,1.1102230246251565e-16,0.0
b048bb047c18175edcb50578aa4daf202bb097259146d8d1a40fb31198f00c2e,By,YB,0.02410667514362118,0.018045480639910808,0.04774990129376816,6.1617961946290665,0.009300236146892389,0.007926426081564892,0.01900795146913828,7.435275123903286
b048bb047c18175edcb50578aa4daf202bb097259146d8d1a40fb31198f00c2e,Wy,YW,0.15096962090234836,0.1228618274868854,0.2417251076714273,13.78289433205254,0.1264077977547588,0.10204148643423655,0.20629334517045606,12.755705736700497
b048bb047c18175edcb50578aa4daf202bb097259146d8d1a40fb31198f00c2e,Cy,YC,0.05074915253943998,0.03623950528611856,0.10136056808024618,4.881940473267479,0.02358821489047673,0.01886683843292568,0.051570134844957205,4.756720418770068
b048bb047c18175edcb50578aa4daf202bb097259146d8d1a40fb31198f00c2e,BY,YB,0.019594859616248777,0.016591284466592363,0.04124552371787779,5.261731935487707,0.011368801928689349,0.00899184479813315,0.03004082626697291,1.8574676111027628
b048bb047c18175edcb50578aa4daf202bb097259146d8d1a40fb31198f00c2e,WY,YW,0.027893360589923047,0.024049394128737182,0.043783949619408236,1.3833361969693891,0.05373541345606708,0.04622488610766684,0.08652458281554831,2.8724382968721915
b048bb047c18175edcb50578aa4daf202bb097259146d8d1a40fb31198f00c2e,CY,YC,0.025860789386855373,0.022390162561373984,0.05770047033290793,5.043081135409893,0.02544061537923841,0.022880988661660738,0.05361522836792143,5.573743339215618
b048bb047c18175edcb50578aa4daf202bb097259146d8d1a40fb31198f00c2e,bY,YB,0.0327493952421999,0.028179901152836858,0.06798017874379722,6.230854336399086,0.016639855321421856,0.012435419443430682,0.04494708895739982,3.673232078819571
b048bb047c18175edcb50578aa4daf202bb097259146d8d1a40fb31198f00c2e,wY,YW,0.042206944390300184,0.0367595752429739,0.06323681819421934,2.517443962761486,0.0663172678736233,0.05667754001258083,0.10163779475396229,3.800590526439013
b048bb047c18175edcb50578aa4daf202bb097259146d8d1a40fb31198f00c2e,cY,YC,0.05097735787325194,0.0320190121742518,0.14250494480230658,2.308417023867079,0.025100916190431952,0.019584069163326667,0.04892238729255416,2.39281927631541
b048bb047c18175edcb50578aa4daf202bb097259146d8d1a40fb31198f00c2e,Y,pure,2.5173261180780693e-17,8.953411488912552e-18,1.1102230246251565e-16,0.0,2.5173261180780693e-17,8.953411488912552e-18,1.1102230246251565e-16,0.0
3149e58d63cc1bf4d202168f433f84f3fff75ca0178dc5d698ec03a3827548a7,B,pure,1.0648068352018058e-17,6.4912233294616e-18,2.7755575615628914e-17,0.0,1.0648068352018058e-17,6.4912233294616e-18,2.7755575615628914e-17,0.0
3149e58d63cc1bf4d202168f433f84f3fff75ca0178dc5d698ec03a3827548a7,Bw,BW,0.015606520072182105,0.011496491914889242,0.04385267972883711,1.5504254824381174,0.015307686221372133,0.010540374583841787,0.044961383455389164,2.5931580094182602
3149e58d63cc1bf4d202168f433f84f3fff75ca0178dc5d698ec03a3827548a7,BW,BW,0.019378515297970716,0.015611340049097673,0.04695307435406963,3.310254648531846,0.01402193021612551,0.010849570311215648,0.02882114900905508,4.503441951142782
3149e58d63cc1bf4d202168f433f84f3fff75ca0178dc5d698ec03a3827548a7,bW,BW,0.0328208736076791,0.025502619993662264,0.0755251454596148,4.972320967729838,0.024211733160618476,0.019597592353502714,0.059791581495471355,4.147428588902274
3149e58d63cc1bf4d202168f433f84f3fff75ca0178dc5d698ec03a3827548a7,W,pure,3.988038833097616e-17,1.4325458382260084e-17,1.1102230246251565e-16,0.0,3.988038833097616e-17,1.4325458382260084e-17,1.1102230246251565e-16,0.0
3149e58d63cc1bf4d202168f433f84f3fff75ca0178dc5d698ec03a3827548a7,Bc,CB,0.01765157023125265,0.014533391704088183,0.03395357538851564,6.8883766487889835,0.011465441571378354,0.0097488557254376,0.020157697092030358,3.1231899303928334
3149e58d63cc1bf4d202168f433f84f3fff75ca0178dc5d698ec03a3827548a7,Wc,CW,0.06071534084335086,0.03884564206110525,0.14098159294661777,3.7032121285127504,0.02936768848658628,0.0198464549422756,0.07520258264917784,2.336928463021261
3149e58d63cc1bf4d202168f433f84f3fff75ca0178dc5d698ec03a3827548a7,BC,CB,0.020873449475657713,0.01638185975136182,0.045231215569972755,5.13763263814331,0.01278382635489919,0.01151439876324945,0.02171320634219541,3.4795215179392884
3149e58d63cc1bf4d202168f433f84f3fff75ca0178dc5d698ec03a3827548a7,WC,CW,0.020632373367291318,0.015379157579069653,0.0494678029777218,2.1656401108883134,0.019341898739753605,0.012570917304660608,0.06450414598988097,1.2622503626495236
3149e58d63cc1bf4d202168f433f84f3fff75ca0178dc5d698ec03a3827548a7,bC,CB,0.02666747674625562,0.02297061546865553,0.049371416973192306,7.430420354211141,0.01352244953857014,0.009717484065255353,0.03639013576710231,4.787246529419783
3149e58d63cc1bf4d202168f433f84f3fff75ca0178dc5d698ec03a3827548a7,wC,CW,0.02762831410836459,0.017483364124930224,0.06310071984293208,2.2807567721618724,0.007579054513909865,0.006374613886867895,0.020933231218196124,1.5529475567442113
3149e58d63cc1bf4d202168f433f84f3fff75ca0178dc5d698ec03a3827548a7,C,pure,1.8358587643600646e-17,7.834235052798484e-18,5.551115123125783e-17,7.932118828604427e-15,1.8358587643600646e-17,7.834235052798484e-18,5.551115123125783e-17,7.932118828604427e-15
3149e58d63cc1bf4d202168f433f84f3fff75ca0178dc5d698ec03a3827548a7,By,YB,0.025961014427340168,0.019466013315685107,0.051943928552873025,6.169140804789569,0.007344323599544687,0.006514632589815003,0.012820917422007666,7.9556241665589615
3149e58d63cc1bf4d202168f433f84f3fff75ca0178dc5d698ec03a3827548a7,Wy,YW,0.15023120139324778,0.1219246085653721,0.24099363551835917,13.807024769405928,0.12677619338697413,0.10217816145378764,0.2065524226320501,12.797052814036775
3149e58d63cc1bf4d202168f433f84f3fff75ca0178dc5d698ec03a3827548a7,Cy,YC,0.050571760816515945,0.03602431686247779,0.09923475389100378,4.806731517882258,0.02393737066652541,0.019087339541487346,0.052711339067157525,4.79575855018391
3149e58d63cc1bf4d202168f433f84f3fff75ca0178dc5d698ec03a3827548a7,WY,YW,0.029162188046075593,0.024856691573225148,0.044425098579278566,1.40406691290881,0.05360348994519398,0.04601857908958825,0.0856256321815616,2.8759240245066855
3149e58d63cc1bf4d202168f433f84f3fff75ca0178dc5d698ec03a3827548a7,CY,YC,0.025804343997201416,0.022009642761517862,0.0599606739184706,5.1152520870280735,0.025329436258178597,0.022694476574360932,0.0529869696801073,5.575454556153092
3149e58d63cc1bf4d202168f433f84f3fff75ca0178dc5d698ec03a3827548a7,bY,YB,0.03813240638130381,0.03124119965635454,0.08428638808194307,6.639204123686972,0.018431972942346813,0.013193220629317099,0.049404349167318964,3.693621446247674
3149e58d63cc1bf4d202168f433f84f3fff75ca0178dc5d698ec03a3827548a7,wY,YW,0.04360598052793393,0.037921033627552406,0.06425547535741138,2.5315505603096398,0.06661728958498327,0.056967158046247655,0.10161940770839728,3.797814145073902
3149e58d63cc1bf4d202168f433f84f3fff75ca0178dc5d698ec03a3827548a7,cY,YC,0.05114233559163099,0.03214691611759748,0.14526438554852183,2.6134179849171995,0.025331117131001894,0.019802384049740003,0.05088712857381583,2.5677842776903423
3149e58d63cc1bf4d202168f433f84f3fff75ca0178dc5d698ec03a3827548a7,Y,pure,2.614181509374341e-17,1.0744093786695063e-17,1.1102230246251565e-16,0.0,2.614181509374341e-17,1.0744093786695063e-17,1.1102230246251565e-16,0.0
615e8d49b2a0419fc31df55a75af9504590268883343b29141e7a0381905706b,B,pure,1.3480386094945339e-17,6.938893903907228e-18,5.551115123125783e-17,0.0,1.3480386094945339e-17,6.938893903907228e-18,5.551115123125783e-17,0.0
615e8d49b2a0419fc31df55a75af9504590268883343b29141e7a0381905706b,Bw,BW,0.015424934729890915,0.011321275782359214,0.043534270508645334,1.5564558167916314,0.015119430528023876,0.010224555078515517,0.045517946251825786,2.5080058616986993
615e8d49b2a0419fc31df55a75af9504590268883343b29141e7a0381905706b,BW,BW,0.018805405963919115,0.015480961298680682,0.04355307579771153,3.5433325103614584,0.013896324707781401,0.010912003976173885,0.028351820730755317,4.509443600195114
615e8d49b2a0419fc31df55a75af9504590268883343b29141e7a0381905706b,bW,BW,0.031751417137534814,0.02479075045121826,0.07274198622865376,5.137492569234177,0.023736225402681225,0.01937957921894681,0.05797817499055423,4.314001880079669
615e8d49b2a0419fc31df55a75af9504590268883343b29141e7a0381905706b,W,pure,3.988038833097616e-17,1.4325458382260084e-17,1.1102230246251565e-16,0.0,3.988038833097616e-17,1.4325458382260084e-17,1.1102230246251565e-16,0.0
615e8d49b2a0419fc31df55a75af9504590268883343b29141e7a0381905706b,Bc,CB,0.017654059563052837,0.014587496292826543,0.03391062732705153,6.9122047570466085,0.01141526800929142,0.009677136839374817,0.021034403472377478,3.040537968736935
615e8d49b2a0419fc31df55a75af9504590268883343b29141e7a0381905706b,Wc,CW,0.06123866666107272,0.03931825648115116,0.14168426367041237,3.6742065275957616,0.029607294277118574,0.020103103995462127,0.07539414653466087,2.3558569288949514
615e8d49b2a0419fc31df55a75af9504590268883343b29141e7a0381905706b,BC,CB,0.02166723040364145,0.016936758854105234,0.04721768726051237,5.166182619950584,0.012811079206023179,0.011517106238633817,0.021324246988224216,3.489660353213971
615e8d49b2a0419fc31df55a75af9504590268883343b29141e7a0381905706b,WC,CW,0.020988297418870257,0.015610923752544302,0.05000640317754235,2.1763760605092015,0.019408812831923212,0.012662603960465453,0.06453764593371658,1.2358751378957042
615e8d49b2a0419fc31df55a75af9504590268883343b29141e7a0381905706b,bC,CB,0.027337430041213986,0.023632043048875687,0.04936209805335776,7.450868401709917,0.013718324312734868,0.009914564498104043,0.036502557771849894,4.789618259438
615e8d49b2a0419fc31df55a75af9504590268883343b29141e7a0381905706b,wC,CW,0.02779789541303163,0.01763720958914663,0.06344513444473532,2.276204722378359,0.007694877519826539,0.006438819996802093,0.020962648598556566,1.5730891068615274
615e8d49b2a0419fc31df55a75af9504590268883343b29141e7a0381905706b,C,pure,1.8527018581189072e-17,8.281905627244112e-18,5.551115123125783e-17,7.932118828604427e-15,1.8527018581189072e-17,8.281905627244112e-18,5.551115123125783e-17,7.932118828604427e-15
615e8d49b2a0419fc31df55a75af9504590268883343b29141e7a0381905706b,By,YB,0.024893494924077077,0.018526612262864686,0.04906234693528319,6.170857431200511,0.009332609335578418,0.008041000592093709,0.01616431317899074,7.5822034142489505
615e8d49b2a0419fc31df55a75af9504590268883343b29141e7a0381905706b,Wy,YW,0.1507358012278536,0.12261408417978865,0.24160397560372882,13.78388714374793,0.1265571909381304,0.10211937777745994,0.20631120610587594,12.772253164744427
615e8d49b2a0419fc31df55a75af9504590268883343b29141e7a0381905706b,Cy,YC,0.051086574420563614,0.03633578785520251,0.10071552727082572,4.826791533587681,0.02364697938572479,0.018938894106741246,0.05157960485111274,4.790964162518381
615e8d49b2a0419fc31df55a75af9504590268883343b29141e7a0381905706b,BY,YB,0.02096801868027225,0.01746505274795934,0.04515725843254384,5.235102053693688,0.012158780548108978,0.009281055121850523,0.0349054962551518,2.0101609846062543
615e8d49b2a0419fc31df55a75af9504590268883343b29141e7a0381905706b,WY,YW,0.028380475055132238,0.02439628744375537,0.04395169206762595,1.3890118446024147,0.053693848848401685,0.046209419039987334,0.08606463532466713,2.877429821195093
615e8d49b2a0419fc31df55a75af9504590268883343b29141e7a0381905706b,CY,YC,0.026570991468281843,0.02256375116102887,0.06131854832445682,5.094631579544705,0.025440272265944607,0.022838462601160958,0.05424177585195833,5.575818483117531
615e8d49b2a0419fc31df55a75af9504590268883343b29141e7a0381905706b,bY,YB,0.03539972630053631,0.029777476585609693,0.07763428182432237,6.1995056197992815,0.018753675079874566,0.01374085525543965,0.05014824462570118,3.638846896756857
615e8d49b2a0419fc31df55a75af9504590268883343b29141e7a0381905706b,wY,YW,0.042679212297181426,0.03717979700083441,0.06355153954463333,2.5201793358408806,0.06642279043595296,0.05679560879577194,0.10150857607255448,3.8065468213155396
615e8d49b2a0419fc31df55a75af9504590268883343b29141e7a0381905706b,cY,YC,0.05235180503153007,0.03263922913930767,0.14689102893628836,2.531852226902146,0.025607956437488123,0.02001300408539767,0.05171106656926017,2.499842293176511
615e8d49b2a0419fc31df55a75af9504590268883343b29141e7a0381905706b,Y,pure,2.5662108008416524e-17,9.848752637803809e-18,1.1102230246251565e-16,0.0,2.5662108008416524e-17,9.848752637803809e-18,1.1102230246251565e-16,0.0
51a2ec86792672f428c6eeb4a0dc3631c86695f4c57d4ae0641f13e33d803bce,B,pure,1.0648068352018058e-17,6.4912233294616e-18,2.7755575615628914e-17,0.0,1.0648068352018058e-17,6.4912233294616e-18,2.7755575615628914e-17,0.0
51a2ec86792672f428c6eeb4a0dc3631c86695f4c57d4ae0641f13e33d803bce,Bw,BW,0.015409454759994147,0.01125971721661963,0.04360075614068415,1.5608472711572399,0.015053284068604613,0.010096659395491632,0.045599845907321135,2.474752233683995
51a2ec86792672f428c6eeb4a0dc3631c86695f4c57d4ae0641f13e33d803bce,BW,BW,0.018404819145894587,0.015285262307199112,0.0427330337275787,3.6051211920076383,0.01377377144849589,0.010862776369644965,0.027998717157393674,4.5112191964132125
51a2ec86792672f428c6eeb4a0dc3631c86695f4c57d4ae0641f13e33d803bce,bW,BW,0.031199769620210174,0.024404671641668697,0.07113291114619913,5.185328478645119,0.02346089054270488,0.019234519520479748,0.05667609626518756,4.376459924374293
51a2ec86792672f428c6eeb4a0dc3631c86695f4c57d4ae0641f13e33d803bce,W,pure,3.988038833097616e-17,1.4325458382260084e-17,1.1102230246251565e-16,0.0,3.988038833097616e-17,1.4325458382260084e-17,1.1102230246251565e-16,0.0
51a2ec86792672f428c6eeb4a0dc3631c86695f4c57d4ae0641f13e33d803bce,Bc,CB,0.017240514839487048,0.014112847443251314,0.033595868477732604,6.601204840438973,0.011135153446570414,0.00944830107220834,0.021185976088306524,2.6531395863468124
51a2ec86792672f428c6eeb4a0dc3631c86695f4c57d4ae0641f13e33d803bce,Wc,CW,0.06179200301194345,0.04073272291353316,0.14255703730749253,4.046537241136539,0.030089690520469756,0.020922337369075956,0.07606732157425794,2.494841847807824
51a2ec86792672f428c6eeb4a0dc3631c86695f4c57d4ae0641f13e33d803bce,BC,CB,0.02097306205931349,0.01650652395658603,0.04530238479050058,5.16738731648255,0.012910567673965144,0.011698775551859122,0.020903383362538067,3.4111018863953
51a2ec86792672f428c6eeb4a0dc3631c86695f4c57d4ae0641f13e33d803bce,WC,CW,0.021054873123770065,0.014962009377165963,0.05068450489261256,2.036058858134807,0.019588732046674037,0.012926690763655243,0.06526273612301503,1.3703047199113165
51a2ec86792672f428c6eeb4a0dc3631c86695f4c57d4ae0641f13e33d803bce,bC,CB,0.026846083322048388,0.023244692629857552,0.05001914635444772,7.440087105827492,0.013851462430962374,0.009978383796004166,0.037162602571749345,4.6314297776708475
51a2ec86792672f428c6eeb4a0dc3631c86695f4c57d4ae0641f13e33d803bce,wC,CW,0.028035755054881675,0.01812761793296723,0.06388293255281596,2.482875398026435,0.007604178506959444,0.006125659569966392,0.02159718544218603,1.4208290663874361
51a2ec86792672f428c6eeb4a0dc3631c86695f4c57d4ae0641f13e33d803bce,C,pure,1.8358587643600646e-17,7.834235052798484e-18,5.551115123125783e-17,7.932118828604427e-15,1.8358587643600646e-17,7.834235052798484e-18,5.551115123125783e-17,7.932118828604427e-15
51a2ec86792672f428c6eeb4a0dc3631c86695f4c57d4ae0641f13e33d803bce,By,YB,0.024146892268532127,0.018089013354467897,0.045865915468581736,6.1608255407840735,0.009501312081221801,0.008124865898401112,0.017320523931137227,7.5088142403755755
51a2ec86792672f428c6eeb4a0dc3631c86695f4c57d4ae0641f13e33d803bce,Wy,YW,0.15100442177179935,0.12299677212996554,0.24167771960667617,13.793113762520914,0.1264077692058776,0.10204319870571943,0.20626405581508356,12.762617438311725
51a2ec86792672f428c6eeb4a0dc3631c86695f4c57d4ae0641f13e33d803bce,Cy,YC,0.05145869880258858,0.035822633634280523,0.10230822475030693,4.506565982613922,0.019262341042292092,0.015057328774117086,0.04567257776462197,3.3417726688442353
51a2ec86792672f428c6eeb4a0dc3631c86695f4c57d4ae0641f13e33d803bce,BY,YB,0.020105394890555142,0.01670040342028103,0.04317007267172667,5.143440144318393,0.012150536551689526,0.009525636815217198,0.03276823694730485,1.9834888072158368
51a2ec86792672f428c6eeb4a0dc3631c86695f4c57d4ae0641f13e33d803bce,WY,YW,0.0277362957767345,0.023784936314548345,0.04377228375930542,1.3307207561686238,0.053738376986312696,0.0462389006726429,0.0865231954807818,2.87639465776133
51a2ec86792672f428c6eeb4a0dc3631c86695f4c57d4ae0641f13e33d803bce,bY,YB,0.033736302903746074,0.0287093030227428,0.07297444021733933,6.056986743282439,0.01855237818611116,0.013636241405942424,0.05024275318855839,3.585783252203997
51a2ec86792672f428c6eeb4a0dc3631c86695f4c57d4ae0641f13e33d803bce,wY,YW,0.04214864274820596,0.036621157519430646,0.0632634427066312,2.4937174549115277,0.0662984065157645,0.05669565135907575,0.10163128847918967,3.8114300141777
51a2ec86792672f428c6eeb4a0dc3631c86695f4c57d4ae0641f13e33d803bce,cY,YC,0.05354228251382175,0.03101983183583499,0.15043028077261877,2.70228793435789,0.02232148646403403,0.017632959617214256,0.04570145321993563,4.729613616671229
51a2ec86792672f428c6eeb4a0dc3631c86695f4c57d4ae0641f13e33d803bce,Y,pure,2.5173261180780693e-17,8.953411488912552e-18,1.1102230246251565e-16,0.0,2.5173261180780693e-17,8.953411488912552e-18,1.1102230246251565e-16,0.0
256a23b28d78c755fb9497a973fb60e855a25462f4358fc0a470acbc136a782d,B,pure,1.0792946689816825e-17,6.938893903907228e-18,2.7755575615628914e-17,0.0,1.0792946689816825e-17,6.938893903907228e-18,2.7755575615628914e-17,0.0
256a23b28d78c755fb9497a973fb60e855a25462f4358fc0a470acbc136a782d,Bw,BW,0.015299961549265183,0.01113776880126985,0.0434935947644981,1.5530366940612104,0.0150083107763524,0.009997815494939324,0.045755538739981866,2.416011930071162
256a23b28d78c755fb9497a973fb60e855a25462f4358fc0a470acbc136a782d,BW,BW,0.018072278622753693,0.015052913369645033,0.04168814067268437,3.579863177306526,0.013497789136836432,0.010700893538109027,0.02708545594911159,4.43254950328278
256a23b28d78c755fb9497a973fb60e855a25462f4358fc0a470acbc136a782d,bW,BW,0.030599283087315732,0.024023450515235,0.06909121284810534,5.158426676658973,0.022924035955552258,0.018807698323952245,0.054592623095610054,4.322031639280444
256a23b28d78c755fb9497a973fb60e855a25462f4358fc0a470acbc136a782d,W,pure,3.988038833097616e-17,1.4325458382260084e-17,1.1102230246251565e-16,0.0,3.988038833097616e-17,1.4325458382260084e-17,1.1102230246251565e-16,0.0
256a23b28d78c755fb9497a973fb60e855a25462f4358fc0a470acbc136a782d,Bc,CB,0.017653002932829846,0.014308059194959519,0.034079637062310195,6.976302831721627,0.011275613970088551,0.009574417838553197,0.02094827621461462,2.9764915355087007
256a23b28d78c755fb9497a973fb60e855a25462f4358fc0a470acbc136a782d,Wc,CW,0.06193012930716862,0.039489376191208805,0.14283779058422424,3.5385166008630713,0.029760017177060744,0.020080963237098057,0.07555152299566797,2.254348922002852
256a23b28d78c755fb9497a973fb60e855a25462f4358fc0a470acbc136a782d,BC,CB,0.020985585372521914,0.016742929156687483,0.04491498520697276,5.162905417160448,0.012778785004922842,0.011585222683529755,0.020486687928744862,3.4622012919829714
256a23b28d78c755fb9497a973fb60e855a25462f4358fc0a470acbc136a782d,WC,CW,0.021590155941429143,0.016232898619773263,0.050904817590868845,2.2579740579010337,0.019446608312896442,0.012654232744994456,0.06432953618847581,1.210754084186138
256a23b28d78c755fb9497a973fb60e855a25462f4358fc0a470acbc136a782d,bC,CB,0.026879474259583203,0.023415512364751596,0.04932702874989557,7.457722991592319,0.013706478075230608,0.009749144944508856,0.03650561400451162,4.750940093026689
256a23b28d78c755fb9497a973fb60e855a25462f4358fc0a470acbc136a782d,wC,CW,0.02802404269868995,0.01769016510433552,0.0640261848728122,2.2011990832829373,0.007972474800768918,0.0067474850268725815,0.02077800389062734,1.6544284705100512
256a23b28d78c755fb9497a973fb60e855a25462f4358fc0a470acbc136a782d,C,pure,1.9023365875354487e-17,8.729576201689739e-18,5.551115123125783e-17,7.932118828604427e-15,1.9023365875354487e-17,8.729576201689739e-18,5.551115123125783e-17,7.932118828604427e-15
256a23b28d78c755fb9497a973fb60e855a25462f4358fc0a470acbc136a782d,By,YB,0.024031174117166775,0.018005187693359296,0.04584245439474666,6.187267847306605,0.009482078191627715,0.008100065232610433,0.018046752259755994,7.467381436615706
256a23b28d78c755fb9497a973fb60e855a25462f4358fc0a470acbc136a782d,Wy,YW,0.15115367144340128,0.12296459530766246,0.241647700700239,13.790078403765662,0.12629799894872565,0.10194665823914742,0.20607840815619394,12.749505218864686
256a23b28d78c755fb9497a973fb60e855a25462f4358fc0a470acbc136a782d,BY,YB,0.01978709481580128,0.016539457186710266,0.04244695757581552,5.173046065419817,0.011844240686420583,0.009277254322598785,0.03174379354960419,1.9199060097410348
256a23b28d78c755fb9497a973fb60e855a25462f4358fc0a470acbc136a782d,WY,YW,0.027559956268120973,0.023877785445794653,0.04325520905918623,1.4051595175927862,0.0537585331045704,0.04625138154316375,0.0865294539213397,2.8723007956045743
256a23b28d78c755fb9497a973fb60e855a25462f4358fc0a470acbc136a782d,CY,YC,0.02733351813872821,0.02284720569863056,0.0643643706253666,4.877620085529466,0.02155222884946193,0.01859911909500324,0.05965006430647568,4.819747743655385
256a23b28d78c755fb9497a973fb60e855a25462f4358fc0a470acbc136a782d,bY,YB,0.0330779764237668,0.028216168098463647,0.07036416005937321,6.098723168263623,0.01779631438268304,0.013180385942352981,0.04849048145232471,3.6228316689515476
256a23b28d78c755fb9497a973fb60e855a25462f4358fc0a470acbc136a782d,wY,YW,0.041818729800681444,0.03647524682282642,0.062335747864747826,2.5299857693607946,0.06620181126778178,0.05656856129114301,0.10113451791345907,3.795416641943614
256a23b28d78c755fb9497a973fb60e855a25462f4358fc0a470acbc136a782d,cY,YC,0.05421736779401333,0.034188133645586344,0.1504578120681852,2.6421536045112193,0.025220958870363495,0.020657312032709752,0.058142018968776576,2.4165200750253453
256a23b28d78c755fb9497a973fb60e855a25462f4358fc0a470acbc136a782d,Y,pure,2.5173261180780693e-17,8.953411488912552e-18,1.1102230246251565e-16,0.0,2.5173261180780693e-17,8.953411488912552e-18,1.1102230246251565e-16,0.0
86d9fe8bea26417128dd5a4b28599049f4d66d6ecfc314581250929a69cc52e7,B,pure,1.0648068352018058e-17,6.4912233294616e-18,2.7755575615628914e-17,0.0,1.0648068352018058e-17,6.4912233294616e-18,2.7755575615628914e-17,0.0
86d9fe8bea26417128dd5a4b28599049f4d66d6ecfc314581250929a69cc52e7,Bw,BW,0.01566298009316483,0.0112795013251322,0.043913224834074255,1.4557475254388121,0.015393489171350411,0.01071149755290744,0.04259763699160421,2.6551054781341765
86d9fe8bea26417128dd5a4b28599049f4d66d6ecfc314581250929a69cc52e7,BW,BW,0.02080727203007238,0.016069651890524166,0.054178754880012364,2.5997716206320485,0.014888156359808507,0.01108099818561,0.03489016028615746,4.432859759279694
86d9fe8bea26417128dd5a4b28599049f4d66d6ecfc314581250929a69cc52e7,bW,BW,0.033966120939780034,0.025266552786783913,0.08461157245877828,4.007131562420155,0.025158935838495114,0.019673808866175986,0.0647955518356295,3.51091509267345
86d9fe8bea26417128dd5a4b28599049f4d66d6ecfc314581250929a69cc52e7,W,pure,3.988038833097616e-17,1.4325458382260084e-17,1.1102230246251565e-16,0.0,3.988038833097616e-17,1.4325458382260084e-17,1.1102230246251565e-16,0.0
86d9fe8bea26417128dd5a4b28599049f4d66d6ecfc314581250929a69cc52e7,Bc,CB,0.0176549357890448,0.014192147016913865,0.03398459303284472,6.95793857095638,0.011363180436490199,0.009721894961291428,0.018425983681964714,3.37264225381475
86d9fe8bea26417128dd5a4b28599049f4d66d6ecfc314581250929a69cc52e7,Wc,CW,0.05970968052069624,0.037974501517812946,0.13877444493897306,3.67319871457594,0.02886048215670867,0.019349136864218384,0.07382400586347077,2.310901475176627
86d9fe8bea26417128dd5a4b28599049f4d66d6ecfc314581250929a69cc52e7,BC,CB,0.018464051604795983,0.014960841263328313,0.03799188245644969,5.203701100332493,0.012639502111577364,0.011457143918875548,0.021937420238213726,3.637928543326317
86d9fe8bea26417128dd5a4b28599049f4d66d6ecfc314581250929a69cc52e7,WC,CW,0.019971190602551005,0.014979571548101157,0.04763063825460756,2.158765187852337,0.019218841045612316,0.012489236253531646,0.06427724738827456,1.2545557193043877
86d9fe8bea26417128dd5a4b28599049f4d66d6ecfc314581250929a69cc52e7,bC,CB,0.02489114158578557,0.021249687559243082,0.04886172518473312,7.463808022321452,0.013242218810616761,0.009278095826649619,0.036138014073113886,4.944424859474359
86d9fe8bea26417128dd5a4b28599049f4d66d6ecfc314581250929a69cc52e7,wC,CW,0.027309625940593375,0.017285622001154542,0.06255136586378107,2.2733224666222434,0.007325288262077374,0.0062128106472900705,0.02073356800210291,1.518782980203274
86d9fe8bea26417128dd5a4b28599049f4d66d6ecfc314581250929a69cc52e7,C,pure,1.8358587643600646e-17,7.834235052798484e-18,5.551115123125783e-17,7.932118828604427e-15,1.8358587643600646e-17,7.834235052798484e-18,5.551115123125783e-17,7.932118828604427e-15
86d9fe8bea26417128dd5a4b28599049f4d66d6ecfc314581250929a69cc52e7,By,YB,0.02992726505302316,0.022052428118467443,0.06909639774938447,4.732302661031195,0.009974105749077061,0.0076050184678679985,0.021759955071137746,5.01759938142629
86d9fe8bea26417128dd5a4b28599049f4d66d6ecfc314581250929a69cc52e7,Wy,YW,0.14925686221399456,0.12059394574699277,0.2413468273318522,13.843525255621104,0.12738403725435485,0.10265361011687718,0.20612041007819482,12.790959434171986
86d9fe8bea26417128dd5a4b28599049f4d66d6ecfc314581250929a69cc52e7,Cy,YC,0.04895493066849437,0.03515295797332994,0.09695388563168983,4.820295590757174,0.024596630466340773,0.019404735848180883,0.05505909427986211,4.771763643529299
86d9fe8bea26417128dd5a4b28599049f4d66d6ecfc314581250929a69cc52e7,BY,YB,0.0287851724444942,0.023862117909793097,0.05894801734755438,7.8468369799038085,0.011971634863740905,0.009620008715975752,0.03819356660251125,4.353462563869566
86d9fe8bea26417128dd5a4b28599049f4d66d6ecfc314581250929a69cc52e7,WY,YW,0.031775884202363165,0.026236483951974268,0.056961694291159715,1.3991699446098682,0.05336654007069402,0.04576279420393038,0.08568761051214868,2.8916871779640614
86d9fe8bea26417128dd5a4b28599049f4d66d6ecfc314581250929a69cc52e7,CY,YC,0.023309458976285675,0.02067279013706646,0.05125376571527862,5.129738770921178,0.025007174388810543,0.022421760870044504,0.04935022921602927,5.538788483672555
86d9fe8bea26417128dd5a4b28599049f4d66d6ecfc314581250929a69cc52e7,wY,YW,0.04633461186700017,0.04019635318533169,0.06569105800717767,2.535943855381378,0.06725766010024153,0.057703717097316955,0.1020768536823502,3.807304463065303
86d9fe8bea26417128dd5a4b28599049f4d66d6ecfc314581250929a69cc52e7,cY,YC,0.04606681755195785,0.029555197674009246,0.13425644010728977,2.4274742671646035,0.023949307757112806,0.018656926628458168,0.04877753789726069,2.4941076065695134
86d9fe8bea26417128dd5a4b28599049f4d66d6ecfc314581250929a69cc52e7,Y,pure,2.5173261180780693e-17,8.953411488912552e-18,1.1102230246251565e-16,0.0,2.5173261180780693e-17,8.953411488912552e-18,1.1102230246251565e-16,0.0
cc682152e6e4b853ef626b4d0cba415c6be3d63f6bf13f6947a2672b79854277,B,pure,1.0720752256219629e-17,6.715058616684415e-18,2.7755575615628914e-17,0.0,1.0720752256219629e-17,6.715058616684415e-18,2.7755575615628914e-17,0.0
cc682152e6e4b853ef626b4d0cba415c6be3d63f6bf13f6947a2672b79854277,Bw,BW,0.015312579322990828,0.011250787085082677,0.04348648858132367,1.5741266852647302,0.014981312788174772,0.010003737169478208,0.04630031173027743,2.3604750590783574
cc682152e6e4b853ef626b4d0cba415c6be3d63f6bf13f6947a2672b79854277,BW,BW,0.01720840639872697,0.014484140716198725,0.03943632736502457,3.333373764220196,0.01232963890503317,0.009825925733388925,0.024340876240640484,4.0639127679395415
cc682152e6e4b853ef626b4d0cba415c6be3d63f6bf13f6947a2672b79854277,bW,BW,0.02995366798940946,0.02422943572658519,0.06472342322718547,5.027311624772945,0.021392274850094907,0.017576018596556962,0.04921223769602194,3.7955626097927584
cc682152e6e4b853ef626b4d0cba415c6be3d63f6bf13f6947a2672b79854277,W,pure,3.988038833097616e-17,1.4325458382260084e-17,1.1102230246251565e-16,0.0,3.988038833097616e-17,1.4325458382260084e-17,1.1102230246251565e-16,0.0
cc682152e6e4b853ef626b4d0cba415c6be3d63f6bf13f6947a2672b79854277,Bc,CB,0.01774756587488048,0.01429301811977639,0.03425268691249894,7.511353112766143,0.01154435553662902,0.00992492110747459,0.01964202175455257,3.518271623589846
cc682152e6e4b853ef626b4d0cba415c6be3d63f6bf13f6947a2672b79854277,Wc,CW,0.06246738823444474,0.03894786255742199,0.14525105227561425,4.182302938338429,0.0299006007150923,0.019196391117839398,0.07693614297759593,2.580250043556103
cc682152e6e4b853ef626b4d0cba415c6be3d63f6bf13f6947a2672b79854277,BC,CB,0.019170066074516802,0.015878511845150572,0.03954209413803911,5.427105630881553,0.012754321304946553,0.011479941629276586,0.021747689891896044,3.7257053162449996
cc682152e6e4b853ef626b4d0cba415c6be3d63f6bf13f6947a2672b79854277,WC,CW,0.02215159750767611,0.016650726137208766,0.053055034451479854,2.567311186467642,0.01943177924113013,0.01240170516799997,0.0653898855016104,1.1178664955905957
cc682152e6e4b853ef626b4d0cba415c6be3d63f6bf13f6947a2672b79854277,bC,CB,0.025549520863103248,0.022065970151373106,0.048471682143861154,7.555759883959427,0.013803608663724012,0.00975008418706798,0.03648062725381044,4.986267074757
cc682152e6e4b853ef626b4d0cba415c6be3d63f6bf13f6947a2672b79854277,wC,CW,0.02826482898116091,0.01740636318268266,0.06530880624789737,2.3222838521227764,0.00833687452056853,0.007230558866215824,0.021708261999896505,1.7215008554056033
cc682152e6e4b853ef626b4d0cba415c6be3d63f6bf13f6947a2672b79854277,C,pure,1.8358587643600646e-17,7.834235052798484e-18,5.551115123125783e-17,7.932118828604427e-15,1.8358587643600646e-17,7.834235052798484e-18,5.551115123125783e-17,7.932118828604427e-15
cc682152e6e4b853ef626b4d0cba415c6be3d63f6bf13f6947a2672b79854277,By,YB,0.022509418644126013,0.01724537571181141,0.04192876064586522,6.135883162071784,0.009522722835076441,0.007775106292289696,0.02342736382536506,6.6108726588497415
cc682152e6e4b853ef626b4d0cba415c6be3d63f6bf13f6947a2672b79854277,Wy,YW,0.15127690269692642,0.12326098939148132,0.2408083989305515,13.74686080115024,0.12625120355735328,0.10195163429923816,0.20703378101939507,12.73970801629419
cc682152e6e4b853ef626b4d0cba415c6be3d63f6bf13f6947a2672b79854277,Cy,YC,0.05352321049597795,0.03849647834490444,0.10789311030544185,5.300591092700846,0.02264319794680246,0.019128478861393662,0.04290139676730531,4.827391667764078
cc682152e6e4b853ef626b4d0cba415c6be3d63f6bf13f6947a2672b79854277,BY,YB,0.01843428855246769,0.015326748692268315,0.04045611146283428,5.642158988580232,0.011629613042078204,0.009436804977246109,0.02617147742091505,1.6302261137037009
cc682152e6e4b853ef626b4d0cba415c6be3d63f6bf13f6947a2672b79854277,WY,YW,0.02711179127260617,0.023574148873229093,0.044063491628799856,1.4152090319721797,0.053818069284081116,0.04616360279388933,0.08787556838701482,2.844651758492548
cc682152e6e4b853ef626b4d0cba415c6be3d63f6bf13f6947a2672b79854277,CY,YC,0.028513626701464893,0.021962607062210832,0.06997074791527824,4.425586221586146,0.019835935288773723,0.017964961382521277,0.03664529851742199,4.374633306229634
cc682152e6e4b853ef626b4d0cba415c6be3d63f6bf13f6947a2672b79854277,bY,YB,0.029656721069924088,0.025917669003373604,0.06642034912111493,6.8099978618733426,0.016925654061480663,0.012685060889170093,0.046531114485938274,4.644061262935355
cc682152e6e4b853ef626b4d0cba415c6be3d63f6bf13f6947a2672b79854277,wY,YW,0.04181277614642239,0.0361750587230713,0.06587020823999057,2.5256866500455657,0.06633932870455184,0.056488664330901106,0.10420559191318735,3.7668933284440747
cc682152e6e4b853ef626b4d0cba415c6be3d63f6bf13f6947a2672b79854277,Y,pure,2.5173261180780693e-17,8.953411488912552e-18,1.1102230246251565e-16,0.0,2.5173261180780693e-17,8.953411488912552e-18,1.1102230246251565e-16,0.0
fb86ab9e077c53f5232187c9f0991e965e95e09b2c23407f57448283d82d5119,B,pure,1.0935905854990128e-17,6.938893903907228e-18,2.7755575615628914e-17,0.0,1.0935905854990128e-17,6.938893903907228e-18,2.7755575615628914e-17,0.0
fb86ab9e077c53f5232187c9f0991e965e95e09b2c23407f57448283d82d5119,Bw,BW,0.02803830434886488,0.016195413059407766,0.08465658942914098,5.097379776421309,0.026537387219776897,0.01597086216646059,0.0778658100752121,4.87600932093201
fb86ab9e077c53f5232187c9f0991e965e95e09b2c23407f57448283d82d5119,BW,BW,0.019255494879232254,0.0161709187173191,0.044320314934064506,3.358387086441854,0.014998130712699006,0.01207652464267683,0.02899322660654241,4.7468007518374105
fb86ab9e077c53f5232187c9f0991e965e95e09b2c23407f57448283d82d5119,bW,BW,0.033308476669927846,0.027467980698430927,0.07425286190390529,5.0354789825098605,0.026010463920795212,0.021434922581964912,0.05951083244060529,4.144628046227756
fb86ab9e077c53f5232187c9f0991e965e95e09b2c23407f57448283d82d5119,W,pure,3.988038833097616e-17,1.4325458382260084e-17,1.1102230246251565e-16,0.0,3.988038833097616e-17,1.4325458382260084e-17,1.1102230246251565e-16,0.0
fb86ab9e077c53f5232187c9f0991e965e95e09b2c23407f57448283d82d5119,Wc,CW,0.060942929292075655,0.03842495386103089,0.14150599072723108,3.0693016342941295,0.029501561049390546,0.019823089373288232,0.0754734360584926,2.010016190911117
fb86ab9e077c53f5232187c9f0991e965e95e09b2c23407f57448283d82d5119,BC,CB,0.021484940131130982,0.016383955048823,0.04772378787585721,5.25845007953096,0.011273158168934738,0.00961056349382468,0.022772172388020345,2.6927258766461484
fb86ab9e077c53f5232187c9f0991e965e95e09b2c23407f57448283d82d5119,WC,CW,0.020922090340995222,0.015820129466168634,0.04986914183333413,2.1226121286680475,0.019364206244664183,0.012507545378619443,0.06467160103364922,1.2797761503775318
fb86ab9e077c53f5232187c9f0991e965e95e09b2c23407f57448283d82d5119,bC,CB,0.027236460264699138,0.022918094483256043,0.04967598016518263,7.466206728146851,0.014735873372755287,0.011516724077552347,0.03695609314776137,4.4405301401407815
fb86ab9e077c53f5232187c9f0991e965e95e09b2c23407f57448283d82d5119,wC,CW,0.0276724855586694,0.017378655392935614,0.0633570837843952,2.041686804512931,0.007822929115946186,0.006621511847121118,0.021079651250964337,1.6668518235423204
fb86ab9e077c53f5232187c9f0991e965e95e09b2c23407f57448283d82d5119,C,pure,1.8358587643600646e-17,7.834235052798484e-18,5.551115123125783e-17,7.932118828604427e-15,1.8358587643600646e-17,7.834235052798484e-18,5.551115123125783e-17,7.932118828604427e-15
fb86ab9e077c53f5232187c9f0991e965e95e09b2c23407f57448283d82d5119,By,YB,0.015262080231711371,0.012910940540125303,0.03711748624067451,2.7347563369797365,0.013051616613277374,0.011942923822718854,0.019221770484318612,5.771043409218206
fb86ab9e077c53f5232187c9f0991e965e95e09b2c23407f57448283d82d5119,Wy,YW,0.1504568039079161,0.12261459781028913,0.2412972026705068,13.753723317986166,0.12663285883322606,0.1024141691180702,0.20616392223137625,12.737944706793593
fb86ab9e077c53f5232187c9f0991e965e95e09b2c23407f57448283d82d5119,Cy,YC,0.050796993706010846,0.036269446610622605,0.10018477377722845,4.908496832560851,0.023726131812517984,0.01895080541845338,0.05199366882508194,4.752226971668349
fb86ab9e077c53f5232187c9f0991e965e95e09b2c23407f57448283d82d5119,BY,YB,0.021907591573572992,0.01856360462438292,0.04622831041568187,5.11082809535134,0.011008609428269561,0.009446897014577198,0.02165768137067707,2.5408300351814277
fb86ab9e077c53f5232187c9f0991e965e95e09b2c23407f57448283d82d5119,WY,YW,0.02892224435817482,0.024764089615336413,0.0440735618694762,1.3442821779695382,0.05368118228898834,0.04626056103628792,0.08573774859647765,2.87499663377154
fb86ab9e077c53f5232187c9f0991e965e95e09b2c23407f57448283d82d5119,CY,YC,0.025815741633519337,0.02198061125434998,0.059144336304000844,4.983562107003695,0.025446789645012683,0.022842459510298473,0.05418802092568464,5.613315299476191
fb86ab9e077c53f5232187c9f0991e965e95e09b2c23407f57448283d82d5119,bY,YB,0.03651162509038348,0.029889875830136907,0.07968922845827572,5.802484778689793,0.019127881555206522,0.013203372763364573,0.05323023057073764,1.7570022331952178
fb86ab9e077c53f5232187c9f0991e965e95e09b2c23407f57448283d82d5119,wY,YW,0.04322174573012214,0.03758601154745002,0.06393728426458911,2.4917375125304333,0.06657735475409442,0.0569027079306164,0.10159395113591907,3.808582802903164
fb86ab9e077c53f5232187c9f0991e965e95e09b2c23407f57448283d82d5119,cY,YC,0.05158806084167904,0.032727448430259626,0.14427530373626207,2.397235360014886,0.02552376503874265,0.020038291629930986,0.050571337919283144,2.5298233207612832
fb86ab9e077c53f5232187c9f0991e965e95e09b2c23407f57448283d82d5119,Y,pure,2.5662108008416524e-17,9.848752637803809e-18,1.1102230246251565e-16,0.0,2.5662108008416524e-17,9.848752637803809e-18,1.1102230246251565e-16,0.0
5efbbc85dd11c31f444ad8df062c2ad11d54ad0cc9dfd748821728bd3d3e9b2e,B,pure,1.035223079289144e-17,6.043552755015973e-18,2.7755575615628914e-17,0.0,1.035223079289144e-17,6.043552755015973e-18,2.7755575615628914e-17,0.0
5efbbc85dd11c31f444ad8df062c2ad11d54ad0cc9dfd748821728bd3d3e9b2e,Bw,BW,0.02770877798575457,0.01578539428903747,0.08413494026691551,5.090118252853434,0.026430035756980143,0.01561449317128736,0.07784923310119421,4.787923123850382
5efbbc85dd11c31f444ad8df062c2ad11d54ad0cc9dfd748821728bd3d3e9b2e,BW,BW,0.018326892903695786,0.015754191408933593,0.04147869820660821,3.466364741478134,0.01444432918597568,0.011734152702732696,0.02723350811033247,4.589443202465611
5efbbc85dd11c31f444ad8df062c2ad11d54ad0cc9dfd748821728bd3d3e9b2e,bW,BW,0.03169659495782746,0.026333257966679357,0.0686831146422679,5.098626965933226,0.024984272267204035,0.020621694656514707,0.054502828940276804,4.18613357963421
5efbbc85dd11c31f444ad8df062c2ad11d54ad0cc9dfd748821728bd3d3e9b2e,W,pure,3.988038833097616e-17,1.4325458382260084e-17,1.1102230246251565e-16,0.0,3.988038833097616e-17,1.4325458382260084e-17,1.1102230246251565e-16,0.0
5efbbc85dd11c31f444ad8df062c2ad11d54ad0cc9dfd748821728bd3d3e9b2e,Bc,CB,0.018078858004528908,0.015463664572096799,0.03387108772998833,7.179616147794407,0.010010223048066565,0.008234000916211104,0.01908099585346046,2.6362499420659176
5efbbc85dd11c31f444ad8df062c2ad11d54ad0cc9dfd748821728bd3d3e9b2e,Wc,CW,0.0611543398197765,0.039269847371504275,0.13986146226016177,3.7336462802082733,0.02954923254305468,0.020143089565101278,0.07358724829009028,2.3727039871263664
5efbbc85dd11c31f444ad8df062c2ad11d54ad0cc9dfd748821728bd3d3e9b2e,WC,CW,0.020879034458609117,0.015526702240942675,0.048622451801890176,2.169433430560843,0.019367664985305847,0.012644287021872648,0.06363891778683861,1.2596806830979206
5efbbc85dd11c31f444ad8df062c2ad11d54ad0cc9dfd748821728bd3d3e9b2e,bC,CB,0.032948917330102356,0.02842829357536871,0.06523863819567466,7.730887015002652,0.014082534066456142,0.009907888954124982,0.03505971215565658,5.227172418506664
5efbbc85dd11c31f444ad8df062c2ad11d54ad0cc9dfd748821728bd3d3e9b2e,wC,CW,0.02769891577107844,0.017566241982425804,0.06256598032394589,2.2925631759144993,0.007656620901906095,0.006497707675777031,0.02018470144977269,1.5798589261475373
5efbbc85dd11c31f444ad8df062c2ad11d54ad0cc9dfd748821728bd3d3e9b2e,C,pure,1.9665684788164304e-17,8.729576201689739e-18,5.551115123125783e-17,7.932118828604427e-15,1.9665684788164304e-17,8.729576201689739e-18,5.551115123125783e-17,7.932118828604427e-15
5efbbc85dd11c31f444ad8df062c2ad11d54ad0cc9dfd748821728bd3d3e9b2e,By,YB,0.015024555922121706,0.012598533085789163,0.037314485723025065,2.7149281040197804,0.012669906580128953,0.011663374796060654,0.018759255756475295,5.542666997021018
5efbbc85dd11c31f444ad8df062c2ad11d54ad0cc9dfd748821728bd3d3e9b2e,Wy,YW,0.15061491468256555,0.12271546436921642,0.24133198991858473,13.758582147031643,0.12653774329005896,0.10231704776525778,0.20618079429155767,12.736384511896107
5efbbc85dd11c31f444ad8df062c2ad11d54ad0cc9dfd748821728bd3d3e9b2e,Cy,YC,0.05046884154216504,0.03595597120837851,0.1007848961449378,4.817751394469079,0.02376697876205837,0.01895818664709449,0.05199207628239383,4.762823947622114
5efbbc85dd11c31f444ad8df062c2ad11d54ad0cc9dfd748821728bd3d3e9b2e,BY,YB,0.020892619993083228,0.017897455830085743,0.04265342678829491,5.048782956250482,0.010737735526603205,0.009310201309938683,0.021392690176470275,2.3200231614298756
5efbbc85dd11c31f444ad8df062c2ad11d54ad0cc9dfd748821728bd3d3e9b2e,WY,YW,0.02858841668534531,0.024564906033454476,0.04388261209267719,1.359735987805231,0.053703696472240166,0.04626904891868239,0.08586486594918563,2.874086585954702
5efbbc85dd11c31f444ad8df062c2ad11d54ad0cc9dfd748821728bd3d3e9b2e,CY,YC,0.02546567845310421,0.022044133277067033,0.05553055394884887,5.110322991690198,0.025406607743391825,0.022772149229484402,0.05422418492083736,5.63754166540401
5efbbc85dd11c31f444ad8df062c2ad11d54ad0cc9dfd748821728bd3d3e9b2e,bY,YB,0.03455715695156787,0.028622340990477235,0.0715607766433101,5.682452777939607,0.017884598317831898,0.012538508406904732,0.050896417915026915,1.7777877215640223
5efbbc85dd11c31f444ad8df062c2ad11d54ad0cc9dfd748821728bd3d3e9b2e,wY,YW,0.04287477189581876,0.03731276317142554,0.06345242208996094,2.5007496103125333,0.0664861563837154,0.056808913527665796,0.10138041256387387,3.8042818336210966
5efbbc85dd11c31f444ad8df062c2ad11d54ad0cc9dfd748821728bd3d3e9b2e,cY,YC,0.05049209020175744,0.03194128983348476,0.1397926759976218,2.538927014911777,0.025178572613376016,0.019674967066067715,0.04819064293542563,2.5463910177981655
5efbbc85dd11c31f444ad8df062c2ad11d54ad0cc9dfd748821728bd3d3e9b2e,Y,pure,2.5173261180780693e-17,8.953411488912552e-18,1.1102230246251565e-16,0.0,2.5173261180780693e-17,8.953411488912552e-18,1.1102230246251565e-16,0.0
9cb5df7ae3389c88e5d2b4e5cb44797026e29dc1c9e043ee702a206ee10639d3,B,pure,1.0648068352018058e-17,6.4912233294616e-18,2.7755575615628914e-17,0.0,1.0648068352018058e-17,6.4912233294616e-18,2.7755575615628914e-17,0.0
9cb5df7ae3389c88e5d2b4e5cb44797026e29dc1c9e043ee702a206ee10639d3,Bw,BW,0.027697214642266356,0.0156762522667421,0.08431069700526578,5.0873527208613245,0.026346376141985525,0.015451030271028924,0.07770636103840414,4.735001803231177
9cb5df7ae3389c88e5d2b4e5cb44797026e29dc1c9e043ee702a206ee10639d3,BW,BW,0.017842698697210686,0.015417509205609093,0.03980214738578565,3.3816941555797047,0.013900428203287222,0.011360584858669165,0.02703062158971209,4.43561289414133
9cb5df7ae3389c88e5d2b4e5cb44797026e29dc1c9e043ee702a206ee10639d3,bW,BW,0.031058501326868118,0.026116490196452628,0.0654300331750097,5.053732198449595,0.024094193946728605,0.019866451728943718,0.050718063657825926,3.985899041123278
9cb5df7ae3389c88e5d2b4e5cb44797026e29dc1c9e043ee702a206ee10639d3,W,pure,3.988038833097616e-17,1.4325458382260084e-17,1.1102230246251565e-16,0.0,3.988038833097616e-17,1.4325458382260084e-17,1.1102230246251565e-16,0.0
9cb5df7ae3389c88e5d2b4e5cb44797026e29dc1c9e043ee702a206ee10639d3,Bc,CB,0.018582737472354845,0.015864883751664765,0.03387604379882865,6.43467633718247,0.012164719651134779,0.010122798201610815,0.026873212735696678,2.600405595103046
9cb5df7ae3389c88e5d2b4e5cb44797026e29dc1c9e043ee702a206ee10639d3,Wc,CW,0.06117014369293212,0.0392425561752022,0.13913837989400119,3.561816420180005,0.02953128769227666,0.02010596497685175,0.07287410641651743,2.2920679138628848
9cb5df7ae3389c88e5d2b4e5cb44797026e29dc1c9e043ee702a206ee10639d3,BC,CB,0.02964636138043362,0.021310121789188355,0.06977274444503417,5.403593298007463,0.012175261494973782,0.010056289481553675,0.02712218893440896,3.899987092892981
9cb5df7ae3389c88e5d2b4e5cb44797026e29dc1c9e043ee702a206ee10639d3,WC,CW,0.02092715564772462,0.015690083179300957,0.04849896756427008,2.1813991686458345,0.019388220266611435,0.012687879619155405,0.06332860644382454,1.2306416165405478
9cb5df7ae3389c88e5d2b4e5cb44797026e29dc1c9e043ee702a206ee10639d3,wC,CW,0.027686162792703004,0.017610371191625576,0.06222978532355883,2.236245028102545,0.007695558341288069,0.006511955550503621,0.01991022140391452,1.596824520188689
9cb5df7ae3389c88e5d2b4e5cb44797026e29dc1c9e043ee702a206ee10639d3,C,pure,1.8358587643600646e-17,7.834235052798484e-18,5.551115123125783e-17,7.932118828604427e-15,1.8358587643600646e-17,7.834235052798484e-18,5.551115123125783e-17,7.932118828604427e-15
9cb5df7ae3389c88e5d2b4e5cb44797026e29dc1c9e043ee702a206ee10639d3,By,YB,0.014941751412294417,0.012487170405072115,0.03725012927701554,2.7283638553917022,0.012518551952502524,0.011575748056152597,0.018672376110441417,5.40382797507578
9cb5df7ae3389c88e5d2b4e5cb44797026e29dc1c9e043ee702a206ee10639d3,Wy,YW,0.15068649833402584,0.12279305801291834,0.24146740368179787,13.759527461746934,0.12650695503509876,0.10230799766413337,0.20613529313912793,12.73204248678005
9cb5df7ae3389c88e5d2b4e5cb44797026e29dc1c9e043ee702a206ee10639d3,Cy,YC,0.05049081934943429,0.03605700547276422,0.10095969957185313,4.860403807427612,0.02371027037532972,0.018931308680135144,0.051941404084611065,4.756029909103817
9cb5df7ae3389c88e5d2b4e5cb44797026e29dc1c9e043ee702a206ee10639d3,BY,YB,0.020575313916393768,0.017726059936664925,0.04170747192156848,5.091100506845808,0.010549479258045405,0.00923843203813981,0.020618741258801004,2.114491454545046
9cb5df7ae3389c88e5d2b4e5cb44797026e29dc1c9e043ee702a206ee10639d3,WY,YW,0.028479132151275736,0.024472429847837485,0.04386375631422623,1.3545856521193291,0.05371528557566928,0.04627693491999439,0.08609434605793442,2.87335641787282
9cb5df7ae3389c88e5d2b4e5cb44797026e29dc1c9e043ee702a206ee10639d3,CY,YC,0.025457356560710392,0.02211861682866011,0.05600463451265958,5.062795748725959,0.025400309661012362,0.02282460190369684,0.053561038311753184,5.589070761427829
9cb5df7ae3389c88e5d2b4e5cb44797026e29dc1c9e043ee702a206ee10639d3,bY,YB,0.03394195875749282,0.028390669930378372,0.06889537567486759,5.769590282947631,0.01724823816909608,0.012353715088491944,0.04891284066962566,1.9335689819607353
9cb5df7ae3389c88e5d2b4e5cb44797026e29dc1c9e043ee702a206ee10639d3,wY,YW,0.042759399235667336,0.03720989358321184,0.0635613787988557,2.498135050005611,0.06646516072047004,0.056787743699392844,0.1016405196189809,3.804116292925673
9cb5df7ae3389c88e5d2b4e5cb44797026e29dc1c9e043ee702a206ee10639d3,cY,YC,0.05034424780980986,0.031800703256640035,0.14039064636923215,2.394103741800323,0.025006770566374112,0.01953310964575531,0.048060328284057485,2.435271964118271
9cb5df7ae3389c88e5d2b4e5cb44797026e29dc1c9e043ee702a206ee10639d3,Y,pure,2.5662108008416524e-17,9.848752637803809e-18,1.1102230246251565e-16,0.0,2.5662108008416524e-17,9.848752637803809e-18,1.1102230246251565e-16,0.0
d34644cb2b68ecaafb8f6758a003da10bd5a39a9f4200d44008b5142e670a4d9,B,pure,1.0648068352018058e-17,6.4912233294616e-18,2.7755575615628914e-17,0.0,1.0648068352018058e-17,6.4912233294616e-18,2.7755575615628914e-17,0.0
d34644cb2b68ecaafb8f6758a003da10bd5a39a9f4200d44008b5142e670a4d9,Bw,BW,0.027615041843595343,0.01602634325283984,0.08295803416361092,5.023665191624707,0.026555778077909997,0.015948193250558143,0.07771175230662689,4.867967833955419
d34644cb2b68ecaafb8f6758a003da10bd5a39a9f4200d44008b5142e670a4d9,BW,BW,0.019308296661741893,0.016217782376752993,0.044456693201969225,3.2164046636633183,0.01495321165495989,0.01197489855999633,0.028695814822034565,4.694626084132208
d34644cb2b68ecaafb8f6758a003da10bd5a39a9f4200d44008b5142e670a4d9,bW,BW,0.03324303080417826,0.02728601805162631,0.07394463625573743,4.853646395915019,0.02603742775925607,0.021486795053996918,0.05903904728087428,4.072205200218791
d34644cb2b68ecaafb8f6758a003da10bd5a39a9f4200d44008b5142e670a4d9,W,pure,3.988038833097616e-17,1.4325458382260084e-17,1.1102230246251565e-16,0.0,3.988038833097616e-17,1.4325458382260084e-17,1.1102230246251565e-16,0.0
d34644cb2b68ecaafb8f6758a003da10bd5a39a9f4200d44008b5142e670a4d9,Bc,CB,0.016961879719668334,0.013941706035289521,0.03389780843613248,6.73004087791203,0.011475031580230596,0.009525074649414702,0.020488240353556952,3.0185265182948866
d34644cb2b68ecaafb8f6758a003da10bd5a39a9f4200d44008b5142e670a4d9,Wc,CW,0.06106614895814696,0.039228787059376734,0.1416009097802024,3.7867262003454076,0.02951478288093915,0.020016926039180254,0.07543973775480267,2.3818282672013145
d34644cb2b68ecaafb8f6758a003da10bd5a39a9f4200d44008b5142e670a4d9,BC,CB,0.021089138864195965,0.016308826433398874,0.04573639359594395,5.483406847028498,0.012682859704558258,0.01139239823817332,0.02159355602223137,3.4878589358968624
d34644cb2b68ecaafb8f6758a003da10bd5a39a9f4200d44008b5142e670a4d9,WC,CW,0.020856305644297756,0.01547959428105133,0.049942172541372565,2.1891019083753354,0.01939111852803299,0.012628495225340056,0.06455573571170026,1.253334150480063
d34644cb2b68ecaafb8f6758a003da10bd5a39a9f4200d44008b5142e670a4d9,bC,CB,0.02679267662549735,0.023089635324526108,0.04934535714243087,7.562404622876335,0.01364129523334309,0.010017030128249867,0.03625433892618185,4.675540658251918
d34644cb2b68ecaafb8f6758a003da10bd5a39a9f4200d44008b5142e670a4d9,wC,CW,0.027754321851868193,0.017607290562208566,0.06340390796913986,2.316142892764091,0.007640954008620073,0.006402055918225483,0.020977514379189044,1.5463763271430708
d34644cb2b68ecaafb8f6758a003da10bd5a39a9f4200d44008b5142e670a4d9,C,pure,2.7559023795935994e-17,1.231094079725476e-17,1.1102230246251565e-16,0.0,2.7559023795935994e-17,1.231094079725476e-17,1.1102230246251565e-16,0.0
d34644cb2b68ecaafb8f6758a003da10bd5a39a9f4200d44008b5142e670a4d9,Wy,YW,0.15038710307571995,0.1221325098423032,0.24144374710182293,13.801502129820719,0.12666298356598732,0.1022617767516466,0.20626818777951827,12.766601439676933
d34644cb2b68ecaafb8f6758a003da10bd5a39a9f4200d44008b5142e670a4d9,Cy,YC,0.05068848116724116,0.03609852485462945,0.10002276921649145,4.812129222615913,0.02380449320235293,0.019023340297060203,0.05211860959098569,4.785461422877212
d34644cb2b68ecaafb8f6758a003da10bd5a39a9f4200d44008b5142e670a4d9,BY,YB,0.022285162186304296,0.018737490462231037,0.04665423312863862,5.217935055190015,0.01077422852964031,0.008230565042096495,0.030398173059317857,2.06594832654991
d34644cb2b68ecaafb8f6758a003da10bd5a39a9f4200d44008b5142e670a4d9,WY,YW,0.029026687168879704,0.024862232386093617,0.044065949048883724,1.4170054303668114,0.053625738390080314,0.04606692765593652,0.0859784860637769,2.8645311037504237
d34644cb2b68ecaafb8f6758a003da10bd5a39a9f4200d44008b5142e670a4d9,CY,YC,0.025945796483278813,0.022206723486910374,0.05881988377499647,5.112972720614837,0.025383610303416286,0.02276863682526679,0.05406602350222345,5.584521618299328
d34644cb2b68ecaafb8f6758a003da10bd5a39a9f4200d44008b5142e670a4d9,bY,YB,0.037545546787658514,0.03116773383323018,0.08050888623435114,6.118193427907268,0.018971093375095456,0.013809630630590123,0.05023476949586944,2.7932319423629797
d34644cb2b68ecaafb8f6758a003da10bd5a39a9f4200d44008b5142e670a4d9,wY,YW,0.04331349119151361,0.03773361252076553,0.06376649133699785,2.5355984504281377,0.06653690744501439,0.056826567296064626,0.1017168331398115,3.7840610597810898
d34644cb2b68ecaafb8f6758a003da10bd5a39a9f4200d44008b5142e670a4d9,cY,YC,0.051311686692894196,0.032181766383700454,0.14387983258021708,2.580844185988799,0.02536401571836047,0.019847984244666942,0.05043358662660846,2.5326285866805787
d34644cb2b68ecaafb8f6758a003da10bd5a39a9f4200d44008b5142e670a4d9,Y,pure,2.5173261180780693e-17,8.953411488912552e-18,1.1102230246251565e-16,0.0,2.5173261180780693e-17,8.953411488912552e-18,1.1102230246251565e-16,0.0
e9422c27eb8ba4ce49ee3d4572cbb60db3b60fca32d0a34a70a0f1fdad56cba4,B,pure,1.0864661410242736e-17,6.715058616684415e-18,2.7755575615628914e-17,0.0,1.0864661410242736e-17,6.715058616684415e-18,2.7755575615628914e-17,0.0
e9422c27eb8ba4ce49ee3d4572cbb60db3b60fca32d0a34a70a0f1fdad56cba4,Bw,BW,0.027855976505313636,0.016287758260958664,0.08366866103432075,5.0551033830736145,0.026608470594388357,0.016207404936303783,0.07768520686794828,4.906034719401499
e9422c27eb8ba4ce49ee3d4572cbb60db3b60fca32d0a34a70a0f1fdad56cba4,BW,BW,0.019924898899522137,0.01656413125284509,0.04762250249700074,3.167114780901435,0.015068492552208471,0.012100272351012601,0.029358649710040707,4.721031952570844
e9422c27eb8ba4ce49ee3d4572cbb60db3b60fca32d0a34a70a0f1fdad56cba4,bW,BW,0.03433643383135423,0.028334762784587516,0.07598713820925751,4.951527592619214,0.026337059713044807,0.021605727266285835,0.06018836041691149,3.9936870541473524
e9422c27eb8ba4ce49ee3d4572cbb60db3b60fca32d0a34a70a0f1fdad56cba4,W,pure,3.988038833097616e-17,1.4325458382260084e-17,1.1102230246251565e-16,0.0,3.988038833097616e-17,1.4325458382260084e-17,1.1102230246251565e-16,0.0
e9422c27eb8ba4ce49ee3d4572cbb60db3b60fca32d0a34a70a0f1fdad56cba4,Bc,CB,0.016978288993740594,0.013956167517584644,0.03390027095184402,6.683493652736372,0.01150512621102729,0.00958767795564645,0.019875003174319728,3.06512614281393
e9422c27eb8ba4ce49ee3d4572cbb60db3b60fca32d0a34a70a0f1fdad56cba4,Wc,CW,0.06064546349447653,0.038827673462813246,0.14096232369081013,3.807533023629796,0.02935699173046735,0.01984062712349992,0.07526311149423198,2.391811738361441
e9422c27eb8ba4ce49ee3d4572cbb60db3b60fca32d0a34a70a0f1fdad56cba4,BC,CB,0.020425187604904128,0.015855361940918092,0.044015214943143505,5.418809538802287,0.012685172830177251,0.011421621894363847,0.02195305296580602,3.4928847102551526
e9422c27eb8ba4ce49ee3d4572cbb60db3b60fca32d0a34a70a0f1fdad56cba4,WC,CW,0.020561201405466176,0.015274668852352775,0.049453124009347094,2.1685293840756397,0.019332527150323728,0.012555111390063482,0.0646879853683816,1.2676474916789466
e9422c27eb8ba4ce49ee3d4572cbb60db3b60fca32d0a34a70a0f1fdad56cba4,bC,CB,0.026246147225188064,0.02254070603848646,0.049432820389462985,7.523885396114578,0.0135380641946314,0.009865385985368435,0.03637799819869533,4.694520657975198
e9422c27eb8ba4ce49ee3d4572cbb60db3b60fca32d0a34a70a0f1fdad56cba4,wC,CW,0.027614278262703303,0.01746296722236365,0.06309137392860864,2.31667106463002,0.007545619412729729,0.0063425025738798905,0.021093559271242568,1.539171139491805
e9422c27eb8ba4ce49ee3d4572cbb60db3b60fca32d0a34a70a0f1fdad56cba4,C,pure,2.7133047247500985e-17,1.1639434935586319e-17,1.1102230246251565e-16,7.932118828604427e-15,2.7133047247500985e-17,1.1639434935586319e-17,1.1102230246251565e-16,7.932118828604427e-15
e9422c27eb8ba4ce49ee3d4572cbb60db3b60fca32d0a34a70a0f1fdad56cba4,By,YB,0.01589353558410939,0.013442834410721718,0.037728705386199574,2.7616224006136143,0.012538308083759594,0.010961876603795164,0.029082409010567994,5.518627218362423
e9422c27eb8ba4ce49ee3d4572cbb60db3b60fca32d0a34a70a0f1fdad56cba4,Wy,YW,0.1499547791360699,0.12183233632142962,0.24075961776768373,13.783942684294766,0.12687025689895984,0.10244506895630473,0.20632045703599344,12.767537255088994
e9422c27eb8ba4ce49ee3d4572cbb60db3b60fca32d0a34a70a0f1fdad56cba4,Cy,YC,0.05025350283947309,0.03582205938786564,0.09895924924725574,4.7853438849611765,0.024051567771686284,0.01913932569199801,0.05305069495750353,4.78817894937656
e9422c27eb8ba4ce49ee3d4572cbb60db3b60fca32d0a34a70a0f1fdad56cba4,WY,YW,0.029805440250639356,0.02535255387759083,0.046568587680708595,1.387460602066381,0.05357806249021634,0.0460744909515208,0.08554472360545051,2.8735462313295157
e9422c27eb8ba4ce49ee3d4572cbb60db3b60fca32d0a34a70a0f1fdad56cba4,CY,YC,0.025278586783687426,0.021701076418516412,0.05743844844246759,5.137363985615869,0.02528522675601295,0.02263614622019951,0.05302014185088855,5.596908156666735
e9422c27eb8ba4ce49ee3d4572cbb60db3b60fca32d0a34a70a0f1fdad56cba4,bY,YB,0.03957105695966389,0.03136824211531955,0.08555248606408904,6.053966086441384,0.019697946158210782,0.012722559212736215,0.05803209394360283,1.1787770077200646
e9422c27eb8ba4ce49ee3d4572cbb60db3b60fca32d0a34a70a0f1fdad56cba4,wY,YW,0.04420616400690783,0.03842028658339419,0.06447881369647035,2.518714972247949,0.06677363177762953,0.05707087488451707,0.10163577092490972,3.7959080294904637
e9422c27eb8ba4ce49ee3d4572cbb60db3b60fca32d0a34a70a0f1fdad56cba4,cY,YC,0.05030578780250048,0.03185247252032123,0.14218076051200423,2.71039640083815,0.025179669565211178,0.019713942820421368,0.049585848902249374,2.617995127449831
e9422c27eb8ba4ce49ee3d4572cbb60db3b60fca32d0a34a70a0f1fdad56cba4,Y,pure,2.5662108008416524e-17,9.848752637803809e-18,1.1102230246251565e-16,0.0,2.5662108008416524e-17,9.848752637803809e-18,1.1102230246251565e-16,0.0
4a5323f51f570c47d9b2b38e80c1694784e8689ea897ebfe89ead1c185b2c0a0,B,pure,1.0935905854990128e-17,6.938893903907228e-18,2.7755575615628914e-17,0.0,1.0935905854990128e-17,6.938893903907228e-18,2.7755575615628914e-17,0.0
4a5323f51f570c47d9b2b38e80c1694784e8689ea897ebfe89ead1c185b2c0a0,Bw,BW,0.02782074647983679,0.016068022028961747,0.08408590359139406,5.082431895161353,0.02655531987318561,0.015955696593266643,0.07795831230166858,4.859600867055144
4a5323f51f570c47d9b2b38e80c1694784e8689ea897ebfe89ead1c185b2c0a0,BW,BW,0.019284229427770652,0.016242161630675496,0.043870030968071606,3.3772615114174522,0.014890792450687602,0.012007994063005657,0.0285733603411827,4.712180691932412
4a5323f51f570c47d9b2b38e80c1694784e8689ea897ebfe89ead1c185b2c0a0,bW,BW,0.03322542576360376,0.027548601375710947,0.07336550953080898,5.053897363128744,0.02583052788974993,0.02129394769242276,0.05856830031041342,4.139717788542672
4a5323f51f570c47d9b2b38e80c1694784e8689ea897ebfe89ead1c185b2c0a0,W,pure,3.988038833097616e-17,1.4325458382260084e-17,1.1102230246251565e-16,0.0,3.988038833097616e-17,1.4325458382260084e-17,1.1102230246251565e-16,0.0
4a5323f51f570c47d9b2b38e80c1694784e8689ea897ebfe89ead1c185b2c0a0,Bc,CB,0.016989813797752707,0.014012662926802788,0.03385972083246214,6.712164882150918,0.011452635936661265,0.009515334929311973,0.020753514573428083,2.9899943843643593
4a5323f51f570c47d9b2b38e80c1694784e8689ea897ebfe89ead1c185b2c0a0,Wc,CW,0.061148254687693415,0.03927609229513373,0.14168470661772353,3.773914317835549,0.02958678790580104,0.02007360196109399,0.0754948599116298,2.407738284128149
4a5323f51f570c47d9b2b38e80c1694784e8689ea897ebfe89ead1c185b2c0a0,BC,CB,0.021258569452399793,0.0164263447620216,0.04619402297803968,5.445891074882382,0.012704983039764538,0.011417780016341535,0.0215833471887652,3.507903196427532
4a5323f51f570c47d9b2b38e80c1694784e8689ea897ebfe89ead1c185b2c0a0,WC,CW,0.020904559211207503,0.015500464046578444,0.05000674474836253,2.178659104497365,0.019397449302841763,0.012643941653226107,0.0647256760542736,1.2397985076363325
4a5323f51f570c47d9b2b38e80c1694784e8689ea897ebfe89ead1c185b2c0a0,bC,CB,0.026938434120029782,0.023223720118165987,0.04941286338130983,7.54579089429952,0.013716717376062861,0.010055765544979483,0.036421286901022726,4.7036632387666275
4a5323f51f570c47d9b2b38e80c1694784e8689ea897ebfe89ead1c185b2c0a0,wC,CW,0.02777796676787933,0.017612058587151563,0.0634453537936891,2.3107601167384892,0.007657392154613235,0.006405121834079304,0.02112668842930021,1.5579164562505383
4a5323f51f570c47d9b2b38e80c1694784e8689ea897ebfe89ead1c185b2c0a0,C,pure,1.8358587643600646e-17,7.834235052798484e-18,5.551115123125783e-17,7.932118828604427e-15,1.8358587643600646e-17,7.834235052798484e-18,5.551115123125783e-17,7.932118828604427e-15
4a5323f51f570c47d9b2b38e80c1694784e8689ea897ebfe89ead1c185b2c0a0,By,YB,0.015301566410413242,0.012927790829543524,0.03733041317438257,2.7206369104615407,0.013032895218866558,0.011926502642192497,0.019282663074895984,5.746345342478462
4a5323f51f570c47d9b2b38e80c1694784e8689ea897ebfe89ead1c185b2c0a0,Wy,YW,0.15047347056254928,0.12255861417666118,0.24134625361984274,13.761182482532867,0.1266471479472591,0.10238172745597128,0.20613366342830197,12.746989456066038
4a5323f51f570c47d9b2b38e80c1694784e8689ea897ebfe89ead1c185b2c0a0,Cy,YC,0.0507993333520608,0.036144789023752615,0.10025625473539146,4.80273859854672,0.02376404908239467,0.01899857141934202,0.05195199992251981,4.789389515645688
4a5323f51f570c47d9b2b38e80c1694784e8689ea897ebfe89ead1c185b2c0a0,BY,YB,0.021906051759239643,0.01854904434681261,0.046065028488185555,5.064201563017627,0.011033707840113711,0.009475705722842948,0.02188138956978397,2.521536324609145
4a5323f51f570c47d9b2b38e80c1694784e8689ea897ebfe89ead1c185b2c0a0,WY,YW,0.028938254390692815,0.02479773337575184,0.04402828091440836,1.3612341990208865,0.05367441065297918,0.04626209219150149,0.08569423553727251,2.877791805861599
4a5323f51f570c47d9b2b38e80c1694784e8689ea897ebfe89ead1c185b2c0a0,CY,YC,0.02612550828034241,0.022293598869023608,0.05938895529695176,5.1209436193929765,0.02539754164672757,0.022779851865513297,0.05416577661371824,5.590139034857885
4a5323f51f570c47d9b2b38e80c1694784e8689ea897ebfe89ead1c185b2c0a0,bY,YB,0.03651591211960447,0.029897712128451815,0.07937537821557894,5.730190807024671,0.019130667946615623,0.013198093858462143,0.05278350952964314,1.758722889256661
4a5323f51f570c47d9b2b38e80c1694784e8689ea897ebfe89ead1c185b2c0a0,wY,YW,0.04321002581545375,0.037607875613322815,0.06382901281113385,2.501581260981559,0.06656474237225789,0.05689975252245092,0.10151463974952257,3.8091659049675624
4a5323f51f570c47d9b2b38e80c1694784e8689ea897ebfe89ead1c185b2c0a0,cY,YC,0.051655573289830795,0.03238164897709323,0.14457257565726056,2.630222378169167,0.02548653152012525,0.019937158914636953,0.050748768566244884,2.543290975586666
4a5323f51f570c47d9b2b38e80c1694784e8689ea897ebfe89ead1c185b2c0a0,Y,pure,2.5173261180780693e-17,8.953411488912552e-18,1.1102230246251565e-16,0.0,2.5173261180780693e-17,8.953411488912552e-18,1.1102230246251565e-16,0.0
cc7e7d3ad1c785ba65eda810a50a8f99e3f9b562c25716d18bebb9f28b5e53aa,B,pure,1.0935905854990128e-17,6.938893903907228e-18,2.7755575615628914e-17,0.0,1.0935905854990128e-17,6.938893903907228e-18,2.7755575615628914e-17,0.0
cc7e7d3ad1c785ba65eda810a50a8f99e3f9b562c25716d18bebb9f28b5e53aa,Bw,BW,0.027760936155590155,0.015981013372698943,0.0840811839779215,5.088954361698218,0.026525407148436153,0.015850443793768633,0.0779555420111197,4.847372636099769
cc7e7d3ad1c785ba65eda810a50a8f99e3f9b562c25716d18bebb9f28b5e53aa,BW,BW,0.01893296949127354,0.016058766160351966,0.04311767446581765,3.4459284164474897,0.014775798919302615,0.01195746065119325,0.028286140735816173,4.714460581159375
cc7e7d3ad1c785ba65eda810a50a8f99e3f9b562c25716d18bebb9f28b5e53aa,bW,BW,0.032732778116465126,0.027184633265085002,0.07188690704172938,5.098634324261409,0.025590682138716098,0.021163210579008523,0.05740157273804626,4.208244243497511
cc7e7d3ad1c785ba65eda810a50a8f99e3f9b562c25716d18bebb9f28b5e53aa,W,pure,3.988038833097616e-17,1.4325458382260084e-17,1.1102230246251565e-16,0.0,3.988038833097616e-17,1.4325458382260084e-17,1.1102230246251565e-16,0.0
cc7e7d3ad1c785ba65eda810a50a8f99e3f9b562c25716d18bebb9f28b5e53aa,Bc,CB,0.01657024886419637,0.013517042735234961,0.0335380229199788,6.441139162428532,0.011209194798899955,0.009310017347277108,0.020959631859531258,2.62873227229414
cc7e7d3ad1c785ba65eda810a50a8f99e3f9b562c25716d18bebb9f28b5e53aa,Wc,CW,0.06168325891185085,0.040649351763830124,0.1425356361419074,4.120280129765399,0.03006945530434099,0.02089272553678319,0.07617324161739197,2.535014982116207
cc7e7d3ad1c785ba65eda810a50a8f99e3f9b562c25716d18bebb9f28b5e53aa,BC,CB,0.02062274585019366,0.015986571198406876,0.04449953829337849,5.496169868225961,0.012796829704959737,0.011588161132878316,0.021183986769866797,3.4646544903495853
cc7e7d3ad1c785ba65eda810a50a8f99e3f9b562c25716d18bebb9f28b5e53aa,WC,CW,0.020963788733758443,0.014842647593945709,0.05066775484242858,2.042079744566259,0.01957737676324433,0.012910281228086245,0.06545239840742034,1.3759816647454919
cc7e7d3ad1c785ba65eda810a50a8f99e3f9b562c25716d18bebb9f28b5e53aa,bC,CB,0.02647496553869715,0.022835937375448655,0.050081045605335155,7.549022137606215,0.013892337606584341,0.01016461284223103,0.0371746594928577,4.58274824217221
cc7e7d3ad1c785ba65eda810a50a8f99e3f9b562c25716d18bebb9f28b5e53aa,wC,CW,0.028006346286687602,0.018088188243095174,0.06387206172325666,2.5056444375622617,0.007570690820760089,0.0060964244343487085,0.021763222367405022,1.4136843915362645
cc7e7d3ad1c785ba65eda810a50a8f99e3f9b562c25716d18bebb9f28b5e53aa,C,pure,1.8693932030145073e-17,8.729576201689739e-18,5.551115123125783e-17,7.932118828604427e-15,1.8693932030145073e-17,8.729576201689739e-18,5.551115123125783e-17,7.932118828604427e-15
cc7e7d3ad1c785ba65eda810a50a8f99e3f9b562c25716d18bebb9f28b5e53aa,By,YB,0.015022186119358379,0.012601332486019703,0.03699439557282158,2.719013830855362,0.012700688625275874,0.01161198915439376,0.019398976909322588,5.683330026887008
cc7e7d3ad1c785ba65eda810a50a8f99e3f9b562c25716d18bebb9f28b5e53aa,Wy,YW,0.15072374999342986,0.12293440615849956,0.24140141385647096,13.770171612629094,0.12650050935625007,0.10231216111548136,0.20608762101574807,12.737269492418346
cc7e7d3ad1c785ba65eda810a50a8f99e3f9b562c25716d18bebb9f28b5e53aa,Cy,YC,0.05112888637775286,0.03560290394745182,0.10156106212922927,4.479778450889306,0.019305702504090222,0.015082408739400041,0.04502736285654352,3.339146280569856
cc7e7d3ad1c785ba65eda810a50a8f99e3f9b562c25716d18bebb9f28b5e53aa,BY,YB,0.020997469434005007,0.017827887161574393,0.0438479981944319,4.979023959015595,0.011090988811230823,0.009563909267047914,0.02239464564055048,2.5418407236799494
cc7e7d3ad1c785ba65eda810a50a8f99e3f9b562c25716d18bebb9f28b5e53aa,WY,YW,0.0283136098974628,0.024200102475065512,0.0438191742849483,1.3015665574944493,0.05371911384348455,0.046294544684332924,0.0860922872715415,2.8771387130550705
cc7e7d3ad1c785ba65eda810a50a8f99e3f9b562c25716d18bebb9f28b5e53aa,bY,YB,0.03481306506062264,0.028894983374356673,0.07513427236595503,5.589209404433015,0.018771552859614186,0.012971133728939124,0.05287199839321313,1.6948171379399055
cc7e7d3ad1c785ba65eda810a50a8f99e3f9b562c25716d18bebb9f28b5e53aa,wY,YW,0.04268870513784482,0.037063824838973816,0.0635638403972193,2.4740556467846844,0.06644290045320791,0.056803395070494686,0.10163008831597753,3.8147745570419396
cc7e7d3ad1c785ba65eda810a50a8f99e3f9b562c25716d18bebb9f28b5e53aa,cY,YC,0.05277482984752722,0.030781902504870853,0.14796301796130618,2.7535401181925585,0.022301484869741164,0.01765110983383717,0.0457781714252542,4.779358799856535
cc7e7d3ad1c785ba65eda810a50a8f99e3f9b562c25716d18bebb9f28b5e53aa,Y,pure,2.5173261180780693e-17,8.953411488912552e-18,1.1102230246251565e-16,0.0,2.5173261180780693e-17,8.953411488912552e-18,1.1102230246251565e-16,0.0
9c5355cc218fb622b5a1604ef4eac3251f91315ed4633576affa9288ed4e1ed8,B,pure,1.0935905854990128e-17,6.938893903907228e-18,2.7755575615628914e-17,0.0,1.0935905854990128e-17,6.938893903907228e-18,2.7755575615628914e-17,0.0
9c5355cc218fb622b5a1604ef4eac3251f91315ed4633576affa9288ed4e1ed8,Bw,BW,0.0277366712919926,0.01588159744301472,0.08411187731084943,5.084541297971896,0.026467437253526266,0.015737513422869606,0.07786640340208076,4.81173736442497
9c5355cc218fb622b5a1604ef4eac3251f91315ed4633576affa9288ed4e1ed8,BW,BW,0.018583608582334776,0.015831900402779247,0.04213224807482774,3.415092713477735,0.014529899212125157,0.01179786097875118,0.027421770847755947,4.625558340875212
9c5355cc218fb622b5a1604ef4eac3251f91315ed4633576affa9288ed4e1ed8,bW,BW,0.03214816298998459,0.026775199216343467,0.0699578206380247,5.069717884369344,0.02510744725144419,0.02073765569999023,0.0554249747318013,4.144449141165047
9c5355cc218fb622b5a1604ef4eac3251f91315ed4633576affa9288ed4e1ed8,W,pure,3.988038833097616e-17,1.4325458382260084e-17,1.1102230246251565e-16,0.0,3.988038833097616e-17,1.4325458382260084e-17,1.1102230246251565e-16,0.0
9c5355cc218fb622b5a1604ef4eac3251f91315ed4633576affa9288ed4e1ed8,Bc,CB,0.017008919128450057,0.013771621377180339,0.03399442094599573,6.7701611918550215,0.011310747253999132,0.009423099758642046,0.020656033099632654,2.9140332187885942
9c5355cc218fb622b5a1604ef4eac3251f91315ed4633576affa9288ed4e1ed8,Wc,CW,0.06180699978250245,0.03943570991879933,0.14283009149217257,3.649453801981511,0.029726549753306963,0.020040756066829597,0.07567610247728668,2.313146990447999
9c5355cc218fb622b5a1604ef4eac3251f91315ed4633576affa9288ed4e1ed8,BC,CB,0.020618887603455826,0.016255030273360747,0.04411703632077901,5.429756232374849,0.012668779108264819,0.011482003407277957,0.020792438264062393,3.4726121992814933
9c5355cc218fb622b5a1604ef4eac3251f91315ed4633576affa9288ed4e1ed8,WC,CW,0.021481108137601203,0.016096309222776287,0.050898761661035685,2.2564287438111625,0.019432821232132216,0.01263367108328154,0.06451706437217997,1.2152223716123787
9c5355cc218fb622b5a1604ef4eac3251f91315ed4633576affa9288ed4e1ed8,bC,CB,0.026521238504869173,0.023024751685223475,0.049373440892766116,7.548186983309945,0.013692514402707646,0.009895249281071208,0.03640948951885907,4.663297462459426
9c5355cc218fb622b5a1604ef4eac3251f91315ed4633576affa9288ed4e1ed8,wC,CW,0.027994658071138618,0.01766080888787759,0.06402224048079252,2.2412982442350198,0.0079221559054379,0.0067034921611224445,0.02094217116046282,1.6346341016959638
9c5355cc218fb622b5a1604ef4eac3251f91315ed4633576affa9288ed4e1ed8,C,pure,1.8527018581189072e-17,8.281905627244112e-18,5.551115123125783e-17,7.932118828604427e-15,1.8527018581189072e-17,8.281905627244112e-18,5.551115123125783e-17,7.932118828604427e-15
9c5355cc218fb622b5a1604ef4eac3251f91315ed4633576affa9288ed4e1ed8,By,YB,0.014966091685289734,0.012483647409137644,0.03741053540870318,2.7085023375037145,0.012637680987280547,0.011608970137347139,0.019010590929282867,5.577761526154431
9c5355cc218fb622b5a1604ef4eac3251f91315ed4633576affa9288ed4e1ed8,Wy,YW,0.1508634457556927,0.12288404056265528,0.2413809913298849,13.766656391285172,0.12639555022656931,0.10221045087528198,0.20592425124597125,12.72581505378316
9c5355cc218fb622b5a1604ef4eac3251f91315ed4633576affa9288ed4e1ed8,BY,YB,0.020709225689658255,0.017682852153214385,0.04276326777187268,5.015790690286037,0.010876862148291002,0.009414119303147993,0.021923977948045403,2.360340308943199
9c5355cc218fb622b5a1604ef4eac3251f91315ed4633576affa9288ed4e1ed8,WY,YW,0.028149960691274893,0.02430985717664267,0.043341457072965106,1.3773492818332678,0.05373985394999342,0.046302805381706315,0.08611654788303236,2.8729595983820815
9c5355cc218fb622b5a1604ef4eac3251f91315ed4633576affa9288ed4e1ed8,CY,YC,0.026814309911688542,0.022539798849175816,0.06224542351021156,4.909119930869523,0.02145884500264768,0.018519017139097965,0.059275542562510775,4.824911673794154
9c5355cc218fb622b5a1604ef4eac3251f91315ed4633576affa9288ed4e1ed8,bY,YB,0.034189107326408896,0.028418126619846905,0.0720234041107449,5.6411657231796015,0.018127692763477848,0.012618009275734789,0.051533222464996434,1.7741587136463848
9c5355cc218fb622b5a1604ef4eac3251f91315ed4633576affa9288ed4e1ed8,wY,YW,0.0423712447937446,0.03693044501543543,0.06269304918878449,2.5112758440021925,0.06634965648093219,0.05667570864526507,0.10117124516537501,3.7981915039763807
9c5355cc218fb622b5a1604ef4eac3251f91315ed4633576affa9288ed4e1ed8,cY,YC,0.05344601752052976,0.03389086632495634,0.14798827757941146,2.7464601587821367,0.0250796874415413,0.020625239793194163,0.05736428457079412,2.3979042410991367
9c5355cc218fb622b5a1604ef4eac3251f91315ed4633576affa9288ed4e1ed8,Y,pure,2.5173261180780693e-17,8.953411488912552e-18,1.1102230246251565e-16,0.0,2.5173261180780693e-17,8.953411488912552e-18,1.1102230246251565e-16,0.0
e21996b681c5cadc47a16dc0198bce20721b8d631e8699a1a8e103ac5e62c24f,B,pure,1.0648068352018058e-17,6.4912233294616e-18,2.7755575615628914e-17,0.0,1.0648068352018058e-17,6.4912233294616e-18,2.7755575615628914e-17,0.0
e21996b681c5cadc47a16dc0198bce20721b8d631e8699a1a8e103ac5e62c24f,Bw,BW,0.028018171522600045,0.016425616709982133,0.08361941260191402,4.890584683822877,0.026681988469281905,0.016295773808377365,0.07816734263147984,4.929761987657842
e21996b681c5cadc47a16dc0198bce20721b8d631e8699a1a8e103ac5e62c24f,BW,BW,0.02123337581980476,0.017006426436159246,0.05439895659591941,2.5240651068086866,0.015787425094070325,0.012371599299995113,0.034831958846402444,4.699623690530905
e21996b681c5cadc47a16dc0198bce20721b8d631e8699a1a8e103ac5e62c24f,bW,BW,0.03541197834432623,0.028182522731478383,0.08503271635269778,4.152023724680152,0.02713369467752494,0.021945393413949486,0.06497182673738149,3.4452383131701967
e21996b681c5cadc47a16dc0198bce20721b8d631e8699a1a8e103ac5e62c24f,W,pure,3.988038833097616e-17,1.4325458382260084e-17,1.1102230246251565e-16,0.0,3.988038833097616e-17,1.4325458382260084e-17,1.1102230246251565e-16,0.0
e21996b681c5cadc47a16dc0198bce20721b8d631e8699a1a8e103ac5e62c24f,Bc,CB,0.017010863868788143,0.013613252962683267,0.0339331206488558,6.752732209839352,0.01138586081785777,0.009538587946891835,0.01826886544818096,3.3094169804162967
e21996b681c5cadc47a16dc0198bce20721b8d631e8699a1a8e103ac5e62c24f,Wc,CW,0.059703054754982915,0.038014121870125935,0.13901129262108258,3.7782684763856498,0.028884155145630443,0.019375079368997964,0.07393064945604227,2.366503601085114
e21996b681c5cadc47a16dc0198bce20721b8d631e8699a1a8e103ac5e62c24f,BC,CB,0.017923226251192595,0.014402607154795416,0.03555724993874562,5.484513104909431,0.012567207674091158,0.011392381740072618,0.022111971334437402,3.6493539969517883
e21996b681c5cadc47a16dc0198bce20721b8d631e8699a1a8e103ac5e62c24f,WC,CW,0.019941518042906285,0.014879101546146582,0.047701410485694096,2.1578918575379906,0.0192162541687204,0.01247180519332956,0.06452240764239492,1.2615863951169874
e21996b681c5cadc47a16dc0198bce20721b8d631e8699a1a8e103ac5e62c24f,bC,CB,0.024470213636384804,0.020767603575401403,0.048979684659389386,7.560489911522143,0.01330949167347256,0.009476965112510512,0.03616275901984158,4.846929722379756
e21996b681c5cadc47a16dc0198bce20721b8d631e8699a1a8e103ac5e62c24f,wC,CW,0.02731764794541701,0.017274765492509236,0.06270809492630314,2.309000390736741,0.007309110392598475,0.006187445545742743,0.02094749886769942,1.5070436203378417
e21996b681c5cadc47a16dc0198bce20721b8d631e8699a1a8e103ac5e62c24f,C,pure,1.9744505483992664e-17,9.177246776135366e-18,5.551115123125783e-17,7.932118828604427e-15,1.9744505483992664e-17,9.177246776135366e-18,5.551115123125783e-17,7.932118828604427e-15
e21996b681c5cadc47a16dc0198bce20721b8d631e8699a1a8e103ac5e62c24f,By,YB,0.020220366257064297,0.017384662601197524,0.03777264645055642,4.221829398380358,0.011634790315573426,0.010455826317143924,0.019602273980931013,3.8102008751997283
e21996b681c5cadc47a16dc0198bce20721b8d631e8699a1a8e103ac5e62c24f,Wy,YW,0.14892928729386176,0.12048668003331205,0.24091965830018325,13.807681883850034,0.12751595666110427,0.10304783105778366,0.2056439945456262,12.736965385917898
e21996b681c5cadc47a16dc0198bce20721b8d631e8699a1a8e103ac5e62c24f,Cy,YC,0.04858430336997124,0.0348858873949471,0.0968437247222238,4.7929623573944955,0.02473076929909664,0.019438047730020398,0.0553289490210081,4.751475061067848
e21996b681c5cadc47a16dc0198bce20721b8d631e8699a1a8e103ac5e62c24f,BY,YB,0.030158986209904367,0.023494921626363,0.06423063938324336,6.749765250203043,0.012364194822284688,0.00997089985896069,0.028452610510066867,2.512260480112673
e21996b681c5cadc47a16dc0198bce20721b8d631e8699a1a8e103ac5e62c24f,WY,YW,0.03269943372618811,0.026827452533719126,0.05998533889923907,1.3764363657565262,0.05330596523662618,0.04578622808278588,0.08562616530669731,2.88614068184904
e21996b681c5cadc47a16dc0198bce20721b8d631e8699a1a8e103ac5e62c24f,CY,YC,0.022645168331246128,0.020257355012906413,0.04714398677857157,5.153470618642966,0.02494963297182142,0.02236976227574757,0.04971649564638547,5.59227329165674
e21996b681c5cadc47a16dc0198bce20721b8d631e8699a1a8e103ac5e62c24f,wY,YW,0.047340806637909974,0.040862996717339464,0.07003690161734766,2.5182758408224912,0.0675115943079915,0.05787978973088313,0.10248219679679049,3.800781975472958
e21996b681c5cadc47a16dc0198bce20721b8d631e8699a1a8e103ac5e62c24f,cY,YC,0.04484629952310777,0.029180863789470254,0.12868227329275284,2.554135007661068,0.02373852291045817,0.0185477322392478,0.04608708458150801,2.585702455222542
e21996b681c5cadc47a16dc0198bce20721b8d631e8699a1a8e103ac5e62c24f,Y,pure,2.928053037624691e-17,1.343011723336883e-17,1.1102230246251565e-16,0.0,2.928053037624691e-17,1.343011723336883e-17,1.1102230246251565e-16,0.0
96064b6a373a528f986cee187b8aba704e0222a4f850845f9cd02188c785cd81,B,pure,1.0864661410242736e-17,6.715058616684415e-18,2.7755575615628914e-17,0.0,1.0864661410242736e-17,6.715058616684415e-18,2.7755575615628914e-17,0.0
96064b6a373a528f986cee187b8aba704e0222a4f850845f9cd02188c785cd81,Bw,BW,0.027665617812094756,0.015811821129164346,0.0841139553326673,5.067519536653077,0.026329287837524785,0.01555417356229356,0.07750692237852286,4.692159121422337
96064b6a373a528f986cee187b8aba704e0222a4f850845f9cd02188c785cd81,BW,BW,0.017761334345116852,0.015312175341348834,0.040048288082108634,3.1456512034343658,0.013514415903307635,0.011000679661796369,0.027169087079284227,4.232544734573251
96064b6a373a528f986cee187b8aba704e0222a4f850845f9cd02188c785cd81,bW,BW,0.03156370139586713,0.02701085611799853,0.06590611628130019,4.968638644830343,0.023759289469658038,0.019502997645056287,0.050385952870900114,3.571472617968571
96064b6a373a528f986cee187b8aba704e0222a4f850845f9cd02188c785cd81,W,pure,3.988038833097616e-17,1.4325458382260084e-17,1.1102230246251565e-16,0.0,3.988038833097616e-17,1.4325458382260084e-17,1.1102230246251565e-16,0.0
96064b6a373a528f986cee187b8aba704e0222a4f850845f9cd02188c785cd81,Bc,CB,0.01711280246263578,0.0138110502370538,0.03420368433624648,7.304553565452899,0.011568758095136127,0.009746309044383294,0.019554873584554044,3.5280171265099476
96064b6a373a528f986cee187b8aba704e0222a4f850845f9cd02188c785cd81,Wc,CW,0.062345801280288,0.03891217126965793,0.14523877308932115,4.301902747512609,0.0298666834505106,0.01921037504183789,0.07706934786738778,2.646797181666535
96064b6a373a528f986cee187b8aba704e0222a4f850845f9cd02188c785cd81,BC,CB,0.018829200237627675,0.015400013403221509,0.03894331658677205,5.687356981831142,0.012639349205579986,0.011364120587661423,0.021898241869210675,3.812732811082287
96064b6a373a528f986cee187b8aba704e0222a4f850845f9cd02188c785cd81,WC,CW,0.02203929884959169,0.016503808396165467,0.05283363120679618,2.573781267871926,0.019420331616972035,0.01239128598779868,0.06555042861063709,1.121360083542136
96064b6a373a528f986cee187b8aba704e0222a4f850845f9cd02188c785cd81,bC,CB,0.025245674990187233,0.021708104377613387,0.04848804901201252,7.652026729240679,0.013871574646280898,0.009942034418073365,0.03652046170706909,4.960637089132
96064b6a373a528f986cee187b8aba704e0222a4f850845f9cd02188c785cd81,wC,CW,0.02823504412304144,0.017389786257602267,0.06530203793884715,2.3699592430194367,0.008278763675897735,0.0071721458579498175,0.021849618246717717,1.6989253169675063
96064b6a373a528f986cee187b8aba704e0222a4f850845f9cd02188c785cd81,C,pure,1.8527018581189072e-17,8.281905627244112e-18,5.551115123125783e-17,7.932118828604427e-15,1.8527018581189072e-17,8.281905627244112e-18,5.551115123125783e-17,7.932118828604427e-15
96064b6a373a528f986cee187b8aba704e0222a4f850845f9cd02188c785cd81,By,YB,0.01439923640542362,0.011383356538874153,0.037428200025354574,2.7800224990971625,0.011985166383587471,0.0111047933338561,0.018556167437551382,5.002254109729915
96064b6a373a528f986cee187b8aba704e0222a4f850845f9cd02188c785cd81,Wy,YW,0.15100014785401775,0.12319404891551745,0.24061839552034225,13.72599003740468,0.12633527188217483,0.10219985799355942,0.20684235803001394,12.71751294129416
96064b6a373a528f986cee187b8aba704e0222a4f850845f9cd02188c785cd81,Cy,YC,0.053132818122236414,0.038246202137030505,0.10697264663277378,5.279985436726308,0.022733277929457885,0.019189657841949263,0.043236582611878294,4.822354654138533
96064b6a373a528f986cee187b8aba704e0222a4f850845f9cd02188c785cd81,BY,YB,0.019151519021892723,0.016437189222484303,0.040984019771908325,5.4328514649526864,0.01078159240708856,0.009616379865514944,0.02281245923231201,1.4027198150780489
96064b6a373a528f986cee187b8aba704e0222a4f850845f9cd02188c785cd81,WY,YW,0.027639498337083793,0.023982410120179445,0.044109462526378485,1.387628183519394,0.05380389496342162,0.046224604118298936,0.08765515932238022,2.84715908375493
96064b6a373a528f986cee187b8aba704e0222a4f850845f9cd02188c785cd81,CY,YC,0.027930907969132047,0.021684535138558964,0.0678792746492457,4.492988456445836,0.019872296678511602,0.018016833934900642,0.036509134480958105,4.402864315844719
96064b6a373a528f986cee187b8aba704e0222a4f850845f9cd02188c785cd81,bY,YB,0.030523773726213697,0.026207379721887428,0.06746288767313806,6.331161308529495,0.01697938629638854,0.01210309935290077,0.05003573678552649,2.9007573881649704
96064b6a373a528f986cee187b8aba704e0222a4f850845f9cd02188c785cd81,wY,YW,0.04227265715788119,0.03658512998097561,0.06604523926628636,2.5075342801588656,0.06646361866033461,0.05658012066755144,0.1040729574888466,3.771972129664677
96064b6a373a528f986cee187b8aba704e0222a4f850845f9cd02188c785cd81,Y,pure,2.5662108008416524e-17,9.848752637803809e-18,1.1102230246251565e-16,0.0,2.5662108008416524e-17,9.848752637803809e-18,1.1102230246251565e-16,0.0
cbe09c017f9de81ba5370ab5aa5812c01c3e1f8a24165a6cbe523432639bb67b,B,pure,1.0648068352018058e-17,6.4912233294616e-18,2.7755575615628914e-17,0.0,1.0648068352018058e-17,6.4912233294616e-18,2.7755575615628914e-17,0.0
cbe09c017f9de81ba5370ab5aa5812c01c3e1f8a24165a6cbe523432639bb67b,Bw,BW,0.015278597042492573,0.011253266577204938,0.0430875363955848,1.5773315992384092,0.01516921361906857,0.01021575684069856,0.0459467968418627,2.555203713200332
cbe09c017f9de81ba5370ab5aa5812c01c3e1f8a24165a6cbe523432639bb67b,BW,BW,0.019115361957082008,0.01583616508099757,0.04371031755824443,3.683345339782754,0.013996981706754773,0.011059767213845235,0.028289659450711324,4.62276336564536
cbe09c017f9de81ba5370ab5aa5812c01c3e1f8a24165a6cbe523432639bb67b,bW,BW,0.03213296503612381,0.02523965876729202,0.07305120496398133,5.324400846572464,0.023953743513301998,0.019601633186286757,0.05810613408367732,4.503456994571404
cbe09c017f9de81ba5370ab5aa5812c01c3e1f8a24165a6cbe523432639bb67b,W,pure,3.988038833097616e-17,1.4325458382260084e-17,1.1102230246251565e-16,0.0,3.988038833097616e-17,1.4325458382260084e-17,1.1102230246251565e-16,0.0
cbe09c017f9de81ba5370ab5aa5812c01c3e1f8a24165a6cbe523432639bb67b,Wc,CW,0.06118720549913755,0.03867081330138542,0.14151904654671726,2.949506155412954,0.02956688139826279,0.01999542502628874,0.07523107504220033,1.952542343115458
cbe09c017f9de81ba5370ab5aa5812c01c3e1f8a24165a6cbe523432639bb67b,BC,CB,0.021674547226507163,0.0167418988634539,0.047592772385993715,4.979509020192749,0.011180176622708421,0.009573186234780862,0.02202224526096569,2.4685574240242425
cbe09c017f9de81ba5370ab5aa5812c01c3e1f8a24165a6cbe523432639bb67b,WC,CW,0.021107001420757106,0.016011590501995993,0.04987917992874069,2.133644533921335,0.0193922354428194,0.01256874469134721,0.06432477156952376,1.2658945784290239
cbe09c017f9de81ba5370ab5aa5812c01c3e1f8a24165a6cbe523432639bb67b,bC,CB,0.027459166723957356,0.02327458973581807,0.049944182507675114,7.373517033311739,0.014665865424029692,0.01133939453766362,0.03720216995091752,4.376111731957402
cbe09c017f9de81ba5370ab5aa5812c01c3e1f8a24165a6cbe523432639bb67b,wC,CW,0.027738010403932045,0.01747300429979747,0.06336351659422701,2.005844713402535,0.007878331801810322,0.0066646711953799705,0.020776832712177007,1.6901006939761754
cbe09c017f9de81ba5370ab5aa5812c01c3e1f8a24165a6cbe523432639bb67b,C,pure,1.8358587643600646e-17,7.834235052798484e-18,5.551115123125783e-17,7.932118828604427e-15,1.8358587643600646e-17,7.834235052798484e-18,5.551115123125783e-17,7.932118828604427e-15
cbe09c017f9de81ba5370ab5aa5812c01c3e1f8a24165a6cbe523432639bb67b,By,YB,0.014643660109540945,0.012755536232903519,0.032629936050483865,2.7447167313298126,0.012675831859053818,0.01149469029771637,0.01888802411689594,5.661089603819833
cbe09c017f9de81ba5370ab5aa5812c01c3e1f8a24165a6cbe523432639bb67b,Wy,YW,0.15063803433753684,0.12260898922909452,0.24148033876633457,13.774008665878448,0.1265271902664037,0.10228956533240281,0.20599506258176403,12.739197217431343
cbe09c017f9de81ba5370ab5aa5812c01c3e1f8a24165a6cbe523432639bb67b,Cy,YC,0.041539313202505666,0.02939107617956524,0.1054625727006776,3.6614967908929423,0.013424809017326667,0.012114236263353919,0.020701978975763036,3.200276423170711
cbe09c017f9de81ba5370ab5aa5812c01c3e1f8a24165a6cbe523432639bb67b,BY,YB,0.021626321823600733,0.01830679885660357,0.04527685629368859,5.040676274204535,0.010839527880769936,0.009386277707570488,0.021348550307920558,2.6200994292485595
cbe09c017f9de81ba5370ab5aa5812c01c3e1f8a24165a6cbe523432639bb67b,WY,YW,0.028630631627167898,0.024632537366099442,0.04369150439267,1.383921397916697,0.05369443850597228,0.04625521798117946,0.08593250608058689,2.870062247582969
cbe09c017f9de81ba5370ab5aa5812c01c3e1f8a24165a6cbe523432639bb67b,CY,YC,0.0259659270398021,0.022258981406108744,0.05852806661074961,5.038939711250897,0.02526188168262086,0.022346368765541996,0.06153677809712765,5.775888308961203
cbe09c017f9de81ba5370ab5aa5812c01c3e1f8a24165a6cbe523432639bb67b,bY,YB,0.036247161090506005,0.029666864875797044,0.07786330608025122,5.674323682246335,0.018737356394821263,0.012948983734277757,0.05241002464357852,1.5314437391387166
cbe09c017f9de81ba5370ab5aa5812c01c3e1f8a24165a6cbe523432639bb67b,wY,YW,0.04282779170848978,0.03734787582944425,0.06294615119342328,2.5156087611238136,0.06644519905535581,0.05677792304386167,0.10113569000562306,3.796535854306281
cbe09c017f9de81ba5370ab5aa5812c01c3e1f8a24165a6cbe523432639bb67b,cY,YC,0.05146651047878285,0.032338770993552285,0.1435229832734939,2.1838644816323742,0.022119913624193344,0.01676539567153865,0.04999277197135754,2.2313262167280845
cbe09c017f9de81ba5370ab5aa5812c01c3e1f8a24165a6cbe523432639bb67b,Y,pure,2.7530830413828363e-17,1.1639434935586319e-17,1.1102230246251565e-16,0.0,2.7530830413828363e-17,1.1639434935586319e-17,1.1102230246251565e-16,0.0
518fcd3951939d43b6e3705a3be5076433d81f1339f026a69bf9879b84f062ce,B,pure,1.035223079289144e-17,6.043552755015973e-18,2.7755575615628914e-17,0.0,1.035223079289144e-17,6.043552755015973e-18,2.7755575615628914e-17,0.0
518fcd3951939d43b6e3705a3be5076433d81f1339f026a69bf9879b84f062ce,Bw,BW,0.015225233259855683,0.010992257706835698,0.04365300727352375,1.5916325422195805,0.014975694496078574,0.009834605720080878,0.046287513109298906,2.3719263269245308
518fcd3951939d43b6e3705a3be5076433d81f1339f026a69bf9879b84f062ce,BW,BW,0.01799235468772484,0.01518228384999402,0.04061579411832005,3.7803697230040947,0.013402715858440582,0.010762023586169211,0.027466680155434617,4.484294794172232
518fcd3951939d43b6e3705a3be5076433d81f1339f026a69bf9879b84f062ce,bW,BW,0.030270098811158722,0.023892726155995966,0.06700576087945476,5.400519781221958,0.02277493385754426,0.01881302448327838,0.052616689680951914,4.547612444085754
518fcd3951939d43b6e3705a3be5076433d81f1339f026a69bf9879b84f062ce,W,pure,3.988038833097616e-17,1.4325458382260084e-17,1.1102230246251565e-16,0.0,3.988038833097616e-17,1.4325458382260084e-17,1.1102230246251565e-16,0.0
518fcd3951939d43b6e3705a3be5076433d81f1339f026a69bf9879b84f062ce,Bc,CB,0.01870650958216063,0.015920128515347604,0.03392596525162851,7.243688129952327,0.009487443156759477,0.007729545432900632,0.018728656237571223,2.2152394281370333
518fcd3951939d43b6e3705a3be5076433d81f1339f026a69bf9879b84f062ce,Wc,CW,0.061407931993277716,0.03946763809776478,0.1398393731155993,3.5459515002472277,0.029615561769933064,0.020256372476925813,0.07328849830410195,2.28463505577364
518fcd3951939d43b6e3705a3be5076433d81f1339f026a69bf9879b84f062ce,WC,CW,0.021082996007435777,0.015749221490465086,0.04882961293543342,2.152739193892036,0.019390658236345972,0.0126964400239758,0.06328193980438834,1.254056597223035
518fcd3951939d43b6e3705a3be5076433d81f1339f026a69bf9879b84f062ce,bC,CB,0.03322471768405226,0.02884213740880932,0.0646509949614591,7.620665932970814,0.013966131266063504,0.010002856464085476,0.035115473246701875,5.214360324253614
518fcd3951939d43b6e3705a3be5076433d81f1339f026a69bf9879b84f062ce,wC,CW,0.027764150838848395,0.0176445011139632,0.06255560719803877,2.2313963810235133,0.00773089934281981,0.006566836198605516,0.019874984793068262,1.6121621097913932
518fcd3951939d43b6e3705a3be5076433d81f1339f026a69bf9879b84f062ce,C,pure,2.7190229707656024e-17,1.1639434935586319e-17,1.1102230246251565e-16,7.932118828604427e-15,2.7190229707656024e-17,1.1639434935586319e-17,1.1102230246251565e-16,7.932118828604427e-15
518fcd3951939d43b6e3705a3be5076433d81f1339f026a69bf9879b84f062ce,By,YB,0.014377813642024975,0.012432317234508541,0.03278061121590822,2.7204438354340135,0.012279471635042163,0.011203201884163417,0.018408685229436554,5.422407271342216
518fcd3951939d43b6e3705a3be5076433d81f1339f026a69bf9879b84f062ce,Wy,YW,0.15080840146584412,0.12272584953908265,0.24149203489696958,13.778445385542064,0.12642391528091326,0.10219392132383548,0.20599236048799285,12.734983184554482
518fcd3951939d43b6e3705a3be5076433d81f1339f026a69bf9879b84f062ce,Cy,YC,0.041055317099404305,0.029101313695867916,0.10309825231054259,3.6622440269852743,0.013598102251210002,0.012229646387757408,0.02181407526429313,3.2030490724400233
518fcd3951939d43b6e3705a3be5076433d81f1339f026a69bf9879b84f062ce,BY,YB,0.020561461987385895,0.017614931481694542,0.04207533016246757,4.9750870657999045,0.01056924365520475,0.009244033157006074,0.020882962345813702,2.393866077066381
518fcd3951939d43b6e3705a3be5076433d81f1339f026a69bf9879b84f062ce,WY,YW,0.028273587533936398,0.02441531865358093,0.043421825457543695,1.3984484619466013,0.05371759828326648,0.046265788671849474,0.08601732710667676,2.8688738451395555
518fcd3951939d43b6e3705a3be5076433d81f1339f026a69bf9879b84f062ce,CY,YC,0.025609192410360526,0.022305918591869006,0.054968985184371766,5.142091726036317,0.025224037966298317,0.022217560817178718,0.06152861032587431,5.7988585936719215
518fcd3951939d43b6e3705a3be5076433d81f1339f026a69bf9879b84f062ce,bY,YB,0.03422660567225387,0.02835120601488757,0.06962544762205412,5.551769953656894,0.01745265055831813,0.012261113535142332,0.04964727229211292,1.538341994079447
518fcd3951939d43b6e3705a3be5076433d81f1339f026a69bf9879b84f062ce,wY,YW,0.04245978121325216,0.0370560377958074,0.06235452586785406,2.5239737192609266,0.06634874197487421,0.05667972947142821,0.10084433813881855,3.791873712391085
518fcd3951939d43b6e3705a3be5076433d81f1339f026a69bf9879b84f062ce,cY,YC,0.050387071458454266,0.031602522712191584,0.13908038613622753,2.257941308464196,0.02179389467511216,0.016534258162247278,0.0476154704494226,2.173507220827787
518fcd3951939d43b6e3705a3be5076433d81f1339f026a69bf9879b84f062ce,Y,pure,2.5173261180780693e-17,8.953411488912552e-18,1.1102230246251565e-16,0.0,2.5173261180780693e-17,8.953411488912552e-18,1.1102230246251565e-16,0.0
8a4e695528646534b6307dc7a9954eedac2175ae39585424980f10880d062b7f,B,pure,1.0864661410242736e-17,6.715058616684415e-18,2.7755575615628914e-17,0.0,1.0864661410242736e-17,6.715058616684415e-18,2.7755575615628914e-17,0.0
8a4e695528646534b6307dc7a9954eedac2175ae39585424980f10880d062b7f,Bw,BW,0.015122253565508567,0.01092214334509425,0.04353819229364361,1.5889340223206168,0.014924750669027344,0.009796885246990204,0.04658463886045783,2.3269322230965006
8a4e695528646534b6307dc7a9954eedac2175ae39585424980f10880d062b7f,BW,BW,0.01751410312772075,0.014877478292614143,0.038731731311569095,3.7046418328208026,0.01277721091468404,0.01035342839459527,0.026039389238629015,4.338181803974486
8a4e695528646534b6307dc7a9954eedac2175ae39585424980f10880d062b7f,bW,BW,0.029587808588954153,0.023600990148601203,0.06336564647128244,5.345955137081974,0.02175457538573451,0.017963388592497236,0.04841015097397884,4.365168867204987
8a4e695528646534b6307dc7a9954eedac2175ae39585424980f10880d062b7f,W,pure,3.988038833097616e-17,1.4325458382260084e-17,1.1102230246251565e-16,0.0,3.988038833097616e-17,1.4325458382260084e-17,1.1102230246251565e-16,0.0
8a4e695528646534b6307dc7a9954eedac2175ae39585424980f10880d062b7f,Bc,CB,0.01919179107953186,0.01639122461647903,0.03394159104863349,6.509317101890034,0.012011669907540344,0.010072317569740695,0.026662738504592,2.4317807933665216
8a4e695528646534b6307dc7a9954eedac2175ae39585424980f10880d062b7f,Wc,CW,0.061451255019014404,0.03950752746300561,0.13910305028702324,3.431446441120258,0.02959306870176268,0.02025112665420035,0.07253578001717059,2.2272624377297685
8a4e695528646534b6307dc7a9954eedac2175ae39585424980f10880d062b7f,BC,CB,0.029919741129946827,0.021822785095827326,0.06922582406175726,5.092510955467803,0.012318309971888385,0.010344381119823663,0.026388508205568012,3.9248259216948402
8a4e695528646534b6307dc7a9954eedac2175ae39585424980f10880d062b7f,WC,CW,0.02114327910649535,0.015927901580670433,0.048834890767584405,2.182746728889495,0.01941316281219102,0.012753203682732183,0.06291343951023742,1.2241864421918245
8a4e695528646534b6307dc7a9954eedac2175ae39585424980f10880d062b7f,wC,CW,0.027762463626621037,0.017714429888214218,0.06221353505604277,2.1961399127650063,0.007761553044304119,0.006567816763722259,0.019549289035504125,1.6220031941500357
8a4e695528646534b6307dc7a9954eedac2175ae39585424980f10880d062b7f,C,pure,1.8527018581189072e-17,8.281905627244112e-18,5.551115123125783e-17,7.932118828604427e-15,1.8527018581189072e-17,8.281905627244112e-18,5.551115123125783e-17,7.932118828604427e-15
8a4e695528646534b6307dc7a9954eedac2175ae39585424980f10880d062b7f,By,YB,0.014300052453509514,0.012322738660986193,0.03275105640807488,2.734515367168855,0.012123220587266791,0.011109761068886666,0.01830896634622895,5.283388747907929
8a4e695528646534b6307dc7a9954eedac2175ae39585424980f10880d062b7f,Wy,YW,0.1508949796075443,0.12280893865390029,0.2416812533884236,13.781015438950345,0.12638745637158294,0.10217822293142426,0.2059317848871869,12.730870455440161
8a4e695528646534b6307dc7a9954eedac2175ae39585424980f10880d062b7f,Cy,YC,0.04103511001173908,0.029051480167918736,0.10338830701552948,3.66822489241105,0.013595771717098519,0.01219368809482977,0.02192626164594924,3.2221194111189
8a4e695528646534b6307dc7a9954eedac2175ae39585424980f10880d062b7f,BY,YB,0.020225332227830205,0.01742963229129249,0.040970938491060586,5.008616905205782,0.010385613003934114,0.009198944189018178,0.019944105391585795,2.19944502558305
8a4e695528646534b6307dc7a9954eedac2175ae39585424980f10880d062b7f,WY,YW,0.028146942810909303,0.024310424885572935,0.04336663205626756,1.3943281437952446,0.05372998852713695,0.046275044449104276,0.08628019241820539,2.868437818693759
8a4e695528646534b6307dc7a9954eedac2175ae39585424980f10880d062b7f,CY,YC,0.025628686304697484,0.02242483703994237,0.055411155315358895,5.10250786917837,0.025196720776513738,0.02222201712865468,0.06083948178201992,5.735778588697121
8a4e695528646534b6307dc7a9954eedac2175ae39585424980f10880d062b7f,bY,YB,0.03358678467998235,0.028099973487890725,0.06743702608649776,5.621809042179965,0.016794427657143635,0.012068592062767548,0.04731732882372669,1.6602017109202205
8a4e695528646534b6307dc7a9954eedac2175ae39585424980f10880d062b7f,wY,YW,0.04231879536431329,0.03693559434416347,0.06243806473561786,2.5222039045830718,0.06631969077708429,0.05665287785947091,0.10112213128559422,3.791796877723714
8a4e695528646534b6307dc7a9954eedac2175ae39585424980f10880d062b7f,cY,YC,0.05021094205368184,0.0313886206914654,0.13964159312050595,2.1072598605756285,0.021608483283185043,0.016348200767866583,0.04666760750207366,2.0539739822736442
8a4e695528646534b6307dc7a9954eedac2175ae39585424980f10880d062b7f,Y,pure,2.5662108008416524e-17,9.848752637803809e-18,1.1102230246251565e-16,0.0,2.5662108008416524e-17,9.848752637803809e-18,1.1102230246251565e-16,0.0
d3387045757887f9970a77fad734062cf1034971fd05533d4998cba8b158cf7b,B,pure,1.0648068352018058e-17,6.4912233294616e-18,2.7755575615628914e-17,0.0,1.0648068352018058e-17,6.4912233294616e-18,2.7755575615628914e-17,0.0
d3387045757887f9970a77fad734062cf1034971fd05533d4998cba8b158cf7b,Bw,BW,0.015617744397216181,0.011272651532400929,0.044831940600707554,1.5577073700423973,0.015159282059281057,0.010184525605134814,0.045439448717083636,2.503184786212478
d3387045757887f9970a77fad734062cf1034971fd05533d4998cba8b158cf7b,BW,BW,0.018810051314189263,0.01545090359040247,0.04354517721657093,3.5330584734438117,0.013910032623170733,0.010952383981145586,0.0280008007655467,4.580991845846318
d3387045757887f9970a77fad734062cf1034971fd05533d4998cba8b158cf7b,bW,BW,0.03174481277275946,0.0245852256534714,0.07272645932586051,5.134282308305624,0.023856628352591138,0.019545288138212488,0.05763258241548684,4.438341057197815
d3387045757887f9970a77fad734062cf1034971fd05533d4998cba8b158cf7b,W,pure,3.988038833097616e-17,1.4325458382260084e-17,1.1102230246251565e-16,0.0,3.988038833097616e-17,1.4325458382260084e-17,1.1102230246251565e-16,0.0
d3387045757887f9970a77fad734062cf1034971fd05533d4998cba8b158cf7b,Bc,CB,0.01761219667488361,0.014449613763145392,0.03394984113691067,6.8228981440765955,0.01131328774666305,0.00960987576481461,0.020468736170864504,2.949287729945917
d3387045757887f9970a77fad734062cf1034971fd05533d4998cba8b158cf7b,Wc,CW,0.06130720978536843,0.039441084721238646,0.14160834323008503,3.6211121578967074,0.029578266077645902,0.020159194403670658,0.07518453933254338,2.3015600795279103
d3387045757887f9970a77fad734062cf1034971fd05533d4998cba8b158cf7b,BC,CB,0.021267813627836214,0.01671603501475389,0.04562128131064941,5.14309852618946,0.012772927148895084,0.011569903892326169,0.021040883010721045,3.4366121427665592
d3387045757887f9970a77fad734062cf1034971fd05533d4998cba8b158cf7b,WC,CW,0.02104818533845895,0.015707142205324046,0.04994789685963319,2.175768171764524,0.019415806997122507,0.012681845178120744,0.0642029421628505,1.2483651917152638
d3387045757887f9970a77fad734062cf1034971fd05533d4998cba8b158cf7b,bC,CB,0.027020360069814384,0.02343199337700535,0.04955717459748463,7.4433485946035525,0.013577288081562302,0.009747146684628165,0.0365268837382655,4.724940955358906
d3387045757887f9970a77fad734062cf1034971fd05533d4998cba8b158cf7b,wC,CW,0.027816106005797495,0.017687536851716656,0.0634075804342239,2.2626431128532,0.0077059095206148814,0.006459585152691546,0.02066926021011617,1.573654171778814
d3387045757887f9970a77fad734062cf1034971fd05533d4998cba8b158cf7b,C,pure,2.7104410778047382e-17,1.1415599648363505e-17,1.1102230246251565e-16,7.932118828604427e-15,2.7104410778047382e-17,1.1415599648363505e-17,1.1102230246251565e-16,7.932118828604427e-15
d3387045757887f9970a77fad734062cf1034971fd05533d4998cba8b158cf7b,Wy,YW,0.1505786387003636,0.12219707979374456,0.24162397331207996,13.818983542979527,0.1265538663791074,0.10215565588176108,0.20604870326842506,12.763211612838901
d3387045757887f9970a77fad734062cf1034971fd05533d4998cba8b158cf7b,Cy,YC,0.04141220831805544,0.029216055766825413,0.10523948371239478,3.668238508394079,0.013550478037065428,0.012237010106493666,0.020693549076076068,3.237551227882802
d3387045757887f9970a77fad734062cf1034971fd05533d4998cba8b158cf7b,BY,YB,0.021995560902920104,0.018461392646639603,0.04574184246789964,5.161032479768243,0.010532335538816936,0.008172502269545549,0.02961408179033853,2.2147253279981562
d3387045757887f9970a77fad734062cf1034971fd05533d4998cba8b158cf7b,WY,YW,0.028718143274045003,0.024679144922390105,0.043667687685366,1.4412573822030181,0.05364280706440723,0.04607812665323596,0.08616989304374256,2.862357472536741
d3387045757887f9970a77fad734062cf1034971fd05533d4998cba8b158cf7b,CY,YC,0.026075560774639038,0.02246489056206085,0.05819658824851681,5.147465684463391,0.02519980283018808,0.022292254312617804,0.06138480207170227,5.737544444449178
d3387045757887f9970a77fad734062cf1034971fd05533d4998cba8b158cf7b,bY,YB,0.037294227372054185,0.030933648909100293,0.07875477992881938,6.001686712051148,0.018473911750467024,0.013549124243728046,0.04915283407056345,2.5690010893493156
d3387045757887f9970a77fad734062cf1034971fd05533d4998cba8b158cf7b,wY,YW,0.04291223499929905,0.03746359777622942,0.06273649068909226,2.5508242260121405,0.06640769965534031,0.05671459600681202,0.1012115297076458,3.7771988855769645
d3387045757887f9970a77fad734062cf1034971fd05533d4998cba8b158cf7b,cY,YC,0.05118945720745612,0.03182724713275777,0.14311629762214595,2.317138411261064,0.02191836401671961,0.016585214864731163,0.049673136973602317,2.109995394557029
d3387045757887f9970a77fad734062cf1034971fd05533d4998cba8b158cf7b,Y,pure,2.5173261180780693e-17,8.953411488912552e-18,1.1102230246251565e-16,0.0,2.5173261180780693e-17,8.953411488912552e-18,1.1102230246251565e-16,0.0
3212f500b0db7f2e4c663971608619202ec0e7f787dca6123b3aea18b1cd564d,B,pure,1.0648068352018058e-17,6.4912233294616e-18,2.7755575615628914e-17,0.0,1.0648068352018058e-17,6.4912233294616e-18,2.7755575615628914e-17,0.0
3212f500b0db7f2e4c663971608619202ec0e7f787dca6123b3aea18b1cd564d,Bw,BW,0.015624275700032862,0.011496944534301891,0.04407395743723361,1.5855176332498386,0.015335091161681589,0.010492167104052978,0.04539839580543378,2.619574387550762
3212f500b0db7f2e4c663971608619202ec0e7f787dca6123b3aea18b1cd564d,BW,BW,0.019591046788188307,0.015899172907662053,0.04677534934436049,3.4994369400156367,0.01402007547595442,0.010966464582415184,0.028360555319242017,4.608056195359062
3212f500b0db7f2e4c663971608619202ec0e7f787dca6123b3aea18b1cd564d,bW,BW,0.03303443577802844,0.025875936003303696,0.07502558878134977,5.213988326933086,0.02423537364526797,0.019702354803105577,0.05903858739464876,4.377371518338149
3212f500b0db7f2e4c663971608619202ec0e7f787dca6123b3aea18b1cd564d,W,pure,3.988038833097616e-17,1.4325458382260084e-17,1.1102230246251565e-16,0.0,3.988038833097616e-17,1.4325458382260084e-17,1.1102230246251565e-16,0.0
3212f500b0db7f2e4c663971608619202ec0e7f787dca6123b3aea18b1cd564d,Bc,CB,0.01762880315432931,0.014452645542315257,0.033950516005834486,6.790197577538031,0.011364202005319441,0.00968389372053508,0.01986380441315666,3.010421154041085
3212f500b0db7f2e4c663971608619202ec0e7f787dca6123b3aea18b1cd564d,Wc,CW,0.06084327634243194,0.03900196737443253,0.14097588878906736,3.63956184389005,0.029408243408922265,0.019957487567116464,0.07505835723444904,2.309880210940537
3212f500b0db7f2e4c663971608619202ec0e7f787dca6123b3aea18b1cd564d,BC,CB,0.02058997690618768,0.016240425330020618,0.043898068918095084,5.083052176894794,0.012781342264966637,0.011596240953604887,0.02148308078799553,3.4404620540896627
3212f500b0db7f2e4c663971608619202ec0e7f787dca6123b3aea18b1cd564d,WC,CW,0.02072259816625043,0.015467979151365002,0.04946345715116185,2.1520040528568773,0.01935409957197345,0.012601146931643556,0.06436995119831002,1.2634278671276198
3212f500b0db7f2e4c663971608619202ec0e7f787dca6123b3aea18b1cd564d,bC,CB,0.02645687314798021,0.022847173918472026,0.049650732606390864,7.405762923406972,0.013479415401442171,0.0096136791802225,0.036628197059361725,4.744848335590775
3212f500b0db7f2e4c663971608619202ec0e7f787dca6123b3aea18b1cd564d,wC,CW,0.027663472075092083,0.0175302318232838,0.06309795268558982,2.262524697099898,0.007600244530719155,0.006393600534912252,0.020815790860705508,1.5636431977391438
3212f500b0db7f2e4c663971608619202ec0e7f787dca6123b3aea18b1cd564d,C,pure,1.8316237904050507e-17,7.61039976557567e-18,5.551115123125783e-17,7.932118828604427e-15,1.8316237904050507e-17,7.61039976557567e-18,5.551115123125783e-17,7.932118828604427e-15
3212f500b0db7f2e4c663971608619202ec0e7f787dca6123b3aea18b1cd564d,By,YB,0.015286801075552454,0.013291154992046408,0.033025894190451904,2.7714712402215897,0.012217940963057167,0.010539443793323177,0.029018752254958008,5.397708010687548
3212f500b0db7f2e4c663971608619202ec0e7f787dca6123b3aea18b1cd564d,Wy,YW,0.1501071686968557,0.12184844869017729,0.24090563322192304,13.80031796914905,0.1267756692566232,0.1023466495251265,0.20616011077054075,12.76653749584713
3212f500b0db7f2e4c663971608619202ec0e7f787dca6123b3aea18b1cd564d,Cy,YC,0.04095365069663481,0.029043329797776213,0.10427665463219649,3.671008780787832,0.013721216321938078,0.012372982284552279,0.021056720453352995,3.233435029869996
3212f500b0db7f2e4c663971608619202ec0e7f787dca6123b3aea18b1cd564d,WY,YW,0.029552103072726824,0.025222891542597388,0.04616466534449404,1.415291752784402,0.05359184539003023,0.04607627701779822,0.08546253540154136,2.869771483759465
3212f500b0db7f2e4c663971608619202ec0e7f787dca6123b3aea18b1cd564d,CY,YC,0.02537747462589782,0.021916994793307734,0.05675566278762012,5.170311918688508,0.025131842102510325,0.02221822044145029,0.06038671826556796,5.753451449640094
3212f500b0db7f2e4c663971608619202ec0e7f787dca6123b3aea18b1cd564d,bY,YB,0.0394170064152247,0.03115825979744054,0.08419110091267377,5.928537757046105,0.019299955350499404,0.012337778823210025,0.056239548412740814,0.8795029261694676
3212f500b0db7f2e4c663971608619202ec0e7f787dca6123b3aea18b1cd564d,wY,YW,0.0438637839968052,0.03820406077599489,0.06362944061347775,2.5354206070929433,0.06665774863364303,0.05696519152268885,0.1012373320245793,3.7869789931476223
3212f500b0db7f2e4c663971608619202ec0e7f787dca6123b3aea18b1cd564d,cY,YC,0.050163464074425713,0.03152081590741704,0.14133172674112615,2.4564344762584587,0.02161687072185246,0.016463509806017834,0.04772770263103654,2.1750388081429293
3212f500b0db7f2e4c663971608619202ec0e7f787dca6123b3aea18b1cd564d,Y,pure,2.5662108008416524e-17,9.848752637803809e-18,1.1102230246251565e-16,0.0,2.5662108008416524e-17,9.848752637803809e-18,1.1102230246251565e-16,0.0
eb922224b36b51fadf56530789b1a5c603fd9fc92c941e70f2549fa40fcca67c,B,pure,1.0648068352018058e-17,6.4912233294616e-18,2.7755575615628914e-17,0.0,1.0648068352018058e-17,6.4912233294616e-18,2.7755575615628914e-17,0.0
eb922224b36b51fadf56530789b1a5c603fd9fc92c941e70f2549fa40fcca67c,Bw,BW,0.015438117971619451,0.011315460663158583,0.043748150744569364,1.5928722091108858,0.015136903497553348,0.010174098174212897,0.0458707461299975,2.525113126925191
eb922224b36b51fadf56530789b1a5c603fd9fc92c941e70f2549fa40fcca67c,BW,BW,0.018960746697936785,0.01567677641327369,0.04323135624182833,3.6970894486798325,0.01388498163149595,0.011007743078610719,0.027855946927474617,4.593176157909567
eb922224b36b51fadf56530789b1a5c603fd9fc92c941e70f2549fa40fcca67c,bW,BW,0.0318804609513508,0.025010726122642678,0.07211000318795982,5.343126297226753,0.023717138944957847,0.019426898546977912,0.057121167209506926,4.503916157136955
eb922224b36b51fadf56530789b1a5c603fd9fc92c941e70f2549fa40fcca67c,W,pure,3.988038833097616e-17,1.4325458382260084e-17,1.1102230246251565e-16,0.0,3.988038833097616e-17,1.4325458382260084e-17,1.1102230246251565e-16,0.0
eb922224b36b51fadf56530789b1a5c603fd9fc92c941e70f2549fa40fcca67c,Bc,CB,0.01763227081947574,0.014506998022646045,0.03390953933268243,6.810432034081715,0.011306087573972992,0.009622241434042925,0.020713481065375378,2.9275436151080148
eb922224b36b51fadf56530789b1a5c603fd9fc92c941e70f2549fa40fcca67c,Wc,CW,0.06139093562618869,0.03949140737197174,0.1416908933928292,3.6091876822926428,0.029650582714680906,0.02021850873875876,0.07523568375214479,2.328068977334879
eb922224b36b51fadf56530789b1a5c603fd9fc92c941e70f2549fa40fcca67c,BC,CB,0.021440248310132543,0.01682678238621978,0.046079717140273535,5.116020800143198,0.01279123965995499,0.011589872663227056,0.021046801757382036,3.4538535406495665
eb922224b36b51fadf56530789b1a5c603fd9fc92c941e70f2549fa40fcca67c,WC,CW,0.02109696249939634,0.015716075801739636,0.05001151583983532,2.1652821121875956,0.019422003499392,0.012697178354562374,0.06437460939221262,1.2355510380772095
eb922224b36b51fadf56530789b1a5c603fd9fc92c941e70f2549fa40fcca67c,bC,CB,0.02716350443442853,0.023561781545637973,0.04962917607103288,7.4306754856821176,0.01365156870056184,0.0097860564871352,0.036713215783548525,4.748898485644182
eb922224b36b51fadf56530789b1a5c603fd9fc92c941e70f2549fa40fcca67c,wC,CW,0.027840411529156214,0.01769233338036892,0.06344841780268529,2.25771177065965,0.007722552690413936,0.006462827678682793,0.020819954058601042,1.5857853377230147
eb922224b36b51fadf56530789b1a5c603fd9fc92c941e70f2549fa40fcca67c,C,pure,1.8358587643600646e-17,7.834235052798484e-18,5.551115123125783e-17,7.932118828604427e-15,1.8358587643600646e-17,7.834235052798484e-18,5.551115123125783e-17,7.932118828604427e-15
eb922224b36b51fadf56530789b1a5c603fd9fc92c941e70f2549fa40fcca67c,By,YB,0.014673635148989287,0.01277059711118495,0.03280424395240622,2.727362842437014,0.01265222864094279,0.011474262314421004,0.018945592425879308,5.6340340980803365
eb922224b36b51fadf56530789b1a5c603fd9fc92c941e70f2549fa40fcca67c,Wy,YW,0.15065676333294825,0.12255842300046631,0.24151375314090573,13.781366620260581,0.12653870591035843,0.10225881051918899,0.2059514800999942,12.747231776185101
eb922224b36b51fadf56530789b1a5c603fd9fc92c941e70f2549fa40fcca67c,Cy,YC,0.0415527467992855,0.029294099263988953,0.10564145667844693,3.676237787396346,0.013492646690575472,0.01218942462137117,0.02054161312899294,3.2313593316249367
eb922224b36b51fadf56530789b1a5c603fd9fc92c941e70f2549fa40fcca67c,BY,YB,0.02161653678122373,0.018286110114277235,0.045125631323641474,4.990763706514815,0.010859803610392871,0.00941354679451171,0.02154104645361929,2.59865208334225
eb922224b36b51fadf56530789b1a5c603fd9fc92c941e70f2549fa40fcca67c,WY,YW,0.028641361423503008,0.02466074297075048,0.04360697948639558,1.4004703763625699,0.05368750644915202,0.0462576157739883,0.08587161567103052,2.872668156112107
eb922224b36b51fadf56530789b1a5c603fd9fc92c941e70f2549fa40fcca67c,CY,YC,0.02624802367739685,0.022540631066071546,0.0587932201395891,5.149971451812831,0.025213475165027227,0.022310209432894332,0.0614464174016609,5.749950029794006
eb922224b36b51fadf56530789b1a5c603fd9fc92c941e70f2549fa40fcca67c,bY,YB,0.03624474496279345,0.02966931564376958,0.07757373579356933,5.600015406002895,0.018729395608923192,0.01293791860595462,0.05191282957802615,1.5362177483453303
eb922224b36b51fadf56530789b1a5c603fd9fc92c941e70f2549fa40fcca67c,wY,YW,0.04281090166400878,0.037364446702146704,0.06280327418832388,2.5250620813482403,0.06643074661390802,0.056773642479465446,0.10102828283772114,3.797034546668805
eb922224b36b51fadf56530789b1a5c603fd9fc92c941e70f2549fa40fcca67c,cY,YC,0.05154803743102375,0.03205538022985992,0.14384727246812645,2.356996054575887,0.0220752920369053,0.016700460770175823,0.05012762820918548,2.11785684813272
eb922224b36b51fadf56530789b1a5c603fd9fc92c941e70f2549fa40fcca67c,Y,pure,2.7075744021451034e-17,1.0744093786695063e-17,1.1102230246251565e-16,0.0,2.7075744021451034e-17,1.0744093786695063e-17,1.1102230246251565e-16,0.0
38a8a89f911a00346bed13bf76faa37a0aedfeb612890dccabb6b78d7df728e3,B,pure,1.3708883488773054e-17,7.386564478352856e-18,5.551115123125783e-17,0.0,1.3708883488773054e-17,7.386564478352856e-18,5.551115123125783e-17,0.0
38a8a89f911a00346bed13bf76faa37a0aedfeb612890dccabb6b78d7df728e3,Bw,BW,0.015414193278894732,0.011252610716771059,0.0438105214330205,1.5994280262958258,0.015067900120633738,0.01004020769357234,0.04595734825954709,2.4902243827352546
38a8a89f911a00346bed13bf76faa37a0aedfeb612890dccabb6b78d7df728e3,BW,BW,0.0185556764434953,0.015464357059342158,0.042339610754613836,3.764337259641805,0.013762019722328347,0.010970810173232043,0.02759110795516566,4.598312985720921
38a8a89f911a00346bed13bf76faa37a0aedfeb612890dccabb6b78d7df728e3,bW,BW,0.031302321297160776,0.024596189081578654,0.07036304801072843,5.39762376188468,0.023433844256819634,0.019281256077704107,0.05568213061853182,4.574680351738029
38a8a89f911a00346bed13bf76faa37a0aedfeb612890dccabb6b78d7df728e3,W,pure,3.988038833097616e-17,1.4325458382260084e-17,1.1102230246251565e-16,0.0,3.988038833097616e-17,1.4325458382260084e-17,1.1102230246251565e-16,0.0
38a8a89f911a00346bed13bf76faa37a0aedfeb612890dccabb6b78d7df728e3,Bc,CB,0.01725120248050174,0.01406708738033142,0.03359565888782172,6.485041243798023,0.011034398160994493,0.009395698835429626,0.02083443189722861,2.5255986119880274
38a8a89f911a00346bed13bf76faa37a0aedfeb612890dccabb6b78d7df728e3,Wc,CW,0.06196043583659612,0.04092806171870224,0.14255691464760772,3.9660273192757,0.030134960848180476,0.021039761919860102,0.0758858115049394,2.4630793236325617
38a8a89f911a00346bed13bf76faa37a0aedfeb612890dccabb6b78d7df728e3,BC,CB,0.0208311593174322,0.0164416062062954,0.04410396131471114,5.117610804922816,0.012909652570480885,0.01178690613643645,0.020655998920640087,3.380034149223119
38a8a89f911a00346bed13bf76faa37a0aedfeb612890dccabb6b78d7df728e3,WC,CW,0.02117642676443743,0.015078413182280617,0.05068440887273584,2.0135840680394415,0.019602915966682462,0.012978839313424627,0.06507072137686998,1.369850841775936
38a8a89f911a00346bed13bf76faa37a0aedfeb612890dccabb6b78d7df728e3,bC,CB,0.026741791780679165,0.023228722887142846,0.05042099069481329,7.419321241029491,0.013791468126074862,0.009834889947478298,0.037496181610612675,4.58375360592425
38a8a89f911a00346bed13bf76faa37a0aedfeb612890dccabb6b78d7df728e3,wC,CW,0.028082631531871093,0.01818970322606743,0.06388287022743167,2.460071160116848,0.007638906262167789,0.006154662473172744,0.0214290289326442,1.4342228623586226
38a8a89f911a00346bed13bf76faa37a0aedfeb612890dccabb6b78d7df728e3,C,pure,1.8358587643600646e-17,7.834235052798484e-18,5.551115123125783e-17,7.932118828604427e-15,1.8358587643600646e-17,7.834235052798484e-18,5.551115123125783e-17,7.932118828604427e-15
38a8a89f911a00346bed13bf76faa37a0aedfeb612890dccabb6b78d7df728e3,By,YB,0.014398486557840526,0.01245214300812715,0.03254272155240501,2.723395060333821,0.012298812281417963,0.01114566875707643,0.01906598050077083,5.56518162788384
38a8a89f911a00346bed13bf76faa37a0aedfeb612890dccabb6b78d7df728e3,Wy,YW,0.15092880879578724,0.12293596757349426,0.24160043870608527,13.791926709934197,0.12637976405301546,0.10217638975768634,0.2058852420307825,12.736871544684163
38a8a89f911a00346bed13bf76faa37a0aedfeb612890dccabb6b78d7df728e3,Cy,YC,0.04181149328648951,0.028589101135406997,0.10751164996318474,3.0674911451967866,0.010069971864188367,0.007511610883380211,0.03721749848379663,1.714249361824307
38a8a89f911a00346bed13bf76faa37a0aedfeb612890dccabb6b78d7df728e3,BY,YB,0.020658282368052547,0.017540269543572712,0.042903385504796984,4.884937305042329,0.010923866784020422,0.009503095322478701,0.021988255973426532,2.6307950413350163
38a8a89f911a00346bed13bf76faa37a0aedfeb612890dccabb6b78d7df728e3,WY,YW,0.027978728834600657,0.02404505035492118,0.04338561873427904,1.343661029363268,0.053733637858703644,0.046290159338426555,0.08633311770379981,2.8717638958844476
38a8a89f911a00346bed13bf76faa37a0aedfeb612890dccabb6b78d7df728e3,bY,YB,0.03447819043116917,0.028643884054092836,0.07289560613075917,5.429595837139304,0.018337855588001554,0.01270654319651525,0.05178262278890371,1.4843564336291846
38a8a89f911a00346bed13bf76faa37a0aedfeb612890dccabb6b78d7df728e3,wY,YW,0.042248494697397575,0.036794866810607285,0.06244449453126155,2.499691335294308,0.06629686201450735,0.05666539820504702,0.10112456926545266,3.801269567427845
38a8a89f911a00346bed13bf76faa37a0aedfeb612890dccabb6b78d7df728e3,cY,YC,0.05272814643594484,0.03086396596711758,0.14714420608023082,2.8563927650208125,0.015911251243143573,0.013299353025537766,0.029279064402854438,4.641756138964626
38a8a89f911a00346bed13bf76faa37a0aedfeb612890dccabb6b78d7df728e3,Y,pure,2.5662108008416524e-17,9.848752637803809e-18,1.1102230246251565e-16,0.0,2.5662108008416524e-17,9.848752637803809e-18,1.1102230246251565e-16,0.0
a72541cc509eb94ace16068be00db400f47b2ad47971f1cf57208fbb5ee1a4de,B,pure,1.100668915610853e-17,7.162729191130042e-18,2.7755575615628914e-17,0.0,1.100668915610853e-17,7.162729191130042e-18,2.7755575615628914e-17,0.0
a72541cc509eb94ace16068be00db400f47b2ad47971f1cf57208fbb5ee1a4de,Bw,BW,0.01570295997528056,0.011304856490865947,0.04413476017228679,1.4783246803691765,0.015448565681609076,0.010746595865531646,0.04320911286914195,2.701327099241221
a72541cc509eb94ace16068be00db400f47b2ad47971f1cf57208fbb5ee1a4de,BW,BW,0.02104149994302209,0.016406720288858007,0.053973702549497904,2.861676195210066,0.014815951343929084,0.011204363504382826,0.034250922944694936,4.570022672592907
a72541cc509eb94ace16068be00db400f47b2ad47971f1cf57208fbb5ee1a4de,bW,BW,0.03431423186656409,0.02592157191515454,0.08421976472751369,4.3473790037388715,0.025168754206804686,0.01990912935166489,0.0639312716534592,3.8256044734682337
a72541cc509eb94ace16068be00db400f47b2ad47971f1cf57208fbb5ee1a4de,W,pure,3.988038833097616e-17,1.4325458382260084e-17,1.1102230246251565e-16,0.0,3.988038833097616e-17,1.4325458382260084e-17,1.1102230246251565e-16,0.0
a72541cc509eb94ace16068be00db400f47b2ad47971f1cf57208fbb5ee1a4de,Bc,CB,0.017660168520885422,0.014103203660905981,0.03398111735584829,6.840226981401695,0.011217999097754072,0.00959343566750063,0.018066042558489412,3.2078652437830493
a72541cc509eb94ace16068be00db400f47b2ad47971f1cf57208fbb5ee1a4de,Wc,CW,0.05981736125642542,0.038114695743520575,0.1388300582940154,3.605048143020584,0.028901625348072297,0.019458939949682924,0.07376366121918615,2.278947894553405
a72541cc509eb94ace16068be00db400f47b2ad47971f1cf57208fbb5ee1a4de,BC,CB,0.01803076350498937,0.01473523862780775,0.03570012822023208,5.144856590086,0.01266246205802261,0.011561264611498484,0.021656341370273738,3.5807047559906073
a72541cc509eb94ace16068be00db400f47b2ad47971f1cf57208fbb5ee1a4de,WC,CW,0.020046504229474273,0.015051056554488924,0.047668713805520624,2.140483956343986,0.019231843997019903,0.012510747707829182,0.06422154188826823,1.2581725903407341
a72541cc509eb94ace16068be00db400f47b2ad47971f1cf57208fbb5ee1a4de,bC,CB,0.02464990488573506,0.02101467866598923,0.04915054384280104,7.440853601582174,0.013253891205959054,0.009255247471788297,0.0362091501508878,4.890626281198749
a72541cc509eb94ace16068be00db400f47b2ad47971f1cf57208fbb5ee1a4de,wC,CW,0.02734171352094335,0.0173281362049415,0.06258796356787844,2.2540144628072394,0.007342354152592925,0.00621426428918696,0.020684429072419852,1.5274258143882278
a72541cc509eb94ace16068be00db400f47b2ad47971f1cf57208fbb5ee1a4de,C,pure,1.8400839915008117e-17,8.058070340021298e-18,5.551115123125783e-17,0.0,1.8400839915008117e-17,8.058070340021298e-18,5.551115123125783e-17,0.0
a72541cc509eb94ace16068be00db400f47b2ad47971f1cf57208fbb5ee1a4de,By,YB,0.019840349689469503,0.017277016508536195,0.035559178293943006,4.341599058659985,0.011266788796340313,0.01008091440900672,0.019587877281333405,3.7579292662889503
a72541cc509eb94ace16068be00db400f47b2ad47971f1cf57208fbb5ee1a4de,Wy,YW,0.14904238083198898,0.12046005714725369,0.24114400721724916,13.823501261650897,0.1274406290122812,0.10295082755328454,0.20552727401724413,12.737610773826429
a72541cc509eb94ace16068be00db400f47b2ad47971f1cf57208fbb5ee1a4de,Cy,YC,0.03885200421770687,0.02801671757716785,0.09757803234273199,3.6385810553668976,0.01460701061544789,0.01321128985221826,0.024379748628381825,3.236450281934022
a72541cc509eb94ace16068be00db400f47b2ad47971f1cf57208fbb5ee1a4de,BY,YB,0.03018170422480622,0.023360164456001194,0.0652702160317739,6.743997803537162,0.012042195458800557,0.009737262202625628,0.02781353163380358,2.31053658682607
a72541cc509eb94ace16068be00db400f47b2ad47971f1cf57208fbb5ee1a4de,WY,YW,0.03254343888393197,0.026763525846049338,0.05965093616670536,1.4062390147554111,0.053315490829682094,0.04578748682127264,0.08562718252254142,2.8825131490922176
a72541cc509eb94ace16068be00db400f47b2ad47971f1cf57208fbb5ee1a4de,CY,YC,0.02273343736039403,0.020452200789314194,0.04624122269604136,5.191128927655776,0.0248263579135515,0.02181660832284054,0.057136245154566945,5.732356028210363
a72541cc509eb94ace16068be00db400f47b2ad47971f1cf57208fbb5ee1a4de,wY,YW,0.04708507031286888,0.04071826795866323,0.06954856215208705,2.535550517579653,0.06741304256957437,0.057794918898833716,0.10195988538081857,3.7921295926812655
a72541cc509eb94ace16068be00db400f47b2ad47971f1cf57208fbb5ee1a4de,cY,YC,0.04457568364527617,0.028750660488556762,0.1274224737472197,2.293714855382051,0.019804336030109233,0.015267401410361517,0.039644747345538356,2.1554699815592437
a72541cc509eb94ace16068be00db400f47b2ad47971f1cf57208fbb5ee1a4de,Y,pure,2.5173261180780693e-17,8.953411488912552e-18,1.1102230246251565e-16,0.0,2.5173261180780693e-17,8.953411488912552e-18,1.1102230246251565e-16,0.0
ae33b4d576e60090aff0e90abc86f849c279d2a6745d09ddd5ab5655670c8df9,B,pure,9.409072784786674e-18,5.595882180570345e-18,2.7755575615628914e-17,0.0,9.409072784786674e-18,5.595882180570345e-18,2.7755575615628914e-17,0.0
ae33b4d576e60090aff0e90abc86f849c279d2a6745d09ddd5ab5655670c8df9,Bw,BW,0.015310899307409028,0.011241668978516023,0.04369996380653421,1.6038182193113735,0.014998721017131277,0.009963196873436324,0.04668846300173138,2.3749158029243542
ae33b4d576e60090aff0e90abc86f849c279d2a6745d09ddd5ab5655670c8df9,BW,BW,0.017333986344567964,0.014670642962152276,0.038775520027887964,3.482747987899798,0.012252590143361854,0.00992832674326537,0.023928142211783493,4.1397676883570735
ae33b4d576e60090aff0e90abc86f849c279d2a6745d09ddd5ab5655670c8df9,bW,BW,0.03003075918540434,0.024455622407471584,0.0634499060315047,5.2211322777522415,0.021267591866211782,0.01752537082700998,0.04756185049846487,3.9729545198014367
ae33b4d576e60090aff0e90abc86f849c279d2a6745d09ddd5ab5655670c8df9,W,pure,3.988038833097616e-17,1.4325458382260084e-17,1.1102230246251565e-16,0.0,3.988038833097616e-17,1.4325458382260084e-17,1.1102230246251565e-16,0.0
ae33b4d576e60090aff0e90abc86f849c279d2a6745d09ddd5ab5655670c8df9,Bc,CB,0.017697316765638144,0.014149050635553358,0.034261709865788414,7.3935128235150005,0.011433429041520093,0.009816778944482551,0.019252663071512327,3.3912000287252253
ae33b4d576e60090aff0e90abc86f849c279d2a6745d09ddd5ab5655670c8df9,Wc,CW,0.06265030186581542,0.039066542815258586,0.1452848376013412,4.021767499959282,0.029993626642490927,0.019366536671721217,0.07680092033761993,2.473877386637975
ae33b4d576e60090aff0e90abc86f849c279d2a6745d09ddd5ab5655670c8df9,BC,CB,0.019000736251187155,0.015793621919855932,0.03828731014187822,5.3507375887150985,0.012727079788127496,0.011555646922976292,0.021402748435534164,3.676366008193195
ae33b4d576e60090aff0e90abc86f849c279d2a6745d09ddd5ab5655670c8df9,WC,CW,0.022253272953842385,0.01669933482498687,0.053326214429986085,2.50117823961754,0.01945071055106798,0.012433531443458335,0.06534692492382754,1.1451855708182563
ae33b4d576e60090aff0e90abc86f849c279d2a6745d09ddd5ab5655670c8df9,bC,CB,0.025412321665823433,0.022009701699802105,0.048655434045068294,7.526009235591441,0.013726041509694925,0.009607616851162029,0.03659029570454373,4.956512910801417
ae33b4d576e60090aff0e90abc86f849c279d2a6745d09ddd5ab5655670c8df9,wC,CW,0.028320909088753777,0.01747406382417064,0.06532744203611818,2.2803265572636273,0.00836634400394604,0.00723424905610499,0.021670360976836833,1.7326609515068874
ae33b4d576e60090aff0e90abc86f849c279d2a6745d09ddd5ab5655670c8df9,C,pure,1.8358587643600646e-17,7.834235052798484e-18,5.551115123125783e-17,7.932118828604427e-15,1.8358587643600646e-17,7.834235052798484e-18,5.551115123125783e-17,7.932118828604427e-15
ae33b4d576e60090aff0e90abc86f849c279d2a6745d09ddd5ab5655670c8df9,By,YB,0.01367983452087468,0.011170608365062555,0.03289125069655818,2.7982834612643495,0.011561609289911708,0.010629408679836453,0.018207842518331338,4.845390676023466
ae33b4d576e60090aff0e90abc86f849c279d2a6745d09ddd5ab5655670c8df9,Wy,YW,0.1511829631049217,0.12319153053131121,0.24067944982394718,13.745126560038141,0.12622621277683369,0.10208678240996318,0.20668946715871428,12.715308068730579
ae33b4d576e60090aff0e90abc86f849c279d2a6745d09ddd5ab5655670c8df9,Cy,YC,0.04443191756415222,0.03157566620960307,0.11144984332042807,4.526169450308618,0.018420439674486547,0.01694496550413647,0.031710398971043,4.011037400281888
ae33b4d576e60090aff0e90abc86f849c279d2a6745d09ddd5ab5655670c8df9,BY,YB,0.01871640210797159,0.016153014191266073,0.03986818968234997,5.395866069268981,0.01060382289195112,0.009585107159399977,0.021720263696264744,1.4302051283485684
ae33b4d576e60090aff0e90abc86f849c279d2a6745d09ddd5ab5655670c8df9,WY,YW,0.027345395498308143,0.02385030008571107,0.04372514342463274,1.428516088098649,0.05382388789734882,0.04621684020073098,0.08786242347759143,2.8398925671936173
ae33b4d576e60090aff0e90abc86f849c279d2a6745d09ddd5ab5655670c8df9,CY,YC,0.028145124644008035,0.02209851504924805,0.06710471098068005,4.432794522529689,0.016203015116351492,0.015098255397939173,0.032569437498981446,4.033076829368737
ae33b4d576e60090aff0e90abc86f849c279d2a6745d09ddd5ab5655670c8df9,bY,YB,0.029998400963429817,0.025853923517434926,0.06526201479371557,6.244056703781228,0.0164269124114899,0.011807698340409976,0.04761324658948923,2.6855128280875022
ae33b4d576e60090aff0e90abc86f849c279d2a6745d09ddd5ab5655670c8df9,wY,YW,0.04190999222804284,0.03635225910975218,0.06540349586629013,2.5313920419966274,0.06634854254320963,0.056451701449202175,0.1040088117475434,3.756158675745411
ae33b4d576e60090aff0e90abc86f849c279d2a6745d09ddd5ab5655670c8df9,Y,pure,2.5173261180780693e-17,8.953411488912552e-18,1.1102230246251565e-16,0.0,2.5173261180780693e-17,8.953411488912552e-18,1.1102230246251565e-16,0.0
