deltaE00,deltaEOK100
1.513355370250067899e+01,8.962722750824356766e+00
1.283457465245253226e-01,8.310005744229134739e-02
2.088884738472602010e+01,6.842626755558722351e+00
2.405533740515139740e-01,1.213967946148096777e-01
5.633169134836688130e+00,3.593054815043525529e+00
5.792771336097195523e+00,4.764024919709341610e+00
8.127783123457984260e+00,2.542937030687000277e+00
5.514109519410161475e+00,1.390671509805283312e+00
2.024133147289066059e+01,8.193187945734806021e+00
4.938324035898228992e+00,2.356566750250553177e+00
5.466156395143260127e+00,2.866393671016644884e+00
1.342270902288446921e+00,8.968214426189896615e-01
2.192902132263001036e+01,1.208908978168580362e+01
2.960261044907822381e+01,2.282188960961351754e+01
7.348091289245889390e-02,5.519124894097462292e-02
1.823775683621336463e-01,1.395657962829364163e-01
4.210718674884052493e-01,2.700196323466186876e-01
1.247407196241891114e+01,1.306198609284217049e+01
2.507427344790982282e+00,1.345634177459992253e+00
2.485720871844751301e+01,1.880458502673451804e+01
2.689016136104909904e+01,1.049743635136615794e+01
3.964080032433175749e+00,9.291536432345365304e-01
1.986575698814228019e+01,1.118826368403177263e+01
3.749179816337875337e+01,2.025632445467426734e+01
2.010211860320203492e+00,6.481594188911383725e-01
2.695334328130165047e-01,1.470939593617081043e-01
3.724058224628055136e-01,2.120304597196628060e-01
1.481661106629370472e+01,4.877030278777221284e+00
1.816335278820687194e+01,1.332296350882379521e+01
1.499550850394044588e+01,8.520288164716308899e+00
1.311309777965286294e+01,4.944729775430324992e+00
1.665196677809522185e+01,9.466042457645325925e+00
1.705822730779481944e+01,1.124008309937891248e+01
4.080798345695263230e+00,3.523180522711796936e+00
2.500231658288236147e+01,2.468869127152692755e+01
1.423863367741374830e+01,1.075959912680817965e+01
2.647058404861937930e+01,2.148465726084808480e+01
3.770109654233660956e-01,1.988013161617587232e-01
2.713544493823646420e+01,1.742976019389684694e+01
3.889394029174811251e+00,3.526801349585952039e+00
9.943159133502076585e+00,1.077170809996696121e+01
2.318443016531873901e+00,2.116503064169098725e+00
6.541713355244631600e-01,5.258781200799155231e-01
2.977902140865056069e+01,1.963139927755510783e+01
1.225309885786912112e+01,3.687657401801617496e+00
2.745484814848399679e+01,1.952359983950067956e+01
2.377709187732931895e+01,2.037946343903934832e+01
1.897675574598851611e+01,1.104215489981289267e+01
1.358553849785597123e+00,8.520990376516369702e-01
4.874102603541489387e+00,2.455850352876280063e+00
1.423613463312001137e+01,5.035686875669370011e+00
1.034030729340682520e-01,5.775226748251686276e-02
1.131978788258836666e+01,7.594330805366582560e+00
1.387333410028976566e+01,8.722184955372396686e+00
4.508083466241837201e+00,2.217621300899300874e+00
2.516686308068316169e+00,2.014292582580090585e+00
3.100479616298994490e+00,1.220961399842940720e+00
1.332038281994256579e+01,3.921058449572164317e+00
1.760087574766873786e+01,6.178932224151516550e+00
1.843263481508986601e+01,1.016425948142430791e+01
1.101605500870823917e+01,3.574537553083239949e+00
1.805641215827396007e-01,1.405733892170950017e-01
7.639217928015051839e+00,2.922285876480813727e+00
3.500122903267707808e-01,1.321993065175439408e-01
4.519565676159916556e+00,1.447215261168594669e+00
1.139158789456510973e-01,5.747107024506536294e-02
4.705578164524719220e+00,3.865119209732417627e+00
5.893280572631979020e+00,5.725762644270155022e+00
3.213124436819320695e-01,1.307188884490748937e-01
2.068030882789815283e-01,1.304215067613956336e-01
1.833560505006150976e+01,1.038298526040053815e+01
1.195103143354523612e+00,5.802076850282221754e-01
6.514751734936298222e-01,4.730901163117516850e-01
3.943879676761631314e-01,2.308470973645344870e-01
1.617358074875188834e+01,1.052152539433594924e+01
3.667977298871714087e+00,2.795539518776164911e+00
1.452342981363812235e+00,8.432303019071909489e-01
1.435869179737645318e+01,4.995972238752441008e+00
1.373384838705891342e+00,5.613720568183976356e-01
2.019935352544943719e+00,1.309692916098017079e+00
1.956288499837632600e+01,1.372947388863870977e+01
1.100239635700793350e+01,4.460157416976344713e+00
5.211063013841223501e+00,2.026729100844389286e+00
1.576741592209480025e+01,8.941147025443498819e+00
4.851942013631482808e+00,2.698472549261921927e+00
8.186858871311978092e+00,6.229322751126068702e+00
2.174644547058303701e+01,1.159170615799643222e+01
4.561729405040710339e-01,2.516371165573641488e-01
2.668240378001820190e+01,1.539461542724163756e+01
1.558573745792037535e+01,5.420454992379860393e+00
4.062071041132446325e+00,2.035003345905809891e+00
2.792972044509484419e+01,2.345275587410104023e+01
1.366132664667049634e-01,1.234499023364170889e-01
2.994118241668981995e+01,2.078270193999234294e+01
2.946613585535931557e-01,1.668114441882629362e-01
3.789344895167850780e+01,2.040383355462736503e+01
2.770060827694076266e+01,2.466835717301182740e+01
3.386711488448357343e+00,2.514716370209561180e+00
1.131847292619630174e+01,9.998005125318575992e+00
2.616843993995090045e+01,2.064310051025333337e+01
1.129121745446724923e+01,5.540360121620556022e+00
2.267995519423012141e+01,1.136036400376850075e+01
2.987025835967725418e-01,1.764690452164733026e-01
1.864404595453139279e+01,1.223136516747140945e+01
8.316086530501157981e+00,7.174571886841193624e+00
2.236311169129171716e+01,1.223674048233578127e+01
2.547229667785720508e+01,1.464382662668143809e+01
4.067958427084920281e+00,3.742810742796602419e+00
6.228484314312771053e-01,3.425939374902617351e-01
1.118453467866846118e+01,9.826634754607169953e+00
1.945370537455758964e+01,7.309087994990208337e+00
2.438456186138822090e+01,1.093330750648263638e+01
2.472857012125592391e+01,1.456094211349190104e+01
1.818983379188977523e+01,1.021119996899827953e+01
2.595827603137553652e+01,1.947900706419768468e+01
8.095357477758190257e+00,2.580669681413884309e+00
2.020408737642614416e-01,1.069972277698294227e-01
2.761534578563132314e+01,1.426022128233890385e+01
1.193479866903686126e+00,3.152588154217729199e-01
1.700289458353271144e+01,1.047649287322932565e+01
7.234329660446700672e+00,3.600033772191562509e+00
1.488329210209558662e+00,8.302091098792498958e-01
1.181105270399531865e-01,6.026226050703526599e-02
1.508806173607405832e+01,8.158362220166774037e+00
2.360153278302420077e+01,1.956732603603541421e+01
1.204788992098947853e+00,6.435412331903628269e-01
1.491179042173694347e+00,5.745639074446566852e-01
2.675384495605420199e+01,2.198358045877252920e+01
4.347382358969045235e+00,2.480799808697771169e+00
2.225798398766577435e+01,1.579878491735043156e+01
4.409344933560888968e+00,3.268178452295384062e+00
1.909631495241756838e+01,1.109421095221724407e+01
1.431242602412408438e+01,8.990184876391886348e+00
2.658025043894688721e+01,2.443321893704674252e+01
2.010096196763410603e+01,8.204206404838908284e+00
1.613987202372814123e-01,1.353668002769366774e-01
1.361016516684599154e+01,1.326461662163051436e+01
2.182889055068252926e+00,1.416618417904767169e+00
1.019981163681386072e+01,1.020321808798189345e+01
6.822467636805400026e+00,2.186816457291323790e+00
2.777636691950069547e+01,2.523027320724422395e+01
2.656063065934933931e+01,2.109965001354360581e+01
9.510739688815101900e+00,7.748401027807526376e+00
5.379738345291492863e+00,4.886832139900558758e+00
1.191078977729544874e+01,3.669569292299700081e+00
3.260942014948030021e+01,1.503875878782198505e+01
1.700224798679834393e-01,9.499078239484974595e-02
1.817993656999605179e+01,8.703608422935442235e+00
9.948437538404492742e+00,7.126415605991851976e+00
3.132306169103502924e+01,1.449819021853626388e+01
1.433788302392194858e+01,9.646258845816698013e+00
1.478294412574757466e+01,2.313631538190577430e+01
1.722780431681421587e-01,1.151731879933229341e-01
2.951313192544656516e+01,1.481418964078211076e+01
3.862308224646727739e-01,2.209612430477912448e-01
1.260520332065160609e+01,1.185699715105400998e+01
1.663798694376998344e-01,1.095981273148813467e-01
2.712004188783147640e+01,2.242018538392908056e+01
7.957311864428294079e+00,8.126482743972859524e+00
1.988889263887380354e-01,1.461885396084273425e-01
1.876311362690613649e+01,1.549914325377325142e+01
2.398577238804712053e+01,2.016593631382255936e+01
5.300837448706651855e+00,4.753482187804728198e+00
5.057847513895354918e-01,2.299637362511041394e-01
1.492981287368180965e+01,1.463439428542415754e+01
1.251694838648653996e-01,8.869238884994966321e-02
1.200029545913554152e+00,9.779200672450751863e-01
2.042271076992089540e+00,1.700597217306177189e+00
1.301344883057572732e-01,1.008114918594128079e-01
1.228187577781213946e+01,7.711165595072680290e+00
1.087847760639576167e-01,7.019901303567585571e-02
1.224005063521530268e+00,7.477164384141053999e-01
3.033889787667410243e+00,1.964643408008919678e+00
1.635130678538649462e+00,1.344088342007785375e+00
5.713503933471300478e+00,3.280069808717028579e+00
3.098763980095137782e+01,1.288233854570935755e+01
1.449917849025258165e-01,7.013305461890111114e-02
1.231090288500093832e+00,7.401239922265336890e-01
3.404715003807809115e+00,1.994320429102212300e+00
7.893099344602285683e+00,5.278565995746014927e+00
8.677769147967290264e-01,4.916540294416417711e-01
3.531919112363465985e+01,1.671576404686664219e+01
2.558263724495559899e+01,1.797452545833520432e+01
6.820634337284413817e+00,1.521025160845934643e+00
1.842134383900405903e-01,1.180853515535297271e-01
1.656848123218895852e+00,9.468861901432130690e-01
1.168409945204429007e-01,3.778870037923558883e-02
1.383212854495101851e+01,8.285158001277427076e+00
6.167210901251275468e-01,4.625284349821310315e-01
3.703750598979904107e-01,2.291609358403633723e-01
4.879745283626977681e+00,4.079102175054067914e+00
2.484999622508219730e+01,2.515159322226623928e+01
6.873038693617468553e+00,3.078780610655774908e+00
1.030331193473707252e+01,6.596170596478883041e+00
8.159620920120855825e-01,4.737240213399155353e-01
2.896763889592237073e-01,1.832095345037255962e-01
1.538534944553773087e+01,1.237320442940074905e+01
5.465088785174881281e+00,2.259588643406929886e+00
6.058248530785908414e+00,5.816877364316883181e+00
2.909399309848587833e+01,1.944032318983578023e+01
1.974029043983397680e-01,1.599621543509523736e-01
1.602098399948000562e+01,5.865117143652875953e+00
2.034008622404655497e+01,2.012031949611834847e+01
1.637252193533339784e-01,1.379132322766875585e-01
2.588473388703288691e+01,2.204388996354611052e+01
3.099712711402040810e+01,1.594257774904963831e+01
8.871505900352723017e+00,7.882960006217977877e+00
3.731212917589830091e+00,1.828391882735355800e+00
2.686385703526921631e+01,2.267417048910682453e+01
8.582913428790847066e-01,4.484215844093670800e-01
1.939314597652762018e+01,1.009066658872629851e+01
1.684757958164979641e+01,8.463534426766331720e+00
1.548657604041016000e+01,5.040793007742780496e+00
1.364999831949280096e-01,7.526898581790145148e-02
3.060119022445942250e+00,2.810642127018708969e+00
2.343565321537156976e+01,1.214176880879089460e+01
1.226966886373927146e+01,6.294179618658588993e+00
3.441515099012436796e+00,2.934626167218060466e+00
1.822792657528506410e+01,8.990033605232785163e+00
1.855714829563278601e-01,8.398391534550420090e-02
2.020295323202238258e+00,9.705141242193185969e-01
2.054576401789080009e+01,1.389148041797342259e+01
1.738699655014649958e-01,1.124945387742949804e-01
7.288570814859167690e+00,7.326143495574203079e+00
1.484855331380159527e+01,7.973839504740867667e+00
1.549456006000392883e+01,8.752965886157173969e+00
2.097088450750807798e-01,1.425299563714935991e-01
8.226383780815734070e+00,6.878130805303886319e+00
2.327572548269992225e+01,2.277859458805494342e+01
1.850987633607046601e-01,8.747373779159274554e-02
1.000015130016898368e+01,5.243605502786346406e+00
1.565680641366463099e+01,6.558279117708757155e+00
2.862665376562854291e+01,1.191130710586260832e+01
2.251699702544655324e+01,1.763210826805670806e+01
1.070362069737677002e+00,5.856910486409023786e-01
8.740238562675112233e-01,6.443391522705707031e-01
1.532408610414398709e+01,6.698416775311712534e+00
2.638057804489704239e+01,2.011368105529338735e+01
9.725148689969638494e-02,3.595433090592756176e-02
2.117596327980350779e+01,1.054638537083756233e+01
7.845154339104643881e+00,6.079026314342495851e+00
2.799337310664640910e+01,2.453887046045754161e+01
2.567607871988520785e+01,2.358020255568104417e+01
1.268821148401498566e-01,4.915907053511936464e-02
1.765723993294327698e+01,2.127593851930732072e+01
2.034161709693344378e+01,6.989544866223326380e+00
2.386206149431514589e+01,1.677171838176326801e+01
1.763845343863851056e+01,5.270578735467920772e+00
2.450805883019183540e+01,2.389914593232168727e+01
1.357789066857535687e+01,1.147662849200269797e+01
1.344275293905965185e+01,1.047945977750942603e+01
7.591411443386732572e+00,7.101808473726601179e+00
1.140994754379873477e+01,1.042269941091718444e+01
6.363276644256264936e-01,5.007493203222660449e-01
3.978333723483612694e+00,1.967094074085271815e+00
1.565259494884032421e+01,7.278275263823874575e+00
2.225262339117257326e+01,1.125433489618244742e+01
2.583693890855479225e+01,2.555938666021379646e+01
2.829076740574667959e+00,2.365746603379647262e+00
2.692430960452157906e-01,1.797958106528118605e-01
9.449070493865752596e+00,7.771753415456481129e+00
1.506206435973321822e-01,9.330708436988782717e-02
2.833803812164978453e+01,1.377924357122831900e+01
6.603605182954015440e+00,4.802922687536729462e+00
2.368429776893104233e+01,1.738839706510220040e+01
4.749349962627181787e-01,3.491528843015392902e-01
1.351232288202012466e+00,5.046708497205283361e-01
2.383095052401318270e+01,1.503336825586587899e+01
2.610813770338522843e+01,2.056687387696071312e+01
4.878257238608127544e+00,3.059640446191963736e+00
1.232447611160647716e+00,6.391008251793016681e-01
1.870327482806382235e+01,8.974754192539988296e+00
8.517857511577567209e+00,4.919249880995742785e+00
2.321584507895745997e+00,9.153266420776349221e-01
1.624477025072256708e+01,2.149333846570687001e+01
6.285073238252000039e+00,5.210537262852672491e+00
2.595539456982529813e+01,1.988825102256361532e+01
5.545661877743126134e+00,2.884022951961299430e+00
1.742998169690436416e+00,1.574098484933322384e+00
1.837793755330908851e+01,9.396703809453198275e+00
1.160871876003705871e+01,7.497717649322829914e+00
9.337417010177713195e+00,9.234237428259440605e+00
4.704762094741801626e+00,4.192104141125588157e+00
2.548265862284253913e+01,1.702314669022246463e+01
7.570040511691348506e+00,1.777546549897300876e+00
2.477743950141983831e+01,1.472481768809740998e+01
2.498824651850197398e+01,2.579619774844938007e+01
2.476384209965690530e+00,1.109787381657260319e+00
1.969149825748047533e+01,1.199036131474926137e+01
2.449155340186939966e+01,1.529519349231970082e+01
2.722099534075745897e-01,1.445318719040970534e-01
7.944336667225809556e+00,6.684730004376731038e+00
1.208058304147115969e+01,7.772233453337289433e+00
1.822975808009664078e+01,1.042140918907184854e+01
1.252901752255966450e+01,3.487446477859094340e+00
1.380907895663441021e-01,6.614770942925571329e-02
1.951689091667640763e-01,1.607128743753930278e-01
9.805838176132343875e+00,1.084004075871812489e+01
7.867701362842441704e+00,7.867904310536406598e+00
1.212699939651566694e-01,8.502540726030570484e-02
2.750220350606442210e+01,1.180460347101401020e+01
1.145398285166603136e+00,8.276234969721457668e-01
6.167194636514418127e-01,5.593551091471474779e-01
1.859618659583585654e+01,6.549134085017713325e+00
6.721665050880851311e+00,1.894357531367489189e+00
7.217089346580881859e+00,5.624983407046378225e+00
3.149630440883534277e+00,2.015935722551955855e+00
6.899704410953400036e+00,3.615879478665541047e+00
2.677380610391359284e+01,2.389380829638310644e+01
1.419923870569901325e-01,7.826161617097046608e-02
3.933130663063958110e+01,2.130259961007427449e+01
1.468356609901961463e+01,1.051433962847162817e+01
4.675734502791498493e+00,1.449361184870204822e+00
1.520586321615560177e-01,1.330181104427927696e-01
2.519839674480199410e+00,2.050773721794343363e+00
3.581143975017105419e+01,1.822188593374058740e+01
2.012812067188270504e+01,1.957167920663224692e+01
1.161254593925561984e+01,6.266926232170547451e+00
2.849559376196297844e+00,2.427810024888142681e+00
1.498703439772145041e+00,8.867596073222818731e-01
1.672783001382453705e+01,1.566208938783351634e+01
3.833786295681559153e+01,2.021797527446009823e+01
1.960062513760968983e+01,1.723834171196044451e+01
1.497768671395557405e+01,5.465846202403190190e+00
1.474732735767464997e-01,9.213080280682389711e-02
2.270023016342120670e+01,9.936630441952162940e+00
1.565127764671116195e-01,1.022935569039050280e-01
6.548070311036082281e+00,5.674347633534461366e+00
1.715048603001361371e+01,7.417199184208332241e+00
2.212725842242308616e+01,1.742980056951893530e+01
1.107299658901856532e+01,1.042407339642418762e+01
2.725620538925099012e+01,2.437819464782322498e+01
4.920145263749399200e-01,1.752766464650397094e-01
2.105677295753590972e+00,1.097894224482064196e+00
2.364586736418125312e+01,1.828722799270171251e+01
1.130554592302987693e+01,8.459516823431744825e+00
8.957134431592367108e+00,8.422474724559194215e+00
1.547304469911089386e+00,6.151981385542585334e-01
2.794614073303980817e+01,2.701389938692737758e+01
2.461015928050705881e+01,9.812191593885643215e+00
8.393707145566326133e+00,7.193120221108009638e+00
2.969649711897187672e+01,2.636322013209258586e+01
1.995104991945072470e+01,1.463265250854538202e+01
9.345821976664068220e-01,5.603540123517513072e-01
6.227506555285586387e+00,4.869315601734940380e+00
2.720794566269596615e+01,2.367511266182350482e+01
2.515093222719850630e+01,1.132637049136236485e+01
2.720032132519979129e+01,2.312064810679915539e+01
1.727765000050346345e+01,9.173560183490652165e+00
2.421361806906972802e+01,2.072422652877223825e+01
2.469458502854296711e+01,1.524556753382217167e+01
9.339565948334115575e+00,8.185652485111532428e+00
1.845482107996956334e-01,1.500881444954549615e-01
2.161802839653848451e+01,1.038581193510842127e+01
1.161612580969800845e+01,1.167989062529276190e+01
2.397762749862181764e+01,1.812092478764503056e+01
1.950221793151541050e+01,1.527241528760818667e+01
1.127100138464820489e+01,1.149523353121744229e+01
8.218349755528041811e+00,6.122236147701576314e+00
1.561394922544174113e+00,9.198521457113245647e-01
1.600231246201931157e+01,1.554239501721228756e+01
1.731135253160667631e+01,1.133127217169767142e+01
9.893099025114866052e+00,7.986844246874731823e+00
2.338054819169384846e+00,1.212625984652472733e+00
8.880578197786794803e+00,3.007246997894613472e+00
5.117860536989047304e+00,1.519648000909926910e+00
1.754943220456605391e-01,1.351150624298182445e-01
1.470810223498816960e+01,2.433919449745799213e+01
1.911286939646167227e+01,1.117446829532287822e+01
3.877117098424999408e+00,3.111242742025584818e+00
4.794925456659318463e+00,4.320188997128053821e+00
7.180126876610522402e+00,2.633976496739756978e+00
1.592506320960514365e+01,1.155511260945253227e+01
8.807597912743535318e+00,6.078130186739184815e+00
2.305336520470726569e+01,1.085277770929813457e+01
1.574343570579537044e+01,9.254789080723419659e+00
1.206574268288930618e+01,6.290715205432313439e+00
2.865563056602802305e+01,1.960945737597741712e+01
1.707813625200857555e+00,8.957535419993627457e-01
8.832629271946853322e+00,3.730918875398630874e+00
7.082123573815828799e+00,1.570795197288185729e+00
5.729648556173538410e+00,3.670124522575476167e+00
2.999142082892165462e+01,2.039653267107525636e+01
6.522789647415595304e+00,6.439169634449408264e+00
2.875401067143594247e+01,1.293087835484512382e+01
2.080413244190017252e+01,1.699907112134677689e+01
9.534640666239910800e+00,7.312828243653384241e+00
1.383995496655220236e+01,6.521185325149766676e+00
1.669916630935244584e+01,5.348778534828090514e+00
3.971568460575908066e+00,8.817847221582835182e-01
1.000233683025947506e+01,5.819911661824845872e+00
4.531335042995444096e-01,2.179110470315326342e-01
4.220728574741355210e+00,3.692449414371859362e+00
5.538018922223647555e-01,3.974960009189729138e-01
1.262743890763300958e-01,6.803824468252550606e-02
2.133476978766468335e+01,1.218013710988811482e+01
1.923691663507091221e+01,1.001356354833800744e+01
2.694023970939492330e+01,2.143466319484686622e+01
9.556392644462032848e+00,2.619753352699621729e+00
6.207415126174055386e-02,4.199851233198018813e-02
8.648820048755549994e-01,2.983078164019303258e-01
1.018846023298637071e+01,1.017866622651894204e+01
1.183790475881936466e+01,9.031847156068115723e+00
1.854952583184829029e-01,1.313326663871458300e-01
1.425518236335292510e+00,1.287210304101208180e+00
2.631050406477061898e+01,2.248075807847725471e+01
1.549394831358193336e+01,9.247954562829860947e+00
1.847355731894775865e-01,1.381870967142270201e-01
2.056777067692491912e+01,9.944950929663079364e+00
2.977532860795543801e+00,2.687432191279287341e+00
2.783532258117643465e+01,2.431958525876837385e+01
5.956393164508472005e+00,4.502419063360070695e+00
1.042974653828492393e+01,5.679710010304432011e+00
2.315506871691556334e+00,9.280057354018693694e-01
8.688777106936518280e+00,3.344544091786318951e+00
3.470384806076746997e+01,1.688381450476202161e+01
1.727759438222228994e+01,8.954619459281108362e+00
2.694839657592050242e-01,1.510485789790780853e-01
1.221167316354962035e-01,8.845598920310548952e-02
2.318574851785595303e+00,1.604083956750166795e+00
8.054697358714030031e+00,2.950042711733749989e+00
2.376190659069560240e+01,1.286843318707118300e+01
1.713817847649844239e+01,8.492978403515301977e+00
1.587347792999029572e+01,7.547464707427425701e+00
5.297280410765295322e+00,4.380644902557106590e+00
9.247073538078745547e-02,2.184894971892746215e-02
1.406440489831539686e+00,1.159501134699899794e+00
1.622312285444141011e+01,1.034799454323088419e+01
2.917226441437803075e+01,2.531919907476800091e+01
1.350258708559956444e+00,7.288907622885254511e-01
5.554143824432084209e+00,4.743083427720369727e+00
2.296216445364857606e+01,8.579692031656421136e+00
5.277037087278630967e-01,1.226786450311493776e-01
1.488640068106573899e+00,7.712308575451257697e-01
7.893809020869099413e+00,5.254266434991770041e+00
1.839573844369062172e+01,1.180289411915883768e+01
2.229832073957966543e+01,1.942713417517903807e+01
1.294695368413259473e+01,8.379945257282274795e+00
3.564141172157631487e+00,1.718873524201725456e+00
1.366303867387864468e+00,7.211646885854332556e-01
8.480674271135162812e+00,3.968772607426262145e+00
2.024090870430002465e+00,1.513985735153320578e+00
3.412053742417209712e+00,2.452388896903014093e+00
1.880931820354816431e-01,1.333977339126387884e-01
1.595447863008946676e+01,1.157460525993765543e+01
2.074199759681713218e+01,9.118448355684503071e+00
1.323256280650472405e+01,1.373100703775489073e+01
2.028711417233048664e+01,1.541591976323290680e+01
3.802327092003319642e+00,3.370485727927331254e+00
1.977788799457439950e+01,1.026083726814415620e+01
6.550118330683324386e-02,7.192898815163233095e-02
2.662494370686399847e+01,2.276808437363161985e+01
9.690479281943757073e+00,6.732654157001387141e+00
2.404728825247343771e+00,1.328984141666421870e+00
1.207379292576698654e-01,9.698670930362099374e-02
6.293123910691322820e+00,5.849411373821462590e+00
2.501796774314146887e+01,1.577964239211394393e+01
4.056816443156763818e-01,2.818604537478909267e-01
2.663706633455795014e+01,2.193117890392547054e+01
1.112764142279432988e+01,1.048074858250542363e+01
1.653675232112190940e+01,4.824434586633523203e+00
1.764791180448542818e+01,1.125160754099032800e+01
2.128878290329037082e-01,1.324828356250158656e-01
1.333903059477817621e+00,2.991035590052193993e-01
5.268915119524519852e+00,2.385026802427447024e+00
3.216022044837064442e+01,2.893070785243966370e+01
2.971755053530535040e+00,2.007925116962496759e+00
1.935704666146322950e+01,1.691086929020112350e+01
1.073859609171458551e+01,8.804961442652928127e+00
1.765619265101474156e+01,1.033627516645169919e+01
9.989673030425645806e+00,2.403617816214681735e+00
1.827384603152713893e+01,7.125465252760641910e+00
1.724569829448558878e+01,8.196496498910695649e+00
1.780609778488793182e+01,1.193792647162921838e+01
1.032248820035602677e+01,8.371780693911034632e+00
5.513001828169141749e-01,4.574335456772163355e-01
1.167725507347666358e+01,3.221470074439096276e+00
2.287810332756256670e+01,1.452252094708382302e+01
1.877027594907757546e+01,1.444227982413755740e+01
1.029571550296159010e+01,9.844462317028444431e+00
2.443697087297010739e+01,2.030675671170214969e+01
2.813134468214683537e+01,2.232969322198469087e+01
2.334185846599368475e+01,1.994055351632592021e+01
1.482094014954989381e-01,9.540565083746473107e-02
9.647403344157959637e+00,6.141468337447670400e+00
1.757369427852938926e-01,7.643745246280560235e-02
3.069054532981572336e+01,2.046538147907365612e+01
7.055465490815993057e+00,4.811363427201284182e+00
1.291634856544063625e+00,6.788665629288869185e-01
2.595717475134124186e+01,1.933317622622288212e+01
2.480837180399522446e-01,1.556093107888465166e-01
1.858913337630119500e+01,1.019709721148632653e+01
1.161671389294791723e+01,5.471726381790129601e+00
8.075903947707974151e-02,6.138527787966947119e-02
2.259714832832339226e+01,1.907096726989129110e+01
2.862166041524376592e+00,2.341951694474337042e+00
1.038440664594151741e+00,8.468094882837438053e-01
2.610134358420197387e+01,1.821482182878836298e+01
2.314925920794877801e+00,1.887806294260294226e+00
7.432510710801635057e+00,1.980370161362937642e+00
1.745809175753753884e-01,7.050273504275568481e-02
5.918051234047070785e+00,1.282338090844246770e+00
5.756882211234307656e-01,4.393006728884821244e-01
1.606716017736360413e+01,9.829022358640052914e+00
7.358613390978602453e+00,4.031700410335789186e+00
1.326817252492610955e+01,5.116650913024571423e+00
1.699697746389913533e+01,1.000015451999190752e+01
4.269025692617779200e+00,2.320333090246760044e+00
1.234280998902644033e-01,7.075351520574910125e-02
3.276320401801889881e-01,9.760504657115116889e-02
1.731495005101566786e-01,1.371823405091346926e-01
4.244033688870892718e+00,2.854807518195281446e+00
4.958151884154738731e+00,3.618947608181418474e+00
3.877773440805110106e+00,2.824650488822187722e+00
2.081171868203101072e-01,1.472519914811300512e-01
1.606848674649273434e+01,6.161703029545619437e+00
1.758757658695817128e+01,5.849512473026070580e+00
6.125412267616512807e+00,4.205756901741078302e+00
1.840776887436675224e+01,1.757936372236146383e+01
1.773343734220143020e+00,1.387932115202284988e+00
7.205871498149106102e+00,4.844970844806018029e+00
9.196318993643693318e+00,5.785489196892829256e+00
8.707879362988273364e-01,1.865021822678260277e-01
2.588289109524281528e+01,1.590918737839711561e+01
1.667632905455071679e+01,1.501221308635535046e+01
2.882347999752814260e+01,2.322511461112707210e+01
5.432640442961442773e-01,4.026681157823581159e-01
6.998972506253196002e-01,5.939082349447952769e-01
5.727187239103462169e+00,5.783414189814793716e+00
5.897933427890864166e+00,5.187296141872320021e+00
1.320507439256186188e+01,8.121530216001705327e+00
1.063016879704075279e+01,1.148947130817792406e+01
1.380376123741406391e-01,1.063754846603746640e-01
1.334684546451138765e+01,1.207065669766475402e+01
5.857723314960989747e-01,3.004419072563734860e-01
5.190139978358659256e+00,2.674168896049303523e+00
3.118480080489399953e+00,2.841361677582342704e+00
1.938426852458399097e+01,7.639550959376971484e+00
1.198808207492821687e+00,4.234668407378291421e-01
1.139651716258549996e+01,8.047315162925409382e+00
2.119527848591388519e+01,1.943690004234075630e+01
2.402156616477437723e+01,1.015475352091442751e+01
2.518153700615903290e+01,1.693364518605275748e+01
1.647480460988421269e+00,1.113413106632607619e+00
2.316198473800496771e+01,1.373362762795859204e+01
1.311246141941577115e+01,7.386955201299302942e+00
1.518221569892610745e+01,5.769934031321018786e+00
6.571411820799481163e+00,6.487502848294085744e+00
1.275594216698125560e+00,8.252996495876738781e-01
9.713213755902151192e+00,2.622034994674606434e+00
1.382636130046952516e+00,1.214094764393696790e+00
1.590390901905863463e-01,1.272499125976649381e-01
7.759491568798368433e-02,5.607311719311218468e-02
2.854275943787711967e+01,1.926526227166110772e+01
1.820209447905857303e+01,1.765950994794001616e+01
8.451316188664355522e+00,4.257576640673754298e+00
2.649981106888284477e-01,1.629228219325495053e-01
1.116501781840464780e+01,3.318135523264416964e+00
2.352781564281612248e+01,1.894489176110642248e+01
1.712960122374333949e+01,1.173434463127185445e+01
3.115020123992601420e+00,2.619690239095501472e+00
4.012154925274741935e+00,2.105477527115815484e+00
1.548068138450245534e+01,7.995714241245570619e+00
2.474353316234532230e+01,1.147086235083014394e+01
2.078235708614008814e+01,1.081718547506531536e+01
3.766601299165128314e+00,1.986614157522866408e+00
1.648894427949051078e+01,6.161991736204784686e+00
1.403231457873519794e+01,8.493389702240223826e+00
1.794691545076191885e-01,1.464050363444523994e-01
3.844412301597287751e+00,1.037562411450253519e+00
9.450877472330145856e-01,3.740232131747885935e-01
9.047279378853989584e+00,6.023773685152775670e+00
9.540873476535145059e+00,5.480788524855879196e+00
1.979929885734618722e+01,1.282432231152057867e+01
1.736919466312198423e+01,1.029359621050988061e+01
2.557093010197232785e-01,8.716788702725797311e-02
2.695513322355115871e-01,1.796288763858530091e-01
2.031379010156974807e-01,1.395570022148701073e-01
1.551662648361992469e-01,1.122440992510595759e-01
1.853718547157353314e+01,8.168224533824162137e+00
1.202761045465277867e+01,4.375893496245176095e+00
8.349642220036161688e-02,3.439188028376957695e-02
4.863699323911840899e+00,2.404969556934480668e+00
1.972043981072549457e+01,1.994801083005781095e+01
2.132801351440712168e+01,1.226308450362974334e+01
2.609686180878030370e+01,2.343095841814181668e+01
2.258997287653792085e+01,1.457970887257299708e+01
4.720293283710013554e+00,3.787017542787091795e+00
2.102451877469843211e+01,2.069239906322269462e+01
1.157498863370477610e-01,6.923612984606131171e-02
1.791092304592691775e+01,8.230020991494873428e+00
1.548373689339494208e-01,6.765565434240944365e-02
1.777818531581548456e+01,1.650846806584612025e+01
1.244808911269901763e+01,4.517498347785775081e+00
2.549428290795008323e+01,2.172364963209538047e+01
2.681906671921976582e+01,2.147640046420774951e+01
1.303927681967343233e+01,4.537974782562990583e+00
1.394246654154865439e+01,8.553184771906375161e+00
1.462079629101808109e+01,6.597506230005029337e+00
1.808673386746032818e+01,1.049329556284628850e+01
2.198120920211352747e+00,1.125831596815523028e+00
1.876208455222600691e+01,1.390483545354999428e+01
1.929997253107667632e+01,9.124753287862331419e+00
3.525048755881892504e+01,1.678199947530335479e+01
6.625442192234978211e-01,4.331949754352917847e-01
1.391503660740348103e+01,7.473454828624090496e+00
1.549481809699800428e+00,7.229196114678302365e-01
8.431055829650137667e+00,8.708142122164140631e+00
1.934972092155892653e+01,5.944136251166811213e+00
6.258892728520847326e-01,4.824300230708183368e-01
2.621640041122088038e-01,1.473418821210008833e-01
9.762217828533995556e-01,3.971815071900594019e-01
2.038356541731509708e+01,1.512387102771551639e+01
5.031785459695084506e-02,5.259261588418955718e-02
2.391855857430675059e+01,1.128935155041206428e+01
4.513638497024358820e+00,1.681945800741682540e+00
2.530596653767200976e+01,2.187422844902155461e+01
1.166169289357694616e+01,1.040760533755821271e+01
5.208599826211297856e-02,4.338518531304300097e-02
1.135549045122568879e-01,4.522588863333809606e-02
2.905379194828717715e+01,2.493786579281447757e+01
2.376441555290480423e+01,1.350859176516222782e+01
2.990602538718063919e+00,1.078812337869410332e+00
7.035745513853084887e+00,6.449595697173167608e+00
2.409692876427071084e+01,1.043401597644723289e+01
6.126742670542934199e+00,5.363915759253994331e+00
2.175926364048204886e-01,7.783387379276648921e-02
2.840837237149635897e+01,2.224485299603901822e+01
3.647360738876925357e+00,2.845880807858560235e+00
2.711923461893922394e+01,1.210797791836668225e+01
1.230822559419196693e+01,1.082242783694726818e+01
2.670411888254883337e+01,2.238410582139796290e+01
1.132020286596821990e+01,7.969558218499662061e+00
1.764929388769843399e+01,1.238979695432928452e+01
7.070905697369953558e+00,3.323341555536127867e+00
7.937764383887262021e+00,7.097329043887312672e+00
6.246804342870241555e+00,2.336047678308356357e+00
1.168864413536369190e-01,5.839473140061741951e-02
2.347646187841524323e+01,1.207712046109217141e+01
2.664193307607287053e+01,2.185291816679039556e+01
2.739857521864878720e+01,2.224931792503051398e+01
3.733566065148359314e+00,1.523683010236682955e+00
2.395461711704883001e+01,2.143307357107395106e+01
2.286525044745906143e+01,1.258135213341672554e+01
2.100479950420915287e+01,1.330951149774325692e+01
1.273688774828729642e+01,4.038125860285054713e+00
1.519084789898492160e-01,8.974975189092615491e-02
1.870035726481991678e-01,1.372061304831947715e-01
3.340463670714699163e+01,1.535494546163400109e+01
1.588059889234142874e+00,1.129504348423223448e+00
1.396286359417560874e+01,4.852140387872274196e+00
1.428980271793849610e+01,1.682070346867694610e+01
2.853493982849269983e+01,2.310763613292871455e+01
6.114409401425147550e+00,3.486157474340297657e+00
4.814913521620212578e+00,2.378577473443636681e+00
1.917847293548381771e+01,7.171267988132397520e+00
2.539367149038239124e-01,1.886269564995806391e-01
1.596886860194679514e+01,4.660209358800766921e+00
1.122755319491234616e+01,6.042727589470535676e+00
1.121879772053380186e+01,1.219137689454766260e+01
1.519374559319819795e+01,1.449130171442310200e+01
5.968686284082165727e+00,3.850096482063398273e+00
6.047809074890730940e-01,2.615156900544481355e-01
8.989806764681524953e+00,3.324678360236608121e+00
9.434701758269747884e+00,8.866178560790960006e+00
1.344306010866646028e+00,7.138844870549032606e-01
2.154480957880347702e+01,1.673411430145829826e+01
2.111604991838489909e+01,7.771269777465525053e+00
3.259454434023026703e+00,1.250025578495072898e+00
7.522181495489861369e+00,5.530251233723600279e+00
1.043402819600780340e+01,5.860105418464024218e+00
1.641125249112942164e-01,1.294723196371648510e-01
7.969890879356701652e-02,6.045266430610630320e-02
7.945118632990033625e+00,5.394570392193137387e+00
1.480214592164000287e+01,5.395289761369022052e+00
1.121795971171893669e+01,5.593285566342134807e+00
4.478748203517032955e+00,2.310504122984257336e+00
2.919721517730782878e+01,1.371657816317009093e+01
1.908733947669522379e+01,5.739738584326054216e+00
9.182363633536072101e+00,9.187081579924473829e+00
7.226300495104602817e+00,5.383808009889958335e+00
5.111961830482317559e+00,3.439868477637985311e+00
1.384023577996365972e+01,4.081339419568727145e+00
1.949832169779161362e+01,9.622257954970923066e+00
2.272748694827017024e-01,1.336220007234645013e-01
1.181045564302238482e+01,1.101058651450519044e+01
1.906808380708607942e+01,1.463370752286113863e+01
2.150304971846279045e+01,9.191138140353807273e+00
1.332205353550119931e+01,3.929509610172943201e+00
7.073919013468584760e-01,2.808031142392783397e-01
2.327886904204739338e+01,1.193556804669317728e+01
7.448199878684955144e-02,3.405723032552213092e-02
3.721827816437700553e-01,2.514729886003857495e-01
2.393330437271244193e+01,2.242771938633009654e+01
2.829712522604069491e+01,2.348804102932199100e+01
4.575394068475281628e+00,3.733354215267344234e+00
1.504671199385883362e+01,1.483613083253726650e+01
1.516448323683897215e+01,8.607316164339351872e+00
4.803396689892385218e+00,3.438067217716416657e+00
2.713869651673974914e+01,2.229948405508707410e+01
5.458445210165018935e+00,5.335319841752723669e+00
3.670555278372810903e+01,1.762767979436586430e+01
2.675612459511238939e+00,1.969484641893689325e+00
1.953945745203726503e+01,1.795684873711264729e+01
1.306217875467512890e+01,7.972315311327646370e+00
1.798319710417668915e+01,1.260467957102458847e+01
2.204040046821679866e+01,1.215077803191911521e+01
1.094325149122590446e+01,1.048727236042065414e+01
1.298124460179213635e+01,9.313354325466329797e+00
2.057479083769122141e+01,1.949298118812925651e+01
2.513717945447243451e+01,2.542407352926243647e+01
1.283241719961399951e+01,9.513205768993024947e+00
6.835574850313508755e+00,3.957943407089838050e+00
1.901114706389376607e+01,1.094540280621388106e+01
2.018814204149539104e-01,1.627462639969385616e-01
1.084614968515614386e+01,4.210771152282748453e+00
1.519862523266843191e+01,9.558230068364634846e+00
2.329144247106287580e+01,1.556484766914480211e+01
6.127267666438085847e+00,1.948584243051899145e+00
4.892389453452619108e+00,1.052109201381892678e+00
1.908422888330595768e+01,7.530726329340364344e+00
7.978473354253984517e+00,4.846410835082775925e+00
3.124525305499172489e+01,2.131942297806671505e+01
2.113657436243066812e+01,1.332425307933186076e+01
6.915845913607009399e-01,3.712509507098541994e-01
1.092729445752699569e+01,9.005925241045265039e+00
1.932819175184293803e-01,1.195120562948396858e-01
6.380173594045854379e+00,2.455816911166722072e+00
9.387276556763915480e-02,6.441873049573904053e-02
4.679410611494629890e-01,1.523880247828796608e-01
2.462667525251348977e+01,1.883222442252352735e+01
5.684473324395392879e+00,5.121100715603110309e+00
2.522706375731901218e+01,1.049578613978352593e+01
2.380278106182014497e+01,1.600520768794413229e+01
3.030462755207259828e+00,1.618776855723157215e+00
2.214589567496445532e+00,1.471836948453510319e+00
4.218658183795104044e+00,8.910011947429263834e-01
2.785939520728229368e+01,1.299773786822844812e+01
9.758973864007238319e+00,9.479980611781927635e+00
3.776128680652255931e-01,1.476537595068293240e-01
7.699342784841867626e+00,6.658197919855046720e+00
2.298639025929424307e+01,1.505396941494923979e+01
1.846646638877244007e-01,1.390847523427566346e-01
1.307026563380241591e+01,3.818161890460319174e+00
2.396543419575368716e+01,1.171936083955895391e+01
7.440090596645076992e+00,3.263199027219894965e+00
1.201579375921419945e+00,6.291291222255132043e-01
3.179847884926986623e+01,1.849831242549845811e+01
1.190031059259339941e+00,5.473556191263103665e-01
5.240074700059161456e-02,4.364866603265759454e-02
2.149682104382399572e+01,2.261293937505671892e+01
3.119866297631574170e+01,1.479355589442265995e+01
1.189527752765409652e+01,6.115763827138043673e+00
2.380686725046451357e+01,1.782011262979697364e+01
2.208005301950736410e+01,1.704821808734272537e+01
4.030246133226197180e+00,1.868527381635357365e+00
2.001861602011060626e+01,7.161674415564197815e+00
2.295095124566902456e+01,2.029933959160999279e+01
1.233361430901851741e-01,3.929051796163789134e-02
1.606896558665069363e-01,6.013270935936911032e-02
3.249283028813110974e+01,1.552470047806451880e+01
2.715291958533975203e-01,1.004169987707029948e-01
4.289898121889503813e+00,2.118855002373570606e+00
2.760769329377996684e+01,1.825087770576139334e+01
2.682288309649071323e+01,2.630449830421265389e+01
8.334508367129958017e+00,2.823377953764270476e+00
1.530445494002678375e+00,5.782450305516179112e-01
3.584506036162850240e+00,1.689579944271897949e+00
1.659662636258722657e+01,6.195598143631305454e+00
1.207182376605294394e+01,6.596640965018791825e+00
5.411183404112672513e+00,2.947047666395182119e+00
3.355907343196486092e+00,2.474402405774796421e+00
5.388235993999971107e+00,4.717265598308953756e+00
2.484904558677297715e+01,1.384416099459294358e+01
1.737716353251556001e+01,6.167217092813405799e+00
1.662762470340237897e+01,7.946125629399173107e+00
2.155688565500231135e+01,1.670031817696000331e+01
2.785311217026465869e+01,1.309456965015685448e+01
2.547753498175428533e+01,2.157334803175327664e+01
2.081842664066826387e+01,1.676215714841204374e+01
4.008737199300720366e-01,1.770295054225999865e-01
5.393384098344878197e+00,3.974943251382022424e+00
5.291808694533949975e+00,3.748447689758330093e+00
1.903871309024064429e-01,1.417449826613614572e-01
9.835211431012101713e+00,9.535768361790843528e+00
1.811543108634909305e-01,1.174035838021625366e-01
8.442927668452989698e-01,5.281699569259665772e-01
2.599178373396165398e+01,1.068091604373031878e+01
3.137962391520735306e+00,2.464137414715003693e+00
2.552192267111700019e+01,1.808716706977653033e+01
1.520286101122165157e+01,9.552879352106293354e+00
4.052998648647603730e+00,3.626366232731012662e+00
1.386188439148818008e-01,7.072213033956778472e-02
6.817297516593792572e+00,4.098076554688981687e+00
1.755581995670966178e-01,1.306694180231990354e-01
9.024410325045820969e+00,5.084240100260991824e+00
2.409450834916437145e+01,2.066837206590857079e+01
1.605458641368142647e-01,1.137873982051141736e-01
8.149912549838182585e+00,6.388540908606965552e+00
2.669337772746550641e+01,1.711186854299061366e+01
2.740828762957838194e+01,1.958680084294307377e+01
8.681845565238454299e+00,8.010169342919901680e+00
9.420382378634927889e+00,4.048113523925869650e+00
9.236822928359563534e+00,3.069715277713562340e+00
1.445560112344885262e+01,1.164232695873963941e+01
5.888547863406336624e+00,3.667813193313165243e+00
5.581503727701508488e+00,1.732297683316539105e+00
2.019781884629117119e+00,1.439795113779924751e+00
2.062410343159484238e+00,9.347549771175377442e-01
4.344696994823969760e+00,3.577424321446450062e+00
1.717390411340996792e+01,8.931785769929877716e+00
2.667401378150175972e+01,2.182043456061278874e+01
2.716985183035078322e+01,2.528553523001542658e+01
1.117875905322502739e+01,2.967637057820367907e+00
6.896287880353593636e+00,5.190415419046062517e+00
1.992054714642333835e+01,6.149226027920111193e+00
3.526399235549806832e+00,2.720446266922388112e+00
9.953852543668739727e+00,3.630986467163827669e+00
2.608147024290394711e+01,2.464729302904814290e+01
6.408605058696713819e+00,4.475632486713552183e+00
1.693471766525067324e+01,1.622282387178763230e+01
1.880780049141939969e+00,1.701073514987196500e+00
2.958542823163263691e+01,1.942386771038253457e+01
5.389728323639427998e+00,5.176928068702536301e+00
1.226701071593686088e+01,5.238464659672207091e+00
1.009303019542020863e+01,1.119209283882211992e+01
6.210546473053671690e+00,5.946189691138646261e+00
2.273317078292976801e-01,1.049323135813999830e-01
2.847274021162132485e+01,1.880690156286902237e+01
2.746216722753981099e+00,1.615585515655107329e+00
2.683983513262716558e-01,1.701032713952429776e-01
2.125380717837776956e+01,1.669446420034439882e+01
1.296770935908897471e-01,1.005134063391683596e-01
2.560048816525124948e+00,1.948075648656549808e+00
1.915906956348877088e+01,8.091581219393777502e+00
8.328979742102829431e-02,2.851146438649065917e-02
2.585121826278257018e+01,2.027309034566172841e+01
2.103432371042812665e-01,9.606904199822331736e-02
2.092139854765056484e+00,1.093859836717206768e+00
6.875521612904143820e-02,3.443908808581463976e-02
1.433419546182100213e+00,4.061125085227479947e-01
4.174260056659337081e+00,3.798696631712817684e+00
2.531363645708485066e+01,1.742047790425568365e+01
2.688764198721964593e-01,1.631230286275014429e-01
1.978830581688450163e+00,1.177987665431043496e+00
2.524690900063652776e+01,2.146099815112031450e+01
1.072092667658822762e+01,5.203797762819768025e+00
1.586925938991448781e+01,7.862390009432647098e+00
2.556731906751760430e+00,1.145185401557881288e+00
2.527029238256922028e+01,2.577065041953900959e+01
3.923820069009744671e+00,3.787730246826107816e+00
2.490708536801919393e-01,9.407092738452174641e-02
2.890253963227720746e+01,2.515144639640060120e+01
4.521690713102773929e-01,2.658217098263211953e-01
2.189423436380582544e+01,1.404745893364024134e+01
1.627291464202285098e+01,9.495535005993609445e+00
1.719543692668257151e+01,1.097696018306620580e+01
2.398520786200466759e+01,9.769188416005970765e+00
2.661685521434311141e+01,1.037704677361079320e+01
3.897776178602396868e+01,2.035397950536849265e+01
9.643305716251658666e+00,5.846642363041994805e+00
2.464898578266712548e+01,1.719826130755939175e+01
5.120610289383583646e-01,3.823598891517896448e-01
8.906774007192765907e+00,7.545975651673709095e+00
1.260397591111324378e-01,8.564810469104774948e-02
1.670412220904924361e-01,1.424714630406151983e-01
3.193963351168877196e+00,9.925612900452789322e-01
1.356035851632587885e+01,3.771791987780209077e+00
1.527245990738932768e+01,1.574060246386139639e+01
2.411061555287541225e+01,1.777378923632410945e+01
2.144511262735099066e+01,1.011624046996791115e+01
2.591496833996298932e+01,2.417005155295472463e+01
2.238829728393509200e+01,1.445365230267515777e+01
8.383766125102676270e-01,3.115451035306360805e-01
1.823908674843510491e+00,1.241852365117387613e+00
7.704937388695996814e-02,5.076478303318490010e-02
1.270945342278508328e+01,4.450137512323705025e+00
1.892318936211556846e+01,1.844836835761131155e+01
3.708400026091700052e+00,3.090480805049680146e+00
2.077501490273172990e+01,7.593338047621520204e+00
6.386201511148049015e+00,2.073663179199982665e+00
2.091172633676510628e+01,8.474414684117476781e+00
2.439421717171553183e+01,1.038391164155111390e+01
2.279844360594432473e+01,1.084175427642712108e+01
1.918750740100578500e-01,1.152629432042554525e-01
1.885567399562892632e+01,8.764413200059799181e+00
1.292776189230422723e+01,1.168626662193948462e+01
1.056649300528109264e-01,8.686506089429997524e-02
7.187541373175339920e+00,3.197091010500909825e+00
1.335144010213257637e+01,1.491468997446754230e+01
2.176851324473065930e+01,1.071836373626794092e+01
1.802945111152601254e-01,1.224525278249461585e-01
3.390599917798765350e+00,2.824783221276816469e+00
2.510521881650787179e+01,1.732727784076657329e+01
1.913853094650571407e+01,7.341218440479828189e+00
1.529392406490766909e+00,8.164927547591868118e-01
2.613602017660778287e+01,1.082496266846511901e+01
1.773293144059384829e+01,6.595917572332978374e+00
1.060287987966682444e+01,6.932307137538670894e+00
2.257877816603627519e+00,2.108184107360627113e+00
1.864880839982453864e+01,1.761691711746347266e+01
6.473520487143956892e+00,6.446962009288792927e+00
1.013483123754230913e-01,5.493007463098224796e-02
1.377821028676871684e+01,8.012049859300475418e+00
2.675348719648572171e+01,1.316457247874610381e+01
1.392051682499533172e+01,6.550239115306245807e+00
1.825737215051062845e-01,1.421783149072691210e-01
2.033552508390285840e-01,1.895053948687722700e-01
1.775661032289066910e+01,9.245855285322173600e+00
2.855266846746210518e+01,2.632369477169439875e+01
1.534613263875279365e+01,8.363377015789133395e+00
2.887663460254293213e+01,2.571935051185548105e+01
2.468456580077569029e+01,1.657885992227597072e+01
2.444697018630337126e+01,1.661484646672883159e+01
7.770559655620061790e+00,5.313019537355595290e+00
2.520193810453415395e+01,1.789743266065576321e+01
1.764975112434294502e+01,1.181624292318335456e+01
1.985153370835485731e+01,7.174471138546624438e+00
3.924597619353138001e+00,3.551423298203475021e+00
9.449360933349943537e+00,3.549531347344035748e+00
1.135092194041097358e+01,3.933606505375061957e+00
2.183857384085951381e+01,8.554076790374304906e+00
1.019793359920656073e+01,8.471660483510671469e+00
1.809500531867700712e-01,1.349899285674609206e-01
2.598734211749513179e+01,1.960300394650912281e+01
5.852914438333458591e+00,3.880914971904286137e+00
1.056433616899373185e+01,1.038594088046798625e+01
6.938939424088220953e+00,6.316597928504023685e+00
5.754976574891049523e+00,2.958596186238861225e+00
1.640221079298237328e+01,1.026732825210854294e+01
1.705856215272452658e+01,1.546426189395235262e+01
1.855790742062867338e+01,1.393931789476475558e+01
9.630405137863807141e+00,7.549068169492448632e+00
9.801560062933884154e+00,1.009622957447091451e+01
1.594915498510476581e+01,1.397655337651836582e+01
6.211118648549038390e+00,4.408574782230013867e+00
1.831852259961768326e+01,6.668875771638599126e+00
9.596377357787233109e+00,6.649905479070882031e+00
1.480475498116219235e+01,5.338345104492214332e+00
9.418565817541015406e+00,8.686248069888792500e+00
5.851991465933784609e-01,4.844683366328005336e-01
3.006071804610758491e+01,1.519601887194919065e+01
1.206599436702349981e-01,9.363140855589269229e-02
2.014315780121258825e+01,9.932820911141792664e+00
2.706052872395652997e+01,2.139725885518339155e+01
5.188896639772857533e-01,2.170174649979529913e-01
2.042002625221645573e+01,6.781874785262107075e+00
1.555276092732266768e+01,9.174397684859187052e+00
2.139523716083591154e+01,1.332329286375845712e+01
2.236689083548555246e+01,9.831406625604776295e+00
8.788884524424586786e+00,8.402465220332148377e+00
1.450686914028025321e+01,4.272151719185365515e+00
8.962353294777978263e+00,3.591153056650960629e+00
1.278590536746225759e+01,1.280228167693339714e+01
8.921708172846818385e+00,5.188778883068312808e+00
8.560689128559772598e+00,5.621169746115903365e+00
2.676864388226750435e+01,2.190343214184347431e+01
2.415590283075833256e+01,2.514625553332265895e+01
1.166292103811212399e+00,4.291657952520867014e-01
2.347079327417664985e+01,2.142355101222048219e+01
8.551984045213046670e+00,7.412096352248410902e+00
1.833770485060968269e+01,1.262355887006216193e+01
2.526715246237406376e+01,1.785600768430137464e+01
2.679218609119228844e+01,1.948814081088502093e+01
8.355159955411425088e+00,4.947951949562333418e+00
3.063328901068616972e+01,2.129118915331944351e+01
2.920127513515013007e+01,2.430529007649059992e+01
2.294902043913741974e+00,2.010009393321708693e+00
2.810842813298899845e+00,2.610682770118725848e+00
1.903852259313879358e+01,1.690064052014116314e+01
6.934684790546381539e-01,4.366282697501155941e-01
1.422260888066572093e+01,8.388918577783460506e+00
2.670211842679906766e+01,2.444522728573553749e+01
5.557832728965965252e+00,5.578323517896984995e+00
1.707546953571420500e+00,1.318432755322527239e+00
1.857231531756540832e+01,8.539320336922637367e+00
1.474542888317460054e+01,4.293009897955686327e+00
1.841712022842875029e+01,1.179552925194573021e+01
3.179059503074764148e+00,1.099537255064083396e+00
1.525043763620098503e+01,7.653379984520228163e+00
2.331116787812372237e+01,1.184591209286503144e+01
2.921460333847312185e-01,1.597960336869603537e-01
9.020931355905988269e+00,7.482782056796722259e+00
2.642231190676623953e+01,2.626652750103724543e+01
1.611592400791647250e+01,5.997995356897551922e+00
1.835438546403762317e+01,1.110979783826745937e+01
3.190127342137352717e-01,1.311343068167070136e-01
1.251088979050913785e+01,7.277067247604997569e+00
4.823532839560131791e+00,3.061897922832836905e+00
2.305742405737332490e+01,1.664549748875807467e+01
3.704134915875041401e+00,1.285077083097501349e+00
1.883299966049168361e+01,6.229151192770656209e+00
1.327198877934262500e-01,1.106292412745783355e-01
6.516158248147742249e+00,3.502495797304605585e+00
1.759654967305517559e+01,1.266219137160331165e+01
2.585902865062079670e+01,1.548762243079273304e+01
7.358009624060275478e+00,7.395586777281367930e+00
7.050590191804668727e+00,3.945001419258432840e+00
7.133634367740674165e+00,6.500587951240399676e+00
2.465327095790640577e+00,2.023347053992175404e+00
8.216436704295126958e+00,6.607093808081991426e+00
1.502101763768221510e+01,4.060501251192111916e+00
2.237369464989148327e+01,1.768340004488915795e+01
2.832277315322438938e+01,1.978997133387508001e+01
7.603014207659568591e+00,7.784810342552248130e+00
2.650351709229654062e+01,1.336596147302956972e+01
1.916579954614584302e+00,8.404090147589733384e-01
1.777724202510316687e+01,6.796741085023638718e+00
8.290356532283011504e+00,7.897944576120476512e+00
2.181690928883390157e+01,1.704621298445704269e+01
2.187545375843686202e+01,9.383870368119891836e+00
1.778080533620324921e+00,1.161211971051439029e+00
4.086639112410455077e+00,3.923713389558923570e+00
2.992539590975512453e+01,2.078361797399395527e+01
3.554723568071964479e+01,1.796476232935689765e+01
2.848724175821626403e-01,2.426958684492424856e-01
2.017669054906536363e+00,1.486706093411735319e+00
1.980057143049697643e+01,2.030199333612715407e+01
2.795136670905431497e+00,1.425447311574432829e+00
1.026448637942660014e+01,3.600876050295000130e+00
2.527493597111231693e+01,1.857319133040503800e+01
2.541685655396981502e+01,1.817293001663341911e+01
2.007967516030372934e+01,1.766943219367271212e+01
7.062072845102720819e+00,1.813005275220580526e+00
2.566233511728840710e+01,2.021521354549414440e+01
1.314860020531332108e+00,6.837906792058083827e-01
1.719548500945542902e+00,1.089613857112643247e+00
1.221532906273488805e+01,6.454264670597012810e+00
1.504760337313007135e+01,7.292437278838476367e+00
1.369618334212267285e+01,8.348716807747649682e+00
7.897115479092087220e-01,4.827282968586759093e-01
1.770939324753526023e+01,1.137250105197561290e+01
1.443339351325356112e+01,8.307175112381724347e+00
2.506180292547848243e-01,1.364654800744122820e-01
2.781984356865407193e+01,1.723106595623867676e+01
8.060958338447210991e+00,7.352163145988040327e+00
1.116708521181713287e+01,5.544658407599086125e+00
3.468117970000456296e+01,1.701401379493193033e+01
4.960144300786962113e+00,2.753540999092779273e+00
3.266225993470942335e+00,2.460916264572599932e+00
2.517931499166386189e+01,1.622175240766215509e+01
1.897608702037206285e+01,7.083355926916319767e+00
3.009623271531132005e+01,1.300126457443750461e+01
4.298809117564201365e+00,3.741859947064011926e+00
4.110168655894201883e+00,1.902237296447760517e+00
1.762633800411402518e+01,1.147004222134622431e+01
4.112527641401888395e-02,2.215099294720486098e-02
1.995556864281006781e+01,1.404663694669968876e+01
2.332127566072425751e+01,1.159011317112680217e+01
1.199544026926880891e+00,8.709679942240684536e-01
3.193276781603574754e+00,2.581876192343174559e+00
1.300260192114787161e+00,1.068497381589802675e+00
2.908057328127525487e+00,2.369252650008588645e+00
1.926569142823785219e-01,9.671728265781447120e-02
1.653275041309406745e+01,6.890572159756159998e+00
1.432574657803206142e+00,4.931073003845983793e-01
1.883957362853003659e+01,1.264047780016182010e+01
1.617590969969072423e-01,1.303050604329599738e-01
2.310990163850384083e-01,1.677512894083363071e-01
6.907168858960947011e-01,4.971453540498024792e-01
9.414585249845391246e+00,2.630150331745141123e+00
1.281642094729238046e+01,6.113372979862788270e+00
1.290955251897127454e+00,1.005136004184806753e+00
1.134529157997834403e+01,1.044093750198358350e+01
6.536139722010886111e+00,4.699660208238624293e+00
2.749834108391588572e+01,1.309178293844260033e+01
1.268838264554818629e+00,9.019776697613099969e-01
1.665092918150688828e+00,4.209866279169917624e-01
1.313904442398475503e+01,4.877897251834141912e+00
5.050436262227080420e+00,1.917280291388530289e+00
8.485773356292990455e-01,3.241457555774365229e-01
5.324215861636380609e+00,4.995263578586222053e+00
1.972144199087380256e+00,1.658868579734597226e+00
2.525696379472706354e+01,1.236235735396168423e+01
5.416528608747311679e+00,4.300363091643307101e+00
1.589365294500264270e+01,8.764885325230327595e+00
1.604837643801376501e+01,7.434505271348927913e+00
2.659098186621803306e-01,1.205105992881416593e-01
9.987375626903443049e+00,8.119275204029710480e+00
4.872700165765127878e+00,3.636817008783302274e+00
9.175764678377538175e-01,5.993280998370278390e-01
2.080468982269758071e-01,1.390090326904281359e-01
1.597694136445959145e+00,9.618568293547983261e-01
9.943596065928655969e-01,5.631970073679654076e-01
3.172947196116709989e+01,1.503284987441038112e+01
1.910819452409669950e+01,1.551233852586911333e+01
7.924907418722082042e+00,6.961900757244711357e+00
2.807486022090978395e+01,1.138573628407122307e+01
8.364199012032557334e+00,8.722321042942455804e+00
1.261259967123051495e-01,5.944601733009560740e-02
3.182531024017207777e+00,1.427021485134241541e+00
7.163947553429614423e+00,4.479636671173435225e+00
3.709823891294103504e+00,2.915195453304642914e+00
2.450142486882416293e+01,1.948476936724871678e+01
1.025000960555538754e+01,8.909459910665605165e+00
2.637475042838361361e+01,2.347288395352262924e+01
2.456834324941445047e+01,2.100441739808020003e+01
2.006612351029303520e-01,1.062355614341255056e-01
1.614500339836247989e+01,6.261217383056759012e+00
7.040060652407717612e+00,5.980605683352608892e+00
4.008298157397409689e+00,2.214615158910675063e+00
6.390641074421496093e+00,1.767657121942854959e+00
1.790835462849125648e+01,1.660631816783267212e+01
9.833801595229466841e+00,6.437351460319669094e+00
7.417614253327673879e+00,7.539537209143014174e+00
7.582153368385051273e+00,5.187851120536921989e+00
7.781588177698256503e-01,1.623256346498597735e-01
2.194886124941503880e+01,1.315329123388969101e+01
1.501054093514500309e-01,5.732860673821962849e-02
1.862154788390655291e-01,1.386448260510846076e-01
9.714311663873038682e+00,8.997405065306923078e+00
2.049979901528723047e+01,6.648405221171035606e+00
3.450729827801066296e+00,9.426077706413065194e-01
1.000341013189194683e+01,5.488266950760356089e+00
1.180013697551824237e+01,1.056330970198853514e+01
1.753745603659841734e+01,1.584783657561419723e+01
1.620109710338980236e+01,6.315061951475217761e+00
2.435277363294984787e-01,1.343316705475408324e-01
1.186016825639356931e+01,4.456666639815855646e+00
3.773892692179769526e+00,2.459465318651199883e+00
9.772584268081493164e+00,5.749100024207621118e+00
2.139307554633317565e+00,4.262897675879582238e-01
1.423159639925659015e+01,1.399715857437822208e+01
6.386169208828064825e+00,5.038086695060895792e+00
8.262674409977226020e+00,7.882285482798326193e+00
6.592571459809453138e+00,6.153360051117513052e+00
8.164111902285904776e+00,5.240045274846892198e+00
1.801584296778511174e+01,6.920551057276217222e+00
2.904617144202272527e+01,2.242295395202328478e+01
2.747030026580467066e+01,2.445674173716222555e+01
2.812581256426604615e+00,2.195294622072783586e+00
3.635317132035119636e-01,2.815142545708324007e-01
2.415056702120136833e+01,9.121034951610724306e+00
2.100599714498962989e-01,1.401050373299265461e-01
5.813429795818355394e+00,2.636788209148751339e+00
2.227448869181356628e+01,1.261342237193949245e+01
1.101856378026800920e+00,6.682396768746501348e-01
2.221144922615982953e+00,1.352824212676624560e+00
1.997010523793009185e+01,7.813790274007503811e+00
1.277938492827344064e+01,1.261089287691167016e+01
4.064827825341745804e-01,2.172355559477773812e-01
2.342842862458849851e+01,1.487661558371566528e+01
6.820769868196031593e-01,4.268274343541998417e-01
2.048497210420033099e+01,1.492386167855742052e+01
1.513044461881480629e+01,5.278620888109839093e+00
1.744541400514863838e+01,5.136248980424868549e+00
1.286988985235948624e+00,4.176200433897085396e-01
2.916180215839153078e+01,2.463149161577951674e+01
1.747069576453192497e+01,9.222469973443518043e+00
4.669158102047802572e+00,4.503298726205382962e+00
1.986830979516932061e+01,8.688723905297091932e+00
1.766411775131377127e+01,6.255376112009498613e+00
2.013108856773722266e+01,1.941067144871573191e+01
6.885300361340311426e+00,5.582758062825603496e+00
6.019261898882420914e-01,4.291383209502973584e-01
3.067654796124266525e+01,1.489988109702972885e+01
3.300710975105884515e+00,2.309390868466393076e+00
1.911619316290288140e+00,1.485333682120057119e+00
2.076846851995031074e+01,1.203684596922745698e+01
1.939070813591629516e+01,1.122097127410957285e+01
7.035057996528697899e+00,5.909020325105030835e+00
3.675435361376637733e+00,2.064089917861433587e+00
9.498090746060514622e-01,5.039604837757130085e-01
6.083476134186729389e-01,3.755527194431826365e-01
1.588385238858582182e+00,8.400202552270771283e-01
3.433367943789021881e-01,1.164611361306218257e-01
3.797621450805254373e+00,1.866681133246707702e+00
3.781244791879404321e+00,1.427082774666161402e+00
2.055571842614069666e+01,1.049906014288285938e+01
2.101965734368659611e+01,1.495065879557827593e+01
6.398963263257579470e+00,6.396383297855392058e+00
1.532043541524781061e+00,4.428764342666265952e-01
1.617603433967192084e+00,7.713426648440816491e-01
6.532360165342981695e+00,5.841808547075720170e+00
9.605188089850939193e+00,5.861937016828711045e+00
2.584244113785439390e-01,1.572894507368791661e-01
1.270596255220803350e+01,9.349983835228481865e+00
1.854494814152815030e-01,1.521766310115617027e-01
1.877345258974395525e-01,9.629369238434898337e-02
3.576308962036264205e+01,1.769623231629515914e+01
1.896834353010619645e-01,1.461508311588546882e-01
1.845001993884454450e+01,9.813189922177748770e+00
1.706605349112775372e+01,8.311303640496520373e+00
7.576865647687824001e+00,3.540104451896554316e+00
2.442448701639903419e+01,1.907782405470168996e+01
2.774332505077867594e+01,1.900103895569179002e+01
2.071671602041913474e+01,8.702114731451541019e+00
3.286406461667295442e+00,1.196198587547520287e+00
5.817692939293864107e+00,3.518475961864674595e+00
8.357886533741794466e+00,6.067429151450959068e+00
4.023787227064691940e+00,2.518036994382050864e+00
1.605439676661228532e+01,5.707485275814469183e+00
2.170459645657494008e+01,9.740654063808449337e+00
3.874205696675882660e+00,1.838178679992622966e+00
9.744212500486232331e-02,4.958768126217506095e-02
1.614613625947885600e+00,9.156181081662350119e-01
1.922257500408965925e+01,1.597353193123219839e+01
2.647163615028797423e+01,2.248691161731400356e+01
2.581580581676050645e+00,2.303802284194060412e+00
9.699732751706697798e+00,9.296973813088859728e+00
3.087463086012701030e+00,2.482104712325881923e+00
1.018444851567867815e+01,6.662590545315487667e+00
1.677542785104751744e+01,1.224190612106183451e+01
2.731251975857808389e+01,2.043131198781468072e+01
5.150101255257889754e+00,5.072861552809994734e+00
4.872194393675735924e+00,4.258924333606755930e+00
3.341634845244608187e-01,1.242101014838945666e-01
1.779320850087515449e-01,1.325534443439352339e-01
2.454252533838707606e+01,1.497332245571442932e+01
9.637820700232566651e+00,6.180044881010154256e+00
1.878360622311498673e+01,5.955666502147740182e+00
5.529163997096754324e-01,4.838607019375217311e-01
2.282537953678947318e+01,1.299791566772145224e+01
1.798936670402598581e-01,1.494377322674600439e-01
6.720289218959590194e+00,5.381028618677394348e+00
2.543716616297019328e+01,2.131804074786117909e+01
3.374227609186340793e+00,8.270323676628197340e-01
2.764206969453870233e+00,6.784113961185408437e-01
3.654065290147664680e+00,1.731876409666841310e+00
2.732475616700033783e+01,2.514926993113011378e+01
7.973408248142388466e-02,4.995668925243972047e-02
2.023584815906726675e+01,1.261747646007581913e+01
2.162616606499681637e+01,1.396702160793713787e+01
1.692384664605816269e+01,5.900102567508532125e+00
1.706678226814677402e+01,5.429793076298303767e+00
2.515399107975696680e+01,2.173836473903165256e+01
2.717037685707228434e+01,1.815386799331920642e+01
6.883484302805303878e-01,4.253610224427302744e-01
2.371023624182356215e+01,1.791244652111785740e+01
6.331656134556330251e+00,5.866239139196462560e+00
1.327859219465775631e+01,5.144061729944531258e+00
1.055249200822451350e+01,6.310273151086544630e+00
1.358975286279025774e+01,5.244253079247577887e+00
1.938119591107821948e-01,1.332815644956603096e-01
2.553297369910182968e-01,1.426089781854182892e-01
1.049599268420050358e+00,5.380897119711930410e-01
9.537482479088431830e+00,2.692630256190081894e+00
2.613639318698809433e+01,2.046655710831550934e+01
4.844497708045833129e+00,3.478600839861918814e+00
2.237701469137416965e-01,1.612104538043178659e-01
1.285792499337023287e+01,4.451522680843998714e+00
7.510741657359729651e-01,4.021946438714153471e-01
6.557579990995614061e+00,5.773300443507740631e+00
1.562808859123113514e+00,6.884602013747832538e-01
1.957606825722945842e+01,9.707414188427831547e+00
2.064810027854044883e+00,1.491265639765189999e+00
6.880739806571342099e-01,3.627999085625144282e-01
2.530582880136792312e+01,1.157411394527994553e+01
1.308979790295604184e+00,6.407404755363905746e-01
2.288863405830572906e-01,1.267969364521097098e-01
2.430914249732173404e-01,1.616872619985454673e-01
1.850645004443818298e+00,3.810359918479996888e-01
1.818876482206992495e+00,1.238351681127453974e+00
4.858896352573765398e+00,4.089423737336014497e+00
1.166498667405996059e+01,4.313550247077410305e+00
1.476951233568779998e+00,9.472983393505157723e-01
3.997528279267197782e+00,3.367148722954314888e+00
1.536686024867419675e+01,9.600232546717132109e+00
1.236986147720037926e-01,5.114382417278575538e-02
1.791621847524843103e+00,6.289278638447975966e-01
2.245586803096266948e+01,1.823029441199738443e+01
2.613612783703392850e+01,1.805163154529045144e+01
1.722712089801326485e+01,8.998088491993156524e+00
1.346811533482777357e+01,9.331142570982951412e+00
4.841313529880362232e-01,2.928771854903935434e-01
2.327452108469342562e+01,2.301759516195820865e+01
1.084923026019070491e+01,4.089697878334066061e+00
8.567197717750422825e+00,2.255051774389032815e+00
1.665350782574060995e-01,1.327077821690875181e-01
8.063238234822087680e-01,2.047290378530761956e-01
1.684088709303823350e+01,6.707207861019847783e+00
2.000288911715157880e+01,1.209360695122433782e+01
1.525674504987167557e-01,1.307756137693718568e-01
2.035925699788723620e+01,6.408908015693039140e+00
2.770306357697091926e+01,1.877528753305703546e+01
1.168315676819751125e+00,4.735786776754862260e-01
6.005981909298859778e-01,4.257090174946041028e-01
2.451122758993832562e+01,2.540273336125953207e+01
8.238479776855999859e+00,6.386150508605438425e+00
1.626499766301479610e+01,6.102262837691145414e+00
7.645211250212637089e-02,5.279048543613532041e-02
1.847510149529165702e-01,1.315050937363862471e-01
1.372276266913048659e-01,1.139713913392762096e-01
1.721500000947836995e+01,1.309109369989410965e+01
8.156411768767087844e-01,4.400589924723932733e-01
1.461689395238526146e+01,6.901230986823531310e+00
1.777497141433675432e-01,1.098971891097059034e-01
9.930920264112181428e+00,5.285390570309750125e+00
2.951855136974369032e+01,2.359739486323279678e+01
2.674452920843275550e+01,2.522036035590949510e+01
1.841958654838860099e+01,1.595524769715123981e+01
7.594135987597732118e+00,6.399179275222087071e+00
1.523746656583790404e+01,1.027965720822365014e+01
1.492692072127657921e-01,9.119633943958320443e-02
9.256628611139424478e+00,9.321490121692196595e+00
3.325903251192042553e+00,3.101609998434658344e+00
5.462921519089398992e-02,4.084973794739913538e-02
2.007015403716278712e+01,1.763589554053256947e+01
2.417337001303747712e+01,1.984473042333331350e+01
9.684876656851692189e+00,5.642148437076763834e+00
2.440531369276747142e+01,1.504931112825904371e+01
4.621661444447505041e+00,2.726357043896513677e+00
5.830938760941675181e-01,4.417845618959989062e-01
1.210158257415185190e+01,8.847034919413095722e+00
3.994150383440331353e+00,3.086309749223711929e+00
6.591799590428045752e-01,3.600887530298798600e-01
1.752129168866240760e-01,1.429146605075955478e-01
2.412226479674955115e+01,1.262527819291049624e+01
1.541060000886901538e+00,1.186118370972955027e+00
1.762492525436664348e+00,1.643279349851267668e+00
2.304241053172220077e+01,1.636786003959764813e+01
9.608174523187028582e-01,5.844240965184123171e-01
1.017132644558326149e+01,3.063776214785734808e+00
1.033203369637297531e+00,8.804442651049319002e-01
6.899960923889437714e-01,1.642000056893650195e-01
4.798748655774000227e+00,2.127708167277258866e+00
1.529084347260010190e-01,1.234851234077740667e-01
2.066281140399675476e+00,1.748408811560562492e+00
1.631959460332014444e+01,1.140638596521301373e+01
1.912796850760296863e+01,7.304772317149610394e+00
2.569347707757480137e+01,1.695529454785917878e+01
2.299188731331149782e+01,1.184188516351806442e+01
2.734897290782857926e+00,1.912732786803152507e+00
9.172995234925844343e+00,3.445068834842876626e+00
4.663446547783546947e+00,2.355509296729866975e+00
2.998475507850651312e+01,1.413486904756661922e+01
2.142996934123922159e+01,9.463634650255100311e+00
1.018990090687561612e+01,6.610656971700357154e+00
2.073354506241273398e+01,1.607627272128907947e+01
8.700042148645156459e+00,5.536963052990139467e+00
1.783051421693210870e+01,1.100183429789364986e+01
2.732449967383877976e+01,1.994676809021526509e+01
1.633492359810542283e+01,4.551225606217399466e+00
1.178109569150461233e+01,8.388746685947163328e+00
2.629508610295657789e+01,2.077740138159660432e+01
1.155759062916065538e+01,8.747035064037930852e+00
8.494678296531523287e+00,4.974363235799687644e+00
3.015491114187287547e-01,1.927085814320072810e-01
1.497749986254389931e+01,7.145775065549546667e+00
1.688626931978272905e-01,9.385540834666881993e-02
5.307256854149487779e+00,5.291766965377236787e+00
2.671417997399938571e+01,1.696435356352931478e+01
1.557347943031709825e+01,7.501881061529990902e+00
1.606593005616662462e-01,1.334148892921112328e-01
3.632597225208029812e+01,1.778004860746853666e+01
2.331824605766443526e+01,1.804024716321847421e+01
1.535309820832919669e+01,5.964422210156658188e+00
2.485647248207655835e+01,1.226179635648107968e+01
1.640974242645125258e+01,9.195827322004348048e+00
1.766412553944105213e+01,8.497511665128659075e+00
2.098650690110810046e+01,1.426552558728738695e+01
3.519310518386337350e+00,2.420275883916688464e+00
2.777058672835583408e+01,2.128453690768120765e+01
1.676720840723290706e+01,1.583952588270100570e+01
1.159836862082317399e-01,9.375513907851651396e-02
2.127069961854756830e+00,9.403351553097284432e-01
5.977057292052902149e+00,5.906195069291329425e+00
3.365155978971487372e+01,1.853808310773486667e+01
1.662612640652250917e+01,1.915576695318535982e+01
2.159855256052068384e+01,9.008132841653788248e+00
3.964364753395333008e-01,2.117420959219616650e-01
1.262281415634632920e+00,9.740430882547107538e-01
2.697202646291209049e+01,2.415194249037484653e+01
1.012400882760706011e+01,5.389307458793042294e+00
1.363590820539165449e+01,4.790471916383377327e+00
2.346579053397213244e+01,2.055272692077979713e+01
1.779380938705232040e+01,6.453890404446818607e+00
1.812038994199072661e+00,9.453818540911755886e-01
2.189146683329480680e+01,1.126916402203791101e+01
2.086049918649223045e+01,1.269799163227662220e+01
1.739521152877531618e+00,8.345060983326842985e-01
2.514015314971895521e+01,2.483250897339336305e+01
1.676641304289706869e-01,4.769622331053407355e-02
2.564699505451060091e+01,2.077421553132222343e+01
1.595717573960783575e+01,8.624644188299980030e+00
1.070195725270476350e+00,9.022482550008417146e-01
4.992499259309570725e+00,4.370736428850058530e+00
1.140760088047923837e+00,9.482353426739299485e-01
5.428755989985670105e+00,4.455459047445298637e+00
2.503734781283947441e+01,2.058201086696440285e+01
3.222183377657584114e+00,2.984636294204132678e+00
2.336050721026387578e+01,8.353750065939355096e+00
2.821060850170182821e+00,1.978436105890525321e+00
1.539532499465481052e+01,5.001842855439356583e+00
2.828929842960998542e+01,2.341587620721151808e+01
9.426645729015181274e+00,9.473897177789428525e+00
2.108624869879686115e-01,1.347290540926527336e-01
4.970181977026730813e+00,3.728374541132629449e+00
5.173272968881082595e-02,2.595746088070611385e-02
2.428609074552204561e+01,1.167977488319194457e+01
1.872886299326154802e+00,1.043515333902694575e+00
3.423210456523676726e+01,1.620097852032028740e+01
1.856490801889389886e+01,8.387990982016596320e+00
1.819001876243764215e+01,1.432391183306443772e+01
5.607791294630060097e-01,3.626059887246667612e-01
4.125822960712870469e+01,2.321072720042765880e+01
4.927657837865598189e+00,1.823248479894632235e+00
7.294373322743049393e+00,2.439114809263946970e+00
2.970575648948763359e+00,1.247718700294248473e+00
2.944088678712766338e+01,2.441381149704602294e+01
2.428429168970282248e+01,1.432907511666647871e+01
2.067852917850804317e+01,1.820318865978481071e+01
1.136486635341410478e+00,7.394003069161426689e-01
5.784320115241831095e-01,4.270479829036018526e-01
1.206949991146866408e+00,7.177593201870033912e-01
1.567342630844585472e+00,1.135899945809813349e+00
2.356486890945788915e+01,1.869178290900881834e+01
1.094118270825008343e+00,6.263268502913130753e-01
6.706183991206981609e+00,4.548831911106029580e+00
2.629540914721624389e+01,2.105919337626932375e+01
3.197757114097486664e+01,2.111190581150724555e+01
5.761793605072669244e+00,2.110072431013444216e+00
8.809188445968173298e+00,5.374412076199827304e+00
7.764768720055763573e+00,5.122906949515190433e+00
4.653665351491151903e+00,3.024644718642036878e+00
1.757678554808360616e+01,6.696859675416762414e+00
2.687674801107996814e+01,1.823640082668362794e+01
4.371471558228885002e+00,3.272114632430889181e+00
1.680206158748739043e+01,1.374719587192299564e+01
9.945288190381110227e-02,5.432416114002362739e-02
1.806611819264487906e+01,1.119410172376061574e+01
1.140026698513802828e+01,7.379515811894673760e+00
2.447848049993522235e+00,1.319316209121055294e+00
1.784630006694744309e-01,5.490106921855499034e-02
1.899357509143464284e+01,8.100326106155000261e+00
1.232537564150099030e+01,8.976401483816857763e+00
8.284289856966646326e+00,6.015508441007892060e+00
5.928868942987159052e+00,5.976217940291564723e+00
1.388429049770894075e+01,8.369098947348936335e+00
7.223624636474363037e+00,6.763354212648990504e+00
6.207818277840845056e+00,5.303089216981913268e+00
1.905033816608517894e-01,9.805579724383557683e-02
4.611229698468974014e+00,4.395680577165651748e+00
8.524603302652620229e-01,7.221805135618697413e-01
2.767040276097245233e+00,1.974684162573761448e+00
1.777827126603245489e+00,1.390348204608484073e+00
8.976806039282022587e-01,5.297840338575848795e-01
2.053825562575506680e+01,1.121296259156329889e+01
1.644165412348087552e-01,1.314786746106605397e-01
2.813619920379768757e+01,1.962641676597564100e+01
4.718583719652999164e+00,4.635925735245220558e+00
3.238804843543317702e+01,1.502159829223275977e+01
2.840518175783138588e+00,2.317709961745865854e+00
6.280045297978793961e+00,5.075517948225772180e+00
2.539014903245699628e+01,1.773460778864667375e+01
1.985431294948438818e+01,8.521217103172402219e+00
1.411148992792305101e+01,9.484800978253881354e+00
3.251634819929952869e+01,2.242627480799928819e+01
2.319877317116307225e+01,1.203556277182966028e+01
1.374708820305196866e-01,1.174892413321470819e-01
1.303560469451480408e+01,1.140387206278641408e+01
7.739821579766123172e+00,7.460078966662019084e+00
2.567166992650934176e+01,1.122126731161056412e+01
5.524886066692406672e+00,5.423982554951320090e+00
2.811563525809256348e+01,2.447625027336537329e+01
2.309960703061288712e+01,1.779234101981579386e+01
2.944444696860251653e+01,1.687741453104339584e+01
2.338929334708085861e+01,1.768254492554257951e+01
1.031295560566086422e+01,8.475730613047883111e+00
1.150644538632002067e+01,4.593485580253730660e+00
1.039282439204362873e+01,1.727500004267460554e+01
2.411429585862665093e+01,8.755615685619124733e+00
2.447753421962564246e+01,1.428360482759287464e+01
1.623227715741553823e+01,9.661633132968148630e+00
2.046321617313614993e+01,7.815991249131966079e+00
2.630831449848220771e+01,2.018623538516223448e+01
2.728461931413693620e+01,2.655853909554701175e+01
5.681578512450872864e+00,4.371654526253553996e+00
1.450664726935026738e-01,5.841480770466934286e-02
5.210405827963047187e-01,3.767193798024581763e-01
1.286273357470861178e+01,8.230120777738459736e+00
1.379234740701929596e+01,8.699158610549492465e+00
1.779036161625043277e+01,1.103574580116060666e+01
2.071468400645234453e+01,1.334016501182934178e+01
2.612666062412867518e+01,1.531842579676488469e+01
8.928089354930936139e+00,3.491187835772079584e+00
6.907630920987300804e+00,5.681591620827531663e+00
6.418004350449053597e+00,6.527464748759805424e+00
2.410361165185688748e+01,1.339721444888709279e+01
1.215128867940642365e+01,1.260897985239812158e+01
1.784260962346646195e+01,1.487114697589877466e+01
1.564605409349681731e+00,4.572200413064619884e-01
5.021371187559689808e+00,3.703772020374801244e+00
4.831155215221504484e+00,3.591097664814271173e+00
2.685218441665459821e+01,1.242398904755801858e+01
1.861366456573436423e+01,6.909547076316553849e+00
3.601627840260253066e+01,1.726771548248041199e+01
3.064137502513257516e+01,2.032591189309890467e+01
5.667793853982810326e+00,3.510434547899414337e+00
5.449686124739971937e+00,5.268392587167747720e+00
1.523455365727521738e+01,8.582746898622962917e+00
8.643089248125246371e-02,7.093099827026845550e-02
1.090578042198912101e+01,1.123986107066024331e+01
1.828418986064155316e-01,1.193156307752545192e-01
3.332218353461794180e+01,2.274448892119547239e+01
2.156892039166314845e+01,8.322994831131378390e+00
2.424147804447863486e+00,1.253124720600233832e+00
9.037847479685988006e+00,3.737563771700688875e+00
1.474562331779480040e+01,8.236798512875443734e+00
5.927395293926180503e-02,3.317069847482479600e-02
3.100887384466628305e+01,1.328253115471925483e+01
2.675640914471456022e-01,1.234787309472998029e-01
1.498153848343577543e+01,8.251446486261054147e+00
1.792042551113797089e+01,9.505106351722645286e+00
1.006220858939029661e+01,9.515638045929863509e+00
9.056434085592405481e+00,6.518961407938358654e+00
3.969509063413094907e+01,2.197399784389269328e+01
1.208942808826814069e-01,4.956608701965137947e-02
1.495511518807952811e+01,5.455641200064351715e+00
1.193713150287178948e+00,1.102910476774709103e+00
3.044176553925812101e+00,1.517237237875771694e+00
2.501507623731585284e+01,2.155585415784210568e+01
1.661688667807706565e+01,8.198938966557934194e+00
2.017807403846914482e+01,1.090157102358131169e+01
6.888382285050236753e+00,5.462038566444396004e+00
1.871251553971151893e-01,1.210213118603162413e-01
1.077400774703734498e+01,7.209929261270718648e+00
3.824213474330032447e+00,3.738254861829008568e+00
2.302528955060657267e+01,9.909629103994364030e+00
5.029660902359403885e+00,4.908715684993965489e+00
2.482680682726160715e+00,2.222322294569131440e+00
2.886811741153282185e+01,2.188156648929627934e+01
3.026992716626267566e+01,1.992101639344411979e+01
5.281735235887409452e+00,4.225234508568521896e+00
2.792043823805653702e+01,2.571361261767605555e+01
3.972838816146415652e-01,1.501804364555203442e-01
2.050469770817086967e+01,1.600427181953660138e+01
4.192107454591355697e+00,1.774786165960710482e+00
2.883087942134445925e+01,2.346528480889580592e+01
3.065657108593303448e+01,2.470788154553030935e+01
2.140012541873935348e+01,1.614422920230434144e+01
1.947287878318712373e+01,2.013931344089690256e+01
2.565205367630953504e+01,2.545974348357452754e+01
1.263594159025946739e+00,6.157526354978386518e-01
3.783479365242188752e+00,3.625414781392086727e+00
1.119336904665756549e+01,1.040600407119598181e+01
1.046516605261031430e+01,6.872796127490533813e+00
1.350631137813860860e+01,8.080318622946233376e+00
7.622004873304953243e+00,6.239106505430835448e+00
1.838190234557999858e+01,1.680500695281030588e+01
2.304937749873845121e+01,1.179938643061715275e+01
1.014308738341060412e+01,5.054965104707310530e+00
2.733203514354559260e+01,2.371673686410978377e+01
2.098852486931731320e+01,1.879865476011954684e+01
2.364954372683825579e+00,1.048117445574656914e+00
2.058014443045472674e+01,2.010473753658783380e+01
2.531154725558624108e+01,1.020818651882395223e+01
2.479864383500549607e+01,1.764592672604260315e+01
2.350230446695835695e+01,1.177043799377459976e+01
1.926128818386868247e+01,7.297416263386096169e+00
1.284055984877551793e-01,5.184029463446097191e-02
7.386254581416554998e+00,5.723807205820504507e+00
8.321556994153809228e-01,2.092889582419944494e-01
4.216683627237470589e+00,1.596336001822664885e+00
6.912453656580746397e+00,4.132457530190984940e+00
2.780573867495593987e+01,1.917807194304536367e+01
1.133546931418489478e+01,8.164825773165746980e+00
3.239915403125342319e+00,1.614876980662800721e+00
2.365073737299927537e+00,1.216430826372349117e+00
1.961946064417909952e+01,1.791931648558441736e+01
2.026214085547167532e+00,1.428992578399401303e+00
1.655160487211462339e+01,1.395571274669834771e+01
1.705826608530752186e-01,9.800408287938378038e-02
2.617205994257897927e+01,1.151266639045451434e+01
7.368473648954516619e+00,3.788774924343651929e+00
2.738851951326598311e+01,2.413773904664143188e+01
8.629809266283276159e+00,8.051822121986127456e+00
1.041878679816847431e+01,5.055751231805826862e+00
2.006221214170230027e+00,7.918243431420631806e-01
1.155259147492071703e+00,7.489437458837813200e-01
2.581120983967373661e+01,2.189680848858412787e+01
7.572557866546463679e+00,7.609759281719803425e+00
2.249936165939118382e+01,1.020112305909341899e+01
3.643584058323705932e+01,2.087601733138067672e+01
1.111985704240658901e+00,2.502818979938531974e-01
1.666020623938781475e-01,9.949816937544989082e-02
6.035922819958664670e-02,4.726153093826013923e-02
1.631733664559511965e+01,7.632519045971360327e+00
1.273046087942352322e+01,5.999876822301279056e+00
4.004725127212645508e-01,2.582675450660710803e-01
4.848001301003808550e+00,1.530976263090510603e+00
2.293875928932409636e+01,1.099734324373656591e+01
2.058177786758548677e+01,1.258543199030366999e+01
8.367210580028862310e+00,3.116466380158639193e+00
1.593701755661545372e+00,1.258645613242826533e+00
2.919174439941938926e-01,2.301298020581981629e-01
2.001623145293370265e-01,1.234867065954831783e-01
2.751526168774808312e+01,1.740529656791286328e+01
1.209853351799095478e+00,1.121640784708929806e+00
9.957827977255323759e+00,8.652467767070517013e+00
2.554457005119613044e-01,1.511549149057836161e-01
3.838420793928349184e+01,1.990567665099328920e+01
5.660625267357536572e+00,4.108365846998049520e+00
2.306005986535839547e-01,1.552866717994574319e-01
1.194957483335584852e-01,5.982916887979097126e-02
7.699810201411961152e+00,7.507375373181099043e+00
1.645820436812859500e+00,9.610190731396800468e-01
1.235154190382090711e+01,1.089296497147572218e+01
2.873460803101824279e+00,1.170039742438571118e+00
1.028362550273277165e+01,9.228577236699218034e+00
1.803165615098477059e-01,1.415568117608916043e-01
3.237229611783926764e+00,2.733079562110775296e+00
1.717393942261402628e+01,6.725165928269880133e+00
1.980034203301511031e+00,1.560493017695174789e+00
5.408251787695974144e+00,2.872538333017439438e+00
5.641253044906140435e-01,2.319039334800029328e-01
1.054671883564392409e+01,8.240062403976825323e+00
2.002924924988426270e+01,1.166823159977210445e+01
2.175494577885755731e+01,1.477496542348008468e+01
4.239925613027274665e+00,1.440032199752596442e+00
5.286347298549208595e+00,3.321011624748752222e+00
1.454209823570011828e+00,1.209318590914306935e+00
2.651885744948043211e+01,1.888231894316606230e+01
3.136653647000439360e+00,2.711617423340396460e+00
2.170839524227125139e+01,1.693725187285189193e+01
3.374211482438288501e-01,1.959900777284475093e-01
1.946382614148326340e+01,8.434014943699857270e+00
1.920758512787945071e-01,1.149999166785507371e-01
2.661912464677811130e+01,1.313763994365781684e+01
1.360815371678290830e+01,9.118680441960890448e+00
6.734798443522967304e+00,6.026443695003388612e+00
1.290619560004749866e-01,9.337020516365093781e-02
2.140341088676466441e+01,7.918395199631135917e+00
1.811527897667793852e+01,1.239612362934229139e+01
7.605549747896564128e+00,6.372294655971987076e+00
1.053401037138157470e+01,3.266119050413681002e+00
6.859531711805108678e+00,7.049301561756382561e+00
2.661862958506790733e+01,2.296798782968022579e+01
1.688690332252219983e+00,8.503579818222297693e-01
3.994021586088575049e+00,1.486066898598482844e+00
1.534691983474781729e+01,6.860870827110692183e+00
6.436964942481022689e-01,4.523637219543019672e-01
1.215313147523143122e+01,1.819899902983249262e+01
1.569455423299852903e+01,4.626859881878132796e+00
3.379564222719398381e-01,2.316393636684658808e-01
1.746142919705327756e+01,1.241338238816707218e+01
5.820167583434336933e+00,2.465110797897270167e+00
1.851014197358523816e+01,1.655000352417430420e+01
1.460727011405175624e+01,1.010958165853273272e+01
1.157580933149415969e+01,1.155883872980163929e+01
1.002938992978985944e+01,1.110222194283240427e+01
5.691422040772178281e-01,4.807950485578616484e-01
1.313573980154448861e+01,7.796457686153719813e+00
1.819537972575937246e-01,1.138449155457146450e-01
1.746916319186525568e-01,1.353478250382373349e-01
4.816319188522042438e+00,3.990733654786345230e+00
1.898132573163366477e+00,1.088153263803443682e+00
3.146775583212982230e+00,2.216785568067819678e+00
1.109975084187534156e-01,6.034200648195497257e-02
6.419760477668496890e-01,3.853911630589129111e-01
5.542121515532015152e+00,3.151758422539153948e+00
1.114811003005658163e+00,9.776158445930691610e-01
1.696586847335489168e+01,8.606943491472485164e+00
1.090240584711906635e+01,1.008075186742222407e+01
1.786595461335382495e+01,1.666770873408394493e+01
4.345899231090683656e+00,3.354973329708526464e+00
4.901405751815618994e-01,2.247503239657459018e-01
2.658433375249741815e+01,1.322216825398263218e+01
8.944287078204832042e+00,4.242579766619175352e+00
1.669425199229836565e+01,5.475873431802159352e+00
5.595875511595496121e+00,4.193409952079886871e+00
8.983390241947994070e+00,8.597315302342963150e+00
7.277142912571432198e+00,2.751425932480007663e+00
2.690304361718265014e+01,1.782758216447942701e+01
1.065080287520580171e+01,4.088734869622266288e+00
2.498132732805107992e+01,1.629375755092323885e+01
2.869023746303547284e+00,2.749231665994645635e+00
5.373920463898567590e+00,4.745929759147921700e+00
2.067311667947612719e+01,1.374866877501976248e+01
3.988344412533623817e+00,3.379577123397055516e+00
2.588329895744814380e+01,1.769633929551044105e+01
3.087221254265951487e+01,1.465845873273627298e+01
6.127636725466884648e+00,5.415313498840458095e+00
7.069208245454226436e+00,3.364660611966922232e+00
1.369290599770437744e+01,4.121939845718814333e+00
2.451360021723075988e+00,1.998787040426577510e+00
7.694189522299510031e+00,2.332304702907515015e+00
2.136801525173868299e+01,9.134894459462929106e+00
8.508025107519131325e+00,6.577724342217604381e+00
2.208160318161533908e+01,9.609235227896540721e+00
2.576413667394379936e-01,1.402615572569338165e-01
5.136087173114421311e+00,2.603583152728075500e+00
5.651115436632914601e+00,4.680745655197920740e+00
4.925800672865445207e-01,1.990961146931049530e-01
2.139218364630627178e+01,1.325901763525091326e+01
1.207047646220180148e+01,5.046366500628346685e+00
6.110707121614925574e-01,2.015592237993894253e-01
1.537997038885350110e+00,8.964505050227692395e-01
2.795426834830054474e+01,1.338228509768421759e+01
1.830438345459411309e+00,1.546215508451186826e+00
1.692158060186260116e+01,1.035529053854092751e+01
3.472578738097832129e+00,1.873232438666639244e+00
2.703273956067110362e+01,2.315201502697943781e+01
1.450184700326757614e+01,5.440680456884029681e+00
6.726180584586458622e+00,4.243903549811914644e+00
1.886161654632855789e-01,1.509439661588963533e-01
1.621069419096783593e+00,9.487745781056133865e-01
3.187659805643981770e+00,1.580461178213441009e+00
2.032366354550083187e+01,6.965700898692869458e+00
1.286189784162943828e-01,4.948142282274697878e-02
2.153835512176530642e+01,1.573336408059102176e+01
9.896687346781711803e-01,9.530666572970312167e-01
2.006031812256820857e+01,1.551584933011364775e+01
1.861800386699520260e+01,9.797573973127917668e+00
3.002358620716102777e+01,1.408917660889166790e+01
1.193275974890423896e+01,3.670465021456569055e+00
1.334526965715933500e+01,5.928182909444373649e+00
2.642525294165707450e+01,2.051965889059474080e+01
2.047285036438645633e+01,8.267239734148104091e+00
2.509238708609528601e+01,1.652236274800483429e+01
1.337957475856006995e-01,1.004361509594865060e-01
9.753092039722696782e+00,8.535382989895611061e+00
2.851191211191541797e+01,2.312879380318683786e+01
2.843203964070902146e+01,1.290613760839370272e+01
3.013708129196481877e+01,1.538415890092420568e+01
1.910791635579810333e+01,6.732032449543462249e+00
2.381851379189320284e+01,2.199744749475370753e+01
8.324470609228983520e+00,5.939002000565912098e+00
9.567820963038723647e+00,3.143772458301708816e+00
2.015314024340314203e-01,1.355109401683044779e-01
5.196931304768373394e+00,4.118575564550215340e+00
1.413556496577286481e+01,8.362508165713032682e+00
5.313066530021091083e+00,1.895063559125741870e+00
1.364137151211230758e+01,1.246339278200518841e+01
2.900821072322175809e+01,2.588623337379477007e+01
5.392407013746720601e+00,3.529758379129001256e+00
2.314396351229599080e+00,9.910190245499109762e-01
2.976587874326749272e+01,2.499294510933219371e+01
6.491662999988431215e-01,5.951549369516778709e-01
1.824641442060460506e+01,6.092701979570847470e+00
7.848745468909933187e+00,5.336141018292628324e+00
2.817126729235092331e+00,2.320545472306234647e+00
2.476055976836777084e-01,1.474147531953814427e-01
5.495047240394320021e+00,3.807059877959903638e+00
9.201687740437771268e+00,4.627863399351336504e+00
1.707876344790201506e-01,1.305384617586415330e-01
3.740756261141816452e+01,2.324549073408449118e+01
1.898008441142622615e+01,1.363135703207763427e+01
9.401445002276586749e+00,8.906902943132353201e+00
4.676538244151436374e-01,3.043479332513093216e-01
1.810098822271821450e-01,1.302781988298613858e-01
1.204064540797674887e+01,3.165936989848338268e+00
2.457066051152750319e+01,9.109555051672554526e+00
4.989100355380053031e+00,1.975312789117254164e+00
2.558020235900983863e+01,1.425022105550205431e+01
3.221324692871608164e+01,2.256994216022246746e+01
2.739153044985383545e+01,2.126672482590789315e+01
7.635061772420083104e-01,6.284745394893628267e-01
2.966052667098993401e-01,2.313017638827558620e-01
3.080744024762677724e-01,1.234106967153352635e-01
2.823085977755939169e+00,2.436658934558680212e+00
2.090216719626014452e+01,9.374688802811325772e+00
2.997321645378881882e+01,1.364082548286574870e+01
2.710035155393954454e-01,1.450538217640653382e-01
1.954190273888939844e+00,1.353707058641283156e+00
8.888196237014601986e-02,3.742408528214469926e-02
2.281688539231865320e+01,1.445697866438525381e+01
2.703168268033687838e+01,1.934715436155130064e+01
1.424469826202949108e+01,9.006983665466879785e+00
1.457937915990344280e+00,1.068324538665155421e+00
2.011198363315631343e-01,7.968641994247682714e-02
1.772591193352246819e+01,1.020594243961879322e+01
2.151847950123703668e-01,1.646744547568339823e-01
2.185543200433195565e+01,2.166621005586952364e+01
6.874242769516205165e+00,3.342841782005187667e+00
8.753702394502470341e+00,4.266827080640108072e+00
3.318648272858119586e-01,1.756643510247409834e-01
2.916317801382481889e+01,2.448860608517268389e+01
3.007964225882459175e+01,1.226980180759522376e+01
4.142467337254586113e+01,2.289023437078612133e+01
4.796748947658549866e+00,4.753993595472750577e+00
1.321741656039038126e+01,1.276049500673119574e+01
7.101473796078408895e+00,5.892083721521080619e+00
3.458685477428067401e+01,1.683170163263075025e+01
3.654503838435169127e-01,2.237634261693472182e-01
7.316776733202123850e+00,6.692318903466955682e+00
1.703020970355515828e+01,6.374062620235740440e+00
1.003461483829360817e-01,3.600606657153880563e-02
2.493705039318067307e+01,9.462225548318638602e+00
2.261296041713485394e+01,1.752857499422214715e+01
6.604088495467756559e+00,5.283679375593989036e+00
4.905498009848595353e-02,2.295540034035202168e-02
1.663883118522134907e+01,5.585109149685004937e+00
5.149928230604293722e-01,4.094906317103688687e-01
2.037409877140858327e+01,1.043262672677655623e+01
1.747896761285775113e+01,1.503059440767341748e+01
2.399341521043544745e+01,1.258219214486511461e+01
1.151761805049712928e+00,6.018543117351055072e-01
5.022446756318208472e+00,2.511943895009683292e+00
6.215469280100938132e-01,4.460030248294836186e-01
1.676711616222226908e+01,9.920157049383099945e+00
6.148156656783493546e+00,2.422617106483190508e+00
1.162423445410062861e+01,1.315398584342931976e+01
1.257695379119056156e+01,5.142974749261390421e+00
2.589260957518792239e+01,2.366373340054082064e+01
2.088408244025778160e+01,9.889174224967595350e+00
2.183010686103389020e+01,1.241886383521158876e+01
8.649044201721123315e-01,4.420218925962886569e-01
6.263810511807466952e+00,6.276471365643850220e+00
2.000055056499721873e-01,1.368209112156848484e-01
1.226978971039621413e+01,1.094276495144606365e+01
7.139818817791608652e+00,7.177656504565257833e+00
3.078401321803329260e+00,1.675177589136907841e+00
4.853622631352602634e-02,4.700830266796494211e-02
6.682992764287045695e+00,2.358907207680505103e+00
2.408527852843068118e+01,2.076597967972298875e+01
3.787009603401858104e+00,1.626162761061224149e+00
2.417060626104122978e+00,2.122769319517109565e+00
7.298026614007598667e+00,5.799470056365024107e+00
1.143278025846369728e+00,5.931299694406539924e-01
1.346045113708535546e+01,1.220617724325349407e+01
2.987558807336526900e+00,7.693573509953964829e-01
7.891735675978516218e-01,4.706192242558005501e-01
4.238903763845147665e+00,1.696477831711621587e+00
1.462536394762154468e-01,7.905595942680533617e-02
2.636622166824877311e+01,2.047846224760539258e+01
7.761264731617218970e+00,4.607249446782017088e+00
1.419416222382531956e+01,1.102152523830590347e+01
4.722106466058296093e+00,2.425828452365184074e+00
1.624541474642012817e-01,1.042837217513015169e-01
8.221709969591419309e+00,8.415037230068186602e+00
3.471945094742748150e+00,2.185259711416511763e+00
1.445889174710083713e+00,3.148808665512314309e-01
1.255975210236983308e+01,6.339397469396831575e+00
1.730114537290907606e+01,1.023544361424900018e+01
1.743049282423363522e+01,7.770866950732034262e+00
1.023064294800144758e+01,3.276111553556461331e+00
2.515944127948905162e+01,1.703424620003331924e+01
2.994334082226622940e+01,1.997231423983131293e+01
2.265783549593632884e+01,1.028330498506221957e+01
1.730896511095451729e+01,8.276737454706903918e+00
2.274894945374505151e-01,1.653858170600854549e-01
9.254963016370108875e+00,8.954896811963651615e+00
6.339010358377566989e-02,4.399616153149564501e-02
8.273070175503159929e-01,3.474499558570751656e-01
1.545664952422985405e-01,1.280425272285013460e-01
1.949770443552663224e+01,1.254030503375138395e+01
1.017503387145585414e+01,2.761886483674107939e+00
3.040152521807672481e-01,1.948700014604859143e-01
2.562063940401897710e+01,1.455736982837771443e+01
2.626281248351979158e+01,1.647980438768891887e+01
2.073594991484661065e+01,9.336516956449720794e+00
1.279945041228070401e+01,4.489553214112032897e+00
2.509252456843735857e+01,1.932690794463353257e+01
3.958008156479995598e+00,3.464782495856081557e+00
1.181002073929730578e+01,3.198449997873167305e+00
1.566459661799124525e+01,4.824740714439628597e+00
2.821542333698777227e+01,2.146100943422002061e+01
2.695885962930629276e+01,2.181596250997953490e+01
1.024400278326987745e+01,1.141209558089783727e+01
6.674236354646335911e+00,1.772413925389048739e+00
3.429245986841660709e+01,1.639828042908878203e+01
3.481355486267362576e+00,1.519102675945780190e+00
6.450197119696128745e+00,2.292620516423836463e+00
4.556062365500703759e-01,1.733804615799844628e-01
8.555352934345028970e+00,2.444399106142569611e+00
2.420696669219041652e+01,1.462739080833532235e+01
2.768908333161324009e+01,2.655966026001235747e+01
7.688366054123339843e+00,7.892016412125524738e+00
1.675634036947871996e-01,4.483340639883193202e-02
1.696136947490571600e+01,1.142684914504484794e+01
1.951455084469040102e+01,1.851147374897379905e+01
5.766185616977036688e+00,3.815971923228583584e+00
2.325532685459024407e+01,1.410733042173540142e+01
2.034325295511899867e+01,1.873344512364243997e+01
2.314417497490641296e+01,8.584292589971649790e+00
2.265018566978000525e+00,1.123293329949397679e+00
4.208091508173778195e+00,3.071870306249585347e+00
1.631367636381581576e+01,5.928075329562770612e+00
1.000322801354778868e+01,6.863315529859550956e+00
1.616401210169255698e-01,9.474754676835649148e-02
2.245608861742512019e+01,8.614783607241836449e+00
2.450334685877854213e+01,1.260187455338358475e+01
1.279207496936492383e+01,5.574124140023859475e+00
1.617764125035782996e+01,1.571127110298456664e+01
1.339120896636965263e-01,8.486965967995942217e-02
2.659207987027328635e+00,2.134793859300297747e+00
8.565863938163873925e+00,6.604734155888827729e+00
1.622623790246149511e+01,6.017077215488514597e+00
1.025992887008928545e+00,5.743578077017409411e-01
5.611015555998815962e+00,4.390916371524290263e+00
1.719595308580452198e+01,8.978201911501786370e+00
1.645207697083785447e+01,6.196894635123952888e+00
9.201264834358724443e+00,4.507396691950922296e+00
1.211943607351476793e+01,9.645698823800076482e+00
2.128454040630651534e+01,1.034442511386567354e+01
1.505938893821121560e-01,8.103085168021360862e-02
5.652633998760142608e-01,2.338781964965020999e-01
2.176031527601487525e+01,7.825189641567970256e+00
1.906629299010438594e-01,1.003929438046934908e-01
1.435370866288904201e+00,6.620413365359554270e-01
6.502664734846605121e+00,3.968164295495424376e+00
1.453208836155525852e+01,4.948174053015661933e+00
9.493217216684413096e-01,4.901646290325446520e-01
2.654174365742581188e+01,2.495992771341766669e+01
1.541820028802000664e+01,1.510066065469631269e+01
2.025828948199043111e+01,1.361499429268846129e+01
2.623197109327800547e+01,2.212014808758789997e+01
1.065461528803292701e+01,3.978856304658560106e+00
2.664631384954813242e+01,1.881296355378171015e+01
1.734036638914845341e+01,1.724916513723455580e+01
3.395350255904657555e+00,3.249946232627382692e+00
1.210920215605271544e+01,1.185076219785955942e+01
1.281623036658488646e+00,1.159411085962855914e+00
2.384347898131191457e+01,1.140938098106272136e+01
1.894055333866088986e-01,1.380447530311617599e-01
7.977406032632176069e-01,4.574023494161207348e-01
3.479307012740921579e+00,2.845593535300819266e+00
2.143737852510383490e+01,1.324128214069296661e+01
2.151766746907392558e-01,1.005093490175381910e-01
1.283941559296508572e+01,3.775672614401545779e+00
2.304775556095639644e+01,1.263565798793416484e+01
3.691418173061686048e+01,1.805132627409021140e+01
2.492243902903106800e+01,2.170845976070266659e+01
2.831020675242667206e+00,2.156488574721039164e+00
5.574831414600483370e+00,2.900515307737346671e+00
1.960918808066646690e+01,1.148649169936705938e+01
1.904889924313398808e+01,6.141412252524130366e+00
2.175528709910720337e+01,1.375560573676947662e+01
2.366676693236046347e+01,9.192114276068199530e+00
1.653135374523565204e+01,1.075563549093660676e+01
6.938219080339013134e-01,4.362692415316464234e-01
4.964787911379934471e+00,1.882950253303732335e+00
1.398699776812213891e+01,8.583417006804982208e+00
2.431343430253231119e+01,1.595101850365522544e+01
6.738576300132006480e+00,6.327664968522538125e+00
1.674766325728283789e+01,6.547135246681647480e+00
2.704272656671491504e+01,2.101032530493197115e+01
2.050801982293819492e-01,1.277526975664265430e-01
7.785684834593831205e-01,6.201722079950989786e-01
1.375466115092608133e-01,1.081079892094466699e-01
5.005951729448526732e-01,1.928306292966803781e-01
1.106991231753793770e+01,1.248751203979170832e+01
7.029663227192946007e-01,3.661030354946551157e-01
1.751455850404576253e+01,6.462491736852310709e+00
5.087723171247746201e+00,1.825604579218524703e+00
3.598470546832484018e+01,2.029098585297002799e+01
1.738065333327335082e+01,1.124429900050378706e+01
1.004775660275019789e+01,5.096902275805403448e+00
5.921636238721528223e+00,6.004023992798924070e+00
3.712017640245689698e+00,1.452619373862513052e+00
1.813327483510671634e-01,9.291859427760167101e-02
1.218424645136430051e+01,8.085193623957156461e+00
4.811835528707645082e+00,3.945158109760292575e+00
6.212590355326254254e+00,6.046695764926320216e+00
5.000182714321688593e+00,4.181007890212834255e+00
5.453500729708109063e+00,3.967288241542327398e+00
3.983243814540893268e-01,2.419330617637385494e-01
1.334293933433797186e+01,5.654095963793134061e+00
2.379643930637280747e+01,1.602470514035310245e+01
1.237482685271286265e+01,6.975535995092290165e+00
1.797582672647365953e+01,1.103368816943054931e+01
6.680864130601111839e+00,5.844604442118100707e+00
1.240901362127354979e+01,1.101494645380605775e+01
1.273195574548583586e+01,3.367641491955672528e+00
1.818035840347944188e+01,8.111145983212789901e+00
2.728404108023416441e+01,2.127652473494064367e+01
1.731937838188344569e+00,1.281096430976551348e+00
1.344444279822603949e+00,1.122663098725045883e+00
1.111466754711630678e+01,3.961535297307774872e+00
2.835523941987108287e+01,1.357415805482199467e+01
7.303193443708359212e+00,6.654944660263990563e+00
1.093070832520926672e+01,9.457275827468873075e+00
1.846253456963459882e+01,2.452109651626198428e+01
3.257738691622663829e+00,3.114384359429834603e+00
1.249876250043773851e+01,4.382880755545820683e+00
9.697627601301995526e+00,5.010891511197333337e+00
2.717599290348242658e+00,1.410081675892159270e+00
1.900640754407153798e-01,1.437316550115345093e-01
2.553507614947974957e+01,2.271854249917905477e+01
2.448320711034318720e+01,1.824522488966278644e+01
2.720928411110180534e+01,1.763981700380716333e+01
4.839015229367026327e-01,3.131408876473841252e-01
2.450434179230228082e+01,1.387048906751652311e+01
3.829329555662734208e+01,2.631018097810654055e+01
3.967251106546008543e+00,3.324313951376028253e+00
7.067919791565424603e+00,3.228628740251755946e+00
1.952676982301700670e-01,1.341595218385093213e-01
1.634289619697434048e+01,8.090122874507986950e+00
2.371081099518680091e+01,1.549166391293620926e+01
1.657081743592150147e+01,5.652481539834128377e+00
7.126767603422390351e-01,2.934455816049348909e-01
3.092413177769348209e+00,1.726320704033027287e+00
1.321257362635842370e+01,8.212586246145129110e+00
2.644271450189946293e+01,2.402180832329162286e+01
1.915945226733395401e+01,6.520484962446304600e+00
2.832923458768416225e+01,1.379795736064349221e+01
9.592651541390429415e+00,8.969806444736146744e+00
2.704880200320118178e+01,1.700030387317157832e+01
8.675080867386134598e-01,4.896928709826902093e-01
1.155760859384267869e+00,1.076296244319351114e+00
2.409628643768672163e+01,1.407019155609794758e+01
1.380927434400860676e+01,9.166341033389072024e+00
1.105566484534148941e+01,8.548371910619710690e+00
1.153471872725127945e+01,8.256156864636409409e+00
8.240764980965140651e+00,3.912461511837558081e+00
1.676511918798162171e+01,1.296349737236837640e+01
1.182424100373126130e+01,1.159281599764210924e+01
1.688008903123025561e+01,7.597051333230971260e+00
6.161904855009109339e-01,5.159286270423681930e-01
2.586246652261995393e+01,2.144073346720301032e+01
1.799260667766420241e-01,1.200754332342659908e-01
2.659398229464863483e+00,1.155654327942208459e+00
2.552075960889696660e+01,1.478819830622707165e+01
5.708754693016564019e+00,4.538848149660924314e+00
2.565384846517239126e+01,2.501098204872257469e+01
5.833861609802653447e+00,4.078233787055746795e+00
1.000547321369493048e+01,9.539024430733544335e+00
3.656700080896417404e+01,1.803760791024989274e+01
1.840598389785733602e+01,6.679872839720263578e+00
2.877036564243134364e+00,1.966130210956519297e+00
1.886579682662047119e+00,9.631610829046504119e-01
2.252692650254252982e+01,1.218374079118289188e+01
1.844648515415747170e+01,1.733035210754557554e+01
8.176537260228791126e+00,5.249549972503382733e+00
1.744775923391685879e+01,1.181482045952407312e+01
1.282779148273584191e+01,1.261953923893392115e+01
2.939693888363648977e+00,2.396267085486572412e+00
1.061107323887530818e+01,3.505226238875749800e+00
6.420321731312921720e+00,4.830634804850809871e+00
2.617884075830388824e+01,1.773882946177576159e+01
1.952543231444007787e+01,1.182051634127710749e+01
2.056192208534268673e+01,9.558650176843078938e+00
1.706753494257693404e+01,1.167789481481252167e+01
2.076792530561864325e+01,1.694046558980435080e+01
1.005122979739105693e+00,6.838893638342831149e-01
1.217401957519116884e+01,7.803374882778666866e+00
3.119262474516231176e+00,2.370844643237091987e+00
1.497636414739809751e+01,5.573069550890754620e+00
1.478134633569208845e+01,8.349383280967265009e+00
1.096526061535869090e+01,6.458466731111819570e+00
2.522373208872658523e+01,2.149364239800746645e+01
2.657455764113338148e+01,1.150799727574002773e+01
2.646632666756327978e+01,2.125216922561407173e+01
1.556975445739233344e+01,4.493290832805700852e+00
5.194109674686317568e+00,4.746019386618480773e+00
2.415502852383222887e+01,1.826255991089752584e+01
1.029057250076120233e+01,3.060681900531146304e+00
2.789803023685081840e+01,1.352544888546626822e+01
7.654159663118338841e+00,6.061356450629108217e+00
2.244277565031315902e+01,9.783892575147353554e+00
2.921161585235081048e+01,1.369071033582961228e+01
3.388631125489614870e+00,1.271220958101720422e+00
6.682546070662116477e-01,4.182285366146304417e-01
7.396329591625223188e+00,7.530108674994408169e+00
1.266479927049257270e+00,6.418008592585785488e-01
1.838398260277173790e+00,6.307253294610017935e-01
7.019592330268679126e-01,3.199039858114525736e-01
1.003994873975028668e+01,1.115202241718826137e+01
1.240674429376516308e+01,5.125416917391127036e+00
1.389586031213035966e+01,4.592589740350979000e+00
2.505510730219251059e+01,2.075206425522845421e+01
2.417417012289506317e+01,9.404437595369415703e+00
1.315011425021446634e+00,1.202325565278589581e+00
9.784767697482436688e+00,2.698335060974846211e+00
1.313716266219695328e+01,7.690517215438035237e+00
1.046212547154389583e+01,3.100095122832822181e+00
2.090630190764438723e+01,2.022687391150711278e+01
2.625262462960353815e+01,2.276071679050156860e+01
5.006625293230610119e+00,2.407388233951247347e+00
3.787469686947692038e-01,2.053011854677196657e-01
1.347409135692378612e+01,6.824702688134602901e+00
7.864381331084769222e+00,5.073078074444428154e+00
3.034977536228196016e+01,2.160284137160101281e+01
1.793445993264231042e-01,5.334774094948557810e-02
2.767178895736385158e+01,2.487460821799750477e+01
9.855239537689341134e+00,8.274846529762957204e+00
1.759123508545295422e+00,5.514834454738316571e-01
2.989499029136307229e+01,1.995617536549283244e+01
4.118239526660081751e+00,2.979694973728795659e+00
2.412077000366755486e-01,1.401098470370297777e-01
5.697075741192744402e+00,2.364032249201619251e+00
8.037642486083184323e+00,5.751231103048418447e+00
1.137260168199071231e+01,9.578841102130994045e+00
1.582067782557545321e+01,9.922217110374752735e+00
2.372011218935967136e+01,1.288840313367212786e+01
2.679246452301345283e+00,8.567619460129728415e-01
6.283142751103766299e-01,4.031513528932480495e-01
9.812540798326253366e+00,1.014237076851125074e+01
1.808774878570488909e+01,1.100262428101028789e+01
2.764577004483511047e+01,2.475705872783899153e+01
8.368872566080128195e+00,7.109367255933589647e+00
1.407787426243424989e+01,4.978805259941379902e+00
1.337889489413795907e+01,1.431383725854737321e+01
1.785025774203943527e+01,5.544468537047001711e+00
1.748947024424348839e+01,1.887503733658712335e+01
2.238377174091212751e+01,1.023009707626051856e+01
7.101710709486834361e+00,4.980322555823449626e+00
1.852561811602251030e-01,1.532005711909276979e-01
1.872956188034910952e+01,1.159298874026547033e+01
1.244754618770043031e+01,7.013330581078930592e+00
2.332022044249677961e+01,1.777200530620513064e+01
2.206311660024545818e-01,1.846563840775390930e-01
2.578162948448768788e+01,1.967470677209052710e+01
2.836620102378736297e-01,1.418255602236837831e-01
2.622892348273800067e+01,2.216610967291819634e+01
3.413766971356555047e+01,1.739712497261520951e+01
1.981836495708034462e+01,1.570283127672280976e+01
3.111267097427806405e+01,1.473430186025187005e+01
3.317291361363359226e+00,1.618631524824801105e+00
2.650247561756302161e+01,1.725483224775270230e+01
5.813049861302216570e+00,3.061792168931223301e+00
5.413990537793926805e+00,5.066463223839642538e+00
3.922194023163154242e+01,2.046248467553248318e+01
3.207805443865175965e-01,1.267400777284053148e-01
2.085908621715776690e+01,8.772338958306866274e+00
1.997513686077825312e+01,9.255033072210054002e+00
1.138740394823737390e+01,1.064773173318385169e+01
2.334576800150425058e+01,1.099907246128237759e+01
2.422445626233510652e+01,1.835911914003985856e+01
4.344356141545405725e-01,2.301136391318900076e-01
2.216172824077367309e+01,1.050867638443264340e+01
2.353743672397213160e+01,1.203938767807059840e+01
2.031269651851301461e+01,1.760722842677480315e+01
2.716529180342962135e+01,2.276148661207946944e+01
3.056320047659174932e+01,2.062988697569978314e+01
5.090961674532226588e+00,2.247734152610911806e+00
1.713696638005352824e-01,9.567949548393586690e-02
1.553760983714226818e+01,7.510520567543520265e+00
1.687223399666529744e+01,6.835939217078602859e+00
2.396580251393776706e+01,1.997490735527653527e+01
1.530706076576594832e+01,7.228246094758309148e+00
1.745970912431163147e-01,1.296316218530765285e-01
1.145264067102147898e+01,5.768887100854666272e+00
2.058788544459853398e+01,1.138177849948208475e+01
2.672496007482300584e+01,2.011488600646122293e+01
2.739875778798313988e+01,2.654130882342105480e+01
1.590658731954958505e+01,1.106078132391779612e+01
1.325612470549929789e+01,8.531368630371066075e+00
1.564156158983710476e+01,7.658984792170543621e+00
1.655921866932158926e+00,7.766609159546346008e-01
6.477050972405634433e+00,5.557255718984861481e+00
1.193099981299340939e+01,4.076991289587255096e+00
1.384364423514368347e+01,1.425297751960953896e+01
2.290251662749460593e+01,8.944880325347961403e+00
2.266686365103639744e+01,1.654975698448423671e+01
1.825159744318281652e+00,1.394516618402618535e+00
1.120103758166056118e-01,1.146469127250074466e-01
9.430736327715917966e+00,4.820400814813158519e+00
2.401647284890587741e+01,1.324059058984135540e+01
1.745838945464655723e+01,8.964210302120978469e+00
4.722249048444057351e+00,3.953791346106955373e+00
1.760583880390334244e+01,2.270774405646773531e+01
2.309141255725366548e+01,9.729486092035914524e+00
3.874189490328890262e+00,1.721990111791922518e+00
2.911495789931705769e+00,2.234913847448714019e+00
2.158740173921519911e+01,1.065361420686191529e+01
2.873210852440941210e+00,2.516530398905320265e+00
2.128405938063200331e-01,1.416832883591736536e-01
5.554726957482564842e+00,4.843954135113671455e+00
9.818916023183330011e-02,3.594392000025589673e-02
9.276338944835495204e-02,6.049275993289057046e-02
1.746521610030851712e-01,1.169967910121374605e-01
2.732668661275460931e+00,1.191659449568918561e+00
7.538728608053202329e+00,4.251790930944935987e+00
2.442363963139077665e+00,9.407866921207828081e-01
2.612253491883431877e+01,2.019106356264360258e+01
1.749304175642225090e+01,7.640235901579386812e+00
6.310914520088660495e+00,5.440114241954050911e+00
2.093224297115379073e+01,1.214006596090511714e+01
6.692149579473245513e-01,3.663526185841811666e-01
1.882598679297264610e+01,1.197889035781202693e+01
1.604387021213613806e+01,6.727276316767882847e+00
9.231396962837905562e-01,2.884363477570760503e-01
1.301456401789353379e+01,1.119626123520168903e+01
4.397410300517563542e-01,2.399489675545671830e-01
9.384475422827389224e+00,1.011696500016392974e+01
7.391254243423645010e-02,3.378266201753057224e-02
1.081538980928624483e+01,4.558671941015825624e+00
1.708140788095417051e+01,1.182766516926634459e+01
1.351770422160281804e+01,5.612582323008181717e+00
1.293414654091545835e+01,9.731315599422996954e+00
2.268173177101665772e+01,2.291955344080444590e+01
4.329621471628114726e+00,1.131835234331992845e+00
2.381624850986734288e+01,1.895220871356424652e+01
2.381159700121267875e+01,1.163337372972566186e+01
8.631237941942160319e+00,8.669779701122642734e+00
2.523506316107984593e-01,1.334903497426541130e-01
1.808305182450186521e+01,7.041006553592901618e+00
9.623760619388146864e+00,2.579472763779113720e+00
1.398461086820328880e+00,6.186893735117398041e-01
1.084362201059578545e+01,8.615525007326404250e+00
1.093994519643666585e+01,1.739221208545949438e+01
1.454534371028141848e+01,4.508124567432836294e+00
8.912564169793798285e+00,3.636231948480573628e+00
1.018182930516530860e+01,7.268447105299742361e+00
3.397053632384165134e+00,1.966073958400171184e+00
1.350537905919831161e+01,4.544661214311897623e+00
6.761258308148056173e+00,3.732212919441117549e+00
1.217500585430227211e+01,7.602156515188740471e+00
3.774990885215729453e+00,2.295510531417567890e+00
1.581868825695281089e+01,8.500768183415139845e+00
2.478906611529079029e+01,2.049590276738463857e+01
1.768367215690178185e+01,1.300266042425875312e+01
4.358198945950174097e-01,2.691486879919033348e-01
7.706784524098771350e+00,2.085294131828790309e+00
1.897112359897685230e-01,1.325605767953454417e-01
2.022947329393396387e+01,1.301219778486790801e+01
1.436220883769485646e+00,7.853092333983680007e-01
1.411244742807003227e+01,1.325865747010563034e+01
2.512110565407315033e+00,2.059018683402775718e+00
4.273563258450009172e+00,3.419047175168770991e+00
4.490357204163123450e-01,2.495285864834491107e-01
2.340972670215142415e+01,9.828076297986058307e+00
7.863860104531735118e+00,4.515639914899463925e+00
1.496143846118975063e+01,1.391060367162051747e+01
1.807914467356380683e+01,8.445746036722285410e+00
2.997030025838595080e+01,2.227101760505484407e+01
9.729551153063612290e+00,9.719871065641337182e+00
9.297139082776832986e-01,7.766803130691075641e-01
1.741379039088058533e+01,6.584402762237752782e+00
5.753045418279451040e-01,2.318615423504097328e-01
2.956737623229744649e+00,5.947385083210611212e-01
3.343081510626563890e+00,1.683092327382756936e+00
2.360413374253088037e+01,1.027233773897389391e+01
1.106589205924068864e+01,9.892165233600955787e+00
1.817252043556332808e+01,6.732299507410616002e+00
2.864871180248474047e+01,2.293383635578892665e+01
1.345913368435467106e-01,7.848020519014534124e-02
1.813207211798859930e+01,9.736985005362816636e+00
2.603889790961682493e+01,1.959781695687182790e+01
2.169156486272332529e+01,2.115502011136619487e+01
2.781859198744658457e+01,1.972524033485327166e+01
5.710383825647950218e+00,5.049381331642901038e+00
2.519249628892444548e+01,9.616059697112367743e+00
2.061741053739971630e-01,1.379741148454715072e-01
2.790503512985727141e+01,2.199050573962653132e+01
2.533441453711635916e+01,1.610875836013434181e+01
1.238320139669065867e+01,6.294310246307824208e+00
1.306418827107098002e+00,4.735104316305455141e-01
1.734473651448862619e-01,6.602425904661524125e-02
1.969086371492398124e-01,1.220461045849555032e-01
8.406324305234212702e+00,3.544775837518033601e+00
2.645299096451079635e+01,1.955689268293575722e+01
2.263685955049565823e-01,1.375878619513873635e-01
1.199650936067990226e-01,7.429834488908904078e-02
1.748194386144952261e+01,5.963799580225613184e+00
3.038744932668830145e+01,1.475285198509358509e+01
8.434689160204655423e+00,8.470730113429715047e+00
1.064192450583538285e+00,5.673822962158689975e-01
1.323038291333633332e+01,1.116847513570225381e+01
6.915128854980408413e+00,3.419059823726712466e+00
1.868654015843819849e+01,2.201395718762452347e+01
1.128709605419909501e+01,6.358270595146548132e+00
9.671273673653350833e-02,5.457938680309020602e-02
1.168832968414534612e+01,1.156966445171878988e+01
7.954842760455947293e+00,5.930309132136963868e+00
1.643095319608220350e+01,2.374908183826807573e+01
1.660930391831973552e+01,5.914618946190547177e+00
4.143870423892901833e+00,2.748182222299123456e+00
1.810900946135950706e-01,1.433463851447907556e-01
7.318324587824035277e+00,3.311646442073548524e+00
1.996947341733529058e+01,1.112712578933928498e+01
2.626229999420500150e+01,2.639555939191901501e+01
2.078716572863039502e+01,8.335098964414799028e+00
8.144681530656059376e-01,6.370593035864552389e-01
2.169119431284891419e+01,1.072977117386666635e+01
1.228576819499807460e+00,7.233621472929642193e-01
1.080261853689933604e-01,8.178857096354578970e-02
3.187177880922399398e-01,2.312247078746583751e-01
8.390822164136072514e-01,6.935802894061136037e-01
1.253029115390859871e-01,6.449473573265344928e-02
3.116041840238009186e+01,2.045043253045337650e+01
1.210394086821206905e+01,7.923349873680361810e+00
2.360632704682735294e+01,1.595224661375100261e+01
1.344946645256051632e+01,4.271738733461218906e+00
1.678030055851764502e+01,1.372921055571514870e+01
1.393068466570138719e+00,6.508511970180665962e-01
1.079890782878318589e+01,1.020015215080708515e+01
9.719885266033513327e-01,7.777413576131794182e-01
2.171945561694137794e+01,1.556272272127362299e+01
5.707294842432047766e+00,1.442471263512572488e+00
1.203602497915199621e+01,1.233758056955834448e+01
2.289445739274172453e+01,1.458529136199338083e+01
2.359377242719517653e+01,2.049475039656869058e+01
2.289098596580941347e+01,1.091411630641056973e+01
6.852172391471555990e+00,5.492460037073720436e+00
2.556533045751172573e+00,1.670787673354998448e+00
3.081676809132981365e+00,2.442563700380903313e+00
4.052936244823420964e+00,1.508663440447875592e+00
3.701935642666866588e+00,1.469275502897541275e+00
1.749536522409866279e+01,8.107426109275136739e+00
1.987490865277885632e+01,1.043239223090800571e+01
1.511891695695195270e-01,7.959821428293489820e-02
1.247967726617941153e+01,6.800894889964043344e+00
2.985335915749323732e+01,1.942113257179579833e+01
1.185687830176590740e+00,9.406677625502531948e-01
2.291044681897237467e+01,1.884577852000002807e+01
1.559371380583184497e+01,5.503849080137116268e+00
3.188779987828387341e-01,1.724242933024985047e-01
3.849373783797537474e+00,3.164316547609868913e+00
6.171526941570278701e+00,2.196927421197381936e+00
2.234730330168233792e+01,1.090985842489552660e+01
6.085861369472852722e+00,4.869945407996300268e+00
1.119847459913774906e-01,6.535994785970024312e-02
1.498277248277578266e+01,4.346949226675378419e+00
1.825237081591239985e+01,1.249230485584069328e+01
2.307583673649559941e+01,1.874417658774964934e+01
1.148823985970207490e-01,5.788986542753096071e-02
2.389987386566548011e+01,1.145469082414965634e+01
1.271672655254038053e-01,8.316263835949214145e-02
2.814651300416183943e+01,1.893710359066603388e+01
3.379773858587455937e-01,2.393160034995548135e-01
9.796543290101398682e+00,9.078605399482919225e+00
3.623229298318155855e+01,2.062026731232749555e+01
3.104569428006065390e+00,2.935562953104602357e+00
2.864980035833574945e+01,1.346972137639146005e+01
2.319049181891394085e+01,1.495418204736387047e+01
2.073256910321771007e-01,9.346897776636481359e-02
4.234176270070443948e+00,1.684314978035360566e+00
1.026894279165375901e+00,5.257474088364156861e-01
9.127848478546042088e+00,6.765837808431911071e+00
2.558670222111235759e+01,2.016718902224035759e+01
2.575810759997313681e+01,1.666845677493786582e+01
2.056354325650852388e+01,1.061561334130510836e+01
1.596932082735963299e+01,5.893416603875415660e+00
2.112740315367011590e+01,1.479799288909223165e+01
2.348697125142922459e+01,1.147063057380277940e+01
6.523999361899760707e+00,4.932154607923666667e+00
2.106748015968429755e+01,1.889221137188584976e+01
2.034035430257927324e+00,6.450226973747759107e-01
6.325277775889371235e+00,5.107282461408582108e+00
2.518638294527086430e+01,1.688486407979060289e+01
1.075352163490841617e+00,6.235153134223552218e-01
1.664139959249076384e+01,8.876498828518778694e+00
2.371346260535274753e-01,1.398512650781018607e-01
2.145086288905602601e+01,1.588040655033130300e+01
1.957025122193792654e+01,1.065535628944923019e+01
1.586363522852980212e+00,1.018215983625910592e+00
8.406228724976353206e+00,3.938298955009207791e+00
5.298879566175128453e+00,4.568783698159780471e+00
8.067380449950668719e+00,8.218063471205482529e+00
1.334313231720889725e-01,5.701441581952106097e-02
4.523505506040303992e+00,4.392321775948089702e+00
1.127053827429347788e+00,6.038655944163359157e-01
2.273175655248409299e+01,1.212446343527761172e+01
6.303810705695097383e+00,2.387108335898209699e+00
2.013849855223651630e+01,8.021898293529359236e+00
4.450638354427345900e-01,1.537666777249149519e-01
3.929878332890776260e+00,3.197630362030235762e+00
2.584492532692699296e-01,2.305391334279706383e-01
3.831065094211259492e+01,1.986257338876966472e+01
1.962722503260410645e-01,1.627374859636644411e-01
6.597123477606640307e+00,2.348819758054542461e+00
3.490963303318819300e+01,1.593355128710813773e+01
6.950884790246840417e-02,3.805438555143325630e-02
2.805666387545154095e+01,2.622248143523828645e+01
3.981641982213792730e+00,2.005082612281250842e+00
1.182445156890845173e+00,7.819874538333856373e-01
1.269887592631883599e+01,5.428826204599465299e+00
2.562081506246858820e-01,1.515218318446715229e-01
1.428178112060309424e+01,6.282153319074880393e+00
1.516668056361813788e+00,1.089097170975492856e+00
2.646572634467761986e+01,2.143694828625119797e+01
6.134603870097572909e+00,2.110464405309256719e+00
9.090001496377812629e+00,5.740759366335304925e+00
3.337017608224802245e+01,1.572930867177449699e+01
8.219319046814273833e+00,5.481579147209602709e+00
3.029029868848501117e+00,1.480033131132880042e+00
2.220248998356852610e+01,8.088276426909589034e+00
1.007604658514278828e+00,8.726391892642465509e-01
1.886836465948614538e+00,7.319293038774447036e-01
2.796846999998794203e+01,2.114201739305015337e+01
2.609343808758006134e+01,2.220166507171779813e+01
3.743909990244847386e+00,3.053894804527205853e+00
4.529880900019869649e+00,1.442945581783784847e+00
2.995231347548482415e+00,2.823091543826556027e+00
8.915143125879290142e-01,4.724514199531758551e-01
5.721040793918523271e+00,3.794130613891202319e+00
1.512640944962315359e+01,1.488156212835765402e+01
1.036239201268502796e+01,4.824252078688143541e+00
1.680314934923238246e+00,6.731005830583011162e-01
4.228296798590075456e-01,2.716732975441616404e-01
2.012506652769581450e+01,1.620132888904313972e+01
2.862597467434045484e+01,1.216182687612132618e+01
1.434411882640425073e-01,1.047309058545972948e-01
8.400495231757824754e+00,5.541231017779743695e+00
1.564290863966349754e+01,8.390615771807610201e+00
1.421981164625856309e+01,6.727426176715876949e+00
3.290029834554943022e+01,1.625767424065723432e+01
1.084864328516419896e+00,3.633717293541416926e-01
2.171978744233172876e+01,9.885068543926912810e+00
1.552397558757257734e+01,6.897499183564302250e+00
7.865398128802318922e+00,2.926137526728191940e+00
3.868765683602209293e+00,2.874527319794424773e+00
1.242943553144327673e+01,9.289710519602405014e+00
3.249924879503389263e+00,7.623296340405366633e-01
1.529760369598725411e+01,2.320830573879636560e+01
4.156514669983292443e+00,1.554667797856766898e+00
1.228730187292413678e+00,5.624150757990789007e-01
2.695149043317801585e+01,2.214684050125857340e+01
4.000577195987190748e+00,2.972082238413059851e+00
7.264115084111977261e+00,5.950648801454865300e+00
7.719311775905047135e+00,3.161534862163892790e+00
1.964187495965438401e+01,1.433880427050751649e+01
1.670959516574249681e-01,1.176173203806967771e-01
8.679320250247626323e-01,2.891009148878396773e-01
2.737311564682859100e+01,1.799389651072316454e+01
2.526863779445999114e+01,2.582889342788573117e+01
4.415996754424885151e-01,3.401318295310942763e-01
5.681363424289536113e+00,4.954651180068116112e+00
5.963979000856018509e+00,4.221706337036692958e+00
1.647840251692532343e+00,9.486414325307366280e-01
2.415779877070299619e+01,1.730987005749315344e+01
1.140107391670638037e+01,3.786685556525220875e+00
1.918145553523268276e+01,7.376086604764248378e+00
1.659520512445153528e+01,7.001851613545826858e+00
7.306608306566199751e+00,4.351988180154587660e+00
2.775003579488744165e+01,2.386556885715537391e+01
1.295434933562255253e+01,1.062382000510631563e+01
2.156292067669093093e+00,1.469547253263260078e+00
3.792813885245073013e+00,2.347405843555706362e+00
4.689456740797628281e-02,2.427397491973255078e-02
2.404968451660433004e+01,1.906734353851668118e+01
1.676200606615742550e-01,8.524262658509598745e-02
1.618290322229172518e-01,8.612119343595039944e-02
8.838667324106459944e+00,3.443981489828218390e+00
2.121768416475115515e+01,1.520709838648333445e+01
7.756789370386373506e+00,5.592092427696693235e+00
1.512687829741971512e+01,5.726388515313576733e+00
6.214755846789042915e-01,3.376628182706398751e-01
1.163751755018156153e+01,5.668053961847610900e+00
2.149402864424272974e-01,1.482036266946650527e-01
1.532765828088312254e+01,1.669873438516930264e+01
1.549506815561240280e+01,1.113912080067988697e+01
9.454536534530836533e+00,5.987632032363920054e+00
2.089513903753341395e-01,1.494166010285302437e-01
7.936459691507107728e+00,7.777794094940572833e+00
2.173904968201817312e+01,1.404461468654260337e+01
1.331273089722663983e+01,5.256633179030869130e+00
1.289170102131763862e+01,9.404848828268232097e+00
1.226712751558897629e+01,4.237808877632062377e+00
2.189242096899761958e-01,8.658146006296184305e-02
6.724843488466587971e+00,6.730902804896447655e+00
9.340315564834700268e+00,3.482624918648591361e+00
3.877702022411819271e+00,3.399323546363287374e+00
7.239142503523487093e+00,5.440516913546693090e+00
2.065040038441771131e+01,8.278381817054395242e+00
4.537143091092000757e-01,2.535989542045802847e-01
2.513664726624711854e+00,2.303971511562779906e+00
1.432740349871740371e+01,5.313720258218094017e+00
1.670432887633523933e+01,8.464005523570381939e+00
3.501228222533599421e+01,1.609544102711722147e+01
1.597858991996431044e+01,9.593268655046387039e+00
1.634707120518213230e+01,5.475878494807938424e+00
1.804822182008363640e+01,5.491508858284072758e+00
5.425800187614855830e+00,2.967349108522468359e+00
2.593004635067418517e-01,5.938062111822375866e-02
2.269021489670348946e-01,1.593495963417270178e-01
1.899688966542557722e+01,7.559977813432457339e+00
1.357357344518955955e+00,5.961389637293792454e-01
1.779586042557486369e-01,1.055283906571087282e-01
2.277464801552769202e+01,1.058929053506975571e+01
4.944793824029941054e-01,3.260200615282620729e-01
1.862237111852323324e+01,6.305269278279785006e+00
4.086409601720180085e+00,1.210235348729191029e+00
8.833224262109350633e+00,2.961596415396960946e+00
2.788814598980824400e+01,1.820690272529307308e+01
4.312508851976539326e+00,3.505414819923396763e+00
6.019829336087370919e+00,5.966711183189268297e+00
2.617768088418248151e+00,2.037414303483486400e+00
2.047944616632362713e+00,1.482073155025968481e+00
1.096798300752593391e+01,9.988499355306901251e+00
9.116566226161815223e+00,6.940882339923231115e+00
5.167652614102620667e+00,4.440899506599695457e+00
1.431994237273253867e-01,7.074031679177569809e-02
3.231789876691814101e+01,2.436844250134784318e+01
1.801163385575232212e+01,7.154626691983416720e+00
2.848573283178649262e+01,2.469386667986741557e+01
2.609784312995772626e-01,2.122148384476678362e-01
9.178821924282971167e+00,9.261792569369637462e+00
4.140227743607774458e-01,1.588734820147293669e-01
1.312946003788752236e+01,1.132611141308586511e+01
4.914612388214346872e+00,3.629246489999418568e+00
4.740060073723559420e+00,1.775701823681942848e+00
5.871663506441596875e-02,4.631684240324508012e-02
1.619788477051036457e+00,9.074718804046131293e-01
1.698883394496057164e+01,6.480095234616525701e+00
4.835653161692729185e+00,3.197105213861790141e+00
1.084919502602737645e-01,4.422772135320884868e-02
2.678113454064199872e-01,1.887809108672337255e-01
3.315339810485197214e-01,1.445975718176505942e-01
2.138752005448171545e+01,1.228636690854258617e+01
2.284377242831281407e+01,1.478088127906434224e+01
2.486556367106658727e-01,1.104648928606284664e-01
2.567700858737063996e+01,1.569170198194031762e+01
4.292092786210101707e+00,2.091409874587544238e+00
9.163289382139733874e+00,4.769676003176226864e+00
3.269962057842933367e-01,2.830295470397794499e-01
2.403787518944189117e+01,9.305160755864271493e+00
2.438184447039947145e+01,1.302545992961993448e+01
9.312341403680516549e+00,6.985602025398036652e+00
3.703068347791946269e-01,2.613758049855832710e-01
2.965403902823203208e-01,7.498379081350745046e-02
7.619482073344383544e-01,6.222550077390752721e-01
1.699648198438912061e+01,1.317424446373362557e+01
2.413519753724698802e+01,1.488135530001724582e+01
5.659858779792751315e-01,3.867525251980520329e-01
2.350876650298603654e-01,1.261599533991605571e-01
1.981195112326491525e+01,1.108209074462181931e+01
1.619250450623044912e+01,1.092900805877896531e+01
2.922955644986997470e+01,2.556601710694985030e+01
3.861023665400019345e-02,1.641108713943246339e-02
2.003142272174079963e+01,9.070207516411572968e+00
3.588726181199944687e+00,1.841775312514330354e+00
1.514551398117997039e+01,1.910071948685272858e+01
2.573625243081059111e+01,1.624450031988610021e+01
1.843632235135141784e+01,1.584332824295054110e+01
2.355608399283237375e+01,1.086012439108279537e+01
2.466757859488372873e+01,1.183223294681411630e+01
2.862785313097412754e+01,2.368510067897744875e+01
1.288912506430665061e+01,7.620508192016600901e+00
1.625642243611737214e+01,1.023041786587383761e+01
5.180639900704587797e-01,2.660746691471017056e-01
5.607437488462507780e-01,2.839483423575397958e-01
2.794642962834951394e+00,1.971331657874455745e+00
1.042607217939090880e+01,7.879521988603944926e+00
2.763615892597163781e-01,1.623474274600829326e-01
2.152513185130733575e+01,9.511180372513793557e+00
5.301170235289793808e+00,3.909224590962236956e+00
1.852215513935678715e+01,9.547906322369572152e+00
3.408869868629024857e+00,3.254369216210500682e+00
3.451233138528635180e+01,1.638323642480504816e+01
2.051414233802606901e+01,8.100849827998660047e+00
4.387197624166327414e-01,2.432474273367809248e-01
1.745040304189156566e-01,1.103639867857776347e-01
1.115899922459971982e+01,3.995667011980835071e+00
2.716353844525700367e+01,2.153613853653358490e+01
1.582274706687619048e+00,5.888994045016294754e-01
1.865370202717375525e+00,1.578402874567321534e+00
2.067914527146995596e+01,9.263038497702838825e+00
5.706002221750652303e+00,4.541478587460058947e+00
2.668678238164978289e+00,2.234507162590285034e+00
1.436592266332666346e-01,5.274580782161655823e-02
2.618502917579797895e+01,2.251500776342254895e+01
1.281140156338822722e+00,6.703049435846161197e-01
1.893874401416628384e-01,1.105679461756678139e-01
4.325692546622073725e-02,1.922889357237928670e-02
8.098068847042593887e+00,4.520307982940923175e+00
2.631192015477437351e+01,1.802416021327215390e+01
1.816921835498321869e+01,1.030735204696953211e+01
3.122820488441914732e-01,2.416762640702998788e-01
2.116445798078496476e-01,1.046124998076868179e-01
1.346654532268172133e+01,8.359051974730368428e+00
2.595567800676357351e+01,1.634109437636735152e+01
2.489273199896401323e+01,2.141881395906452568e+01
2.697333706570947398e-01,2.246540013574971906e-01
1.083884415201493745e+01,3.987673554908314877e+00
2.848167976855967343e+00,2.453158296829301754e+00
2.245254173565456313e+01,8.510851677363927337e+00
2.059689243656646340e+01,8.340903026721010249e+00
2.412531115505633750e+01,1.729511500253883938e+01
1.580269516065758439e-01,9.949136674454334139e-02
3.705300547930731270e+00,3.462410774991834916e+00
1.659960233696088494e+01,7.605644539504067936e+00
3.747563023994329612e+00,3.658105932002243321e+00
6.252485909009392273e+00,4.567938821092874413e+00
2.683234471045214420e+01,2.018257141666614629e+01
2.078252367934561207e+01,9.331082437188062073e+00
4.543197468465193900e+00,4.029877648459276429e+00
2.550206531213299144e+01,1.749204459219098240e+01
2.343068722303069507e+01,8.588315513992183625e+00
1.563788597399378588e+01,4.924578154131944885e+00
2.053940115443402092e+01,1.707943321537061010e+01
1.885009587930568031e+01,9.500068780790140721e+00
6.462422960236014369e+00,1.443244148242299740e+00
2.786111458458417900e+00,2.083290104594804681e+00
1.968107572928760873e-01,1.510831075727574746e-01
4.724239863798826100e+00,3.753451137579714381e+00
4.466664315881120118e+00,2.634707436064346098e+00
9.952913760174849855e+00,3.300208393433601284e+00
2.305994182565954986e+01,1.975298673230001967e+01
3.848383777453738830e+00,1.391760232267512665e+00
1.748345200290422952e+01,9.322516649167088332e+00
1.083014028073240459e-01,4.269111200487594321e-02
2.652553183372811763e+00,2.175969850457304844e+00
1.420175168209887540e+00,5.778805029716965747e-01
5.207392129005076420e+00,4.535139778785667986e+00
2.214150442025072607e+01,2.221694274148003245e+01
6.854995544508788008e+00,5.847293799919124346e+00
2.656547206889177559e+01,1.924035092352308496e+01
1.072694480065549882e+01,8.688124068014106527e+00
1.632306873114527335e+01,5.467699737979357266e+00
2.155720718591447849e+01,9.526799868302587626e+00
1.687887484650092773e+01,6.163072241661233797e+00
7.011311050416957791e+00,6.422401637593158519e+00
8.386200081970482501e+00,4.483351501175424580e+00
2.343346940258031474e-01,1.656159731540706448e-01
2.380998960860939562e+01,2.013256096515896942e+01
5.668563984932135230e-02,3.248368742105268991e-02
2.262039367597314499e+00,6.176526278558741589e-01
7.423599209058051596e-02,5.048180432117689576e-02
4.752687588397844998e+00,3.571957666423519751e+00
2.044344526658341543e+00,1.158932727899282256e+00
2.805538528852468616e+01,1.129632779906661533e+01
8.609763363846079542e+00,8.028835590453025972e+00
1.797788012901659072e-01,1.326159639595888839e-01
2.592265426357928959e+01,2.577772877316246181e+01
4.587636542946523233e-01,1.571065289550089561e-01
3.824727899481226956e+01,1.955851637867301207e+01
9.433526057518886176e+00,6.840386685055485749e+00
2.096166900356405804e+01,9.432363677604026719e+00
7.500439126201585260e+00,1.808196037564352876e+00
1.439690470036902425e+00,1.261872492950083302e+00
2.345493167609015472e+01,1.208107129119571077e+01
3.465702169766333718e+00,1.872413242309828307e+00
1.694360053877977279e+01,2.399605425458970842e+01
7.169852149850467704e+00,6.943032217567894904e+00
1.731495538680524149e+01,1.504491228194642893e+01
6.271257808604139505e+00,2.728498484631158405e+00
2.258470347231774866e+01,1.017649223372724521e+01
9.907152100384769566e-01,5.319862603747089747e-01
9.619810907807428979e-01,5.386476904900653340e-01
1.056898172269018221e-01,5.571518134901968372e-02
1.617753800623512150e+00,1.219173387184125046e+00
6.219608715038638103e+00,6.170002001787675994e+00
2.684757915664955918e-01,1.732565702778123273e-01
2.594171288524216301e+00,1.747817150474307191e+00
1.866211494424700135e+01,1.968758064420325837e+01
2.556293110191673534e+01,2.080458247013876161e+01
3.048173386767436455e+01,1.586923883145313141e+01
2.082598121303046168e-01,1.398664039477345578e-01
2.595611569916329486e+01,1.838654842042677018e+01
6.843022248843293909e+00,1.598025368269594182e+00
1.466430241011355839e+01,7.146563781999143217e+00
1.456952303063685861e+01,7.838574284157536987e+00
1.241761055633123334e+01,7.647945721043876155e+00
2.674556796263146907e+01,2.235809230457096319e+01
2.486978406792621143e+01,1.699639243457006188e+01
1.913513702333229816e+01,1.106442880251553440e+01
2.692002094452088556e+01,1.129246456523577180e+01
1.775418339713433014e+01,8.914010534561219501e+00
1.406343118942204207e+01,4.666607684828457892e+00
3.093419769158536425e+01,1.354779812398746408e+01
2.583552107768548822e+01,1.685240373789337909e+01
1.944117825073763584e+01,7.716384175505644372e+00
3.941992587413106008e+01,2.202460682902440681e+01
2.921754240662541235e+01,2.413982253332498473e+01
1.851036881920004618e+01,1.270665706560769870e+01
6.707744147919707522e+00,5.686190877066312765e+00
8.586678283111815801e+00,7.377573058703805309e+00
6.667277401013495641e+00,3.844362853566055893e+00
1.654863217270912301e+01,7.412541805537675721e+00
1.275678297161336339e+01,1.064721882666238528e+01
5.290614115841363763e+00,3.640386722626430593e+00
2.477933417022882878e+01,1.006990809051645286e+01
9.866265275512038635e-02,4.776712223681683217e-02
5.528861853952857786e-01,3.174495268396315684e-01
6.573088621330713810e-01,2.727885848535961388e-01
2.325434023925995675e+01,1.118389576452588052e+01
2.367704304817118199e+01,1.195483045565969249e+01
1.993436024097050563e+01,1.138005810566622067e+01
2.437254324737017441e+01,1.414674774024198811e+01
7.837129133807236858e-01,1.770897113538528189e-01
4.396199895039141659e+00,3.981953183537772389e+00
1.903937010986141543e+00,1.141363460110688122e+00
4.509687812239794091e+00,2.116251613470906623e+00
1.362513916560399885e+00,8.085003441309409622e-01
8.015022019952795063e+00,6.660253605917319852e+00
1.935433701135335083e+00,9.875485647775824605e-01
5.109403844469686540e-01,1.372505481313133768e-01
1.176580234832728777e+00,9.185802222517522875e-01
5.387646370352895175e+00,4.812643029944310591e+00
1.453016414734061712e+01,1.408609172483325445e+01
2.280024382961693874e+01,9.162212164057427444e+00
4.014648546608573509e-01,2.494914294889908069e-01
1.277611007355104356e+01,1.184609730555746232e+01
2.368427145972832193e+01,1.483820899205205102e+01
7.576080757163597967e-01,2.721025392522889441e-01
6.490456706211287674e+00,2.523491082341332792e+00
2.590502682795968070e+01,2.235321826429871805e+01
1.313282016986329204e+01,8.019694603995473514e+00
1.898774352220258255e+00,1.647931152050477355e+00
1.040121816231331131e+01,5.249886173625281316e+00
1.905736405783709486e+01,1.447664839502255063e+01
2.481232748212801553e+01,2.551279693623088107e+01
1.015165511205477156e+00,8.620428842290781546e-01
7.522557540454639646e-01,6.127260802900652559e-01
1.270858197348522789e-01,6.454965609508676871e-02
2.322774244461079718e+01,2.072722812051215513e+01
2.124155749714410746e+01,1.410657564094356609e+01
1.377303173055478558e+00,3.905512207255317780e-01
2.120101545098751217e+01,1.755249941310547612e+01
9.493555209505302628e+00,7.575691694557866285e+00
1.451080475648418933e+01,1.006118906955141767e+01
5.730026170847350997e-01,2.264009407450438272e-01
1.226773791618096610e+01,1.139968787064552203e+01
2.495281111163437515e+01,1.464949068003137178e+01
2.071256069529068711e+00,1.252088136015461206e+00
2.397930557819330843e+01,2.439227473895998699e+01
1.872881860668367082e+01,7.332588041787969857e+00
4.956464084339198273e+00,2.409924375425167575e+00
2.570328723841235075e+01,1.858506467313348764e+01
2.768520225377797317e+01,1.785574578006308499e+01
6.238524549663405416e+00,4.587469635767688736e+00
2.198139681117618149e+00,1.503020193011573191e+00
2.011574351819783169e-01,1.418524889193245042e-01
2.227151834790181795e+01,1.634823029866142363e+01
5.935592813901740428e+00,5.623539088251729545e+00
1.492229474482939244e-01,1.094441742899390640e-01
7.868207249538498260e+00,6.993051524047551482e+00
5.790986095011832369e+00,2.781242767621447953e+00
1.940278649072820494e-01,1.407342602615054838e-01
2.827457896291612371e+01,2.454958282101419442e+01
2.196019780295836910e+01,1.970603745188306988e+01
2.809576059886609656e+01,2.525895757157685040e+01
3.681081506788900892e+00,3.274118727505639370e+00
5.377608388399201383e-02,2.636758002899186951e-02
3.054084444352040961e-01,1.617773374608778292e-01
6.096790675030006490e+00,5.505526793615135972e+00
1.474319828784612696e+01,7.014984235992868911e+00
1.716053529470150707e+01,1.708309083000769846e+01
2.506956230485523074e-01,1.258879913068225165e-01
1.007972517863147743e+01,9.827615592283661883e+00
2.342687942985216765e+00,1.874557493187237078e+00
4.860683160999108576e-01,4.095422882924395491e-01
1.608131748298515262e+01,9.437898658623577575e+00
2.515641594629571287e+01,1.122539381318510898e+01
1.061679710799776188e+00,7.171962206522830563e-01
2.958544435290305863e+00,2.000291808738851707e+00
2.160064525522772527e+01,1.016120182615625289e+01
2.286314207617737848e-01,1.458962588361573387e-01
2.893515826493862164e+01,2.274026428544704714e+01
1.790010772384173776e-01,1.477824536349155449e-01
1.640549381122638550e+01,1.306259781385550056e+01
1.729743615908512222e-01,1.467361112502660325e-01
2.280080093435911337e+01,1.105170185453263620e+01
2.287151967270271147e+00,1.529920898984517885e+00
1.360892631015420484e+01,7.585609742659768173e+00
2.301621110961980676e+01,1.078657578229356062e+01
7.145413074629330730e+00,5.575981701430124282e+00
1.368424785017203327e+01,5.602573854992604296e+00
8.856398659853903510e-02,3.554432676282849590e-02
2.214960874501346311e+01,1.166404729832087206e+01
1.900077496549091194e+01,6.909014206473256259e+00
7.047750864818693728e+00,1.877316749132657003e+00
2.813291064307601452e-01,2.330068645129478311e-01
2.088015217746508156e+01,1.819533985544767418e+01
2.422136194167825352e+01,1.958429471866237037e+01
2.231142568300061413e+01,8.758696718342282139e+00
2.853415530825696678e+01,1.685915932018209773e+01
1.735479940678231969e+01,9.467948176444156871e+00
1.170882634551370494e+01,4.188438548323185628e+00
2.498144549355064969e-01,1.165762437881417840e-01
3.798570196622008410e+01,1.960597208202082697e+01
2.278126802699268083e+01,2.014761701091855528e+01
2.800356606853580388e+01,1.108915849948357391e+01
1.193119147549877163e-01,7.657146843260413671e-02
1.686052714555255516e+00,1.341456764500347898e+00
1.678724395364080735e+01,6.614798468793106956e+00
1.300844837736113480e+00,6.593365860565020276e-01
2.629317151428752553e+01,1.756915604143448206e+01
2.241184406187775480e+01,1.012783963820736410e+01
2.989674663671312160e+01,2.623022182430726090e+01
1.301805024825988433e+01,7.437188723307428972e+00
1.237996546644210660e+01,1.060867440496069314e+01
1.726774152070565949e-01,1.456746574462551014e-01
2.760437273775791667e+01,2.518942021332174619e+01
8.733865673323637502e-01,6.754783398308317199e-01
1.858993087107095121e+01,1.641189871756814611e+01
1.462806103755702836e+01,9.621338678789733478e+00
2.019858991908856183e+01,1.613307124978637574e+01
1.065605340550682101e+01,7.236772649755645936e+00
2.218525622811631237e+01,2.105766776113737393e+01
3.192254940565795729e-01,2.591535197971873150e-01
1.229038576771906532e+00,5.270265621627827635e-01
3.322950742743369101e+00,2.762643486645788293e+00
9.587669282365025858e-02,9.973588390188145580e-02
3.257758147605565036e+00,3.042393715059747983e+00
1.871951577484707130e+01,9.136319154205054360e+00
2.720815350820449297e+01,1.673063249560273746e+01
2.915207593683174281e+01,2.559332362602129862e+01
2.881758410460374620e+00,2.615937811543521452e+00
1.585407811284826884e+01,7.150905650062533425e+00
2.339558633247323982e+01,1.850137494794597970e+01
8.919549266859579717e+00,3.878298512546059396e+00
1.806399251190072164e+01,1.593652578631444072e+01
6.779188966422604601e+00,4.705522173737042735e+00
4.330224996720862585e+00,2.269002695476218801e+00
1.993439049016042519e+00,1.357731542188760132e+00
1.354194805596345041e+01,3.967046863370896848e+00
1.430348340364210047e-01,1.190712895357320666e-01
2.161911405631785499e+01,7.658313637542132568e+00
1.718000932982428708e+01,1.464485179707321372e+01
1.023468222117208981e+01,1.012104507935406161e+01
8.968663582472352402e+00,6.853115201423606528e+00
1.591785684845318238e-01,1.287374507363935328e-01
1.363441381057987201e+01,1.214748508655716464e+01
1.059638674802114433e-01,6.109234518949546722e-02
2.293175030201249631e-01,1.510623596246487288e-01
6.765600169313999990e-01,3.863281570847541535e-01
2.028123023424433791e-01,1.168429846439442560e-01
2.622070760152749358e+01,2.293778214436634499e+01
1.497219899575040536e+01,6.580386080785519454e+00
1.184587966929150582e+01,5.915324000868329435e+00
2.348831801764777083e+01,1.644802653079440802e+01
1.094763530374627258e+01,1.076460418139607889e+01
2.611190716776121334e+01,2.225265450089441543e+01
5.498656160286701233e-01,1.882535250742868871e-01
2.063714691758596231e+01,8.034803325917806660e+00
2.244404921012604959e+01,1.094338798823405945e+01
1.680636817333460087e+01,1.453236977660582774e+01
2.076553885280085510e+01,2.193983319407320209e+01
1.794118061704052280e+01,7.961538159228775946e+00
7.290015523154912636e+00,3.645307473468131665e+00
2.167090892551374881e-01,1.374826900749745728e-01
2.065578578695675560e+01,1.495405095118633731e+01
2.015744141763669361e+01,1.577181577576405047e+01
6.553747224072641764e+00,5.086515529450609918e+00
2.291372552202881252e+01,8.739671926723675099e+00
5.134730959832737973e+00,3.307456873206040537e+00
5.225663799605494153e-02,1.730172987430728809e-02
2.608309572637996232e-01,9.627264317739563093e-02
6.126255422096233555e-02,2.604887360837258511e-02
2.361153451628383415e+00,1.275658842113773783e+00
1.707373085544108449e+01,7.892130528824020885e+00
6.458609932941672405e+00,1.950402050301832224e+00
2.486089736668599670e+01,1.258663978185436605e+01
5.311873635378804026e-02,2.879032955160074417e-02
4.854149125733727921e+00,3.687517133262194324e+00
6.645043650230719301e+00,3.621561561825571651e+00
3.612968953514173798e+00,1.102042249852678069e+00
8.950618769425425114e+00,8.772296898228407969e+00
2.181282207488594338e+01,2.081508074610174219e+01
5.348453972555875957e+00,2.190686783118788394e+00
2.457565003404364390e+01,9.751159836918255053e+00
3.514790202764173443e+01,1.721171128394865946e+01
4.014028307685611807e+00,3.447463864189636240e+00
2.059778972236236072e+01,1.345958807230213417e+01
1.694491676288935877e-01,1.417332699593852330e-01
1.478293125220963056e+01,1.429340704423730557e+01
5.295246385826295032e+00,5.138389107298747760e+00
2.650579342926903337e+01,2.066001931151724236e+01
2.222031138381479032e+00,7.548015531793342836e-01
8.858928111671366068e+00,2.061984589799551237e+00
2.557938127484861113e+01,2.335090433326526949e+01
3.728120702313989732e+00,1.523634887890536138e+00
1.833621119819110135e+01,1.407226466558944900e+01
1.971131129750815347e+01,1.888066380738719019e+01
4.511920001548187287e+00,3.441733936289458118e+00
1.014817358459957752e+01,5.102862123184014997e+00
1.270149779202018259e+01,1.237634551578265629e+01
1.449239814153568950e+01,1.102829127936264264e+01
4.662850263284481045e+00,3.726050413031544384e+00
3.732595677456103100e+00,3.363374745725022041e+00
1.706932522378672878e+00,7.002892825665392174e-01
1.201558238748410723e+01,9.069276951778251217e+00
2.989316852316094497e+01,2.236602523268815546e+01
1.072196691370353072e+01,8.573072446479713449e+00
6.389884837817102481e-01,5.038800685916593469e-01
5.922966875822509358e+00,4.614374916789508063e+00
2.386507404381731234e+01,1.342529213194425175e+01
1.318507486086141878e+00,9.759846305928590038e-01
2.489174805191964523e+01,2.009643278384632481e+01
1.586161458809879132e+00,7.422660703647274705e-01
1.913939878629744851e-01,1.129159922055040371e-01
1.895362341331429334e+01,9.492524438893516603e+00
7.429977122918902943e-02,2.071252920392502306e-02
4.669758302865712613e-02,3.063806547240348344e-02
2.648898871135493138e+01,2.602394227379860681e+01
1.667362682709324639e-01,1.385487254985734440e-01
2.955647024806400935e+01,2.597215874219414999e+01
1.231544901843369538e-01,6.313255524578477440e-02
1.654993467353086389e-01,8.658432545970000394e-02
2.875909047893475545e+01,2.327182730172999570e+01
2.937375015441326553e+01,1.230164189450218082e+01
2.137503109723702366e+01,8.412542558046869345e+00
7.285823693833137771e-02,4.993163610062559959e-02
6.132208062509715951e+00,5.372725129948788592e+00
2.268296426439509972e+01,7.976572020874458602e+00
2.849827852408684237e+01,2.091349688204614665e+01
1.439955562520291998e+01,9.318245478744765720e+00
8.019823091774461177e-02,6.049377239561861547e-02
1.418230704719763313e+00,5.315571949794626327e-01
2.301717964693798990e+01,1.164328169408658020e+01
6.059384124428649265e+00,5.200969500462043982e+00
2.704255058818619162e+01,2.105961609283874836e+01
4.155197758203679648e+00,3.953895424199938891e+00
3.253315876315801547e-01,1.785586885075386432e-01
2.513437341766601207e+01,2.141374025800078940e+01
2.569119460700711954e+01,2.420706795055031080e+01
2.837046195108534974e+01,1.860148848952870537e+01
2.640158319210821891e-01,1.715086313471640422e-01
2.100112694623192411e+01,1.293864524629562673e+01
1.632495910884928136e+01,6.640513164331814266e+00
1.971255809487323651e-01,1.191713034312783387e-01
3.557539507354221087e+01,1.739606801072783071e+01
7.615431598296201088e+00,6.140308050580387977e+00
2.518373175154138011e+01,1.800105705879046525e+01
2.549938941924892788e+01,1.625305075397667665e+01
1.073762206369993599e+01,5.299894382856792596e+00
2.144130752592177203e+01,1.793787081624532576e+01
2.164409649659250690e+01,9.057954365655808360e+00
1.193514071838605517e+01,7.938898344242176108e+00
2.475138464204618671e+01,1.619989853457990847e+01
1.083655611096779436e+00,8.396529482677633771e-01
2.529428673596889254e+01,2.406967271675660669e+01
2.575569379118129021e+01,2.495055408934106822e+01
3.707650436207861588e+01,1.836564738835002331e+01
8.963762604126049638e+00,4.692670625080007873e+00
1.200565360455599162e+01,4.140256946688430695e+00
1.336742205566446806e+01,5.644932007900185233e+00
1.879059935557481253e+01,9.442462669421122001e+00
2.010454359624257492e+01,1.364176822866475014e+01
4.663619724623321083e+00,1.883969212931835724e+00
1.879843739145414716e+01,1.106298132424465308e+01
1.437442388266979876e+01,5.905376661781437164e+00
2.335565125273434006e+01,1.888862486125688278e+01
4.042072571667421066e+00,3.745995647712689447e+00
1.766506081136684836e+00,1.220154836895774420e+00
3.805152316455368555e-01,2.167757732005951288e-01
1.202540052631473122e+00,4.821233319562736597e-01
6.042714541414628826e+00,4.836831303775248614e+00
1.284907903972278298e+01,5.002627805072297207e+00
1.853854096556698394e+01,7.073126652075353960e+00
1.606634508217091417e+00,7.492727789742781308e-01
2.340559091908064993e+00,1.952880336632621949e+00
2.039592505200566452e-01,1.334329503452511834e-01
1.817410690223385572e+01,7.029728408876087187e+00
4.985141466638605690e-01,2.466299093657300101e-01
2.935373454021910633e-01,1.322664765672216247e-01
1.570165560380060832e+01,7.008633393561646940e+00
8.553015587166049372e+00,8.349677443407498956e+00
7.687054441856925102e+00,5.333008553043760536e+00
1.167475338311797728e+01,7.869775434733764286e+00
4.026219260500364383e-01,1.624773829748141496e-01
1.767797943301534724e+00,6.593739578813810898e-01
2.700620568010045019e+01,2.218999867421163685e+01
1.695855890736232752e+01,4.834703218177124562e+00
2.422828777081018714e+01,9.222879769500289981e+00
1.135227149444819617e+01,6.995031994877970227e+00
5.783875120395260971e+00,1.479548983617657854e+00
9.836750851422502606e+00,4.292920596630072083e+00
9.130544422290491013e+00,6.198672635481790039e+00
5.243770188634888640e+00,5.101018764908279657e+00
3.130109218995741216e+01,2.116371093541797421e+01
5.212606433959965813e+00,3.260813207355772736e+00
1.390169719983412655e+00,9.150336549864370728e-01
1.747009907580656940e-01,1.143084906712215493e-01
3.207866794334145455e-01,1.199007698153161106e-01
1.793726755931816896e+01,1.299281479643830473e+01
1.884954416989116810e+00,9.169955930087912988e-01
7.915305411156809967e+00,7.576742960060099286e+00
2.156238047013614079e+01,1.475843456068382054e+01
1.093476552594164541e+00,5.376994803931206546e-01
3.462860876313861080e+00,1.429701192200141247e+00
1.277730497326304171e+00,7.179307815884322652e-01
2.148699463178558489e+01,1.020541829646276710e+01
1.856937087852908519e+01,1.036607448475695747e+01
3.350436475586454632e-01,1.619885338608962888e-01
2.725214034062952706e+01,1.238438187404758217e+01
2.080464296321953199e+01,1.598805895447842929e+01
9.519726489953486137e+00,2.519598873470166200e+00
1.642989957268344847e+00,6.139878319597709133e-01
9.946086385656204953e+00,9.060932595164885583e+00
2.234082666112316673e+01,1.052319938171723912e+01
9.344559367972848918e+00,3.559191720568732897e+00
1.353733103461067522e+01,7.874767314006447805e+00
1.261036768582121659e-01,6.288888640824601139e-02
2.453071380699046244e+01,1.396092747896387465e+01
2.029763423265821132e+01,1.665790397675790757e+01
5.972182095956523717e+00,5.192596976905839767e+00
7.330273085676813904e-02,5.330285675986916327e-02
2.514502876611134363e-01,1.559708275626597584e-01
2.017406317085044254e+00,1.447058212266940647e+00
2.359875374704318296e-01,1.870287635430060436e-01
2.729632909017963271e+01,2.259574107828761669e+01
9.878800486869982578e+00,7.751828184728211113e+00
7.544313458876256151e-02,4.255599836397450098e-02
3.080729611061923379e+01,1.406674515256645108e+01
1.516011060420086132e+01,4.990574232155259082e+00
6.397152562895788819e+00,5.295496645622416843e+00
2.146840643532915394e+01,2.067475744264836024e+01
4.551742800772220932e+00,3.468347110258487742e+00
2.545374331506132393e+01,2.177176715318966060e+01
2.627138323142367327e+01,2.091079018068317552e+01
2.939152040703810798e+01,1.949029992515625054e+01
1.416598378862234109e-01,1.210458756969549771e-01
1.801329325864280684e-01,1.513529807769976310e-01
1.289752410723526310e+01,1.133542109755797789e+01
3.482371274497280123e-01,2.751956008728561609e-01
1.860210772313811134e+01,1.323997925749450211e+01
6.990886795835892009e+00,1.635783940934294023e+00
8.621059541933989934e+00,6.618213891553077488e+00
7.428622682930300591e+00,1.893855710098680367e+00
1.320829037913305415e+00,8.981581709785407819e-01
6.289407698373062905e-01,3.935795416568947380e-01
1.554229171051601455e+01,1.220586190957221007e+01
3.382571616493745381e+00,1.994269980727368274e+00
1.308039244014032576e+01,4.052970696399108341e+00
1.349789194793793179e+01,6.151862178127199599e+00
7.790540648668284440e+00,6.717822594969366179e+00
4.652505975659936510e+00,3.483325167321257965e+00
8.757128463278212038e+00,3.950144004269995346e+00
4.654836973288515978e+00,1.837122655217653167e+00
4.465119953097047123e+00,3.282072609433988930e+00
1.496111747851914364e+00,5.707947962631911842e-01
1.435773059814623842e+01,1.345340434505600591e+01
4.596789271294329460e+00,4.526141573834604692e+00
1.595591770199808046e+01,7.280845570759790775e+00
2.611471487008480352e+01,2.086152893975369693e+01
1.915154489863299148e+01,9.065116293876695153e+00
1.727011053706561050e+00,1.079367041058982180e+00
7.868145672579558436e+00,7.259407878414153359e+00
9.370305175257614749e+00,4.418383023146903454e+00
6.943421994181560919e+00,3.669984141053053595e+00
2.376904997776970418e+01,1.573008631043604311e+01
2.312057569753023145e+01,1.091977276496790061e+01
1.151752013116016826e+01,3.593211714656602496e+00
3.909116888442062532e+01,2.179559168263411095e+01
2.632035437389793131e+01,1.946835521018339321e+01
3.513690265776556743e+01,1.657434252637702699e+01
3.640453657878821137e+00,3.377580152959466897e+00
1.699629524536939940e+01,7.428012581295825534e+00
2.724869189408097636e+00,2.430988276282425531e+00
2.104668050053368944e+01,7.852874695064137711e+00
2.016848370613464070e+01,1.391131915178121758e+01
1.758397829130446155e+01,1.728626053611268532e+01
2.319084084824914527e+01,8.828629915064952982e+00
7.656990325209956261e+00,1.971638049973384987e+00
1.060993211417638138e+00,5.010590350136343574e-01
5.730351937231206172e+00,4.906844594665414228e+00
2.373328925042406468e+01,1.499619373966430125e+01
2.533348973178512864e+01,2.496946962440359385e+01
2.427694055773878290e+01,1.458730061106756004e+01
2.987885959962461424e+00,1.278939270768951086e+00
1.722756508827736965e+01,5.003631029503527117e+00
1.769481180515002361e-01,1.462185995956360729e-01
2.737951289250096210e+01,2.168193257708041344e+01
1.186496627397508163e+00,7.316122292099188629e-01
2.453944162455104561e+01,1.441866127650869522e+01
2.341685290091466976e-01,1.264618573723627626e-01
1.872185297957711114e+01,1.133160449110341617e+01
2.816340201979468461e+01,1.879277737060846931e+01
2.321874698185549590e+01,2.784877651363201068e+01
1.960318881719635442e+01,1.855518729473484996e+01
1.059712575329272016e-01,5.805999339913960750e-02
3.957491825119529949e+01,2.088257890367462366e+01
6.185656227759806391e+00,4.600686000845766621e+00
1.581953093852122849e-01,1.304430659649206681e-01
2.413809345223049263e+01,1.358357043058829916e+01
9.428388771710368488e+00,4.185149791684136922e+00
1.871961693042286934e-01,1.410634634337016580e-01
1.476721889471653348e+01,1.557058116360190780e+01
1.203543652107785661e-01,5.992925582503879495e-02
5.628558233340721806e+00,4.526207641725590314e+00
4.848646479913956697e-01,2.610702229608239944e-01
7.515123853159622946e+00,6.356634328832162950e+00
2.226023378436319078e+01,1.375165397166503922e+01
2.263873122819743955e+00,1.238837206902652310e+00
2.791102570560460805e+01,1.228451519812832693e+01
1.950738260361453591e+00,1.410894639357140434e+00
1.407060160499217005e+00,7.025943558545941769e-01
1.045393495681895146e+01,2.884558089812930159e+00
2.369014991172358009e+01,1.286007706262227224e+01
7.400454476793064451e+00,5.966880632162663289e+00
1.855214400641685302e+01,1.472576622595698481e+01
1.079909187520812353e+01,6.708116425309638586e+00
1.007575752558342685e+01,7.854239864723242981e+00
1.402405146044618789e+01,1.317856663319243538e+01
2.888213121096468683e+01,2.418094086983300528e+01
6.800037106419031252e-01,4.239540004034899057e-01
2.693430249088129358e+01,2.146403597022800724e+01
2.631703997093194403e+01,1.252303160607194421e+01
1.753886775726063618e+01,9.593138507595856623e+00
1.041467365931809574e+01,2.876699664255935041e+00
7.880342341832219155e+00,7.653818047150127590e+00
9.383217015536048089e-02,5.626419633776956475e-02
1.888772530392362725e+01,1.906495462290739340e+01
1.810458501585079816e+01,6.945554298173482799e+00
1.546952887805897525e+01,5.651499636617091760e+00
9.678538215165413683e-02,3.519663458585972626e-02
2.516943891763310148e+01,2.186583043076851141e+01
5.012413672784468588e+00,2.359972674551076732e+00
2.104579148217273499e+01,1.181602099372273607e+01
2.729134221989869769e+00,2.571903197876700631e+00
2.091608336034988369e+01,1.895478964907260533e+01
1.301251940021957709e-01,6.969372976880730541e-02
1.860436081967407418e+01,1.153572884940953358e+01
2.698474166870012070e+01,1.815518289144512920e+01
1.154894962555119836e-01,5.679199558235118600e-02
9.577248740850405895e+00,3.286325646165640268e+00
9.316564079237540597e+00,2.517542860895229939e+00
3.319208642163439293e+01,1.581806098445854580e+01
7.678362661797417665e+00,2.829512112921835687e+00
1.743412924785755891e+01,1.196105494109186829e+01
2.619528688827328722e+01,2.145064305847929731e+01
2.641263616755907151e+01,2.271470662026419873e+01
1.371160342297452317e+01,8.692513557247982803e+00
3.087003847776722409e+01,2.173488329069005331e+01
1.352914521838458661e+01,4.042867812159125052e+00
1.898073322919558237e+01,1.305028000397546961e+01
3.078840591217620570e+01,2.022984428679225033e+01
1.502422624034394261e+01,8.165783478298752840e+00
1.176395813013722425e+00,6.811234976262600105e-01
1.062423458703590207e+01,6.327857679481676101e+00
5.102672098454013039e+00,2.469635829909773150e+00
1.646781696942796458e+01,1.587862362630877122e+01
1.220440757300229784e+01,8.942717698330223897e+00
2.755202723617651372e+01,2.000394116873101780e+01
2.867350650619218655e+01,2.553214798327187296e+01
1.255831297701729810e+01,5.197831980285081421e+00
5.304797155693184330e+00,3.027428488315577759e+00
1.895809039032308263e+01,6.175721291814316061e+00
3.068264147055969815e+01,1.393234774145254384e+01
1.486884765117994789e+01,9.558138751040889503e+00
1.082546825414664582e+01,7.032518773034050596e+00
2.395115775807331815e+01,1.268678522944026810e+01
1.217111289495979776e+01,4.595908973244103635e+00
1.778247404308998014e+01,1.028767010824805439e+01
1.422501870788589251e+01,1.113746745294392504e+01
1.994519593036557836e+01,1.257405321029711232e+01
2.355643254159890532e+01,1.259954315678012193e+01
2.714897212390463999e+00,2.156625341508804805e+00
1.975319747412948246e+01,1.436094040072277700e+01
2.273676301735703675e-01,1.507941295040844121e-01
7.913982364730596686e+00,4.835041910495696094e+00
1.125241173055311128e+00,6.210290271372347348e-01
2.079378101613119922e-01,1.769406145653863449e-01
4.848113147440950677e+00,4.007654389187187860e+00
1.135862673613255858e+01,1.129920890174687109e+01
1.527390151047920142e-01,8.471040682854126536e-02
1.698596480290931021e+00,1.011460191731095026e+00
1.183557938983651425e+01,3.661940117246047066e+00
1.814257381901031962e+01,1.380976818887894808e+01
1.574630969573141925e+01,6.465982898899312659e+00
1.723595319176241958e+01,6.142798728789129470e+00
2.178353836409150368e+00,1.946312570885121884e+00
1.661578362294664757e+01,7.551943800992283684e+00
7.477181096314197362e+00,4.132248924354380293e+00
2.199637213321436136e+01,1.204772427671487378e+01
2.120672496973593724e+01,1.211084846245180202e+01
1.445936841562388153e+01,5.344625850144012702e+00
5.629232502565709950e+00,5.066770971936047196e+00
2.368527479649014467e+01,1.240825775343996717e+01
8.328856139627125899e+00,8.622855266910695704e+00
4.563683021129396167e+00,3.322692986497793211e+00
1.085741391467564476e+01,7.146722754724999405e+00
2.247813436112308949e+01,9.248477201831359906e+00
8.706212241410232977e+00,7.315004145244059508e+00
2.238992187568619130e+01,1.185413518271102618e+01
1.079483584511946859e+01,7.339261542413548334e+00
1.628011821027266848e+01,7.273411779841273628e+00
4.406312161815881367e+00,3.292697190098476057e+00
1.725073018994669738e+01,1.094380624149470727e+01
1.472879179073796685e+01,4.871736445529646353e+00
1.788071334441343296e+01,8.642511450043285137e+00
8.540658732466314129e-01,7.178498499834423674e-01
2.441803368548572450e+01,1.551784729500752036e+01
1.070240181416971970e+00,3.458363553441116123e-01
2.078515632883481246e+01,8.570740056199136703e+00
9.297042217953304544e+00,6.850267259071604720e+00
1.535560296168519478e+01,7.846652663063624189e+00
2.135496523701278093e+01,7.334791771896272294e+00
2.470942791112308967e+01,1.848000885431473606e+01
2.411286725387832508e+00,9.469639703948934395e-01
2.087653134554840406e+01,9.708742000956819496e+00
2.714505835686017576e+01,1.231285757017463567e+01
1.816585511511230067e+01,1.242596647473102145e+01
6.554096265984679093e+00,5.615277603732945266e+00
3.070074336356665512e+01,1.294060402218351946e+01
5.159046316625192752e+00,4.742326537459732094e+00
2.671448572753519102e+01,2.221926904776119471e+01
1.721478072914610358e-01,1.424586020875990844e-01
7.701372290254370867e+00,7.803557474557084817e+00
2.371705208404945253e+01,9.414972596651265846e+00
2.730649108009318482e+01,2.381764653666882126e+01
9.608447075925283798e-01,7.615151756641547198e-01
1.855103567029512845e+01,1.168262043853096976e+01
1.481583011604151778e+01,5.862260842222919877e+00
2.059464599997078338e+01,1.123882754800621164e+01
4.326384553189486226e+00,1.761432145333945876e+00
1.654848322469870325e+01,1.351798389213734986e+01
1.027646549953573007e+01,7.889408359276396610e+00
2.043951626711266201e+01,1.939736687236920432e+01
7.618121100018649727e+00,5.401136480454373334e+00
8.716024145956584590e+00,5.866045673835001750e+00
2.890450340464899881e+01,1.260217697104045698e+01
3.064272672699107147e+01,1.478212281397156325e+01
1.614018098103493770e+01,1.139510121821033373e+01
1.270015727053418253e+01,4.112252892007185245e+00
2.400522066347024008e+01,9.155549576472781226e+00
5.411086453627661719e+00,4.981475022165337663e+00
1.693456451204997748e+01,5.123076497199894774e+00
1.278986762854459691e+01,8.847466922053540017e+00
2.813550724458498409e-01,2.523668492284945608e-01
2.119783270659867658e-01,1.488432767977618254e-01
7.936612414435419149e-02,3.527516441660719093e-02
1.226936435905677358e+00,2.925388300772215899e-01
1.603706786413437724e-01,9.498056658471200342e-02
1.280304214908571581e+01,4.324259570929665841e+00
1.783965208389179657e-01,8.190287275859618743e-02
5.982993995512227769e+00,4.178489639593788496e+00
1.803550014671050050e+01,1.763908568171201807e+01
3.373925089558440366e-02,1.169014477448932464e-02
2.458372426774937836e+01,1.064174702529214223e+01
2.460448487278147311e+01,1.919212229581808060e+01
2.280692900522766919e+01,2.292759006431316493e+01
5.222969560562243707e+00,4.783982952828058188e+00
2.418396183743009020e-01,1.563891346629519286e-01
1.245141143388390859e+01,8.069683109597992399e+00
2.519058860766893559e+01,2.038664682218534807e+01
6.642650429418750058e+00,6.808624891522986999e+00
2.158109405278702297e+01,1.101347498925106194e+01
1.964347393072466641e+00,1.791004164522453257e+00
2.270960249186101265e+01,1.932348721816027748e+01
5.171496141065526686e+00,1.737160859008992864e+00
1.129834596589741835e+01,9.978530228144325775e+00
1.733127967588491103e+01,1.427091591823235994e+01
1.009758230822651903e+01,5.254306167148858897e+00
7.407058427979098525e+00,5.411916670609866920e+00
1.148006889400052088e+01,3.589832206270208381e+00
1.223921047062584755e+01,5.754831224507032772e+00
1.544231444473417980e+01,9.151532261824888437e+00
2.373885556463346092e+01,1.961463439153715527e+01
2.532335341571271270e-01,1.463965958216659757e-01
1.573362832577707060e+01,1.404505246815459785e+01
2.811395546124493827e-01,1.428042297833478635e-01
2.011566697268665038e+01,1.042430704356785398e+01
1.240067231994740382e+01,1.060365640658240061e+01
7.654246100548040666e+00,2.698250966570904019e+00
1.918411121209863524e+01,1.018410546466288125e+01
1.576786569043775543e+01,6.150911457888382117e+00
6.146427755302642737e+00,2.750451483968041178e+00
6.211253494227015892e+00,3.031378514010914405e+00
2.620440242575030254e+01,1.174366121867780954e+01
1.014152083041479635e+01,6.122191118495468487e+00
3.233074349595381847e+01,1.517285240062757090e+01
1.250485889275177875e+01,4.396958774865884934e+00
1.788506369502740156e+01,1.506749193348871430e+01
2.408961563442680642e+01,1.268835093908360001e+01
1.551836179943864735e+01,1.274842374038346904e+01
1.739726569731801231e-01,1.299064202169639970e-01
2.722892897166190451e+01,2.259930059678298520e+01
8.310757961904231550e+00,6.866758706029500559e+00
1.738917168898290200e+01,1.310428640975508330e+01
2.521351627411169360e+01,1.460492158465638823e+01
5.930486885694788768e+00,3.975644855127089539e+00
1.600999076822125389e+01,1.722469232748000323e+01
2.139308071097061514e+01,9.149086423282948743e+00
7.849367847765095441e+00,4.024964290207118545e+00
9.347470676923612387e-02,5.712556891496265582e-02
2.933457735108705999e-01,1.568459656700257332e-01
6.818804348796404291e+00,3.952064773569763378e+00
2.538636673675634370e+01,1.651096165410712757e+01
1.292008595229265089e-01,7.613874805186923722e-02
2.088860800932716089e+01,2.036658626706534392e+01
1.856468202290897551e+01,9.418804162740547881e+00
1.215208524337467999e+01,7.026075467464612423e+00
2.051322585728950543e+01,1.670597542834609328e+01
2.329165470054242348e+01,8.564317783287995312e+00
2.014891629260230133e+01,1.065813154585411127e+01
1.102881393315066383e+01,1.208865709882750927e+01
3.322511866492644828e+01,1.614517667702848769e+01
3.100078875712030779e+00,6.407517699616660511e-01
1.475414963461044948e+01,5.266494313539845429e+00
1.902405240644946094e+00,5.652343780071608093e-01
7.807606007795886427e+00,7.805886858227413683e+00
2.515764500961590144e+01,2.069312799750733944e+01
1.597377627811118472e+01,1.136457945313875939e+01
1.314582252715777999e+00,8.940976461336394010e-01
3.982219348806378179e+01,2.428873374957688469e+01
6.491325117722909432e+00,6.286025800739867719e+00
1.163542495337284777e+01,6.006937890785549072e+00
2.230374963906913166e+01,1.582425374812458330e+01
6.369199374207973996e+00,2.760305274416578580e+00
1.714188017976744760e+01,6.603064714771254451e+00
9.902289044714219557e+00,4.206992326572414953e+00
7.759301550025004879e+00,3.621748741859477150e+00
2.620400494447006778e+01,2.165125257872328035e+01
1.835054922103438457e+01,8.455091621865406637e+00
2.206782487083396660e+01,1.033353201290616674e+01
7.846308663139599737e+00,4.556910825106409213e+00
2.637677582080901217e+01,1.884000172469847456e+01
1.380682019439420927e+01,5.817143500110848464e+00
1.538026880286960285e+01,1.113008229180379161e+01
8.702543995483345896e+00,5.719788477310241426e+00
7.355510276887733845e+00,2.348213153916270279e+00
1.620060021105300052e+01,9.432664643195558085e+00
3.967177541557525000e+00,1.913712957284114946e+00
2.360436963420804091e+01,1.237288187357529523e+01
1.551122839147174126e+01,7.302459591313158249e+00
9.967447544102869816e-02,7.477444334772380408e-02
2.536132786153647345e+01,1.698250501609662777e+01
1.772554381263137913e+01,6.303879289063246461e+00
1.867386717828747322e+01,7.037990985232204011e+00
8.224205738176701530e+00,2.731684058081025768e+00
7.029611210771002483e+00,5.277555620456678476e+00
4.330898909078115366e+00,3.780697921728980226e+00
3.215243974420508977e+01,2.178714359935372613e+01
2.780827665482135558e+01,2.636044123784381910e+01
2.233486885090740515e+01,1.029399345808083055e+01
9.163767465304344384e+00,3.589148250878746005e+00
2.436398192271108698e+01,2.525034830098560334e+01
1.752556817832558167e+01,1.283813089096142512e+01
5.908656751891543379e+00,3.176344616664235510e+00
1.568557969783888340e-01,7.073857917289523567e-02
1.949290437439849910e+01,7.404022470833830916e+00
9.661967317445640191e+00,8.395384284279748144e+00
2.919247471444594311e+01,2.522239806261319828e+01
7.295365315129876294e+00,4.852848686057710914e+00
1.319521013186995273e-01,1.024903095629618593e-01
6.619760217781911482e-01,3.970813685422363015e-01
4.337315091216583651e-01,2.283257395019177571e-01
1.805805633654882669e+00,1.160388890707313436e+00
1.953433064840340849e-01,1.270773246749289376e-01
1.700657356872084591e+01,7.795214075516018859e+00
4.158691359993555636e+01,2.405318344481283788e+01
4.890036705247754689e+00,2.588734771250078559e+00
1.935947060889237903e-01,1.293774999716675311e-01
2.036588452910787694e+01,1.440730991485644452e+01
5.383360170802761857e+00,3.717373449931719254e+00
1.713618559135279895e+01,1.716032029747269050e+01
1.732630144192838983e+01,5.467361842588512211e+00
1.469437615067681158e+01,4.646843283276086645e+00
9.069283214992436282e-01,5.597016011162698756e-01
5.524357808383481228e+00,3.668334272573109622e+00
1.255582901773262527e+01,1.093727268979261069e+01
2.680191964460770038e+01,1.116156243350674515e+01
6.292575922746218575e-01,4.038587669325097718e-01
2.539037946289192327e+00,1.329449574656516475e+00
1.473642389694351529e+01,5.067628301108705102e+00
1.560283330112850386e+01,7.663038738773975567e+00
8.002145690315146664e-01,4.792428778690654978e-01
2.916624250732330026e+01,2.093661354083670290e+01
6.211905326780543746e+00,4.306430155835744955e+00
8.804339828071629626e+00,2.210299887602892532e+00
2.199206977019872156e+01,1.749440963054816578e+01
1.739488811282092584e+01,9.727354017178367229e+00
3.388857308363707688e+01,1.625342248170811033e+01
7.018567700762365913e-01,2.537427362679081089e-01
1.068825404082479125e+01,3.234929766537616214e+00
2.378178734629577917e+01,1.350664898036603212e+01
1.432839051647584050e+01,6.419983448359270817e+00
2.537379869186071701e+01,2.300212110458074832e+01
1.666534812674475674e+01,1.164851660123170518e+01
5.480806567883423241e+00,3.647730543526427560e+00
1.277004933109027007e+01,1.270222237886333438e+01
1.952063777467222538e-01,1.113235582399132728e-01
4.777902082041042275e-01,3.956069383451804589e-01
1.363783327445284321e+01,1.335680967902695748e+01
1.403572158152420357e+01,6.212973672269566094e+00
1.735279427144764952e+01,1.387831797967022673e+01
1.873936249823620415e+01,7.295152746541630151e+00
1.194970938036854058e+01,3.981010289371758493e+00
2.023746030823788955e-01,1.188447227269006645e-01
3.062085089571904728e+00,2.382626751828692768e+00
1.972275814379856052e-01,1.059020608465826851e-01
1.314722382801070122e+00,1.230625962863729717e+00
2.635665573175221255e+01,2.252034122427102147e+01
7.324085176248244622e+00,7.351707733081314089e+00
2.049145152111287160e+01,1.637311557194589540e+01
1.734265060089155985e-01,1.378362257997317319e-01
1.750147100495168528e-01,1.353439305421184902e-01
2.895219551344436582e+01,2.195716103068055958e+01
1.468609977234811570e-01,1.112616813804340465e-01
7.131567099683939759e+00,5.563051130744649519e+00
7.273223281879849011e+00,4.016605823052024959e+00
2.647324461309662880e+01,2.583555656387148503e+01
2.678500846345052722e+01,2.175296209153561477e+01
3.889179144911311781e+00,9.532811700994600068e-01
1.307172111938307246e+01,5.099469814372257659e+00
1.173517973338858589e+01,1.166308673480516056e+01
8.150054177526165899e-01,5.266194618174848685e-01
4.331623571637196690e+00,2.079581037523277942e+00
6.880448848010545237e-01,4.552947251947971896e-01
8.508506885570285561e-02,5.722763399571217241e-02
1.525872974953453642e+01,7.497148165345052462e+00
1.032064662493020896e-01,6.110322802733952896e-02
7.846049456875551442e+00,6.297004896685542974e+00
2.260071178571176986e+01,1.066022696863236163e+01
6.127108315222562496e+00,3.510998275179402217e+00
2.553248510384135983e+01,2.037925684943807525e+01
2.682631506384576170e+01,1.333834220962550887e+01
7.445202116803688597e+00,5.666446136327589755e+00
1.729203014965515484e-01,1.096448242841006337e-01
2.294021955990340089e+01,1.484408349380848868e+01
3.148722338605843163e+01,2.155997540007779634e+01
3.030878658384740909e+00,2.045803820717410293e+00
2.336950819171589799e+01,2.037455220686573654e+01
9.283397552602451697e+00,9.853191527775868153e+00
3.842584200587300547e+00,8.891457688416408711e-01
2.747927018372589458e+01,2.608078532040627451e+01
5.299239785148543547e+00,4.099934534990789636e+00
3.508008246029340427e+01,1.700805541679897104e+01
6.600804152121672708e+00,2.671448884773285570e+00
7.936142466113130567e+00,4.636502408960851973e+00
6.612266940725695541e+00,2.241170773423454499e+00
5.285714161628957797e+00,4.633248049239077737e+00
1.642974131206662136e+01,6.138881439734164225e+00
1.281034400724209199e+01,4.600369896467645603e+00
2.390191289122437013e+01,1.163506539719429611e+01
1.732928725988772101e+01,6.664368229492125373e+00
6.891827396035434816e-01,4.435725520871523497e-01
4.774917235235558444e+00,3.884993854277945857e+00
1.172924006804279135e-01,6.074648209670727161e-02
1.910395057416030440e+00,9.544209120203228647e-01
8.014327054234406944e+00,7.051116106618135149e+00
5.782224550229320137e-01,6.416565281999143666e-01
1.912850740156198270e+00,1.751957256350621162e+00
2.826927472713821032e+01,2.490313264451534181e+01
2.181308583280481828e-01,1.444794619861801688e-01
2.122836414447249465e-01,1.245844550020721586e-01
5.147107351887719062e+00,4.946272384012654122e+00
4.737944551713156871e-01,2.511657815668707494e-01
3.298251278566902300e+01,1.689065204100093354e+01
4.054849418405174788e+01,2.391289566795544275e+01
2.507337091008697882e+01,2.292606604403719217e+01
2.226257060946312549e+01,1.618156195357597227e+01
2.038403449267683909e-01,1.419377673514838345e-01
5.797524871926658996e+00,5.245787090873450076e+00
1.966230628030253769e+01,1.623618183368087742e+01
2.208840203292932736e-01,1.286647590154538501e-01
3.069640504921913315e+00,7.250589232597814959e-01
3.204211754437625359e+01,1.521722991889883403e+01
9.814187312246453132e+00,8.135122973348360986e+00
6.229798727587997575e+00,5.213010575374995348e+00
9.392346117048054666e+00,8.555781873633115708e+00
4.683252380757203071e+00,3.802708256300931566e+00
2.053552606875026498e+00,1.707516564654702362e+00
1.435829571405643212e-01,9.647186698251741799e-02
7.747625220265679680e+00,4.971110997025537159e+00
7.203086170621753936e+00,6.275896618474839705e+00
1.849506547311032634e+01,1.493674208628348943e+01
1.738391941149151299e+00,1.560456442402295751e+00
2.960765316260435265e-01,1.984579062045210007e-01
1.287321661851478005e+01,3.901936748429786661e+00
3.094660635371965784e-01,1.743472435047409563e-01
6.004612310208736758e+00,3.455525267907010534e+00
6.054660121773165038e+00,3.910614316215274666e+00
1.085969422278285856e+00,4.489674485481284227e-01
2.317621918972140094e+01,1.447242019617568154e+01
2.731616388447787358e+01,2.117519242880546315e+01
2.623366470778538329e+01,1.947328493908032954e+01
2.393599656477213244e+01,1.716459383940256700e+01
1.679504448494285995e+01,1.629565784652472260e+01
1.938245508169433151e+01,8.329306593015330051e+00
1.626807960896677230e+01,7.648333291687427149e+00
7.473643678370896382e+00,7.261349091690854074e+00
1.024148487697279641e+01,3.870718914175742764e+00
2.038418001643043098e-01,1.288149338865275662e-01
9.879916307341039428e+00,2.463050348682477519e+00
2.490679411882346983e+01,1.785065396027998119e+01
1.940611542781977894e+00,1.093838715042513066e+00
1.359819703705710481e+01,4.844036686576141726e+00
1.199955485867448601e+01,5.873204041560440736e+00
2.641906971819228400e-01,1.749943761571975398e-01
5.025855522988385005e+00,3.991087444786263649e+00
1.380176534239846653e+01,1.262661452389302852e+01
1.397771485468413954e-01,8.885660613946992636e-02
1.379779963866245751e+01,8.547697919708644676e+00
1.262283925462883150e-01,7.365939644811854425e-02
2.833111966577055996e-01,1.156805436689271188e-01
2.953892860025572986e+01,2.532054307527269899e+01
1.395262989060976722e+01,4.628472423643883893e+00
1.207756506364726645e-01,6.785965245906672161e-02
9.244002162525546851e+00,3.045011411198049522e+00
1.746531058069297204e-01,1.329679841769255133e-01
2.450541051044972818e+01,1.688243286487435313e+01
1.975273614801942657e+01,1.126802838883703650e+01
2.674696069082056926e+00,2.547858078169208174e+00
4.488784165788823444e+00,2.443615622795736186e+00
3.468635906705498151e+00,1.389805110963941104e+00
8.373608170171605636e+00,8.706968973378458543e+00
1.188128896627976516e+01,3.833542139321678199e+00
2.322113368086602136e+01,8.858714952606799642e+00
1.395423637269531980e+01,1.271846368642397174e+01
5.072512963109939932e+00,4.972333069440462161e+00
1.145220099932116220e+01,8.065443195862405545e+00
2.258077099934263998e+01,9.424458137196852547e+00
1.268368384179776065e+01,8.830114472146567195e+00
6.241255814604698138e-01,2.794708638146689572e-01
2.334547866984388165e+01,1.065133283538377640e+01
9.286115688264454104e-02,7.238055920747357708e-02
8.526526106547688277e-02,6.242824963211694722e-02
1.315277210253592877e+01,3.687581809226229801e+00
1.371736833609122108e+01,7.554664181893727459e+00
4.932927238981172913e+00,2.054592999829539135e+00
2.235760320144499858e+01,1.475354631189516574e+01
5.088163048228198232e-02,3.771490705531321819e-02
2.901267347435263932e+00,1.105317298144493421e+00
2.315213934048588840e+01,1.447493770754587850e+01
9.790971882367939472e+00,3.117526020402104692e+00
7.003501723378538379e+00,2.684322813817898723e+00
1.389581588547961211e-01,9.852203520029720329e-02
1.826174700698106612e+00,1.091704739337744812e+00
1.729445928347047301e-01,1.286887219706955854e-01
2.715682723898854789e+01,1.963227145463476830e+01
2.579659404049775517e+01,1.703201540342039877e+01
4.427726812155393654e-01,2.177347197796718203e-01
7.908305823553663849e+00,3.502377256639961800e+00
2.380556672483383451e+01,1.288055445092337692e+01
8.470708705581598608e+00,5.696807472224055147e+00
2.589299222422491997e-01,1.953063579840291220e-01
2.503801072627721425e+01,1.971547021720350301e+01
1.543131328024207605e+01,1.073417854046107855e+01
2.462660934285693415e+01,1.840310922014089101e+01
8.761019529113184490e+00,9.360472857648881373e+00
5.862109653501032192e+00,4.766317242412604571e+00
1.456926063299761376e+00,9.624435935270240217e-01
2.059604894094071526e+01,8.194434078694023071e+00
1.094034700029509199e+00,7.996797405716188356e-01
9.341326391338524715e-01,5.347361829070532702e-01
8.769924677642599420e+00,4.742792255298832416e+00
9.963096647063829359e-01,2.150980000476263310e-01
2.379201816574290262e+01,1.191948655729444972e+01
1.306262749124786815e+01,4.742933854891189682e+00
3.354516100290848346e+00,1.662996294817656207e+00
1.222960797060934368e+01,8.618862152958596923e+00
1.741720116478135338e+01,8.161560875310678753e+00
2.256415969985670511e+00,1.618283178016807433e+00
2.949349260568792985e+01,1.343605072684638735e+01
2.094066777837945637e+01,7.796384805649347882e+00
8.979173938488173023e-01,3.409483278272215090e-01
5.150691254022164989e-01,2.680312934805598735e-01
2.752442132683187737e+01,1.769092615815751302e+01
6.502205868535044786e+00,3.538042286978237971e+00
2.020442610661950766e+01,1.543987690838585713e+01
2.534507512365477311e+01,1.502518664304872331e+01
1.392291509259819371e+01,4.149551278348527994e+00
5.888442374688500625e-01,3.313038991472961881e-01
2.365704104981585232e+00,2.150061158500666814e+00
6.264679908498010930e-01,3.981770178273741356e-01
2.288145299955753664e+00,1.143683675117856069e+00
7.370798737800363654e+00,2.395007280587190035e+00
1.367671118704370592e+01,8.727089129375720233e+00
1.030794023737691412e-01,3.917914343566219343e-02
2.327847846880348737e-01,1.282861044683631380e-01
1.042423659645208112e+01,6.899206807569055577e+00
1.612987450084303331e-01,9.745630490914981847e-02
2.167253876909754240e+01,1.105929869521748721e+01
2.356041460717357428e+00,1.127090319011936348e+00
7.452814716382962779e+00,7.427201460021142232e+00
8.936148336050878882e+00,8.480450392184714303e+00
1.176706555862535097e+01,5.286298968928980102e+00
7.542325190470141827e+00,5.821284297400656449e+00
3.533886986400880836e+00,1.423378148046243075e+00
9.390566022974377702e+00,5.427848636257713189e+00
1.473441905914808459e+01,8.922403992026284314e+00
4.131901323499710399e-01,2.970784171261916518e-01
5.117915397265348609e+00,2.030406827515359947e+00
4.825982514871602347e-01,3.164370399309490711e-01
5.940346252213682732e+00,4.291659618241977725e+00
1.515492743634868766e+01,8.336101973252439734e+00
2.255272409840915415e+01,1.010252761050647052e+01
8.817510763417935493e+00,8.536357532081650490e+00
1.495154448327541985e+01,8.726648969714577930e+00
1.079456953647111916e+01,4.252234458609795098e+00
1.878823074559484718e-01,1.344218286474946622e-01
4.850995837618437889e+00,1.564994011260218532e+00
1.679420596313193315e+01,1.397359326816480873e+01
3.163738143625337429e+01,1.405465943781482530e+01
1.879452802318950511e+00,7.856431174266478301e-01
1.774651583481998429e+01,6.371732399094308441e+00
1.860425185981967044e-01,1.279586698261712119e-01
2.295737191077571282e+01,1.287877860877353697e+01
1.953202760666021121e+01,1.683609827872215803e+01
1.864222082287846360e-01,1.230111677355773120e-01
1.587338170581743313e+01,4.971239153550799372e+00
3.684578554933735095e+00,1.241543254815919317e+00
1.916162010019097650e+01,7.537947608656361709e+00
7.570122181205261924e+00,7.781089671453226053e+00
2.214034293003572240e-01,1.399639493808325641e-01
1.574469613320533812e-01,7.109037275404898881e-02
9.047302484508383813e+00,5.396895240559778983e+00
2.092219819705122319e+01,1.489399529479359074e+01
4.190632883732362757e+00,2.337556934750903981e+00
3.624901667294489016e+01,1.906712667243264292e+01
2.420978872524020886e+01,8.865010734758199007e+00
1.713346861539956834e+01,7.654042672591473639e+00
2.383269403523500429e+01,1.560410947432343320e+01
1.032518122855774223e+01,6.377597440844633425e+00
1.436831378241813972e+01,9.671644143883312950e+00
1.252621016807592724e+01,4.699893779460139420e+00
2.623581586992838055e+01,1.241643192722772149e+01
2.631142464041036533e+01,1.005273901235771916e+01
2.679680966781085516e+01,2.204180893003811192e+01
9.985789862780746207e-01,6.985675040159359250e-01
8.521641934238420590e-02,6.871502516212368850e-02
7.941113828427066146e+00,4.549530136814412096e+00
3.069530715367436713e+01,1.463530704409430072e+01
3.551256527777005090e+01,1.756443510216312731e+01
1.115120480813352977e+01,1.212109970740871567e+01
1.491810128069516850e+00,6.096253332271146519e-01
2.534225831318133970e+01,1.206826411805278632e+01
1.375160854089097917e+01,6.679739419783131460e+00
6.936998800339901905e-01,4.114487328387242959e-01
2.368421158551488048e+01,2.080312667643061175e+01
1.084034515021526923e-01,6.277872452395032166e-02
1.043694119119762753e+01,8.241001578872291233e+00
8.468334392403813193e-02,4.508651905709799845e-02
5.468099637725309492e+00,4.381250357737838996e+00
2.702316888382429738e+01,1.420550291699190204e+01
2.694366065105563202e+00,2.045779686369617600e+00
4.853153790723710337e+00,3.473161799215238155e+00
2.346633485642837158e+01,1.270934950143176323e+01
1.787469321231490160e-01,1.460651690890054366e-01
1.598689903521809441e+01,8.576613163303756338e+00
1.174796948607962799e+00,8.151594369524178818e-01
1.533135073743338239e+01,9.034831118078500367e+00
1.002460191925517030e+01,5.807176356176291243e+00
1.699101695892092678e+01,6.256188781744599581e+00
1.776607680624540464e+01,9.474379900621896056e+00
1.804736731367237823e+01,9.309841337723021581e+00
9.436719755546645771e+00,6.480282755565094810e+00
6.501203029128154398e+00,5.651198627258642304e+00
1.288222313212334103e-01,6.216140270712814525e-02
2.314258495067351262e+01,1.738858461549580170e+01
1.231593215277963971e+01,1.181030292195119102e+01
1.028812330886786164e+01,7.208785729347350291e+00
3.182396508022772075e+00,2.115389134305239782e+00
1.045742299224965954e+01,3.750838996013875715e+00
5.847024443047481590e+00,1.493365061946972938e+00
8.634364769612094814e-02,5.364695829683513439e-02
2.325162068910350044e+01,1.074349081790035676e+01
1.006254396281965491e+01,8.180958097726822587e+00
2.056036756195421233e+01,1.326648419265003831e+01
3.074514284492772198e+00,2.906395688438823566e+00
1.458796518498753869e+01,8.402323934518562965e+00
1.468870219833863722e+01,5.131605637220971516e+00
1.220341259968020076e+01,3.411469674903351734e+00
8.806515354461115663e+00,9.072696461856638805e+00
6.830813033506254683e+00,3.239425614598554493e+00
1.197153803348400380e+01,8.756434182380278486e+00
1.292678305072877398e+00,7.640112665887144328e-01
1.767865668440759919e+01,9.859574685896275170e+00
1.221795199119522835e+01,3.532587592289219369e+00
1.764816839705214235e+01,6.042675953429530011e+00
2.443411200390446325e+01,1.794984589751500792e+01
1.761335723686332244e+01,7.871730126253503990e+00
1.187853951959076682e+01,5.241778915079082779e+00
6.453433023560441129e+00,4.691488619688474415e+00
5.067543745251487097e-01,2.427005813500663078e-01
5.701795022960248760e-01,3.248545040873898060e-01
2.592290246177951829e+01,1.541767099937425201e+01
7.327885532546702052e+00,6.912531279922312422e+00
2.125738032739981520e+01,7.629438961912547335e+00
1.982699440649137723e-01,1.252239778955582250e-01
2.926764037536719343e+01,1.909143971819672814e+01
2.318521560130579928e+01,1.414299410137985191e+01
6.037205480180282358e+00,2.838029158166323285e+00
1.490891919376738350e+01,9.673054281295000223e+00
1.405716843285049400e+01,7.820793691196828767e+00
2.300155649467730257e+01,2.252365044466461086e+01
3.061673841685115693e+00,1.527077955764491346e+00
1.667186151307864606e+01,1.494925226521807460e+01
8.000567177307138067e+00,3.488659801588496645e+00
1.829620597925292413e+00,1.256623288738472288e+00
2.714756226583734944e-01,1.885939974760781068e-01
3.863271596716567835e+00,2.168690085562953396e+00
1.948880244107113580e+00,6.035776387128479747e-01
5.081775263238724527e+00,4.068873364279457228e+00
3.068489235332969400e+01,1.446537530287104723e+01
2.027350350166962656e+01,8.777437269057905667e+00
2.774909498035814082e+01,2.507463857169069854e+01
6.195519753772636307e+00,5.568391282567404232e+00
2.685833943076733732e+01,2.222748345212343679e+01
1.319666154504255751e+01,3.686127230141120314e+00
2.071800871914111664e+00,1.266762938773011937e+00
2.496307146296483381e+01,1.539338315516578781e+01
3.555718688795470150e+00,2.943239813357343415e+00
2.850265464813061911e+01,1.394390719745487139e+01
1.706569774822815355e-01,1.011453882786035735e-01
4.566422507937843017e-02,2.756704851711071214e-02
1.143244190421783379e+01,8.041822652624606604e+00
6.365566709909685983e+00,6.168830521472336237e+00
6.201573049386023051e+00,2.930949296865968723e+00
1.120572513751978150e+01,1.068678665074623879e+01
2.169866987040565220e+01,1.545760510390671882e+01
2.095208977138672546e-01,1.192345293526210076e-01
1.671552096969668355e+01,5.915631157255110573e+00
1.533345222196494007e+01,5.011843743048228106e+00
7.859585261539883128e-01,6.462970474872353766e-01
3.118698769053474962e+01,2.058983836541331769e+01
1.336219691741655780e-01,8.667693542538297546e-02
2.836621136395495735e-01,1.594121316688131007e-01
5.388475913050408961e-01,2.918423968831174720e-01
7.676938935502676031e+00,4.204022333042325421e+00
8.046570692828522553e+00,4.560081579349104963e+00
1.851690190429735594e-01,8.564803212038929470e-02
2.742827014037828803e+01,2.128371068539370725e+01
6.664341731484325848e+00,6.266840797710908184e+00
1.402734627808323586e-01,8.021595455239143024e-02
1.677122845559499975e-01,1.293469013088128228e-01
5.197783881596682032e-02,3.767325520982196807e-02
1.150242441457934417e+00,3.372885257604296694e-01
2.111146202020867690e+01,1.654245287723153268e+01
1.070094239955711934e+01,1.060950229983173898e+01
2.909671031089594351e+01,2.477310461470893443e+01
1.239026322264835001e+00,5.909931851132854685e-01
1.345811829905832546e+01,7.588020732835776272e+00
1.766763717915403320e-01,1.444802998254415549e-01
1.604603122501358925e+01,1.612399283793326532e+01
9.060469055604667421e-01,4.832613032353266225e-01
1.168032084556638495e+01,1.102668641599226973e+01
2.734002175564769388e+01,2.372030141573453932e+01
1.222550422216371890e+00,5.877996729890835326e-01
4.023548426873440498e+00,3.195034900854467619e+00
1.542686572282574997e-01,6.994794555002666059e-02
4.567054670201505573e+00,2.233300994133149864e+00
5.249570635386224815e+00,4.581881520255253193e+00
1.813813700409582452e+01,1.072805910448324163e+01
2.968091033157902903e+00,1.472299277172930854e+00
9.401041153161934005e+00,3.393738194921096074e+00
4.948301156820497648e-02,2.032335508121015794e-02
1.226674746584885334e+01,1.015689907824691041e+01
1.438795418439719676e+01,1.543391917023002335e+01
8.410266046951984098e-01,4.234717441524751269e-01
1.770917068056230903e+01,1.188463457661415745e+01
1.529892905416325721e+00,8.233223917365130040e-01
1.733758196509928240e+01,1.142336731574324560e+01
1.415113312376609311e+00,1.242544642140031019e+00
3.074878716158492065e+00,1.554348828836164875e+00
5.889842664179523624e+00,2.840154441657360529e+00
2.765372857007678320e+01,1.790769239821047165e+01
1.539215330288157801e+01,4.379349442918018198e+00
2.615784951195584895e+01,2.145849483397425317e+01
8.960373844916155406e+00,5.704607806658061442e+00
1.134233482233387935e+00,7.183335454929414832e-01
3.973211133857129651e-01,2.575705124306008620e-01
9.743299692934513700e+00,6.905337473280679816e+00
2.968115908925797086e+01,2.007032477640659351e+01
2.696241652907232833e+01,1.243570477992548362e+01
4.417862560990615250e+00,3.496000538916531397e+00
2.491807260077512254e+01,1.198218471243376726e+01
1.454103322714839130e+01,9.012318021295151027e+00
2.736635181302670006e+01,2.472174303184626254e+01
9.530398796261925654e+00,2.622450022112471579e+00
2.116926548400660835e+01,2.199363021521472206e+01
2.680565099898373216e-01,1.487629616299635249e-01
6.796687496432337383e+00,5.778929950175459851e+00
6.233452409241936332e-01,3.313274121377805526e-01
7.087501842263198348e+00,6.880357535199735253e+00
1.008815717464366202e+01,8.181153325028002854e+00
1.053181232777847320e+01,2.887149606952860381e+00
2.489379370547593950e+01,2.110245826621346055e+01
2.307496719420336362e+01,1.968085875284904773e+01
2.406347875414751769e+01,1.418146864693154185e+01
1.184595598981351028e+00,8.283025521210718445e-01
8.670185160585101025e-01,5.381181637335548107e-01
1.161963035120329391e+00,6.332669369282993843e-01
6.489476126228136188e+00,6.524157232921594662e+00
3.968125413882572228e-01,1.607302194132241568e-01
1.195203837027669636e+01,3.758152281261693872e+00
2.835569261913480332e+01,1.792699422903076112e+01
7.415167234184404599e+00,2.404407945319622986e+00
1.916638697611988462e+01,8.240099127254275402e+00
1.847659883285403382e+01,1.362994817966306549e+01
7.765745759758878819e+00,6.672673278884834858e+00
1.491387984897635466e+00,1.197397018095097243e+00
1.190969297291281848e+01,7.774728770654359522e+00
7.954921705077758531e+00,6.178679322083861614e+00
2.430955100286358928e+01,1.335827400163648093e+01
2.638961005128065640e+00,1.345952764053101713e+00
4.652222116795264206e+00,3.146639878166002990e+00
1.968437930885199805e+01,9.658359195890982463e+00
1.065167344927465543e+01,9.954802730379642028e+00
6.145003685603693810e+00,1.543295762755432454e+00
1.330131286739006669e+01,1.236038362058265427e+01
1.078476387512506030e+01,3.851857223674005848e+00
1.794323789329195051e+01,1.194791597490482538e+01
1.529474951467975630e-01,1.122728347879564520e-01
4.716000134984235648e-01,1.502454492682443188e-01
1.141833115893418160e+01,8.065703972662133125e+00
2.944580398538647970e+01,1.312654359475394017e+01
1.139323401514394263e+01,1.076516992781226278e+01
1.292097812793028933e+00,4.770836322237222427e-01
7.744851537238793826e-01,3.182460449816430503e-01
2.464062738699456290e+01,1.462947568544829835e+01
5.029684565769528826e-01,3.005496138113006865e-01
1.966609538956814163e+01,1.279384798616767505e+01
2.006375095779518780e+00,1.735368240892364078e+00
1.452698369573956327e+01,7.222035911793142304e+00
2.617957848193488424e+00,2.217158724501002265e+00
4.526897547297411006e-01,2.531203488242703137e-01
1.226124274361363575e+01,3.898122858573496607e+00
4.995599195484236255e+00,3.022731825580990517e+00
2.559530794335419746e+00,2.423065202851877320e+00
1.109332450946790516e+01,7.124777961440853957e+00
8.774536084974435823e+00,7.203952215310336804e+00
1.727182777036719852e-01,1.139628134462706971e-01
2.467674436035280294e+01,1.519371563591533025e+01
4.044321367838190184e+00,3.222330070459041185e+00
3.268900918376028475e+00,2.906456323772547368e+00
1.938992116549026434e+01,1.030385052178157324e+01
2.482432099351405341e+01,1.031399049375160715e+01
2.458828425098994463e-01,1.753102937784484228e-01
2.894632580791849463e+01,2.658551954971984799e+01
2.144957602117726481e+01,1.977506920021455272e+01
9.349728492349131059e+00,5.613305505823786845e+00
2.149229702533828501e+01,1.708047656713935325e+01
1.034833630425434237e+01,8.508920544368219652e+00
6.174768107474969625e+00,5.740657283711687597e+00
2.343496889304601183e+01,8.914642749844690073e+00
4.754945861895659931e+00,2.349544749720738679e+00
8.408853513192559248e+00,8.616729946550801600e+00
9.607308313782207676e-02,3.919839294481338582e-02
1.518135820232570654e-01,7.871660023601231848e-02
4.008964323850001676e+01,2.179720411253763857e+01
5.260179983130933934e+00,2.596239378640523121e+00
8.505811340151996081e-02,3.565284403424828774e-02
5.329832908837112804e+00,1.314102406392061884e+00
1.214070179910585701e+01,1.213336133638376246e+01
1.673095480493063647e+01,1.891955861675430484e+01
1.366815187161918077e+00,7.395239629921102065e-01
1.841621647540911122e-01,1.379141496073988671e-01
1.239563475519329105e-01,6.416942482329242303e-02
2.584089210624851063e+01,2.576130909878536102e+01
1.612889384297617568e+01,5.980207041538339041e+00
1.560125281175162248e+00,6.376390571829413378e-01
2.457451623705941657e+01,1.411428791642959446e+01
9.302415511358720579e+00,5.010380383043287367e+00
1.078359157592455908e+01,8.840471450403308395e+00
2.762649226557972426e+01,2.653487040450884749e+01
3.687720807235745468e+00,2.067020938456136214e+00
3.099413610453596757e+00,2.939081065642048962e+00
1.279372683137985156e+01,1.074150920678440713e+01
1.859818550268404636e+01,9.081548038345250262e+00
2.169218219210365461e+01,1.712141530446664817e+01
1.365099818220427141e-01,7.159437208426819299e-02
8.058700587896138856e+00,6.860386616671757309e+00
2.648399390262872544e+01,2.050594103356382192e+01
1.393405669395443858e-01,7.462366516774127101e-02
2.677195177910789070e+01,2.201089610323686685e+01
8.210184601425732254e+00,8.404637748398769759e+00
1.446504331672838761e-01,1.063229976436318308e-01
2.606411128813572731e+01,1.775737824123783781e+01
1.032912788848201702e+00,4.283896373090064769e-01
1.333744759024923399e+00,7.509560990592853980e-01
1.424463340373601206e+01,4.213604577972711596e+00
4.195550699501487735e+00,3.245912421454312469e+00
9.092130758340401187e+00,4.322833438999788669e+00
3.663310990835528003e+01,1.851943067201555948e+01
2.217270494128640745e+00,2.056258079964083940e+00
5.587747464047313706e+00,1.479654030338154680e+00
2.645806222800490559e+01,2.026407023125671003e+01
2.689049259935873337e+01,2.359811899791611367e+01
7.470174348901547079e-01,4.688071385792853540e-01
2.010050665879603926e+01,9.214839970055432872e+00
1.963619871995933297e-01,1.152946646031471067e-01
1.755710943127705193e+01,9.955412082937638019e+00
2.307440229707910007e+01,1.095120557570159470e+01
2.088919144455819321e+01,1.121149609201453323e+01
1.998623604121915776e+01,1.538090844067029117e+01
7.167443985839732079e-01,6.163617377373922235e-01
3.052940975834362192e+01,2.023093249950861860e+01
1.833809856376837644e+01,1.110561735670545680e+01
6.624005369872897120e+00,5.521997031566162839e+00
1.174848942181327871e+01,1.083739096699669346e+01
3.971020308438360402e+00,3.297962494657498578e+00
6.961524102154330151e+00,4.539616960687817837e+00
6.663222599236865440e-01,3.524558536054228641e-01
3.624974364645817815e+01,1.731300143484147469e+01
7.202298811594452843e+00,7.399332032788330515e+00
5.207353048532794126e+00,3.822281751989000664e+00
6.770405324903976840e+00,6.675506929511749732e+00
1.375557717083478959e+00,1.060796257124081876e+00
2.636650454215117989e+01,1.544866987210094500e+01
1.946706815126669099e+01,1.883114968518668775e+01
1.559482765025777873e+01,7.527075924309646560e+00
1.137094890600568675e+01,5.277216590602482604e+00
1.590423861770644820e-01,1.245509463098343622e-01
4.073980242091691517e-01,1.786959352495187114e-01
8.593104846103779337e+00,3.367838865967149431e+00
4.129005212227077060e-01,2.207640971153490284e-01
8.197234041055887488e+00,2.204752695036232168e+00
1.360161150564786325e+01,7.835260756471443599e+00
8.873015492292812834e-02,7.952906152685024210e-02
2.658953241203201401e+01,1.028124126646632419e+01
1.563979319091577613e+00,1.300280981318602702e+00
1.516944709566735994e-01,8.021626717227416103e-02
2.745523570442450279e+01,1.355702473951858877e+01
2.653247060912380206e+01,2.134386634828523555e+01
1.528798586086446420e-01,1.384570330997490495e-01
4.233391533673774632e+00,3.110578327127313525e+00
3.697177025402078043e-01,1.686944261549089275e-01
1.738489791201933254e+00,8.238445155430920153e-01
4.992618932720402358e-02,3.602210197766188282e-02
3.474708175799388954e+00,2.422908411513024163e+00
2.285323420323186738e+01,1.677689408105700153e+01
2.084951050557563246e+00,1.061591988545453669e+00
3.591322075119452339e+00,1.436108475539444873e+00
3.006106302507515426e+00,1.197348442386498402e+00
9.924945455239782888e+00,5.125355458197258685e+00
1.758198969362807418e+01,1.860833036475390045e+01
5.560008663651327510e+00,4.373992987448627190e+00
1.006064615766142900e+01,8.343323969387013150e+00
1.329019481522746293e-01,7.053458770655662846e-02
3.133128958447236823e+00,2.670464064014714367e+00
3.297655245824633141e+01,1.497893544593505766e+01
2.611667939690942131e+00,2.145118226174012488e+00
1.199142133882034855e+01,4.282806757900647909e+00
2.558833320029404845e+01,1.726077398868112311e+01
1.797086629442973660e+01,1.129372973473744324e+01
6.258697891139861191e+00,4.930910543816107605e+00
1.665834863927648513e-01,9.124554906075475758e-02
7.158248940750294942e+00,6.639118733603574185e+00
4.822388972899434911e+00,4.096146745425286895e+00
1.706907978931735681e-01,9.479772281834701608e-02
8.631546955734398230e-01,5.392922159744266697e-01
2.412471351510324524e+01,1.068012562589659709e+01
1.190115871127327279e-01,6.762652754646239495e-02
4.526932123912160044e+00,3.804556182782877549e+00
1.853435078108732625e+01,1.146028883139605625e+01
3.859747109134020082e+00,1.520998312535903230e+00
2.317456905720343485e+01,8.665608883529388962e+00
5.075708559081255622e+00,3.024433681533555962e+00
1.780651532908440871e+01,1.102570388103110943e+01
3.518074403159799912e-01,2.020108688567270883e-01
2.041006621324503723e+00,8.844848664398077265e-01
1.062414099788256294e+01,1.157733156677328523e+01
2.086053038869712140e+01,1.632456115986706280e+01
4.837981769726837911e+00,3.713746147895363059e+00
4.021273265874685165e+01,2.339776196719684620e+01
4.184076028619053034e+00,2.777062350106490385e+00
3.221870762711051839e+01,1.377834024955782688e+01
1.395363111460813599e+01,1.094811896549657071e+01
6.411512826033887613e+00,5.497120199261837925e+00
5.749729151022641149e-01,3.366352044457003867e-01
6.066323772679370840e+00,5.914549241918363620e+00
2.225403022693664568e+01,1.213885748106522477e+01
7.163446173045906029e+00,3.179058101652781687e+00
3.704624221084831692e+00,1.278299897520079886e+00
7.913083375180746337e+00,6.327719515224256241e+00
5.563309367779505799e+00,5.538564405941655444e+00
9.508560827952724503e-01,3.908051628826770818e-01
2.203591199563560465e+01,9.744177033952222899e+00
2.407587135300290626e+01,1.404272683313146963e+01
2.376797767068461198e+01,1.949872687014978823e+01
8.764698478958727890e+00,7.628876347120224999e+00
1.528165843481756214e+00,7.452295456791696582e-01
7.075362326011174208e-01,4.528640607390167494e-01
2.680522455870877607e+01,2.322284723390075456e+01
3.968794113536796786e+00,1.969263201028756072e+00
1.880446061857901641e-01,1.181429672348669885e-01
1.104094326992749586e+01,2.681559392584420554e+00
1.292061024413723480e+01,1.263699982826742918e+01
2.632929910386623362e+01,1.068431978506382940e+01
1.459521213314044985e+01,9.981886976599101402e+00
1.827959343559760796e+01,1.101778623641629018e+01
7.757145521643821873e+00,4.708474883371336794e+00
5.504914989314660723e+00,5.243621723580060845e+00
2.892775301294432833e+00,2.277761412933334562e+00
2.304972106486994576e+01,2.353496083602995270e+01
9.198642549926945300e-01,2.078768122354895664e-01
6.632097726051725317e+00,3.349568653369991988e+00
1.092830038345381105e+01,3.826833361136906309e+00
2.352517911085385549e+01,1.294881840846956145e+01
9.284144511339610162e+00,7.823912980709391007e+00
1.134679404780575496e+00,6.440655975373495989e-01
7.120195230558080901e+00,4.714162713191525356e+00
3.063184093892430226e+01,2.115721071436197676e+01
1.569482766781039196e+01,2.129711339382235735e+01
2.943715806234258880e-01,2.006229234183719290e-01
1.217006626058294927e+01,4.069093247183285023e+00
9.416506458751321418e+00,5.351973519820772296e+00
2.124880688607225565e+01,9.029735375291307875e+00
2.163467403705755521e-01,1.249631228037530878e-01
2.251466122506816703e+01,9.725515305199735394e+00
9.647074089425781152e-01,8.060270752680935846e-01
9.268612269645361224e+00,4.396731796729246078e+00
2.596796151787254558e+01,2.033631182852444041e+01
2.714310331030528900e+01,2.373849465407106507e+01
1.407463159787071927e+00,7.881012960141222656e-01
7.769606158795655304e+00,2.697488875747470871e+00
7.724508721997959348e+00,3.702839590099434641e+00
1.860285117502877128e+01,1.741615983413788271e+01
1.200307139288325153e+01,3.389927095064191320e+00
6.158007955060610522e-02,3.407058177738642168e-02
2.738705753821523814e+01,1.119747156658218934e+01
1.451538810848874128e+01,1.338922138524505456e+01
1.966849547144925214e+00,4.330513324929279872e-01
2.710632017652337566e+01,1.263067308705247349e+01
1.400013548336385583e+01,5.316534671574557613e+00
1.746748560950868878e+01,5.746301840112709947e+00
4.315874653677311379e+00,1.813475128455938057e+00
2.676450898064264194e+01,2.596585718231442641e+01
1.949928541815673932e-01,1.163600402946036172e-01
4.563518545744996047e+00,3.558531495144046097e+00
1.737791392641454991e+01,6.856301899007137379e+00
7.334217975669898415e+00,3.496622311251899706e+00
2.703691930349379646e+01,1.898490139581485181e+01
2.988996463500047884e+00,1.665476649228987638e+00
2.124284803074831363e+00,9.419444262159730741e-01
1.559146478283978787e+01,7.918185944629978046e+00
8.566531663060659163e-01,7.631057756981752815e-01
8.059699342807213895e+00,6.511557201450650645e+00
2.243509874425111050e+01,1.388688509350535760e+01
1.087812542452437015e+01,9.687046881145718658e+00
1.899316484302515917e+01,1.249224479528276710e+01
3.318089614166800771e+01,1.523335055149893158e+01
2.292041154338187781e+01,1.105677237873801744e+01
1.812946022085630915e+01,8.105301780339662088e+00
3.097628291177304760e+00,1.522090051215746032e+00
2.820454917966605990e+01,2.317613178087267656e+01
7.479783323368619286e+00,6.173561328120450220e+00
1.491460828946565087e+01,5.041817604272994302e+00
2.268159086504137889e+00,2.004327385535306760e+00
4.754069952853218900e-02,5.204589927193303822e-02
5.559243920519878479e+00,2.778771125332310188e+00
1.321067720872462559e+01,3.821275294664423949e+00
7.675387125304706792e+00,3.015293854474562885e+00
2.271320869478402338e-01,1.476197087934601193e-01
2.472256924577318316e+01,2.230041244593479632e+01
4.062645708033021941e-01,2.275790233477365532e-01
4.912851317295101161e+00,4.094639252923131245e+00
2.143715983948984416e+01,8.598797594039501391e+00
8.070861865634827437e-01,4.437268936169685429e-01
2.912213333911350399e-01,1.813302654990599783e-01
7.534421738601431606e+00,5.363137934474834445e+00
6.011809731994121719e+00,5.312272051017503216e+00
1.750570343147275310e+01,1.103554597517293701e+01
1.426464092763636060e+01,2.103686622375048998e+01
1.198092608719947094e+01,1.041885138700438418e+01
1.293648596186799393e-01,6.347511619655750448e-02
2.241791307863424976e+01,9.134693705560097854e+00
4.790204167636918919e-02,2.536449422014074029e-02
1.892174192644126052e+01,1.070026483443933962e+01
5.327029231879406801e+00,3.871215478132938870e+00
2.555111333468552459e+01,1.928927955475152700e+01
2.788422255777209813e+00,1.262819258046980142e+00
1.359484947294639667e+01,1.243256321006877840e+01
2.608206120800630501e+01,1.200092673741564653e+01
9.146962234095306954e+00,5.993301309302863089e+00
2.473006841672809131e+01,1.653516613822329617e+01
2.206545800259401346e+01,2.126488274161721037e+01
2.034642589470079699e+01,1.843116173066652053e+01
2.483667294427833028e+01,1.916885500729190639e+01
2.143386983196104101e+00,4.606342203612954767e-01
1.000773098732546984e+01,9.102309495746316870e+00
5.901077952710132912e+00,2.868210111584212907e+00
1.088474399133935577e+01,8.799055182850738177e+00
8.403258406523034241e-01,1.915467509594210582e-01
2.421179388103569807e-01,8.901136703475066858e-02
1.916728060884223339e+01,1.703765571415189584e+01
2.832842458525304963e+01,1.319989705580161576e+01
3.352955746549986404e+00,2.747574445445982949e+00
1.965070180855897775e+01,1.769890181966858123e+01
2.381957558254284568e-01,6.905479090784785723e-02
1.232719935637503994e+01,4.220706175744254551e+00
2.868630540302426368e+01,2.704270159831716924e+01
1.657954391369205194e-01,9.394201141425993773e-02
1.859615991043924410e+01,7.832064635715337175e+00
7.724689085773561725e-02,5.510144801953666127e-02
1.143899617722868439e-01,7.497011709019213432e-02
1.843757450599725345e-01,1.401379101987613729e-01
2.100783074434731557e+00,9.019816604602011179e-01
4.310456384916458439e-01,3.361232330477517127e-01
2.680059756787499126e+01,2.401789408130069603e+01
2.306445706468601742e+01,1.164006104413583742e+01
1.383288109003710709e+01,7.522182163201318161e+00
1.807258145858494203e+01,1.101952127359415456e+01
2.357805686284547519e+01,1.155106777375885407e+01
2.145875910977578016e+00,1.100302356516474456e+00
4.354664885600414870e+00,1.952446654019531991e+00
5.560630143467536257e+00,4.352296718299997202e+00
2.339270324373087817e+01,1.796602658610142100e+01
5.711392500461307975e+00,3.967588933038387111e+00
1.910115040807323361e-01,1.576277367363304038e-01
1.970982379855928113e-01,1.332580358681856869e-01
9.313276397604315804e+00,3.696135905198556060e+00
3.177372290817826794e+00,2.571071602414499946e+00
4.605693854596468739e+00,4.436953332463511757e+00
6.632702893537145705e+00,5.796686990408087325e+00
2.496524978279392926e+01,1.173657800142065177e+01
2.267877645321214164e+00,1.122584263417041761e+00
6.026361844617586172e+00,5.092358112732753739e+00
2.280142610158482341e+01,1.369126614599640313e+01
1.760620526572613187e+01,7.237090266287242279e+00
2.081113655867902756e-01,9.515379023917755474e-02
4.720008436840044119e+00,2.316319429467448732e+00
1.147786359126846956e-01,8.625600061917076955e-02
2.684292935547312631e+00,1.068292729728543389e+00
2.522023866713031248e-01,1.623979155528862683e-01
1.851861938095312254e+01,7.929740031743938822e+00
2.038907094219672800e+01,1.109953421950067742e+01
2.430874441514389872e+01,2.087437336815717615e+01
1.671262939810217452e-01,5.780291259412394939e-02
2.420670203677350685e+01,2.005337640949924349e+01
2.132485081677564764e+01,8.775054562363772348e+00
1.356707072273749404e+01,6.500025551085119702e+00
3.044265807180890349e+01,2.000122510944668974e+01
5.595411883781280515e+00,5.602753903887705000e+00
2.936803499745752610e-01,2.233514397517727401e-01
2.476278110642087693e+00,7.588454409842187998e-01
5.020805218873845455e+00,4.887869152735097700e+00
9.964057921342412527e+00,3.660183004885351199e+00
2.998641839537999587e+01,2.239861191212761682e+01
5.349009501830781055e+00,5.011397231674476593e+00
1.074754825633699395e+00,3.201676378297529935e-01
2.771690232756484562e+01,2.180922830705041449e+01
3.632814975886938669e+01,1.731043897184881075e+01
2.420355096358337121e+01,8.993503457667033629e+00
7.994524983345183244e+00,5.153174740930593245e+00
2.968863752990360538e+01,2.030663724573233253e+01
8.692487678947260932e+00,8.013157485240338218e+00
2.618983535923145212e+01,2.176381940349528321e+01
2.867406004112372742e+01,2.587997725146598071e+01
1.196723674386314507e+01,9.530149432586695113e+00
5.127886464115479548e+00,3.093783958658251176e+00
1.956426922907124333e-02,2.317525162380688550e-02
2.399563404479279782e+01,1.722773978146750906e+01
7.610400180305582296e+00,7.389722828522857334e+00
2.269087502792747557e+01,1.385642846890909574e+01
8.785914331807877176e+00,8.602431085645466879e+00
1.503441478579523682e+01,8.383321227370196027e+00
7.281027060989844202e+00,2.876242283432813185e+00
2.601984319587662853e+01,1.997380493744237029e+01
3.271270513319445072e+00,2.000373348168729137e+00
1.841590181627821465e+01,1.390138286085712771e+01
1.724144516114698433e+01,9.877597703373730553e+00
1.013108782327313134e-01,6.614152212191380664e-02
1.823349866064573277e+01,1.319185767666193598e+01
8.906839816798377996e+00,5.737790355169689605e+00
2.171427840149213395e+01,1.426532506877168416e+01
7.774271561628520733e-01,6.425501759414953273e-01
1.605870556519543690e+00,8.184949528591278778e-01
7.506989753391734022e-01,2.900376843996148590e-01
2.166588501187638371e+01,9.565853431988541544e+00
4.906636696343457338e+00,1.910640241781439208e+00
5.079936091112380758e+00,2.615463611937745902e+00
1.180629085263490552e+01,6.642010238412600742e+00
4.599941361468421697e+00,1.865104872396579738e+00
1.350443791928176651e+01,3.729017002209308096e+00
1.634848859470015014e+01,1.444338996318273161e+01
3.108725514382149413e+01,2.216194404292064846e+01
1.895480140195921370e+00,1.098822069693380143e+00
1.538435506267486197e+01,1.726060798366542315e+01
2.748126404343503282e+01,1.959462922742659785e+01
7.309654455645883786e+00,6.752640681106949039e+00
2.289694480086521822e-01,1.028324506089345336e-01
2.783016604839431096e+01,1.997721528672186508e+01
4.367061147968394508e+00,4.146239625030782250e+00
1.958981894284998404e+01,1.010405659748654195e+01
5.912039606748050735e-01,3.654940041493171532e-01
1.124108550821023705e-01,7.788251931967711539e-02
3.642775234857230426e+00,3.087348363258584083e+00
6.909152654152381778e+00,5.589810443270573082e+00
1.496294940458833267e+01,5.306662826501067798e+00
2.467935027016187632e+01,2.140930375861807278e+01
2.545095665418770281e+01,2.517692640436645135e+01
5.211255087331643221e-01,2.868872709605091997e-01
1.844227572291984174e+01,1.217184183187021240e+01
9.904669554166105172e+00,3.862158977074874766e+00
2.041357167417907803e+01,1.776434180197084700e+01
5.090504310492394602e+00,1.733501353820067203e+00
1.693759142328800138e+01,8.680102266679950773e+00
1.168927709906799528e+01,1.093337012393054941e+01
1.275484040893069659e+00,1.112603649373583359e+00
5.336267109616857351e-02,6.641584254801391474e-02
2.839627004743542216e+01,2.434712369408432409e+01
2.655511236199986769e+01,1.019986853116365921e+01
1.606310153215801861e+01,8.357178206254157971e+00
2.519670285105363661e+01,1.268753381595847962e+01
1.283041433102112983e+01,6.087314154926986021e+00
1.638320758205853878e+01,5.840380852258066469e+00
2.920006108771664888e+00,1.450960943143408732e+00
5.010013471392658957e+00,2.100839865178670163e+00
4.494736429158520119e-01,2.096333615691188257e-01
2.377573767629469204e-01,1.342574279929724390e-01
2.434831257301787177e-01,1.318292710819613522e-01
1.450014250087954082e+01,7.112313856905967846e+00
8.070438227396129705e+00,8.219657540490791447e+00
7.315068786942344303e+00,4.648041091856893736e+00
1.012803144850573034e+01,8.242103082979772566e+00
2.611087763887771374e+01,2.344826665287837031e+01
2.507609767708054349e+01,1.691245257848708761e+01
6.566237400882542374e+00,5.640431975112178087e+00
2.597284279190169798e+01,2.133313734269713180e+01
3.345931888482115824e+01,1.646877232839446137e+01
6.465818480514214706e+00,1.531702479895329372e+00
2.171574694436174724e+01,1.280719811829316157e+01
2.018198439455316162e+01,1.346808317505094976e+01
2.181831161585173362e+01,1.171091131992867318e+01
1.722049172231255199e+01,7.794811317850554033e+00
1.062405833932650623e+01,8.162609488666895174e+00
2.947604061492422645e+01,2.519666561171335317e+01
1.229903340867269002e+01,3.051052565611760858e+00
2.287289718285342721e-01,9.363339463741787716e-02
2.206453093150175793e+00,1.857068952062650213e+00
1.358233942615147605e+01,1.314243732587051028e+01
1.591928528981248481e-01,1.036761934198521945e-01
2.448066819536159144e+01,1.754686287373800013e+01
1.743185612664587270e-01,1.184734699774773747e-01
2.442680658420479745e+01,1.741056338292500172e+01
1.400413446807548290e+01,1.167578411709668451e+01
6.430618913417733840e-01,3.429519862078125314e-01
1.336958865987087819e+01,6.700983740663275512e+00
2.644095776815087362e+01,2.366464153716868068e+01
1.429448377281884175e-01,7.384097726470420509e-02
2.458177865994460376e+01,1.948318831440504795e+01
6.368875949128607772e+00,6.404270646673475120e+00
8.862217553409406534e+00,9.441290107091189654e+00
2.227818113238457443e+01,9.536741185508496699e+00
1.487644194094331418e+01,5.772014703864143392e+00
8.670244545833700300e+00,7.156204623743931847e+00
7.094873432836945604e+00,3.564807567004486977e+00
1.488735472181269159e+01,8.109232391190344558e+00
1.906950934264437691e+01,1.772387385384100611e+01
1.751611329063870848e+00,1.508139495970887811e+00
8.629997639257277697e+00,6.793989672198779139e+00
2.979757665963330382e+01,1.427912991606217830e+01
7.898153838054945197e+00,4.183966575488619277e+00
9.406521920385710445e+00,4.060786065668250622e+00
2.041471132008307876e+01,1.441555450479025424e+01
6.094580859871534528e-02,4.558332169110212301e-02
3.383234240751622934e+00,1.689230773215861792e+00
2.982086043766503991e+00,1.960751199345952323e+00
7.335605741628445919e-01,2.796247238873619811e-01
1.618860802744186700e-01,1.127366935990483793e-01
2.590440784020440290e+01,1.893175748041617368e+01
5.400698269243370264e-02,4.765222891903874575e-02
1.203476704416025989e+01,1.108308915647073434e+01
3.726832514264745821e+00,1.871911028573255642e+00
1.691586546651042511e+01,6.954010671467172777e+00
2.133022415218576384e+01,9.085579018593390899e+00
3.640778474064754988e+01,1.785272742481119934e+01
6.806997085666051994e+00,5.430260620985653652e+00
9.969330905007582899e-01,5.258956445108342592e-01
1.804550685901934060e+01,1.007808909238587169e+01
3.795752558541645172e-01,2.097557191537611498e-01
5.463298662267529471e-01,2.816590874007433576e-01
8.009742859642715374e+00,5.961978627567758870e+00
6.128297113093615911e-01,4.744834486649526784e-01
1.358475107732302867e+01,1.329439981352321709e+01
1.673815965556164187e+01,1.291947415265558874e+01
1.804394139996165336e+01,1.814231651309590632e+01
2.995729530198911306e+01,1.967986380291392479e+01
1.579301237154639159e-01,1.250177812345270034e-01
7.493537118132245212e-01,4.592942250396752080e-01
9.367515166334596799e+00,7.523031781090297798e+00
1.797285640978943988e+01,8.689160865901049746e+00
1.456490135780480877e+01,5.175097948490285482e+00
1.208436331719783041e+01,1.131326557423823154e+01
1.488431313352177909e+01,7.467762280416692988e+00
2.835622073240106644e+01,2.670435922342090862e+01
2.236425672477019688e+01,1.030909237118273403e+01
1.696786144917799177e+01,8.804432324763331152e+00
1.820905447486557449e+01,7.584740335885626905e+00
9.573744841641799397e+00,5.138607052958239052e+00
1.949015522689143154e+01,7.454418166075519103e+00
4.715595640621882190e+00,1.923262607609884878e+00
1.769585638749814294e+01,1.868397227494760671e+01
1.101782897286663321e+01,1.242940402032298053e+01
2.495493734311526879e+01,2.573714510701090674e+01
2.377010884519209100e+01,9.981694609673605001e+00
1.067726554415457407e+01,4.688938596737714626e+00
1.982380233280359150e+01,1.237943287013469806e+01
3.705604452546287675e+00,3.245392051060822070e+00
3.305643400237893381e+00,3.114890114131428689e+00
4.009647280710776363e-01,2.688841529045847278e-01
2.665917243242460488e-01,1.610374475988413934e-01
7.311311754448775346e+00,7.055660810748663359e+00
2.489929207592402882e+00,2.199660447632638238e+00
8.295380084676267529e+00,6.415279545334495737e+00
2.092131199090000848e+01,1.715902706603618455e+01
4.669597287561683352e+00,4.340716820646599139e+00
2.140900719072597269e+01,9.211575575816187467e+00
3.344159321691960063e+00,2.547042404854841902e+00
9.880019796464551973e+00,4.829105206760096358e+00
1.011325188764154309e-01,5.674816210587987908e-02
6.915822670978455378e+00,1.771697458310942164e+00
7.791896034907627389e+00,2.423875761468805123e+00
2.448584978076740981e+01,2.161560948000639115e+01
6.794345238966466027e+00,5.368208722529187682e+00
2.249825760000107877e+01,9.337871253325189969e+00
7.295620427506273487e+00,5.036878892296306809e+00
3.800747562386099343e+00,2.574070356236512147e+00
2.740154194106118268e+01,2.102504404404176697e+01
2.178861346880157923e-01,7.913844637275162242e-02
2.083991047507904038e-01,1.479541837749259459e-01
2.444827191513121889e+01,1.065157629392383321e+01
3.363122102999174956e+01,1.693915538121297359e+01
2.191000519819943904e+01,8.824572178465576400e+00
4.631238686810080551e+00,4.095661614179292087e+00
1.073456669853979939e+01,2.561106562840703482e+00
2.358046395555738073e+01,2.035646424275591571e+01
9.817616157071423544e+00,8.337207107282731400e+00
2.037192055807218338e+01,8.551730626937688484e+00
1.326226412098735485e+00,1.045434163877501543e+00
2.108006253510137284e+01,1.296945659012378371e+01
5.147445439209399343e-01,2.479175551249536702e-01
7.936337206987366777e+00,7.756700801328197947e+00
3.414968371536693326e+01,1.693475074213302634e+01
1.698803865603829788e+00,1.584990647824214172e+00
2.509654638111876057e+00,2.056232540105024320e+00
2.014914119085280120e-01,1.536114673338896675e-01
1.131013513109537377e-01,8.342870644400629532e-02
1.813052191196415208e+01,1.103200091905074665e+01
1.828771035206661466e+01,1.621921419490099225e+01
1.869402915051647796e-01,1.532282163634383632e-01
1.302452330442448591e+01,7.546293624202074390e+00
1.997121181922488731e+01,1.863150413015107887e+01
7.587351087274421424e+00,3.492150484301637992e+00
2.443515253908436691e+01,1.309297203525583697e+01
3.330704074744121890e+00,1.916540812946627925e+00
2.337357452144926029e+01,2.029091988597163976e+01
9.663492463672096022e+00,8.264108952080491122e+00
7.728056125372225749e-01,4.713352605048574118e-01
2.631364896315559321e+01,2.048285443400018835e+01
8.675688961260343390e+00,7.146790656081919657e+00
7.663147499029506093e+00,1.752801185074375656e+00
9.220478787009467325e+00,9.121974793356105948e+00
9.839496061552637229e+00,3.548866582080685728e+00
1.807921337477975143e+01,8.425608544878979700e+00
2.176056217384010338e+01,1.673601054002388011e+01
9.310064556178739181e+00,3.745987557590484851e+00
1.840519136237369580e+01,1.009560446524225341e+01
8.062575995169726895e+00,6.432864010121318366e+00
1.590364438415835080e+00,9.410981326251939283e-01
1.745963658118877149e+01,1.099772936309658533e+01
1.561753112764359797e+00,9.706382979385212995e-01
2.054968770163758951e-01,1.375713627402409545e-01
2.325588116698115115e+01,1.300782840686822972e+01
1.069411190641131659e+00,9.973119451900522847e-01
2.239744253160397847e+01,8.052380161958323512e+00
1.919475320880049907e+01,1.080708905831940214e+01
8.119146593737029960e+00,6.006978129782069686e+00
3.613658402053495422e+00,3.139707673120740949e+00
1.136737808913077785e+01,6.362064488667520834e+00
2.458850572514144162e+01,1.081903652464341725e+01
1.084704824198015949e+01,5.863596307239306249e+00
4.802499531448417791e+00,3.644270911518583844e+00
2.527378589606390946e+00,2.322922075286091292e+00
2.468312974451946573e+01,2.051050311680017302e+01
9.469637895180721188e+00,7.273737006065441157e+00
2.981340645261930655e-01,1.680864423107750194e-01
1.253831224929222943e+00,5.154648629728783016e-01
5.566153509932914023e-01,2.831544084923102167e-01
2.594342687752599730e+01,1.739934149600334123e+01
1.858072735749336957e+01,6.789201619130238896e+00
9.969820273754001150e+00,3.771814990778997512e+00
1.704900002302804640e-01,1.210848772549901198e-01
2.361467420324371602e+01,2.028490165711727400e+01
9.451727827461160747e-02,7.559188500829022717e-02
2.071273429078890516e+01,1.896111341165866193e+01
8.890197571476239347e+00,7.147461152977481191e+00
3.699859006316480681e+00,3.147673269911398730e+00
1.963403562917474254e-01,1.245004076538442916e-01
2.815467013895275272e+01,2.560235934003077674e+01
3.942139209072443862e+00,2.288145008618821308e+00
2.467859370823586929e+01,1.030004209280469496e+01
2.911173680914054884e+01,1.743950810651008609e+01
2.416544461977058411e+00,2.246352346044908632e+00
2.230561413754481137e+01,1.855179094138173923e+01
3.000413267054162247e+01,1.987044496587531128e+01
6.829189852180152620e+00,4.503269611112266091e+00
1.604477321408077017e+01,1.562893263988099335e+01
1.748909369326938901e+01,5.893176535421694062e+00
2.523165412649846928e+01,2.534803007370793893e+01
2.248754668582879646e-01,1.515738833077626690e-01
9.152609200894524788e-01,5.068769385186551180e-01
6.572739587462202770e+00,5.339089350178008786e+00
2.959032490730151110e+01,2.606832632282166529e+01
1.189878858883766100e+00,6.930435400017689318e-01
1.479840047293253846e+01,1.036117446285118326e+01
5.883412975708890436e+00,4.837514511617460045e+00
2.359451756590884131e+01,2.076777022896643743e+01
1.266694961390459895e+01,1.244710640383328304e+01
2.796115388440658478e+01,1.824735395062360155e+01
3.997638802514628109e-01,1.916373365378364058e-01
1.085440166066724998e+00,6.271910965106511915e-01
1.734591342960605331e+01,1.028922324134892285e+01
7.099124352872297372e+00,2.121586870497538690e+00
8.946305228368073514e+00,7.430730876670768481e+00
1.986185368651205152e-01,1.469236232199216674e-01
6.218073555587113610e+00,5.642291622505346993e+00
7.738778784909392527e+00,2.272142904429982568e+00
3.898655398180618015e+00,1.772165348798495410e+00
1.400852792540927183e+01,6.192477728768633227e+00
5.937673768130085072e+00,4.932167981793220690e+00
4.444841801774232160e+00,2.485639088222387549e+00
2.121572313004720556e+01,1.636471761171542028e+01
3.635216385074085110e+01,1.814572748408814817e+01
2.788371887378747616e+01,1.384392070195383440e+01
7.281274545634295770e+00,2.413962349635698779e+00
6.972581480548631028e+00,4.113781784381411732e+00
3.995158877303763845e+00,1.694308047005984807e+00
1.616317223300639583e+01,1.275478186707887396e+01
1.986117988502982712e+01,1.403009249901156963e+01
8.833683051844547496e-01,6.117498940835290888e-01
1.830798542655968086e-01,1.375244976375453454e-01
6.391165495497120652e+00,2.517080528402944495e+00
8.951980779044472758e-01,4.557365174574281030e-01
6.936536869084958035e+00,6.387410651539754625e+00
2.504704577450668879e+01,1.460885827543527427e+01
7.021864207982622119e+00,3.348700810691804364e+00
2.289911921602236688e+01,9.518783765165188981e+00
1.646940942338679292e+01,1.403811198206113353e+01
1.922132662740517972e+01,1.948373825408032545e+01
9.054752291213686632e+00,4.526181052809977068e+00
1.116683611524508102e+01,1.228646593439778911e+01
2.656198652731752219e+01,1.850425288658114553e+01
2.649691357047354856e+01,1.815497921358211642e+01
1.557179705011967918e+01,7.920932818668926956e+00
1.495418397157546408e+01,6.567883721778863482e+00
1.662655704335562756e-01,9.627636885158370739e-02
7.292719806129701610e-01,4.483452915966357200e-01
2.449944647392571184e+01,1.966709793443058985e+01
2.218558914611568511e+01,1.426525437353323689e+01
2.477420100127701030e-01,1.688406104298862953e-01
1.381623188790017487e+01,6.915912536910933994e+00
2.711866212620306982e+01,2.421834598963349094e+01
1.901980295039345492e+01,1.289555428599738818e+01
2.582395413601827272e+01,1.090516156377174362e+01
7.139487774364545736e+00,7.199936934185513948e+00
2.681793491635734838e+01,1.760768196574814937e+01
2.916569909610306155e+01,1.181442166654731984e+01
4.962480589195738645e+00,2.470287168022038404e+00
1.869837069469483026e+01,1.237620650891983409e+01
2.871707649801129025e-01,1.624843887117139452e-01
1.589764040786122301e+01,1.513399028400629831e+01
3.636374196622108812e+00,3.503838100895572349e+00
2.572594102120029191e+01,2.162198919782340312e+01
1.475352912645386816e+01,5.481357680229695717e+00
6.200588592401127030e+00,3.966315113678452242e+00
8.520345308252373684e+00,5.864385606002517015e+00
4.216298052381800554e-01,2.537816123176696581e-01
5.823849658555391606e+00,3.500020501927088468e+00
1.307167597154412064e+01,5.863873152385366438e+00
1.055436524209988924e+01,4.380152959003446256e+00
2.365362454029676087e+01,1.309343142924949888e+01
1.877811665592202317e+01,1.222358356954203984e+01
2.506445361394000204e-01,1.587668675608261970e-01
1.861105084829255407e-01,1.261774783455251459e-01
6.421615573722716519e-01,1.641462180548669270e-01
3.484747533434506828e+00,2.934109099056621428e+00
2.726250436806972210e+00,2.444355628805855218e+00
7.868049584805988594e+00,7.578828699859638363e+00
2.119015526686831297e-01,1.543437378346201316e-01
8.019168465003233548e-01,4.163590864628622379e-01
2.260608454650196442e-01,1.535987464726479013e-01
2.470673728708547756e+01,1.918160334462459460e+01
1.077371945333095304e+01,4.961409663677186721e+00
3.951010360296269286e-01,1.874187611940104636e-01
8.334848423386088001e+00,7.817206557192740490e+00
1.613704106691265849e+01,6.157117846736611888e+00
3.299213636613203882e+00,7.282736646523703117e-01
1.651352492056062105e-01,6.862125358478451953e-02
6.161508186470187276e+00,5.222630778064655033e+00
1.410686149063349992e+00,2.908968658620493808e-01
2.090598333525067076e+01,1.980197227566631213e+01
1.704408274706979698e-01,1.571717594693084474e-01
1.574827176510799898e-01,1.040408071517996275e-01
9.740388407227718037e-02,5.693217943008622994e-02
2.464575843440163183e+01,2.049415685346070504e+01
2.076799761678362088e+01,1.630082875924524188e+01
2.172267036869268253e+01,1.533923985741427742e+01
1.634736174642166529e-01,1.231606976459336672e-01
4.301085745105785563e+00,1.747629220047705711e+00
4.357605440820821130e+00,2.827228443949476144e+00
8.773088263618653571e-01,5.352475468618236309e-01
2.442405062232292678e+01,1.780744472751547036e+01
2.213044010527351335e-01,1.635861795170342747e-01
6.385229922773842048e+00,4.586056545225653203e+00
1.073053138225234238e-01,6.432468093494213279e-02
1.656514471250329357e-01,6.951773237022074170e-02
2.607552689643653920e+01,1.311353548973648664e+01
2.013265724160935122e+01,1.612759261063422755e+01
1.330084029161379411e-01,8.572084154322685834e-02
1.372767136464628224e-01,1.069789564891309996e-01
1.570515233823898960e-01,6.453957944657578993e-02
1.284627137722472445e-01,4.997963619463378915e-02
2.478638065783819733e-01,1.635102372325022702e-01
8.140122394036914955e+00,3.397375781173302300e+00
3.723734299581131224e-01,2.016677105185405716e-01
1.714326778817769537e+01,1.170718793336501307e+01
1.928011741869083906e+01,1.126943028045732653e+01
5.564570670276312470e+00,5.388394500882035310e+00
1.786032957666229848e+01,1.018303833622800525e+01
3.453796744960521359e+00,2.903018206996301309e+00
1.447953051365345267e+01,5.625277232362525304e+00
8.929293560875096958e+00,4.804474058881029741e+00
2.741211168921459418e+01,2.474178899783754559e+01
2.601378585866188420e+00,1.308857256872589803e+00
3.105808455820056491e+00,1.149134145271581975e+00
2.913990571253141937e+01,1.392441799667684066e+01
4.350827378985973937e+00,1.287640513567822609e+00
1.364752161390792828e+01,8.798711761271505338e+00
2.351177405734338066e+01,1.264064919139488907e+01
1.004000573022501186e+01,7.043753655003957448e+00
2.753493966208162291e+01,2.577142752730743780e+01
3.239717651187925096e+00,2.261037471026354329e+00
3.221965555334484321e+01,1.526819069388446692e+01
9.918576005328905154e+00,3.871879418163786557e+00
1.004131751016626550e+00,4.792320796591340026e-01
3.654364782784544463e+00,3.290011136207933617e+00
1.135271291714207464e+01,6.567314661956015875e+00
6.836554645133736230e+00,3.356287565986705523e+00
1.288255407642961359e+01,1.108350074657681184e+01
4.804952459040850443e-01,3.196315218754584020e-01
7.124066386074527024e+00,1.882236186716202297e+00
1.672547711254300240e-01,1.321690100575668714e-01
1.616864330404972350e+01,9.742293488400633805e+00
3.604059889805350525e-01,1.551012676004129009e-01
4.211473990793557776e-01,2.500719627850124249e-01
2.569132592845272356e+01,2.301039839163773593e+01
2.261267206844909339e+01,1.101211892672184867e+01
3.658600965622883905e+01,1.795605483739825203e+01
3.445905606713687064e+01,1.650675912533893452e+01
1.799043493945897154e+01,6.911285052989299516e+00
2.400134090714942214e+00,1.928513168289133439e+00
3.624167714256905093e-01,3.105638820211334972e-01
1.644009433369518547e+01,9.342781312988451603e+00
4.288947915128164645e+00,1.552012529890564707e+00
5.585401945159579995e+00,5.302401604954780190e+00
5.506567354717127216e+00,2.151245818809539134e+00
3.782368774433269465e+01,2.019258284294908989e+01
9.015672824286021125e+00,5.366308069312648144e+00
6.458317097304914434e+00,5.494446448414562312e+00
9.466041868523133118e+00,8.553118123326772348e+00
2.762069248660771947e+01,2.187369433607862135e+01
5.856122770352361506e+00,4.117581238391113452e+00
8.058005369763240111e+00,5.356213390234624505e+00
1.017684279449846230e+01,6.056688060605481816e+00
3.296677506427320736e+01,1.519237989165453584e+01
2.001824823872614445e+01,1.531753860968505165e+01
1.659593976485626454e+00,8.507699670920293444e-01
2.382484147381250494e+01,1.153743308994141437e+01
1.894662980455845513e+01,1.059716995150444596e+01
1.335063725006684976e+01,8.676227779450275790e+00
2.466524504444346277e+01,2.172341416876195197e+01
8.366697797700593853e+00,2.926938189393540224e+00
3.020212493140654431e+01,1.432187904216152496e+01
2.150470289252588429e+00,1.131700331540587356e+00
2.486874680513927771e+01,1.360634555321139061e+01
1.560815071081969663e+01,6.759469478223248728e+00
1.803700610318933473e-01,1.307388436723011249e-01
5.189985906371693325e+00,4.836101248340122005e+00
3.836356255283157601e+00,3.636367925467074436e+00
1.420144469593408054e+01,3.862728666973352709e+00
6.933653450996715151e+00,4.693902132259486493e+00
7.233140434894708370e+00,3.522620172425065643e+00
1.619369604691192899e-01,1.112942986104412946e-01
2.258677478522797699e+01,1.492828295956744000e+01
2.639876475592994964e+01,1.707295440156147492e+01
1.479186674746541819e+01,8.512155010638512209e+00
2.220243739848237752e+01,1.032021286832105211e+01
2.392712374613705961e+01,1.921853759119295901e+01
1.628997935394603525e-01,1.088243466812434807e-01
1.338040834127682599e+00,7.444560361153840233e-01
2.228135667891401894e+01,1.618021950619729665e+01
2.725903887903275091e+01,1.997031327289275637e+01
1.017738707517401942e+01,6.273248915281240734e+00
2.047929499938331332e+01,8.813076370243820179e+00
2.219200017258978475e-01,1.227687607670395475e-01
1.487349056790463386e+01,6.481880262667333525e+00
2.376565700183152074e+01,1.275463584254288563e+01
1.340807397820739055e+01,1.174304997369004511e+01
5.650348564035839738e-02,7.145719427876867647e-02
1.547255196137797562e+01,6.092634682764369813e+00
2.001824772159971744e+01,1.617917701024387256e+01
2.406478384679014937e+01,2.258539081696332929e+01
1.234407069953982372e+01,4.775323723587623803e+00
3.454124218991937223e+00,1.367459977013243400e+00
1.197341562126365488e+01,1.187489718098863278e+01
3.250114650030233143e+00,2.497822737324710385e+00
3.209563507807315030e+00,1.859729255878554088e+00
2.108390975693500735e+01,9.014175586225775305e+00
2.361898886123124441e+01,1.987010694962387092e+01
1.694341612739942160e-01,7.917354595989203880e-02
3.050723791820932718e+01,1.466364273936470930e+01
3.321234336059977754e-01,1.501148171010365517e-01
1.570197208759092078e+01,6.540894858078816654e+00
5.793845917784292254e+00,4.104100084958631989e+00
4.362251459770390416e-01,2.905819941674488982e-01
8.240471391752546282e+00,6.694817517794381168e+00
9.646164948310536502e+00,5.829308734187422125e+00
1.576248817582847350e-01,7.964794747093797977e-02
8.751934398051393060e+00,6.180277895117574083e+00
2.747364477545965045e+01,2.219213438154398688e+01
3.419000343233465355e-01,2.082300771012719764e-01
1.655050414901421685e-01,1.398428109806817699e-01
1.889799905470168906e-01,9.871646794153983440e-02
1.774150189593678917e+01,8.183516412969959575e+00
2.249359452936913473e-01,1.636106095484761436e-01
1.445218100650312032e-01,6.547304936083912785e-02
7.045531788584503907e+00,5.302925385075372589e+00
2.488404864180856890e+01,2.166906292796226552e+01
2.114839007853148090e+01,1.434685239839940429e+01
1.682273205438754027e-01,7.332960319402817562e-02
1.187492891873166911e+01,4.544553081880678747e+00
1.259601898059338476e-01,7.370279526580150731e-02
2.215930048070939051e+01,8.076145563618121415e+00
1.274695095586301008e+01,8.653252278957726418e+00
6.262376560908299084e+00,3.296588150847212795e+00
2.754370182847264559e+01,1.331667665769343856e+01
2.294400097261826588e+01,1.425302780972536532e+01
1.761242192851304456e-01,1.262499228246465044e-01
8.626673358294396632e-01,5.635969351067126043e-01
2.268854519526707847e+01,1.202647743150770054e+01
4.787796552099318426e+00,4.243001534900337823e+00
1.966939997213266844e+00,9.405037767536015281e-01
1.692862716719608329e+01,1.049749980840635288e+01
1.490377921544852047e-01,8.981760685768798436e-02
2.964320406618982773e+00,1.167012159359728907e+00
1.883847666882945693e-01,1.532077107413740702e-01
1.400497250831303164e+00,4.369195909023102509e-01
1.520653047757941856e+01,6.658826847146960937e+00
1.745042420138221217e+01,6.126759146684617185e+00
3.022346275183482334e+01,1.434522324145352812e+01
1.852227786640149176e+01,1.626579253662239566e+01
2.368583116973463376e+01,1.692806459638101302e+01
6.701095114254470353e+00,3.679714834809345358e+00
2.853190960403286525e+01,2.399868828444048674e+01
4.286664713734184562e-01,2.389397258372323585e-01
4.928170667143296768e+00,3.813351431805661385e+00
1.909379796059204182e+01,8.922501573442442435e+00
1.059974230196797373e+00,6.346893395468133914e-01
8.966109548610360136e+00,6.822580947768750015e+00
3.800280465042356060e+00,2.828892829132240827e+00
2.263089555120693319e+01,1.049230791985400835e+01
3.022701477196358866e+01,1.232959105285924828e+01
3.510856595830065818e-01,2.192307697572382641e-01
3.781343387958942870e+00,3.291686710246654268e+00
2.457976054526039533e+01,1.697505431873669224e+01
3.478064743770891698e-01,2.184222534333729593e-01
2.956420645699347816e+01,1.350640981130963780e+01
7.064299029912125327e+00,7.180202049210832271e+00
1.127217891510771963e+01,1.214457730565406202e+01
2.501036443363997819e+01,1.518695571014740864e+01
1.271288947978706396e+00,5.465240483179356623e-01
1.860631848283255252e+01,6.949466411875349081e+00
4.879127891119780180e+00,4.829563729627189161e+00
2.444376033311920793e+01,2.280621113609645079e+01
1.969441120508270160e+01,2.595393681460490143e+01
2.524188076618976595e+01,2.580911779168937414e+01
1.404303996235709118e+00,1.287758759086415905e+00
2.950110388332674471e+00,2.290541724411905733e+00
2.210504275803951302e+01,1.007961999586832391e+01
2.357658983527016616e+01,1.977908290847124562e+01
2.507919656029975286e+01,1.409315149227016661e+01
2.685551455690901790e+01,2.234439379502809686e+01
2.301375170670996728e-01,1.522440219129162220e-01
5.135897729756137009e-01,3.477485900518151318e-01
1.006332700912156497e+01,8.347114426322960412e+00
1.683682855140727241e+01,1.287795550598370653e+01
2.764957099060451640e+01,1.356105682048837124e+01
1.512217101787342699e+01,6.578000654523929569e+00
1.092293435253850920e+00,5.956390790669876534e-01
1.376006613802874590e+00,1.001878766497641626e+00
5.063471508577747082e-01,2.793714359852784712e-01
2.593672689427046407e+01,1.888840594242854465e+01
3.913728956869694020e+00,8.428895694125690952e-01
2.705538332771504528e+01,2.116239455432645400e+01
2.550914191248286400e+01,1.733383672821461730e+01
1.136440275894797791e+00,6.099811404948688454e-01
4.128986533107292800e-01,2.335326810404570741e-01
5.568252785114028214e+00,5.081599387469058371e+00
1.291225269320924873e+01,7.953767365382782728e+00
1.168728812836278408e+01,1.029868565247957868e+01
2.531855789269786783e+01,1.762852261981106139e+01
2.695290432975656181e+00,2.239417136815006870e+00
4.911975699889473468e+00,3.040616383496511421e+00
1.445370192527429509e+01,8.240883446177399207e+00
1.221011640619716587e+01,3.548415488275651786e+00
1.179132466158815262e+01,8.120349237979548107e+00
4.146742281332484126e+00,3.961495808301877641e+00
1.700259896272914162e+01,7.973637124840092127e+00
2.069334588557634902e+01,1.197769364236874878e+01
4.575645113936274377e+00,3.865045401975433226e+00
1.433275045041832385e+01,5.577216676367139137e+00
4.587831097056203067e-01,2.564758210470673983e-01
5.354203651322304580e+00,2.067576449199586719e+00
1.215921426428613650e+01,1.267800142838945376e+01
2.435289367832302787e+01,2.113806248377841257e+01
4.870852348310896196e-01,3.081647732042479548e-01
2.153219311024777982e-01,1.397134717264774950e-01
5.797007086443683122e+00,2.975613614412646157e+00
1.474572949477444794e+01,1.452576393712440783e+01
7.264321150252842640e-01,3.860938947505173080e-01
1.998378978583409804e+01,8.609016492124792919e+00
1.021255349727170270e+01,9.575903482393744781e+00
1.926683476013363316e-01,1.384697092329175150e-01
1.428323466120252627e-01,1.099306273640966169e-01
1.574913330070552320e+01,6.238221550100381485e+00
2.260782592347631947e+01,1.816795170984001473e+01
7.216770102454140634e+00,6.194438301665405433e+00
8.349321727624908762e-01,4.918488981666084836e-01
2.015476723461794251e+01,9.766716841156981133e+00
2.865823683853094828e-01,1.778551185715111782e-01
2.691992012982923121e+00,1.632169911341254220e+00
7.716589117017690347e-01,3.856454607596394024e-01
1.629871619754564094e+01,6.475687750170043167e+00
1.950236966126203342e+00,1.821743659942371307e+00
1.365266251034368494e+00,6.721298408759086573e-01
2.781302045232101339e-01,1.819693641082067714e-01
1.459099053337864493e-01,9.237697786686241419e-02
4.189516402923987926e+01,2.322950980555205547e+01
8.883527560435960924e-01,5.733601444963728477e-01
4.297177858365136771e+00,3.820633512262173959e+00
1.285131887214709667e-01,7.823267023575505852e-02
2.217462498686696148e-01,9.649860879274251013e-02
1.441882691365005087e+01,5.164787281021028242e+00
5.659932632056620783e+00,4.505004024490936843e+00
2.642799807756627217e+01,1.181237487530159669e+01
6.679126598605975573e+00,5.108109634737264315e+00
1.301856850912750652e+01,5.703371977227667422e+00
3.124635216502125346e+01,2.102701212175668388e+01
4.113687259249786621e+01,2.368273077472631982e+01
2.032585257982738369e+00,9.582773733700286067e-01
8.944656522539691679e+00,9.362785694637130618e+00
2.092936725141688825e+01,7.390285175041337418e+00
3.058248175456167450e-01,1.070003070719128396e-01
1.456961329612978773e+01,7.714100979016415671e+00
2.224726459448524452e+01,9.966713199042336768e+00
5.811247715781295398e+00,3.363300425961707862e+00
9.474402402653655741e+00,2.852283863325719704e+00
1.497974594268773441e+00,8.778978364616268903e-01
3.016782043085696330e+01,2.272537993332569783e+01
1.483854613580594783e+00,8.771670694381136224e-01
1.249417472750294955e+01,4.154143920546129465e+00
1.547036997712266526e+01,5.935473695271201500e+00
8.205179969960960662e+00,7.020873956798184601e+00
1.044457965918433595e-01,5.485782278878334473e-02
1.069201509284545004e+01,1.060266489405161217e+01
2.440011315690524540e+00,8.492040766382960015e-01
7.080472699567545714e-02,5.320129495602525516e-02
2.306500018626644533e+01,1.736782150111384126e+01
3.647801741575293466e+00,3.197327132787713300e+00
2.200628276019018781e-01,9.974890023801456784e-02
2.499948576925769927e+01,1.713465261122994931e+01
2.294315360382896518e+00,1.870172679685589978e+00
4.754945309456437563e+00,1.804093405817421392e+00
2.879483548514570046e+01,2.164763820595728561e+01
2.115310864680545189e-01,1.685800790260151283e-01
2.884214583743882443e+01,1.359298728082051433e+01
3.094983298549907502e+01,1.364137487792232228e+01
1.651951761965617382e-01,1.332285092952518180e-01
7.303676855496215481e+00,7.377433914274514670e+00
3.222948386010120458e+00,1.836540679923820418e+00
8.694421545602374124e+00,6.960631652208956410e+00
3.013473309034591452e+01,2.126631876568154667e+01
1.913510571053125631e+01,5.794061994404053451e+00
1.455103541708339598e+01,6.196296741193521918e+00
1.897762382116142121e-01,1.310559451450019064e-01
3.284030589730305039e+00,2.748531102677858495e+00
1.748163632692577296e-01,1.145574509676079294e-01
5.694336870578911913e+00,4.531364974670518464e+00
1.885010845840522009e+01,7.618612382540900008e+00
6.044845033391757383e+00,5.720780892154732733e+00
1.465716562121292732e+01,5.805125596464663751e+00
2.753560016974412861e+01,1.970811326384389872e+01
3.355165068292264241e+00,8.806835077569498127e-01
3.642348628875514027e+00,1.554548372223809594e+00
1.820881375413950920e+01,6.510624942491904932e+00
3.719358645807950836e-01,1.631361864853801413e-01
1.692548249014470585e+01,1.631940058182419051e+01
2.712263137355138909e+01,1.866824835056398513e+01
2.488763058872740075e+00,9.461586494741967002e-01
1.232134309228930391e+01,6.725271339058607190e+00
6.982715016324002599e-01,5.632754197228523330e-01
3.932513729823446269e+00,2.820211534740012738e+00
7.218606144768539679e+00,3.719604481510832450e+00
3.366779034771878010e+00,2.759321132353394379e+00
2.648350381460267688e-01,1.171695947596917559e-01
2.267420051827649985e+01,2.122243643887140152e+01
1.729008136363042070e+01,5.796288658582398057e+00
2.147490537888105955e+00,1.151735239954475132e+00
9.051658939364731760e-01,5.991042855252357580e-01
3.963150805965582890e+00,1.353119286296010415e+00
1.039706071300788359e+01,8.374066641071559403e+00
1.746966238408978467e-01,1.046639989151559036e-01
4.402320360606818417e-01,1.952118244824783966e-01
4.506995923419675698e+00,3.734316258637356611e+00
8.329266387843903274e-01,4.958262578015661948e-01
2.690639734357544910e+01,2.074677780479075295e+01
2.061884777290024928e+01,1.644819753979013655e+01
4.124998161240561068e+00,2.122378158393493752e+00
1.998468203047483627e+01,7.792544555323107858e+00
2.819667668513260672e+00,1.918906310077834743e+00
2.080782914100019809e+01,1.382939032250610545e+01
2.912663204239919423e+01,1.150986160015608029e+01
1.278361018135447114e-01,5.473679136846240634e-02
3.565170399590314787e+00,2.394803938427161327e+00
1.432105837405195992e+01,4.526989483583362173e+00
5.210442807148864652e+00,1.709807053330136162e+00
1.111718470418508709e+01,1.005207826465919041e+01
2.501636431329009014e+01,2.018525143454714055e+01
5.418286260437237267e+00,4.316650359843904106e+00
3.317982879560066323e+00,1.214913743326492712e+00
2.413517470563840916e+00,1.199146869832611095e+00
4.821985291606456947e+00,4.627996961785676433e+00
2.616211419899729762e+01,1.198976588034521207e+01
2.602710678815554513e+00,1.347320488814768735e+00
5.868243345832792279e+00,1.841909960394934709e+00
8.884874532158601568e+00,7.456126805458362483e+00
2.877795385263123507e+01,1.970678463745625919e+01
8.812061883228073711e+00,8.657111125784378913e+00
3.231862979698942429e+00,2.088453109405570718e+00
1.216687083181406770e+01,1.067010268197485168e+01
9.423909690485521295e+00,3.553446584836846611e+00
4.176674091454382620e-01,2.847371170927648909e-01
2.350477338279661410e+01,1.213856821894285432e+01
1.005794525470098044e+01,4.274322169573765429e+00
1.798560641092051604e+00,1.506408399020051192e+00
1.463084189133105895e+01,1.098138725013115113e+01
8.594602114634329604e-02,6.150433412765921731e-02
1.924873831384641687e-01,1.225595617056780134e-01
2.454066056709888599e+01,1.342974336813646019e+01
7.517509464949148956e+00,3.603084015852376698e+00
1.248192349612292418e+01,4.884009539680773671e+00
1.979496970805522116e-02,1.281174009048758819e-02
2.623537107555506154e+01,2.420529887619546727e+01
6.726975929051289604e+00,2.429271403203426161e+00
5.060122437704889897e+00,3.670329340250193972e+00
1.044163420620862898e-01,4.465878936068590210e-02
6.061717691851837841e+00,5.534896011558891438e+00
5.211097726384704698e-01,4.196377509781585302e-01
3.390174543826304010e+00,2.980339857585088570e+00
4.691920268840720887e+00,4.018160819860669974e+00
5.208451814973331651e+00,1.714179205328470568e+00
1.873083203775905758e+01,7.289326041131976908e+00
1.045352360880284337e+01,5.668054002280116244e+00
2.229339608704340492e+01,1.582926400176351045e+01
1.366997545843402406e+01,8.106071593116222829e+00
3.538495901507828556e+00,1.021234609314486619e+00
1.417678430097726228e+01,9.762599968344007451e+00
5.459961099957876485e+00,4.408289986270013117e+00
2.297019169818681306e+01,1.858716158759008152e+01
3.137640876707384763e+01,1.443785668121238785e+01
1.985620875414850417e+01,1.336097713449166946e+01
1.731097254645957151e-01,1.182133234451014508e-01
4.923928843560234192e+00,3.938045246598102178e+00
2.140966042632575039e+01,8.200821252475085643e+00
8.767714539408826724e+00,9.050833399734109719e+00
1.224895117997844896e+00,3.841280588885752079e-01
1.630301353142818499e+01,1.120233549118983873e+01
1.467114756327441683e+01,4.397018855661240622e+00
1.594705714718297695e+00,8.914447127556467398e-01
4.594010730486079552e+00,2.265092939402031824e+00
6.837141720835214542e+00,2.578699474685492987e+00
2.816357774243315859e+01,1.940187370214029983e+01
1.175040209638208849e-01,6.799987270456586685e-02
7.579170214802664063e+00,2.754192658840035612e+00
2.853431442324521328e+01,2.319538458816580828e+01
3.284102053274058619e+01,1.581870558340091826e+01
1.374022167532946170e+01,3.908189373357670693e+00
9.077729788102136155e+00,2.316566072432713064e+00
7.555965297413638204e+00,5.355604882407951628e+00
1.251985336116622527e+01,5.598110045026826853e+00
1.887592556824480994e+01,6.671283042155344845e+00
1.935813569160267988e+01,1.156159096801062525e+01
7.098982457930397061e+00,7.050828970763705072e+00
2.398547462263269647e+00,1.318917204161920376e+00
3.332908431549721939e+00,7.507767325748516685e-01
6.969073284663088508e+00,5.848825988668341580e+00
3.557245558363718629e+01,2.058055849687626448e+01
8.653949464481790699e+00,6.793264799000765741e+00
2.780116668394440715e+00,9.241445030822361684e-01
2.461377569573537727e+01,1.794766814574887803e+01
6.740788182377026594e-01,2.944472354483468335e-01
1.552279452165606344e+01,1.336752384206768873e+01
1.339757391899491390e+00,6.578195447430050802e-01
1.952142130558793909e+01,1.159499629871358550e+01
3.348156948303338254e+01,1.567272621165184709e+01
2.931375934267480687e+01,1.369779161361373632e+01
2.206395492407334302e+01,1.522412259152147662e+01
1.018980771968736931e+00,6.007627216882478471e-01
3.987622121537944264e-01,2.488110642962952923e-01
2.779995130308888207e+01,2.573931111091164325e+01
1.915771374123151627e-01,9.348968981959328295e-02
2.402950418049088199e+01,1.931928584873683619e+01
1.265703073215641350e+00,6.097117041602334586e-01
6.510307077402508469e+00,3.677485803253578656e+00
2.477566776155961747e+01,1.595035935177208941e+01
1.328792731670286287e+01,8.361664005150547752e+00
2.299299053705758666e+01,1.011807252964186787e+01
2.484378516427893757e+01,1.963273175432136952e+01
2.734730767333843460e+00,2.234766850492065693e+00
2.636396041811132918e+01,2.087870978852767934e+01
2.469200680370698286e+00,1.094443852046926402e+00
2.777228582665565604e+00,5.866367270534116329e-01
2.126200089410599681e+00,1.068651703654473595e+00
3.171551060753504814e+01,2.256067789965242198e+01
2.512951792528139094e+01,2.227068644124160812e+01
2.945793632740626444e-01,2.068067829325574147e-01
4.995029313994852949e+00,3.229107733658599155e+00
9.556116207141737817e+00,3.569252222261978247e+00
1.762652572097741199e+01,6.122685356855259720e+00
7.937631913657358318e+00,5.134881231779679034e+00
1.844341774985734095e-01,8.133374320802319590e-02
1.271437268125016296e+01,5.106274344455637326e+00
2.092951196107181722e-01,5.912294213242211272e-02
1.209887894847495993e+01,8.233539917679927100e+00
9.658508081714201055e+00,1.095860774849662533e+01
2.236281986114405385e+01,1.002184832364156186e+01
1.319369923460606842e+01,5.877444336346352216e+00
3.738789802626004466e+00,1.577782451887619564e+00
1.346285784286211396e+01,1.136524113714019890e+01
1.544833952990147530e-01,6.714134408477417937e-02
1.783806524339244803e-01,7.870153246459635210e-02
2.251647146767788321e+00,1.428718401795741055e+00
3.873595563788050367e-01,2.351768306115691876e-01
1.778280951781610852e+01,1.374457905551167691e+01
3.237998645101313189e-01,1.150527011221400969e-01
2.280753174910718784e+01,1.068674298578517856e+01
3.171228821195844483e-01,1.859437125227310639e-01
2.769275639690242374e-01,1.229454850680946482e-01
3.719125252846299245e-01,2.254666202450224255e-01
2.120167477061716710e+01,1.123832022485982485e+01
9.871673827512038812e+00,5.285717622708152597e+00
7.048734598117039063e+00,4.227472922176367831e+00
1.862750990151358643e-01,1.129757891020374411e-01
2.531622438878855874e+01,1.539168327802819825e+01
1.014392557748963641e+00,5.097854876292302606e-01
7.697206279951283037e+00,7.597927548037183954e+00
1.512422594055746572e+01,9.687228104698137443e+00
1.883017789519548657e+01,1.444198327042213137e+01
1.954220668422923168e+01,1.857700419287204241e+01
9.250510214346167714e+00,2.567002723873549552e+00
2.755820714236490687e+01,2.093101940122043558e+01
1.857266974008269511e-01,9.375793612668166521e-02
1.173192663037329453e+01,8.010872197166236219e+00
1.809243664659059547e+01,1.397472020283879424e+01
1.965359046520753106e+00,1.418051790245329791e+00
2.116147003570343088e+01,8.220989201027125048e+00
1.401762916576608120e+01,4.504413026256900210e+00
1.556223245323052673e+01,1.017410189045003399e+01
2.466794509485176334e+01,1.652623467758824916e+01
2.680475526275149178e+01,2.346831374929184832e+01
2.095221401980571774e-01,1.532328457896759977e-01
1.439853701727796587e+00,4.722544909880272423e-01
1.796920633656533184e+01,7.549558922314137277e+00
1.815590339966412503e-01,1.345778722087458412e-01
6.658664063348347817e+00,1.717431558565667871e+00
8.915958790026616398e+00,3.220389046734080996e+00
1.810455494478842298e-01,1.175460424340104698e-01
4.052673709990378370e+01,2.154842947324020486e+01
1.484405491664352184e+01,5.904980639390981167e+00
3.305323794620962019e+01,1.630260542147890135e+01
1.063868101812944822e+01,6.418156771647663739e+00
4.773376522156504542e+00,4.429845863378346849e+00
1.980484339779092551e+01,1.927580270537104923e+01
2.469495920136902001e+01,1.525384572661835136e+01
7.204693962676775421e+00,3.493100009321895794e+00
2.276450943794864301e+01,1.061800295783618431e+01
5.285763357262785789e+00,1.330357362487034623e+00
1.876031317470846782e-01,1.343082368676881133e-01
2.619891149166260647e+01,1.898454662965481887e+01
4.139849379403642615e+00,3.565191446086207083e+00
2.876688048005238585e+01,1.249429925072467817e+01
8.503912942797793306e+00,6.927967286101675448e+00
2.675542264534846382e+01,1.089938001412644830e+01
6.340723601455272807e+00,4.477848998184295048e+00
1.080554950460911878e-01,4.926676084615107948e-02
1.666080853214234381e+01,1.254555255155915816e+01
6.292783616902162258e-01,2.437006587418044934e-01
5.848171133984479297e+00,4.624318462494595217e+00
5.569392583061831381e+00,2.451748042374995773e+00
1.226116925870734065e+01,1.189364220018943108e+01
1.774530141551464713e+00,1.133273418537214416e+00
7.593525819430849921e+00,3.864754975537531223e+00
1.775653192578293371e+01,9.765479923259661632e+00
1.550761998672382624e+01,8.591414010898146714e+00
1.162583428972991717e+00,8.201823258258136295e-01
2.215898554812224808e-01,1.453662089850332462e-01
1.986899852825668444e-01,1.460464281466491154e-01
2.774696553008464406e+01,1.348139787546195123e+01
6.139305471756614452e+00,5.306808650476237510e+00
1.839190869114456461e+01,1.232801923352161211e+01
2.070309310857010132e+01,1.612516563826188332e+01
1.616588488482036823e+01,1.052171824607037820e+01
1.777013945263189498e+01,1.260608203209696931e+01
2.575905807926788804e-01,6.415407008443588244e-02
2.301899857940401617e+01,1.093313971477582669e+01
5.568149317421755562e+00,1.198272028526245370e+00
3.956765897898806728e+00,1.974471374258076839e+00
2.335285123242958250e+01,1.246359202924526421e+01
2.558066018355484417e+01,1.654895337317501713e+01
4.555768362739860411e-01,4.055014760154931341e-01
9.388386288864385421e+00,9.303746404956289240e+00
1.298656294543827094e+01,1.105313438313493890e+01
7.881088431993036325e-01,6.235166157333383863e-01
5.607628949196840296e+00,4.589990851170947295e+00
9.747534184597915541e+00,3.999600347049260041e+00
2.665887112699640227e+01,2.419744293270474955e+01
8.996779319842225231e-01,3.068140557493763687e-01
1.086037965060679866e+01,7.772663699959310613e+00
1.007144107672038125e+01,5.972858582429624974e+00
7.422440511358860959e+00,7.528219736703364973e+00
1.536330951360466712e-01,1.213648604460971364e-01
1.827731866480290179e+01,7.027162042303286782e+00
2.863255648450836466e-01,1.971487044889528861e-01
2.120006193470863609e-01,1.370329063498288147e-01
1.648007260766907733e-01,1.385548888382864274e-01
8.607201850951323507e+00,4.904717334614974611e+00
5.370952418158317698e+00,2.768713081036505930e+00
4.232352087892286896e+00,3.886562216692209581e+00
3.187716339690041423e+00,1.250584604722232651e+00
1.961634967448856415e+01,8.933115271635063692e+00
5.527709039917440281e-02,2.655622278050341623e-02
1.216004333664438875e+01,3.489794238476323862e+00
8.459203147128942391e+00,6.539237884471084783e+00
2.242930545346709792e+01,8.494986862230321734e+00
2.330178755017614023e+01,1.763211011400215611e+01
2.884618651437870884e+00,2.762302900037905573e+00
3.022946031277540690e+00,2.843065671689638307e+00
1.456546513620242234e+00,7.984000581696251153e-01
8.672047461665344237e-01,4.547907670902793797e-01
2.455367707601545035e+01,1.582141326731133546e+01
1.832988152575969210e+01,6.782174776622309942e+00
1.963423500901690844e+01,1.770769133818848573e+01
3.179305098026380949e-01,2.380182528481339932e-01
7.823332025041253246e+00,7.344691678576189986e+00
3.184196876581433244e+00,2.761873129209852173e+00
1.889570120177638302e+01,1.093549637649847206e+01
1.442743234290012033e+01,5.801306045035270920e+00
1.036732931230620380e+01,3.198889987586500894e+00
2.641431519795580485e+01,1.902574226312746575e+01
2.498191195763431960e+00,7.441478458727134315e-01
2.458951036837963855e+01,2.088873517020284609e+01
2.818334560408274214e+01,2.427229207585878967e+01
4.634987562795935823e+00,3.114267333631801637e+00
7.097123676527560043e+00,3.953887376823979949e+00
2.060940491540879549e+01,1.056618894936206310e+01
3.176681264812560024e-02,2.682357534820416917e-02
2.931777976184300982e+01,2.215601968532456567e+01
8.950841287271238400e-01,4.748273839076607716e-01
2.724346680000267895e+01,1.852099960190819061e+01
8.880006806869567004e-01,4.974669457293180996e-01
5.923253130566923097e-02,2.900697800345102342e-02
1.974944152589542412e+01,1.997975202622860635e+01
3.399938920554683275e+00,3.191690592477594457e+00
4.181264089041341059e+00,3.229242733516131558e+00
1.724382866554792670e+01,1.573110996710956400e+01
2.298714023795362849e+01,1.371217975672518108e+01
2.609361017056790466e-01,1.699229337024213415e-01
3.792195335230237885e-01,2.068062722049342494e-01
9.030300685900318314e+00,2.707579277983640065e+00
6.472664420881241831e+00,3.932135930685788150e+00
7.972105575107292452e+00,5.300164450628510160e+00
3.150724913096674484e+01,1.370561701707519475e+01
6.248245818207327495e+00,6.230176923634518360e+00
1.926030045427966186e+01,9.726892770867529237e+00
1.949479850086763166e+00,9.834104850403625475e-01
9.457237432792007681e+00,5.849061845075919308e+00
5.624165997549504858e+00,4.588842954272708496e+00
1.540266658488699925e+00,8.249847583778273652e-01
1.958907272120973175e+01,9.000899500364603512e+00
2.625964671353994717e+01,2.098219964423210371e+01
1.136907971082907132e+01,9.804864374668529337e+00
2.567206183166281619e+01,9.519706974312690306e+00
2.887248684332258719e+01,2.586786986829702784e+01
5.737797177393434644e+00,5.554399327282880883e+00
7.559869410735541528e+00,6.379858117706207921e+00
1.647548901802555221e+01,5.337678644343855971e+00
2.892546987876998088e+01,2.271120721215017113e+01
4.311640668780782448e+00,1.849183845591185760e+00
1.316431883545376280e+01,4.950147067811464296e+00
1.849124028697657351e+01,1.417371134551329881e+01
5.128539507139232789e+00,4.380566320980624262e+00
9.278918173818025750e+00,2.538646342758470897e+00
2.337615269371010029e+01,1.097730556448206585e+01
1.889216514890937049e+01,5.781905001551268519e+00
2.433766601538722085e+01,1.907104681124949863e+01
8.229187473342502557e+00,2.456969209592083203e+00
1.597644585659141747e-01,1.127470148938290312e-01
2.655745941041801572e+01,2.542860896167798046e+01
2.098527037211295188e-01,1.393123507473674749e-01
1.666731791868271984e+01,1.050531902542014073e+01
1.942343774540921686e+01,8.081466486191207110e+00
1.427094146359379856e+01,7.763038375087718101e+00
7.442693070159285718e+00,4.371665967244112494e+00
2.321950012067738101e+01,1.523425993831997438e+01
1.139278640322982927e-01,5.236985998930957648e-02
3.835900689667045782e+00,3.515297395498759414e+00
1.718529742111973846e+01,1.131977354419327497e+01
6.390666735901164408e+00,6.455703691852096249e+00
5.237482574192392271e+00,2.617554672503933144e+00
2.159642313249096723e+00,1.770515769524253935e+00
3.237918559921089923e+01,1.500974565550647100e+01
3.187746640417177346e+01,2.212615561444378187e+01
1.007198870614948483e+01,6.765704653454173823e+00
9.809815518035115645e+00,5.592368974817195415e+00
1.369291164852450615e+00,6.736238978851367687e-01
4.510107370381414960e+00,2.468294086028589795e+00
2.807139018852299372e+01,2.393395767595567136e+01
4.148509779912903817e+00,8.747581931949582890e-01
1.187497746472345517e+00,8.374162988165699817e-01
2.560966373333072710e+01,1.098260590003680726e+01
4.826092781230408857e-01,2.747042603210441136e-01
1.249442208827000655e+01,4.319225797910113407e+00
1.615601609716760478e+00,5.188224064750451836e-01
1.208299791989582239e+01,1.132212981491855786e+01
2.383167514456759672e+00,2.083548080173961647e+00
8.733245023176013089e-02,5.249349125018351603e-02
2.820174329168723681e-01,1.585737153854746562e-01
1.452429103769526542e+01,6.913810188402738532e+00
3.047329389740967542e+01,2.833754035699199036e+01
2.623696128908709824e+01,2.578451618879458351e+01
3.330714163441343345e+01,2.457184899629640995e+01
5.748758041911277594e+00,4.089299067874273774e+00
8.178053204217626160e+00,6.215433474567178429e+00
8.260515801478716114e+00,7.755182522188352578e+00
2.898027024046607991e+01,1.432227275355274188e+01
2.776815368369211612e+01,2.393417913314764434e+01
1.621571939100446613e+01,1.166320751630968111e+01
1.928163366796553291e+01,7.478429335549846790e+00
1.243601179629141074e+00,7.333332592153465335e-01
3.948762447582522817e-01,1.080302617868681980e-01
2.326424108205736019e+01,1.858042626239872774e+01
2.669491068041021364e+01,2.560561490018418240e+01
1.548295625796879960e-01,1.157315797653286904e-01
5.753797966438802369e+00,5.818739444688486806e+00
1.949562187348124753e-01,1.375353149847981793e-01
8.617496293670827257e+00,8.181604371973371315e+00
2.725931620549424839e+00,2.568502431591916491e+00
1.161568845028861929e+01,1.025386483249116054e+01
7.670480103242550030e+00,6.696361158961025239e+00
2.898026760245177869e+01,2.004670972508736071e+01
1.882613577029195184e+01,9.432163433939837915e+00
5.293552832504632377e+00,4.272767846232285116e+00
2.599867620013217717e+01,2.038110921304766521e+01
4.522763279697932681e+00,1.166635940422354745e+00
9.532701930698778137e-01,7.611225894128293978e-01
1.695144154505297251e+01,7.949943788660311483e+00
1.815386765174754302e+01,8.291888957684953709e+00
9.051545349289716325e-02,4.355478718326068893e-02
2.306812304597416485e+01,1.558919276460484760e+01
1.998253968796436242e-01,1.469640738977385508e-01
9.160799896764882932e-01,4.706177951594915365e-01
2.675244955935540858e+01,2.131735521813850553e+01
1.893452008834518863e-01,1.450851341836806030e-01
2.212199288291134991e+01,1.063889872293413319e+01
1.465727695570564482e-01,6.616025424970123359e-02
2.253364719107868908e+01,9.247907843812491535e+00
2.672880598317989609e+01,2.206232716559265583e+01
6.913791277612863162e+00,1.993177343214090680e+00
5.438628717388268363e+00,2.525806880041650881e+00
1.881020920710535782e-01,1.287908068446581566e-01
2.746879470098219400e+01,2.502057142024322189e+01
1.632464417868553852e+01,6.870880760494538109e+00
4.529233357631302082e-01,1.483828400100209166e-01
3.423642241756957638e+00,1.223357479214483678e+00
1.943359125691171529e+00,7.848135776900806437e-01
1.429670014232908315e+01,9.376495784479743634e+00
2.825001670357409722e+01,2.812198375262406813e+01
1.814347285681434485e+01,8.567811382594102909e+00
3.972630685085000835e+00,2.025658643932809255e+00
1.498928087042624036e+01,7.806926532074719205e+00
1.207501207301437729e+00,3.769352308521799477e-01
6.638569350119541412e-02,2.887047989445043830e-02
2.107422158760020992e+01,1.710920703825969014e+01
1.793824441044744311e-01,1.346841219231816600e-01
5.753919309893402279e+00,4.277166605279443701e+00
1.393064515221116473e+01,5.255952834697468212e+00
1.086505482611454104e-01,6.709484744021312896e-02
1.521616065100375081e+01,9.746351735385559323e+00
2.346328917617913490e+01,2.098889083797304878e+01
1.890391376534293677e+00,8.953135843054423892e-01
1.945808671989484040e+01,1.497236036679208127e+01
1.892001100811229186e-01,1.217500330852133300e-01
6.635157325899625036e+00,5.415954999051004748e+00
2.223440382426441531e+01,1.171633372959849417e+01
1.622175412370630010e+00,1.317818253953375152e+00
1.187698473116074904e+00,1.011116128968323480e+00
1.226715594573802015e+01,8.063550108494908386e+00
1.307864065781188634e+00,1.051060703879813651e+00
1.180844971499675466e+01,1.304502376297207178e+01
2.131280409193711378e+01,2.020507671122855697e+01
2.406690481921396696e+01,9.322721129911348825e+00
4.442717669834003180e-01,2.799994250473646917e-01
6.346845173200462931e+00,6.248944096689015737e+00
5.465130122606294272e+00,4.402657447131273827e+00
8.838419827693501318e+00,3.038444329952107115e+00
8.362281916250747571e+00,6.220923497922308698e+00
1.086610255227317090e+01,1.868035508086061824e+01
2.843684652633462662e+01,1.855669065858224087e+01
2.703173258575781723e+00,2.262466414165813067e+00
6.323463465301012221e+00,5.188020850269761119e+00
3.284103956158665572e+00,1.576115129633342438e+00
1.106777938899998404e+01,6.402368636509960353e+00
1.504886412771924320e+01,1.437030924775509177e+01
1.842792323368981400e+01,1.845301003226354197e+01
2.253596396413605163e+01,1.162933089151971089e+01
1.805975470556419182e+01,1.617289266417191840e+01
7.677409867133222043e+00,5.460353439245834828e+00
3.812217939696351721e+01,2.059886173246843200e+01
2.939751002124145884e+01,2.005839791700736896e+01
2.711457662870051166e+01,2.280471004839937521e+01
1.362341655614450475e-01,9.833816037470759219e-02
2.159423474724040115e-01,1.377313634849981205e-01
3.100726044251337044e+01,2.123204864529590807e+01
2.730779763957903583e+01,1.045630150423689919e+01
1.630037236370876608e+00,9.733499342169434909e-01
1.587630950663910523e-01,1.083740117014033166e-01
2.836574255645264220e+00,1.800431169119415920e+00
1.329054965364045238e+01,4.279772214857378465e+00
1.592634430133692369e+01,1.567988569843114988e+01
2.616691769364611631e+01,1.818155866543606081e+01
6.113468374036920672e+00,5.004578953110796036e+00
1.586250749203667043e+00,1.486904145545957290e+00
8.347324745183820838e+00,2.013540581093141490e+00
1.891704453475078485e-01,1.331856572056276389e-01
9.540808492697651744e+00,2.599293954185573519e+00
9.550231195250063365e+00,4.373146618259896812e+00
1.096349628364736439e+01,9.447041973825998085e+00
7.276484665800806440e+00,4.440251868886891273e+00
1.054932589291805023e+01,1.154518643363843644e+01
4.974190833719353222e+00,1.383043373373010976e+00
8.998347234330644540e+00,4.848482093902573453e+00
2.954813539351483342e+01,2.160593140512715138e+01
2.792568976762724020e+01,1.261837774712919469e+01
6.529051001342809357e-01,4.611554199582186264e-01
2.795695643088867421e-01,1.650517978431367272e-01
4.168224696971423171e+00,1.284520932268700788e+00
5.996232819727092433e+00,6.086455612937777815e+00
1.111268195884423937e+00,6.429104485432117766e-01
1.765971562397238570e-01,1.128474356195817985e-01
2.510552717244786436e+01,2.034288510388028826e+01
7.680208290010779315e+00,4.108143441636057602e+00
1.391084462933296573e+00,6.673970079682091106e-01
2.897804140991047461e+01,1.959360187941663511e+01
2.734271890806630623e+01,2.349000502856548422e+01
6.224541827051262022e-01,2.318091490689672962e-01
9.073764623809692509e-01,4.958474156044314629e-01
8.116608459136696041e+00,3.916093790233616367e+00
1.766738108862572210e+00,1.197011759837984135e+00
5.367964643972714889e+00,2.450352971162031324e+00
6.200026874682164069e-01,3.634442505436776272e-01
1.517175199548176590e+00,1.230202571105163623e+00
6.274318787983628631e+00,4.525048503598799954e+00
4.245911380236495614e-01,3.432568151900523556e-01
2.412798765061459605e+01,1.154350830993443644e+01
1.884715925060238462e+01,1.153781594610159900e+01
6.638648849434056309e+00,4.403744681665155092e+00
3.172287296239491294e-02,2.125755776407389427e-02
1.415808613468333377e+01,9.530862649736615566e+00
1.608319429323818284e+01,4.503778363035483956e+00
2.553382344559312145e+01,1.565451141020849057e+01
2.699239114255621574e-01,1.630516633542196947e-01
3.844965775741382430e+00,3.021162172691815861e+00
1.642430228133457681e-01,8.192608094545647535e-02
1.169923274401701718e+01,1.062808689066048018e+01
9.388546941554537284e+00,7.970026910167568701e+00
2.540211665222476256e+01,1.062585415859603444e+01
3.206023433811618872e+01,1.450264319049503570e+01
1.457367425734299538e+01,5.413435652239283691e+00
2.245709537524978316e-01,1.444481928345908439e-01
3.234281987340146003e+01,2.289827497517252652e+01
9.587742858642149812e+00,8.711981730918832767e+00
2.745788136983121408e+00,1.332999623368306352e+00
2.920854719985115810e+00,1.761416960298751722e+00
5.764838625354389734e+00,5.761392062218278376e+00
2.462235788617240129e+00,1.216673823814648392e+00
2.963668953819292629e+00,1.961146553531867953e+00
6.589308272674763156e-01,2.681830016522318005e-01
1.792977697168859574e+00,1.047248770208649926e+00
1.698064208544824427e-01,8.879260641523449571e-02
2.567116870642631454e+01,2.515880693168056226e+01
1.642776725118264380e+01,8.368977110281901943e+00
4.987840894697085581e+00,3.137541176923385411e+00
1.664037467621545829e+01,5.913545798409542087e+00
2.419508142388716720e+01,9.308235742619979547e+00
2.191858592420257423e+01,2.018768550808562878e+01
1.786179467471241400e-01,1.355580654297666998e-01
1.550336803309413014e+01,4.617436712278383482e+00
7.146932391689674979e+00,4.624883952685444832e+00
2.647295646932217039e+01,2.626483889180304487e+01
1.676966622098882975e-01,9.124669300304324993e-02
6.889365208901176096e+00,3.364399395600887299e+00
1.320550994918033627e+00,6.852303810412344598e-01
1.106596194480650297e+01,9.943950686133270267e+00
2.284826868604685757e-01,1.449012520017697592e-01
3.629478365300044640e+00,7.557256720209792888e-01
2.094182948336385852e+00,1.688928281537787068e+00
2.073066121183101407e-01,1.280938804070811676e-01
2.674308834269047419e-01,1.509075320733238856e-01
1.648410087322371709e+01,9.670348705328931871e+00
2.973839600118981963e+00,2.128779057968062549e+00
5.631747350000426006e-02,3.054054769470462144e-02
1.437260933789053230e-01,8.927583027691073092e-02
7.628395174345865115e+00,4.545124584858314165e+00
1.391488556940140775e+01,7.804718087690106998e+00
1.514314457024788219e+01,4.146823691949574453e+00
9.331396504173008921e+00,9.087018927124869805e+00
5.281510385927275841e+00,2.121085852368117308e+00
1.675856535950129012e-01,1.265237959512574561e-01
2.570017953104326480e+01,2.254446106703898067e+01
9.362865926167078356e+00,3.367343291882216150e+00
1.555426376598962612e+01,8.150006284190974171e+00
2.375462753855999765e+01,1.660534692039769311e+01
2.859557698595573072e+01,2.375006859249316804e+01
9.897636896887131996e+00,5.321084689571560666e+00
1.891138074697592941e+01,7.827900901074638540e+00
1.969028302042406153e+01,1.573916558626332574e+01
1.584404309698862967e+01,6.066304726649650370e+00
2.249595803307862596e+01,1.028387826282651751e+01
2.187183726186529853e+01,1.143622083917241383e+01
4.488797477602702202e+00,3.656463444389522977e+00
1.175162868597302984e-01,6.237559241066630705e-02
3.626723287214931868e-01,1.319330854004802100e-01
3.013848133000888652e+01,2.683956051875319204e+01
7.216283609739757132e+00,7.119779119337597884e+00
1.386656535183488081e+01,6.097058964506383738e+00
2.443631027330605221e+01,1.319136366904974089e+01
6.939637370208940892e-01,4.204858353101541546e-01
7.694567569824311448e+00,6.463887315244762455e+00
3.272783979755231343e+01,1.486246195274422988e+01
1.335927870286993624e+01,5.964495078299616893e+00
2.024099565264806611e+00,1.033407110700890197e+00
6.864566875243599320e+00,5.150864453078666472e+00
2.962145952380413672e+00,2.049435584158338486e+00
9.169544188239708404e+00,5.131026018329843730e+00
2.437769649706561736e+01,1.499560276531252612e+01
9.445293478291139522e+00,7.355937599285311990e+00
3.504675478867372362e+01,1.655460735212395917e+01
6.848704354256839544e+00,5.313994624820135293e+00
1.551683167178035783e+00,6.857240534962162348e-01
2.554611971767328527e+01,1.138672129507845909e+01
9.901260626372034857e-01,7.995383945904300793e-01
1.196049212381775995e+01,3.631107223995325040e+00
1.904230576133092878e+00,9.079889605490107929e-01
1.706981912017787317e-01,9.037682607871554141e-02
1.634150957190845244e+00,8.314496323897759833e-01
5.222862419261020683e+00,5.226098296865572479e+00
1.316204171698045211e-01,5.727988652404193692e-02
2.897713004763220468e+01,1.182835001697935873e+01
7.316500471774884495e+00,7.450437885630714518e+00
1.843696066053144011e-01,1.476445454763405662e-01
2.775545261584344559e+00,1.950562150118643423e+00
1.722878114908744607e+01,1.338369743361122666e+01
2.603168106995422804e+01,1.707023293547399589e+01
2.176057108548444141e+00,1.990915315922060058e+00
2.947112192538742192e+01,2.681285617697805534e+01
8.843223475488734664e+00,6.781225935670910587e+00
1.316746988437312282e+01,9.752209533641163830e+00
3.951281341303745087e+00,2.088123061598343266e+00
2.742159261231434186e+01,1.497262388333267324e+01
1.753341729570118446e+01,1.295322254447840926e+01
1.167065114770691470e-01,8.790291009293429991e-02
2.513474639222397045e+01,1.250051869087795353e+01
3.468471879811399372e+00,1.675885606776566394e+00
1.290383202913291605e+01,1.124701609892729337e+01
1.228503142287359573e+01,3.519775748737003607e+00
9.828994559626156757e+00,8.825079464750578140e+00
8.781877979326618844e-01,5.092695422089024149e-01
4.147266103033183882e+00,3.432282869303404649e+00
1.279703779484075987e+01,3.332635181645123623e+00
8.395468675925021884e+00,5.564546423542723552e+00
1.635919522544379001e+00,8.324640191832686220e-01
2.032483214801814242e+01,1.319280371262301976e+01
5.077444506532255986e+00,5.038014358986938390e+00
1.865006389489302308e+01,1.741777353179573140e+01
1.470779635908739669e-01,7.807024453564452571e-02
5.785201976416719516e-01,3.488200262275320540e-01
1.720732924891213855e+01,8.277750168899283167e+00
1.375966032809248141e+01,4.406344931039136270e+00
2.624171225670597352e-01,8.245846532834258391e-02
2.844730708979521694e+01,2.386119535188684893e+01
2.608007731662499395e+01,2.346578469838568992e+01
6.405320319761215409e+00,3.311522470342678215e+00
2.520200479627450108e+01,1.673792878517348726e+01
2.663311217054477353e+01,2.190670676028437569e+01
2.442341547049093620e-01,1.037108010565311322e-01
2.632413739751539583e-01,2.086250045619531257e-01
3.438527004011744737e+01,1.577590215402628537e+01
6.193134513674191766e+00,4.615107386154741143e+00
1.991075835995622612e+01,7.790969702243074835e+00
2.840997722821033378e+01,2.107900529870071793e+01
1.018892972588591839e+01,3.833487623462866090e+00
1.940644148907158595e+01,8.886596074856182526e+00
1.999305574613104142e+01,7.327029167443792623e+00
1.075333243481642675e+01,7.166781600623520099e+00
5.428215478084406520e+00,4.406740978181134416e+00
1.797535523774113075e+00,1.277016374129900766e+00
1.389262021426032945e+01,1.350604211115439313e+01
8.398434264628315660e+00,6.027968764393143886e+00
9.045733968954403181e+00,2.438547686539691561e+00
7.292766407459176925e+00,3.391536707457826871e+00
1.721618085341189430e-01,1.469259455347000087e-01
2.178547570030644565e+01,8.145697697576880003e+00
2.866505951086061188e+01,1.881385556891925859e+01
9.668769793755494391e+00,3.367999508465974845e+00
7.591000067270475604e+00,5.052583700258888477e+00
6.738454345521640576e+00,3.060723841324489047e+00
1.260260307731440221e+01,1.294578625785002757e+01
6.900904514597202555e-01,3.697644476653856871e-01
3.303908164593427443e+01,1.571969763265451903e+01
4.232568887527074963e+01,2.426003632946780897e+01
1.847072792517065309e+01,7.404699736672610832e+00
1.057720888512134927e+01,6.508923336604015120e+00
5.083207117199196823e+00,2.899072034412752963e+00
4.319934935797046016e+00,1.599452618410625915e+00
1.119118052693425014e+00,9.499420954006145834e-01
1.225011542491289696e+01,1.215046990984322051e+01
1.814255741183965753e+01,8.523486198325677776e+00
3.132176436731783031e+00,3.025923703564437517e+00
2.404168063643203723e+01,1.497522444488745919e+01
2.879981103676872678e+01,2.331391998244032138e+01
9.491173787773201198e+00,8.000619583139851443e+00
2.268477784601397573e+01,1.647217412212895837e+01
9.494639055053216481e+00,6.284214675824816965e+00
2.890694393336890045e+00,9.637483348733844046e-01
1.186500238029748111e+01,4.176236322514947474e+00
1.073439635671302206e+01,5.682823628464080734e+00
2.118398523976508230e+01,1.138875886787697311e+01
2.183755385686731998e+00,1.611606684503704479e+00
8.868896177880918330e+00,3.478734221816164762e+00
3.781667087003643957e+01,1.964380850763200570e+01
3.070125328801120435e-01,2.276293180324643617e-01
1.243584982472578560e+01,1.158174928172373619e+01
9.405120927586168023e+00,2.984181593829502432e+00
1.370117002564314734e-01,4.814261225598159138e-02
8.034605382664148365e+00,7.531428537917802757e+00
1.850901505986335127e-01,1.250983763249734482e-01
2.724484990218785896e+01,2.070148211085879453e+01
1.825016330979211787e+01,1.781443527860534104e+01
4.453461570708450168e+00,3.616873892418014158e+00
3.184231424532491417e+00,1.087343801057477410e+00
4.798934571273210992e+00,2.743793155817476404e+00
2.148610227785987981e+00,1.362573016968066542e+00
2.554160739404077418e+01,1.149401518966584845e+01
2.480332514215231932e+00,2.155045685806516786e+00
2.479646006098911570e+01,2.151304726420487512e+01
2.218660653497975233e+01,2.081175508384198736e+01
2.669655163077511162e+01,2.185761960962199524e+01
3.124891968353549387e+01,1.319278544894820193e+01
1.273816787628494929e+01,4.840196868580926903e+00
1.385426855415092362e+00,8.138869099129003581e-01
1.978242160051572884e-01,8.888725017952434082e-02
5.345473564267139821e+00,2.830748834916624546e+00
8.720519173379564393e+00,2.167210196650630305e+00
1.741874325869579820e+01,9.095642706872361316e+00
1.761661612533653809e+01,1.221772900883735780e+01
3.820796085995884273e+00,3.194182728217150657e+00
9.992135721975522245e+00,8.527923474357033129e+00
1.943644879360154221e+01,1.304571181674891633e+01
4.101290396199373589e+01,2.231547528158460381e+01
1.965319323872157042e+01,1.144416507314562992e+01
1.235743204056521716e+00,1.011373252095811637e+00
3.441855738615400284e-01,2.055176923910378983e-01
7.375436084229373357e+00,6.687248139433404681e+00
2.435972919257453384e+01,1.469987406209367720e+01
8.446157405313129418e-01,3.938551938095630200e-01
4.340142583423044265e+00,3.602562431364292550e+00
3.787532673853913678e+01,2.116086360130719157e+01
9.597333622124374131e+00,2.354463073333075585e+00
1.925321372916512885e+01,8.703728522362951026e+00
1.046986905110527566e+01,3.753607251753387164e+00
1.791429194525417046e+00,7.249696093102857564e-01
5.104734593430666934e+00,2.386845076759559259e+00
9.945649448800283565e+00,3.655656266412470767e+00
1.969103802514642965e+01,1.309469229259943290e+01
9.005203820677898818e+00,7.609055951938429985e+00
2.884582244522025385e-01,2.400062543004788940e-01
3.188702302158512580e-01,1.343776239086686419e-01
8.301160146209651813e+00,2.351729436358415803e+00
1.803904502082725259e+01,7.069235060778051860e+00
1.064897734682242192e-01,8.044930037231536046e-02
1.274795863156477083e+01,6.107844684260444801e+00
9.046650777029487944e-01,7.307363486176057243e-01
3.976054929319119857e+00,1.737756332511618984e+00
2.469093019611507955e+01,2.132170069575898452e+01
1.566659254810978952e-01,1.062440470818279969e-01
1.255501550951965761e+01,5.067083915290441887e+00
1.762712662596040758e+01,1.094058978406186355e+01
2.508195438833817070e-02,2.689108181666075709e-02
5.780974868168806680e+00,2.442799830095512270e+00
6.143176409857422637e-01,3.631397187676438376e-01
1.480074399992565581e+01,1.186893513925333821e+01
1.692414196835794371e+01,9.403101615731193519e+00
9.078155049956802003e-01,5.950471838160572569e-01
3.152054832330793421e-01,1.312124156795320962e-01
2.391573358154769480e+01,1.096193293615423414e+01
3.009211358589536900e+01,1.242806854208961731e+01
1.193964569391772201e+00,6.486280882856397811e-01
2.034660426416533274e-01,1.671373909131688984e-01
2.037977878131198395e+01,9.216183716180042396e+00
1.553125223495816876e+01,1.337986102108190423e+01
1.083238669092479967e+01,1.489174369204438797e+01
1.923704213315279576e-01,9.743924088028341202e-02
3.052583626638037373e+01,2.051922180101210103e+01
1.522121384680802691e+01,1.052895072219135919e+01
8.284292508714250491e-01,4.399748823714654256e-01
2.342480181100863135e+01,2.047903640908350553e+01
6.397149393236439607e+00,4.567646093477507385e+00
4.482723225191255878e+00,3.117868330906325092e+00
2.342795529929327714e+01,2.265254257889252187e+01
1.070681446268200165e+00,4.006824600064899933e-01
4.334604139097265829e+00,2.416162712390556244e+00
2.715402546945304962e+01,1.316076057397449439e+01
2.793115311561810810e+00,1.388693819066715296e+00
2.466928004587480316e+01,1.711123332628197602e+01
2.187107755726257485e-01,1.208897110399096975e-01
3.280095853085471802e+00,1.380858127156018966e+00
2.886549504071576067e+01,1.919765598814091589e+01
2.585285801424743468e+01,2.077658556788949085e+01
1.418922003332596304e+01,8.392852751115375654e+00
2.901368338066232155e+01,1.431715510467787311e+01
1.687208422850536849e+01,1.293811427110456158e+01
1.508243206862106867e+01,1.422047914339703212e+01
2.309469884557860198e+01,1.221775632175605786e+01
4.371277820199172659e+00,2.152229295190857705e+00
1.802222884455058249e+01,8.759938827597103739e+00
9.075575427385585980e-01,8.461290602163209496e-01
2.419382376337264873e+01,2.010603619728631486e+01
1.789908486524179665e+01,1.642494088463045898e+01
5.519887339709108609e+00,1.893269266013634322e+00
2.333515237430895117e-01,1.182783958518114631e-01
6.447236164396478841e+00,3.117840017507300665e+00
2.677228508480590463e+01,2.057810518436047786e+01
5.213016655723539117e+00,4.127534379294998779e+00
1.670091365468771372e+01,1.289511791522680362e+01
1.529041483117874378e+01,6.399613955168812929e+00
9.823537973169168325e+00,2.896930894153448399e+00
4.124090560082444235e+00,3.471870499041930458e+00
1.335154529254201083e+00,6.407852424710260841e-01
4.726713519209496672e-01,1.499607322626990424e-01
8.969329734643393337e+00,5.815358022154730300e+00
7.642029480496203675e+00,3.296081088029003681e+00
7.156770568063425486e+00,3.251213094685333260e+00
2.292750527840000885e+01,2.226482832075867080e+01
1.501001046507405867e+01,7.143291015551439749e+00
1.693479864043438976e-01,1.105775743641381342e-01
1.948754522312236048e+01,1.894147154637745700e+01
4.640411252471664527e-01,1.739090967473334859e-01
7.262956140444072617e-02,3.143297733462432214e-02
1.330833571416144423e+01,1.333407766701702712e+01
1.100491077382994981e-01,4.681197968024952694e-02
3.031179413918318488e+01,2.024857571274149848e+01
1.796147590278228012e+00,7.236290580711126630e-01
2.690728390575709561e+00,8.296330261132323081e-01
1.880224450400103109e+01,9.641728261300363201e+00
3.995063654276044263e-01,3.010681431089189397e-01
2.341285063444928038e+00,1.192296782593846638e+00
1.346294248685764039e+01,1.263414282807847933e+01
5.056980238089770374e+00,4.384234678710142497e+00
1.954415258096486241e+01,1.217679482633340804e+01
2.858927219235246397e+00,2.327794688879378793e+00
1.276954628309097650e+01,3.900011616635746581e+00
7.648609092622230321e+00,7.737106986696396405e+00
2.316223997700580028e+01,1.816703735389265262e+01
8.674830225868630507e+00,8.610334146433103797e+00
7.326780699329425772e+00,5.303463404636407752e+00
4.486314079861914550e+00,2.625673878531037175e+00
2.598539874150540641e+01,1.632492034189224483e+01
1.604190789877051104e+00,5.936670263302338268e-01
1.758716056593191690e-01,1.115280546891385255e-01
6.615239407958512174e+00,4.233672027650610126e+00
3.412131050472365423e+00,2.790782829541071486e+00
1.880295497412109162e-01,1.067324708991445326e-01
1.113850101398892872e-01,3.969480256556688624e-02
2.627258818318329503e+01,1.479588665240419232e+01
1.750527850673027075e+01,7.065159785576017093e+00
1.545800139078984969e+01,5.126211698350767954e+00
1.334061205020391772e-01,1.166121436219614421e-01
6.694806585304295510e+00,4.870042606307652733e+00
2.082764662079197038e+01,1.243392323784196130e+01
2.556942588089831148e+01,1.727834199772074797e+01
1.084135800524500676e-01,9.112681798433378000e-02
7.481954319575505608e+00,7.066443594149705909e+00
9.820621355742110481e+00,3.654741436667230392e+00
2.397926134170307222e+01,2.365353252337451551e+01
1.375371412696285933e+00,4.520361295055096984e-01
1.584607156057310817e+01,6.254275076239568243e+00
2.947553479008779842e+00,1.395084421082878556e+00
2.266688489230170944e+01,8.415665210991878808e+00
2.542325221521972267e+01,1.728078893973593111e+01
6.352220829686806347e+00,2.532577106138819367e+00
2.141866125542525623e+01,8.480317065894237061e+00
5.096614382297323664e-02,1.626943609768120164e-02
1.426095214813504164e+01,7.381609334651614951e+00
5.633277462617134468e+00,4.875666131196841668e+00
5.501111155837953071e+00,4.721393285733883616e+00
3.498639238040292199e+00,2.809691636823192784e+00
8.395649161084898893e+00,5.374573130752247074e+00
8.696102920458773866e+00,8.331861306073719220e+00
1.755471667955268700e+01,1.580133250551789281e+01
2.471664419276076430e+01,1.982120312885469104e+01
1.386053681152299877e+00,7.003744873440160834e-01
1.048154718199062252e+01,2.840210627151317446e+00
2.531109559075797222e+01,9.603344504691916583e+00
1.245289058140585547e+00,7.269948387918347965e-01
1.004927186428389019e-01,6.424519555153961059e-02
7.291200716064000886e+00,7.521720622874475737e+00
1.477802577985507426e+01,9.235699308337814273e+00
1.581793075239746926e+01,9.374117079659407992e+00
6.049497338023163806e+00,5.087450388274338486e+00
2.486305044193887781e+01,2.089922164095884938e+01
2.126191979740685412e+01,2.029961317880343685e+01
1.176037636002207698e+01,3.692618889932695936e+00
1.940594346087772148e+00,1.124675491575229280e+00
6.269567411118903699e+00,3.086260545988575910e+00
2.689567499491887670e+00,2.058583667640533132e+00
2.187413238430610107e+01,9.649911981079759116e+00
2.981119537795592578e+01,1.437323724291624316e+01
2.493768872889165777e+01,2.365756146303594676e+01
2.749651512694806854e+01,2.165360842763674754e+01
3.031539307055934884e+01,2.018814324944549909e+01
2.948496642682461033e+00,1.932202480801270106e+00
7.360791886525309691e-01,3.097234903564430875e-01
8.260282755664074550e-01,3.961302393954010959e-01
2.835311385286212982e+01,1.142783439273412682e+01
1.506357115829958793e-01,1.003335410708262737e-01
3.351171154313492195e+01,1.830891745110012181e+01
7.078743858553017132e-01,1.953678776657239713e-01
2.575046418892653222e+01,1.910623466200942033e+01
2.666851043215488493e-01,1.588051410445819600e-01
8.065734920048694079e+00,4.398997940974718190e+00
5.415303222812837269e+00,4.267244603507512224e+00
3.025615865557536210e+01,2.229850361139694570e+01
5.963460859936052572e+00,4.951168261049429198e+00
2.855827009551831885e+00,2.569110078743330750e+00
7.105497691446970521e+00,6.951669244004577308e+00
9.406676437660888013e+00,7.466299660471928057e+00
1.396310905124639135e+01,4.687502950910186428e+00
1.954987522204200967e-01,1.008010817122297481e-01
9.479374107253562443e+00,7.220964278903155176e+00
1.220071374784558671e+01,1.023289637018439890e+01
1.257083927686689151e+01,3.895706947553735144e+00
2.170237853534922878e-01,1.234880192000159249e-01
3.811400122090123688e+01,2.045097918937469572e+01
1.411364574405030270e+00,5.487725307659063745e-01
1.309152418540379692e+01,3.369777224028601914e+00
1.765826803533589451e-01,1.157324937869981529e-01
1.135694265453059870e+01,8.650312720203370276e+00
1.386060846190755869e-01,7.864924427876170132e-02
2.533138343785588020e+01,1.238305285825127910e+01
1.524215404275092567e+01,4.609873065050795304e+00
2.983816217500790291e+00,1.347719907366494718e+00
5.018920219962036633e+00,2.699403599931418984e+00
2.908349075743201784e+00,1.632523053488566633e+00
1.576223899381555604e+01,5.801703635805382397e+00
7.471794259933015603e+00,6.340855233297097548e+00
1.812328328047538051e+01,1.497260570340076313e+01
2.885142079724596798e+01,2.019878528922037830e+01
1.125124108876056073e-01,5.690472468120422178e-02
9.344340326693307830e+00,9.345824666610900167e+00
2.651736939241205704e+01,2.285828261193571009e+01
1.853964909923077187e+01,1.099343155280880602e+01
2.947352830194171247e+01,1.336511539843081309e+01
1.706647715222989747e-01,1.101807033879496911e-01
9.335846318804193800e+00,8.748346585094173733e+00
5.882434863362235866e-01,4.902752152438937250e-01
1.995147241419177675e+01,1.177529288464141466e+01
8.333004400371146758e+00,3.782598388981527560e+00
1.413758631816457445e+01,5.424211474447454329e+00
4.692629581294719188e+00,3.362623865993573435e+00
1.841563625290850226e+01,1.316761246299669530e+01
9.060161813048386747e+00,4.266492928073971846e+00
2.084525280647101297e+01,8.994831503589907129e+00
1.275285361336390544e+01,4.985222301485505270e+00
1.164855303436637080e+01,1.171286851774576121e+01
5.042736041137117375e+00,3.798719446289697821e+00
3.866918969033318998e+00,1.509782436751424317e+00
2.541073824495736133e+01,1.195017728504368826e+01
1.202237714968026117e+00,7.454097917178997834e-01
2.318839599765667003e+01,1.791108191487616708e+01
1.062808544094597102e-01,6.118789157786455601e-02
2.152318584971598980e+01,9.235309574584915637e+00
4.302841934815710090e+00,2.031593398402399497e+00
1.269093956007362189e+00,8.764554641531061563e-01
2.320736410725966081e+01,8.457621028375166716e+00
1.342200340887762877e+01,8.113644240466033608e+00
2.621923941694779359e+01,2.153600138224995320e+01
7.175692948961531314e+00,4.731738246233618383e+00
5.474279277395484478e+00,1.287997877619763143e+00
2.722573199727014170e+00,1.404717671350472985e+00
1.024056607916740980e+01,8.346589153418747742e+00
2.403446960670653354e+01,2.271934505035892826e+01
1.568904916992935128e+01,5.877228972740908830e+00
8.909212070024255525e-02,4.947997146352996201e-02
2.477923736906275098e-01,1.463296440408893284e-01
1.291017952686803127e+01,9.085945441311244153e+00
2.268705145508700127e+01,2.026034148418543523e+01
9.717183976050163707e+00,9.770367719207030177e+00
1.219784769151744497e+00,6.004712210081282198e-01
1.688235622502784194e-01,1.232805532704500801e-01
2.460276642039559647e+00,1.050632979864956296e+00
1.155530260121458674e+01,2.940835604979518791e+00
6.248344953956410208e+00,6.225546468471923944e+00
7.868173865578094173e+00,4.631161034214093419e+00
1.907947623622008138e+01,1.789200466945900203e+01
2.796818693403784550e+01,2.413667572066621858e+01
2.941473125697980251e+01,1.214138432564310044e+01
5.698787195754713153e+00,5.060484393358334110e+00
2.023092488023809088e-01,1.382933517190571837e-01
1.804182346270056669e+01,6.988584210051569379e+00
2.149572583783963609e+01,9.122757435393175740e+00
1.579725427481427913e-01,1.281902726310010510e-01
2.413070005502616056e+01,1.648970792253876994e+01
3.008524363590926676e+00,2.391235204222142308e+00
3.419537581907066692e-01,2.778835658023083299e-01
1.440892045026715973e+00,7.535118544545529318e-01
3.296926525121081397e+01,1.468637713195261618e+01
1.897923439362627818e+01,1.053265693946359427e+01
2.008977607125200038e+01,1.014137358373799280e+01
1.715835470488685033e+01,1.280083311686442649e+01
2.382927755816450954e+01,1.361241764927385312e+01
1.603895683969818364e+01,1.023574173181976477e+01
1.724622466076276561e-01,1.392203005549095818e-01
5.497289762417726600e+00,5.183123515852919638e+00
1.284138550795396461e-01,5.840973480292244863e-02
3.243508205984299564e-01,1.789491452344002254e-01
7.800517066421738477e+00,3.093286075786424671e+00
1.095693431791793376e-01,5.640779260086031116e-02
7.845665643803691580e+00,8.094762365301955143e+00
1.100058462282043736e+00,5.644243916385672799e-01
1.393413037565751900e+01,6.627347621437397862e+00
1.665285270447942523e+01,5.504852838557593664e+00
2.136302388337189129e+01,7.824465787940898309e+00
1.587490610037271388e+01,1.095917000494359961e+01
3.084343583328124083e-01,2.172908549534688372e-01
1.613362433787248662e+01,7.444084267266118715e+00
2.724868417568433543e+01,2.364337041235028281e+01
1.326867305883818204e+01,1.308309979051382399e+01
1.390778647910494437e-01,6.250503885755998024e-02
3.798360149038469746e+00,3.202275724621730379e+00
8.360179069505450755e+00,3.034016952409302803e+00
9.435502673310095290e+00,5.613109881340960783e+00
1.323309991126326679e+01,6.178139011113646717e+00
2.993689139331381099e+01,2.073873421330260669e+01
7.270080246654679890e+00,6.936867315826078517e+00
4.621306438965958607e-01,3.549609022827249771e-01
1.689155518227664032e+01,1.031458440421216771e+01
1.746551068334598966e+01,7.409940315739188321e+00
5.001964470121187389e+00,3.987143768643580444e+00
8.238426459951620373e+00,6.374419406216929040e+00
2.414853987785703282e+01,2.217145079247839234e+01
1.355402447248808073e+01,6.776080344438264014e+00
3.534133297973210830e+01,1.757204505382573245e+01
2.051187976943108282e+00,1.568729910236402070e+00
2.874113216571346996e+01,2.667691945531919373e+01
8.367437135751218946e+00,7.997349868640658777e+00
8.565647162871335984e-01,5.841716833317810442e-01
4.315586816993540076e+00,4.096064371741154453e+00
8.433542989004270130e-01,4.381733560058255206e-01
2.348458976114929442e+01,1.631795264019909908e+01
2.152122830498815276e+01,1.182649692955484966e+01
1.392242143891346906e+01,8.461741898644053350e+00
5.479523586340928176e+00,3.806147088931536970e+00
3.217843271172371544e+01,1.474857726560918536e+01
2.470771992502966086e+01,1.693578372090024331e+01
7.526280737938668697e-01,4.633060096364983171e-01
4.360889923519851052e+00,1.755561349419176409e+00
5.305250705600953687e+00,4.615511106034944078e+00
3.429529392042110825e+00,2.584433088435550641e+00
6.327097208446443410e+00,4.771940074423696387e+00
1.484790644859195297e+01,6.875637167608951827e+00
1.435713446283161865e+01,8.340115988352939880e+00
7.492660196258219329e+00,3.161509277824131381e+00
1.051227031915373189e+01,1.061649999996483196e+01
2.148116550826567606e-01,1.144049354603234175e-01
1.904870532879035139e+01,1.153441997392465979e+01
2.625593093200108896e+01,2.056988880541159403e+01
1.142867370916979119e+01,3.623339979163364699e+00
2.508980890222090210e+01,2.158922588439954993e+01
2.639292184875044711e+01,1.250910698113897901e+01
3.320962740911773903e+00,3.056793053497804280e+00
8.387135724822424976e+00,7.183330538196011972e+00
1.725130636210245783e+01,6.148786004409381611e+00
3.903031348425297420e+00,1.264115846132044529e+00
2.304240922012737780e+00,1.182154331222661892e+00
2.310857637282578203e+00,9.698737361707818749e-01
2.181637204334375468e+00,9.016606722064224311e-01
2.055366054905959139e+00,1.143088081927203348e+00
5.577417664794338537e-01,2.294708285927168911e-01
1.829064936018979515e-01,1.318667101907531336e-01
1.891250137436241374e+01,1.235289924023654429e+01
1.629272424249571927e+01,8.598202855911345921e+00
1.973629665168191716e+00,8.664448983499347667e-01
7.939070807589053480e+00,4.852955812290942639e+00
2.491147796631816647e+01,2.350766159996327787e+01
6.507639303301551159e+00,6.071486844385539428e+00
1.503125188652768784e+01,9.626567082203143499e+00
2.102453066626902611e+01,1.582626831508313714e+01
7.002697513593483691e+00,6.963562496523395318e+00
3.069760661362681997e+00,1.376125958373195735e+00
1.492216716050704761e+01,5.111987085538663322e+00
2.881445835799697974e+01,1.374431334636714297e+01
7.042143030465107534e-02,4.446411354750428452e-02
7.937999721080485571e+00,3.522834373270383956e+00
2.723288715725329379e+00,5.893810038053490796e-01
1.663921458867341130e+01,8.681067752967450701e+00
4.683511752282581431e-01,2.682963990473475335e-01
8.481687463682101580e+00,3.437154258003918716e+00
1.459581622066291295e+01,8.752408953288613347e+00
2.719798587325794870e+01,2.194333657515867131e+01
3.835659060703414891e+00,2.692914714350739480e+00
4.239538879226832258e+00,1.078360311061198118e+00
1.992395686402109334e+01,1.451172116645690302e+01
3.492430777810489495e+00,2.344192427244567334e+00
8.188509305676321404e+00,6.254082186211765482e+00
9.728785208643880855e-01,4.799634113931879886e-01
2.026278740309385640e+01,1.640127719292745212e+01
1.499208198505895262e-01,8.875042853040607249e-02
1.897401404039924699e+01,1.405714213925555711e+01
1.756283296067808197e-01,1.137730299831256342e-01
9.763690086467084750e-02,9.255341545393133695e-02
1.585345701325526768e-01,1.298397830426978317e-01
6.880349789423717555e-02,3.641996878643220109e-02
7.952897646921983088e-02,4.740827229391258307e-02
1.069809872956379770e+01,5.863471485921482262e+00
2.194704878968905870e+00,1.608530262676775902e+00
1.984799936447944191e+01,1.734963820715522687e+01
1.249919143631063534e+01,1.251568088413193358e+01
6.888031612688766181e+00,2.841816204274087543e+00
3.241618653116582482e+00,2.777212660307124548e+00
4.569435899950359814e-01,3.108307576045589160e-01
1.749679511701861312e+00,9.096282330309994890e-01
1.135262491249983263e+01,1.090907233839775969e+01
7.154492003037223213e+00,2.035778993695375405e+00
2.351077552012615257e+01,1.210037721304255598e+01
2.557930923581463567e+00,1.179334654993202003e+00
1.358105116876174856e+00,7.550108606950011181e-01
1.413721426745529897e+01,4.864007017052434989e+00
1.819730144289318829e+01,9.500617394494364376e+00
4.681724101978153030e+00,3.924710144156184910e+00
1.216597173530875686e+01,1.003297643435731601e+01
4.472612138294593365e+00,4.355689289236193140e+00
2.244093566546496277e+01,1.480366718443547924e+01
4.073330909111624321e-01,1.838211253286325397e-01
2.322286270072194370e+01,1.249919420319982066e+01
4.813146903667615994e+00,3.804946942091437467e+00
2.247836056162331175e+01,7.808019805074256858e+00
8.968872551760338041e+00,3.431672792029095476e+00
1.460034703104087761e+01,1.432925674174319397e+01
3.998994302204392781e+00,2.285127551994894368e+00
1.693343857654459328e-01,7.988502454294704735e-02
2.472839720205507774e+01,1.712237264355147204e+01
3.027542096114855852e+01,2.428361422009859183e+01
6.961027900397466439e+00,5.619935656591998452e+00
2.504641307685432139e+01,1.464446253753075311e+01
2.770524063930963621e+00,2.141262223982620228e+00
7.480864594766391262e-02,2.895812914084549411e-02
4.674387024025582704e+00,4.104360941821649789e+00
5.446339774930264888e+00,4.270574638629611286e+00
1.853174366563807851e+01,8.797301920393472585e+00
3.791140293172832187e+00,2.706702494442524198e+00
6.068646845242973292e-02,3.511667332111135381e-02
4.815105564282381678e+00,4.009067145465129656e+00
8.589830262710326236e-01,5.081604297947232007e-01
3.358139326736615971e+01,1.552070226395065511e+01
7.943802605378562198e+00,7.951849725067952512e+00
2.326026307667486392e+01,1.464114739902411877e+01
2.158125243409572747e+01,1.001032253396327043e+01
1.415267060731022575e+01,3.786629621168450921e+00
1.106485995274972289e+01,1.105371231808975807e+01
2.351064886971263945e+01,1.254348541816402651e+01
1.616337633070626012e+01,1.333283158834136728e+01
1.462689362410319305e+01,1.093510435122336588e+01
2.679715252405350157e+01,2.224076050948863426e+01
1.432635420090429612e+01,7.396398520607304405e+00
2.187753019307216551e+00,1.893364913134997884e+00
7.881807837243039572e+00,7.573196573451319580e+00
2.884375249777085060e+01,1.184588505234133748e+01
1.799346025596331700e+01,7.694465852856239962e+00
1.021990105276305449e+01,2.496726583306289271e+00
7.200526902045819355e+00,6.774735012174579296e+00
1.623582959760652422e-01,9.327380784550937110e-02
1.794023787540967518e+01,1.072205010016392990e+01
1.414217164451638808e+01,9.942718695681849184e+00
7.556671667083772803e+00,7.553636443337863327e+00
3.497803151908161823e+01,1.628773080707777865e+01
3.096909497014301849e-01,1.209543130487751861e-01
2.548482695131859188e+01,1.915333470871718902e+01
1.542327631996628368e-01,1.319320857965905480e-01
7.531404469806215474e+00,6.474825507564106353e+00
8.801338990427424847e+00,4.558042546089398073e+00
8.651546591307665568e-02,7.277696848606687863e-02
6.126960260931556768e+00,1.335293197183640590e+00
6.866210209103954298e+00,4.808565181911092168e+00
1.910373892355116610e+01,1.157366387361758520e+01
2.873938751775373746e+01,2.580124042048061028e+01
1.113224174639005071e+01,9.984802150137669585e+00
1.270935136461767279e+01,9.280213032120629535e+00
2.500665681274328733e+01,1.895982700054913295e+01
1.541277410867461173e+00,1.003095628093391811e+00
1.681547212103512123e+01,6.568357361588867072e+00
2.489918331931687945e+01,1.678094714484239702e+01
1.888252801974821438e+01,7.459691904680325614e+00
5.580792402783520956e+00,2.494160939096761620e+00
1.388175708207998049e+01,4.402862785309173965e+00
2.341326214569618713e+01,1.120118242441250445e+01
1.752402804683262616e+01,5.072464639909779471e+00
9.891787609450299001e+00,6.342094718969180533e+00
1.000637948045758741e+01,6.275957320971195408e+00
8.352384224641490107e+00,5.285982288795961104e+00
8.770352314670441629e+00,6.967560688018275883e+00
1.157315496572748348e+00,2.473622162966226390e-01
6.781473819116851098e-02,5.320225479550263342e-02
1.272386288686234934e+00,7.184769282401822776e-01
7.108403403674290466e-01,1.955426333187614829e-01
3.575377461937432777e+00,1.100302398896306544e+00
3.103675054640477882e-01,2.847092044825297874e-01
7.211821536975802971e+00,7.062617072586756528e+00
1.464202965660634526e+01,5.422421331776638098e+00
6.473660018490804191e+00,2.312774236550862117e+00
2.373178965221817194e+01,1.409843988602499110e+01
6.640418286821393734e-02,4.031215231353941358e-02
1.274399510713191397e+01,6.656024873162983191e+00
3.150616925615052022e+00,1.146384200173985457e+00
9.784875027196612507e+00,7.562124439994515335e+00
1.501593204644322022e+01,5.182975923753033065e+00
5.121193369556690023e+00,4.472504027753037015e+00
3.308513641186229037e+00,1.866329829710389854e+00
1.166608020585085903e+01,4.351481792594587894e+00
4.138830880749126528e+00,3.031007203949092510e+00
8.092184428803953722e+00,4.161426865299533873e+00
1.069705202279781275e+00,5.551604580901245978e-01
1.039185486011100501e+01,8.588271355799895090e+00
2.221162468154436809e+01,8.652893293646346962e+00
2.458929837145759834e+01,1.956238014378516610e+01
2.417705284649589714e+01,1.990634949937589582e+01
9.445113822345095889e-01,5.551601562723993410e-01
1.202219427058071233e+01,3.701129556557463562e+00
2.492503279638003022e+01,1.760673843303820973e+01
6.431742391713457963e+00,6.481269058761126800e+00
2.883550748793704344e+01,1.837641073132593661e+01
1.849623697572667425e+01,7.727092549035681657e+00
1.765589427947197310e-01,1.297016217448844488e-01
1.231601041943158314e+01,1.116017330937295071e+01
9.806509450127734451e-02,7.924893430096267843e-02
4.643447577474300592e-01,2.091891043932010974e-01
2.846561599075681848e+00,7.394866215089758166e-01
2.880518747462909701e+01,2.761211348501722540e+01
9.433948625458096204e-01,7.939109761224502071e-01
2.654697009828702292e+01,2.290292563482076815e+01
1.505979597826394012e-01,5.458751624938065067e-02
2.456101747775025856e+01,1.795496889077980285e+01
8.163018390094383125e-01,7.239627371475590989e-01
1.760436883371507477e+01,6.367101792186057097e+00
3.476006554939075066e+00,3.188139722039363910e+00
1.035110156973463447e+01,3.961279202821568202e+00
3.500739520485396383e+01,1.649227096882407295e+01
2.836754668249777112e+01,1.933913229175605508e+01
1.854373728714458025e+01,5.654467897954592814e+00
1.941916777628905422e+01,1.128334250244375170e+01
1.490821996655359172e+01,1.078899271701876472e+01
7.375992542117317807e-01,3.051885739359927463e-01
9.472851490499172300e+00,3.667370432456113605e+00
1.207801254151637416e+00,6.955286298859105765e-01
5.931196809344069898e+00,3.297748303522056279e+00
1.746249430708636252e-01,1.287387191121226737e-01
6.395061758947535147e+00,1.396969421943748957e+00
1.539055427255906272e+00,1.293096314480816300e+00
1.583328070332304094e+01,5.610646718996956217e+00
1.434790369268414345e+01,5.241178715951541278e+00
3.138848289760475652e+01,2.160815252315102697e+01
1.496026120812779192e+00,9.088716710610351690e-01
1.004247900182235337e-01,5.682650473455079509e-02
7.169587095541738009e+00,1.841390751163485939e+00
1.229973441040134041e+01,5.392526768102698043e+00
9.989522378141472148e-01,4.975607621259456881e-01
8.767050099655994799e+00,2.145202218071556199e+00
9.149774668626749374e+00,7.008988941043300613e+00
1.195349829662145646e-01,5.885987770287763599e-02
1.181215444931232206e+01,6.654277761517686685e+00
7.668502846612806678e+00,6.855945474252238547e+00
2.566125452206042112e+01,2.168330222611267644e+01
2.268129620743676078e+00,2.093561015604340714e+00
3.069049754217603176e+00,1.547415607454816433e+00
1.606211144975724636e+01,8.235109894071845460e+00
2.600521103892288743e-01,8.690924362879764997e-02
5.409567985570333803e+00,3.499102046331172833e+00
8.366481382048347015e+00,4.064937000181520155e+00
1.277517050957133193e+01,1.067766020328478049e+01
3.317720808544994782e+01,1.472331480712200324e+01
2.582072508970256308e+01,1.856069355107844743e+01
3.298124206054655616e+01,2.004264937504999367e+01
8.474350246184843005e-01,4.958980242363265623e-01
3.964930568363710939e-01,2.312426040998737942e-01
2.887869967470878763e+01,2.102575261618147451e+01
1.074139223787759434e+01,7.130252380979426263e+00
8.056738731050137048e+00,2.922327742772557801e+00
2.977235087262761581e+01,2.395255428315678614e+01
9.477071133119856938e+00,1.018305693027411074e+01
2.776544172049104375e+01,1.922169465288938284e+01
5.120057969259974584e+00,2.746376661913538353e+00
1.779028130686073084e+01,1.214074354341132178e+01
6.342290591079825290e+00,4.991327210594716846e+00
4.996142869665974651e+00,1.944479963841351244e+00
1.181831484278467848e+01,5.613682984713765478e+00
8.090590615577567535e-01,4.161049331898176717e-01
2.900674584914064980e+01,2.124399729879637277e+01
5.864316161958552875e+00,3.722550622062600123e+00
2.520495004695332142e+01,1.103649031639673872e+01
2.876662049995470927e+00,1.441464817584290348e+00
1.097369592147534156e+00,4.354976437301142367e-01
3.909848519957082402e+01,2.861539607366756499e+01
1.843579028947564069e+01,9.322815420720486301e+00
2.509163214470490999e+01,1.875871154626107895e+01
2.454662030828814456e-01,1.332385783272380941e-01
2.626776487165901131e+01,1.164950954804453076e+01
3.205630865232069482e+01,1.434646036092996368e+01
7.403647130479790839e+00,7.378425978502982652e+00
3.719579047835111396e+01,1.924299050262808919e+01
6.075150744171012862e-01,5.159269369583192599e-01
2.591655528533760844e+01,1.494317113657577245e+01
7.253531901703940576e+00,6.556490971182866723e+00
6.859075947524927663e+00,3.391158856864695537e+00
1.256863545772740665e+01,1.224375551137439544e+01
2.713100473567313653e+00,1.874147988879156346e+00
1.557659626951988407e+01,7.076278357941285790e+00
2.531845061869458746e+01,2.219240582953929675e+01
2.242905206881550839e+01,1.008698180791537347e+01
1.398275474444002242e+01,6.019302760677602393e+00
4.099517535856258554e+00,3.504485839449783313e+00
8.703703140628816115e+00,8.247119354533131386e+00
9.737259070303498021e+00,2.818604949233893375e+00
2.087844606722413943e+01,1.164255567151658610e+01
3.879360872037954433e+00,3.793835998346730687e+00
2.686955089927268148e+01,1.956260547833660723e+01
4.792093018267661542e+00,3.698975920513937421e+00
7.275768118169946286e-01,3.687302955408028882e-01
3.697758601664021594e+00,1.353539118137010222e+00
2.070485468506201698e+01,1.072279713508680565e+01
7.417903446516334931e+00,5.671612011872241510e+00
2.457112385849730174e+01,2.114045290073978833e+01
6.902645084340141679e+00,6.607550335576277689e+00
4.076179073398883190e+00,2.011297134932638286e+00
4.019175810591857356e+00,2.907821662174488342e+00
3.103017836963626053e+01,2.150422262451758115e+01
3.626801904240777308e-01,2.986146100768197753e-01
1.895939652374507567e+00,6.971507483558838647e-01
1.734563845699934248e+01,9.796618334435359898e+00
2.758296512490994346e+01,2.593159470046915871e+01
2.457741756278780443e+01,1.174519305515641143e+01
8.017063225317745179e+00,6.318222714816849717e+00
3.762666686653428072e-01,2.383098349188514653e-01
2.663973873775393741e+01,2.077405280977680135e+01
2.274849134895165292e+01,1.279796945203181480e+01
4.131028029863181850e+00,2.395079448299571645e+00
1.688119554934551514e-01,1.330582615283009418e-01
5.916798225830364327e-02,3.416725573002808020e-02
8.674936422166225347e-02,4.751197505701915125e-02
3.306045405690664740e+00,2.838880413576469142e+00
5.451402607787995958e-02,4.011626200024984157e-02
2.657731648071523267e+01,1.018508100614477918e+01
1.075170501976736581e+00,5.813354836980416662e-01
6.898589102111068350e+00,6.160340939627649171e+00
2.061235583353100420e+00,9.189422608190386255e-01
1.880110140146863884e+01,1.140516493497777972e+01
2.117844641494000868e+01,1.732740859984660631e+01
9.343317248004764153e+00,6.566854318189592199e+00
1.831823427240372726e-01,1.238156772898962310e-01
2.197502906112821819e+01,1.033579345675530980e+01
1.956378749935202066e+01,5.970335658774927445e+00
2.420054688180006242e+00,1.887749917546641898e+00
1.781715995067702396e+00,9.188005855827710011e-01
1.156730996579689724e-01,7.860775435427683200e-02
1.895323478827717523e+01,1.504291970756674246e+01
1.210994285968677531e+00,6.354275466039123188e-01
5.212648808489174890e+00,3.589627177661153912e+00
1.317527262070526117e-01,7.281068574324921217e-02
1.325620034948600079e+01,8.636678491934276281e+00
1.592170689439124232e+01,9.444060201054256254e+00
3.819601973354411317e+00,3.396317424790824990e+00
1.589041537594588860e+01,5.294427267498667433e+00
1.292151037582034423e-01,5.018864444205300979e-02
7.010455208914505576e+00,7.224232874070350974e+00
5.107098021342920902e+00,2.877674270557821323e+00
2.449518667075555811e+01,1.459022453713680001e+01
2.342129045951694266e+01,1.269794595604262177e+01
1.250626326581938308e+01,6.122912438320312845e+00
1.282388705069877588e+01,4.934751932345994518e+00
1.614208162750981401e+01,1.619858208724792448e+01
2.422591299056974634e+01,2.262802743804052241e+01
2.888928224610004847e+01,2.687214506895653798e+01
1.433013703235909431e-01,9.780199033347115878e-02
1.166936397269531867e+01,6.067599810691646667e+00
2.002632660505977366e-02,1.690012774699859929e-02
1.974891744577035979e+01,8.674055590237212954e+00
2.514192382538920967e+00,1.971336263744198014e+00
3.914655360591971167e+00,3.554731410026495730e+00
1.720667418049752229e+01,6.713453201502534107e+00
2.401779225352461111e+01,1.198942407514035580e+01
1.188330581260678009e+01,4.701983010802547547e+00
2.391509383216499174e+01,1.622734408169417364e+01
3.905010988176436992e+00,3.424442297853312667e+00
1.525554818844434379e+01,5.104217581022553851e+00
2.446403129639314056e+00,1.226067995258879328e+00
1.431485226277360567e+01,4.592765639311827464e+00
6.038900114694413901e+00,3.057046184882249662e+00
2.800331776029777231e+00,2.317533053220750539e+00
7.737460103085951779e+00,7.828726750838022497e+00
2.100865611741853101e-01,1.336151902849006812e-01
2.236686040057742186e+00,1.389775514956635094e+00
9.195392378157519531e+00,7.794797694198904559e+00
1.207201804474954265e+01,3.287140609423655491e+00
1.658046224755420184e+00,8.087591725632274908e-01
3.227348586217367910e+01,2.173121588864540854e+01
1.720805026042793173e+01,1.672425676698718533e+01
5.639082718002964789e+00,5.337524291889768513e+00
7.514168952159608672e+00,5.337747421335039100e+00
2.522998807945758415e+01,2.590241891737530366e+01
3.638696808463735444e+00,2.033556678050982391e+00
2.451094557745439673e+01,2.068405797432027882e+01
2.101836022572286922e+01,1.387248810862273274e+01
6.100502996392779487e+00,6.178090199026472717e+00
6.944459433157835981e+00,1.620422503474660436e+00
2.125011117978355202e+01,9.014058090973531279e+00
1.041562995389793223e+01,2.716459372763172286e+00
3.615934989527632126e+01,1.785101098374923723e+01
8.503120103621204962e+00,8.301948143059442842e+00
4.669437153808032037e-01,2.492654139972196869e-01
2.642982099277255514e+01,1.831417496172916870e+01
1.116246348382936349e+00,5.540876681473448917e-01
1.949722294978982529e+00,1.542345263082995466e+00
7.509515483419350046e-01,3.317017676084527134e-01
1.095601327693576543e+01,1.192934457160629158e+01
2.234015987238851153e+01,1.257382405138805836e+01
4.367408503467750336e+00,3.731406724037629630e+00
2.330699509242176148e+01,1.184980868166134371e+01
1.698710595506001653e+01,9.946873412863348918e+00
8.454676747202764631e+00,7.820340339485622572e+00
6.017536550157902120e+00,6.093232389640814262e+00
3.113888975568969153e-01,1.901996900027420889e-01
7.537663404090935160e-01,3.935772317445428436e-01
1.436453937624198041e-01,9.014350932265319249e-02
2.301006138781642107e+01,1.797554487321188077e+01
2.297255862356275458e+01,2.110718645958313289e+01
6.905221950472668624e+00,4.657413759675590903e+00
2.555498635460248025e+01,1.870355173229007306e+01
9.910091206278050180e+00,4.467712272322507339e+00
1.170929558092517553e+01,6.167096538915186166e+00
6.411377548878974819e-01,3.185851612500201768e-01
3.311506098118260155e+01,2.316422347152123251e+01
2.907072002230557217e+01,2.502350252561817356e+01
1.823174934744666231e+01,1.327044717263414242e+01
2.587438112212475616e+01,2.525888318662493148e+01
9.628927897894953958e+00,5.110191898836531799e+00
3.602837358002926749e+01,1.713093926596951988e+01
3.328594069237053588e-01,3.183273157596184233e-01
8.515137415175237479e+00,2.088057134737645537e+00
1.230766464511182612e+01,8.408507220483169675e+00
2.229800070900203224e+01,1.858318109732892509e+01
4.880929617564777168e+00,4.101303404001183317e+00
1.004287805041805726e+01,6.468475086008646180e+00
1.762081379757837185e-01,1.542973564493282101e-01
1.385133306711935131e+00,1.247879519362053102e+00
3.498181872976567908e-01,1.070921275626019187e-01
2.668017898553661738e+01,2.365246309241479139e+01
1.737899895545359286e+01,1.783083417275108218e+01
5.149642291807704275e+00,2.492455563430798549e+00
7.261417029714777094e+00,5.049412330979023089e+00
4.633516963200941419e+00,4.433714098424593075e+00
1.282426910032586909e-01,8.850596310887112739e-02
8.947569293198306184e+00,6.006499069141764124e+00
8.813283580687253149e+00,7.395879494114261377e+00
1.347241664956485119e+00,6.465451954388042877e-01
3.328387027044136026e+00,3.162817840080203613e+00
1.727904809197452707e+01,9.779921902787558352e+00
7.572054809686030730e+00,7.131643570523612752e+00
7.052691999629898234e+00,6.958776160705704150e+00
2.665343592921798432e+01,1.824031839263573929e+01
2.024188279114521549e+01,1.565680792550230294e+01
2.589546927201776683e+01,2.572661121166102305e+01
2.963522942922290682e+01,1.447131426664950737e+01
3.047823662475026008e-01,2.029184748269953764e-01
1.144383856131729438e+00,1.019877451986698214e+00
1.646036683107130827e+01,7.163008170366643057e+00
2.388825046256543061e+01,1.654896212779928177e+01
1.163643910464658227e+01,1.174588851273360746e+01
2.419527730402089105e+01,1.504003357772606364e+01
1.251602705588665998e+01,6.203747273862666667e+00
4.812606632377392835e+00,4.437354579826279455e+00
2.478943116855654694e+01,1.540736680142159365e+01
1.682192155150318280e-01,8.949826225609157360e-02
1.629238352785796451e+01,9.213288560274349948e+00
2.637796439277592597e+01,2.170654276355880441e+01
4.792691049329058650e+00,3.810544888363128102e+00
1.850397172342437102e+01,8.437056753789921260e+00
1.169375087205813202e+01,4.269274605882551477e+00
2.190725765707413331e+01,1.528885530278685501e+01
1.794180535939439736e+01,5.565590271056032989e+00
2.844922940693863644e-01,2.206576127800458642e-01
2.396153194368618244e+01,1.477329077777041988e+01
1.682063189155859462e+01,7.669525707515337132e+00
1.141190937233968583e+01,1.164238659247577878e+01
2.096383561570933640e-01,1.032522171782979670e-01
2.251194847983260061e+01,1.090770214610050459e+01
1.379595775060405705e-01,9.192259105387248774e-02
1.828690440760607772e-01,9.004897417223721445e-02
2.620249255265008514e+00,1.931032879930303592e+00
9.657325443074622484e+00,7.174245617770147021e+00
2.569861369234466864e+01,1.789177287373458825e+01
1.028442792238911246e-01,6.040530386578165517e-02
6.814024150526408086e+00,4.126656047460579124e+00
8.336501118792646992e+00,8.429523771903427942e+00
4.235398896838883154e+00,3.037178915371223642e+00
6.624402026570629376e-01,3.762152555522302877e-01
4.709142874831033776e-01,1.964460702210097665e-01
1.547392746788070106e+01,9.312020488832468246e+00
2.583759633102467035e-01,1.406169371563738280e-01
6.606528709373190589e-01,1.587426737759033701e-01
1.738323850584476560e+01,6.658238702752368177e+00
1.247754062417556398e+01,8.137619101362330909e+00
4.465835000086419093e+00,3.719274816794636340e+00
1.870374494259728071e-01,6.104264349324086542e-02
1.873936718165089133e+01,7.568232869283356479e+00
1.504890599959610442e-01,6.968209447026103842e-02
1.545626020183483185e+01,5.695061191697938341e+00
2.164928066287906105e+01,2.057291295067255632e+01
2.842618667433919888e-01,1.795996890858674033e-01
1.154416266294133520e+00,6.089224643832494843e-01
6.602392207034355920e+00,5.032413969182865543e+00
1.636871775582095978e+01,1.533794481108840202e+01
2.620194463285237418e+01,2.046996953846944578e+01
7.793325721472861289e+00,4.918647247856084093e+00
7.058698191308987901e+00,6.690676839557266220e+00
2.614606547812046244e+01,1.912048149477784165e+01
4.094921398875366769e+00,3.197058309804722054e+00
2.093123578476016178e+01,1.165312959850558272e+01
4.670144716046554123e+00,4.229879192787441511e+00
2.248911676992125575e+00,1.167257254892813290e+00
1.206473121563236006e+01,7.764202501574156479e+00
4.296016505402965535e+00,3.431405454162896884e+00
2.858022938474591967e+01,2.103160133766009565e+01
3.452769889529780034e+00,8.867661549056987669e-01
2.048523213577690427e+01,1.190817859128856071e+01
4.686319153940445847e-01,2.863357511671370537e-01
1.103514711720847785e+01,4.001143508210510902e+00
7.570488853644222971e+00,5.560025502983624968e+00
2.397823298075853415e+01,2.316500439193838901e+01
2.601800660630503970e+01,1.044560804812218002e+01
1.923193431529185915e+01,1.811381777015136763e+01
1.468065678271784025e+00,1.213994066866427524e+00
1.151249389290296854e+01,5.193259620375356711e+00
8.209809731589878368e+00,7.985230408647549183e+00
3.384691747007277041e+00,2.861300966070677632e+00
1.379080058437405221e+01,8.665264000138067857e+00
4.707178475135805229e+00,3.557285584577486226e+00
1.543936338666050823e+01,9.109893483337026865e+00
3.131927253856832127e-01,1.377651233081003956e-01
1.876140233324712625e+01,8.849903361334739316e+00
2.394053385185109661e+01,1.300081898698172722e+01
2.268656770381183208e+01,9.817638056864957719e+00
1.774634890620566807e+01,1.347451158425149487e+01
1.449720920755069642e+01,6.627300465756605696e+00
3.048389580555888934e+00,2.435864427488082740e+00
1.356056611456104344e+00,1.066382704580755014e+00
3.338643480559488008e+00,1.496866515826402733e+00
4.551523319142495971e+00,4.264211826318476284e+00
3.399934352613325927e+01,2.738999820673312868e+01
1.775763909734756751e+01,1.349218611926899314e+01
6.830618131209628352e+00,6.047180761333817323e+00
7.313885491729338106e+00,6.112078865181297616e+00
3.192140101771065108e+00,1.360600529855924501e+00
1.792198316489918142e+01,1.022860607037861413e+01
2.210572883917087506e+00,1.035036246821174677e+00
1.008670796588102325e+00,7.390097359967934265e-01
2.711841069342650345e-01,1.208512998884394979e-01
3.585432765357269957e+00,1.093735952457217886e+00
6.207411909664709349e+00,5.368820134080080742e+00
1.140594341981109094e+00,6.086937155897920171e-01
8.692335083006684504e-02,5.864364066494826000e-02
2.500924108007093749e-01,1.919360797146396624e-01
1.807260898186504594e-01,1.052816204626438046e-01
2.099839096821224516e+01,8.314826567012739034e+00
2.514758122970721654e+00,1.658822621591900637e+00
2.019623835657442257e+01,1.554854616958417424e+01
2.728399471946634680e+00,2.308821126638660903e+00
1.850414973439299260e+01,1.009710188709475176e+01
7.304410424269633495e+00,4.733162881432764202e+00
5.198684355846050487e+00,1.975524949639827277e+00
7.475065588455555299e-02,4.891799565586717191e-02
9.781438115085130391e+00,6.700194055102251411e+00
1.582309751419076882e+01,9.827800968193251663e+00
3.073798063086731247e+01,2.033890234212026016e+01
1.358831876684304385e+00,1.005692578647325863e+00
1.145752329937490188e+01,4.368656313565986160e+00
1.244800001808946810e+01,4.777536368546176249e+00
9.833294737833135457e+00,8.973652637450729941e+00
7.980509003022870473e+00,7.210663338361294805e+00
1.536717053250344023e+01,4.770084438462514065e+00
2.517037208927667802e+00,1.648812675474747858e+00
1.856651263974215027e+01,8.564067844963416221e+00
6.578323540837868855e+00,5.389628381276069469e+00
2.669127818074976943e+01,1.978768647944724890e+01
1.670211646804480032e-01,1.171154028955229270e-01
9.568243560984948104e+00,8.767944082667192163e+00
4.025431549323394975e-01,3.593466049615770541e-01
6.024483613397358717e+00,4.870596792826870747e+00
2.062274235236025177e+01,1.656250730898093337e+01
2.310992358652273992e+01,8.784047578887493657e+00
2.047833293064384108e+01,8.449347871474605753e+00
9.362686744995958599e-02,6.037790674586434453e-02
1.446740493116765869e+01,5.137115777335730549e+00
1.443670696395806807e+01,4.692464281327344722e+00
2.774161370969636664e+01,1.086251113096658116e+01
7.499140726219690301e+00,6.440351488080985121e+00
4.504179480364808974e+00,2.173410776681548029e+00
1.103690333487420716e+01,4.070537474332342143e+00
4.878754481878712745e+00,3.968001050926144746e+00
1.035418869948015047e-01,9.342254794523741079e-02
1.636398366470464083e+01,1.122716405437583020e+01
1.067904903269170624e+01,4.010388855682525566e+00
2.371083327374503469e+01,2.258944677804624490e+01
5.549551325859902740e+00,4.536013813656724736e+00
9.535179184856948376e-02,8.496503775688005189e-02
1.272105681269007427e+01,4.521938639838259277e+00
1.670834121579335729e+01,1.263908112066260614e+01
1.202542607990864987e+00,5.565254846570893976e-01
2.587642569987464825e+01,1.689192941540860460e+01
2.605027516526288167e+01,2.447310689567388664e+01
2.467843985061421108e+01,1.056699407616686415e+01
1.084478697418678905e+01,1.079191406754368110e+01
1.982221098320590613e+01,1.257790028700175533e+01
1.868919544950691236e-01,1.427861934341451422e-01
3.415565885285938208e+01,2.860551668718520091e+01
2.924054730620786025e+00,2.362720031623561923e+00
2.983542218485998987e+00,1.510020389520273509e+00
1.864207958457534176e+01,1.702957058122722245e+01
1.810800416357627896e+01,8.048382120709481669e+00
1.842704326158158068e+01,7.717231159911657201e+00
5.762584317626600061e+00,3.922836138805698702e+00
3.173407208109581390e+01,1.399255966525390882e+01
1.517109041608450504e+01,1.033893251448211359e+01
1.567115342691325630e-01,1.090791092029659709e-01
1.202030333583607380e+01,1.220407082752849881e+01
4.779341961819485313e-02,3.528848516197583690e-02
2.394370955858084216e+01,1.450983019410236885e+01
9.223136901442728686e+00,8.091860595323481675e+00
2.210671750531298940e+00,1.806856289315884156e+00
7.041584119795541774e+00,1.820604824940324606e+00
1.798291675829700509e+01,1.249202108204384665e+01
2.548461571096555289e+01,1.646052206220288028e+01
4.086495272651775035e-01,2.446069900174137057e-01
1.056772753661388187e+01,8.485086535314103173e+00
2.756981632732540888e+01,1.477090897748094633e+01
1.967582308567246940e+01,7.958880487080696398e+00
2.104529781714793657e+01,1.279193527883868775e+01
1.860989163983121364e-01,1.335861225997430901e-01
6.891922022274900250e+00,5.812677940808022470e+00
3.281980038687160484e+00,6.956238498642675072e-01
1.936428119980126539e+01,1.162555848919300949e+01
2.309862794778947681e-01,1.452642470626261673e-01
2.711191626125464182e+01,1.853317863879438931e+01
2.418087282016293749e+00,9.821386163760252863e-01
2.227547510530883201e+01,9.998183474302116736e+00
3.361289328650057140e+00,2.256221213837732886e+00
1.568779233100980264e+01,5.303036258549726156e+00
7.073493307478424974e+00,6.021667021069021075e+00
1.080228902709245808e+01,8.712359612502448059e+00
7.966619634497864588e+00,3.572063217767270427e+00
8.964427874964661314e+00,6.307279848755433349e+00
2.772868067303629669e+00,1.436356258929531116e+00
1.951456050898312533e+00,1.800452332527988419e+00
9.696969701382424089e-02,5.215200903159571133e-02
1.277372173786087295e+01,1.863131128294782712e+01
1.922233484875637899e+01,8.994399398233539955e+00
8.842955788697917541e+00,8.101531408765778153e+00
1.776093918522963122e+01,9.605915628533503892e+00
1.574543197033510289e+01,9.135348642705666933e+00
7.408852843202623717e+00,7.670106792507865201e+00
1.062463047646262648e+00,7.027887438196345204e-01
7.726989579598778413e+00,2.028683893495875079e+00
1.743357694280973647e+00,1.391536096938499112e+00
1.568676328251800589e+00,1.248211390199027937e+00
1.727142814780422952e+01,1.188486133135082490e+01
1.240820788350893800e+01,9.128032798762852451e+00
1.869228270152843052e+01,7.549352687682077345e+00
1.701048461570665182e+01,2.407647339882172943e+01
2.486741309896514807e+01,1.053602080955941744e+01
2.420183462411750419e+00,1.421156635565339998e+00
1.535970791881640318e+00,6.776968282442172864e-01
1.098722029969522751e+01,2.907237839055542672e+00
7.840182142578422386e-01,5.848844014758847187e-01
1.848637848198099931e+01,1.152456056197435430e+01
1.685656762017987731e+01,7.945669297924072616e+00
7.910439167382177672e+00,6.151385419020389378e+00
1.656738225558632394e+01,1.426693039891662806e+01
1.076843152272170023e+01,9.267387261045007207e+00
2.403972197031795932e-01,1.217804381740241748e-01
1.441953514813351056e+01,4.323033848320391392e+00
8.188298194574320732e+00,2.769057162563585361e+00
1.062143526461149179e+01,6.276030263806828380e+00
5.986168245741121940e-02,2.135596224367256740e-02
3.681915318011112959e+01,1.812598756649225962e+01
3.081284999288233806e+01,1.351827843054332590e+01
1.477733066808893447e+01,6.627063669987748540e+00
1.226562244250235878e+01,9.188969543295213427e+00
2.092395210500483671e+01,1.165348643678664153e+01
1.175504393502344813e+00,6.484182373042445269e-01
2.461082342309893534e+01,1.380355212257532216e+01
2.532448746660987027e+01,1.960641202219396106e+01
3.938294065692385715e+00,1.503073751796096813e+00
1.456037019059194249e+00,7.999961871413715508e-01
1.748321567019522149e+01,1.949122757002337991e+01
2.477673456799797336e+01,1.873347157988066058e+01
6.952585424457576047e-02,6.129744159617891985e-02
1.095439341698581792e+01,9.802782536768960497e+00
3.958293438802068920e+01,2.077215214079943451e+01
2.417079373921820817e+01,1.798963269049876601e+01
1.109405160033242410e+01,1.230890604501998276e+01
1.159596357366147412e+00,9.938643069755485060e-01
2.414438028099799993e+01,1.347265931236753289e+01
1.078495300800408607e+01,4.736370384151666890e+00
1.330719235178358417e+01,3.827552200604493304e+00
5.309130087671336540e-01,2.948613591498980280e-01
1.088396580953054560e+01,4.643226436122819045e+00
2.232941629572661313e+01,1.052440419989756570e+01
2.443000906439658593e+01,1.374639188268263723e+01
2.912986764510506887e+01,1.404822974821905923e+01
2.652583956780938945e-01,1.495172687399065892e-01
1.168778113852854084e+01,8.561824194261188126e+00
3.028613746313428834e+01,1.447337116357465447e+01
1.698571685044178281e+01,1.047483655362292865e+01
4.651506986817247835e+00,3.527525601181570103e+00
2.863935754244126741e+01,1.884981745220926541e+01
2.533031053551471956e+00,6.362626897927163849e-01
1.853434361015195009e+01,7.300850312817503074e+00
1.844815038271854224e-01,1.430157543914348517e-01
1.915383407725286702e+01,1.065086681611033903e+01
5.744846567051831165e-01,1.787995149089354474e-01
8.996183020136918174e+00,3.948258220867322699e+00
1.103173789244193337e+01,4.297064878708959590e+00
2.215842776312845075e+01,1.742300626987470125e+01
8.499059096691341963e+00,7.167540237171091455e+00
2.850584670407290488e+01,2.310158804816233769e+01
2.083264879932724156e+01,1.030067480248053435e+01
6.990246077029800276e+00,4.161708563032108898e+00
2.101871066421966971e-01,1.305300076272038201e-01
1.764815897740787065e+01,8.800358665465507713e+00
2.106654984034847899e+01,7.247851503772727355e+00
9.465247257496280042e+00,7.976881854777392533e+00
7.725218202227976949e-01,1.538973059063178106e-01
2.243640898817572804e+01,1.910101216305509908e+01
2.450174344600924670e+01,1.581741394600975603e+01
8.296324976560200071e+00,3.784855971339752045e+00
2.646688990705707667e+01,1.901126238380090427e+01
2.117907232924296501e+00,1.841834609573381076e+00
9.154406326528398419e-02,5.129678245210408938e-02
9.945545828545888867e+00,7.733685931339326025e+00
1.293418443080116553e+01,8.372783184438379323e+00
1.254236507526107225e+01,4.580521136467333498e+00
2.449691856603149631e+01,1.892203690144874528e+01
1.417524078787221775e+01,1.365489194083372126e+01
1.761612352123845260e-01,1.177542092500897114e-01
1.776764221224633644e+01,7.323484132650488476e+00
1.423578762889467697e+01,5.696059746424235293e+00
1.467783414535490927e+01,1.216976227261677046e+01
9.290367075137481834e+00,7.087256779734691925e+00
2.868676358773181612e+00,2.043048733253205906e+00
5.177826959654877048e-02,4.651948353751764881e-02
1.313753722777907562e+01,1.300515640848534638e+01
1.429276105360962568e+01,2.229521233561088067e+01
1.839075928219801526e+01,8.340982455741736246e+00
1.116935274069444262e+01,3.583100093634049799e+00
7.429571383085370462e-01,2.139815401366222114e-01
4.461939327359084828e+00,2.259576820898575811e+00
9.182958834943297788e-01,5.953932268805708361e-01
2.571184553059863376e+01,1.396773104443347435e+01
9.735402457830717449e-01,6.280643357184246822e-01
1.546714286192124366e+00,7.876011740559912822e-01
1.708360264853718835e+00,6.563251705035402228e-01
2.697695334823985158e-01,1.616267073936042131e-01
1.152624485651389996e+01,3.681000228264682317e+00
1.946517715233943013e-01,1.266540976829018950e-01
2.720699229668279884e+01,1.589990563009038027e+01
2.475468339282062047e+01,2.145023542888518264e+01
1.927094819610652721e+01,8.082687042088268825e+00
1.472878460207206475e-01,9.135615571050541284e-02
7.388305988142809255e+00,5.940251639701946473e+00
7.436315494277643268e+00,3.238468421923224039e+00
6.912431760448273899e+00,3.318616013379775076e+00
4.468008906194915753e+00,4.298487593095858372e+00
1.392171479486293784e+01,8.887103075019041398e+00
2.705227252010471872e+01,1.303109856712509540e+01
1.924386641201654768e+01,1.824059627934864025e+01
4.675401738877462243e+00,4.205706076469088117e+00
1.945453545508950555e+01,1.206340190880289498e+01
1.826487835178236763e+00,1.506741488142839591e+00
5.712689762063908994e+00,4.435998230074920556e+00
2.001988545255700913e+01,7.749439700657136498e+00
9.191167948239449714e+00,7.307484725858687469e+00
1.684684576593064520e+01,7.350509826565403415e+00
7.075940305367680594e+00,5.734319877298498014e+00
1.636927691243542782e+01,1.031045696960895341e+01
9.122248224433226582e+00,6.709014501453516743e+00
2.085476618781737790e-01,1.434062139909208500e-01
9.458551163382823646e+00,8.224181529555943726e+00
4.882697509617242027e+00,4.758819987313570365e+00
2.767050897664106390e+00,1.407638914745833025e+00
6.763998407292044768e-02,4.972714373381039582e-02
2.271621354675414040e+01,1.432881798189775147e+01
4.749457409393968432e-01,2.301558515643473968e-01
2.231013192610401319e+01,1.352672376274334276e+01
2.527110512305837386e-01,1.618547748899331062e-01
2.909953365830924099e+01,2.426219096234266459e+01
6.204124576692559678e+00,2.871112131400294309e+00
1.088202242709090228e+01,7.021097650864854600e+00
4.490839929686741838e-01,2.861658544504440682e-01
2.591038494666778291e+01,2.352968009290362517e+01
6.117311818799493928e+00,4.261731514433804158e+00
1.827175006822324477e+01,1.709577646624344993e+01
2.313927778477055242e+01,1.253974399164561859e+01
4.356630034207750413e+00,2.929232362419760705e+00
5.480264376364522683e+00,5.381399836897413635e+00
2.145652314552209672e-01,1.530909277337139662e-01
1.251477986713030788e+01,8.009741442478921059e+00
1.517320053322430873e+01,4.898672109208283665e+00
1.101411189369061461e+01,9.646201865773093687e+00
2.358364296260531745e+01,1.271343674568362125e+01
2.121402720064636682e+01,1.830627317237681240e+01
3.901753498061267145e+00,1.539308274807374088e+00
8.980520591710222433e+00,6.320846712661946754e+00
2.455855980010008111e+01,2.414039707684809244e+01
2.213856771659302325e+01,1.592906281259408630e+01
1.529554704690263911e+01,5.593516034619144150e+00
1.857238234894713624e-01,1.147454925956907512e-01
2.401070035146804782e-01,9.490499305659250151e-02
1.544388745475529845e+01,7.333966840454762881e+00
9.932263465948674153e+00,1.079819768788929224e+01
6.115547685481640627e+00,6.197308323206133451e+00
2.978060189079589914e+00,9.946356397489278800e-01
3.668547704380900143e+01,1.762420975303176363e+01
6.315299546226637695e+00,5.775282259312817246e+00
5.117354147451790070e+00,3.320285294566355905e+00
1.211590453346591545e+01,1.037524446738813033e+01
3.443298524933691152e+00,1.737108460187287706e+00
3.203587095337817603e-01,1.945411110671854404e-01
1.839857435280550391e+01,6.160951365598365648e+00
1.947532076705596182e+01,7.868606708818139062e+00
1.117923186436092919e+01,9.007372837145743105e+00
2.946221404382506903e-01,1.687365246586947920e-01
2.772816664988935642e+01,1.318567561447225955e+01
2.333878551840484405e+01,8.671342141192367237e+00
8.578680496190493443e+00,4.685019336968419879e+00
3.244624899032984566e-01,1.041037662707851308e-01
3.572125876678085565e-01,2.904045182259457625e-01
4.393633261404813695e+00,3.909529880256750634e+00
2.386768874032268073e+01,1.833282406970303668e+01
1.163473003506222625e+01,5.507443454090207524e+00
2.024874296760955927e-01,1.525170392098008643e-01
2.268954040608184997e+01,1.131533149731963128e+01
5.777905287042680804e+00,3.110335790181500748e+00
1.249804627776303967e+01,5.554340390116191628e+00
1.888473359776812188e+01,1.093248540104831612e+01
1.232991832431620871e+01,6.228576005105027846e+00
1.569239955853581059e-01,1.154902332771028106e-01
2.892912789880418600e+01,2.389906015207509071e+01
2.289287871516860307e+00,9.744863711388427330e-01
2.308471941959425067e+01,9.138739793412927526e+00
9.483096028901474850e-02,3.302470116492702001e-02
7.661439659945706637e+00,1.722253222173150800e+00
5.277113542270945423e+00,3.854226570930399554e+00
4.623524356473502350e-01,2.473000961778345774e-01
2.295138854152472874e+01,1.612936404301273896e+01
9.243871064513704827e-02,4.937361957115683070e-02
6.171514590258869504e+00,5.161557994920039860e+00
2.678272443948578996e+01,2.566013335701946119e+01
2.210415343456274684e+01,8.131111815327345838e+00
3.056053713077412914e-01,1.040125925535861084e-01
2.837059887723737361e+01,1.358642357455619099e+01
1.700104040905483771e+01,9.918184528418844792e+00
2.998489109404090769e+01,2.474164811655920104e+01
1.736372162891663684e-01,1.398926848623913421e-01
2.929188133701194019e+00,1.938309218255591881e+00
2.332635106544829995e+01,8.601328821975199546e+00
6.431101606846553187e-01,3.404971822838684381e-01
2.076027728139618844e+01,1.552978350989816470e+01
3.184358479480212445e+00,2.601094113877707503e+00
2.944171106972407870e+01,1.401687172499796752e+01
1.794973641551356280e+01,8.929907111518224028e+00
1.657489740921724852e-01,7.730103545812043453e-02
2.387371084087192230e+01,1.612604092083308061e+01
3.436558845710825150e+00,2.839813010700270368e+00
1.427501738123261710e+01,5.032954018335359159e+00
1.687005455140938537e+01,6.449478524164549142e+00
1.019239005840090861e+01,1.130005555514067517e+01
1.441824919173314612e+01,4.587917326005544361e+00
4.976533769878745517e+00,4.640858417842872008e+00
2.375067811979881327e+01,9.519585081021070039e+00
5.857067695161313203e+00,5.020741712452609029e+00
6.075178254203095207e+00,6.010010821113427326e+00
1.548806488389511671e+01,6.555555486090909767e+00
2.406915490959936399e+00,1.563091234676750485e+00
1.823484699866850534e+01,1.046465708808238126e+01
1.670722372103524123e+01,1.422345290337859502e+01
8.358258544569998616e-01,4.139377585857990094e-01
2.959155941938524492e+01,1.389810992140165169e+01
9.369644863526548351e-01,5.209183018732611581e-01
2.043658222277116909e+00,5.633446181732875147e-01
3.689337136725763799e-01,2.185305240341481881e-01
2.823226472353220551e+00,1.318524896827280690e+00
3.315255915475191717e+00,2.778346848922865320e+00
1.772558058243644297e+01,1.110764149287242297e+01
8.963858992327368158e-01,7.086557696578674737e-01
1.678445882607335093e+01,1.525606159190963140e+01
2.512356159947815470e+01,2.054537304122017360e+01
2.903652424435052737e+01,1.395249937384836514e+01
1.100478915817045511e+01,1.118551662575866956e+01
2.112331126104814771e+00,1.410521645133138158e+00
2.190916036629063091e-01,1.694423867576325127e-01
1.239567638310455494e-01,6.237249820774554837e-02
6.704964375284959921e+00,3.585328528585837837e+00
1.813692802597844267e+00,1.356300397447946837e+00
2.190678395393983990e+01,1.731475882198195038e+01
1.663297566120325532e+00,1.324450440501800941e+00
2.115816880471932393e+00,1.934993788693271988e+00
5.034180981224247592e-02,4.464230283405597882e-02
1.884735756353155622e+01,9.329606113558142511e+00
4.745731151759336797e+00,2.409027330697565805e+00
1.480070256639256787e-01,7.383265111187288510e-02
6.885177506861983154e+00,4.285854523278175954e+00
2.533880362288686783e+01,1.742188362940229496e+01
2.662949308151385353e+01,2.478477837235733006e+01
2.361962392879227579e+01,1.972169032462145566e+01
5.386046309459278092e-01,2.929952280893359240e-01
4.992437683645131186e-01,2.751235064311170486e-01
7.469280436741985163e+00,2.895608259862309630e+00
1.890264304272858453e+01,1.129001780194778348e+01
3.833534174496674996e-01,2.055795266791402842e-01
1.953653802059723554e-01,1.183189426298753566e-01
2.446287618270727438e-01,8.934153284568940867e-02
1.328889544919033838e+01,5.407336010248646296e+00
2.719128479889682382e+01,2.378143747773805572e+01
2.332501305224370114e+01,1.087072345755128566e+01
3.080584765598439034e+01,2.806437189347376560e+01
1.782888873804656527e+01,6.719522233611519013e+00
1.365869366249424743e+01,6.291631095786695660e+00
1.495893870152872474e+01,7.584630354124108464e+00
8.185721207639131691e+00,8.024692209007367794e+00
3.107203616541211466e-01,1.630762798358248999e-01
1.223933934725961059e+01,4.728228155407701472e+00
2.243131120433647752e+01,1.007458971540462755e+01
1.945273888936911888e+01,1.473641267089077189e+01
1.939685354417031249e+01,8.562226320334808349e+00
1.164937998512186290e+01,5.089890391213145016e+00
2.418095785141613518e+01,2.375724886538854008e+01
2.754650058480059283e-01,1.344864707736432297e-01
3.727540462453748482e+00,2.752175301303846133e+00
2.082771562077938299e+01,1.016544501757960184e+01
1.081480543873775957e-01,6.837443044312677132e-02
1.023431225161784219e+01,5.744941726883810773e+00
1.232174749852773310e+01,1.099433688173579426e+01
5.969430679694369246e+00,6.037061873677775914e+00
1.482829612560213128e+01,4.770244008099382427e+00
5.148847565927895387e-01,1.688377928327048083e-01
2.902949674830195836e-01,1.629949428416820612e-01
1.186467834749780792e+01,1.104571777946781985e+01
6.220790620744728189e-02,3.829270365897731454e-02
2.715237401631844349e+01,2.340891563377347850e+01
1.979142872840641276e-01,1.375449591147474282e-01
4.918908687137814262e+00,1.139297907685927758e+00
6.322566963979968868e+00,3.182744184795290199e+00
4.398548385731907651e+00,1.604678004752646103e+00
1.675819121691070279e+01,6.630746808044074569e+00
7.038549962954708583e+00,6.184325560491738649e+00
3.868919147458413477e+01,2.027323419373023583e+01
2.763309846772151190e-01,7.795290205865758326e-02
2.719099574121610630e+01,1.268273346171121574e+01
9.842919934101806989e-01,8.175403310329903972e-01
2.028663371552635653e+01,1.838574388525800885e+01
3.280080757621960608e+00,2.759333168763375532e+00
6.593343091762219998e+00,4.404413703486356191e+00
2.555285105836903625e+01,2.206470653787368619e+01
2.509855358897203814e+01,1.641826967373921420e+01
2.054164010725590472e+01,1.464359548054000548e+01
4.894483873506689342e+00,3.105764737795562169e+00
2.817587021821389204e+00,2.224034275609807487e+00
7.261587502183878939e+00,4.532483746878863684e+00
3.267794963600039737e-01,2.176717161753501939e-01
1.241677280569975395e+00,6.700840410232973277e-01
5.698629083056208522e+00,3.491029281289002917e+00
1.291895777036698334e+01,5.352625366295995057e+00
2.460872179083883893e+01,9.073534998026998366e+00
9.033905832927235480e+00,3.278732274494263077e+00
5.048968391471895245e+00,4.207138559523122545e+00
2.153017104488290556e+01,1.055636118749434971e+01
9.988223508097183512e+00,5.845434288767537900e+00
7.142550930064753167e+00,5.741360910407737883e+00
1.996013835242995427e+01,9.270570948161847014e+00
4.602754765204550402e+00,4.546032680101045109e+00
4.089253806175199291e-01,2.816773419929077260e-01
1.979320995850101284e+01,8.209163051895448149e+00
2.411996071545476283e+01,1.412727107957664430e+01
7.316446097712701047e+00,4.230017523010874747e+00
2.169824171735502460e+01,1.741184439000350181e+01
2.683584713885137418e+01,2.223059210933392649e+01
6.685772167212143680e-02,2.420318020323623115e-02
2.105295610299684483e+01,7.475601365630857309e+00
2.339554013630151275e+01,1.912305802663739129e+01
2.662121028739593598e+01,1.239368480546810858e+01
6.132632340850640240e+00,5.257105262500949117e+00
1.765625654316471227e+01,6.668533358683468748e+00
7.112928767572689104e+00,4.223144352996903272e+00
1.683786566470956148e-01,1.013686106292306099e-01
1.862850266299232516e+01,1.522358363819282268e+01
8.265062919971961630e-01,4.784547545052603712e-01
4.716726162659385047e+00,2.175394025101941686e+00
1.332734012261859724e-01,5.058961694939864001e-02
5.667903887441500643e+00,5.333030142576104637e+00
2.077360423694640090e+01,1.136501693881694131e+01
1.351620777374981763e+01,9.940672013664393347e+00
2.487346522475586497e+01,1.367420795474654582e+01
9.277764856926120629e+00,3.468884079817399879e+00
1.276351018401879367e+00,8.205650003681977944e-01
7.521653150127431964e+00,3.853357390628237678e+00
2.416668348537869804e+01,1.338342101535590878e+01
1.272704748702511068e+01,7.103215102697760130e+00
1.533511253206327574e+01,1.063251831337652042e+01
2.429387306811370273e-01,1.974195563198122005e-01
2.977276562275225658e+01,2.217791199419192694e+01
1.243635384469217176e-01,8.772309818143746163e-02
1.547755318297471661e+01,1.327530152932093799e+01
1.892623123298809718e-01,7.367416903192594568e-02
1.454325191213806967e+01,9.398452389690206132e+00
3.932801897859254936e-01,2.266776469755026335e-01
2.476009433545029026e+01,1.762523096786570065e+01
1.627870240748428543e+01,6.171752843993422388e+00
2.614032487098554469e+01,1.762902126660820556e+01
1.214344447918969117e+01,7.073580687711682025e+00
1.842117132495644238e-01,7.356431519787884343e-02
1.637708988220531181e-01,1.080670200052236685e-01
1.319671656341144406e+01,1.225690120142134809e+01
4.856878999238833039e+00,4.454490263133703110e+00
2.419889780549870295e+01,1.272518278648269430e+01
8.114945318874708491e+00,6.133201265852873618e+00
1.092895548861730681e+00,4.896377703217831279e-01
3.026261740872306927e+00,2.404300477770893618e+00
9.286535081942351999e-01,7.217244431007303618e-01
8.884589298717580519e+00,3.258191907146273714e+00
2.477106609935379566e+01,2.056658008367505275e+01
3.183273324206969401e-01,2.084315780711809285e-01
1.228810189072732539e+00,7.056614711483213398e-01
4.279975477295626440e+00,3.598527986834436199e+00
2.790730513575826066e+01,2.353076146170194960e+01
2.627001449535061983e+00,2.315918120935560154e+00
3.644220248620712310e-02,3.593332565466392237e-02
6.880540795801209697e+00,3.279385135059721623e+00
2.107105140574296698e+01,1.684974630557464792e+01
8.759913929384530729e-01,4.521489783846379118e-01
1.522201535298263231e+01,5.156005381207863891e+00
7.447205687333701363e+00,3.872098345243603301e+00
1.905568317165290126e-01,1.454008456932850968e-01
1.299202365023189865e+00,9.040381548272835577e-01
2.351242755941121843e+01,1.222195630491216001e+01
1.570268710077162844e+01,5.575061421707935061e+00
3.016573475300197149e+00,2.156210530739806952e+00
2.540085547971036561e+01,1.411028628254929274e+01
3.827910758024332338e+00,3.140740067217412168e+00
1.498945926459163358e+00,7.986631976773794772e-01
2.131061964111706786e-01,1.437916931948195753e-01
4.577566566212930788e+00,3.971500754115964149e+00
2.866352772632284740e+01,1.129543434192206242e+01
1.834358304098023806e-01,1.513097347672638093e-01
2.570348424532314979e+01,2.023918356440382738e+01
4.137300380450022352e+00,3.621542518390914900e+00
3.066039741841729782e+00,2.749993142725712048e+00
3.003398950109583154e+01,1.399323661747782488e+01
1.590259625569995272e+01,7.307881997696689780e+00
1.919453010463053333e-01,1.270229932096686998e-01
2.432818706846837742e+01,2.047625339956188739e+01
3.472796239243664207e+00,1.432239626127029819e+00
1.987945881681286053e+01,1.460723577358374570e+01
1.802989537724019597e-01,1.113769651447171077e-01
2.262324171209523271e+01,1.854620692273408977e+01
6.970335668972698961e+00,6.976902228584623167e+00
1.301920184460865038e+01,1.323416043410302123e+01
1.815471905985613432e+01,1.246843741445945319e+01
4.217836331831083641e+01,2.487229907978362320e+01
1.143076572438937077e+01,7.172659564008836419e+00
1.877085404450445361e-01,6.262755560478663885e-02
1.209401334144236984e+01,5.413640847155845037e+00
1.837487475636214640e+01,1.726650476660016054e+01
6.596865405256669312e+00,2.394239874483107045e+00
2.356577470776262828e+01,1.847925982471635464e+01
1.723937439447379560e+01,5.203074501597496848e+00
1.626735801222083944e-01,8.762463624559002628e-02
1.877766942904909797e+01,1.469275028359653135e+01
8.673157474139161494e+00,3.104130818663391356e+00
5.684040057742000940e+00,1.339565883551100400e+00
6.112311650309878885e+00,5.286439105843121489e+00
1.606935903970786450e+00,9.299814891840861852e-01
1.301301660169616348e+00,6.901827946218648258e-01
1.815717253814950993e+01,1.108631900618008537e+01
2.347294331121200273e+01,2.298860266431049126e+01
3.011422379108025638e+01,2.004081441305610056e+01
5.115787697945485490e+00,4.043391920187186628e+00
1.323654053495845639e+00,7.723075055846709835e-01
2.666153040231565186e+01,2.194612088238380920e+01
8.275127336696632696e+00,8.005223426901217465e+00
1.715599296211074709e-01,9.226578387586786834e-02
1.225928728973046944e+00,6.982586071023122454e-01
9.851279640178608465e-01,6.200992469446841016e-01
4.075849878197617571e+00,3.527120158433572072e+00
2.353627616324316207e+01,1.027230804851008372e+01
1.213625666284116278e+01,4.923083519219524362e+00
1.420044557456082579e+01,6.245016419133738950e+00
3.067924512630358436e+01,2.051440394848752646e+01
1.305666157764154356e+01,8.799787114801736365e+00
6.854464057909762431e+00,6.554584571264747694e+00
1.478400860141474915e+01,5.547472729310878314e+00
1.668912799099322442e+01,7.653690857141756787e+00
1.418719146214436044e+01,3.813388609398555396e+00
5.134213556096576703e+00,5.123829011545340428e+00
1.657844678160625307e+01,1.188116652708708010e+01
1.217880365418576538e+01,8.947692723858157393e+00
5.407060558220595503e+00,2.292932139286356197e+00
1.372307710521150526e+00,8.976852170799416442e-01
2.873005020874426663e+01,1.982374774723905375e+01
2.513445713755491795e+01,1.442104448608925793e+01
2.149015724916286674e-01,1.184138370885206432e-01
7.999880914958756861e-01,4.700519510715420735e-01
5.014259903797348983e+00,2.451326689668205550e+00
2.226318866766284543e+01,8.695815105941845147e+00
2.539760381572175163e+01,2.078611559026832367e+01
2.395400592429359321e+01,2.355836553276800771e+01
1.302809415701123186e+01,5.125694407046879064e+00
1.157750336390396262e+00,6.223910771024144806e-01
2.161693879311936684e+01,7.767926183019405073e+00
3.635170203234644237e+00,1.634563399024456576e+00
1.491091156157188280e+01,1.000915508645879370e+01
1.248395320075090531e+01,1.142245110573065503e+01
1.358139629539339421e-01,1.111618227788366692e-01
2.174178712756593868e+01,1.404183259200686784e+01
2.627083838385532388e+01,2.616253658919423586e+01
1.396544257563789770e+01,1.346562592717130613e+01
1.528634729492172717e+00,1.301413677666055202e+00
6.240515079804874743e-01,3.222236188754013519e-01
2.610249926521600372e+01,2.247419702387263030e+01
6.967888884170937658e+00,2.200304162293705623e+00
2.160292742139025535e+01,1.434675636584294622e+01
1.122020439937960035e+01,1.073487730032521448e+01
3.777530904949925272e+00,2.980625418355423051e+00
7.884091245919694124e+00,8.031306969113630956e+00
3.342148743647853859e+00,1.494775021692854589e+00
2.140227969861760471e+01,1.797794649552795931e+01
4.519559789178238418e+00,2.206703615897588122e+00
1.908501167576975277e+01,1.164931013092507506e+01
3.050955301926900454e+00,7.939989971139947977e-01
2.641363020304687481e+01,1.814313301355179675e+01
3.885644421977348628e+01,2.057170318064816072e+01
2.125872546238963823e-01,1.484659301408141341e-01
3.289157645676387798e+00,9.163745545016329652e-01
3.123235280725032426e-01,1.722097680001903330e-01
4.220305730995379534e+00,1.523766458246987421e+00
1.323420879834697317e+01,6.391027759843017186e+00
1.731188592614535082e+01,2.002294415862870736e+01
1.516710534974353708e-01,1.168719334900818335e-01
1.041665993116527922e+01,2.719450915658406132e+00
1.949501196766184208e+01,1.021304764565102019e+01
8.470431695194981236e-02,3.503369826738478993e-02
8.276021791397450755e+00,5.495588483003245983e+00
1.385746436852106855e+00,5.206672356719330708e-01
1.755469759129833496e-01,1.275046714810351145e-01
8.193094655299544726e+00,8.314484362421319830e+00
2.743031807251788834e+01,2.555519124316912993e+01
3.282024833329169411e+01,1.593876435253218915e+01
6.855151517449104226e+00,6.043206959243720533e+00
2.321731853472033791e+01,9.100818196358344991e+00
2.587902529252552597e+01,2.034965320632453611e+01
1.196550157506615308e+00,3.559505993721794326e-01
9.038443458648096396e+00,9.383854850386962099e+00
1.345128339757684266e+01,5.649195900113920032e+00
2.368319940807378643e+01,1.240643448366403412e+01
5.215736737001652301e+00,4.277071431117983380e+00
6.050892285214892752e+00,3.043830115791200441e+00
4.588550426073710220e+00,4.031767905617495096e+00
6.490832664199321478e+00,2.447480131064667219e+00
2.411806873343886082e+01,8.757628716578521377e+00
9.089941403683573284e+00,3.983414746648233251e+00
1.880985070903387779e+01,7.227238176091904442e+00
1.073711417370626187e+01,5.325058773997008998e+00
1.850282440212453139e+01,7.688712164200964594e+00
2.562591160697151693e+01,2.565188612240839561e+01
1.542966897091760181e+01,8.439153531662434204e+00
4.883892238296451693e-01,1.347805524809140842e-01
4.566397466494423796e+00,3.677474965518562122e+00
2.571374181240853574e+01,2.149882054366393547e+01
1.736893287572049416e-01,9.982786799919352028e-02
2.502798790025895315e+01,9.796941077130751907e+00
9.654193320541423873e+00,7.473579243457580290e+00
8.255438227330017753e+00,8.404288415137596502e+00
1.144768451920787200e+01,1.222400644030630090e+01
5.122180085572513697e+00,3.872399714140310145e+00
2.422036177475977992e-01,1.561789388384395016e-01
3.741136545686766013e+00,1.434270960283596130e+00
1.895494011240724319e+01,1.741244619477517830e+01
1.134615755445610574e+01,9.503793349695968118e+00
1.374173856514047287e+01,1.035670551779120707e+01
1.292505278483599973e+01,7.043360356664529753e+00
6.398272656294778926e+00,4.066048833880903324e+00
2.231369820417113559e+01,9.873414689270099132e+00
2.718348862517550035e+00,2.239461563995154059e+00
2.158299774542906135e+01,1.462956437906814067e+01
1.336515694968903034e+01,1.209142082881368019e+01
1.184107398868840555e+01,5.869370363766937437e+00
1.363599957455557399e-01,8.067500314194518685e-02
2.672663604927189596e+01,1.230949961169446993e+01
4.958676459893735178e+00,4.293049496233634521e+00
3.949728494408419444e+00,3.082427047654589636e+00
5.339842242533927585e-01,3.150692266374897077e-01
1.972862277253969732e-01,1.505622777914324972e-01
1.007175129170029315e+01,8.459111554093198038e+00
1.810348838251927717e+01,8.028622858270230367e+00
1.778170078951490396e+01,1.314665836557260903e+01
1.592608045250662741e-01,9.256118552499094376e-02
2.011083557797640253e+01,1.487663269583642567e+01
1.673625332747685590e+01,1.316291435471896598e+01
2.137910208030522341e+01,8.966605578945381794e+00
1.779048398958022759e+01,1.997919241208142083e+01
2.620462899089741882e+01,2.284475491810670889e+01
2.925576994802484876e+01,2.202038349731819622e+01
2.894753415103863969e-01,1.616132116612432057e-01
2.499577904762346137e+01,1.180706100241040879e+01
4.431729530770981640e+00,1.599765790245700092e+00
5.670305094156796955e+00,3.959226428304087886e+00
3.833726777317556955e+00,3.138030306617650922e+00
1.657034907131524193e+01,2.030752642822217169e+01
1.195917978342911603e+01,1.110959311040032205e+01
1.459598221577923294e+00,5.338328252765569548e-01
6.462266601857913351e+00,6.022817103059223243e+00
6.782524050451944897e-02,4.431482133428969739e-02
2.122147809082547809e+01,1.414545690765955399e+01
1.605758636692172203e+01,5.159401070175785087e+00
2.828373456006978870e+01,2.226617209129048902e+01
2.003121352331615768e+01,1.650204271929769817e+01
1.892918457941549448e+01,1.633654922857749625e+01
9.376901556469753984e+00,8.263688997461869690e+00
4.186195574691906174e+00,3.489823159604727110e+00
2.853002485927749987e+01,2.185890271981817179e+01
2.059612538898574030e+01,1.866531387051235313e+01
7.660147213509173325e-02,6.466818717462548272e-02
1.127387391099002434e+00,7.403137790883719260e-01
8.954168329879909294e+00,7.873491021847554450e+00
3.255459891613242451e+00,2.694102675390490198e+00
1.752084690824875279e+00,8.898683437453567269e-01
1.320979291540376188e-01,1.126963106092488259e-01
1.341376133485939270e+01,1.069661821428101511e+01
1.731246956171240470e+01,1.153820592666699874e+01
3.746147950603631216e+01,2.506323700501630469e+01
7.976425536860320520e+00,8.098457001934370680e+00
1.288661650642568368e+01,5.513345598748564669e+00
1.201887865497123231e-01,3.493023941973236873e-02
2.480094722992165401e+01,2.128809787151041633e+01
8.271639579556801181e+00,5.383958931160387706e+00
3.707817937085672089e+00,3.349442207143721983e+00
1.301933297129587253e+01,6.558539159986263911e+00
2.589513823315014918e+01,2.320322996460064502e+01
1.614117264372119331e+00,1.101636606112687655e+00
5.525713595951869950e-01,3.422248505995407752e-01
4.185619570980612103e-01,1.730480258273701943e-01
1.114858516199933725e+01,7.124731186845065345e+00
1.343894687109315633e+01,9.381601926391903490e+00
6.047398669502709545e+00,4.826128505233008070e+00
2.368301267572901025e+01,2.282595065246320587e+01
2.380808085085123693e+01,2.317407824924925208e+01
2.224709019365239726e+01,1.451774249759250068e+01
2.936497145644455742e+01,1.400901952813280715e+01
6.281036912478595191e+00,4.465970721392251264e+00
2.567241425901842344e+00,1.779957456620671952e+00
2.746596810661601218e+00,2.240508894830862907e+00
3.455256936677956858e+00,2.814131173186274815e+00
2.226545614533883466e+01,1.155024463659997025e+01
2.245877213121900340e+01,1.585868415723263247e+01
1.198501203138193860e+00,9.438900987648133345e-01
2.490404901734271093e+00,2.089856436463887412e+00
7.831216485891682177e-01,5.440239059880267458e-01
7.219042869324800549e+00,4.122584431614602529e+00
2.318251982777613662e+01,1.593421835940888620e+01
2.671304062138756663e+01,2.127840716337645688e+01
1.736366738919066677e+00,1.033471110284800432e+00
5.521304750859586719e+00,4.486312166303381588e+00
2.827572291314503516e+01,2.159102144691484426e+01
1.276104510348715948e+01,5.042298334355681533e+00
2.453730411937804945e+00,1.987846916855523061e+00
2.838209137408050253e+00,2.296924930066161163e+00
3.765685413496331790e+00,2.964383395050366410e+00
1.608337095752396451e+01,5.820397235453921070e+00
2.872116508534466206e+01,2.663589622326470518e+01
1.571952638422837945e+00,1.303405959052551522e+00
4.995103234525311464e+00,1.803027338968567594e+00
1.720482714637591215e+01,9.866630861745200320e+00
2.744166844425434348e+00,1.219170088662996809e+00
2.685077866914114608e+01,2.385016117308664718e+01
3.636870835778605038e-01,1.950911308197874061e-01
9.412358499314169791e+00,4.078810974811751144e+00
2.389923081141514416e+01,1.003468060255237937e+01
1.133014290459832152e+00,8.405838994964540678e-01
2.494884441741205805e+01,1.427606769902529038e+01
5.496378172830831410e-01,2.909441143706286703e-01
2.755951621067576696e+01,1.204617364016840142e+01
2.290355384942484562e+01,1.752586687792316411e+01
3.101299465359538488e+01,2.038990181586585493e+01
1.001412260356988426e+01,5.009535027709177690e+00
1.174654198450249254e+01,7.794595989306197126e+00
1.218438595613917563e+01,1.028386532316293334e+01
2.008593157186992217e-01,1.118403581189109930e-01
2.475969312205856254e-01,1.533737648963692524e-01
5.382452884125680015e+00,3.599657851437576550e+00
1.474822776245859224e+01,1.047800905615052791e+01
6.860791779414396330e-02,4.194612414691523128e-02
1.914425846640514850e+00,1.528877433879985537e+00
1.663847379984300900e+01,4.787073044700463242e+00
1.264131641108963144e-01,7.152064104180486104e-02
3.094291619813562377e+00,2.742248704286380345e+00
2.155983032241207686e-01,5.626898097983283609e-02
1.048399726955854677e-01,6.893527515575131881e-02
8.966189585444611865e+00,2.126995361495939818e+00
2.614074152843795673e+01,2.239572408804574621e+01
1.223063520241258928e+01,7.874310759859060482e+00
2.302297800373668935e+00,8.928408735885171588e-01
8.705476428574870695e+00,8.309815601897271975e+00
5.453154380818566516e+00,2.565747605983339952e+00
2.602272996178759623e+00,1.756469632062459763e+00
1.209708750168416724e+00,9.923587160878781788e-01
1.251697519349840526e+01,6.830860187756618629e+00
2.601550827981515113e+01,2.065239693152451395e+01
1.928865500594275362e-01,1.116702625211499073e-01
7.297433031196844944e+00,4.050011928613620249e+00
7.624142080233297092e-01,2.649879545825185589e-01
7.559753763824081041e+00,4.784462341507969896e+00
2.146589816338932621e+01,1.005338522413823021e+01
6.428508129114743674e+00,4.646901037123616796e+00
5.957364093064820842e+00,1.880567389873015749e+00
1.464835109762025667e+01,9.390069156070389056e+00
2.003088853555347715e+00,4.913687111083226977e-01
1.463260817257980229e+01,1.334398738992301503e+01
1.497262792869335390e+00,1.286742709596781609e+00
7.462435841492206734e+00,5.982837823137467481e+00
6.905624755072921950e+00,7.105757699377013736e+00
1.851086194901384374e+01,9.339544142846879282e+00
2.299742730924286160e+00,2.161549195336590401e+00
7.191550664885147659e-02,3.478736193307933877e-02
2.175516094011468482e+01,1.471799795017136070e+01
1.951588938196522349e+01,1.428759693187505775e+01
1.324205406721821809e+01,5.835226400995191298e+00
8.922273854246290270e+00,7.556296144702978168e+00
1.669689359036298626e+01,1.048639868604622194e+01
7.998899436713756472e+00,6.043918179605940466e+00
1.771725183741067866e+01,8.529374395467529624e+00
7.731571100906559302e+00,5.911545543448682771e+00
1.297343353001691391e+01,1.113904221832818919e+01
1.236804639369832648e+00,5.960648496928110385e-01
1.383730159485182654e+01,1.240397593388713027e+01
2.390200066093623832e+01,1.683051624364622256e+01
1.770608826566418870e+01,7.598633670836766107e+00
1.800163258765972718e-01,9.071135718657666325e-02
4.821793518914015308e+00,1.884371848352554446e+00
2.277778636749394181e+01,8.510272106398526049e+00
1.520835360063698616e+01,9.074992300565739356e+00
2.794298706708398683e+01,2.076574545700396968e+01
2.016421907005065606e+01,2.089084842844681589e+01
1.808123032807626629e+01,6.906278662131398960e+00
1.799238329653913004e-01,1.085224489657505981e-01
4.691674969770455839e+00,3.970403102899075609e+00
6.338517892410022725e+00,3.972906661461982569e+00
2.097915742264731165e+01,1.609525554957599525e+01
1.859699126462673036e+01,7.629387114281242610e+00
5.330380199676194586e+00,4.323145946385855254e+00
7.184755314856991149e+00,5.948496135620037428e+00
1.767359283661878067e+01,1.342471202680770581e+01
2.324125418944278110e+01,1.631947995377814209e+01
2.373330627680832805e+00,1.182202859777414794e+00
1.468613197178526519e+01,9.175626153761664128e+00
5.130518284189144573e+00,4.244666299327923831e+00
2.930157063335133216e+01,2.521069558840547487e+01
2.729069773850772762e+01,2.205154693786607822e+01
3.164500593297815190e+00,2.162783274834806591e+00
2.781756473637207705e+01,2.507296115369999612e+01
2.829158275367322872e+01,1.971035472493916529e+01
2.096677062893989429e+01,1.019756371809145357e+01
1.952555089012502165e+01,1.806383842866356204e+01
2.138725220388697945e+00,7.567962677648950587e-01
4.093383792128395093e+00,3.501564329902946859e+00
2.447742210859326661e+01,1.019031510588818712e+01
2.613213908691418652e+01,2.214146276940669011e+01
1.727334156669422693e+00,1.217607963520356940e+00
2.540507662823513257e+01,1.732237374504544292e+01
9.215228219028913870e+00,3.333915659284933497e+00
2.372138331781182075e+01,1.340768847285496967e+01
1.424825439579080033e+01,6.357668776905245345e+00
3.543456896537658452e+01,1.977862144850380233e+01
1.709589788396027998e+01,7.530678985982124374e+00
9.041271189458967683e+00,8.995403844322790832e+00
3.773025623489275615e-01,2.522924492622597437e-01
1.073978140456189045e+01,6.660732169039036421e+00
1.993482312088460162e+01,1.392669209306963651e+01
1.665254194938831489e+01,7.238793503187684664e+00
5.228483275992696910e+00,4.769496439376641028e+00
8.924154728183538055e+00,8.437669412054621176e+00
3.443659773915794253e-02,2.141123154479097901e-02
1.661260916530179088e+01,1.221041300538714047e+01
9.723281175558672329e-01,6.023891918008136281e-01
1.750207717637123350e-01,1.215839842249011038e-01
8.545719084864669135e-01,3.086165175247019832e-01
2.421438230058815222e+01,1.977905241998420394e+01
4.784750498663504104e+00,4.730157355172171840e+00
2.707280726415178407e+01,2.292279089110133228e+01
4.734571103381465917e+00,3.988558843972182189e+00
9.006597469161831127e-02,4.760930701279493527e-02
9.973840233525349319e+00,5.322066492939265814e+00
7.336026605012863300e+00,7.455448357585881425e+00
1.930256539460146192e-01,1.477473499235893717e-01
3.259839544306846904e+01,1.524668993868178113e+01
1.382266673850818250e+01,5.224136871526971149e+00
3.231174710826388630e+00,2.586861274818410994e+00
1.125460908488446066e+01,1.134241228667099755e+01
3.031969377822176170e+01,2.039602114855733461e+01
1.835512911512963696e-01,1.090138909205893153e-01
1.800001831276189179e+01,8.073848032135291675e+00
1.259566270471392535e+01,1.057904966063752639e+01
2.864814834208452154e+01,1.864427054291927277e+01
8.097918023042412372e+00,6.001032713367266958e+00
1.866678895323083065e+00,9.436367198988290239e-01
8.281162298747828110e-02,5.072886834146632384e-02
1.913679757060187114e+01,6.508967795255150790e+00
4.760637387720294544e-01,2.657974940352657578e-01
1.919809256406547426e+00,1.188010415214884485e+00
2.077544792949113650e-01,7.385344912064312206e-02
1.694717339212905927e+01,6.057425810617997008e+00
1.149700427698428662e+01,6.569082718230465190e+00
1.195928417450480197e+01,5.912862521996676612e+00
1.980699302767084902e+01,7.834500981239904682e+00
1.576077586975836908e+01,7.907328299323361342e+00
9.738087851781856985e-02,3.001788609952023290e-02
6.194201324079280369e+00,4.926205949598112532e+00
1.663619855335892339e+01,1.271779748775507812e+01
1.336971876826041061e+01,3.989200764083331574e+00
3.448766179090160477e+00,2.381892925311972498e+00
8.047182982118126660e+00,2.967420167238860707e+00
2.283024376369427344e+01,1.182475547891031553e+01
3.997257103593273797e+00,3.406018063485575897e+00
1.117975995597166039e-01,7.662401323379283702e-02
1.356852490502835451e+01,8.911981676004712583e+00
3.300045670500995620e-01,1.424803352446572247e-01
6.813134787537483028e+00,2.670515145903763710e+00
1.743673535275954833e+01,1.145015433650505621e+01
2.614850979198053693e+01,2.484195039292209373e+01
2.705673732145562127e+01,1.535125171481162099e+01
2.394422099001301163e+01,1.287642934629696967e+01
2.939472818893176864e+01,1.464775239487476810e+01
1.627905885737684955e+01,6.725116706300357627e+00
1.930158097125024952e+01,1.028019138271605648e+01
1.017786123527882225e+00,4.199312620751622926e-01
1.505896247305039681e-01,8.046899722412900746e-02
2.045159944531251273e-01,6.882607318844942423e-02
5.778776691319526648e+00,2.918003804693499070e+00
3.159352553073945913e+01,1.437454227858390965e+01
4.993117787824237652e+00,3.443023081573961974e+00
1.450362882383443575e-01,8.529587424728296563e-02
7.716937740601826690e+00,6.458650611843867573e+00
2.844589963870114602e+01,2.536042902193208448e+01
8.571622924272341848e+00,6.131148442362590600e+00
3.857669989548980993e+01,2.000112302660901875e+01
4.321872318175928318e-01,2.885589350573682932e-01
1.163853724286414604e+01,1.036333046618000608e+01
1.104515775238166242e+01,2.951220040139351131e+00
1.259243044442794179e+01,6.699314009096296374e+00
2.452808912129346153e-01,6.738548278131066549e-02
2.533401267666452839e+01,1.365295642231365214e+01
1.517933361074409326e+01,4.800738021195456895e+00
5.912768168669124691e+00,4.581264019800002529e+00
1.223520794678725032e+01,1.372447848670942960e+01
1.266999241758134609e+01,5.520583780762149395e+00
2.504787881269671113e-01,1.495059880443166123e-01
2.709144929907425947e+01,2.159122719831107062e+01
2.354567555614922370e+01,1.445594156791420737e+01
8.062205943956888277e+00,4.449973159274914991e+00
1.604277802816691523e-01,1.216724836066576249e-01
5.230928933694585226e+00,3.942028937279296930e+00
9.306306754608631993e-01,4.390062785281453883e-01
2.551784457230015235e+01,1.845565189768643677e+01
8.926223373886719159e+00,3.840242332216313947e+00
2.278308370061372656e+01,2.300897310952744235e+01
7.291687078581507997e+00,6.047390607847515476e+00
2.190357619043892812e-01,1.136245215110012891e-01
3.052647088797031838e+00,9.715923021912318269e-01
1.657151239349530059e+01,9.836768209098838867e+00
9.041368838403374131e-01,4.846530865038953806e-01
4.551623365440571334e-01,2.471604412925051397e-01
5.793038742399516217e+00,3.049714293559509404e+00
4.940864325040596472e-01,2.647142045952182721e-01
1.469164312220418189e+01,1.373788994968026245e+01
1.168711460918747530e-01,5.943058769545102316e-02
6.602114266789418373e+00,5.450181112996705046e+00
4.180359376685595763e+00,3.447565333000186971e+00
2.590656152144806823e-01,1.147305138966277921e-01
2.986140572015110628e+00,1.386402889631634716e+00
3.014022912826998990e+01,2.079420972066886009e+01
1.695957986751851010e+01,7.304775621596647284e+00
2.620826316535613998e+01,1.780465161759653370e+01
2.038035123313389207e-01,1.378148341623913198e-01
1.514157104268005227e+01,1.609680477058212134e+01
6.710145829138994822e-01,5.661990369111375987e-01
1.145316772386085802e+01,9.401238200102000064e+00
8.351375230805072603e-01,6.360673332196951080e-01
1.092104465500297161e+00,5.521428495778699652e-01
7.968749088784154999e+00,1.848352996722210984e+00
2.936365638352153029e-01,1.893588869188943813e-01
1.981914983153141208e+01,1.178449382084112784e+01
1.775324930742113727e+00,1.515245948907398610e+00
8.399567879480580146e+00,5.068937572086698928e+00
5.707768177652664754e+00,1.936695984854147623e+00
3.261753243074089870e+00,2.700096310821619383e+00
5.279607542389211261e+00,4.984203906992093813e+00
1.187879000434634591e+01,1.352982782983880661e+01
6.765790056845020217e+00,4.695830676049591368e+00
2.331807306847755168e+00,1.161523059827751947e+00
1.509180795854073054e+01,4.372314299753598199e+00
6.398948397332441251e-01,3.533224249434657738e-01
1.230104919459171242e+01,9.311931708557409593e+00
9.470455616200218474e-01,3.569831910691237398e-01
2.017539572661980429e+01,7.805241806916147773e+00
2.291800631422839241e-01,1.156296685849987904e-01
5.106788377515735000e+00,3.997156608246075216e+00
1.232516413774437325e+01,3.948163878147431305e+00
1.767213731119837261e+00,1.189774101831722719e+00
1.029053882074766690e+01,8.780332351144716441e+00
9.322969229124028701e+00,7.692183663330457222e+00
2.416935904602259910e+01,9.713011112667745195e+00
1.058316959934160373e+01,3.016361990910395807e+00
3.132321376916116051e+01,2.061721341658300588e+01
2.893847098878608914e+00,1.668813736274140869e+00
2.431403530984389771e+00,2.026850545974057560e+00
2.379422142296506948e+01,1.843167469841937489e+01
6.527549353820863764e+00,3.695169217950397655e+00
4.005416494053197773e+00,9.473416250638057035e-01
3.217539798401821827e+01,2.133514878574746376e+01
1.866120196747472093e+01,7.286925755442038799e+00
2.322849641372649321e-01,1.239521450161363836e-01
5.894888317932577948e+00,5.138228802756813707e+00
5.012455797674175706e-01,1.830795638724575236e-01
7.133227081599953223e+00,7.157235509234466164e+00
2.233094588006130010e+01,1.286332037449426124e+01
2.455449293447630765e+01,1.710001325064736122e+01
3.398149466739813551e+00,1.737381603032569721e+00
8.322615697004353663e+00,1.147127854032991223e+01
5.737490244425189623e-01,2.955991383032803843e-01
1.050866260082447745e+01,7.046312671151892637e+00
1.393019749284816022e+01,4.549344933458951523e+00
2.461441477484629381e+00,2.045940324719852654e+00
1.548010813703593724e+00,4.089415741992884490e-01
5.216743902623010021e-01,2.779479600969751441e-01
4.625433868763543899e+00,4.048842356364523276e+00
2.064499728821672653e-01,8.464783657357856372e-02
2.580205521555613046e+01,1.151168185967535074e+01
2.327001005888729779e+01,9.196560089268642102e+00
6.370737752952660315e+00,4.104158086236267877e+00
2.083486345905711090e+01,1.747112061004408190e+01
2.313662930072432999e+01,1.006269183194591221e+01
3.906195252359294656e+00,1.419060218429757825e+00
7.735572393989500029e+00,5.513726817759106780e+00
1.538254818818199610e+01,7.446657504536742245e+00
2.877282970826134090e+01,2.541332718875676377e+01
1.281601032796804374e+00,7.797481203725631360e-01
2.012552713025887030e+01,1.098303507919596811e+01
1.230329424329922894e+01,1.622325609054568574e+01
6.635366524082787765e-02,4.164020678023611782e-02
1.675524121848943437e+01,8.057296865016997600e+00
1.251176518419034878e+01,5.695245171028879838e+00
8.967163131214164196e+00,5.804200193674331487e+00
6.344959336892967983e+00,1.459764722811615734e+00
1.579628539937235843e+01,1.080759931082974390e+01
1.558984730803352825e+01,9.776226282922591437e+00
1.595570356850620364e+01,9.862211499243347390e+00
2.093526017030040620e+01,1.015355247788338033e+01
2.609061032729539065e+01,1.633993270952432653e+01
1.356721172505730699e+01,5.612707725752763110e+00
7.980477718444616286e+00,6.206905216872117492e+00
2.030570508898055238e-01,1.157513721810106699e-01
1.466223528281582134e+01,6.166460934815273909e+00
1.491346260794452228e+01,1.000004377383512910e+01
2.756140757143582931e+01,1.796679263994430542e+01
3.160490226963941396e+01,2.332625465826518152e+01
3.271160654105597088e-01,2.738829177964454131e-01
2.488017358977310423e+01,2.533944795522915427e+01
3.010969733768670054e+01,2.831193797843123861e+01
2.123761151667010338e+01,7.177379370667970271e+00
2.702479440051039017e+00,1.293610087023227662e+00
9.955817722990131458e+00,3.705100567005757739e+00
2.312458858104719894e+01,1.884043290246146896e+01
2.024295661836435656e+01,1.776546505383795704e+01
1.906217728542683076e+01,1.358701427855061361e+01
2.905944331210603693e-01,2.080390662949195557e-01
1.736732157910872942e+01,1.174327328260985936e+01
1.818296483989999857e+01,7.306316260562597975e+00
4.189525018289674385e+00,3.369548246867436259e+00
1.068835909542934282e+01,9.572692585766155560e+00
1.150355603229377444e+01,9.879557090764528482e+00
1.167649002999540464e+01,1.158354263533633244e+01
2.979646889963660783e+01,1.961545839162724647e+01
7.482224727786233487e+00,5.286726286250655882e+00
2.311585937463543061e+01,1.053484633135985860e+01
1.622369549098136021e-01,7.159549332799106103e-02
2.615471404705836278e+01,2.015981757103249095e+01
1.527748050900224008e+01,1.248532888106132432e+01
1.741611549964888894e+01,7.037191920010816837e+00
2.528395782851640128e+00,1.853421206197975568e+00
1.248362583567591066e+01,5.581840293929816177e+00
1.656519225234553971e+01,8.875355534664111090e+00
8.562637650568548864e+00,8.760684436368141093e+00
1.367494571364693812e+01,1.333130145832335245e+01
9.696416198252748586e+00,3.764992234312151353e+00
3.594103740991742235e+00,2.087042228772750363e+00
2.374015948583561908e+01,2.019190294548040399e+01
1.015686216713462109e+01,9.376052974847590704e+00
2.505718798763499322e+01,2.232434372040832216e+01
1.214712138369791106e+01,1.093905958125096767e+01
1.216607168392443050e+01,5.925925732748932973e+00
6.812317856306696839e+00,2.132275338271851339e+00
2.707888695754329333e+01,2.603966283185692276e+01
3.083726490110498020e+01,2.035611229781345344e+01
2.580541449250149943e-01,1.782764182434220523e-01
6.070809048311215372e-01,4.620962066297008564e-01
9.280432694506906444e+00,9.392032758454549324e+00
6.716931024178575127e-01,3.951050462963950349e-01
1.438441348754015692e-01,1.113592026956951864e-01
1.854312111392098572e+01,1.063053524753084034e+01
9.851167874257480417e-01,7.613114574959977121e-01
1.229887473031670986e+01,3.561232728268955317e+00
9.245292483669379280e+00,2.553156028327615346e+00
2.002026505195782846e+01,1.794356809159459587e+01
2.807604824271185961e-01,1.613357050023816741e-01
2.648951264954996176e+01,1.824467144227499560e+01
2.457985969851365837e+01,2.397176140946478284e+01
2.829199253237728229e+01,2.685337077203823597e+01
8.497420991729494943e+00,4.165888295259649432e+00
8.595486715635365371e+00,2.715606474914036728e+00
1.053392896665652056e+00,5.177012039464181647e-01
1.475705445870663723e+01,1.519891911818707619e+01
1.830496970598252393e-01,1.032911945160107647e-01
2.501132229177443378e+01,1.094077101549267717e+01
3.129513649201074443e+01,1.437618732056185067e+01
2.706544034625176920e+01,2.431967416373440471e+01
4.414809911320866753e+00,4.063509795105095357e+00
5.418189949106488434e+00,2.648256487482597787e+00
5.202823307635645378e+00,4.978001367340277206e+00
1.140148831020059106e+01,5.500617347673419033e+00
2.801638005202035586e+01,2.239050424198194378e+01
1.352692160708366309e+01,6.424923415497453938e+00
2.755683694101103853e+01,1.324075990550166715e+01
7.242473878993481717e-01,6.201998026833019928e-01
6.800458356131729165e-02,4.042000713370288295e-02
1.109021545809905085e+00,6.889204896613944085e-01
3.809360616396985755e+00,2.607989478588262688e+00
3.398119153408304172e+00,9.453481664470282375e-01
5.492129897208633871e+00,2.124284015412503113e+00
1.986059343309993608e+01,1.455417906547532247e+01
1.340681117097863861e+00,7.643413357536752439e-01
1.816936643988689326e+01,9.531114616621453095e+00
8.613972868407536509e+00,3.292775466825996311e+00
1.816121560689639836e+01,6.697480092470755153e+00
5.167605648659363560e+00,5.052469545410110285e+00
1.662844020420464375e+01,1.083814929412218575e+01
1.204560380721610180e+01,1.147460110926467181e+01
2.201513053688215038e+01,1.010925625350924584e+01
8.473971002437131972e+00,5.549842500823841007e+00
2.275052299706095837e+01,1.403299048480041122e+01
8.976997089582351208e+00,2.292970982675435643e+00
2.258260169905634029e+01,1.669825794085243231e+01
1.794229024450073950e+01,1.288647674425561718e+01
1.212832921943300413e+01,1.194722732946254418e+01
1.789533871200554316e+01,1.811388017523684013e+01
2.328263069246953876e+01,1.474813645837135212e+01
3.980439858348236548e+00,2.234531084974634485e+00
1.059855098054139466e+00,2.756158230283666799e-01
7.756760831840308512e+00,4.520551386703656860e+00
1.483556453369127581e+01,8.884409028161567079e+00
1.447114349430707492e+01,6.413422247508537843e+00
2.547324790863177313e+01,1.602030465846038254e+01
1.408716764807044441e+01,4.524948990487483336e+00
8.416213519137246024e+00,8.517395972892922273e+00
1.069208478658450190e+01,9.350475981023759431e+00
1.246389124078395971e+00,7.021392290203610775e-01
2.645175698397298092e+01,1.636054972232298255e+01
1.023293625514516769e+01,6.100239803091096036e+00
6.920912527948449799e+00,6.035786042370419047e+00
1.288533306669638812e+01,4.675831814040368961e+00
3.298167786754346764e+01,1.597467548474263488e+01
2.331061045517699526e+01,2.288302179718894180e+01
3.935399163857493221e+00,2.645091050702168101e+00
9.294729023787517974e+00,5.929143870668050376e+00
2.788529322747534511e+00,1.436817792653672710e+00
1.763340655838878890e+00,1.432346385821718693e+00
1.216316618261471838e+01,5.171327330283515877e+00
1.122605072027491957e+01,8.056814087156926263e+00
3.400418026310059183e+00,2.358538101568698586e+00
1.698128658974482619e+01,6.516045796121732181e+00
6.331717829655432617e+00,5.115038478942516065e+00
8.931705862844862009e-01,7.447928852759064799e-01
1.089676098721868058e+01,1.078051417715060367e+01
3.737959983682594078e+00,9.133437991722325178e-01
1.339648096201917049e+00,7.562868432030697141e-01
2.267075619629284944e+01,8.065952791506978414e+00
1.616578693432300184e+01,9.275708797008633155e+00
8.521113050284374602e-01,3.226173234866230866e-01
3.120670537802385791e+00,1.534281335917917710e+00
1.872378262378679714e-01,1.484027338425683851e-01
1.397556175805464207e+01,1.016978223965585215e+01
8.403614290115065444e+00,6.189711814722239858e+00
2.146891269574793260e+00,1.785221643915814393e+00
4.635877288909142635e+00,3.207643238557115861e+00
2.003841219270404483e+00,7.244777497181468240e-01
1.819495580923065248e+01,8.180218756790601731e+00
2.856622995029317824e+00,2.506577302891455084e+00
6.272669466157288376e+00,5.142262275451987108e+00
1.186307711429730283e+01,5.593735831769914846e+00
1.138860434618239559e+01,7.107810299060407289e+00
1.063270637755666570e+01,4.443185308144296464e+00
1.659464618786648415e+01,2.277888432708522615e+01
5.034377862354295630e+00,2.568975417388269289e+00
8.966798178312836987e-01,6.574369492196419085e-01
6.286473825464448772e+00,5.102458186663129780e+00
8.216493911303116349e+00,2.184335075395810399e+00
4.734577119310114490e+00,1.150833388073299934e+00
8.132156801876635477e-01,4.181278164413100296e-01
1.380357313912417183e+01,3.721247107462466452e+00
2.925831857959755666e+01,1.925083150759189010e+01
6.537284477394099014e+00,4.783079431696826589e+00
1.123121839450385018e+01,1.681890452870714725e+01
2.586067344464660422e+01,1.237435023868602002e+01
2.360175191083613910e+01,1.951325925030361219e+01
2.016608744715927060e+01,1.521832776389190300e+01
2.844823788288901056e+01,1.346159333283558013e+01
1.325123374835932566e-01,9.585373983032090262e-02
2.762687861647399323e-01,1.268295691729783847e-01
2.104078543994847550e+01,8.330782255590630569e+00
2.426185230607097676e+00,1.382564288842634825e+00
4.454204787596725001e-01,3.065921319143268819e-01
1.576049134827926146e+01,9.673239615877122333e+00
8.181074038372042168e+00,5.261080901429905587e+00
2.016706586045100558e-01,1.456689937212099495e-01
1.760130124240194505e+01,5.201406748296051319e+00
2.262602070010990007e-01,1.491045664274103510e-01
1.154684778924836941e+01,5.434712214691908905e+00
2.910563434262528659e+01,1.312822247057967573e+01
7.068227284667503163e-01,3.696264411630196811e-01
6.684121044271297940e+00,1.707623159276088876e+00
1.619790927620359966e+01,7.741525642061605872e+00
1.143477408788964844e+01,4.563460479565421224e+00
1.383821030019658060e+00,1.022936464515603383e+00
1.709252882857186506e+01,5.763135695163501993e+00
6.785087390868214996e+00,6.070565133425363413e+00
2.199731005946830298e-01,1.281209307614027404e-01
2.286882152370247212e+01,9.783986287770350287e+00
2.725351025758087786e+01,2.511515679074091523e+01
2.038938008368915789e+01,6.871738769615373776e+00
1.778968894537498002e+01,7.783312297059967300e+00
2.287277607975738647e+00,1.196355770556986498e+00
8.695748091251529033e+00,6.701220224270552528e+00
1.773755402647634583e+01,1.350661095690064784e+01
9.748875762998080674e+00,3.869003047149743857e+00
2.493409832078260280e+01,1.702279560524379320e+01
5.140993423299621279e-01,4.085546043078258638e-01
3.232754557929007788e+00,1.646884158934986297e+00
1.008951723352811580e+00,5.926630395419313357e-01
8.771946663866932781e+00,7.753683643388815661e+00
2.978410281770740653e+01,2.579927834173282974e+01
2.286690658847656721e+01,1.866947320954693978e+01
7.083644207894742806e+00,4.727171123136509223e+00
2.839236849991909839e+00,1.323260220055824554e+00
1.059173111428986375e-01,7.652396844914841068e-02
7.728200521815467461e+00,1.950852029753057826e+00
4.111418758998054979e-01,1.654913342207280924e-01
4.480411631889306356e+00,3.790440392092329969e+00
2.473360105326263181e+01,1.919185526945036457e+01
2.205238462738301308e+01,2.135558588243924305e+01
4.306051389378500183e+00,2.182228310644954039e+00
1.741057195461361617e+00,6.777163025800370111e-01
5.293677926595957928e+00,4.199586508269938179e+00
2.059780724448410183e+01,9.611517050182563082e+00
1.054096281385625389e+01,7.481690725328089542e+00
3.545714769494706875e+00,3.126345589058098007e+00
1.449072180461906001e+01,1.608412898741205765e+01
1.029302778381271999e+01,3.077419259255733230e+00
4.473654993035383498e+00,2.555680295146723680e+00
8.222573410243853687e+00,6.751756264934437368e+00
2.077787027019958543e+00,5.282479989887330918e-01
1.405028799673365825e+01,1.662602132226297513e+01
2.627922069067714084e-01,1.948962278650852864e-01
7.667240412408579120e-01,2.664725860308183036e-01
1.964973543506346232e+01,1.902081481511900662e+01
6.692244931902465055e+00,5.251316279367245876e+00
1.111654375431825770e+01,5.636345032123359466e+00
7.868056083927635669e+00,1.803720568501563148e+00
7.036117436771796463e+00,5.269930395227484965e+00
4.280290784415103356e-01,2.386391230408577424e-01
2.708484272355033529e+00,2.328591692044122308e+00
1.313282480478311087e-01,7.450411625934635906e-02
1.634941873953177083e-01,1.245054279838660044e-01
1.037461232755114982e-01,5.745450254208651908e-02
1.331179112156954669e-01,6.785652388384071088e-02
2.063645438716964620e+01,1.452877924139116850e+01
2.838177061280601432e+00,2.632591353429561742e+00
5.697640796098174532e-01,4.803148096107150988e-01
9.419255424081608652e+00,8.726375571126180120e+00
2.273706387635797466e+00,7.717119096996986061e-01
3.214057777075504418e+01,1.373279609906393794e+01
3.485348620257441610e+01,1.605032255953172537e+01
1.100565101871015017e+01,2.852749502169500850e+00
9.877907800424732265e-01,3.535155389364205147e-01
1.241035180360436224e-01,8.338092715026736157e-02
1.223772796237670990e+00,5.203110077105094211e-01
3.939731073851266530e+00,3.576992575134931851e+00
1.547472512627403418e+01,1.064789486667755725e+01
2.146517805821746094e+01,1.326130983370947192e+01
2.331057773270986999e+01,1.762241890345991990e+01
9.422351618874728274e+00,7.777302137166765661e+00
2.013342791177599622e+01,1.011839042174240078e+01
1.641631168691638365e+01,8.545460107726453813e+00
4.447133583004701407e+00,3.612981716810668154e+00
3.120967179130109237e+00,1.477506981025266120e+00
1.233236360679774490e+00,5.608866369450540290e-01
3.973324096346349948e-02,4.383953410204685652e-02
1.112664076434594307e+01,3.290373146628224887e+00
2.355768327284568087e-01,1.631715333937738821e-01
1.503697965976755979e+00,8.589859560669624861e-01
1.517089883045128929e+01,8.233704049489437793e+00
1.306128009550805436e-01,6.496579262311218128e-02
1.005409347476969373e+01,6.388798015394167251e+00
4.915035546294732605e+00,3.371063315360526946e+00
1.521949369406025543e+00,8.373064095345592595e-01
8.077887442387941874e+00,5.116724470253998014e+00
5.570476527586711413e+00,1.403973463538979338e+00
2.234027157811368269e+01,1.306466364369455491e+01
2.176591267264682017e+01,1.955132632865088738e+01
5.744303192119764034e-01,3.889719111326526702e-01
2.261852532487028000e+01,1.470578748765767685e+01
1.720503468795243052e+01,1.020589411504540855e+01
1.279089950757715499e+01,3.890369111275095104e+00
1.173267408737640416e+01,3.348325767926856766e+00
2.172947687206486478e+01,1.256458912682055562e+01
5.338037225429868471e+00,3.586903723682452583e+00
2.914312113920220426e+01,2.484334536662705517e+01
2.178316720484123437e+01,1.738125689245800487e+01
1.147015040953314369e+01,2.951123725659766883e+00
1.828517501886325647e+01,8.661416523768544096e+00
8.733635156095942875e+00,5.715845196745827472e+00
9.063236391663912483e-01,7.011211447543216346e-01
4.006936686215306409e+00,3.307221972435659740e+00
9.023300494463482035e-02,4.365256570318956642e-02
2.251186456913984446e-01,1.836946147590571843e-01
9.785216634511396450e+00,6.707683079463319764e+00
6.358028025601357491e+00,6.456396434648461025e+00
8.156772358705236314e+00,6.540722689439975035e+00
1.936509692874607835e-01,9.870427735006509495e-02
1.703505226318213417e+01,6.075648643010900685e+00
6.872852471506728234e-02,4.104855010765649098e-02
4.441793545999705994e-01,2.473572836907084183e-01
4.195733236627281038e+00,3.467576011570974615e+00
2.485829013142965560e-01,1.692444155160133801e-01
1.363168881652487008e-01,7.973315849556072976e-02
2.019790759654238599e+01,1.000000122929447244e+01
1.776460382933929338e+01,1.105335717399048434e+01
2.504985809792596996e+01,1.074097864371804434e+01
2.956660446274580423e+01,1.385338561709345484e+01
6.188148528114651992e-01,2.822567365041183107e-01
1.912251314323466289e+01,1.592717355215703634e+01
1.331710794824387634e+01,5.224374930907536019e+00
2.246116440211941168e+01,1.434760943743987838e+01
2.309524273846989928e+01,1.345358931543251479e+01
2.904533853558099921e+01,2.342176446606787366e+01
2.576065110100517686e+01,2.067686807014412054e+01
2.353021298314139287e+01,1.240103051029428194e+01
8.393779446850112791e+00,5.005884073532896217e+00
7.628050886674893505e+00,7.511231513143831862e+00
2.283665701479235821e+01,1.126771953921799962e+01
3.703879337919355308e+00,2.944035953959683649e+00
1.562930306074892250e+01,8.879232505852769464e+00
1.805472468083965509e+01,1.508301803220299142e+01
2.950287272742372480e+01,2.483112665572402733e+01
2.421037410477387652e+01,1.862894135172613730e+01
4.008690723308136228e+01,2.138783026431453749e+01
2.253343743739112881e+01,1.045579806970935266e+01
1.898293292508828145e+01,1.145700727136036257e+01
1.292896163088411987e-01,8.888197726395362375e-02
1.989045098009224466e-01,9.979620588915884272e-02
1.011384187308092564e+01,5.651020238765868342e+00
1.473234131807872416e+01,7.531912049615561600e+00
2.297181963693478579e+01,2.038149604072881260e+01
5.062531971751464965e+00,4.264462856714756001e+00
4.416870204361893038e+00,2.468624540215138996e+00
7.106192933723691485e-02,5.923824509971187952e-02
1.604199755036081498e+01,9.040263896764894724e+00
1.977145375296944252e+01,7.551462745248328723e+00
1.387082336444845687e+01,4.032425960725563918e+00
1.316630478790854575e+01,9.688019385591445598e+00
1.775098264342677723e+01,1.445796587051211546e+01
2.160992581863913387e+01,7.691360064176003597e+00
3.626274950077781778e+00,2.179449011031230565e+00
2.628475306403952061e+01,1.686131174606401473e+01
7.764073040828579408e+00,6.756819357339111320e+00
1.911429981579208359e+01,7.922779206790715456e+00
3.340300345275288407e+00,2.793567001595343768e+00
8.998937530519784289e+00,2.864265934536315950e+00
2.210124409332011908e+01,1.003360160896957609e+01
2.414924163278462999e+01,1.761525792178512262e+01
3.894497880356276198e+00,1.104454802140953040e+00
9.082908582603305803e+00,3.513710107075919353e+00
2.476653984943009235e+01,2.121497370354488865e+01
3.644392525592944132e+00,8.124866682226065118e-01
3.869402204083694397e+00,2.165253393126576942e+00
2.070416662880810998e-01,1.436345238973492922e-01
1.674019670085016998e+01,5.584254717626274456e+00
5.578995905982332637e+00,2.632527500418090582e+00
5.653826291764380008e-01,2.920130789577786157e-01
5.921208733765708221e-01,3.274001956889288634e-01
3.999419143208768457e+00,1.349638164271248275e+00
5.328325343885724763e+00,2.891346925031957671e+00
6.583984670046568510e+00,2.547592512007343046e+00
1.489559289677258747e+01,4.440381958945788909e+00
1.037001347054987299e+01,6.126364197317379023e+00
1.342090868503707490e+01,1.264400587217693861e+01
2.796147309585490603e+01,2.399090946698110827e+01
1.496901815829012250e+01,6.989229342477752738e+00
1.073465685441425244e+01,2.951971869190431086e+00
7.780270444631424809e+00,6.514953925252835454e+00
7.610992427329435372e+00,7.590778953145600916e+00
2.682480366668069660e-01,1.314024693194116022e-01
2.439555661644687490e+01,2.044624570697036958e+01
1.188325612366865336e+01,4.421814782118315357e+00
1.911445375247576806e+01,7.637633131014628596e+00
1.871989969580922519e+01,1.726970548038430664e+01
2.417969284976124911e+01,2.117620649069107586e+01
2.818122180379678809e+01,1.144028741904799062e+01
1.843143967689370166e-01,1.490264407114134659e-01
6.980548870371480419e+00,6.255437828555905355e+00
2.946893892604458998e+01,1.413844307296975344e+01
7.746713676500543322e+00,6.360800938662072745e+00
9.832510152816528404e+00,8.740341464573079477e+00
1.774039890945663345e+01,6.202369226222483434e+00
5.599398122615181883e+00,5.084973597195461714e+00
2.707432767691514286e+01,2.290658850684327419e+01
1.194097247388289595e+01,8.362460375150702063e+00
7.464447279273835889e-01,4.812969588440503821e-01
6.947051499625842119e+00,6.374983605472431591e+00
2.288190612495006704e+01,1.630959156514911612e+01
7.446174626752614323e+00,1.860427879773971727e+00
1.188879400599117536e-01,5.664585674568689555e-02
1.798500545612577994e+01,1.336317355506394478e+01
1.857838640247627682e+00,9.455625897119391832e-01
2.287135407058221048e+01,9.785215970900495108e+00
4.060564528163318698e+00,3.526422490683879474e+00
1.592083802284345850e+01,5.296756824742594461e+00
2.192487924816731493e+01,9.956024377636778055e+00
1.168364884124527414e+01,1.107009887994654385e+01
1.716283079921945642e+01,1.075235842543738052e+01
2.923803542290390567e+01,1.393723719246418291e+01
2.469934035707462172e+01,2.065399497217471492e+01
4.795451198938817328e+00,4.523682993433923549e+00
2.355950509356085476e+01,1.987418623541107721e+01
8.168781597880617085e+00,7.139405099276643796e+00
2.568508737871101033e+01,1.006022157839174191e+01
3.576781342876509484e+01,1.713337073212426276e+01
2.305836264874508856e+01,1.129704545771395452e+01
9.181228267255320930e+00,5.865874699951677762e+00
1.828291903730281120e+01,1.337800808921392104e+01
1.004513216074792403e+01,9.357364285947067373e+00
1.769881428986949601e+01,6.274131718617844911e+00
2.365323198024961160e-01,1.906454743290300347e-01
8.436972534189175477e+00,7.633403524733815892e+00
5.957186561662251911e+00,3.359769766563560633e+00
6.232730015823266800e-01,4.770866190825711617e-01
7.135020762281147455e+00,5.929872935368281084e+00
6.437948194709849581e+00,2.039688814886238877e+00
2.041447710474375565e+00,1.052962634562452982e+00
9.193062019150259445e+00,3.249246732809064842e+00
6.532716674241568100e+00,3.145728647944725953e+00
3.803806960278604876e+00,3.048140434425274492e+00
1.481885120609444106e+00,6.071230124935219630e-01
1.162628042100385528e+01,3.383866436353240470e+00
1.891036217879048964e+00,1.024035099151350714e+00
9.406275949151357452e+00,7.601987202184462333e+00
1.055542140027484876e+01,6.408625540971906176e+00
1.430582516181684527e+00,1.097129281377039467e+00
2.682332387635181803e+01,1.854587993794691769e+01
5.441292316678423724e+00,4.483923676422051585e+00
5.804232049650182468e+00,2.205698942849709798e+00
2.017856314327199740e+01,1.347778737421856654e+01
3.374214010254586071e+01,1.631376404651923551e+01
9.219435305711972006e+00,2.417216138382088708e+00
7.512659862651474008e+00,5.041567119597362812e+00
2.926304642038105808e+00,2.337798477889153848e+00
2.967627023476892134e+01,1.376687847707557211e+01
9.091012208485228285e+00,6.001392704995057059e+00
6.310867849116045925e+00,5.518931267114727923e+00
2.439642792492863066e+01,2.065113251065019284e+01
1.345798422150099816e+00,6.912717694892758225e-01
9.663855669244913571e+00,7.484133707065034002e+00
1.800700206714170859e-01,1.236948709473949665e-01
8.975298192642533479e+00,7.343048086897583815e+00
7.700811976379397628e+00,7.492599248564843606e+00
9.406196903299642031e-02,3.143587051204755484e-02
2.196648064073962203e+01,1.110906582262559361e+01
2.819168686827430714e-01,1.475235687368220139e-01
1.533115415574416041e+01,1.021440341977042721e+01
8.496558844171360647e+00,2.240216400234894767e+00
1.537684711180728192e-01,8.324710778539061440e-02
2.530844400188500032e+01,1.118806667073736349e+01
1.899644129533399894e+00,1.437314390960104715e+00
1.560257096527280041e+01,2.402898078278346716e+01
2.303607583675102077e+01,9.155224581711104648e+00
1.980152263095742882e+00,1.567608768266678609e+00
9.126429184074432710e-01,4.702209332769338723e-01
1.099062210031967268e+01,6.832505973773129071e+00
7.632585021976860062e+00,7.767697023680600665e+00
2.200983810781017014e-01,1.442455925734694167e-01
6.657137970161817186e+00,4.985946911141607707e+00
2.760799562543269658e+01,1.877103305653351484e+01
1.362891495228714334e+01,1.233116736371659883e+01
6.918592666842942940e+00,4.017859147284026378e+00
2.872554626384599352e+00,6.218715160714414214e-01
2.109894372179247080e-01,1.469715669016860016e-01
2.301848387432416843e+01,2.270384265961558157e+01
8.478062401534854686e+00,3.396689079317193549e+00
2.142874706270513840e+01,1.480870287964306264e+01
5.678722032952130405e+00,3.688407075730200990e+00
7.390185966736544820e+00,6.983394643192592177e+00
1.112016901939099967e+01,4.326201086294538811e+00
5.923432445831025461e+00,5.727828970235690598e+00
1.628957252507821918e-01,1.162322841608079832e-01
3.065173913229016223e-01,2.312233858745532389e-01
2.183694105720808665e+01,1.863969633559214500e+01
8.972456146284210732e+00,7.222145861898368935e+00
6.868988237791240792e+00,3.292658569929610923e+00
2.488168163591831517e-01,1.121993018385854385e-01
2.064748401735600325e+01,1.299012973877551680e+01
2.754935527696221742e-01,1.317964697558813569e-01
2.394751476303531845e+01,1.598393583983724575e+01
2.395131415297204214e+01,2.018302741309230441e+01
1.836785985498339546e-01,1.257482898155992124e-01
2.937016398554936458e+01,1.348628041797595145e+01
2.398865366250619147e+01,1.378704601784007622e+01
1.779100055638641042e-01,1.488598703148336921e-01
3.376255496644971210e-02,1.510683944605477509e-02
2.816793815028740866e+01,1.802319387679169083e+01
2.008190377343898092e+01,1.615170765638056949e+01
1.786726902439339426e+01,1.740395210039234897e+01
7.057259797376668864e+00,3.327775092719861050e+00
2.516036606564231803e+01,2.556719193611855445e+01
5.171588790172896299e-01,3.561097874593337487e-01
2.050535818301417290e+00,1.668709025107707022e+00
1.826524254392887059e+01,1.103979745747498598e+01
2.594594823676172268e+01,1.652011373557089868e+01
2.565894598679894756e+01,1.764376929639444569e+01
1.002296509121874818e-01,4.260819818409955495e-02
3.335475863239466321e+00,2.227877999571776790e+00
2.807686808926774447e+01,2.031608557303383478e+01
6.171415993398134958e+00,4.246639363545381407e+00
1.020672190556280512e+01,1.033736751713924029e+01
2.110011525452435421e+01,1.750726765432024479e+01
2.169143035611164194e+01,9.638705577802046065e+00
1.768173371693399498e-01,1.085042336999031132e-01
1.653818777314593480e-01,1.308797877892423356e-01
3.631217842236907245e+01,1.942134921917598334e+01
1.941912585103435784e-01,9.599293681602101558e-02
1.760728855842818419e+01,1.070072211455786260e+01
2.484030518314469305e+01,1.411377180930153763e+01
2.513132089911534806e+00,1.309227199513649298e+00
2.151713622992691644e+00,1.307518090450441539e+00
1.980486319798375472e-01,1.313487233434674217e-01
4.313010585848411793e+00,9.350168937842517902e-01
2.335958746227942484e+01,2.111188387956092072e+01
8.744923059530689713e+00,2.665161549343947556e+00
2.543062693264795726e+01,9.611723598957651049e+00
1.691139265219906562e+01,5.832332235179126911e+00
2.450621008563299696e+01,1.033034705152880228e+01
1.867717892237459321e-01,1.368218145605825109e-01
2.653402719303403767e+00,1.516436763960816503e+00
4.114721809707326372e+00,2.244432142571468169e+00
1.292104434202720853e+01,4.765687863132330726e+00
2.789828390964979477e+01,2.321616633977438227e+01
3.390757782458315006e+01,1.664994873165747791e+01
1.714885853477171906e+01,6.007480626454283268e+00
3.632419691266548067e+00,7.772024902054758266e-01
3.954509063453488515e+00,2.125616380773938108e+00
2.463105167783551508e+01,1.164348388444559923e+01
1.512067188396765260e+01,4.223580579466870155e+00
1.784023382522383727e+01,1.538785244215431192e+01
1.704342614196153460e-01,6.980520055533852297e-02
4.830423573643310320e+00,2.136854328856786278e+00
1.143105892679290925e+01,6.847052941243862989e+00
4.122514972440166403e+00,2.842823755462773772e+00
7.294013496505509508e-02,6.497704930510805887e-02
2.694081930505789479e+00,2.088757726427540984e+00
5.209453698381301123e-01,2.809102477009007282e-01
1.938145957007889209e+01,6.440306842592559811e+00
3.312040156394332691e+00,2.746996124131500849e+00
3.184409761697411767e+01,2.323906391383870584e+01
2.288152689874551271e+01,8.753868281521350880e+00
1.158251627773844739e+01,6.673214359568081733e+00
2.302654774644190283e+01,1.589690248837590580e+01
1.546616579130065894e+01,6.003768297216177885e+00
2.347057121228507270e+01,1.141055579868800685e+01
1.167062800548198886e+01,7.867517243273305816e+00
4.772598221183449452e-02,2.293477354446374350e-02
1.296414128399644206e+00,6.673376474585425155e-01
2.380034820964868902e-01,2.032216522319643670e-01
3.127887229918069778e+01,2.108321574352700267e+01
3.019938411319053984e+01,2.031680821012134786e+01
9.882685516045254914e+00,6.032855133370912171e+00
3.914186260356348424e+00,1.495021277530323767e+00
2.497986608507013884e+01,1.315156906249353952e+01
1.404940249064391966e-01,1.169828500703748997e-01
2.053857835786899511e+00,1.102913590203630667e+00
3.755627167536476629e-01,2.874874582690903346e-01
4.447725778347878522e-01,2.378986682173837297e-01
7.782360807367544098e+00,3.837812639180713248e+00
2.579119241269813756e+01,1.206662195282592620e+01
9.263611290547625998e+00,4.111617430539793006e+00
3.422362860849094801e+00,2.415926417076618371e+00
1.009866840136747435e+01,5.558278233595303597e+00
1.189959609902846438e-01,9.666703199314938266e-02
3.675143369448571562e+00,3.349303525604018006e+00
8.223331290650913061e+00,8.500877725494250470e+00
3.877254451712421335e-01,2.289512553179279264e-01
2.493771419653472776e+01,1.473541806570301738e+01
1.855324234568181963e-01,1.423703893542588861e-01
4.260388024790954020e+00,3.374988798707073911e+00
4.348311588822381779e+00,3.181995571147959279e+00
1.425914423081463234e+01,6.928202716838235631e+00
3.809623807828522501e+00,3.269512802574971122e+00
8.615757172187208823e+00,2.785543216630366636e+00
4.327372819696918782e+00,2.822141616484911353e+00
2.320284442332830110e+01,1.035356791338126037e+01
1.498614095982969552e+01,1.436774516246920008e+01
1.534740124288796714e+01,2.137964832297168982e+01
3.151588589600041956e+01,2.281614985476363344e+01
2.547646239586116934e+01,2.030328141119075624e+01
1.695480621148730194e+01,4.828678592873368203e+00
9.305075251127862268e-01,7.465677508670254259e-01
1.578513977070097596e+01,8.881669837336840345e+00
2.557712428048484199e+01,2.068159136194632453e+01
1.603631389705351395e+01,1.043211281032015236e+01
1.683156904456694392e+01,9.576383471261189939e+00
5.882904772087738099e-01,3.372231301349517540e-01
5.921232677341275341e+00,5.075563283559658245e+00
3.187785363133368577e+00,2.671200824310991262e+00
2.336780199230249266e+01,1.424396225678989403e+01
1.540623773064659474e+01,1.008112128632122406e+01
2.436714902427801377e+01,1.071560418639585066e+01
2.617199342781343674e+01,1.604117959589899911e+01
1.919416107032751451e-01,1.395729489461153272e-01
6.585729234148482547e+00,3.358529799215140166e+00
2.182820174634638022e+01,1.113840381472959962e+01
5.885609895102627220e+00,5.908574225611402220e+00
3.275261644770827152e-01,1.752271688193292043e-01
1.266308342065958215e+01,6.622818889252274133e+00
1.769769718879095421e+01,1.493791738165539407e+01
7.641742217356245703e+00,2.056600057643260815e+00
2.297697390797702188e-01,1.431254960476667504e-01
1.065704846201107436e+01,1.054637963424270808e+01
1.940830826310538981e+01,6.842019355449983742e+00
1.052766678135870926e+01,6.284369004178179452e+00
8.117831419861117226e+00,7.981925836409995867e+00
1.890266817139627520e+01,1.100939091721679297e+01
2.367177510005715035e+01,1.327497955282165520e+01
2.763607737433855149e+01,2.152891086603733939e+01
3.595031313844364806e+00,1.224820847908438814e+00
7.101535849217406771e+00,7.036116090827331249e+00
2.869363712112370379e+01,1.611846300274471844e+01
1.172452130693270478e+00,8.115246125984385550e-01
1.014468031862583608e+01,3.951240752596243411e+00
1.098744373222042725e+01,1.069924740651835116e+01
1.041738626141027702e+01,7.428051941547392012e+00
3.178896545499666715e+01,2.106657233021520881e+01
8.147797948747870223e-01,4.816259516994321199e-01
1.611009774535473582e+01,1.119825687111135259e+01
1.659718821052795690e+01,1.225348518030086353e+01
8.604381546552044568e+00,8.306167995243848523e+00
3.136713280291236572e+01,2.101616056559205248e+01
5.005855445687396710e+00,3.205650868481360050e+00
3.390684921918758477e+01,1.625578417974539747e+01
3.398569663661785967e+01,1.572783659597932449e+01
3.385089776363994774e-01,8.616619427630479999e-02
5.898326988802906179e+00,4.717364594330568650e+00
2.132733795313289882e+00,5.895232321306397294e-01
2.083121908979895665e+01,9.887887932203076602e+00
2.698103167154943094e+01,1.810449716213067362e+01
8.066028710900788212e+00,6.682392605294300125e+00
9.181547197477630817e+00,6.273385262459453493e+00
4.240996970658624576e+00,2.849670867930451212e+00
2.126177934775745015e+00,1.764864799600732059e+00
3.830622340808696435e+01,1.967848211869255692e+01
1.455249761951618481e+01,7.390728682540123273e+00
1.318220472960778977e+01,7.787543512846903049e+00
2.343857267080118323e+00,2.228273351113878586e+00
1.712121257073127722e+01,1.189927471368666723e+01
2.396154355376492973e+01,9.819834034488016172e+00
8.635938387177247932e+00,5.666315125095648497e+00
2.075799351442146612e-01,1.395462739763387305e-01
8.577657528521935859e+00,7.152273926115363167e+00
3.285981045711391602e+00,2.868977962572190954e+00
2.190957618325870726e+01,1.461744305572901226e+01
1.892915302046900194e+01,7.650131937426472462e+00
5.039599595046458935e-01,1.932138344906432492e-01
1.695657835318489504e+01,9.241546475321683829e+00
2.585045126082661326e+01,2.172496899301406970e+01
2.390601188891488604e+01,1.268263249923838387e+01
2.432665690605832864e+01,1.404793341451620314e+01
1.663519088526254208e+01,1.463744278577336999e+01
1.002928647245163063e+01,1.103574045554225158e+01
1.559301607628104769e+00,1.259124934114628447e+00
1.654470919874016488e+01,4.580910704629213015e+00
2.154070488463763589e+00,9.050436692519114867e-01
1.110167735888948037e+01,1.034856064723779490e+01
1.582148879272873820e+01,5.921235699173372780e+00
6.306118167585037959e+00,5.985165337544319897e+00
7.697897687013805168e+00,6.180107942556260170e+00
2.587641292256814829e+00,1.790235756083812024e+00
1.002320942249388391e+00,2.733909513808004399e-01
4.449390559344512219e+00,3.794209288457764284e+00
2.326901984915109267e+01,1.720900116698510018e+01
1.285514759541606900e+01,9.516074749591590276e+00
1.329100958064424098e+01,1.328691718425941204e+01
1.776720262829190844e+01,9.030328288005188497e+00
8.205414198702536410e+00,8.261496696306595666e+00
3.428492045402750654e-01,2.760549620653328096e-01
7.311108740137015616e-01,2.948103872363005973e-01
1.457212544025427903e+01,1.346104908392398514e+01
2.223893694236154417e+01,9.804999520323086415e+00
1.117801397466685565e+01,7.358795636438220100e+00
4.587659162341063968e-01,2.512188562206187914e-01
2.305196280634881489e+01,1.190192939788859761e+01
6.685445571703435341e+00,6.569941882602968519e+00
1.690684950635351669e+01,6.332112324772556811e+00
1.653481350958369234e+01,1.052455954394174142e+01
2.389970412464924010e+01,9.272819337857924893e+00
1.152998725200494157e+01,1.172676149768100196e+01
1.919883756905187155e+01,8.166012426911310129e+00
3.237382403866913005e+00,1.529302157741735169e+00
2.932645328455868672e+00,1.487239592529129961e+00
1.277016649268061599e+01,4.628745516541806992e+00
1.636631349753626097e+01,1.400838926059955547e+01
2.735254231455687446e+01,2.421402220472559819e+01
7.773973812014235429e-01,2.490545325860938630e-01
2.169142757132110333e+01,1.794728931316869236e+01
3.867042974612120876e+00,2.280022337612992889e+00
1.764871978675551234e-01,9.690697247846598306e-02
2.473126834497958271e+01,1.463020697775400691e+01
9.495807442460467485e+00,7.784718803047030455e+00
1.496155008812253584e+01,7.748379558038911874e+00
3.607126092658131000e+00,3.298114314281390236e+00
2.547334559615761940e+00,1.284467093996315201e+00
6.148412204361101807e+00,4.084050996817740753e+00
5.518826841401805794e+00,4.097305209630453859e+00
5.500641357148059463e+00,4.250792246507028693e+00
2.750659052893459133e+01,2.355793090942709611e+01
2.417717005975521805e-01,1.419701127301583876e-01
2.836085669286425137e+00,2.560809911810595807e+00
1.749794308063704662e+01,1.083840114350784312e+01
3.159692542539831095e+01,1.429569365255120594e+01
2.403336314741925506e+01,2.108860749142732516e+01
1.866988121850217652e+01,8.455637058613149293e+00
1.713526318216461419e+01,1.060188090423560858e+01
1.470413238086627139e+01,8.956172461941710239e+00
1.369117905554881054e-01,6.118128651923093742e-02
3.884544086087873893e+01,2.016260216995681276e+01
1.318881662834108859e+01,1.190570224923145481e+01
1.462123496418688262e+01,9.885083389619929051e+00
1.697849241247605434e+01,1.411400488164491840e+01
4.606070890117099914e+00,3.532669606336159784e+00
1.191046019853366644e+01,7.959373313843333797e+00
2.831710422093972612e-01,1.258100181248322791e-01
2.443940285381245303e+01,1.655016126652053643e+01
4.371430552022478544e+00,2.269928559105262700e+00
9.399096444278344009e+00,3.898958370730496448e+00
3.080995278017258698e+00,1.251769569927440706e+00
2.368252677605905276e+01,9.462393333625666259e+00
4.612598629565666464e+00,4.306149244666559461e+00
1.896032339237282116e+01,8.285126808218103989e+00
9.458060721126560821e+00,8.005355374030841631e+00
2.027724316969493068e-01,1.340026959238530546e-01
4.602771236598255378e+00,2.142736538478955843e+00
4.092727782300532802e+00,2.728744835052852036e+00
2.546317961091470750e+01,2.323752446386484038e+01
1.975103123757579182e-01,1.535713853368458337e-01
1.421643089026073525e+01,5.165937570828715408e+00
3.104661669336106655e+00,2.648673732363614697e+00
2.501231858729107582e+00,2.149882286511747509e+00
3.086078997796620982e+01,2.058423582050725642e+01
2.070892304137204043e-01,1.298974910498428836e-01
9.314302757582096248e+00,8.183735647382986755e+00
2.698735357353087849e+01,2.221512055748674186e+01
3.520204563441362566e+00,1.939605780382712696e+00
3.081983762934023474e+01,2.040535222676368576e+01
2.549348420447462260e+01,2.392330568315344053e+01
1.507787163865508084e+01,1.108150226809369343e+01
2.574646283022812554e+01,2.059863452031739328e+01
2.696502910957147137e+01,1.866607862485912150e+01
3.896615022829927710e+01,2.020591153654357441e+01
1.952662518885969689e+01,1.733452615907618721e+01
1.146375628728963036e+01,3.074829807313801844e+00
1.047361562593956208e+01,6.780756105017804458e+00
6.882219555412810719e-02,3.301431200488945394e-02
2.306250718712093217e+01,1.393799639069895946e+01
2.127564156840388776e+01,9.480733314959238101e+00
2.497471080704767488e+01,1.628501116446646080e+01
6.787601496677478252e+00,6.344731704066114197e+00
1.874307833367762655e+01,1.200217327735071038e+01
1.638759866316206626e+01,5.554403350352491664e+00
8.909909816834032270e+00,6.770218471769250179e+00
1.809072335195967440e+01,2.150015975444971161e+01
1.852916017341665267e+01,1.726862146886124094e+01
3.304330726414099217e+01,1.560895922149452808e+01
1.211690311449246549e+00,6.309111155661047965e-01
2.526006005236237328e+01,1.840480834735991778e+01
2.540478738166623884e+01,1.660715956159701179e+01
7.462788889045183893e+00,3.829404219412504418e+00
8.987973498198881472e+00,3.709439179841526268e+00
1.065016346315976925e+01,4.439373307860901896e+00
2.242489598952037966e+01,9.460637833524026874e+00
9.534294618115291442e+00,8.593112823459430061e+00
1.716485059186493023e-01,5.390386606067247566e-02
4.576243804472337473e+00,2.583939064244026085e+00
2.504365833842286726e+00,1.614248058748480208e+00
2.269409532563267007e+01,1.989737018174185934e+01
1.822069548155901275e-01,1.256513328533914731e-01
2.405036889502281738e+01,8.972761799665452287e+00
9.875319587576871783e+00,6.399823770969503833e+00
2.280735665568225201e+01,1.353057638899724324e+01
2.371336851699571113e+01,1.615059732699831230e+01
8.623353268599368349e+00,4.661780818693383566e+00
2.489374147393518255e-01,7.808772008862932545e-02
1.595402834716844964e+00,8.854958526158319687e-01
9.185025774955750677e+00,8.145290227986013321e+00
7.651684766534834203e+00,6.944607118486469055e+00
2.419290274343282476e+00,9.874919912204285222e-01
2.947443460972512241e+01,1.408297452512223558e+01
5.430499337115740843e+00,3.309944702018954743e+00
1.383304179432457426e+00,9.473653920403484197e-01
1.309600347971041856e+01,6.043113002358976971e+00
1.452065601967896313e+01,4.676514128996995368e+00
5.667888428961155967e+00,2.420163470107746573e+00
2.434453843692113750e+01,1.226939103777690221e+01
1.933799020425520654e-01,9.018454663188918419e-02
1.088161570255967803e+01,3.270394336176391192e+00
1.002711555359676510e+01,8.575013970260346952e+00
7.841711089361248277e+00,4.374764263880493331e+00
1.336282802012151549e+01,1.054194672331027682e+01
5.188634435792116584e+00,4.052751392654535323e+00
9.435256225875499059e-02,8.274821086590690433e-02
2.243017755769007859e+00,2.003974990671736123e+00
2.068950938796242145e+00,1.464359097882190097e+00
1.990389740301802046e+00,1.000296039406649795e+00
1.809866702131289884e+01,1.374735341380007014e+01
1.302969379587823662e+00,7.213268784702527858e-01
1.604395560579259694e+01,6.884881605173458041e+00
4.240039535409088955e+00,3.527653118314133529e+00
9.678844220790876918e+00,9.532481587557201763e+00
1.529711845971708062e+00,9.154002275930214205e-01
2.568922501629817390e+01,1.770588494242009148e+01
1.533326937957926361e+01,7.092041080978876977e+00
4.738155119354021116e-01,3.342913815572316483e-01
2.154286624837294539e+01,9.072135111138209140e+00
1.000015834437499151e+01,6.070600678691950414e+00
1.776913465404946990e+00,1.210668419163048126e+00
2.490943700162839036e+01,1.189058555178850618e+01
1.413293660198094415e+01,4.695278984165954128e+00
2.301187963394152902e+01,1.544399860809517833e+01
8.439445240085785116e+00,8.255255178506573088e+00
7.120806860878475142e+00,5.299221671154939806e+00
2.134169427473507952e+01,9.286564339323884809e+00
2.599826066878800646e+01,1.629689831034599123e+01
4.224989985463306064e-01,3.683133355902314388e-01
1.332450091207971199e-01,8.626131527078059746e-02
2.450133110556508598e+01,1.030933712170084426e+01
9.682528910280513434e-01,4.176144428267704600e-01
1.259948065316390320e+01,9.450081477457894508e+00
2.843682936580789544e+01,2.413643457797738634e+01
1.366720826313972381e+01,5.889439515042252715e+00
2.218295029457490131e+00,6.368385947307303452e-01
8.865433115964688193e-01,3.883302237259010359e-01
2.453351048212929086e+01,2.007430649255398691e+01
5.464225701284902037e+00,4.451498147546510076e+00
3.898087594437467551e+00,2.653941721985754842e+00
2.574042767938958676e+01,2.135335408951581826e+01
7.773017354804205858e+00,7.274222389488205209e+00
8.154410462943058491e+00,6.740102204624968785e+00
3.545720911567629585e+00,3.139798288726968423e+00
1.684170456251030501e+01,1.089373597874827126e+01
3.989031641377139170e+00,1.339150924346776517e+00
1.960210800960271271e+01,1.532846491924185450e+01
1.133707344153737928e+01,8.708728274204991848e+00
2.861603957033869960e+01,2.546431563905838402e+01
1.541502571454186565e+01,4.737821279022335297e+00
2.545758360025320499e+01,9.920355278725780934e+00
6.259369052386231758e+00,4.680504407552796842e+00
1.577233308276732870e+01,5.648164272988357659e+00
5.578021597614164939e+00,1.563723987188545328e+00
5.733494062517708878e-01,3.076854596197239888e-01
9.476300625024681068e+00,5.348744404682896025e+00
1.018856275350938745e+01,1.029500036735852753e+01
4.329544725429246732e+00,2.237210803728556296e+00
1.181585782582730282e+01,6.162500341644642887e+00
1.903353112200101194e+01,1.740921407396237441e+01
4.902150327957939702e+00,4.307861364723771125e+00
1.932006731968729341e+01,9.040019866126559833e+00
4.750146901115761544e+00,3.928393488519656085e+00
1.607210584995430458e-01,1.032558427850215760e-01
8.088412306557847486e+00,4.696957484684747719e+00
1.346715976684285820e+01,1.051642311635628602e+01
1.673932313062190502e+01,1.022934679984475714e+01
8.624445865451541238e+00,3.126252976875745215e+00
1.685296842949583862e+01,1.075808105324980879e+01
2.184260628788686631e+01,1.420027660275508019e+01
1.276829994345099983e+01,4.156919909600274465e+00
5.347477341346686952e-01,2.834893828451713338e-01
2.632459840039308219e+01,1.588910697851224363e+01
7.915941538050397241e+00,6.891569911841564533e+00
1.895576615535746967e+01,7.805473789850749355e+00
2.391682953774617815e+01,1.284379498433301237e+01
6.532174392067652269e-01,3.163626336519794191e-01
1.451244646026618490e+01,7.418451420375658856e+00
1.737814981046739149e+01,9.485644364231655246e+00
5.470860874437144972e+00,4.530059459896274454e+00
1.979776067761391545e+01,9.256958579468237858e+00
1.879452012483697487e+01,6.069134090207114696e+00
2.077931863399434675e+01,1.154268527249181098e+01
1.136612404331579285e+01,3.452325881881812553e+00
1.533716048376925301e+01,1.203917246215906012e+01
2.706057706150595266e+01,1.759961037876120216e+01
2.937526586789501692e+01,1.563198251263680838e+01
2.989902097233818523e+01,1.953142157265058287e+01
3.166355980336544462e+01,2.160304139750739694e+01
2.252073421027902000e+01,1.841054525803653519e+01
2.404611472834575991e+01,2.064639325715466711e+01
9.786020732930605925e-01,5.311450484551990536e-01
1.395115723860229917e-01,1.241926277623667946e-01
1.443617477795316439e+01,8.631596766331044890e+00
2.075664024582381195e+00,6.460898985777790982e-01
2.250035464405957342e+01,2.074166618535232942e+01
2.176734605859084581e+01,1.120367528392821121e+01
3.210941404255427045e+01,1.497917353552869812e+01
1.893229795957427086e+01,7.383148261956626435e+00
1.223708223387555982e+01,6.768944109417608601e+00
5.146724687411388999e+00,3.087293480703886761e+00
9.334497880984081064e+00,7.832399725066181873e+00
3.133270767234771270e+00,1.338417792898817238e+00
5.033870590628843011e+00,4.733313154403144374e+00
1.471481311721743879e+01,1.066151853055452747e+01
7.577827614057167871e+00,5.926249779811714191e+00
2.689098462989724325e+01,1.985764167515448975e+01
1.291557894252621530e+01,3.959945431842452290e+00
2.085214926366338428e+00,1.749293748696786999e+00
2.667580789181267420e+01,1.692779210305936743e+01
2.977275845949907662e+01,2.239680576599344874e+01
2.745871977887799176e+01,2.616711897689583211e+01
7.003110674164306992e+00,6.792716355415949536e+00
1.942496743887228661e+01,1.696328606808087258e+01
2.812392256639000365e+01,2.190999553630634367e+01
5.632265804886550598e+00,5.115524500716718492e+00
1.053188791060339646e+01,8.313384290049572911e+00
1.479371206206250067e+00,8.649794297725881265e-01
1.800315602305308360e+01,8.923964882488865769e+00
2.358067649310595826e+01,1.198831644360684656e+01
2.120810164811905985e+00,9.065246960073973792e-01
2.459345770260379282e+01,1.446796012014437416e+01
2.522861835976988942e+01,2.582614302625564306e+01
1.985710619579474567e+01,1.339110292964645943e+01
1.802218269862214939e+01,1.081601103397840902e+01
3.348636546683110282e+01,1.656579609913610085e+01
1.590745452257532611e+00,9.517168937882914959e-01
2.508681503594910112e+01,1.042670494350927513e+01
1.331770797039859566e+00,7.057834983339699164e-01
1.210349711365030956e+01,4.455904742157644982e+00
1.640400740208724883e+01,1.402490531969292320e+01
1.876363261248616743e+00,9.705793969287106471e-01
1.466614650112213480e-01,8.869693525208820206e-02
1.261556424953498290e+00,1.079687700065268263e+00
2.821159199015455954e+01,2.426314952092909749e+01
3.993659057188764017e+00,2.873269903428741223e+00
2.498518863644942911e+01,1.401990995854443511e+01
5.268306919593077176e+00,4.305841321047733317e+00
1.223994868289410398e+00,6.275422037665229213e-01
6.481189342404712228e+00,5.005672608504906584e+00
2.061106524955084041e+01,9.713302247859513017e+00
8.929521830020238582e+00,2.408620339513100728e+00
2.575650958553461223e+01,2.062329308009860540e+01
6.187784520341655520e-02,4.469523436458603532e-02
2.554402438418901689e+00,1.242769519643346809e+00
2.872758004846234314e+01,2.224674760549474684e+01
5.027103140181115037e+00,2.257895340052979094e+00
5.657813359934053210e+00,4.966255526491406336e+00
2.614696192991761947e+01,2.067831277800743095e+01
2.257108223471670883e+01,1.374235386959777827e+01
2.201609841777589782e+00,1.623409585431833113e+00
3.827660070134616177e+00,1.499493406830787690e+00
2.446657479925694290e+01,2.371493494221125431e+01
7.592144812798588660e+00,3.220850871063477783e+00
1.654176889271200324e+01,6.441375418438545886e+00
2.708397895972136027e+01,2.189571239340946462e+01
1.774367759899999619e-01,1.329751330670917164e-01
5.301772298290670093e+00,4.077904153302899459e+00
1.316780970590354372e+01,1.280363688793268118e+01
3.878679332914188649e+00,1.512469042380809370e+00
3.675637602387724079e-01,2.186158950234997900e-01
2.756001807348070543e+01,2.188503739563948258e+01
8.313905719144777606e+00,7.282223051371302880e+00
2.504151826877194864e+01,2.539275740453628316e+01
8.061418924182916612e+00,6.760495754073766683e+00
2.972336093081170461e+01,2.033941568815711065e+01
2.261664652413866961e+01,9.838365404761166388e+00
2.305693906628983569e+01,1.371468421368961010e+01
2.365107465130866160e+01,1.996543522483235478e+01
2.622912785889029985e-01,1.626046323141325800e-01
2.314622857380746268e+01,1.163350978139859926e+01
2.539906782089641624e+01,2.090842114086946424e+01
3.998641143796735964e+00,3.766930223946759249e+00
9.708709454238356074e+00,5.510607824640502805e+00
2.412756395042140412e+01,1.869933442190982120e+01
8.139455873014491694e-01,5.016734088669045910e-01
5.369578824399725114e+00,3.782415350645171426e+00
4.640056696652752777e+00,4.595437896692973645e+00
2.656304956650206606e+01,1.908447615455783364e+01
1.440016713770909007e+01,5.647729455650039476e+00
6.274551457808223098e+00,5.627006574977983178e+00
7.648480236959545486e+00,7.077624507357556105e+00
1.938692724521084187e+01,1.276487153667503982e+01
5.704268189754309937e+00,5.167882988420922530e+00
1.236808953344472783e+01,3.219793224192525560e+00
5.128868138402602916e+00,4.554361184514172933e+00
1.584646528853097891e+01,9.880255577748901175e+00
1.822246842077950513e+00,4.698987035426495651e-01
1.160038739947215447e+01,4.904258493529205509e+00
1.894035462256543345e-01,1.346811851937701754e-01
5.467044398687257001e+00,5.402568362798246149e+00
2.836571294205717209e+01,2.183538122257609615e+01
7.629724821165386750e-01,4.859254422186515265e-01
3.076432651971871546e-01,1.616832796352866142e-01
2.718141115872859714e+01,2.108572633189192302e+01
1.132282132370895766e+01,4.868958660634291391e+00
1.592414095572290411e-01,8.785716048818330293e-02
6.943096740445210635e+00,5.908423014789502048e+00
9.985644873988203329e+00,3.583617407628624019e+00
7.193863492680662830e+00,5.910540384443803141e+00
1.457738108927436471e+01,1.338600409671443003e+01
3.774840353177674857e+00,3.309431593884242684e+00
1.935433278117218947e+01,9.391691939375297338e+00
2.820096622560297028e+00,1.428981491286653416e+00
8.568760509970173800e+00,8.029851488611797095e+00
2.841757021698282060e+01,1.924330709422726926e+01
1.269038772427092887e+01,6.365994871400451949e+00
9.690952165356998549e+00,3.302507613126978825e+00
5.471949458464750116e+00,4.220252062853276698e+00
1.510723668366913586e+01,1.280388046275817970e+01
1.897570077215933892e+01,6.947657621894891555e+00
2.169103536993385717e+01,9.823883663532718913e+00
1.359511585743681827e+01,9.556548001137414872e+00
1.296840154699154368e+00,7.616338455192047663e-01
8.727965006470189691e-01,7.018399502400016754e-01
5.942269244782969473e+00,4.810804927480264226e+00
1.885668054291750195e+01,1.641224946252251371e+01
1.476607197466321963e+01,6.204384238697624454e+00
2.039716916114341316e+01,1.070600567306926898e+01
2.967282222580448448e+01,2.031275151926082501e+01
1.110663565815425136e+00,9.878134837836447524e-01
1.690761662501336460e+01,6.214433063907456756e+00
2.520529171534774093e+01,1.785016124384367231e+01
9.648189565470886464e+00,6.007888511602793358e+00
1.270430220630415885e+00,1.041390453257014403e+00
1.425580181613027797e+00,8.465839068314563454e-01
2.302021735395957114e-01,1.427097817311075156e-01
2.635600463154656836e+01,2.020241456736947683e+01
4.609810981522706186e+00,2.247240883334404415e+00
7.218353937854649516e+00,3.481244156986065263e+00
7.901191902831678604e+00,2.147216662342276372e+00
9.150446682715342561e+00,9.197971419333219600e+00
2.851246174198223571e+01,1.399268355528185737e+01
2.720882145657381557e+01,2.569693622437657154e+01
1.389513687315166734e+01,9.373698512989895093e+00
2.417775717325180196e+01,1.079711642824387141e+01
2.462470736332060539e-01,1.229699933204434631e-01
4.494568077429509367e-01,2.875612938061694601e-01
6.850704402544646854e+00,6.272224576400556195e+00
5.316225127243805915e+00,4.801443668093900996e+00
1.129964098863309374e+01,6.355448459095201841e+00
4.071683703952711508e-01,1.720450145707145273e-01
2.552812992728584263e+01,1.172044456971549131e+01
2.774389477860053965e+00,2.336013509863456239e+00
4.320383092003674541e+00,1.511905888522339980e+00
2.466146750151009570e+01,2.311731410207149295e+01
1.384632395101075830e-01,9.896006346397144549e-02
3.125598594355613713e+00,2.632308432737758164e+00
5.609956942761080256e+00,2.176293474078304868e+00
2.236875464037845518e+01,1.246279215052265776e+01
1.607709928332538896e+00,9.786754129080983411e-01
1.258649418017795973e+01,1.375601811755821657e+01
9.606417470087531996e+00,5.363306119552213147e+00
2.405434915735854329e+00,1.184244809095652995e+00
5.244331040764925511e+00,5.162124722774948715e+00
2.739315744345881498e+01,2.071234724303339902e+01
1.157436358055248427e+01,1.165856943752015695e+01
2.220420514079301100e+01,1.028315628333008469e+01
1.891462668996828711e+01,1.602739264823977905e+01
2.879518886228256846e+01,2.327689273294845407e+01
2.382236999584700499e+01,1.195699508627547125e+01
1.883691696864859821e+01,1.362668914191800340e+01
1.097874758575589560e+01,3.125599831136907536e+00
5.052719368982629966e-01,2.659983456304354510e-01
4.224542008571637197e+00,3.598530218094349475e+00
1.047987407082744937e+01,1.591043707611710722e+01
4.088335288219840713e+00,3.186334691623530890e+00
2.621781140461508386e+01,2.179330156753210446e+01
1.247801257771856420e+01,4.026654803303643781e+00
9.261183049960701297e+00,3.204921796604783157e+00
2.330127508970377903e+01,1.120232781227901775e+01
2.465283168647132328e+01,1.576971083908252957e+01
3.276462607978510988e+01,1.479742614048379679e+01
4.587731407075447687e-01,1.687625591726064356e-01
1.690456482552855355e-01,8.996204869042723207e-02
1.231126478008789782e+01,7.797341303652800981e+00
1.554525546028611149e-01,8.628409114320949314e-02
1.320534032088276177e+01,1.217987305286553301e+01
6.177779751795695162e+00,3.795869236476568709e+00
7.796738156519936958e+00,3.139056199489392185e+00
1.196220228083175185e-01,9.651536316177504460e-02
2.182249647488395183e+01,2.145694984300612518e+01
9.277242037436542188e-02,6.907834630375597751e-02
2.057947446056123653e+01,8.072860206128597227e+00
1.164256619299422368e+01,3.402329107016822451e+00
2.888218969256726609e+01,1.322281306512902077e+01
2.352952026771806970e+01,1.185631609712896939e+01
1.968665440932172572e+01,1.744474600067524150e+01
1.005821927041562480e+00,3.280343847575838967e-01
1.803113977358228581e+01,1.454142372955644547e+01
1.719965904742475615e+01,1.371095597113944820e+01
3.806862939394528578e+00,2.151515115206005468e+00
7.424170656820369696e-02,5.321683394254301397e-02
9.828422042118239998e-01,3.907570269361529403e-01
2.340608064538998434e+01,8.920317465763098141e+00
9.664775820322573097e+00,4.568326179769790940e+00
2.033302582337596220e+01,1.464583595169776586e+01
2.821362140090717929e+01,1.840232286049391419e+01
5.792436407561806222e-01,5.912635357039429662e-01
1.328657186109762467e+00,7.036590636530428711e-01
1.228931077845408737e+01,1.295270609781504767e+01
9.857809231042276465e+00,8.523479161172353713e+00
7.210141948761520148e+00,2.427504549505282050e+00
1.780568483401005864e+01,6.959348123708577027e+00
1.220569017325113315e+01,1.227323938271613812e+01
1.631781540772729855e+01,2.468822864534762473e+01
3.148864243353305881e+01,2.107901176227161599e+01
1.909051307205337977e+01,6.729328644836775730e+00
1.318007290101808948e+00,6.734249157438968458e-01
1.269011421207831702e+01,8.981440423116190175e+00
2.614310847827085382e+01,2.169658227852516319e+01
2.287742241720196290e+01,1.282328367581806461e+01
1.738672819004776215e+01,1.474872419056060480e+01
1.574144450392599148e-01,5.618053638162367330e-02
2.174737032845198148e-01,1.106925886264295555e-01
1.138588443507185310e+01,6.103085123198304984e+00
1.708461869297105196e+01,6.830264113500769341e+00
3.809207995108310207e-01,1.069506317010932017e-01
1.382399081646904726e+01,5.728493725551893512e+00
1.434610887711925020e+00,7.882964168073953726e-01
2.902650233305863736e+01,2.413593883705324927e+01
2.734991278625560795e+00,7.034508991793854138e-01
2.193974355197269333e+01,1.731201401913845217e+01
1.550996894969716244e+01,9.675437558093468837e+00
7.865923547025928997e+00,5.520930710468848979e+00
4.051647658022348253e+01,2.352457533032246317e+01
2.220594038438252227e+01,1.120021461984131861e+01
2.261340793747706712e+01,1.916460457162916953e+01
2.553657313489766656e-01,1.559053956011074993e-01
1.973437137691152543e+01,1.730926196724743349e+01
1.442826244075616549e+00,6.061460747440258201e-01
1.142439420165758612e+00,3.522024860806137192e-01
2.473979005079936044e+01,2.198673912455177515e+01
3.257885976446019072e+01,1.541600794928577933e+01
6.343902197404104548e+00,6.242801107951962081e+00
2.467958904672312670e+01,1.887246383588415810e+01
1.679020494816533704e+00,4.054127210642369250e-01
3.037496244928546218e+01,1.508933013143320423e+01
7.996862856632268368e+00,4.117204700202021783e+00
4.523476409638824691e-01,2.521896448593590190e-01
1.554107541270458803e+01,7.966957297371372704e+00
1.728426421250944856e+01,5.818100521147044901e+00
9.110032829949323008e-02,3.885134834917381569e-02
2.242564968013225624e+01,1.473533938403899235e+01
5.417083021648451790e+00,4.262196314172157940e+00
1.651661198224244487e+01,8.555747896447845946e+00
1.938146671208686722e-01,1.070498192398085940e-01
2.812616118477585525e-01,1.127652675072407795e-01
8.962431055911679323e+00,3.738622738190892747e+00
2.428385730070410631e+01,1.029829565047893958e+01
1.440807137753519740e+01,6.307746952368613158e+00
1.243329089269046561e-01,6.740741318543706784e-02
1.181952648075896128e+01,1.137113030499997990e+01
2.659525415869826404e+01,1.100844308841990937e+01
9.976508459521927108e+00,1.278170281041662371e+01
3.889130616429966603e-01,1.680222292373844684e-01
1.057113760952256776e+01,6.575588066090405803e+00
1.057489148740306462e+01,1.117745499574787083e+01
2.585830115147575015e+01,1.514990433861712305e+01
4.327686408713533162e+00,3.551645428059151843e+00
2.083731277606986065e-01,1.406757602764861781e-01
1.516260750742327856e-01,6.896333676499553922e-02
1.728514125053505879e+01,9.432705754818575983e+00
6.830448146222700245e+00,5.316823017962796882e+00
1.813267504653803641e+01,1.682459986473229563e+01
5.522543848654172249e-01,2.279180173689573929e-01
2.057589363083859590e-01,8.131641734331312987e-02
1.964383025935059479e-01,1.224486499798639050e-01
1.380276001409677544e+00,1.259530428866384888e+00
1.813214313343423711e+01,1.691715382110916721e+01
1.348694616674440816e+01,9.590506022676279940e+00
3.385523800464155642e+01,1.609323033916155410e+01
1.729826790434988482e+01,9.268428077023934009e+00
3.510656826269934250e+00,7.883237075469395894e-01
1.301847459738138824e+01,3.430057579637441734e+00
6.908832474470206542e+00,4.902354175903250066e+00
2.464099267743138455e+01,1.043354866187460139e+01
2.268683545956597669e+01,1.128650036070151863e+01
1.263381929780704205e+01,5.566113738962105373e+00
1.712379890411900973e+01,7.419298774457397272e+00
7.140933103054711850e+00,7.051045664140266567e+00
1.273076026673379069e+01,1.264166022991681260e+01
3.670683036862174120e+00,2.864642061478285484e+00
1.220743937944131652e+01,1.173944198977023490e+01
3.759974446532029724e+00,2.808973260762102075e+00
1.614638896198033535e+01,6.932705438590371472e+00
3.725178137104222298e+00,3.025390152664531040e+00
5.857117623538631968e+00,5.405391232366222098e+00
2.283708184253808682e+01,1.130215562517775574e+01
1.372226659483280820e+00,7.740862065948990178e-01
1.816785877818390293e+00,1.306950365247076196e+00
1.900902131291285713e+01,1.742259246118500471e+01
2.791021692926760167e+01,1.106320537613857802e+01
1.631910371901126311e+01,7.557329535193568759e+00
1.297041842910592324e-01,8.273688071327253701e-02
1.458156858417053314e+01,8.750096335998025054e+00
1.763684213296802028e+01,8.030369040685727100e+00
1.688799084349326685e-01,8.876700638336403049e-02
1.712637771735916203e+01,6.624637581715337120e+00
2.101540717268943204e-01,1.046262951605923669e-01
1.848207771300632629e+01,9.187983223774146779e+00
1.500467997274654053e+01,1.201230189682700811e+01
2.320994050327168168e+01,1.595862899602338913e+01
1.228583907179027257e+01,5.179131615176324921e+00
2.840751463583130487e+01,2.287270611923415586e+01
7.560922861993392141e-01,4.444002916349918397e-01
2.699983696413109868e+01,1.312589520823833844e+01
1.788766229782718042e+01,1.190146221305514906e+01
1.262900505840027954e+01,1.262478348535011818e+01
8.095681518228197149e+00,6.933424907787594016e+00
8.116807585331985209e+00,8.409154547946243952e+00
1.496037749048143262e+01,6.929394348256121106e+00
4.614146868419795489e+00,4.071625294225531988e+00
5.868543353062313228e-01,3.239382903897786159e-01
8.791818240568524345e+00,5.265068730608004621e+00
2.150278437432093881e+01,9.077464910791080754e+00
2.478960627360712010e+01,1.781525439749712802e+01
1.142301731738180948e+01,1.025029321296759477e+01
2.127363520661122109e+00,1.316608424176610281e+00
1.667489161865762881e+01,6.485105686051791274e+00
1.399655460645427896e+00,7.069774412973888200e-01
6.800034091524445934e+00,5.634584260295017799e+00
1.746628289719750526e+01,1.212008718175891886e+01
2.328058861440507599e+01,1.099318726450714934e+01
3.466449874930788599e+00,1.140379774576983252e+00
2.612291012895184394e+01,2.182925899966389949e+01
5.000693549222488876e+00,2.976403665280194399e+00
1.646977762210416030e+00,1.364832006280539689e+00
1.036050687404965615e-01,5.979739274489889039e-02
2.044242509755345338e+01,1.973006738418530048e+01
1.860722085017444627e+01,1.036361615561205340e+01
1.088670896242252084e+01,1.137393884492452045e+01
8.811095265201950966e+00,3.892729595004182919e+00
9.654553328946700874e-02,5.544098545169807990e-02
9.938226745596951517e+00,9.539833956124866177e+00
1.943850189635486458e+01,7.487560172717937057e+00
1.213220664058453302e+01,4.545935118571092559e+00
9.716607174198719221e+00,5.363630126896152817e+00
1.809425977613513226e+01,1.109458750087869916e+01
2.421144037224090884e+00,2.289069180867388198e+00
1.703103171338410382e-01,1.337236168077969301e-01
5.662058895223232025e-01,3.121958922511827716e-01
2.093904801934381443e-01,1.407994333693819988e-01
5.844546229098700474e-01,2.427323138387487700e-01
2.542954102271102457e+01,2.447788117190641088e+01
1.449214350751247271e-01,8.813233420479435476e-02
9.936760072958568557e+00,7.007761924803040721e+00
2.221396067798128016e+01,1.841538349156270726e+01
5.227394776387161990e-01,3.243809606580838611e-01
2.540978047555258712e+01,1.903701105384545045e+01
6.014979834862876906e+00,2.219189633895226610e+00
4.881682210202513139e-01,3.008703538123529975e-01
1.785937754687373058e+01,1.346070866319666237e+01
1.924703660700451957e-01,1.188172517461534711e-01
2.009067411048111396e+01,1.181771288312953061e+01
3.909570172842260405e+01,2.075612592607760476e+01
1.273172535250967075e+00,7.599378564087372334e-01
9.238655460355316151e-02,7.399568763101338487e-02
4.986153943940898614e-01,3.963731143403722013e-01
8.518610758569773012e+00,4.592741471552692190e+00
2.613705296678950685e+00,2.108467879007110302e+00
9.789644734009390892e-02,7.214682465270116918e-02
2.844787373551947995e-01,1.236936575390860660e-01
5.947927355050617315e-01,2.863494463920418509e-01
1.284116024331923356e+01,3.370277389569108717e+00
9.901700251033679123e+00,2.702325113984175964e+00
2.024760788205002271e+00,1.885702894993800172e+00
9.566228666275321535e-01,5.741922553897649273e-01
2.391236744399051517e+01,1.896857293815880041e+01
3.534803488648566305e-01,2.567249376784078163e-01
1.843198474381034790e-01,1.048413813921895837e-01
2.451290042030144178e+01,1.777315469119595193e+01
1.392283508057892139e+00,4.103951585203357566e-01
2.713536049708440956e+01,1.946189679211660462e+01
8.804313176892880621e-01,3.236133860473727197e-01
2.031031523911272529e+01,8.924712336920302747e+00
1.055600298287882843e+01,4.388963847352620462e+00
2.407607218062898458e+00,1.948934364617894932e+00
3.838282626123633023e-01,1.529009258552443962e-01
1.742319371411764095e+01,6.173040581637480706e+00
4.520834750816310477e-01,2.707872004621877382e-01
2.031353903386005300e+01,1.538233283400397333e+01
2.712986363643405596e+01,1.215626516599353835e+01
2.662967725026933863e+01,1.630654832755025652e+01
2.285304919557610148e+01,1.304247553122677772e+01
9.761097826727953120e+00,5.603728581732422498e+00
4.328568998165042814e+00,1.586499672712265996e+00
2.248359068089690993e+01,1.633992123816837960e+01
4.056130619721503905e+00,3.325970414201151470e+00
4.373933066694905558e-01,2.486327609222110657e-01
2.529784326455360599e+01,2.331584695840701116e+01
1.491704446432777220e-01,1.010322631814871142e-01
2.487366209969909203e+00,2.103878821565907220e+00
9.390697742199010989e+00,7.431112718030909114e+00
7.331343099352820580e+00,5.266373973998600633e+00
2.840200268215842527e+01,1.822372818621085955e+01
1.686112127600179200e-01,1.278057948957068146e-01
8.300543481188995543e+00,7.371298980247685151e+00
1.072792737569256971e+01,5.521786339439419322e+00
3.577358158863179316e+00,3.292578006509211619e+00
2.046382528161223746e+01,8.812924498642979998e+00
2.037421867591142632e+00,1.022867651265227718e+00
5.654867665537924637e+00,4.604951824450632003e+00
2.643852650998088905e+01,1.097871316168034461e+01
1.537898141448868494e-01,1.302524444246520585e-01
2.048316915982679454e-01,1.147343423054287825e-01
1.395107928934869124e+00,8.212592886276194326e-01
2.166925775942752375e-01,1.070822824875702628e-01
1.166070383760779566e-01,7.742526299514890242e-02
2.682595665907300475e+00,1.163068492944651755e+00
2.021022139179985899e+01,1.113905415659796638e+01
1.681732893569151954e-01,9.749858157210412879e-02
6.323565802693581261e+00,4.390291125016171137e+00
4.848417855696975920e+00,3.511990434070384914e+00
3.980425100175159514e+01,2.144277569956369689e+01
7.132113728146632248e+00,2.607314862412256407e+00
8.449136383424043828e+00,7.052967509446235184e+00
1.903826963290077001e-01,1.198979054424052088e-01
3.348168624138730398e-01,2.221876052306311078e-01
8.013254180178524422e+00,6.990985356527446015e+00
2.677103116934528848e-01,1.303368831513025128e-01
4.985948638102109420e+00,2.869314758253608488e+00
2.390401013737414360e+01,1.296567360617267362e+01
9.926012689329713368e+00,7.669899229222942871e+00
2.489294775308032559e+00,1.614841569969866608e+00
4.569589547844072897e+00,3.483719714547932167e+00
1.093569063358852622e+00,5.922221423643192484e-01
2.481800058295967060e-01,1.609498442243414984e-01
1.801356752553917673e+01,7.075254650449930516e+00
3.852682242477807883e-01,2.093578587678044667e-01
3.189221059374739653e+00,1.384716016259360138e+00
1.719271015836558192e+01,6.663575777341431916e+00
1.114954384228388307e+01,2.955248526682689558e+00
2.685746383203896670e+01,2.434657738245572389e+01
2.545460956191546842e+01,1.394241720593226397e+01
1.511914231932988528e+01,6.745309744065647095e+00
1.618414195677424772e+01,4.459229193710741335e+00
8.531171889456735657e-01,2.885692744305324853e-01
2.411394759246367059e+01,1.601220233247972047e+01
7.071755013493742359e-01,2.691915178209878245e-01
7.008517146333795300e-02,5.233345297101075350e-02
1.104209689406001083e+01,5.044527123313717887e+00
1.525072583591777997e+00,1.312689108150139949e+00
2.474055640876987994e+01,9.740541692720796618e+00
3.596642809132743590e+00,1.386453636040362314e+00
1.066638012789386103e+01,9.051619980792235509e+00
2.007815909660442344e+01,1.342925966980077490e+01
5.504740821270193152e+00,2.181442931890222425e+00
1.971115007732439750e+01,6.765125283741753037e+00
3.070164984600847746e-01,1.750120868608719127e-01
2.000659096936254855e+01,1.048161556401187688e+01
1.840936936710950178e+01,1.548233573337826030e+01
8.311589920996349801e-02,4.019564994896956955e-02
1.638390379709442257e+01,5.780763586207521953e+00
1.204692132971711516e+01,4.548676181347269143e+00
7.234355948910778267e+00,2.360557142663969987e+00
3.124262610969737608e+01,2.048325961897435832e+01
5.957678958102569311e+00,2.760423985730842578e+00
3.990994219396123199e+00,3.267753501632367996e+00
3.287940913136336629e+00,2.168535067262678862e+00
3.899559529551773540e+00,1.729683248836427323e+00
2.216105253620759896e+01,2.051037108641579110e+01
5.703483320105232623e-01,3.065161690160507768e-01
5.995793523613088816e+00,2.261400023425097050e+00
2.483786954407403158e+01,1.563602015926812072e+01
6.987683214046572111e+00,6.282582420107188703e+00
1.352637477768291419e+01,4.369075994893098169e+00
3.036040623268219818e+01,1.358537067372605556e+01
8.337202523254909181e+00,5.853015872733335456e+00
7.637264927965027594e-02,4.114205163050640990e-02
3.454477874116747227e+00,2.904251525711486259e+00
2.188919158715671287e+01,1.172909681254784786e+01
3.212664918508796319e-01,2.672531930339703821e-01
1.200125963963076181e+01,7.685085995361681910e+00
1.310292420226370780e+01,8.924097757170031286e+00
2.243919412269400482e+01,9.997229222920031688e+00
1.633038043898179481e+01,7.059794690665857964e+00
1.826428124990445312e+01,1.191906476234481715e+01
2.683276839994337237e+01,1.746471027318830949e+01
2.749781575518685628e+01,1.131606694770589527e+01
8.574017528615105022e+00,6.897101476795936215e+00
9.082893742838328066e+00,7.699058808258314457e+00
7.199045184272327091e+00,4.112105092400463846e+00
9.933497582984477381e-01,7.779915751322225015e-01
3.872706014545907127e+00,9.406100389576235177e-01
1.917843342467376999e+01,1.468472533839088889e+01
1.594304800421653567e+00,9.187995176797590924e-01
1.197902818053164253e+01,1.175322007994396323e+01
2.898992276225711429e+00,2.232030470658611598e+00
3.194058659673887579e+00,2.688465434714955027e+00
2.296001419888073514e+01,8.182235823725712009e+00
3.122901938620219031e+00,1.959186632192495559e+00
6.077815288427624196e+00,2.919266815422006722e+00
1.149710668096888178e+01,9.778827501606187411e+00
2.688154401387033943e+01,2.242588427564848530e+01
1.561776519510639005e+01,5.302852278002582409e+00
1.626567691194842524e+01,1.893125621270813497e+01
1.375430932152319663e+01,4.666288257900900405e+00
1.037327590661383603e+01,1.107283112052306251e+01
5.258716951230374193e+00,3.398727080515198118e+00
1.165959050030335037e-01,8.210442344278083560e-02
1.205445935107966093e+01,7.831714191639393974e+00
1.085614146959409165e+00,5.151253008742276984e-01
5.972678030197545951e+00,4.456712349694369912e+00
2.521368481131034400e+01,1.603418992373407548e+01
8.161686483635326894e+00,3.361930042556300791e+00
1.620567889510089898e+01,7.975106413922339321e+00
6.585441650986965101e+00,5.662315149209364407e+00
1.585183147650268687e+01,1.110455625946688762e+01
2.347065193601574151e+01,1.485898195966754898e+01
1.081507848496949897e+01,3.895751620888273425e+00
1.570323083540498565e+01,5.273099843741392512e+00
1.312973257089622703e-01,5.205001299101579687e-02
1.991571420478735632e+01,1.269038811219562390e+01
3.254958962205676709e+00,2.754923940541051497e+00
1.010271194877726053e+01,1.079221365321905601e+01
1.605184297180811726e+01,8.868345379248225413e+00
2.092353778333609782e+01,1.557161520946130651e+01
1.258187229958936015e+01,1.012737100517355060e+01
2.851727392565747365e+01,2.139780396211082092e+01
2.574946206655640779e+01,2.096437884955616937e+01
2.829846908970637953e-01,7.349646409075068221e-02
7.136956251235225146e+00,2.435103641053163681e+00
8.572254117456520106e+00,7.536697860606057731e+00
2.510456166358652652e+00,1.088338767854979405e+00
9.656361654572220843e+00,2.511447817360310086e+00
3.228386985741414605e+01,1.479249911724671307e+01
1.532563259634985720e+01,8.466611370920189117e+00
1.028207985955045700e+01,1.009758695500480385e+01
1.699029572857485848e-01,8.501997341167820410e-02
1.409442992973700548e+01,1.078836625633488921e+01
3.720112454927420043e+00,3.483534599172772417e+00
5.634351201894012284e+00,5.059683360795610874e+00
6.126591408959970730e-02,4.257375305963538581e-02
1.409029845499981226e+00,8.127207079665030864e-01
2.118737576383753307e+01,9.090127643985319139e+00
8.537084965712132600e+00,5.166844538208443360e+00
8.289834980996486635e+00,3.777408976557535158e+00
3.233868382932513441e+01,1.489861128971364757e+01
5.083619354042749450e+00,3.544933712733770115e+00
3.952221455054850008e+00,1.487945037848218632e+00
2.577839653054596880e+01,9.977695872693091772e+00
1.477753868200075082e+01,1.385652092521973167e+01
6.378134962328195101e+00,4.335928462840838549e+00
1.409017638483861079e+00,6.635087483647006401e-01
9.819503787539168860e-01,3.794947829160012498e-01
3.129526430782327395e+01,2.069216995861668096e+01
2.520962335286148814e+01,1.764261853218274823e+01
6.126158864800260950e+00,5.027341126773889890e+00
2.314097099043438277e+01,1.580546727452441225e+01
1.892207220406506352e+01,9.265244405021446639e+00
2.483488594539954852e-01,1.333017474751712061e-01
2.842284369663907739e+01,1.124292627625355401e+01
1.071629390121804626e+01,4.414608252294963009e+00
9.018308615400602690e+00,4.923896117078180090e+00
2.524737524037838554e+01,2.065370338967717956e+01
1.363983901523360842e+01,8.070708844721476538e+00
3.140395854131833864e-01,1.712977674472641598e-01
6.891363937464966227e+00,4.774059154652015025e+00
3.541797761761290797e+00,1.770736128233584949e+00
3.939938083789922718e+00,1.756563094477226583e+00
2.530766989449754334e+01,2.238339890405896782e+01
4.318756501359875877e+00,3.419133049083553644e+00
1.970956369575547384e+01,7.813550586624677941e+00
2.010617697488479294e+00,1.285361746849051467e+00
7.527055974978361874e+00,4.855689569064742805e+00
3.720860366343460846e-01,2.198558738406604651e-01
3.901797002363574518e-01,2.597805103728345055e-01
4.015026056667186372e-01,2.355523082161195825e-01
8.285507932436017242e+00,6.800943359626884899e+00
4.614309696082539158e-01,3.551718966954853229e-01
1.347659047666408094e+00,1.104602629449973561e+00
1.675673654164532067e+01,5.815726888537783523e+00
1.594323283344121300e+01,6.471028608355300804e+00
1.033717477269825880e+00,4.286977326435540969e-01
8.065261779351226679e+00,3.742268650179363831e+00
1.551262710857763416e+01,1.162624725240116952e+01
1.877852392917635782e-01,1.401062581125027129e-01
1.360455750518286067e+01,7.357492136677500127e+00
1.356484880379701607e+01,5.483041404559740428e+00
2.110375864021568404e+01,1.723729543117599761e+01
5.375896650946971889e+00,5.224764439240765057e+00
1.242776755253733434e+01,8.732640821111454343e+00
1.849872480836788069e-01,1.403065924589348423e-01
4.612460462909520054e+00,4.178643328501023824e+00
8.219686309468444918e+00,5.471529551445789785e+00
2.642610127539841258e+01,2.025949754224486554e+01
9.819595258450787512e+00,4.239009382482880284e+00
2.594418705365902156e+01,2.113696603107382188e+01
3.325818649816990824e+00,1.828950802072371484e+00
4.241759126652985046e+00,3.400739259513870127e+00
5.156767473284088688e+00,2.422260188761590882e+00
2.982520495382877113e-01,1.800856955953155369e-01
2.873845837518998181e+01,2.777105071973555539e+01
1.788918560037623950e-01,1.067721691834582071e-01
1.319598999162710840e+01,9.376218551910000087e+00
3.161688554717720367e-01,1.384570927989780542e-01
1.045401077979716264e+00,8.441522693201815031e-01
2.229547583732703941e+01,2.064400331145220946e+01
1.206508716743155496e+01,1.207145747263849245e+01
1.108046365224210072e+00,8.824415061140834515e-01
2.037054589207650679e+01,1.229972499871493241e+01
4.802489727959460275e+00,3.911210031715957935e+00
1.961002479856372105e+01,7.831155956577100063e+00
5.595044329181016352e+00,4.595040709291237313e+00
1.910804686219520765e-01,1.016154920622878710e-01
2.102920587125596263e+00,9.370048764965386301e-01
1.196777190324421980e+01,4.875438648178261225e+00
2.295285760801886354e+01,9.060601115309836473e+00
2.464381562147900695e+01,1.521304713919042406e+01
2.620488911975693003e-01,1.199098020414493815e-01
8.884865901758109530e+00,7.396082655127646177e+00
5.419140414836473019e-01,2.822844354101060604e-01
2.161608686515801736e+01,7.510930869825369172e+00
1.245691347946974448e-01,7.844023928772526910e-02
2.622457940534275167e+00,5.690294994549520702e-01
2.594176619463647526e+01,1.301498066084817218e+01
1.631561366880611263e+00,1.353575345526278229e+00
7.104145158562592322e+00,5.356244545352851105e+00
7.450918649258151394e-01,4.334865761279813046e-01
1.539570487804164667e-01,8.101887506930449678e-02
1.711316546566346375e+01,1.908667953572200915e+01
1.063467041739700747e+01,9.920390817600608813e+00
2.411378159279093936e+01,2.125980009399939163e+01
6.629478363240563610e+00,2.147666491448677828e+00
1.534814492733747038e+00,8.016860406634879199e-01
1.448509617857989262e+01,1.012316420444236620e+01
7.474700133674852864e+00,6.159777105248581464e+00
2.346091201263049797e+01,1.459221796588091635e+01
1.887747832739441378e+01,1.646742053099294623e+01
2.849831630417556738e+01,1.179834752916045915e+01
3.176685739932276764e+00,1.415387894062709595e+00
1.981874551715169730e+01,1.830565093895117101e+01
5.647750009169708818e+00,5.119840571516021122e+00
8.853939235722753764e+00,6.062884679496873375e+00
1.291675104342165525e+01,1.126909387262558582e+01
7.437769778169212032e+00,4.968439757144052393e+00
1.017269452880474034e+01,3.981501452854423917e+00
3.110547073228536519e+01,2.151049299365080003e+01
2.275010580453882625e+01,1.716620458173406405e+01
4.118778922335863513e+00,2.090979815201571057e+00
5.527967073728737191e+00,3.706909365191068062e+00
2.361099347631855494e+01,1.491808031298764448e+01
2.809804508945491364e+01,1.852615739619785984e+01
2.290052808944811602e+01,8.733404280141101594e+00
5.416043905496863431e+00,4.380601916115019812e+00
2.415809610769320059e+01,1.866451850770155119e+01
9.859613677473952009e+00,2.879597836615753970e+00
2.346363942864794794e+01,1.809664194527371350e+01
2.877755618328776421e+01,2.435792432960281673e+01
1.239331808315668404e+01,9.012167579652311744e+00
1.082250189934690177e+01,8.305104120280082824e+00
1.787448055289960180e+01,1.175855400620849345e+01
1.159218076525555929e+01,3.238754043791586490e+00
1.333051564581106074e+00,1.104468658563038108e+00
1.813248586373778792e+01,1.690418197535215938e+01
5.787382686609079840e+00,4.298086226884736405e+00
2.542891992102465082e+01,1.420346404547279739e+01
8.353538954967437036e+00,2.780173524766606619e+00
4.536642040698503742e+00,4.053371624979457799e+00
6.962501463912756927e-02,3.665514894752116420e-02
1.641570031924366191e+01,8.736243056057118039e+00
7.554741141705279439e+00,6.037052748904343069e+00
3.436408665539636420e+00,3.177482195166759560e+00
2.870563081258662996e-01,1.642282192361346205e-01
4.155121916296922180e-01,1.704807607325255769e-01
2.475330644668896352e-01,1.406338255967449768e-01
4.059086459824603921e+00,3.516328451971347580e+00
1.073637551847056892e+00,8.051838124979612266e-01
8.981570658631740756e+00,5.241094956804754013e+00
7.338839370089327296e+00,5.104329254742538957e+00
3.560701477448708463e+00,3.099643623456455721e+00
1.332902584941961344e+01,4.170283137773483695e+00
1.860490389091474128e+01,1.986325908569558507e+01
8.196806235333278678e+00,3.722382449366187895e+00
1.723489736672623174e+00,1.098305912141785301e+00
6.888019992438043637e+00,5.688604666095090856e+00
2.774059489176321236e+01,1.952780888476795340e+01
2.456401832984780143e+01,1.598472144464531119e+01
1.809456188794867160e+01,1.800097207959083434e+01
4.176498149618899092e+00,1.761288195909590293e+00
1.571577012955654995e-01,1.301443281194790136e-01
1.215898474949818620e-01,1.096763906329887572e-01
1.261331526637995970e-01,8.160314957535068359e-02
1.809291662517339461e+01,6.666003467650003067e+00
4.620990116344560583e+00,1.121583519956814268e+00
1.127533224923241706e+00,6.328353071378381989e-01
1.842241513551648779e+01,1.334933380443917095e+01
7.341886849718397556e+00,5.376660354216809878e+00
6.885923504299392484e+00,2.881330333400724530e+00
1.453115308083747559e+00,8.391120812689714104e-01
1.021235168824793860e+01,1.012162157067177581e+01
8.638666680270308262e+00,5.787680122911081249e+00
2.570734169894770815e+01,2.299553624251991479e+01
5.790818668768531019e+00,5.266438691062755417e+00
1.752324933025102061e+00,1.009897273480278024e+00
2.036755151616498616e-01,1.359732677688167135e-01
1.782573388654222768e-01,1.367892379892199084e-01
2.314356625262117007e+01,1.112208482446471614e+01
1.017597606748518047e+01,6.313795239374310420e+00
9.295200100979160496e+00,3.207318500484197088e+00
1.985849043192711605e+01,6.820867325711862605e+00
2.004647108406521383e+01,9.173268960765183166e+00
8.303710360876802810e+00,8.643234639957487531e+00
1.205293152760742537e+01,9.377926684001252511e+00
1.528023682374334413e+01,8.241265740563795461e+00
3.807411572207381134e+00,3.709330060291847975e+00
2.370869046153609361e+01,1.947471448691558749e+01
1.713479885451176088e+01,1.398822992472423010e+01
2.360117218419112817e+01,1.820394243023612546e+01
7.643563398889892113e+00,5.594043952977204803e+00
7.878723059188525113e+00,6.745353032164716822e+00
4.615824099855105750e-02,3.578291997417443193e-02
2.938246571426011755e+01,1.353372275386277934e+01
2.256732142919276995e+01,1.134254985556986028e+01
4.527423905837612672e+00,2.248338660170920544e+00
1.860054722314468389e-01,1.201077793486368672e-01
5.558598849034919631e+00,4.020191853813251726e+00
9.492441685654631200e-01,7.725191050466684306e-01
2.961720167234639334e+01,2.479924396651965424e+01
3.007797024173544664e-01,2.382439054006530721e-01
9.024958579796143354e+00,3.226665576143017411e+00
9.828801912748247327e-01,8.621361075899647286e-01
7.782812105821364845e+00,6.369661460789273200e+00
2.198728412419085743e+01,9.524084833620404922e+00
5.842064004009067446e+00,4.776482769395196115e+00
5.824402880879757660e+00,3.849936150602256468e+00
2.000487487820761245e+01,1.854421157550748589e+01
1.569825847562002252e+01,1.031220349425614913e+01
1.976010151088557210e-01,1.330237340757148834e-01
1.184865659443072650e+00,4.426811134788018465e-01
1.789958062323738730e+01,1.643731353050089794e+01
1.383754507761703945e+00,6.380166497340993281e-01
1.559722748563497075e-01,1.222317274386392899e-01
6.008293456082138828e-01,4.868307791326101364e-01
8.137841230635402212e+00,5.425167139875262556e+00
2.246436756135015145e+01,1.868194151476055254e+01
1.684461897491891236e+01,1.033096933862320377e+01
5.450932567502173587e-01,3.345934212985291478e-01
6.718626542984699412e+00,5.211196281268151154e+00
2.882397233724104391e-01,1.409188017287014150e-01
2.708807709152464938e+01,2.270890785287512514e+01
1.307240739068671609e-01,1.079428501899782761e-01
3.196626964746945276e+01,2.875522940590015253e+01
2.286929891108476198e+01,1.788698304692756480e+01
6.635207270528703738e+00,3.755512529373814523e+00
2.777711049153403877e+01,2.385871812667842562e+01
1.839769757474955370e+01,1.039389276138093265e+01
1.632208656011180992e+01,1.942734934850982853e+01
5.238537069891160414e+00,4.522119084497772334e+00
1.962128929563535351e+01,1.828519194696042405e+01
5.646131389241249465e+00,4.644178090555463712e+00
1.368197885073337261e+01,7.377348925212308117e+00
2.632503271792613342e-02,1.827335441291415286e-02
4.717236921811605171e-02,2.883777000509504460e-02
1.841374012188239817e+01,1.284188396553427935e+01
1.322943181602372675e+01,3.407892384173676792e+00
1.045699640465794467e+01,7.144819466066596014e+00
1.747311559659015501e+01,1.293962331527126963e+01
1.508714483919424976e-01,9.193802975008286138e-02
1.757747208821696105e+01,1.301429378245559398e+01
3.644793848640362199e+01,1.779698820903884737e+01
3.564844242099974858e-01,1.954589653639300650e-01
5.297155004989680727e+00,2.126826117457127019e+00
1.655652827883222855e+01,8.441978679435708344e+00
2.350668094653555862e+00,6.926425652240840725e-01
1.210662123175814564e+00,5.932672335076440984e-01
1.388352355486000000e+01,9.457597195976646276e+00
1.311663954468345139e+01,4.575636902125559402e+00
1.831721526483888640e+00,1.301900316520247403e+00
1.415556088765197806e+01,8.416682840005076827e+00
2.964847968012505053e+00,2.391766145769443686e+00
1.600518229635120804e+00,8.021788465699777326e-01
8.691740761458445874e+00,6.416419414060362314e+00
8.374697136374809503e+00,7.854270860423912204e+00
4.865596788796648475e+00,4.083682711597651505e+00
1.097193602573756227e-01,6.346780146780565957e-02
3.079972239697048764e+01,1.562676180796714398e+01
1.540595827776379600e+01,8.486005115515828479e+00
1.946523126978267459e+00,6.452051066891302256e-01
3.031557146784138457e-01,2.303131201503939851e-01
1.651886339741725607e+01,1.231019222240682964e+01
3.116542788885012527e+01,1.361658825908725134e+01
1.302656000541356773e-01,8.668460752479793807e-02
7.994931714339631235e+00,6.691070985438265950e+00
1.757087910359729221e+01,1.027232378475455477e+01
4.902018233362047006e+00,4.186966860415246572e+00
1.851728257887086571e+01,1.153324313211711427e+01
7.339795134736378124e+00,3.387750311217817334e+00
4.990344659221887191e+00,2.996861107040589722e+00
2.145638954485024730e+00,1.262935819822078809e+00
1.041048550495510838e+01,1.168274467583848697e+01
3.294354652751411372e+00,2.086563387963370264e+00
1.487098115967441636e+01,1.998019925821599685e+01
4.853151918053068670e+00,2.656352963643307863e+00
1.329722783380366202e+01,6.135516208096345459e+00
4.825797231822161137e+00,1.397898520018660884e+00
2.344297398085825712e+00,2.094547377977729941e+00
1.591061984777845995e+00,8.158294557867498131e-01
1.840075896954306289e+00,9.275246430787521534e-01
7.960621929936377406e+00,4.048867210825013885e+00
1.745242753394629309e+00,1.530465948250513852e+00
2.089515014992202424e+01,1.719509763307238970e+01
2.792774119335561167e+01,1.200040686115996991e+01
1.175519789559431594e+00,5.273365523347647299e-01
7.010111799391460785e+00,6.474160840368985426e+00
9.124759060807061117e-02,5.306227360553499028e-02
1.570365938135341111e+01,1.394305829393548990e+01
1.211993392347257226e+00,6.363408848257940953e-01
2.672760528042442019e+01,1.854106162714148454e+01
1.397476631228703603e+01,2.181700841735493057e+01
1.892526213438736349e+01,7.469620635111009932e+00
2.408625135163489617e+01,1.711380849853534158e+01
1.287750350600534111e+00,5.048470391478803165e-01
4.474958386753932871e+00,2.213507172452051641e+00
1.885523331823593107e+00,9.179327982067334579e-01
5.022384817037262028e-01,3.322243731784152443e-01
4.279954267320815298e+00,3.977381537908106779e+00
1.051008766603691669e+01,4.224695263507250331e+00
1.985508817523155045e+01,1.266424258751166221e+01
1.630498345531477966e+01,7.321325551947756693e+00
2.129184891846282213e+01,1.615709605772254065e+01
3.691660775413581064e+00,1.811372548259123194e+00
1.329588454978087064e+01,8.394091669822305590e+00
1.181620983693145860e-01,9.354412333582978745e-02
2.032800220533909652e+01,1.080120461176613489e+01
6.724335198734663344e+00,5.243886397281833034e+00
3.544583252302725196e+00,2.594970423619926247e+00
2.336875089836331076e-01,2.142328034991741181e-01
1.633784042010998760e+01,1.252467293897016276e+01
6.976356377887116267e+00,5.256395207123240709e+00
7.700764088701541610e+00,3.360488349671255648e+00
1.649080491495934098e+01,6.511927961373291218e+00
2.718609592233653416e+01,2.199908257151861335e+01
1.090287923637488632e+01,1.012685636171440073e+01
1.294121829085795206e+01,3.308836231437318975e+00
1.023236347922643619e-01,6.441665094428007665e-02
1.890311971590522000e-01,1.406907077737313827e-01
1.889709460661569906e+01,7.696141154773153303e+00
3.016240384102897210e+01,1.980243220039890062e+01
8.242762822614568829e-01,6.104810622941858611e-01
2.631821436821045168e+01,1.772568639268716595e+01
5.952694059060453791e-01,3.789414968862409028e-01
1.078851167210608430e+01,3.006700063339438067e+00
7.702055267582573528e+00,6.067092949911675248e+00
8.289460400771673232e-01,4.276387574064577368e-01
3.764786886532176080e+00,3.633450640843474133e+00
7.846864908919144455e+00,8.038786833510419783e+00
5.588526593191642355e+00,5.622232756944680609e+00
9.874421249050403304e+00,6.345881503298119952e+00
1.857334942447288029e+01,8.334471201027332299e+00
6.397258523415048970e+00,5.405553207179506714e+00
6.558268412615933407e+00,5.581624219699736322e+00
2.843569328308054978e+01,2.613104656830223149e+01
1.171979410710753022e+01,7.437313425306621539e+00
1.347600531724854100e+01,4.582341019540311144e+00
1.336294994033802475e+01,9.351925054788328140e+00
6.942391090855534408e+00,6.957200980331203155e+00
2.624306934025980098e+01,1.244605155128196472e+01
2.148006698883498444e+01,1.955625931036305332e+01
1.842910050404608924e-01,1.663977801377899413e-01
1.847133586363348812e+01,1.400525265645241824e+01
1.173669587673404457e+01,6.502684975136407530e+00
2.584298187886615850e+01,1.984788991049457962e+01
7.790579799058747201e-02,5.177659506655649113e-02
6.802977344539742788e+00,5.773337375862963583e+00
1.883678467988657013e-01,1.413505945463230662e-01
1.553263421224024654e+01,2.148455912246031829e+01
2.957944696329417145e+00,2.260456988635668463e+00
2.615050679070622408e+01,1.000816356929255235e+01
1.169894958401625384e+00,9.447185860251157141e-01
1.224926464612645510e-01,8.028154578724978896e-02
7.188370251845369596e-01,4.429037447499226121e-01
2.326393624277796235e+01,1.145727406709509744e+01
4.315328065358872145e+00,1.745029961872842206e+00
9.045199233765448099e+00,5.655206124321265015e+00
2.048841226248607938e+01,9.346669781536260047e+00
2.137592374012350049e+01,1.960818744527491830e+01
1.988196221194262847e+01,2.094776037393515011e+01
2.582061761308890624e+01,2.355535551026826724e+01
3.596508904504376769e+00,3.320489526746916109e+00
1.363766771179782289e+01,4.452407486630787226e+00
2.596040705771759960e+01,1.299927430627859160e+01
2.513016049252069450e+00,5.218009590823426969e-01
1.237577047213034120e+01,1.358243252618074592e+01
2.525396908776265192e+01,2.542381437723171800e+01
1.678907602000069588e+01,7.450655619108238703e+00
2.948858380053298145e+00,1.408182009521651734e+00
2.058874582203663905e+01,6.881542120290466968e+00
9.038346630005825943e+00,7.656082601587567815e+00
3.117342101420717881e+01,1.371165974859692405e+01
4.991070675251678246e+00,4.911531070825763123e+00
3.279822935733152978e+00,1.639348324573354443e+00
1.878844435577700622e+01,7.608460738978315874e+00
8.394807617888004003e+00,2.870983904128615372e+00
1.069565516169624697e+00,7.617323574645568085e-01
1.392137418459715548e+01,1.363760077113358982e+01
1.746624012202442622e-01,9.606088573722289248e-02
7.597361100241780463e+00,7.593208202364437831e+00
1.152103926156251923e+01,1.008373795544731522e+01
2.450845777513910662e+01,2.035896287775599589e+01
2.117029934213698539e+01,7.708143794585316400e+00
1.595467161986469096e-01,1.454559970155940296e-01
1.408891909008457155e+01,7.714035889072902386e+00
1.441822467452011480e+00,7.837279533028342904e-01
2.949805913758981291e+01,1.324581830985707676e+01
1.344890981517875872e+01,1.239570554945218994e+01
1.709806128314835361e+00,1.437984286830806369e+00
2.928278740127870350e+01,2.738147254459237701e+01
1.053306406936324713e+01,8.945706768034787260e+00
3.388373680080920991e+01,1.601984233726534868e+01
2.020750535077583976e+01,1.246276325725436251e+01
2.991376236040975911e+00,1.251416867347088013e+00
6.844065303475832529e+00,6.122662337326069348e+00
1.746409099131385290e+01,7.080457521436600565e+00
2.810170895951556957e+01,1.161524645214097440e+01
9.422647479887270805e+00,2.736480298649525800e+00
2.323960405843573795e+01,1.663826696582316345e+01
1.939255483655795942e+01,8.408962393040443573e+00
1.864455316074765889e+01,9.988799307979363107e+00
1.562531863172571533e+01,6.632302653633055378e+00
7.353871182815755247e+00,2.705204273746163679e+00
6.942271372349894776e+00,3.371364937016605001e+00
1.530478302562786830e+00,1.043213821305506439e+00
5.939679271907981395e+00,4.698600379386373760e+00
2.794242885982660685e-01,1.541932689058234662e-01
2.701642947038531872e+01,2.569562048081912664e+01
3.471204968814247849e+01,1.684651906085233719e+01
1.533571386057383856e+00,1.199099332095764359e+00
1.827588825896646796e+01,9.984080857238222251e+00
1.729879986436870709e+01,1.324828666614812889e+01
1.533833628200120103e+01,5.277943800211243541e+00
1.989937866328510196e+01,7.919092166527363474e+00
1.884460985314527215e-01,1.114867735390297071e-01
2.145176812435444447e+01,1.416030368857919264e+01
2.059547316061707711e+00,1.730963878553572588e+00
1.436542949913496692e+01,1.072003463849716276e+01
2.586269173009119626e+01,2.586685504785636169e+01
2.221804131573292551e+01,1.740613868609583648e+01
1.580502272328736346e+01,4.813086697371132594e+00
3.504132973106202531e+00,1.739196726554171457e+00
1.498369926481294456e+01,9.793708534451821990e+00
1.804027321016096863e+01,1.317437659104681558e+01
1.258254147461529193e+01,6.110247590433083964e+00
8.729280496897100505e+00,5.527796826595769986e+00
1.242186646119628080e+01,4.572774211289122981e+00
7.713156345248403767e+00,5.230861683540358520e+00
8.083457387649128023e+00,7.229555117747506365e+00
6.891407570584463294e+00,3.777882827714599934e+00
8.655069517308875859e+00,7.385079576304469207e+00
1.522471044172540822e+01,4.665619420550582319e+00
1.984127816993785098e-01,1.182606714547785598e-01
3.484092962164752727e+00,2.898142982554415159e+00
2.602569468878924930e+00,2.022037991969194426e+00
1.737308529432661430e+01,1.243887336912573183e+01
2.093810890805618996e+00,9.862865533618447866e-01
1.492625611658520235e+01,6.965866650627162926e+00
2.903149140328719824e+01,2.463347915092585083e+01
9.514062462431226663e+00,8.443120990358348621e+00
9.974764440170441615e-02,3.764840896166483930e-02
8.670247845951596588e+00,6.324614215729049249e+00
4.784601533716153376e+00,3.995042484380201486e+00
1.097554516147148895e+01,9.441191360736151950e+00
7.355360857732361701e+00,7.135904883453179970e+00
5.985707587348256808e+00,5.998990196306633216e+00
6.929146661203119173e+00,4.281303235484832825e+00
2.575714844542797621e+01,1.089353014214099780e+01
2.536584754386520402e+01,1.512122644532897198e+01
1.125052505659530944e+01,8.490411484971271960e+00
1.397498538215601194e+01,8.706354806396603863e+00
9.885755308629065041e+00,1.038491616744866164e+01
3.595131774515377465e+00,3.059481730552136014e+00
3.912890918887988789e+00,3.290621966636392948e+00
7.545932412359981356e+00,7.735338850476878747e+00
2.803481337697598264e+01,2.215230040859134775e+01
1.943391859034377944e+01,1.013961560679041618e+01
1.570468053364056971e+01,2.300094211112676490e+01
8.211155561273828951e+00,3.928823244038650575e+00
1.326506962502271669e+01,1.080836522855810955e+01
5.782392383396755875e+00,5.643981032489159055e+00
8.595589423081365088e-02,5.813834925322448888e-02
2.061694014273481912e+01,8.047030770583553760e+00
6.374133807987331757e+00,5.736869861342046129e+00
3.807571772349173322e+00,1.383060947326894219e+00
3.887881776470636197e+01,2.135803003871781058e+01
5.516131598640383604e-01,2.789566917579300309e-01
1.209628290071334078e+01,6.828201533053039896e+00
2.689630895776986108e+01,1.265617868311738370e+01
1.792257042457440264e+01,9.020014781412934113e+00
1.276937983812867650e+01,6.753543309919951554e+00
2.454044411031462403e+01,1.646208030575461478e+01
7.427218877828384080e+00,6.849507146154835802e+00
7.519651649992152853e-01,6.122398511296182066e-01
5.249230170815933683e+00,2.864151311345964679e+00
8.839660612748866386e-01,4.901381045815874082e-01
4.195961100718852421e+00,1.806583773137279803e+00
6.187021490429342130e+00,4.237737185793577055e+00
4.438146860066419563e+00,3.920895871829792156e+00
2.786061885955673034e+01,2.417756945950447900e+01
1.180220090619119411e+01,7.778611586623443763e+00
2.141231598880044829e-01,1.040529130213205533e-01
6.897652003228597728e+00,4.434288801241365263e+00
3.083116988164017247e+00,1.222229907047175601e+00
2.941856743274561481e+00,2.363614749434431506e+00
8.531573192052268606e-01,5.999695254440294834e-01
3.218669228440932617e+00,2.754188953450698918e+00
1.006278585826705019e+01,7.373313057682998384e+00
1.477553113189126466e-01,6.175937370048614761e-02
1.948786292622424199e+01,1.117855259679848778e+01
1.501258846905632005e+01,5.163005313728734613e+00
4.881343278840967415e+00,2.695516296346931018e+00
6.038374807150004742e+00,5.613420745667520251e+00
6.955423963283657862e+00,6.453760358568773725e+00
6.012919945692104307e+00,2.451086111419080282e+00
1.908520057014516103e-01,1.434751557874306138e-01
1.288489881721160302e+01,5.927770210654693450e+00
5.360079715255240684e-02,6.289566235166235697e-02
7.230310138883240256e+00,5.879531199630678273e+00
1.109348697666132288e+01,3.307910660172102446e+00
8.832211074053390121e+00,4.789211857526052718e+00
4.447383345669772559e-01,2.568548490333364964e-01
7.774368387575806061e+00,6.644634031138058283e+00
7.853071833105482291e+00,6.711713155720971713e+00
1.132166424447060571e+01,2.827804839654498359e+00
5.588450627571805107e+00,3.025678992411811041e+00
3.499439064527147991e+01,1.612009217956562424e+01
4.323328683838963404e-01,2.638370626681592057e-01
1.146479416832587539e+01,1.073370422757108322e+01
1.083018673005679489e+01,6.106547322171388181e+00
2.155669591279838571e+01,1.357090095197048818e+01
2.224914862275071314e+01,2.084325881883573572e+01
8.317780449113815422e+00,2.916110433847523886e+00
1.915387589659833800e-01,1.386027541412040986e-01
1.735115872555112304e+01,6.084379786928800549e+00
2.115268014617117132e+01,1.154255989546836503e+01
2.332089232742161045e+01,1.660844501569695808e+01
2.652385354688606256e+01,1.888632450596778156e+01
2.207608169296430134e+01,9.843737528422304095e+00
7.997788731909484028e+00,6.021349808628271738e+00
1.852210100703974049e+01,9.897173421284072958e+00
2.755959687699458271e+01,2.404255299787821798e+01
1.861817018561704984e+01,9.597840845326487624e+00
1.171798514487102594e+01,3.739757372940270663e+00
7.872200747348988337e+00,2.981321888464904646e+00
1.752458262078308848e-01,1.440381028744127934e-01
3.424843150526799462e+01,1.567133887611938370e+01
3.856517799756406362e+01,2.044100242923292399e+01
5.640644560910184957e+00,3.502447952534801789e+00
5.869242857521762780e+00,2.943531235579863736e+00
1.079215137576554717e+01,9.106549046501656974e+00
2.215656032929730657e+01,1.868589409490014930e+01
2.864307989626929896e+00,2.614405361059772392e+00
1.305341816423432943e+00,8.673869941502111436e-01
1.430601713819669207e+01,4.224380563203196104e+00
1.836819696562471194e+01,1.351932057246179397e+01
7.316816657326386419e+00,5.584448492380024831e+00
2.459664490571001139e+01,1.937521388979680736e+01
1.410134252856775383e+01,1.254814542670322730e+01
2.203999731701411946e+01,1.400104632614288214e+01
2.548163748213579183e+01,2.235831080991461661e+01
2.389879072055822817e+01,1.879631297281146018e+01
3.862971791115600517e+00,1.891549620801811660e+00
3.262969706724795316e+01,1.944128556453120282e+01
4.063115350230035894e+00,1.906161786335898833e+00
1.467879166640541910e-01,5.636487625005142527e-02
1.247470677788235704e+01,8.129352735847191980e+00
8.851072313505779832e+00,9.300341038015554673e+00
1.967109333680990702e+01,9.090218605463940449e+00
5.198762378533554607e-01,1.623546495777007381e-01
7.150454642120563697e+00,5.913351419423915623e+00
1.962740244235560638e+01,7.015548502941837405e+00
2.939034964911564529e+01,1.421934372116252199e+01
1.888223283419617760e+00,9.427596931051973606e-01
6.413533313311140738e+00,3.248917125259318528e+00
7.618342953596057399e+00,3.180451812790776600e+00
4.021049465922132526e+00,1.541260900597821504e+00
2.017094391497302297e+01,1.538971700159568989e+01
1.482937803403452659e-01,8.362446182545310580e-02
6.196527014187325655e+00,2.444942272077490486e+00
9.750804535493326597e+00,9.714278578264250896e+00
2.540082075628774660e+01,2.889796374270903101e+01
1.957019988147286682e+01,1.050682071302156118e+01
3.626136159425189298e+00,1.289772227238660696e+00
2.150559545236908576e+01,1.258122783947421297e+01
6.096925464871505440e+00,5.437392804446264272e+00
1.841017462432707197e-01,1.515593083442643152e-01
1.590099128080790081e+01,1.030260082421762569e+01
5.018058787956419131e+00,4.921516851855230357e+00
2.227413477921173168e+01,1.112699596601215291e+01
2.214097068693190451e+01,2.144221833156962731e+01
2.738188158945679263e+01,2.427504964478998772e+01
8.853331303731042379e-01,2.598426729241342659e-01
1.768767812920806648e+01,6.130209983840622989e+00
9.767272755594850864e+00,6.634421981947983049e+00
3.034149266420578073e+01,1.287784482686443255e+01
2.732486902022327158e+01,2.350506293715841366e+01
2.380394411985788050e+00,8.916888137161861350e-01
1.661929487935702809e+01,1.341211055104102634e+01
2.657515237434268229e+01,2.086115917245120244e+01
7.423344548824859501e+00,2.970347399443542091e+00
2.189494072219287801e+01,2.432552388663729914e+01
8.031717128490865054e-01,4.463461120923553627e-01
6.089629167660805642e+00,3.076986474868547816e+00
3.386370869752591517e+01,2.441300243369446221e+01
1.786341229380620632e+01,6.980232351613933517e+00
2.071126492422349585e+01,8.974345577309014388e+00
1.077963798333652079e+01,6.294739059327407737e+00
1.347556084117084296e+01,4.921917226850664129e+00
3.668417255729253812e-01,2.920094265750546314e-01
1.481182687306301027e+01,8.441632267142125556e+00
1.515595430435727842e+01,8.686261184844971339e+00
8.494154082141490036e+00,8.551673141862556449e+00
1.126549698735402139e+01,9.505477182093455824e+00
3.324990432791982897e+01,1.644522250945579955e+01
1.566988085819287591e+01,1.369653771395129560e+01
1.498604702958321866e+01,5.426612916782135088e+00
1.033680514592192762e-01,5.768931508149778564e-02
2.138878267459245563e+01,1.991941048548471471e+01
1.543072271171033272e+01,5.985638561265760771e+00
8.699125139857255107e+00,4.715503660428416843e+00
9.443237851499880264e+00,3.335015844001540497e+00
1.742076825383093608e+00,1.166328801688191197e+00
2.134528278171040228e+01,1.206796323891422595e+01
9.228464728946050855e+00,8.859146573978769368e+00
2.678001731347826109e+01,1.984151242022566919e+01
2.259908058092447547e+01,1.868147669706858593e+01
2.298672120091472593e+01,1.952247335285673913e+01
7.759289054491730120e+00,6.489415981712443049e+00
2.221977173866791944e+01,7.563012427586160769e+00
1.308265625942861909e+01,1.105861034230063211e+01
3.722910352005769585e+00,1.948403211607023566e+00
1.508455051654045498e+01,1.343218202823927321e+01
3.078288961068224339e+01,2.058596641601105759e+01
1.394718211361637705e-01,3.543434869931517961e-02
2.106769235292007547e-01,1.132807371645953576e-01
6.727655957986778290e+00,3.404136918723463356e+00
1.235339773818704323e+01,8.065055800175809253e+00
2.535032071279259469e+01,1.744918569918317175e+01
1.676658821871214400e+01,1.089189955052184189e+01
3.058358017130130690e+01,1.466706779391706839e+01
1.355718675727683831e+01,1.199601893715541046e+01
9.489163073909862689e+00,9.893149091257640748e+00
7.912969839989330012e+00,7.097839538566693918e+00
8.140810526077316922e+00,7.139823259798086852e+00
9.972191921236607470e+00,3.713262614383819216e+00
6.542156177519467875e+00,6.547277186478726918e+00
2.445546810558717254e+01,1.808737856230594687e+01
1.888734119397350142e+00,1.459766311428718044e+00
1.314392742427528837e+01,5.197716175364259783e+00
1.757336356816329470e+01,6.453092093431036069e+00
2.686632893384109977e+01,1.305286054585007527e+01
1.981540550420660907e+01,1.276474259771614150e+01
3.173308726618488951e+00,2.992172420449060510e+00
6.615209250594138446e+00,4.114817240617475669e+00
2.566753360966026420e+01,2.525969438457768135e+01
1.180352493987401985e+01,1.011191742900424195e+01
1.485520840784310082e+01,5.586823193658560172e+00
1.322601672999526579e-01,6.915216585583024156e-02
3.545812201010802300e-01,1.855552808050531521e-01
2.585574265572352815e+01,1.595367420035943873e+01
1.099702386569417767e+00,6.546529168845298674e-01
1.156270422070446946e+00,4.553183275834809529e-01
1.530337865326266389e+01,4.604285603621049994e+00
1.317187421714770323e+01,3.912722669509430151e+00
2.838412966516368208e-01,1.246874788735794215e-01
9.664557039182319897e+00,1.044260329181891400e+01
1.270806435926989941e-01,1.045332705655434846e-01
1.234010059151562544e+01,8.878084874814206273e+00
5.609962064361688761e+00,5.491210970433770377e+00
1.713793412378363357e+01,7.923467030784466125e+00
2.892278084311478992e+01,1.973330682677664782e+01
1.886648332251952831e-01,1.461697152336496330e-01
1.568061881175814598e+01,9.593778018177786748e+00
2.434618678118786761e+01,1.233905925921451185e+01
1.564139204950701867e+01,5.138867576086590283e+00
2.166996053766814256e+01,1.725561057935801657e+01
2.939185913591882837e+01,1.943796769432952942e+01
1.601031891078008940e+01,5.965144962685182684e+00
8.255332823471203341e+00,1.947258890169103696e+00
1.710234044441137913e-01,1.429195699925441820e-01
5.281060960461859466e+00,2.074340188799278284e+00
1.745019182275637704e+01,7.536534501421347620e+00
3.384977281426740703e+00,2.909562305702256158e+00
4.132657548665375491e-01,2.378553760688661700e-01
2.879119754540163711e+01,2.096124412001912773e+01
2.474640138416205615e-01,1.458241604591564711e-01
1.464070019783784105e+01,6.155116960409228177e+00
2.704463481047510443e-01,1.796606569146862176e-01
1.255684405789418712e+01,8.915950481602251898e+00
2.001724702759661056e+01,7.387497896850105050e+00
2.255655236511299844e+00,1.544115339694958511e+00
7.070887627440256118e+00,3.153745827435757043e+00
9.286743090905858367e+00,6.876056722934098531e+00
1.053386595045269658e+01,3.934900826607431235e+00
1.976755029232103311e+01,1.377300151165495379e+01
2.718245691292068145e+01,2.189988238211384441e+01
1.099288008201818023e+01,1.045297295043220842e+01
2.713362462232828065e+01,1.324495310600924114e+01
2.153713178775834081e+01,1.129317492372071996e+01
1.213625669344675551e+01,4.057017391333508805e+00
1.623518964461357328e+01,5.412621516708372660e+00
3.571480986495751608e+01,1.695337151339201753e+01
2.323696755766007627e+01,1.607441651178027442e+01
2.120626410637671100e+01,1.695942074623521023e+01
2.794674449556391238e+01,2.484077979436114703e+01
1.761612068417235477e+01,1.051282151968818290e+01
8.111434860725761808e+00,6.123573000873783201e+00
2.599410138439206364e+01,2.093665648654571143e+01
1.458455108769218356e+01,1.018422642939553135e+01
5.594570862639169029e+00,4.002187743453985647e+00
1.302996961031348322e+00,9.035562050392877964e-01
4.230047016898040191e+00,1.275314844774973588e+00
1.573745280707412775e+01,1.185252672065317192e+01
1.308813183616515385e-01,8.855478919987136432e-02
1.431834789146232012e+01,7.553485520825084620e+00
1.217101404276471399e+01,1.220263470658296434e+01
1.356378737818870484e+01,3.998949796835400861e+00
9.412355265347800426e+00,2.233886238524319445e+00
8.392938851588906957e+00,6.055724480538255960e+00
6.973092335894045313e+00,1.908858450565602549e+00
5.654672316215026306e+00,2.181071686777329877e+00
1.283499528434326242e+00,7.423614310513827474e-01
2.368841930041853772e+01,9.686850293229635867e+00
2.276664875050427028e+01,1.026910612947797574e+01
2.340424457181628881e+01,9.197574693458273387e+00
6.026587145343188290e+00,6.101405709793003673e+00
3.093654505562973611e+00,2.621028804332817153e+00
1.151989890647214354e+00,8.353580728749634421e-01
2.790714524123932283e-01,1.299420455015619091e-01
3.328224576664970868e+01,1.539750809402340437e+01
1.938275063227982287e+01,5.877445346511631641e+00
1.607734086937343321e+01,9.499129958699208842e+00
2.080468885839932724e+01,1.608717798524887499e+01
2.926053104062384946e+01,2.317468646235176521e+01
1.235461257438384131e+01,5.245110274341283407e+00
9.210616665802056957e+00,9.311669606819698686e+00
1.134506712588818367e+01,6.708022355391044300e+00
3.275422139747137606e+01,1.480782481173494247e+01
8.791306721258722590e+00,5.529295868118952129e+00
1.666063833498489410e+00,5.512316328117248254e-01
1.863633578173197591e+01,6.789493873771299093e+00
1.651557737089269295e+01,7.353798048101708673e+00
2.411458199550421355e+01,1.358157631405365251e+01
1.312011812304488778e+01,7.399301024503164292e+00
5.397822311871978584e+00,4.684200128029742949e+00
1.448620871486210326e-01,8.150365296095170298e-02
7.201519912912881516e+00,3.403519427389150920e+00
1.900563218668789744e+01,1.349740404080644041e+01
1.116051000807936899e-01,7.580502104318628809e-02
1.106277274992778814e+01,2.804946853590243094e+00
2.503591197990751738e+01,1.427428481265659777e+01
1.802347248742354324e+01,8.694744786593629371e+00
8.701910236103314489e+00,6.070537514313585348e+00
2.283082259808068837e-01,1.034826382561182118e-01
6.886177236378288491e+00,1.649496285792750427e+00
2.242493405512069415e+01,1.577995513767716318e+01
1.849981605712065047e+01,6.366037129460871746e+00
1.146784967303740466e+00,8.378111337503799660e-01
1.285059203937960193e-01,6.899274438530630937e-02
1.170589410756317861e+01,6.768732738258702142e+00
2.479881023351429548e+01,1.160973238947518915e+01
8.646824999610485118e-01,4.658637367606139890e-01
1.521725548773387793e+01,7.044794487536908179e+00
1.900903897499127382e+01,8.147120249894888033e+00
7.857662970680269199e-01,4.979619364755150102e-01
1.655704070738439615e-01,1.044380537904720241e-01
1.215630466618329031e+01,5.745347947673882238e+00
2.710312934487426872e+01,2.132202406393508909e+01
2.158017489184834758e+01,1.508606803164774313e+01
2.918466453263873994e+00,7.225187765640853632e-01
3.259934264176091290e+01,1.588384359370582111e+01
1.435718382466005494e+01,6.818491280185716263e+00
1.157280014714905114e+01,8.668615193684123810e+00
4.911252835925185245e+00,4.060889885700069257e+00
1.779704220355123323e-01,1.291929283689457197e-01
1.654580655019486091e-01,1.064996170686754590e-01
4.939045751004128348e+00,1.543269923342975192e+00
1.995185922999463912e+01,2.405975963217278135e+01
2.748530046612904698e+01,1.892688632193985399e+01
6.205796067339732325e+00,1.488016557171783161e+00
7.500278883654984519e+00,2.803815197520067581e+00
4.044301654042511629e+00,3.850366957101361454e+00
4.955852876980538113e+00,3.626835355380965353e+00
2.205967904361585130e-01,1.405991791249827372e-01
4.028043139106338799e+01,2.243525619399236959e+01
2.695328435310635484e+01,2.242151070839732085e+01
2.093019297804325518e+01,1.576392033700810025e+01
1.588531867080624238e+01,2.183033136048261014e+01
3.367591877321054472e+00,2.628818407599835094e+00
2.363100552237068541e+01,1.940063064441521945e+01
1.107412311009320804e+00,6.613676414166350659e-01
7.928434036237423932e+00,7.364647668023057925e+00
1.236819372666994932e+00,6.201819689384101553e-01
2.065154483069767366e+01,1.481936324231714863e+01
9.244091546997474040e+00,3.658518703888128609e+00
1.758419590756455264e+01,8.621008466261740111e+00
4.684572087351120295e+00,4.120250951995830135e+00
1.974730244008273683e-01,6.721540519733425201e-02
2.025131208933914806e+01,7.010824854053668176e+00
2.167982576146353679e+01,1.329146825406006727e+01
2.443903818178855047e+01,1.437060316395634985e+01
2.790433537710599055e+01,1.246533144858687869e+01
3.180363276427441210e+00,2.149441383287568286e+00
5.770101603712604721e+00,3.832772048482639082e+00
2.384126346426203025e-01,1.496189324125673514e-01
3.647524951642815427e-01,2.152323768581186902e-01
7.507364631076636208e+00,6.393993246561871402e+00
5.816248441121408597e+00,4.799492233745686676e+00
3.187096784372843317e+01,1.554355912899342052e+01
2.591177275377469225e-01,1.464375570489373779e-01
6.640878076244708161e+00,6.777019684273008160e+00
1.944812158614288855e-01,1.221087053077390683e-01
1.318543439505018289e-01,8.639841287463646824e-02
2.513659414060830244e+01,1.231789939956319735e+01
1.174528907455411275e+00,7.564860472911790756e-01
2.726337607345531922e+01,1.882074096552911158e+01
2.664529272864078280e+01,1.521472427073387124e+01
1.828268306034489532e+00,9.491292768158589022e-01
8.441449748810443410e+00,6.633343815847158709e+00
2.795706671520440167e+00,2.339281337076569933e+00
2.135150445623526849e+01,1.126596752171446170e+01
1.167353256807097317e+01,8.281194561413981248e+00
4.875433365635865046e-01,3.256395747698095922e-01
1.391156585802998791e+01,4.446208987641788291e+00
1.762885659806713079e+01,1.131592747100651941e+01
5.427631493876023505e+00,4.554627091702615260e+00
6.002439965788148868e+00,1.713893751523671849e+00
3.550395667618636963e+01,1.735029648943461211e+01
8.427349536461601787e+00,6.563693368751194690e+00
1.514748362288520234e+01,9.606636815415894759e+00
1.773847582931695399e+01,1.057402545712885633e+01
8.164837180818139695e-01,4.340865521257456505e-01
1.699035748542875623e+01,1.157506262505397032e+01
2.865891189436860387e+01,1.131709448450454758e+01
2.428199985475421840e+01,1.210360632758720101e+01
2.646940880956688780e+00,2.266872822213223948e+00
1.626117466471239392e-01,9.119004281686358959e-02
2.945319966958876545e+00,1.164665344081327492e+00
5.614535366039198117e+00,5.175078501874675219e+00
1.425704526711873754e+01,6.313230470789464199e+00
6.208894660189638870e+00,5.081577240628160297e+00
3.730519416614218597e-01,2.507064759092541006e-01
2.824963708522125216e+01,1.366063108177924867e+01
8.567527500102391613e+00,7.168153146267010278e+00
3.005931150316086686e+01,1.965769103971014431e+01
5.135710304791291314e+00,2.995322738307042432e+00
4.727792258593388475e+00,4.674495050872097934e+00
3.250395935337776621e+01,1.569544133899857030e+01
4.007677364788168006e+01,2.168124248998298498e+01
2.067981795766634434e+01,8.228906285535826370e+00
1.843497102609319782e+01,1.379659269543730993e+01
1.047650624596104940e+01,3.979652950943061818e+00
2.075338455430144435e+01,1.331199998875175261e+01
2.550701098028692826e+01,2.098725062579143241e+01
2.818335721595955690e+01,2.299441886642996735e+01
2.177828177379883545e-01,1.500106590790479533e-01
2.955713856325829170e+01,1.306736577520154441e+01
5.908080341953596104e+00,4.695664594623579546e+00
1.200274721962110291e+01,5.345353000004823052e+00
1.908045185184973747e+01,1.019804907922184434e+01
1.523480651771078520e+01,8.370264407470665802e+00
6.853083583555202196e+00,2.566698214419671498e+00
4.348335069531682251e+00,2.004966109542893893e+00
1.165113304625338131e+01,8.094289026072036819e+00
1.425121762785125412e+01,7.291318525442146203e+00
2.701186402724900759e+01,1.107941101680412466e+01
1.357212639420112055e+01,3.500942979347369644e+00
5.301535323576948011e-01,3.580096801869691592e-01
3.457717320630261781e+01,1.754370110360572355e+01
2.326984625389325601e+01,1.140477051209806802e+01
8.573567032971762814e+00,8.599407676754726282e+00
1.293750834127373039e+01,3.787450628266193053e+00
1.018098186655139514e+00,2.905033309698707988e-01
2.234111691642997144e+01,1.888604490221404930e+01
8.564804071477455594e+00,4.862644357000375450e+00
1.087221360071240461e+01,6.331078322677820225e+00
5.422371460243420593e-02,3.161112219835855719e-02
2.114646293044632941e+01,1.688142812023928130e+01
1.599843659855128553e-01,8.589096179541375053e-02
2.281456460102919337e+01,1.072458249131413233e+01
3.696414437644892498e-02,1.706392174433683795e-02
9.405642580357074678e+00,6.340316886502396443e+00
2.453085089306143374e+01,1.743410220895117035e+01
1.064747288531090952e+01,7.406176796560883346e+00
7.795148680575904265e+00,4.793284040474783403e+00
1.746629742039480515e-01,8.906299809898253483e-02
7.305209992721610313e+00,5.454111369056072967e+00
2.020706720224315589e+01,1.796330403929794528e+01
8.017799132322306344e-01,5.770496072116048092e-01
1.101641855223821354e-01,8.106412441407520597e-02
1.395602736855365400e+01,1.589551890404619883e+01
1.776893132036013867e+01,9.178783033282030601e+00
8.991599087522306633e+00,5.625681680666057005e+00
2.632473794433289171e+01,1.988273953022950025e+01
2.409603198688733272e+01,1.306962194326617777e+01
1.304129688250229968e+01,8.624425542520093302e+00
2.985316934150696433e+00,2.483472648780007841e+00
2.486801290494910432e+01,1.440828181655463780e+01
2.224318538583086868e-01,1.665312485672957310e-01
3.476417300366534402e+00,3.344286946738495025e+00
2.376652471858484006e+01,1.508095901131973093e+01
1.351376344812995356e+01,1.043059703361871016e+01
1.566457031962529833e-01,1.311981958200349463e-01
1.393198406800166111e+01,9.605315875191863029e+00
1.720508549754342908e+01,1.231837699771133643e+01
4.835952419699552252e+00,3.836737594567689147e+00
1.345203626846510903e-01,5.578114657450859021e-02
1.003705300295439073e+01,2.703151824084438992e+00
5.154482247269132955e+00,2.376186303153516199e+00
6.743572750312533337e+00,3.102397464848924091e+00
8.076043261600482026e+00,6.474898195066764117e+00
1.025707925787474828e+01,8.585253138711253840e+00
3.813896813579732648e+00,3.268711393771703833e+00
1.827549657021702245e+00,1.205794406636548466e+00
2.506923600622113213e+01,1.608889301110379577e+01
1.208531699096191403e+01,5.580471920103833305e+00
1.670080227349479418e-01,1.006843130272837700e-01
1.120178558743498559e-01,4.560650922202626190e-02
1.608636662923396687e-01,1.058618475261252079e-01
3.407832362323548470e+00,2.843238657812569681e+00
4.429515095041138273e-01,2.645694195405244309e-01
1.916371750409070485e-01,1.175333677524314224e-01
2.122771320157642094e+01,7.267663821601000329e+00
3.794140578330034685e+01,2.042173757938286016e+01
1.550048152193455486e+00,8.937057504098218086e-01
9.588818803655858147e+00,9.066095956687068025e+00
1.961652616757066170e+01,9.203913804376192331e+00
7.592483561873070164e-01,3.816922878886482851e-01
5.669006785813002658e+00,2.564487805062923620e+00
2.545108857036847638e+01,1.752680304515449450e+01
1.429131969975825456e+01,4.389157990716593183e+00
1.362681284063311971e+01,7.169525165476447803e+00
2.251434568218264598e-01,1.421399324107910644e-01
1.164859588051446043e-01,7.971863208555644842e-02
2.610705444024478084e+01,1.531140519615540363e+01
1.866110442546133186e+01,1.879764547671228669e+01
3.732489177859498142e+01,1.836265356493256462e+01
9.430000378263011740e+00,3.868060042678214572e+00
1.352436439833262405e+01,9.514139212894132669e+00
2.834451834010844351e+01,1.874314007300673879e+01
2.887336580111369289e-01,1.745442086786542224e-01
7.696876190516933391e+00,7.967514518879510454e+00
2.142258590394539297e+01,9.921929782068721337e+00
1.600439969001954310e+01,6.610102781151923068e+00
5.903047209049296917e-01,3.565327635007759510e-01
1.906371685639753011e+01,6.976276923279803199e+00
7.755467945143625030e+00,6.831496146108303691e+00
5.084543191266820195e+00,3.652001386177299747e+00
6.138972439592881969e+00,4.088182699774483453e+00
8.209218301593519396e-01,4.698066589175878827e-01
3.791277657119401123e+00,2.663972233939661205e+00
2.807424379316745089e+01,1.228899791524664309e+01
1.820298114218473762e-01,1.060235630305707832e-01
4.175502110686756474e+00,3.809890188386825916e+00
5.981671525455363181e+00,4.803500518578661449e+00
7.642847049788499270e+00,7.279726791777497041e+00
1.156357854639194649e+01,7.633828631922849439e+00
3.466178016885194335e+00,1.397177306021702758e+00
6.107645998187877900e+00,5.016240200261071536e+00
3.405488069192221445e+01,1.610272580812978305e+01
7.197127363084969698e-01,5.671011929359756065e-01
3.008843014494807022e+01,1.256514904086593098e+01
1.475932014856763530e+01,5.387860997554186682e+00
2.181441047070456918e+01,1.569580253877742493e+01
1.787521213630166272e+01,1.493476074272192733e+01
1.958281796399217356e+01,1.987892989426122625e+01
4.106031611185242625e+00,3.467266776352686541e+00
6.584633975454460497e+00,2.790586026309047618e+00
1.585603730709959613e+01,6.302396586998460393e+00
1.520726069997097518e+01,8.848147152656270720e+00
1.875728850721790053e+01,7.050274551629806652e+00
1.668396378340342423e+01,5.100547663157406042e+00
1.839541834097141759e+01,9.982808743116786232e+00
2.440552619315269567e+00,7.063099732075864834e-01
9.946659735592434659e-01,4.918341713923659597e-01
3.731109254559739963e+00,3.135285590025239433e+00
4.784112998857055210e+00,2.126611703135513842e+00
1.048472461346612583e+01,4.257641320626035508e+00
1.364132836739737797e+01,4.124062218348088393e+00
1.898279688838101720e+01,1.618958362600324818e+01
1.292292205697578578e-01,7.737221160793075758e-02
7.093542970098376976e+00,5.919952858415820529e+00
2.087268297709590215e+01,1.805829631983271355e+01
2.486661005480266340e+01,1.474740812159555681e+01
1.967728393347353233e+01,1.518327727142483674e+01
6.037131963858104911e+00,4.155302459363505285e+00
4.604085035421160654e+00,2.268817345308693945e+00
1.488296647682214591e+01,1.136603979848543844e+01
1.767948418198006522e+01,6.978847266125347559e+00
1.126527495862163913e-01,5.366311197130568117e-02
1.381567235970550866e+00,1.268531394753341868e+00
5.738227652905618648e+00,5.329406898129539272e+00
5.722430316294142560e-01,2.897486957430423504e-01
2.611331388692508071e+01,1.221007491275581458e+01
1.448522958896903412e-01,1.058576878708972629e-01
1.104596906688990465e+01,9.775645918340506668e+00
9.677169995289064630e+00,9.950424077374615095e+00
1.879568026056794849e+01,6.676158216087219266e+00
2.646049124771825944e+01,2.043040398206474961e+01
2.511766221107417607e+01,1.633306402720277717e+01
3.579278585271019053e-01,2.462327408961136055e-01
4.891307294241769021e+00,4.639024040473647581e+00
3.789778836981252397e+00,1.911116132194975004e+00
2.460776331339961231e+01,2.140328846733201118e+01
6.661118776444660661e+00,3.455291689104107888e+00
5.865638829484897343e+00,5.207514893328476724e+00
5.283319364300395726e+00,4.767413415525507681e+00
8.127541443651043807e+00,6.301594775580203311e+00
2.786996358318449651e+01,2.437992129875908986e+01
2.609341188445928594e+01,1.942770739680893399e+01
6.874200459654473683e+00,5.654535714963321524e+00
3.574247355563084039e+00,2.059512359827116779e+00
1.848634845017073647e-01,1.448143162594876521e-01
2.370818528340379316e+01,1.143942452772559371e+01
3.510074950223983858e+00,1.737268470005119969e+00
3.904097731579518182e+01,2.005658693555845673e+01
8.194821382675817611e-01,4.062456572632714424e-01
1.439918847961048520e+00,3.258296289803653822e-01
3.152729344756918461e+00,2.229797656383540438e+00
1.916913782201399385e+01,1.095934696707452893e+01
8.123654119933759077e+00,2.432004319901523548e+00
2.003419022169872221e+01,1.215859633975076370e+01
2.584447395447783791e+01,2.525084284659999057e+01
6.227636590482972245e-01,2.687497565405825295e-01
5.317936712983837300e-01,1.724243664678913601e-01
2.517295028528739920e+01,1.541140517699778911e+01
2.618704484956752565e-01,9.972391587541075408e-02
1.310417522559618408e+00,6.974126454142237641e-01
1.062078344026560206e-01,8.246468951221039290e-02
2.323481042048241818e+01,1.986461763953077764e+01
3.843993962488686300e+00,1.826677735625366061e+00
1.260921381125812424e+01,4.686624742586085191e+00
2.440349268145777728e+01,1.409452951925677588e+01
2.244146236397735450e+01,2.089043928687586416e+01
1.200842956382760818e+01,7.590986651586642431e+00
1.239100142830965012e+01,5.208758274658384479e+00
3.504577395472336931e-01,1.460334877965074052e-01
1.053877817209308532e+01,4.045336989677660533e+00
1.905685754734739223e+00,8.832080265409680830e-01
7.573364103820092730e+00,2.911659725170458124e+00
1.448854488459754508e+00,1.162979184688695655e+00
1.562158734076280275e+01,9.631586856316323164e+00
1.638701259640388130e+01,8.461416132640843912e+00
1.980393580944063814e+01,2.005847659498584790e+01
4.409701732722965062e+00,2.871422280099273472e+00
8.742055788229491364e-02,3.989110598500637817e-02
2.883091179070766330e+01,1.972734142142693159e+01
2.037050127245725317e-01,1.311118797030350058e-01
2.531251237157409051e+01,1.438022130110510588e+01
8.534518271237107045e-01,4.512187155912334435e-01
2.444572421723100741e-01,1.511263892840720158e-01
2.261998160033099481e+01,1.625737341111799950e+01
4.617023721082550658e+00,2.247798413345570623e+00
3.032854446839692297e+00,2.591608118118312376e+00
8.817816171143563864e+00,3.388929055846794824e+00
2.965355469382436659e+00,2.485613791517756965e+00
1.683283828331992638e+01,1.099299790779212849e+01
1.375394847442513324e+01,1.339369515856811610e+01
1.640813722747759273e-01,9.135025682904478195e-02
4.581358703637540941e+00,1.149458661749651611e+00
4.782214961791056318e+00,3.817183535080526990e+00
1.838141175556193119e+01,2.089117095069689256e+01
1.049195678540323762e+01,1.054712659758001259e+01
1.933626185452202995e-01,1.466892214456533838e-01
1.189897229482676233e-01,5.633047438521129879e-02
5.861640845421633300e-02,2.913947512019073732e-02
6.068364536719115243e+00,4.896461213891265984e+00
1.169765711222225946e+01,1.073204893448770569e+01
2.405232852373807262e+01,1.721395934795808813e+01
3.987111222468723515e+00,1.527871498140476847e+00
6.490403171821555794e+00,3.968576704163472524e+00
4.367557289072744986e+00,3.781694644279161910e+00
9.652845858447800964e+00,8.882846182857779382e+00
1.295364768463400296e+01,4.583335251510705532e+00
5.271244908073914326e-01,3.928742718559407043e-01
1.728753075772180292e+00,6.945565701971763151e-01
2.233962614944236691e+01,7.982690723502712693e+00
1.210564889454898996e+01,9.557350467099814395e+00
3.607241785234784892e+00,1.953321494760934085e+00
3.033192815387155861e+01,1.338115987094372628e+01
4.064937147295271558e+00,2.016057760538749744e+00
2.485773412141861627e+01,2.031315654646158109e+01
2.877083081226566308e-01,1.562516356901983428e-01
1.480094695894133139e+01,2.099518114542246749e+01
2.440401516123566594e+01,2.136097518433155429e+01
3.695575864824630630e-01,1.217781672887012362e-01
7.168098969231294859e+00,2.648188463665247738e+00
1.772513987896505583e+01,1.144036230587077796e+01
2.018442750729323443e-01,1.400550626082553707e-01
3.041628151030837390e+00,2.692386908099644760e+00
1.722014716124182598e+01,5.155760239849175086e+00
2.482471043805136901e+01,1.155100463766451568e+01
1.875671059301495092e+01,7.434733835745165109e+00
1.414701421210652299e+01,4.353970320868523203e+00
1.094711044114314724e+01,7.267676410933683329e+00
2.102011338680448149e-01,8.596544794159684255e-02
1.423614420407687042e+00,8.068435091876978715e-01
2.241300817462663630e+00,1.838422606461726616e+00
6.158812426293577280e-01,3.209186279326154967e-01
6.260009168579909300e+00,3.363763709224448117e+00
1.867982534887652690e+01,1.524355628261934115e+01
3.954317105534780108e+00,3.287812528949120239e+00
2.386407792388417448e+01,1.277159337826473617e+01
3.082110774776232276e+01,2.069140051997650787e+01
1.765379913727565508e+01,1.894110182694448952e+01
2.026095375708783308e+01,1.277538174846059249e+01
1.896533499318383065e+01,1.016031193446372072e+01
3.211747289485717971e+00,1.832664037869247808e+00
8.224327795702036425e+00,8.589402669963812187e+00
1.509027717220050357e+00,1.165001594199114976e+00
1.056073246902825069e+01,9.656780130924088823e+00
2.055204331298615728e+01,1.089163866933778380e+01
1.727973717042666024e+01,9.728265771171463072e+00
8.124049719257623536e+00,8.015917215628926229e+00
6.433200820638274031e+00,2.774817296228159869e+00
9.988136928535860548e+00,8.369346973386068811e+00
1.902571342147708577e+01,1.685786509407824241e+01
1.812450280141726822e+01,1.345813983314364748e+01
2.271971346552558835e+00,1.849921567346664020e+00
1.160956316623070883e+01,1.130487960120427715e+01
1.423227792193318686e-01,1.030906776827093391e-01
1.166700830706044378e+01,1.095257811620212607e+01
2.023196141957856042e+01,1.507283338611442325e+01
1.544660301610609210e+01,5.370597685108425168e+00
1.214348317878514577e-01,5.820060044172349623e-02
1.422964554440923901e-01,6.228706587979428166e-02
5.227650192232619730e+00,3.639123670354641682e+00
2.682325009320642195e+01,2.184280322342805292e+01
1.156749445771010265e+01,3.028575954956095995e+00
2.034601470919559318e+01,1.252978396329833188e+01
1.182663502596900074e+01,9.528845591946319971e+00
1.036674222003990309e+01,7.720997700348272375e+00
6.119458057622308544e+00,3.639444163722276748e+00
9.691602428720116791e+00,4.595966560030776193e+00
1.466688156391227515e+01,1.437391177014424670e+01
5.729269637883945165e+00,4.914948023392990528e+00
1.159305140727235450e+00,9.661290145362216863e-01
8.747029102613789187e-01,6.163620460916934274e-01
2.791299353806688188e+01,2.618496338776418852e+01
5.340999079799381377e+00,5.063305743871969078e+00
2.186448749426031668e+01,1.730668977261212049e+01
2.259593985017099271e+01,1.836951512864688496e+01
3.074240877365117086e+01,2.008177530005943723e+01
6.953809462770878191e+00,5.625675805292962295e+00
2.737629843985920530e+01,2.043478716459463485e+01
7.407177722598341063e+00,5.789101621966321609e+00
5.766924001198541205e+00,4.691338826209373813e+00
5.829714222804548429e-01,3.665725693030942312e-01
1.977660146957478204e+01,7.363761617523059577e+00
1.506901372587491039e+01,6.124048325075167831e+00
9.439752975304434024e-01,4.852741127825327405e-01
1.572576070034063278e+01,9.411246432462229805e+00
7.222865817764978491e-02,4.233008821281011858e-02
1.507174379033598965e+00,7.938667120324258697e-01
8.659675841092193238e+00,3.840167505134351789e+00
1.932194685151824842e+01,1.116385459342525799e+01
1.011788117763375361e+01,6.443099011454142655e+00
1.238838336786051292e-01,9.603013831223876362e-02
1.890810925875632620e+01,7.116421978622368805e+00
3.019305659837395339e+01,1.442925348800228669e+01
1.306018225519363640e-01,8.585689304544565081e-02
2.227950680922473836e+01,8.579268220080392027e+00
1.196696600513853426e+01,3.863607080740238064e+00
3.332545979626814869e+00,1.318219677320668248e+00
1.987800429602867780e+01,8.655583920014137789e+00
2.294383705017549957e+01,1.731825733939025724e+01
2.624974948935793151e+01,2.557575096599765274e+01
1.929276173886468604e-01,1.368035458295233653e-01
9.655770528645366113e+00,1.055847404713878923e+01
9.073571644661228675e+00,4.043287135848707692e+00
1.369254680458561069e+01,1.292700901499481958e+01
4.520070866561452516e-01,1.758035883204000505e-01
2.143614109852487182e-01,1.449564484406879461e-01
4.435549029205012594e+00,2.475971162746312793e+00
1.251469881569442322e+01,8.495870128041380198e+00
1.142775532908784619e+01,7.823303640832815375e+00
2.741645325783838238e+00,2.606145194289241296e+00
3.862720025074773744e+00,3.658507812707060491e+00
4.781360049168548620e+00,3.187836850672010058e+00
6.569926329507457474e+00,3.799278659329790475e+00
1.994837743615632064e+01,1.500027498708649532e+01
1.337931921728012341e+01,3.970763862619377971e+00
1.511989968273695339e+01,4.218903561690682480e+00
7.049720924270040712e+00,4.611504724737114813e+00
1.390883399489493399e+01,1.011889796962883281e+01
1.261967364521026269e+01,3.702394779415800308e+00
1.606463752123583788e+01,7.804905573901003812e+00
5.957005575260320818e+00,5.643368262071033925e+00
8.787580152900083874e+00,8.373335565705806616e+00
2.462781925951579576e-01,1.548165200720285628e-01
1.225424225649177856e+00,7.159076300980941054e-01
2.286235802192404520e+00,1.841531564194563320e+00
1.447901677498202311e+01,1.322082340178949522e+01
1.223797888028928149e+01,8.326140449700931256e+00
9.469075473262446252e+00,4.602698039234419447e+00
2.563685877126257040e+01,2.549567370430087010e+01
2.422746535546559343e+01,1.112930220786908997e+01
1.627740370245649970e+01,9.830931246331228834e+00
1.868438569757186940e+01,1.754295044738730169e+01
1.964788858862925736e+01,1.800381891529782763e+01
6.548966891840795945e+00,3.410204743255933924e+00
1.708373320466325673e-01,1.138160663363102093e-01
1.523717413674685162e+01,4.303686850627206795e+00
3.762865829309054444e+00,3.573986404147035056e+00
2.863020668824195170e+01,2.379308982897831370e+01
1.678530525687118313e+01,1.121079769382932056e+01
1.117592475854177714e+01,9.341922496316721336e+00
9.647598138609138341e-02,7.300626015623959408e-02
6.934335899367261025e-02,2.753378819536952959e-02
9.033379647493889664e+00,6.244066476827222267e+00
2.694435093110783441e+01,1.730372683939126333e+01
1.189199285826590469e+01,1.192320210349081222e+01
3.578859817226331330e+01,1.784277642038263423e+01
8.718317931268167342e+00,8.269583026691835315e+00
7.746444839889831790e+00,6.796660147359949278e+00
2.579108289726019976e+01,2.334535240773604414e+01
2.108881705196530731e+01,1.643605583163744654e+01
1.108727740421778485e+01,8.168180483092289279e+00
1.012315748305308294e-01,6.762400843380780846e-02
1.117872704684687690e+00,2.615492027272313669e-01
1.194937424908213280e-01,4.686398145231742557e-02
2.892529574343822407e+00,1.983931416978831130e+00
2.657249292795304285e+01,2.164811879356133772e+01
1.005539282107976895e+01,3.620744073439453814e+00
1.685939960863866460e+01,9.698491488106544267e+00
1.048642197065607462e+00,2.356856507023101510e-01
3.564626040470697976e+00,1.320480369438946422e+00
2.702810683228905475e+01,2.091711412106836576e+01
2.302205268768291901e+01,1.131382750547515137e+01
1.411921464810040883e-01,7.267197007771798722e-02
2.724176959652660912e+01,1.893965228681208757e+01
8.840743610547988851e+00,2.758828946702681861e+00
1.606136247884744961e+01,6.069176970784264213e+00
2.544930375862627603e+00,1.952537848894482453e+00
3.489760902514742469e-01,2.105108179383793909e-01
2.508830024873761388e+01,2.547423764553872161e+01
2.483556322803987371e+01,1.963837530188179770e+01
6.082455807844127094e+00,5.327536117887771816e+00
2.519659530981058637e+01,1.378867403513208956e+01
2.694566830360844278e+01,1.693306381612065437e+01
8.069413137938932223e+00,6.199485225958648371e+00
6.824350073581801901e+00,6.526548527661272026e+00
3.037107686251601990e+01,2.106056169304938308e+01
2.414334190853266449e-01,1.416030773128765796e-01
3.958859036572707168e+01,2.077128134228252776e+01
3.270800946582987923e+00,3.108510951100431186e+00
1.654011969579926689e+00,8.300353982625183757e-01
2.008114727323388848e+01,1.493696965754907069e+01
1.747902658028617040e+01,8.900037801517669322e+00
6.607571228880045666e+00,4.130607146954481834e+00
6.219337784998632657e+00,5.619592730495776678e+00
2.337354074378275914e+00,8.345766838082475658e-01
8.750985061141643984e-01,4.225218440608882187e-01
1.646572904957307415e+01,1.257348428874301227e+01
1.712282953392506002e+01,8.374155501794518841e+00
1.265373013489125564e-01,6.609126684498953241e-02
3.861700403424548789e+00,1.914045046748291012e+00
1.178463354733655599e+01,7.720138225757620987e+00
1.487819904521477277e+00,7.767689186258819323e-01
1.400915699834019146e-01,5.391921510490878949e-02
5.116609952036569098e+00,1.970070841010888918e+00
1.070915134758762877e+00,4.225497543500237874e-01
9.831399339068545018e+00,8.987248565661079880e+00
2.056308804117542266e+01,1.603479174470281876e+01
3.008770776000638802e-01,2.077021595213802696e-01
1.596201809998091647e+01,5.829007699208241355e+00
1.498910655549272164e+01,1.033322012059852746e+01
2.319640450797351150e+01,2.077073762602957174e+01
1.343230972136180235e+01,1.403580464270710060e+01
1.426294679544093569e+01,1.379642345950345650e+01
2.067598633611926928e+01,1.122073327722594627e+01
1.135318834053980597e+00,6.669727164141332487e-01
4.736832756900532182e+00,1.978952128539038124e+00
1.270149441818368419e-01,6.005122761827039884e-02
1.229485850449795592e+01,5.464620734721600925e+00
4.026866258660011688e+00,3.085573181240941043e+00
1.074626749599215181e+01,6.596646714035074410e+00
1.665815275143607366e+01,1.685500292210845430e+01
2.724788443418109196e+01,2.156181466899960952e+01
2.136948820805718796e+01,1.374862129396005805e+01
2.379618865227965685e+01,1.269534099130659222e+01
1.853298225239319585e-01,1.435865104885554189e-01
2.733134670938448352e+01,1.174453772930007744e+01
8.595280447553722780e+00,3.380718344267095166e+00
2.469354414786524732e+00,9.404562065296937501e-01
1.780892942904777598e+01,7.130571274272195836e+00
5.747844975272519363e+00,5.755432337064212867e+00
2.149126261798401105e-01,1.381317996451969787e-01
1.254433158114943714e-01,8.449580461938206721e-02
1.041787998920937675e+01,9.103263736401874695e+00
2.060809970652701395e+01,7.151886662465837041e+00
1.822595926486386730e+01,9.817234374502053385e+00
2.372394329340225028e+01,9.769637396637824267e+00
4.412352265188634881e+00,2.165996184780802913e+00
1.985047592661503546e-01,1.518349055792933555e-01
5.004890978360948317e+00,3.778524113361692027e+00
1.556681089873047208e+00,1.004531394198911576e+00
2.240367531464401196e+01,1.888526608136326246e+01
1.883997367447174831e+00,7.283373274170927836e-01
6.877949365900305700e+00,1.784705422391969387e+00
8.820305983745136302e+00,6.004883373383150591e+00
8.960023630291557240e+00,3.441433316179568713e+00
3.204549795683588798e+01,1.470834175852659698e+01
3.848614861008812227e-01,1.885180518542521055e-01
1.460018404846455731e+01,1.445120772833496581e+01
7.729062005556372128e+00,6.356092122740491845e+00
2.400424493573123641e+01,2.107835045458710965e+01
3.323689314402008543e-01,1.818213195326369713e-01
2.117070828706719143e-01,1.395736717620664480e-01
5.581356620690487436e-01,2.551689185753884814e-01
1.008621162066246590e+01,3.565737614692152224e+00
2.607762235010777374e+01,1.596416076060535794e+01
1.775949363473097620e+01,1.142553499510386494e+01
1.068377743469816998e+01,9.706993031220703116e+00
1.855395230554464447e+01,1.272125244276065814e+01
1.225066007104974375e+01,8.890088227983774516e+00
7.280197925423976812e-01,4.183722447678254741e-01
1.723916254276624538e-01,1.228531016141104631e-01
5.908971114236508448e+00,3.889546375605528628e+00
7.109959147439995242e+00,3.549611219741741319e+00
3.255964270502272484e+01,1.563709220251925736e+01
2.714791691695932130e+01,2.566310107087769055e+01
9.829854403177510136e+00,8.476390527804095854e+00
1.355763925989672813e+01,8.153565229706208228e+00
2.284546051645832421e+01,1.115493241009753511e+01
2.192472644975635987e+01,1.380710604378658424e+01
2.062638234605221044e+01,1.878769152704632361e+01
7.650461648078871413e+00,5.480829945727358599e+00
1.302199468859265852e-01,6.550454886866172166e-02
5.453838365569500191e+00,2.106167779229415782e+00
2.449837113074566730e+01,1.428299407051724401e+01
2.266463128695748175e+00,1.739666064482326968e+00
5.026922838038263425e-02,4.293419387906226292e-02
1.420051366089270672e+01,9.368567385747232024e+00
7.936760115706769092e+00,7.195306775681471478e+00
1.067141183180381780e+01,6.242395688194630310e+00
1.633533365085917666e+01,1.024352676251111305e+01
1.122977100879518630e+01,9.873480357323844103e+00
1.849299597791841876e+01,9.327342081039642352e+00
2.452807454619028249e+01,1.457256668613571016e+01
2.042702641912165262e+01,1.610826233695248533e+01
2.435266604081637309e-01,1.504104286736358265e-01
2.741607804785487801e+01,2.619692184938993051e+01
2.085434764626684923e-01,1.345018439746492045e-01
1.263606726966779725e-01,7.125739568519037781e-02
3.700778896550570574e-01,2.036730063137656144e-01
1.843929352374455277e+01,1.629063038280688502e+01
3.057465291742150626e+01,2.133297932131092622e+01
2.587496067098613040e+01,2.165197274307361397e+01
1.548259655434487680e-01,1.066346032436360641e-01
1.195559352319701851e+01,1.151510737967777409e+01
1.888355060930584273e+01,6.829193459818752920e+00
7.030906740237955477e-01,4.583465037512798324e-01
1.755911325506679432e+01,1.089689386980926322e+01
6.195382517126364341e+00,3.657234638833316787e+00
1.845108454036891388e+00,9.044362442041294914e-01
8.133811050481634553e+00,7.058682394254459425e+00
1.433508933586386469e+01,5.074489922618345084e+00
7.846843323522093350e+00,6.621144278914477432e+00
1.739592977600880053e-01,1.424751299022024020e-01
1.815098978047434741e+01,2.352838197462130054e+01
2.187367431650122285e+01,9.701455705524939077e+00
5.926548543937550484e+00,3.130836332359607344e+00
1.598110477013603647e+00,8.324944023133470372e-01
1.118266569983789793e+01,7.283350037595984539e+00
3.740304604726184579e+01,1.897440236804569125e+01
3.046463615953785364e+01,2.016073356744288958e+01
6.521647922079307769e+00,1.756509836711757311e+00
9.504423615815420945e+00,5.853623668821423820e+00
3.355057866619014728e+00,2.512554234223132177e+00
1.017243419011867900e+01,1.030600356852165334e+01
2.113399029104251881e+01,1.191306968909179531e+01
8.542053153913081731e-02,6.171592687364233637e-02
2.065210887983037225e+01,8.758304674840461601e+00
2.050064303860162696e+00,1.242586980380903317e+00
7.750970367847185294e+00,7.552740514020030105e+00
4.735693060846462465e+00,3.045071017904152022e+00
