deltaE00,deltaEOK100
5.245897650759395301e-07,3.013479924034108268e-07
0.000000000000000000e+00,0.000000000000000000e+00
0.000000000000000000e+00,0.000000000000000000e+00
0.000000000000000000e+00,0.000000000000000000e+00
0.000000000000000000e+00,0.000000000000000000e+00
2.222616862176641818e-07,2.061515502354555063e-07
0.000000000000000000e+00,0.000000000000000000e+00
0.000000000000000000e+00,0.000000000000000000e+00
0.000000000000000000e+00,0.000000000000000000e+00
0.000000000000000000e+00,0.000000000000000000e+00
0.000000000000000000e+00,0.000000000000000000e+00
0.000000000000000000e+00,0.000000000000000000e+00
1.375536005598460496e-07,1.224579053199251349e-07
1.581459097087545601e-07,3.781078586074104510e-07
0.000000000000000000e+00,0.000000000000000000e+00
0.000000000000000000e+00,0.000000000000000000e+00
0.000000000000000000e+00,0.000000000000000000e+00
3.618690480369394093e-07,3.935636559161843552e-07
0.000000000000000000e+00,0.000000000000000000e+00
7.206354446629636515e-07,5.732824366637355514e-07
0.000000000000000000e+00,0.000000000000000000e+00
0.000000000000000000e+00,0.000000000000000000e+00
6.151100721707088531e-07,4.483508680628461257e-07
5.344741225681762192e-07,5.258627181760914642e-07
0.000000000000000000e+00,0.000000000000000000e+00
0.000000000000000000e+00,0.000000000000000000e+00
0.000000000000000000e+00,0.000000000000000000e+00
0.000000000000000000e+00,0.000000000000000000e+00
0.000000000000000000e+00,0.000000000000000000e+00
0.000000000000000000e+00,0.000000000000000000e+00
0.000000000000000000e+00,0.000000000000000000e+00
0.000000000000000000e+00,0.000000000000000000e+00
2.912019716459701060e-07,2.757026206404597583e-07
3.890085260065760335e-08,3.972255950034036955e-08
1.003521225838039177e-06,1.012522355240633944e-06
5.195552596132658654e-08,4.924814164315166086e-08
4.773335143677787297e-07,4.877827510365096788e-07
0.000000000000000000e+00,0.000000000000000000e+00
7.423176363534689599e-07,1.161973413608198522e-06
8.994021847791268469e-08,5.624268679971213009e-08
0.000000000000000000e+00,0.000000000000000000e+00
3.776752135075684038e-08,2.906512629929997170e-08
0.000000000000000000e+00,0.000000000000000000e+00
0.000000000000000000e+00,0.000000000000000000e+00
0.000000000000000000e+00,0.000000000000000000e+00
6.020897131568736564e-07,5.506152580225999445e-07
2.601879930851832924e-08,5.846075390667161115e-08
0.000000000000000000e+00,0.000000000000000000e+00
0.000000000000000000e+00,0.000000000000000000e+00
0.000000000000000000e+00,0.000000000000000000e+00
0.000000000000000000e+00,0.000000000000000000e+00
0.000000000000000000e+00,0.000000000000000000e+00
1.390749510269826321e-07,3.807981174904849702e-08
2.431468865943335683e-07,1.766067952642863352e-07
0.000000000000000000e+00,0.000000000000000000e+00
0.000000000000000000e+00,0.000000000000000000e+00
0.000000000000000000e+00,0.000000000000000000e+00
0.000000000000000000e+00,0.000000000000000000e+00
0.000000000000000000e+00,0.000000000000000000e+00
0.000000000000000000e+00,0.000000000000000000e+00
0.000000000000000000e+00,0.000000000000000000e+00
0.000000000000000000e+00,0.000000000000000000e+00
0.000000000000000000e+00,0.000000000000000000e+00
0.000000000000000000e+00,0.000000000000000000e+00
0.000000000000000000e+00,0.000000000000000000e+00
0.000000000000000000e+00,0.000000000000000000e+00
0.000000000000000000e+00,0.000000000000000000e+00
0.000000000000000000e+00,0.000000000000000000e+00
0.000000000000000000e+00,0.000000000000000000e+00
0.000000000000000000e+00,0.000000000000000000e+00
0.000000000000000000e+00,0.000000000000000000e+00
0.000000000000000000e+00,0.000000000000000000e+00
0.000000000000000000e+00,0.000000000000000000e+00
1.729974357951079948e-08,1.350433519449307551e-08
0.000000000000000000e+00,0.000000000000000000e+00
0.000000000000000000e+00,0.000000000000000000e+00
0.000000000000000000e+00,0.000000000000000000e+00
0.000000000000000000e+00,0.000000000000000000e+00
0.000000000000000000e+00,0.000000000000000000e+00
0.000000000000000000e+00,0.000000000000000000e+00
0.000000000000000000e+00,0.000000000000000000e+00
0.000000000000000000e+00,0.000000000000000000e+00
0.000000000000000000e+00,0.000000000000000000e+00
0.000000000000000000e+00,0.000000000000000000e+00
0.000000000000000000e+00,0.000000000000000000e+00
0.000000000000000000e+00,0.000000000000000000e+00
5.911827542857340328e-07,4.588669081981236922e-07
0.000000000000000000e+00,0.000000000000000000e+00
3.581110974021990143e-07,2.581585508797411357e-07
0.000000000000000000e+00,0.000000000000000000e+00
6.166578067728851121e-08,3.043794993270889845e-08
5.603202535373269392e-07,4.987037487258890535e-07
0.000000000000000000e+00,0.000000000000000000e+00
7.560803355147488858e-07,6.281362970802488801e-07
0.000000000000000000e+00,0.000000000000000000e+00
1.795896114091679213e-07,1.874472720694296809e-07
0.000000000000000000e+00,0.000000000000000000e+00
0.000000000000000000e+00,0.000000000000000000e+00
9.850207873759146560e-09,9.339754491246413197e-09
8.099966832843575484e-07,8.191467519512264630e-07
0.000000000000000000e+00,0.000000000000000000e+00
3.290224907287242527e-07,2.606504496116766725e-07
0.000000000000000000e+00,0.000000000000000000e+00
0.000000000000000000e+00,0.000000000000000000e+00
1.098239008802941832e-07,1.053320510785571239e-07
0.000000000000000000e+00,0.000000000000000000e+00
0.000000000000000000e+00,0.000000000000000000e+00
0.000000000000000000e+00,0.000000000000000000e+00
0.000000000000000000e+00,0.000000000000000000e+00
0.000000000000000000e+00,0.000000000000000000e+00
0.000000000000000000e+00,0.000000000000000000e+00
0.000000000000000000e+00,0.000000000000000000e+00
0.000000000000000000e+00,0.000000000000000000e+00
0.000000000000000000e+00,0.000000000000000000e+00
0.000000000000000000e+00,0.000000000000000000e+00
0.000000000000000000e+00,0.000000000000000000e+00
0.000000000000000000e+00,0.000000000000000000e+00
7.007991600241673841e-07,6.321180797549142941e-07
0.000000000000000000e+00,0.000000000000000000e+00
0.000000000000000000e+00,0.000000000000000000e+00
0.000000000000000000e+00,0.000000000000000000e+00
6.105642377298724616e-08,3.261223774882601562e-08
0.000000000000000000e+00,0.000000000000000000e+00
0.000000000000000000e+00,0.000000000000000000e+00
0.000000000000000000e+00,0.000000000000000000e+00
3.527716575473883623e-08,1.589250330597395555e-08
0.000000000000000000e+00,0.000000000000000000e+00
8.034837485799584124e-07,8.177242412853517131e-07
0.000000000000000000e+00,0.000000000000000000e+00
2.141621700182174719e-07,3.050037895843909249e-07
0.000000000000000000e+00,0.000000000000000000e+00
0.000000000000000000e+00,0.000000000000000000e+00
0.000000000000000000e+00,0.000000000000000000e+00
1.467694795832466745e-06,1.454145740289298055e-06
6.284430095915867007e-07,4.427927497829140645e-07
0.000000000000000000e+00,0.000000000000000000e+00
0.000000000000000000e+00,0.000000000000000000e+00
0.000000000000000000e+00,0.000000000000000000e+00
1.466448042626690770e-07,1.776384401614599383e-07
0.000000000000000000e+00,0.000000000000000000e+00
4.165574831485704731e-07,4.221345119907579088e-07
5.156827659088612113e-07,5.423453166863729640e-07
2.002125407078594715e-07,1.732140301181882886e-07
0.000000000000000000e+00,0.000000000000000000e+00
0.000000000000000000e+00,0.000000000000000000e+00
5.844567857392253644e-07,5.405130662953295964e-07
0.000000000000000000e+00,0.000000000000000000e+00
0.000000000000000000e+00,0.000000000000000000e+00
2.927242845261082761e-07,2.422146578156890773e-07
6.132767703686039952e-07,5.618633928697052127e-07
0.000000000000000000e+00,0.000000000000000000e+00
5.639897751588633462e-07,4.924783419028163573e-07
0.000000000000000000e+00,0.000000000000000000e+00
2.889099446143674686e-07,2.707968633173828934e-07
0.000000000000000000e+00,0.000000000000000000e+00
0.000000000000000000e+00,0.000000000000000000e+00
0.000000000000000000e+00,0.000000000000000000e+00
2.725000809617363596e-07,2.873693029126413872e-07
6.065840389370835935e-08,4.185950564005172810e-08
0.000000000000000000e+00,0.000000000000000000e+00
1.441997113216102594e-06,1.492424715948882806e-06
3.209099528856426322e-07,2.881792749547025251e-07
0.000000000000000000e+00,0.000000000000000000e+00
0.000000000000000000e+00,0.000000000000000000e+00
1.778225991523004330e-07,1.017902997903720675e-07
0.000000000000000000e+00,0.000000000000000000e+00
0.000000000000000000e+00,0.000000000000000000e+00
0.000000000000000000e+00,0.000000000000000000e+00
0.000000000000000000e+00,0.000000000000000000e+00
0.000000000000000000e+00,0.000000000000000000e+00
0.000000000000000000e+00,0.000000000000000000e+00
0.000000000000000000e+00,0.000000000000000000e+00
0.000000000000000000e+00,0.000000000000000000e+00
0.000000000000000000e+00,0.000000000000000000e+00
2.054723204670581738e-07,1.124613240990216069e-07
0.000000000000000000e+00,0.000000000000000000e+00
0.000000000000000000e+00,0.000000000000000000e+00
0.000000000000000000e+00,0.000000000000000000e+00
0.000000000000000000e+00,0.000000000000000000e+00
0.000000000000000000e+00,0.000000000000000000e+00
0.000000000000000000e+00,0.000000000000000000e+00
0.000000000000000000e+00,0.000000000000000000e+00
0.000000000000000000e+00,0.000000000000000000e+00
0.000000000000000000e+00,0.000000000000000000e+00
0.000000000000000000e+00,0.000000000000000000e+00
0.000000000000000000e+00,0.000000000000000000e+00
0.000000000000000000e+00,0.000000000000000000e+00
3.751163314265267940e-07,2.768768797432397892e-07
0.000000000000000000e+00,0.000000000000000000e+00
0.000000000000000000e+00,0.000000000000000000e+00
4.593503295229787181e-08,4.374939480477452321e-08
7.738797173949154774e-07,8.590074965566464780e-07
0.000000000000000000e+00,0.000000000000000000e+00
2.332670245065366887e-07,1.146367787125810896e-07
0.000000000000000000e+00,0.000000000000000000e+00
0.000000000000000000e+00,0.000000000000000000e+00
0.000000000000000000e+00,0.000000000000000000e+00
0.000000000000000000e+00,0.000000000000000000e+00
0.000000000000000000e+00,0.000000000000000000e+00
1.052527612293677846e-06,1.447014989430620040e-06
7.487425270644489383e-09,6.832176734894740346e-09
0.000000000000000000e+00,0.000000000000000000e+00
1.060462265345248874e-07,1.269717999041648092e-07
0.000000000000000000e+00,0.000000000000000000e+00
0.000000000000000000e+00,0.000000000000000000e+00
6.514756103227859039e-07,6.027373550601236128e-07
0.000000000000000000e+00,0.000000000000000000e+00
4.369604618568201429e-08,2.429919663544872709e-08
6.019983370903563066e-07,6.138765877648117196e-07
0.000000000000000000e+00,0.000000000000000000e+00
1.957865930068593960e-08,1.537812336653868812e-08
0.000000000000000000e+00,0.000000000000000000e+00
0.000000000000000000e+00,0.000000000000000000e+00
0.000000000000000000e+00,0.000000000000000000e+00
0.000000000000000000e+00,0.000000000000000000e+00
0.000000000000000000e+00,0.000000000000000000e+00
0.000000000000000000e+00,0.000000000000000000e+00
0.000000000000000000e+00,0.000000000000000000e+00
2.396622696641070654e-07,1.641972455284715716e-07
0.000000000000000000e+00,0.000000000000000000e+00
7.191242540541264867e-08,3.018387320892351206e-08
1.676340492882677284e-07,2.509568660601010959e-07
0.000000000000000000e+00,0.000000000000000000e+00
1.797218967590262169e-07,1.210701892873585567e-07
0.000000000000000000e+00,0.000000000000000000e+00
0.000000000000000000e+00,0.000000000000000000e+00
0.000000000000000000e+00,0.000000000000000000e+00
0.000000000000000000e+00,0.000000000000000000e+00
0.000000000000000000e+00,0.000000000000000000e+00
0.000000000000000000e+00,0.000000000000000000e+00
0.000000000000000000e+00,0.000000000000000000e+00
0.000000000000000000e+00,0.000000000000000000e+00
0.000000000000000000e+00,0.000000000000000000e+00
0.000000000000000000e+00,0.000000000000000000e+00
0.000000000000000000e+00,0.000000000000000000e+00
0.000000000000000000e+00,0.000000000000000000e+00
0.000000000000000000e+00,0.000000000000000000e+00
4.177217090253257721e-07,4.354120913925685573e-07
0.000000000000000000e+00,0.000000000000000000e+00
0.000000000000000000e+00,0.000000000000000000e+00
0.000000000000000000e+00,0.000000000000000000e+00
8.618206114637575962e-07,8.831645338436322762e-07
9.899212132194393622e-07,9.610038993908646751e-07
0.000000000000000000e+00,0.000000000000000000e+00
7.141232751830877728e-07,6.152916660592901963e-07
0.000000000000000000e+00,0.000000000000000000e+00
0.000000000000000000e+00,0.000000000000000000e+00
0.000000000000000000e+00,0.000000000000000000e+00
4.323672324281154564e-07,4.270900234703025226e-07
0.000000000000000000e+00,0.000000000000000000e+00
4.257065242951838440e-07,3.955673505200965038e-07
5.006211852303286560e-08,3.580873546272990839e-08
1.836327573753682151e-07,1.285229505978231448e-07
0.000000000000000000e+00,0.000000000000000000e+00
9.349027671965578260e-08,4.923654841630826389e-08
0.000000000000000000e+00,0.000000000000000000e+00
4.093510043825270523e-07,2.904554303767768918e-07
9.489049140263902295e-07,1.068382231375944174e-06
1.384823041895686369e-08,8.653591710556068510e-09
6.419494500026118967e-09,4.697374754905703963e-09
1.517894539252954686e-07,1.397379417570204514e-07
0.000000000000000000e+00,0.000000000000000000e+00
1.917553404106334215e-07,1.744287022947191425e-07
0.000000000000000000e+00,0.000000000000000000e+00
0.000000000000000000e+00,0.000000000000000000e+00
0.000000000000000000e+00,0.000000000000000000e+00
0.000000000000000000e+00,0.000000000000000000e+00
1.672438776010936379e-06,1.290928733291601617e-06
1.592826273845852325e-07,1.627088134132650866e-07
0.000000000000000000e+00,0.000000000000000000e+00
0.000000000000000000e+00,0.000000000000000000e+00
4.999630519069468579e-07,3.924074530330530024e-07
0.000000000000000000e+00,0.000000000000000000e+00
0.000000000000000000e+00,0.000000000000000000e+00
6.122234291385628476e-07,5.379183597482339307e-07
2.792121596220719815e-08,2.794291126290292880e-08
8.170015661269565140e-07,8.307769887147130713e-07
2.244329094047448168e-07,1.173462368954644712e-07
5.373179092831137697e-08,4.259103825440844299e-08
0.000000000000000000e+00,0.000000000000000000e+00
0.000000000000000000e+00,0.000000000000000000e+00
1.422333271056592295e-07,9.379492862668227986e-08
2.371237728908505900e-07,1.537250147081216677e-07
7.867509329628087126e-07,8.063517437710489970e-07
0.000000000000000000e+00,0.000000000000000000e+00
2.828445210619521473e-07,2.761576378280398319e-07
5.317029631844202267e-07,5.949154259449104203e-07
0.000000000000000000e+00,0.000000000000000000e+00
0.000000000000000000e+00,0.000000000000000000e+00
0.000000000000000000e+00,0.000000000000000000e+00
0.000000000000000000e+00,0.000000000000000000e+00
0.000000000000000000e+00,0.000000000000000000e+00
1.423978132320817193e-07,1.076111581397972961e-07
0.000000000000000000e+00,0.000000000000000000e+00
0.000000000000000000e+00,0.000000000000000000e+00
0.000000000000000000e+00,0.000000000000000000e+00
0.000000000000000000e+00,0.000000000000000000e+00
1.310468769931249240e-07,9.092195490768364663e-08
7.114268437194345224e-08,4.614312249838733463e-08
0.000000000000000000e+00,0.000000000000000000e+00
0.000000000000000000e+00,0.000000000000000000e+00
0.000000000000000000e+00,0.000000000000000000e+00
0.000000000000000000e+00,0.000000000000000000e+00
0.000000000000000000e+00,0.000000000000000000e+00
0.000000000000000000e+00,0.000000000000000000e+00
3.722817094872311401e-07,3.314081067545491647e-07
0.000000000000000000e+00,0.000000000000000000e+00
2.034654694276394691e-07,9.950142698905395125e-08
2.441104232788993946e-07,2.466078719946546060e-07
0.000000000000000000e+00,0.000000000000000000e+00
0.000000000000000000e+00,0.000000000000000000e+00
3.241718075281531807e-08,2.822067591948220046e-08
0.000000000000000000e+00,0.000000000000000000e+00
0.000000000000000000e+00,0.000000000000000000e+00
0.000000000000000000e+00,0.000000000000000000e+00
2.827398413303691156e-07,2.859245505162378846e-07
4.654406823388466927e-07,3.335577205068575457e-07
3.896135571808298263e-07,1.751232222740595587e-07
5.552590275967848463e-08,5.197930953947621816e-08
3.782859766607662156e-08,2.521308116387077736e-08
3.793655464552647819e-07,2.937114181701768696e-07
1.751020555912218135e-07,1.795855659394052662e-07
1.378185413756684090e-06,1.416456651399788851e-06
0.000000000000000000e+00,0.000000000000000000e+00
0.000000000000000000e+00,0.000000000000000000e+00
0.000000000000000000e+00,0.000000000000000000e+00
0.000000000000000000e+00,0.000000000000000000e+00
5.423878837321842513e-08,3.988767257702470554e-08
0.000000000000000000e+00,0.000000000000000000e+00
1.575992441189908367e-07,3.257590929444570507e-07
0.000000000000000000e+00,0.000000000000000000e+00
4.315604299467864315e-07,4.051466273098350088e-07
0.000000000000000000e+00,0.000000000000000000e+00
2.033502858902057262e-08,1.022619253006154361e-08
0.000000000000000000e+00,0.000000000000000000e+00
2.023911308489110284e-07,1.793429586536793597e-07
1.142526031860564037e-06,3.604137916264119103e-07
0.000000000000000000e+00,0.000000000000000000e+00
4.504285816230631208e-07,4.482569230011109105e-07
0.000000000000000000e+00,0.000000000000000000e+00
0.000000000000000000e+00,0.000000000000000000e+00
2.739488733753478567e-07,2.478707630952830775e-07
3.417171234873471938e-07,2.613692927988291391e-07
0.000000000000000000e+00,0.000000000000000000e+00
0.000000000000000000e+00,0.000000000000000000e+00
2.539708894028705080e-07,2.586645636156316955e-07
6.439332622474515142e-07,5.106795957343527143e-07
4.772503880050082874e-07,4.495772355528150026e-07
2.283080168330211831e-07,1.763026321951946157e-07
2.644205364059470186e-07,3.077207030836787697e-07
1.875036376614515915e-07,1.839998200872641818e-07
0.000000000000000000e+00,0.000000000000000000e+00
0.000000000000000000e+00,0.000000000000000000e+00
5.693706611716132009e-07,4.308811355939691939e-07
4.718041269480405818e-07,3.424698246074398502e-07
0.000000000000000000e+00,0.000000000000000000e+00
8.917540436203572455e-08,1.149753474483373153e-07
2.802854337541659297e-07,2.776523757855238374e-07
2.370605491212841988e-07,2.156031688045108368e-07
5.622128963320007574e-08,3.766690710616848855e-08
0.000000000000000000e+00,0.000000000000000000e+00
0.000000000000000000e+00,0.000000000000000000e+00
0.000000000000000000e+00,0.000000000000000000e+00
0.000000000000000000e+00,0.000000000000000000e+00
0.000000000000000000e+00,0.000000000000000000e+00
0.000000000000000000e+00,0.000000000000000000e+00
0.000000000000000000e+00,0.000000000000000000e+00
2.591851231482621298e-07,2.347628881067937419e-07
5.319987146881166950e-07,3.745505927471985792e-07
0.000000000000000000e+00,0.000000000000000000e+00
2.005129006965827945e-07,1.386065943578353696e-07
0.000000000000000000e+00,0.000000000000000000e+00
2.647777493186626420e-07,2.438598850682867053e-07
9.945108391221761670e-08,6.809384245595956604e-08
1.588355683507482718e-07,1.350383315215668413e-07
0.000000000000000000e+00,0.000000000000000000e+00
0.000000000000000000e+00,0.000000000000000000e+00
5.907808944633303711e-07,6.384740476704122728e-07
0.000000000000000000e+00,0.000000000000000000e+00
0.000000000000000000e+00,0.000000000000000000e+00
0.000000000000000000e+00,0.000000000000000000e+00
2.290560616948117756e-07,1.626622261668805555e-07
9.516198083224598436e-08,7.021235909227058015e-08
3.407663559414263911e-08,2.930956512372689939e-08
9.358706803990745507e-07,7.829611120376995587e-07
0.000000000000000000e+00,0.000000000000000000e+00
0.000000000000000000e+00,0.000000000000000000e+00
0.000000000000000000e+00,0.000000000000000000e+00
0.000000000000000000e+00,0.000000000000000000e+00
0.000000000000000000e+00,0.000000000000000000e+00
1.056362255848837278e-06,4.617179965386856552e-07
0.000000000000000000e+00,0.000000000000000000e+00
2.128612850071545739e-08,1.339473695707694028e-08
1.578784761420931175e-08,1.256390527651663569e-08
0.000000000000000000e+00,0.000000000000000000e+00
5.058614886751325366e-07,3.727071731364380777e-07
4.148240131720052371e-07,2.737479875405904854e-07
4.256837208899448329e-07,4.454782436170582827e-07
0.000000000000000000e+00,0.000000000000000000e+00
0.000000000000000000e+00,0.000000000000000000e+00
0.000000000000000000e+00,0.000000000000000000e+00
2.145543274346826956e-07,1.969014785479894848e-07
0.000000000000000000e+00,0.000000000000000000e+00
0.000000000000000000e+00,0.000000000000000000e+00
0.000000000000000000e+00,0.000000000000000000e+00
6.965838736729939098e-07,6.569297189678946256e-07
0.000000000000000000e+00,0.000000000000000000e+00
0.000000000000000000e+00,0.000000000000000000e+00
0.000000000000000000e+00,0.000000000000000000e+00
5.749307615812978352e-08,4.711158063028880027e-08
0.000000000000000000e+00,0.000000000000000000e+00
2.484398378689318831e-07,1.963259056930622694e-07
0.000000000000000000e+00,0.000000000000000000e+00
0.000000000000000000e+00,0.000000000000000000e+00
0.000000000000000000e+00,0.000000000000000000e+00
0.000000000000000000e+00,0.000000000000000000e+00
0.000000000000000000e+00,0.000000000000000000e+00
0.000000000000000000e+00,0.000000000000000000e+00
0.000000000000000000e+00,0.000000000000000000e+00
0.000000000000000000e+00,0.000000000000000000e+00
0.000000000000000000e+00,0.000000000000000000e+00
0.000000000000000000e+00,0.000000000000000000e+00
4.774086732337713412e-07,1.994163641252361645e-07
0.000000000000000000e+00,0.000000000000000000e+00
1.539094944128928249e-07,7.139867458104576685e-08
0.000000000000000000e+00,0.000000000000000000e+00
0.000000000000000000e+00,0.000000000000000000e+00
0.000000000000000000e+00,0.000000000000000000e+00
5.489176605310272452e-07,5.152748653961314220e-07
0.000000000000000000e+00,0.000000000000000000e+00
9.560512629891712829e-08,1.001258712263026276e-07
0.000000000000000000e+00,0.000000000000000000e+00
0.000000000000000000e+00,0.000000000000000000e+00
0.000000000000000000e+00,0.000000000000000000e+00
2.320722215100228594e-07,1.815120862114757632e-07
0.000000000000000000e+00,0.000000000000000000e+00
2.929616246005012674e-07,2.097766914164805982e-07
0.000000000000000000e+00,0.000000000000000000e+00
5.524809627152160954e-08,4.272671642377516759e-08
0.000000000000000000e+00,0.000000000000000000e+00
0.000000000000000000e+00,0.000000000000000000e+00
0.000000000000000000e+00,0.000000000000000000e+00
0.000000000000000000e+00,0.000000000000000000e+00
0.000000000000000000e+00,0.000000000000000000e+00
0.000000000000000000e+00,0.000000000000000000e+00
0.000000000000000000e+00,0.000000000000000000e+00
2.162798984511418202e-07,2.904037278386790054e-07
0.000000000000000000e+00,0.000000000000000000e+00
4.993479434472517504e-08,1.512669332012284616e-08
0.000000000000000000e+00,0.000000000000000000e+00
0.000000000000000000e+00,0.000000000000000000e+00
7.456478103229290942e-07,7.366697515525212210e-07
1.814682967954351767e-07,1.530704061100690700e-07
0.000000000000000000e+00,0.000000000000000000e+00
0.000000000000000000e+00,0.000000000000000000e+00
2.918780609033845610e-07,2.539042085809494932e-07
2.430332950029276780e-07,2.435586473404474833e-07
0.000000000000000000e+00,0.000000000000000000e+00
8.393434595054660092e-07,8.308741309430320891e-07
5.536087417283014054e-07,5.019255969853205067e-07
0.000000000000000000e+00,0.000000000000000000e+00
0.000000000000000000e+00,0.000000000000000000e+00
0.000000000000000000e+00,0.000000000000000000e+00
0.000000000000000000e+00,0.000000000000000000e+00
0.000000000000000000e+00,0.000000000000000000e+00
1.348523885605628999e-06,1.253356866049020716e-06
1.028026320312421610e-07,3.178138500036340242e-08
1.326125457814156649e-06,1.394051003879897777e-06
5.497278109888869147e-07,4.867615218155426024e-07
0.000000000000000000e+00,0.000000000000000000e+00
0.000000000000000000e+00,0.000000000000000000e+00
0.000000000000000000e+00,0.000000000000000000e+00
2.849821736247629747e-07,1.543781458287092466e-07
1.554480453187112419e-07,1.863700495154632364e-07
3.364095667651811295e-07,3.107695778717728443e-07
0.000000000000000000e+00,0.000000000000000000e+00
0.000000000000000000e+00,0.000000000000000000e+00
1.802034326477337443e-06,1.322231128420047944e-06
9.185932865762666670e-08,1.102814316709888174e-07
1.883082717503747071e-07,1.305233323729639560e-07
1.211277934133621936e-06,8.813773794645071938e-07
3.808120369151426619e-07,3.820270504875552147e-07
1.166701655536903434e-06,1.197891953593541747e-06
0.000000000000000000e+00,0.000000000000000000e+00
4.677811248843868073e-07,2.318280977863360858e-07
0.000000000000000000e+00,0.000000000000000000e+00
6.649789772007845653e-07,6.304277902472722551e-07
0.000000000000000000e+00,0.000000000000000000e+00
1.571970806551795285e-08,9.233379807005780716e-09
0.000000000000000000e+00,0.000000000000000000e+00
0.000000000000000000e+00,0.000000000000000000e+00
4.075169408922118876e-07,2.738772229100915285e-07
0.000000000000000000e+00,0.000000000000000000e+00
0.000000000000000000e+00,0.000000000000000000e+00
8.015880204946580668e-07,6.288331654280199822e-07
0.000000000000000000e+00,0.000000000000000000e+00
0.000000000000000000e+00,0.000000000000000000e+00
7.451220639791142460e-07,5.872391535633438330e-07
0.000000000000000000e+00,0.000000000000000000e+00
0.000000000000000000e+00,0.000000000000000000e+00
0.000000000000000000e+00,0.000000000000000000e+00
0.000000000000000000e+00,0.000000000000000000e+00
0.000000000000000000e+00,0.000000000000000000e+00
0.000000000000000000e+00,0.000000000000000000e+00
0.000000000000000000e+00,0.000000000000000000e+00
2.721443513135721340e-07,1.371957345065655868e-07
0.000000000000000000e+00,0.000000000000000000e+00
0.000000000000000000e+00,0.000000000000000000e+00
0.000000000000000000e+00,0.000000000000000000e+00
0.000000000000000000e+00,0.000000000000000000e+00
0.000000000000000000e+00,0.000000000000000000e+00
0.000000000000000000e+00,0.000000000000000000e+00
0.000000000000000000e+00,0.000000000000000000e+00
0.000000000000000000e+00,0.000000000000000000e+00
0.000000000000000000e+00,0.000000000000000000e+00
0.000000000000000000e+00,0.000000000000000000e+00
0.000000000000000000e+00,0.000000000000000000e+00
1.772008603549453661e-07,1.036909804771583741e-07
5.157697029622797171e-07,3.581076068784524364e-07
0.000000000000000000e+00,0.000000000000000000e+00
2.645593085172357582e-07,1.393345333153766739e-07
0.000000000000000000e+00,0.000000000000000000e+00
0.000000000000000000e+00,0.000000000000000000e+00
5.387044080517772466e-07,5.148987881413114420e-07
0.000000000000000000e+00,0.000000000000000000e+00
2.765390006597823239e-07,2.662209182436424685e-07
0.000000000000000000e+00,0.000000000000000000e+00
0.000000000000000000e+00,0.000000000000000000e+00
3.138541170578960255e-08,2.618915915905035255e-08
0.000000000000000000e+00,0.000000000000000000e+00
0.000000000000000000e+00,0.000000000000000000e+00
1.091493130138398606e-07,7.637667817639743645e-08
0.000000000000000000e+00,0.000000000000000000e+00
1.239176874070754726e-07,1.185142789551551951e-07
0.000000000000000000e+00,0.000000000000000000e+00
1.302702344204019762e-07,6.837774753471134647e-08
0.000000000000000000e+00,0.000000000000000000e+00
0.000000000000000000e+00,0.000000000000000000e+00
0.000000000000000000e+00,0.000000000000000000e+00
2.039132030307926150e-07,2.065531937427982328e-07
2.533906915392214254e-07,1.817841175576478559e-07
0.000000000000000000e+00,0.000000000000000000e+00
4.974629886200937577e-07,5.017618768223196925e-07
0.000000000000000000e+00,0.000000000000000000e+00
0.000000000000000000e+00,0.000000000000000000e+00
0.000000000000000000e+00,0.000000000000000000e+00
0.000000000000000000e+00,0.000000000000000000e+00
0.000000000000000000e+00,0.000000000000000000e+00
0.000000000000000000e+00,0.000000000000000000e+00
0.000000000000000000e+00,0.000000000000000000e+00
0.000000000000000000e+00,0.000000000000000000e+00
0.000000000000000000e+00,0.000000000000000000e+00
0.000000000000000000e+00,0.000000000000000000e+00
0.000000000000000000e+00,0.000000000000000000e+00
4.645484761722832635e-07,3.237437074248944503e-07
0.000000000000000000e+00,0.000000000000000000e+00
0.000000000000000000e+00,0.000000000000000000e+00
0.000000000000000000e+00,0.000000000000000000e+00
0.000000000000000000e+00,0.000000000000000000e+00
0.000000000000000000e+00,0.000000000000000000e+00
3.802487728872302714e-08,3.703365781731178450e-08
0.000000000000000000e+00,0.000000000000000000e+00
0.000000000000000000e+00,0.000000000000000000e+00
4.940230832633759343e-07,3.968681623183161819e-07
0.000000000000000000e+00,0.000000000000000000e+00
1.982226079207092938e-07,1.114900956675690475e-07
0.000000000000000000e+00,0.000000000000000000e+00
0.000000000000000000e+00,0.000000000000000000e+00
0.000000000000000000e+00,0.000000000000000000e+00
0.000000000000000000e+00,0.000000000000000000e+00
0.000000000000000000e+00,0.000000000000000000e+00
6.250935548129113589e-07,3.297091425244100257e-07
1.767117317941890809e-07,4.919557618448412310e-08
0.000000000000000000e+00,0.000000000000000000e+00
0.000000000000000000e+00,0.000000000000000000e+00
0.000000000000000000e+00,0.000000000000000000e+00
0.000000000000000000e+00,0.000000000000000000e+00
5.726582858512467673e-09,4.307672391990084441e-09
0.000000000000000000e+00,0.000000000000000000e+00
0.000000000000000000e+00,0.000000000000000000e+00
0.000000000000000000e+00,0.000000000000000000e+00
0.000000000000000000e+00,0.000000000000000000e+00
2.079425873919733723e-07,1.067144906923687835e-07
8.864612973659952120e-07,6.624381295450323864e-07
0.000000000000000000e+00,0.000000000000000000e+00
3.273375742093030118e-07,3.401883108552425376e-07
0.000000000000000000e+00,0.000000000000000000e+00
0.000000000000000000e+00,0.000000000000000000e+00
0.000000000000000000e+00,0.000000000000000000e+00
0.000000000000000000e+00,0.000000000000000000e+00
0.000000000000000000e+00,0.000000000000000000e+00
0.000000000000000000e+00,0.000000000000000000e+00
0.000000000000000000e+00,0.000000000000000000e+00
0.000000000000000000e+00,0.000000000000000000e+00
9.469715203387318871e-07,7.498351225869599874e-07
1.762513693123534541e-07,1.850908410576861252e-07
0.000000000000000000e+00,0.000000000000000000e+00
4.055695053106599237e-07,2.345583658501635303e-07
0.000000000000000000e+00,0.000000000000000000e+00
0.000000000000000000e+00,0.000000000000000000e+00
1.252104564993462584e-07,7.443786848132536603e-08
0.000000000000000000e+00,0.000000000000000000e+00
0.000000000000000000e+00,0.000000000000000000e+00
6.215019810852380764e-07,6.135479659051221108e-07
0.000000000000000000e+00,0.000000000000000000e+00
0.000000000000000000e+00,0.000000000000000000e+00
0.000000000000000000e+00,0.000000000000000000e+00
6.423807040551055002e-08,5.703473496733517271e-08
0.000000000000000000e+00,0.000000000000000000e+00
0.000000000000000000e+00,0.000000000000000000e+00
0.000000000000000000e+00,0.000000000000000000e+00
0.000000000000000000e+00,0.000000000000000000e+00
0.000000000000000000e+00,0.000000000000000000e+00
0.000000000000000000e+00,0.000000000000000000e+00
4.074820473254666468e-07,3.447128416172808752e-07
0.000000000000000000e+00,0.000000000000000000e+00
0.000000000000000000e+00,0.000000000000000000e+00
0.000000000000000000e+00,0.000000000000000000e+00
0.000000000000000000e+00,0.000000000000000000e+00
0.000000000000000000e+00,0.000000000000000000e+00
0.000000000000000000e+00,0.000000000000000000e+00
0.000000000000000000e+00,0.000000000000000000e+00
0.000000000000000000e+00,0.000000000000000000e+00
0.000000000000000000e+00,0.000000000000000000e+00
0.000000000000000000e+00,0.000000000000000000e+00
0.000000000000000000e+00,0.000000000000000000e+00
0.000000000000000000e+00,0.000000000000000000e+00
6.788101638123726608e-07,5.430038629508744869e-07
0.000000000000000000e+00,0.000000000000000000e+00
0.000000000000000000e+00,0.000000000000000000e+00
3.677199787978238133e-07,3.515716906388594137e-07
7.754618615721649965e-07,7.880901583665562629e-07
0.000000000000000000e+00,0.000000000000000000e+00
0.000000000000000000e+00,0.000000000000000000e+00
0.000000000000000000e+00,0.000000000000000000e+00
0.000000000000000000e+00,0.000000000000000000e+00
0.000000000000000000e+00,0.000000000000000000e+00
0.000000000000000000e+00,0.000000000000000000e+00
6.832059670911058276e-07,5.268445644712865481e-07
4.698799933240739029e-07,4.573304041405634924e-07
9.201094292926055117e-07,9.731259696532351125e-07
0.000000000000000000e+00,0.000000000000000000e+00
9.867370453078279009e-07,1.049830845729733779e-06
0.000000000000000000e+00,0.000000000000000000e+00
0.000000000000000000e+00,0.000000000000000000e+00
0.000000000000000000e+00,0.000000000000000000e+00
0.000000000000000000e+00,0.000000000000000000e+00
0.000000000000000000e+00,0.000000000000000000e+00
4.739912365958847219e-07,4.383357406170536006e-07
0.000000000000000000e+00,0.000000000000000000e+00
0.000000000000000000e+00,0.000000000000000000e+00
0.000000000000000000e+00,0.000000000000000000e+00
4.061559432421958157e-07,3.816643348606960018e-07
0.000000000000000000e+00,0.000000000000000000e+00
0.000000000000000000e+00,0.000000000000000000e+00
0.000000000000000000e+00,0.000000000000000000e+00
0.000000000000000000e+00,0.000000000000000000e+00
0.000000000000000000e+00,0.000000000000000000e+00
0.000000000000000000e+00,0.000000000000000000e+00
0.000000000000000000e+00,0.000000000000000000e+00
4.820623864402688163e-07,3.831782245480246891e-07
0.000000000000000000e+00,0.000000000000000000e+00
0.000000000000000000e+00,0.000000000000000000e+00
0.000000000000000000e+00,0.000000000000000000e+00
0.000000000000000000e+00,0.000000000000000000e+00
0.000000000000000000e+00,0.000000000000000000e+00
0.000000000000000000e+00,0.000000000000000000e+00
0.000000000000000000e+00,0.000000000000000000e+00
0.000000000000000000e+00,0.000000000000000000e+00
0.000000000000000000e+00,0.000000000000000000e+00
0.000000000000000000e+00,0.000000000000000000e+00
0.000000000000000000e+00,0.000000000000000000e+00
0.000000000000000000e+00,0.000000000000000000e+00
1.743385883441597282e-07,1.321203508239777364e-07
0.000000000000000000e+00,0.000000000000000000e+00
3.089276836134094153e-07,1.551125410398011749e-07
2.072946174125069161e-07,1.129621428841508987e-07
4.062843657904036208e-07,3.591856613060010934e-07
0.000000000000000000e+00,0.000000000000000000e+00
9.390070173464395932e-08,6.383572380700725671e-08
0.000000000000000000e+00,0.000000000000000000e+00
0.000000000000000000e+00,0.000000000000000000e+00
0.000000000000000000e+00,0.000000000000000000e+00
4.739015222382677117e-07,3.570296813935705989e-07
0.000000000000000000e+00,0.000000000000000000e+00
0.000000000000000000e+00,0.000000000000000000e+00
0.000000000000000000e+00,0.000000000000000000e+00
0.000000000000000000e+00,0.000000000000000000e+00
0.000000000000000000e+00,0.000000000000000000e+00
0.000000000000000000e+00,0.000000000000000000e+00
0.000000000000000000e+00,0.000000000000000000e+00
0.000000000000000000e+00,0.000000000000000000e+00
0.000000000000000000e+00,0.000000000000000000e+00
7.887981910669677730e-07,8.684023844686006356e-07
1.759661206082619437e-07,1.699396607830712486e-07
0.000000000000000000e+00,0.000000000000000000e+00
1.992700265894692320e-07,2.575766414940876578e-07
8.148454229892522513e-07,5.485018193084844782e-07
0.000000000000000000e+00,0.000000000000000000e+00
0.000000000000000000e+00,0.000000000000000000e+00
0.000000000000000000e+00,0.000000000000000000e+00
3.985034166782682816e-07,3.860735851458800873e-07
0.000000000000000000e+00,0.000000000000000000e+00
0.000000000000000000e+00,0.000000000000000000e+00
0.000000000000000000e+00,0.000000000000000000e+00
1.037403240713809473e-07,1.447240354200934421e-07
0.000000000000000000e+00,0.000000000000000000e+00
4.065849293197091628e-07,3.805645324862667289e-07
0.000000000000000000e+00,0.000000000000000000e+00
1.328082764423758499e-06,1.306199962198376127e-06
6.854916858864214123e-07,7.617403300550391650e-07
3.146278336859019025e-07,2.721847551179881787e-07
2.373804003568838002e-07,1.251571793114185199e-07
0.000000000000000000e+00,0.000000000000000000e+00
0.000000000000000000e+00,0.000000000000000000e+00
0.000000000000000000e+00,0.000000000000000000e+00
0.000000000000000000e+00,0.000000000000000000e+00
0.000000000000000000e+00,0.000000000000000000e+00
0.000000000000000000e+00,0.000000000000000000e+00
0.000000000000000000e+00,0.000000000000000000e+00
0.000000000000000000e+00,0.000000000000000000e+00
1.397084806910663787e-07,8.522846289255608014e-08
4.207816821073924487e-07,3.112630444184565901e-07
0.000000000000000000e+00,0.000000000000000000e+00
0.000000000000000000e+00,0.000000000000000000e+00
0.000000000000000000e+00,0.000000000000000000e+00
0.000000000000000000e+00,0.000000000000000000e+00
0.000000000000000000e+00,0.000000000000000000e+00
0.000000000000000000e+00,0.000000000000000000e+00
0.000000000000000000e+00,0.000000000000000000e+00
6.083128768795960462e-07,5.732279503620776073e-07
1.168773469531758298e-07,1.004046120818547893e-07
0.000000000000000000e+00,0.000000000000000000e+00
0.000000000000000000e+00,0.000000000000000000e+00
0.000000000000000000e+00,0.000000000000000000e+00
0.000000000000000000e+00,0.000000000000000000e+00
0.000000000000000000e+00,0.000000000000000000e+00
3.754271765461530740e-07,3.360606405875576373e-07
0.000000000000000000e+00,0.000000000000000000e+00
0.000000000000000000e+00,0.000000000000000000e+00
0.000000000000000000e+00,0.000000000000000000e+00
0.000000000000000000e+00,0.000000000000000000e+00
0.000000000000000000e+00,0.000000000000000000e+00
0.000000000000000000e+00,0.000000000000000000e+00
1.991326631175566940e-07,1.631689258585380529e-07
0.000000000000000000e+00,0.000000000000000000e+00
0.000000000000000000e+00,0.000000000000000000e+00
5.050270250752575253e-07,5.168874888591694585e-07
1.237132208045865064e-07,5.149011273489662024e-08
0.000000000000000000e+00,0.000000000000000000e+00
1.901687316379724217e-07,1.686821541051039550e-07
2.598631685563358484e-07,2.385051864904505427e-07
0.000000000000000000e+00,0.000000000000000000e+00
0.000000000000000000e+00,0.000000000000000000e+00
0.000000000000000000e+00,0.000000000000000000e+00
0.000000000000000000e+00,0.000000000000000000e+00
0.000000000000000000e+00,0.000000000000000000e+00
4.244587303661061447e-07,3.500741596757133435e-07
0.000000000000000000e+00,0.000000000000000000e+00
0.000000000000000000e+00,0.000000000000000000e+00
3.001148224741742589e-07,2.837758709812290829e-07
0.000000000000000000e+00,0.000000000000000000e+00
1.314083192262088839e-07,7.032820373346633122e-08
1.019793299263182564e-06,1.396474510242623865e-06
0.000000000000000000e+00,0.000000000000000000e+00
0.000000000000000000e+00,0.000000000000000000e+00
0.000000000000000000e+00,0.000000000000000000e+00
0.000000000000000000e+00,0.000000000000000000e+00
0.000000000000000000e+00,0.000000000000000000e+00
0.000000000000000000e+00,0.000000000000000000e+00
1.711156450565925653e-07,9.116541281446633870e-08
0.000000000000000000e+00,0.000000000000000000e+00
0.000000000000000000e+00,0.000000000000000000e+00
3.790523308879870211e-07,3.327241547724636720e-07
0.000000000000000000e+00,0.000000000000000000e+00
0.000000000000000000e+00,0.000000000000000000e+00
9.383838552406294315e-07,7.026663291113098727e-07
4.422752590947872431e-07,3.939594841600417365e-07
8.383140746572600880e-07,6.193289013008051808e-07
0.000000000000000000e+00,0.000000000000000000e+00
0.000000000000000000e+00,0.000000000000000000e+00
0.000000000000000000e+00,0.000000000000000000e+00
0.000000000000000000e+00,0.000000000000000000e+00
0.000000000000000000e+00,0.000000000000000000e+00
1.667099904852306377e-07,1.508072676662185685e-07
0.000000000000000000e+00,0.000000000000000000e+00
0.000000000000000000e+00,0.000000000000000000e+00
0.000000000000000000e+00,0.000000000000000000e+00
0.000000000000000000e+00,0.000000000000000000e+00
0.000000000000000000e+00,0.000000000000000000e+00
0.000000000000000000e+00,0.000000000000000000e+00
1.654596723538501862e-07,1.372526895387667692e-07
0.000000000000000000e+00,0.000000000000000000e+00
0.000000000000000000e+00,0.000000000000000000e+00
0.000000000000000000e+00,0.000000000000000000e+00
0.000000000000000000e+00,0.000000000000000000e+00
4.797649692526819207e-07,4.029276125407372990e-07
0.000000000000000000e+00,0.000000000000000000e+00
0.000000000000000000e+00,0.000000000000000000e+00
7.513460447962814438e-07,5.676069529626925363e-07
6.073992824347859712e-07,5.643797908695625492e-07
2.120059412329329458e-07,1.912279376993349982e-07
0.000000000000000000e+00,0.000000000000000000e+00
0.000000000000000000e+00,0.000000000000000000e+00
0.000000000000000000e+00,0.000000000000000000e+00
0.000000000000000000e+00,0.000000000000000000e+00
0.000000000000000000e+00,0.000000000000000000e+00
4.732556565980754410e-08,3.235484169635375316e-08
0.000000000000000000e+00,0.000000000000000000e+00
8.280652284580912504e-08,7.827211831464582569e-08
0.000000000000000000e+00,0.000000000000000000e+00
3.872376390972348068e-07,3.056188009905533042e-07
6.108233504667320305e-07,6.182686494609234202e-07
0.000000000000000000e+00,0.000000000000000000e+00
0.000000000000000000e+00,0.000000000000000000e+00
0.000000000000000000e+00,0.000000000000000000e+00
0.000000000000000000e+00,0.000000000000000000e+00
0.000000000000000000e+00,0.000000000000000000e+00
5.512505087397734358e-07,5.913946554787851106e-07
0.000000000000000000e+00,0.000000000000000000e+00
0.000000000000000000e+00,0.000000000000000000e+00
0.000000000000000000e+00,0.000000000000000000e+00
1.237812454302046760e-06,9.329973280918032823e-07
2.146712178131715843e-07,1.145275145526462648e-07
0.000000000000000000e+00,0.000000000000000000e+00
1.287492929900908935e-07,8.942229563957626438e-08
0.000000000000000000e+00,0.000000000000000000e+00
0.000000000000000000e+00,0.000000000000000000e+00
1.087580098363565586e-06,8.120811940323190648e-07
0.000000000000000000e+00,0.000000000000000000e+00
0.000000000000000000e+00,0.000000000000000000e+00
8.903538203123610434e-07,7.073917712751785603e-07
0.000000000000000000e+00,0.000000000000000000e+00
0.000000000000000000e+00,0.000000000000000000e+00
0.000000000000000000e+00,0.000000000000000000e+00
0.000000000000000000e+00,0.000000000000000000e+00
0.000000000000000000e+00,0.000000000000000000e+00
0.000000000000000000e+00,0.000000000000000000e+00
0.000000000000000000e+00,0.000000000000000000e+00
0.000000000000000000e+00,0.000000000000000000e+00
0.000000000000000000e+00,0.000000000000000000e+00
7.209821023904747669e-08,5.635969510598656766e-08
1.794343908491882515e-07,1.824981662997559246e-07
0.000000000000000000e+00,0.000000000000000000e+00
0.000000000000000000e+00,0.000000000000000000e+00
0.000000000000000000e+00,0.000000000000000000e+00
2.007034019584260576e-07,6.160140338463747897e-08
0.000000000000000000e+00,0.000000000000000000e+00
0.000000000000000000e+00,0.000000000000000000e+00
1.300143152349288958e-07,1.417399305734880855e-07
1.383626695431892026e-07,8.431602962381666885e-08
0.000000000000000000e+00,0.000000000000000000e+00
3.071398030940255370e-07,3.000495106062438335e-07
0.000000000000000000e+00,0.000000000000000000e+00
0.000000000000000000e+00,0.000000000000000000e+00
0.000000000000000000e+00,0.000000000000000000e+00
0.000000000000000000e+00,0.000000000000000000e+00
0.000000000000000000e+00,0.000000000000000000e+00
0.000000000000000000e+00,0.000000000000000000e+00
0.000000000000000000e+00,0.000000000000000000e+00
2.518614136098317172e-07,1.525639067866827682e-07
0.000000000000000000e+00,0.000000000000000000e+00
0.000000000000000000e+00,0.000000000000000000e+00
1.820830808820586619e-07,1.631372644834513786e-07
0.000000000000000000e+00,0.000000000000000000e+00
0.000000000000000000e+00,0.000000000000000000e+00
0.000000000000000000e+00,0.000000000000000000e+00
0.000000000000000000e+00,0.000000000000000000e+00
0.000000000000000000e+00,0.000000000000000000e+00
6.753416020618043401e-07,6.284045000722808227e-07
6.083833960536187567e-07,4.575933522918711884e-07
0.000000000000000000e+00,0.000000000000000000e+00
0.000000000000000000e+00,0.000000000000000000e+00
0.000000000000000000e+00,0.000000000000000000e+00
0.000000000000000000e+00,0.000000000000000000e+00
0.000000000000000000e+00,0.000000000000000000e+00
0.000000000000000000e+00,0.000000000000000000e+00
2.951997673220181549e-07,2.479854793925181355e-07
5.499341933773424361e-08,5.019093312584625690e-08
6.917569468292075435e-07,4.792700314511832525e-07
0.000000000000000000e+00,0.000000000000000000e+00
0.000000000000000000e+00,0.000000000000000000e+00
0.000000000000000000e+00,0.000000000000000000e+00
4.785938962960592411e-07,3.749265550948850344e-07
0.000000000000000000e+00,0.000000000000000000e+00
5.899017732564169183e-07,3.622413376358645357e-07
3.351934759517553149e-07,3.230726303807762020e-07
0.000000000000000000e+00,0.000000000000000000e+00
0.000000000000000000e+00,0.000000000000000000e+00
0.000000000000000000e+00,0.000000000000000000e+00
2.231799368255688909e-07,1.723573897409040809e-07
0.000000000000000000e+00,0.000000000000000000e+00
0.000000000000000000e+00,0.000000000000000000e+00
6.660052082001183106e-07,6.407883065589961165e-07
0.000000000000000000e+00,0.000000000000000000e+00
1.005298296720148333e-07,4.382659244732639270e-08
0.000000000000000000e+00,0.000000000000000000e+00
0.000000000000000000e+00,0.000000000000000000e+00
2.644121787287254561e-07,2.447755198487284920e-07
0.000000000000000000e+00,0.000000000000000000e+00
7.134190897957944644e-07,5.115617989565523157e-07
2.437102956989109868e-07,2.078491581461489057e-07
0.000000000000000000e+00,0.000000000000000000e+00
0.000000000000000000e+00,0.000000000000000000e+00
2.259724595061833200e-07,1.925497037343141122e-07
0.000000000000000000e+00,0.000000000000000000e+00
0.000000000000000000e+00,0.000000000000000000e+00
0.000000000000000000e+00,0.000000000000000000e+00
1.687933875812675096e-06,7.478343946695202505e-07
3.502308035938869680e-07,3.394852430197727469e-07
0.000000000000000000e+00,0.000000000000000000e+00
6.307120280123986158e-07,6.151445816522793029e-07
6.615926051195349937e-07,6.400796326675483995e-07
8.278345476011798332e-07,5.587845988070043752e-07
2.003436907963011506e-07,1.374584839294913309e-07
6.528417164914897484e-07,6.279730053514052494e-07
0.000000000000000000e+00,0.000000000000000000e+00
0.000000000000000000e+00,0.000000000000000000e+00
0.000000000000000000e+00,0.000000000000000000e+00
0.000000000000000000e+00,0.000000000000000000e+00
0.000000000000000000e+00,0.000000000000000000e+00
0.000000000000000000e+00,0.000000000000000000e+00
3.820111530624100934e-07,3.467483199098594405e-07
0.000000000000000000e+00,0.000000000000000000e+00
1.515938041169644283e-07,1.575150870517831632e-07
6.694939825130733072e-08,3.689002423351690105e-08
6.073115089475446504e-07,5.481235413254270353e-07
2.464297505072733250e-07,1.719086431766660949e-07
0.000000000000000000e+00,0.000000000000000000e+00
0.000000000000000000e+00,0.000000000000000000e+00
0.000000000000000000e+00,0.000000000000000000e+00
6.157350273997213623e-09,7.068513838140222707e-09
0.000000000000000000e+00,0.000000000000000000e+00
2.877992858574494639e-07,2.139307599709608928e-07
0.000000000000000000e+00,0.000000000000000000e+00
0.000000000000000000e+00,0.000000000000000000e+00
0.000000000000000000e+00,0.000000000000000000e+00
4.307471422788733404e-07,3.211353602509963819e-07
0.000000000000000000e+00,0.000000000000000000e+00
2.228041809015214176e-07,1.476220198662311734e-07
0.000000000000000000e+00,0.000000000000000000e+00
0.000000000000000000e+00,0.000000000000000000e+00
0.000000000000000000e+00,0.000000000000000000e+00
7.162497715579763245e-07,5.138808471585218406e-07
2.140764777100035574e-07,4.928062164517797017e-07
0.000000000000000000e+00,0.000000000000000000e+00
0.000000000000000000e+00,0.000000000000000000e+00
0.000000000000000000e+00,0.000000000000000000e+00
0.000000000000000000e+00,0.000000000000000000e+00
6.932860805714451703e-07,4.319561303375051502e-07
4.568379878679119488e-07,4.019848829125180485e-07
0.000000000000000000e+00,0.000000000000000000e+00
2.353052327932097701e-07,9.001896096757529861e-08
4.312884577729850165e-07,2.714468127838929822e-07
0.000000000000000000e+00,0.000000000000000000e+00
0.000000000000000000e+00,0.000000000000000000e+00
3.603837156379823883e-07,3.766568764612982551e-07
1.403012523417027733e-07,1.595669601696598813e-07
0.000000000000000000e+00,0.000000000000000000e+00
1.016298484570387455e-06,1.073388863725310617e-06
0.000000000000000000e+00,0.000000000000000000e+00
3.254385495744990230e-08,3.291744635080887880e-08
6.167049545041681261e-07,6.175379553168275416e-07
1.896364370036827820e-07,1.919439467208232687e-07
1.290351371316240605e-07,6.426616608484252033e-08
4.505630188769013093e-07,3.833934133745266687e-07
2.912606499491986738e-07,2.816191528699523858e-07
0.000000000000000000e+00,0.000000000000000000e+00
0.000000000000000000e+00,0.000000000000000000e+00
0.000000000000000000e+00,0.000000000000000000e+00
0.000000000000000000e+00,0.000000000000000000e+00
1.655797644501066331e-07,1.230348619512692866e-07
1.190643217271173624e-06,1.158264028218354238e-06
1.121974117986364136e-07,9.609903809716715755e-08
0.000000000000000000e+00,0.000000000000000000e+00
0.000000000000000000e+00,0.000000000000000000e+00
0.000000000000000000e+00,0.000000000000000000e+00
3.014412589039564617e-07,3.697622714603622774e-07
0.000000000000000000e+00,0.000000000000000000e+00
0.000000000000000000e+00,0.000000000000000000e+00
0.000000000000000000e+00,0.000000000000000000e+00
0.000000000000000000e+00,0.000000000000000000e+00
0.000000000000000000e+00,0.000000000000000000e+00
8.052781461705207221e-07,8.509085111069381603e-07
0.000000000000000000e+00,0.000000000000000000e+00
0.000000000000000000e+00,0.000000000000000000e+00
0.000000000000000000e+00,0.000000000000000000e+00
0.000000000000000000e+00,0.000000000000000000e+00
0.000000000000000000e+00,0.000000000000000000e+00
0.000000000000000000e+00,0.000000000000000000e+00
0.000000000000000000e+00,0.000000000000000000e+00
0.000000000000000000e+00,0.000000000000000000e+00
0.000000000000000000e+00,0.000000000000000000e+00
0.000000000000000000e+00,0.000000000000000000e+00
0.000000000000000000e+00,0.000000000000000000e+00
0.000000000000000000e+00,0.000000000000000000e+00
3.300639312918761166e-07,2.850377109137757236e-07
0.000000000000000000e+00,0.000000000000000000e+00
0.000000000000000000e+00,0.000000000000000000e+00
0.000000000000000000e+00,0.000000000000000000e+00
1.290095122869821659e-07,1.217564282776312076e-07
0.000000000000000000e+00,0.000000000000000000e+00
2.544405471416858676e-07,1.527514101410271418e-07
3.129854594551062404e-07,2.867710979624160155e-07
6.944324338743739960e-08,4.767049252892639604e-08
2.257242843309842532e-07,2.028393194145252452e-07
0.000000000000000000e+00,0.000000000000000000e+00
0.000000000000000000e+00,0.000000000000000000e+00
0.000000000000000000e+00,0.000000000000000000e+00
1.512956257677015850e-07,2.395602520065229180e-07
0.000000000000000000e+00,0.000000000000000000e+00
0.000000000000000000e+00,0.000000000000000000e+00
2.638089737340350576e-07,1.646429299376451781e-07
1.222707375482008891e-06,9.964659916628395889e-07
0.000000000000000000e+00,0.000000000000000000e+00
0.000000000000000000e+00,0.000000000000000000e+00
0.000000000000000000e+00,0.000000000000000000e+00
0.000000000000000000e+00,0.000000000000000000e+00
3.787796854458352126e-08,2.136370246082342724e-08
0.000000000000000000e+00,0.000000000000000000e+00
4.857293997496256269e-07,4.855662963607926087e-07
6.427293852251755344e-07,6.183012220185299675e-07
1.181427051294310288e-06,1.294305295459607786e-06
0.000000000000000000e+00,0.000000000000000000e+00
1.411248339097850144e-06,1.269732441801782477e-06
2.573842977725825388e-08,1.582957347367852876e-08
0.000000000000000000e+00,0.000000000000000000e+00
0.000000000000000000e+00,0.000000000000000000e+00
0.000000000000000000e+00,0.000000000000000000e+00
0.000000000000000000e+00,0.000000000000000000e+00
0.000000000000000000e+00,0.000000000000000000e+00
0.000000000000000000e+00,0.000000000000000000e+00
9.881450295800029365e-08,2.866355936874883153e-08
0.000000000000000000e+00,0.000000000000000000e+00
0.000000000000000000e+00,0.000000000000000000e+00
1.247938003349250476e-07,1.114259360523194127e-07
0.000000000000000000e+00,0.000000000000000000e+00
1.821185406783095065e-07,1.747184806066543777e-07
0.000000000000000000e+00,0.000000000000000000e+00
0.000000000000000000e+00,0.000000000000000000e+00
2.373022299369303538e-07,2.363435120893218662e-07
0.000000000000000000e+00,0.000000000000000000e+00
0.000000000000000000e+00,0.000000000000000000e+00
0.000000000000000000e+00,0.000000000000000000e+00
0.000000000000000000e+00,0.000000000000000000e+00
0.000000000000000000e+00,0.000000000000000000e+00
0.000000000000000000e+00,0.000000000000000000e+00
9.487614479906801413e-08,1.261174972214701246e-07
0.000000000000000000e+00,0.000000000000000000e+00
0.000000000000000000e+00,0.000000000000000000e+00
1.575442494212844105e-07,1.404946149001590037e-07
0.000000000000000000e+00,0.000000000000000000e+00
0.000000000000000000e+00,0.000000000000000000e+00
0.000000000000000000e+00,0.000000000000000000e+00
0.000000000000000000e+00,0.000000000000000000e+00
0.000000000000000000e+00,0.000000000000000000e+00
0.000000000000000000e+00,0.000000000000000000e+00
4.236471245574893437e-09,3.465255157387401354e-09
0.000000000000000000e+00,0.000000000000000000e+00
2.023319188620232948e-08,1.328577273654122070e-08
0.000000000000000000e+00,0.000000000000000000e+00
0.000000000000000000e+00,0.000000000000000000e+00
0.000000000000000000e+00,0.000000000000000000e+00
0.000000000000000000e+00,0.000000000000000000e+00
1.235810505156354055e-07,5.527125871161716985e-08
3.091503023448838334e-07,2.653459531782478275e-07
0.000000000000000000e+00,0.000000000000000000e+00
0.000000000000000000e+00,0.000000000000000000e+00
0.000000000000000000e+00,0.000000000000000000e+00
0.000000000000000000e+00,0.000000000000000000e+00
0.000000000000000000e+00,0.000000000000000000e+00
1.974313094225842597e-07,1.140873537261033151e-07
0.000000000000000000e+00,0.000000000000000000e+00
4.640013702913562711e-07,3.774927787398505557e-07
0.000000000000000000e+00,0.000000000000000000e+00
0.000000000000000000e+00,0.000000000000000000e+00
0.000000000000000000e+00,0.000000000000000000e+00
0.000000000000000000e+00,0.000000000000000000e+00
4.573186027438653195e-07,4.093881413764854670e-07
0.000000000000000000e+00,0.000000000000000000e+00
0.000000000000000000e+00,0.000000000000000000e+00
0.000000000000000000e+00,0.000000000000000000e+00
0.000000000000000000e+00,0.000000000000000000e+00
0.000000000000000000e+00,0.000000000000000000e+00
0.000000000000000000e+00,0.000000000000000000e+00
0.000000000000000000e+00,0.000000000000000000e+00
0.000000000000000000e+00,0.000000000000000000e+00
0.000000000000000000e+00,0.000000000000000000e+00
0.000000000000000000e+00,0.000000000000000000e+00
0.000000000000000000e+00,0.000000000000000000e+00
7.814387045234193761e-09,5.876558379058171785e-09
2.809328681547767515e-08,1.973431766704280854e-08
0.000000000000000000e+00,0.000000000000000000e+00
0.000000000000000000e+00,0.000000000000000000e+00
7.057340434683115022e-07,6.053871588060646740e-07
9.456540365139284828e-07,9.579995972523113117e-07
1.465123572240266103e-06,1.180603322359659881e-06
0.000000000000000000e+00,0.000000000000000000e+00
0.000000000000000000e+00,0.000000000000000000e+00
6.252459921656021244e-08,6.631390277895841404e-08
0.000000000000000000e+00,0.000000000000000000e+00
0.000000000000000000e+00,0.000000000000000000e+00
4.076749356219694161e-07,2.935715475164395360e-07
7.807966298395422687e-07,4.032913968305360162e-07
1.489341460180419364e-07,9.436876841881313294e-08
0.000000000000000000e+00,0.000000000000000000e+00
0.000000000000000000e+00,0.000000000000000000e+00
0.000000000000000000e+00,0.000000000000000000e+00
0.000000000000000000e+00,0.000000000000000000e+00
0.000000000000000000e+00,0.000000000000000000e+00
0.000000000000000000e+00,0.000000000000000000e+00
0.000000000000000000e+00,0.000000000000000000e+00
0.000000000000000000e+00,0.000000000000000000e+00
5.779159911343976510e-07,1.616295764145469995e-07
0.000000000000000000e+00,0.000000000000000000e+00
0.000000000000000000e+00,0.000000000000000000e+00
0.000000000000000000e+00,0.000000000000000000e+00
0.000000000000000000e+00,0.000000000000000000e+00
0.000000000000000000e+00,0.000000000000000000e+00
0.000000000000000000e+00,0.000000000000000000e+00
0.000000000000000000e+00,0.000000000000000000e+00
0.000000000000000000e+00,0.000000000000000000e+00
3.222997818113364581e-07,2.615122414269754850e-07
0.000000000000000000e+00,0.000000000000000000e+00
0.000000000000000000e+00,0.000000000000000000e+00
2.602889931374968037e-07,2.255280550615427609e-07
0.000000000000000000e+00,0.000000000000000000e+00
0.000000000000000000e+00,0.000000000000000000e+00
1.244287976856152683e-07,1.188654351988073568e-07
6.921230873200570184e-07,6.904232955269441720e-07
0.000000000000000000e+00,0.000000000000000000e+00
0.000000000000000000e+00,0.000000000000000000e+00
0.000000000000000000e+00,0.000000000000000000e+00
0.000000000000000000e+00,0.000000000000000000e+00
0.000000000000000000e+00,0.000000000000000000e+00
0.000000000000000000e+00,0.000000000000000000e+00
0.000000000000000000e+00,0.000000000000000000e+00
0.000000000000000000e+00,0.000000000000000000e+00
0.000000000000000000e+00,0.000000000000000000e+00
1.983531878137738738e-07,1.355519096973749666e-07
0.000000000000000000e+00,0.000000000000000000e+00
0.000000000000000000e+00,0.000000000000000000e+00
0.000000000000000000e+00,0.000000000000000000e+00
1.076827090379721926e-06,8.011535341520468135e-07
0.000000000000000000e+00,0.000000000000000000e+00
0.000000000000000000e+00,0.000000000000000000e+00
0.000000000000000000e+00,0.000000000000000000e+00
5.235563978712486306e-07,4.496554481419638032e-07
0.000000000000000000e+00,0.000000000000000000e+00
4.517151042083501720e-08,2.662521120909015213e-08
6.624921812720292058e-07,4.177047672684211633e-07
0.000000000000000000e+00,0.000000000000000000e+00
0.000000000000000000e+00,0.000000000000000000e+00
0.000000000000000000e+00,0.000000000000000000e+00
0.000000000000000000e+00,0.000000000000000000e+00
2.453562417034234254e-07,2.230976692484210726e-07
0.000000000000000000e+00,0.000000000000000000e+00
0.000000000000000000e+00,0.000000000000000000e+00
0.000000000000000000e+00,0.000000000000000000e+00
5.194019385449452057e-07,3.957061477795556428e-07
1.198085691023599439e-07,1.066854467020451483e-07
0.000000000000000000e+00,0.000000000000000000e+00
0.000000000000000000e+00,0.000000000000000000e+00
0.000000000000000000e+00,0.000000000000000000e+00
5.633229083293084551e-08,2.833799438930398913e-08
0.000000000000000000e+00,0.000000000000000000e+00
1.238506489989470180e-07,6.778534987827390784e-08
0.000000000000000000e+00,0.000000000000000000e+00
7.379523600581693507e-08,5.862648425396969404e-08
0.000000000000000000e+00,0.000000000000000000e+00
5.137029928345828086e-08,4.388098597427553973e-08
0.000000000000000000e+00,0.000000000000000000e+00
0.000000000000000000e+00,0.000000000000000000e+00
0.000000000000000000e+00,0.000000000000000000e+00
1.434861221443024232e-07,6.890972456577554231e-08
0.000000000000000000e+00,0.000000000000000000e+00
0.000000000000000000e+00,0.000000000000000000e+00
0.000000000000000000e+00,0.000000000000000000e+00
0.000000000000000000e+00,0.000000000000000000e+00
2.796543259940590850e-07,2.712282279379146605e-07
0.000000000000000000e+00,0.000000000000000000e+00
0.000000000000000000e+00,0.000000000000000000e+00
6.508333921517580040e-07,3.762370601047740732e-07
0.000000000000000000e+00,0.000000000000000000e+00
0.000000000000000000e+00,0.000000000000000000e+00
0.000000000000000000e+00,0.000000000000000000e+00
0.000000000000000000e+00,0.000000000000000000e+00
0.000000000000000000e+00,0.000000000000000000e+00
1.387664462412473082e-07,7.822490066391341904e-08
0.000000000000000000e+00,0.000000000000000000e+00
3.572591836567596070e-08,1.997261583808402028e-08
0.000000000000000000e+00,0.000000000000000000e+00
0.000000000000000000e+00,0.000000000000000000e+00
0.000000000000000000e+00,0.000000000000000000e+00
0.000000000000000000e+00,0.000000000000000000e+00
0.000000000000000000e+00,0.000000000000000000e+00
2.488188180100461559e-07,2.085650093300926518e-07
0.000000000000000000e+00,0.000000000000000000e+00
0.000000000000000000e+00,0.000000000000000000e+00
0.000000000000000000e+00,0.000000000000000000e+00
0.000000000000000000e+00,0.000000000000000000e+00
2.353461141563371740e-07,9.735511482773980371e-08
1.014329721139538671e-07,1.087621247428665075e-07
4.452627668899839032e-07,4.533225848705952220e-07
1.614503503776499362e-07,9.850835673324548460e-08
0.000000000000000000e+00,0.000000000000000000e+00
0.000000000000000000e+00,0.000000000000000000e+00
0.000000000000000000e+00,0.000000000000000000e+00
0.000000000000000000e+00,0.000000000000000000e+00
1.130656912521262047e-07,7.961498678596511833e-08
0.000000000000000000e+00,0.000000000000000000e+00
0.000000000000000000e+00,0.000000000000000000e+00
0.000000000000000000e+00,0.000000000000000000e+00
0.000000000000000000e+00,0.000000000000000000e+00
1.776685643773849493e-07,1.674398475947900528e-07
5.315465626273545696e-07,5.128617412741586415e-07
0.000000000000000000e+00,0.000000000000000000e+00
0.000000000000000000e+00,0.000000000000000000e+00
6.591276371809108366e-08,2.823258425650407425e-08
5.642939632301482305e-07,5.732011598823716314e-07
0.000000000000000000e+00,0.000000000000000000e+00
0.000000000000000000e+00,0.000000000000000000e+00
2.966441432577097562e-07,4.210369540945709427e-07
0.000000000000000000e+00,0.000000000000000000e+00
0.000000000000000000e+00,0.000000000000000000e+00
6.274504905332808272e-07,4.990085810591961753e-07
0.000000000000000000e+00,0.000000000000000000e+00
0.000000000000000000e+00,0.000000000000000000e+00
0.000000000000000000e+00,0.000000000000000000e+00
0.000000000000000000e+00,0.000000000000000000e+00
6.617461334164130514e-07,2.640675064302966156e-07
7.257245902446444400e-07,3.482346426571689698e-07
0.000000000000000000e+00,0.000000000000000000e+00
0.000000000000000000e+00,0.000000000000000000e+00
0.000000000000000000e+00,0.000000000000000000e+00
0.000000000000000000e+00,0.000000000000000000e+00
0.000000000000000000e+00,0.000000000000000000e+00
8.101110707812903888e-07,8.310992143719706856e-07
0.000000000000000000e+00,0.000000000000000000e+00
0.000000000000000000e+00,0.000000000000000000e+00
1.057219240412239695e-07,5.299880521013896560e-08
0.000000000000000000e+00,0.000000000000000000e+00
1.373416298689900438e-07,1.490718222627176870e-07
0.000000000000000000e+00,0.000000000000000000e+00
0.000000000000000000e+00,0.000000000000000000e+00
0.000000000000000000e+00,0.000000000000000000e+00
0.000000000000000000e+00,0.000000000000000000e+00
5.154778910244431807e-07,4.167870542935881534e-07
0.000000000000000000e+00,0.000000000000000000e+00
0.000000000000000000e+00,0.000000000000000000e+00
0.000000000000000000e+00,0.000000000000000000e+00
0.000000000000000000e+00,0.000000000000000000e+00
0.000000000000000000e+00,0.000000000000000000e+00
1.816346756799994104e-07,1.835065273491638237e-07
6.786882822217572617e-07,2.495168704356231173e-07
0.000000000000000000e+00,0.000000000000000000e+00
8.313365067704797600e-08,8.069184625401204136e-08
4.383367003033613956e-07,2.535375115948062323e-07
0.000000000000000000e+00,0.000000000000000000e+00
0.000000000000000000e+00,0.000000000000000000e+00
0.000000000000000000e+00,0.000000000000000000e+00
1.981063117786686836e-07,3.866106629776953083e-07
7.780909136626461345e-07,5.357019561562848984e-07
0.000000000000000000e+00,0.000000000000000000e+00
0.000000000000000000e+00,0.000000000000000000e+00
3.769138012455565741e-07,4.033890870616641420e-07
0.000000000000000000e+00,0.000000000000000000e+00
0.000000000000000000e+00,0.000000000000000000e+00
0.000000000000000000e+00,0.000000000000000000e+00
0.000000000000000000e+00,0.000000000000000000e+00
0.000000000000000000e+00,0.000000000000000000e+00
0.000000000000000000e+00,0.000000000000000000e+00
0.000000000000000000e+00,0.000000000000000000e+00
0.000000000000000000e+00,0.000000000000000000e+00
1.805547788560991709e-07,1.711205260128594311e-07
0.000000000000000000e+00,0.000000000000000000e+00
0.000000000000000000e+00,0.000000000000000000e+00
4.832044464608814462e-07,4.351294905818529336e-07
0.000000000000000000e+00,0.000000000000000000e+00
0.000000000000000000e+00,0.000000000000000000e+00
0.000000000000000000e+00,0.000000000000000000e+00
0.000000000000000000e+00,0.000000000000000000e+00
0.000000000000000000e+00,0.000000000000000000e+00
3.010601282228203796e-08,3.192566861240677055e-08
0.000000000000000000e+00,0.000000000000000000e+00
1.688173349491265591e-07,6.900384349522192860e-08
0.000000000000000000e+00,0.000000000000000000e+00
0.000000000000000000e+00,0.000000000000000000e+00
2.724676327288302309e-07,2.490685670659387978e-07
1.106811134537419807e-07,1.159042682437117172e-07
5.451933557273760117e-07,3.280502850598081006e-07
0.000000000000000000e+00,0.000000000000000000e+00
0.000000000000000000e+00,0.000000000000000000e+00
0.000000000000000000e+00,0.000000000000000000e+00
0.000000000000000000e+00,0.000000000000000000e+00
0.000000000000000000e+00,0.000000000000000000e+00
0.000000000000000000e+00,0.000000000000000000e+00
1.287579265007769436e-06,1.354193813375829147e-06
6.883440518456005740e-07,4.607778531968610130e-07
0.000000000000000000e+00,0.000000000000000000e+00
0.000000000000000000e+00,0.000000000000000000e+00
2.117609618742281347e-07,1.547644536193669263e-07
0.000000000000000000e+00,0.000000000000000000e+00
2.968599851738786301e-07,2.578101756064570117e-07
2.089099124247667283e-07,1.180995244903076942e-07
0.000000000000000000e+00,0.000000000000000000e+00
0.000000000000000000e+00,0.000000000000000000e+00
6.424047749561639723e-07,5.783834356219593407e-07
0.000000000000000000e+00,0.000000000000000000e+00
0.000000000000000000e+00,0.000000000000000000e+00
0.000000000000000000e+00,0.000000000000000000e+00
0.000000000000000000e+00,0.000000000000000000e+00
0.000000000000000000e+00,0.000000000000000000e+00
2.008530834272639479e-08,1.914728916117057590e-08
0.000000000000000000e+00,0.000000000000000000e+00
0.000000000000000000e+00,0.000000000000000000e+00
0.000000000000000000e+00,0.000000000000000000e+00
0.000000000000000000e+00,0.000000000000000000e+00
0.000000000000000000e+00,0.000000000000000000e+00
0.000000000000000000e+00,0.000000000000000000e+00
7.637936401435910447e-07,7.880372005722253515e-07
0.000000000000000000e+00,0.000000000000000000e+00
0.000000000000000000e+00,0.000000000000000000e+00
0.000000000000000000e+00,0.000000000000000000e+00
2.838310994283088114e-07,8.422754007938262137e-08
1.379252826660086158e-07,1.258383820155211385e-07
6.917843614093376799e-07,4.905199482780873199e-07
0.000000000000000000e+00,0.000000000000000000e+00
0.000000000000000000e+00,0.000000000000000000e+00
0.000000000000000000e+00,0.000000000000000000e+00
0.000000000000000000e+00,0.000000000000000000e+00
6.476301361209626576e-07,5.883705986012555569e-07
0.000000000000000000e+00,0.000000000000000000e+00
0.000000000000000000e+00,0.000000000000000000e+00
3.439464499187715978e-07,3.551111559040598796e-07
0.000000000000000000e+00,0.000000000000000000e+00
0.000000000000000000e+00,0.000000000000000000e+00
0.000000000000000000e+00,0.000000000000000000e+00
7.199983606357246654e-07,2.938988364242328691e-07
0.000000000000000000e+00,0.000000000000000000e+00
0.000000000000000000e+00,0.000000000000000000e+00
0.000000000000000000e+00,0.000000000000000000e+00
0.000000000000000000e+00,0.000000000000000000e+00
0.000000000000000000e+00,0.000000000000000000e+00
0.000000000000000000e+00,0.000000000000000000e+00
0.000000000000000000e+00,0.000000000000000000e+00
0.000000000000000000e+00,0.000000000000000000e+00
3.090354040347187396e-07,2.445831473611207091e-07
6.452184118610054535e-07,4.536675902263128615e-07
0.000000000000000000e+00,0.000000000000000000e+00
1.933993646196160032e-07,2.951442017982777575e-07
0.000000000000000000e+00,0.000000000000000000e+00
0.000000000000000000e+00,0.000000000000000000e+00
4.066002043680582621e-07,3.208976674240845439e-07
0.000000000000000000e+00,0.000000000000000000e+00
0.000000000000000000e+00,0.000000000000000000e+00
1.892935159900859215e-07,1.195264367833266210e-07
0.000000000000000000e+00,0.000000000000000000e+00
1.773125789519434346e-06,1.461541703905313347e-06
0.000000000000000000e+00,0.000000000000000000e+00
0.000000000000000000e+00,0.000000000000000000e+00
0.000000000000000000e+00,0.000000000000000000e+00
0.000000000000000000e+00,0.000000000000000000e+00
0.000000000000000000e+00,0.000000000000000000e+00
0.000000000000000000e+00,0.000000000000000000e+00
1.143413596420623341e-06,1.169776449533590754e-06
0.000000000000000000e+00,0.000000000000000000e+00
0.000000000000000000e+00,0.000000000000000000e+00
7.435876761535707430e-08,5.671780028340842410e-08
0.000000000000000000e+00,0.000000000000000000e+00
0.000000000000000000e+00,0.000000000000000000e+00
7.776694545985073720e-07,8.202013870677861951e-07
0.000000000000000000e+00,0.000000000000000000e+00
6.117542865922446874e-08,1.349979438826465606e-07
0.000000000000000000e+00,0.000000000000000000e+00
0.000000000000000000e+00,0.000000000000000000e+00
3.634055700017719734e-08,2.292815581565616187e-08
0.000000000000000000e+00,0.000000000000000000e+00
1.925447380400484164e-07,1.971795627063445818e-07
1.305532971539958194e-06,9.631703225606685430e-07
1.559050220414096334e-07,9.216082862626659309e-08
0.000000000000000000e+00,0.000000000000000000e+00
0.000000000000000000e+00,0.000000000000000000e+00
0.000000000000000000e+00,0.000000000000000000e+00
1.903467451389126409e-07,1.963575544762618378e-07
2.357925582967952730e-07,2.138749650873848751e-07
0.000000000000000000e+00,0.000000000000000000e+00
0.000000000000000000e+00,0.000000000000000000e+00
0.000000000000000000e+00,0.000000000000000000e+00
3.257979299291529212e-07,2.753875199122863865e-07
0.000000000000000000e+00,0.000000000000000000e+00
4.038307044175497582e-07,3.758545967529317855e-07
0.000000000000000000e+00,0.000000000000000000e+00
2.316929455382372606e-08,2.869728958404347933e-08
0.000000000000000000e+00,0.000000000000000000e+00
1.833126873387476112e-07,1.920768032655359153e-07
0.000000000000000000e+00,0.000000000000000000e+00
0.000000000000000000e+00,0.000000000000000000e+00
0.000000000000000000e+00,0.000000000000000000e+00
5.618459522666345354e-07,5.335772956712244551e-07
0.000000000000000000e+00,0.000000000000000000e+00
1.323571944594226114e-07,1.174694061081701655e-07
0.000000000000000000e+00,0.000000000000000000e+00
0.000000000000000000e+00,0.000000000000000000e+00
0.000000000000000000e+00,0.000000000000000000e+00
0.000000000000000000e+00,0.000000000000000000e+00
0.000000000000000000e+00,0.000000000000000000e+00
0.000000000000000000e+00,0.000000000000000000e+00
0.000000000000000000e+00,0.000000000000000000e+00
6.417616958943206841e-07,6.556229228607097257e-07
2.355648646413570572e-07,1.992629138972886340e-07
0.000000000000000000e+00,0.000000000000000000e+00
1.558396051007186969e-07,1.071086546919568437e-07
1.431553714165163911e-07,7.861760675863645298e-08
1.171237854478856361e-07,7.474254256781826640e-08
0.000000000000000000e+00,0.000000000000000000e+00
0.000000000000000000e+00,0.000000000000000000e+00
0.000000000000000000e+00,0.000000000000000000e+00
0.000000000000000000e+00,0.000000000000000000e+00
0.000000000000000000e+00,0.000000000000000000e+00
0.000000000000000000e+00,0.000000000000000000e+00
0.000000000000000000e+00,0.000000000000000000e+00
0.000000000000000000e+00,0.000000000000000000e+00
0.000000000000000000e+00,0.000000000000000000e+00
0.000000000000000000e+00,0.000000000000000000e+00
0.000000000000000000e+00,0.000000000000000000e+00
0.000000000000000000e+00,0.000000000000000000e+00
1.605388084183587816e-07,9.851891591234259512e-08
7.298435856289895247e-07,5.026609294589632251e-07
2.769938053433588137e-07,2.441882510674894410e-07
8.196099039949195105e-08,7.353165245027967852e-08
0.000000000000000000e+00,0.000000000000000000e+00
0.000000000000000000e+00,0.000000000000000000e+00
2.996352338927179150e-08,2.761869613485133747e-08
3.615939753084191788e-08,2.070992980309843886e-08
5.317149553364402054e-08,3.403258082452306938e-08
0.000000000000000000e+00,0.000000000000000000e+00
0.000000000000000000e+00,0.000000000000000000e+00
0.000000000000000000e+00,0.000000000000000000e+00
3.835492436779486508e-08,3.653072063388877405e-08
1.239655113716466767e-07,7.702086542951812418e-08
0.000000000000000000e+00,0.000000000000000000e+00
0.000000000000000000e+00,0.000000000000000000e+00
0.000000000000000000e+00,0.000000000000000000e+00
0.000000000000000000e+00,0.000000000000000000e+00
0.000000000000000000e+00,0.000000000000000000e+00
0.000000000000000000e+00,0.000000000000000000e+00
8.398269177137724401e-07,8.501694523526269821e-07
0.000000000000000000e+00,0.000000000000000000e+00
0.000000000000000000e+00,0.000000000000000000e+00
0.000000000000000000e+00,0.000000000000000000e+00
0.000000000000000000e+00,0.000000000000000000e+00
0.000000000000000000e+00,0.000000000000000000e+00
0.000000000000000000e+00,0.000000000000000000e+00
3.255799583174040912e-07,3.139043393028788535e-07
0.000000000000000000e+00,0.000000000000000000e+00
0.000000000000000000e+00,0.000000000000000000e+00
0.000000000000000000e+00,0.000000000000000000e+00
0.000000000000000000e+00,0.000000000000000000e+00
0.000000000000000000e+00,0.000000000000000000e+00
9.265656233987098125e-07,5.386051041002670002e-07
0.000000000000000000e+00,0.000000000000000000e+00
0.000000000000000000e+00,0.000000000000000000e+00
4.670037941070962365e-07,2.668604664647672875e-07
7.102188236915341970e-07,4.353041674664005491e-07
5.326723998502151822e-07,5.616466548998595223e-07
1.168995593803009416e-07,1.239180029440292499e-07
0.000000000000000000e+00,0.000000000000000000e+00
0.000000000000000000e+00,0.000000000000000000e+00
0.000000000000000000e+00,0.000000000000000000e+00
3.433768007192061801e-07,2.990763097529262170e-07
2.846370594796941458e-07,2.204286864812195812e-07
0.000000000000000000e+00,0.000000000000000000e+00
0.000000000000000000e+00,0.000000000000000000e+00
3.315232414564951695e-07,2.908283128749984635e-07
5.402825646685386485e-07,2.076960597820033275e-07
2.138989763449901343e-07,1.965537901059886043e-07
9.450931496394898796e-08,5.981324783887013405e-08
0.000000000000000000e+00,0.000000000000000000e+00
3.919002009929842874e-07,4.359084090530650684e-07
0.000000000000000000e+00,0.000000000000000000e+00
0.000000000000000000e+00,0.000000000000000000e+00
0.000000000000000000e+00,0.000000000000000000e+00
0.000000000000000000e+00,0.000000000000000000e+00
1.492648469921764143e-07,1.285652541918421977e-07
0.000000000000000000e+00,0.000000000000000000e+00
4.527541186374386514e-07,4.354937351378731278e-07
0.000000000000000000e+00,0.000000000000000000e+00
0.000000000000000000e+00,0.000000000000000000e+00
1.158871967372867068e-07,9.817785027111942334e-08
0.000000000000000000e+00,0.000000000000000000e+00
0.000000000000000000e+00,0.000000000000000000e+00
4.194385328966402501e-07,4.960032751654800784e-07
0.000000000000000000e+00,0.000000000000000000e+00
6.556689936731562415e-07,5.802666630144004723e-07
0.000000000000000000e+00,0.000000000000000000e+00
1.285819428299840344e-07,7.134211342298180142e-08
0.000000000000000000e+00,0.000000000000000000e+00
5.589281193745238716e-07,4.004602031047899622e-07
0.000000000000000000e+00,0.000000000000000000e+00
0.000000000000000000e+00,0.000000000000000000e+00
0.000000000000000000e+00,0.000000000000000000e+00
0.000000000000000000e+00,0.000000000000000000e+00
0.000000000000000000e+00,0.000000000000000000e+00
1.268451397966125401e-07,1.179063553938009310e-07
4.926690868429126053e-07,3.645422185709169415e-07
1.020811732413774354e-07,1.051397583974499572e-07
0.000000000000000000e+00,0.000000000000000000e+00
0.000000000000000000e+00,0.000000000000000000e+00
0.000000000000000000e+00,0.000000000000000000e+00
4.722076370559656066e-08,2.684386390739426013e-08
6.298274797506419043e-07,4.715762932335848905e-07
0.000000000000000000e+00,0.000000000000000000e+00
1.474891169510985436e-07,1.002892564414232608e-07
0.000000000000000000e+00,0.000000000000000000e+00
0.000000000000000000e+00,0.000000000000000000e+00
4.414770525411563334e-07,1.991784753206866087e-07
0.000000000000000000e+00,0.000000000000000000e+00
0.000000000000000000e+00,0.000000000000000000e+00
0.000000000000000000e+00,0.000000000000000000e+00
8.432191735564993961e-08,2.808586978268627832e-08
2.145731500209381647e-07,2.039900467789986227e-07
7.277950564423941955e-07,5.648276554933247201e-07
0.000000000000000000e+00,0.000000000000000000e+00
5.089693565600853202e-07,5.104230221780181528e-07
0.000000000000000000e+00,0.000000000000000000e+00
1.037219399670604835e-06,7.480127680101107359e-07
0.000000000000000000e+00,0.000000000000000000e+00
3.375469895204409564e-07,3.360570966755086236e-07
9.117394308639234001e-07,9.890070790223474078e-07
1.233735595657490469e-07,1.802036197533633699e-07
2.907071363527681798e-07,2.422501032816681459e-07
3.917788550496173973e-07,4.353411207791820800e-07
0.000000000000000000e+00,0.000000000000000000e+00
1.983661275930870186e-07,1.613862333365069049e-07
0.000000000000000000e+00,0.000000000000000000e+00
4.622574224914033356e-07,1.903268581426238530e-07
0.000000000000000000e+00,0.000000000000000000e+00
0.000000000000000000e+00,0.000000000000000000e+00
0.000000000000000000e+00,0.000000000000000000e+00
0.000000000000000000e+00,0.000000000000000000e+00
0.000000000000000000e+00,0.000000000000000000e+00
0.000000000000000000e+00,0.000000000000000000e+00
6.903572045387730586e-07,4.669167427266294259e-07
4.540153692905690752e-08,3.556437520526594479e-08
4.864188528945102048e-07,3.650997863971954259e-07
0.000000000000000000e+00,0.000000000000000000e+00
0.000000000000000000e+00,0.000000000000000000e+00
5.065105528063375582e-07,4.345334656210990681e-07
0.000000000000000000e+00,0.000000000000000000e+00
0.000000000000000000e+00,0.000000000000000000e+00
3.421330383233167270e-07,3.122929471543443805e-07
0.000000000000000000e+00,0.000000000000000000e+00
0.000000000000000000e+00,0.000000000000000000e+00
3.187557621407673559e-07,2.291650167262266527e-07
0.000000000000000000e+00,0.000000000000000000e+00
2.095057222187259240e-07,1.714813109785306152e-07
0.000000000000000000e+00,0.000000000000000000e+00
1.047869742937027408e-07,6.026940855439368456e-08
0.000000000000000000e+00,0.000000000000000000e+00
7.060745470969559166e-08,4.858609026211863827e-08
0.000000000000000000e+00,0.000000000000000000e+00
0.000000000000000000e+00,0.000000000000000000e+00
0.000000000000000000e+00,0.000000000000000000e+00
0.000000000000000000e+00,0.000000000000000000e+00
1.116002927063389422e-07,1.139020830319249958e-07
2.090491412883945916e-07,1.899621758462494584e-07
7.478199644802335456e-07,3.098476822935040043e-07
0.000000000000000000e+00,0.000000000000000000e+00
0.000000000000000000e+00,0.000000000000000000e+00
0.000000000000000000e+00,0.000000000000000000e+00
1.093474425507981376e-07,7.518362104168067325e-08
0.000000000000000000e+00,0.000000000000000000e+00
4.671887016167905881e-07,4.787510252539584585e-07
0.000000000000000000e+00,0.000000000000000000e+00
0.000000000000000000e+00,0.000000000000000000e+00
0.000000000000000000e+00,0.000000000000000000e+00
0.000000000000000000e+00,0.000000000000000000e+00
0.000000000000000000e+00,0.000000000000000000e+00
0.000000000000000000e+00,0.000000000000000000e+00
0.000000000000000000e+00,0.000000000000000000e+00
0.000000000000000000e+00,0.000000000000000000e+00
0.000000000000000000e+00,0.000000000000000000e+00
0.000000000000000000e+00,0.000000000000000000e+00
0.000000000000000000e+00,0.000000000000000000e+00
0.000000000000000000e+00,0.000000000000000000e+00
0.000000000000000000e+00,0.000000000000000000e+00
6.657734541079130508e-07,5.419028981709047583e-07
2.372440830597048445e-08,1.821013156930585322e-08
0.000000000000000000e+00,0.000000000000000000e+00
0.000000000000000000e+00,0.000000000000000000e+00
3.764635474395372282e-07,3.740147063837154773e-07
0.000000000000000000e+00,0.000000000000000000e+00
0.000000000000000000e+00,0.000000000000000000e+00
0.000000000000000000e+00,0.000000000000000000e+00
0.000000000000000000e+00,0.000000000000000000e+00
4.352242205299381537e-08,2.671662333258021008e-08
2.857004149403617276e-07,2.688168984479860559e-07
0.000000000000000000e+00,0.000000000000000000e+00
0.000000000000000000e+00,0.000000000000000000e+00
0.000000000000000000e+00,0.000000000000000000e+00
0.000000000000000000e+00,0.000000000000000000e+00
0.000000000000000000e+00,0.000000000000000000e+00
0.000000000000000000e+00,0.000000000000000000e+00
0.000000000000000000e+00,0.000000000000000000e+00
0.000000000000000000e+00,0.000000000000000000e+00
4.154596213116967864e-07,3.276483447654084855e-07
5.143392895571382506e-07,1.756599634171006994e-07
7.174573143488844976e-08,1.147197671987591657e-07
0.000000000000000000e+00,0.000000000000000000e+00
0.000000000000000000e+00,0.000000000000000000e+00
0.000000000000000000e+00,0.000000000000000000e+00
0.000000000000000000e+00,0.000000000000000000e+00
5.883830969208357876e-08,5.905118583835479022e-08
8.717900544953467573e-07,6.684808699211020512e-07
0.000000000000000000e+00,0.000000000000000000e+00
0.000000000000000000e+00,0.000000000000000000e+00
0.000000000000000000e+00,0.000000000000000000e+00
3.744865525839452547e-07,3.217053440980251493e-07
2.847449007605160831e-07,2.183221349541304671e-07
0.000000000000000000e+00,0.000000000000000000e+00
0.000000000000000000e+00,0.000000000000000000e+00
0.000000000000000000e+00,0.000000000000000000e+00
0.000000000000000000e+00,0.000000000000000000e+00
0.000000000000000000e+00,0.000000000000000000e+00
0.000000000000000000e+00,0.000000000000000000e+00
1.490530079751651071e-07,1.697574021804999468e-07
5.318858701682790105e-07,4.936778337955721868e-07
5.404429909419203251e-08,2.311408980276335554e-08
0.000000000000000000e+00,0.000000000000000000e+00
0.000000000000000000e+00,0.000000000000000000e+00
0.000000000000000000e+00,0.000000000000000000e+00
1.327992480531677570e-06,2.654726358496846524e-06
0.000000000000000000e+00,0.000000000000000000e+00
0.000000000000000000e+00,0.000000000000000000e+00
0.000000000000000000e+00,0.000000000000000000e+00
3.640959655145660159e-07,1.273875074462482577e-07
4.659683479616757551e-07,2.813598913983618197e-07
1.417412287323138009e-07,1.337834785584861324e-07
0.000000000000000000e+00,0.000000000000000000e+00
3.426336513669936481e-07,2.441370648272400156e-07
0.000000000000000000e+00,0.000000000000000000e+00
0.000000000000000000e+00,0.000000000000000000e+00
0.000000000000000000e+00,0.000000000000000000e+00
0.000000000000000000e+00,0.000000000000000000e+00
0.000000000000000000e+00,0.000000000000000000e+00
8.413928960763798351e-08,4.562049213607792636e-08
0.000000000000000000e+00,0.000000000000000000e+00
0.000000000000000000e+00,0.000000000000000000e+00
0.000000000000000000e+00,0.000000000000000000e+00
0.000000000000000000e+00,0.000000000000000000e+00
3.709216936220088005e-08,1.114173669159952781e-08
0.000000000000000000e+00,0.000000000000000000e+00
0.000000000000000000e+00,0.000000000000000000e+00
0.000000000000000000e+00,0.000000000000000000e+00
0.000000000000000000e+00,0.000000000000000000e+00
0.000000000000000000e+00,0.000000000000000000e+00
5.300373807925139616e-07,4.492321362295010616e-07
0.000000000000000000e+00,0.000000000000000000e+00
0.000000000000000000e+00,0.000000000000000000e+00
0.000000000000000000e+00,0.000000000000000000e+00
7.735575337182582346e-08,5.164350641318241734e-08
0.000000000000000000e+00,0.000000000000000000e+00
3.733722225656945813e-07,3.650412848673476469e-07
0.000000000000000000e+00,0.000000000000000000e+00
7.226587690929557467e-07,6.859847896250971466e-07
6.903022270169953843e-08,5.392176260722800855e-08
0.000000000000000000e+00,0.000000000000000000e+00
0.000000000000000000e+00,0.000000000000000000e+00
4.712701025613273016e-08,4.821843624754803448e-08
8.061006500870281096e-07,5.446096464974899692e-07
3.642717760779405332e-07,3.343876567442203917e-07
9.311829822621254581e-08,8.133094267331058286e-08
0.000000000000000000e+00,0.000000000000000000e+00
0.000000000000000000e+00,0.000000000000000000e+00
0.000000000000000000e+00,0.000000000000000000e+00
0.000000000000000000e+00,0.000000000000000000e+00
0.000000000000000000e+00,0.000000000000000000e+00
0.000000000000000000e+00,0.000000000000000000e+00
0.000000000000000000e+00,0.000000000000000000e+00
0.000000000000000000e+00,0.000000000000000000e+00
2.338848473797937781e-07,1.203716795469380822e-07
1.135292118686526243e-07,1.128583405399956333e-07
0.000000000000000000e+00,0.000000000000000000e+00
0.000000000000000000e+00,0.000000000000000000e+00
0.000000000000000000e+00,0.000000000000000000e+00
0.000000000000000000e+00,0.000000000000000000e+00
4.340768698110998420e-08,2.855152857001846989e-08
5.836661009984293652e-07,5.045674248562470747e-07
3.028865570252987420e-08,2.753488405746654083e-08
3.676646545430051807e-07,2.130063047649764842e-07
0.000000000000000000e+00,0.000000000000000000e+00
4.921034991682466899e-07,4.607955174738960748e-07
0.000000000000000000e+00,0.000000000000000000e+00
0.000000000000000000e+00,0.000000000000000000e+00
0.000000000000000000e+00,0.000000000000000000e+00
0.000000000000000000e+00,0.000000000000000000e+00
0.000000000000000000e+00,0.000000000000000000e+00
0.000000000000000000e+00,0.000000000000000000e+00
0.000000000000000000e+00,0.000000000000000000e+00
0.000000000000000000e+00,0.000000000000000000e+00
0.000000000000000000e+00,0.000000000000000000e+00
0.000000000000000000e+00,0.000000000000000000e+00
5.654351811227245410e-07,4.109418791324589983e-07
1.168880057024158349e-07,1.050130959947812244e-07
0.000000000000000000e+00,0.000000000000000000e+00
0.000000000000000000e+00,0.000000000000000000e+00
0.000000000000000000e+00,0.000000000000000000e+00
0.000000000000000000e+00,0.000000000000000000e+00
6.786444491046512775e-07,6.863824453963686022e-07
0.000000000000000000e+00,0.000000000000000000e+00
5.922536145305157468e-08,5.498015965685437796e-08
4.241179593704915989e-07,4.150915883007902767e-07
0.000000000000000000e+00,0.000000000000000000e+00
0.000000000000000000e+00,0.000000000000000000e+00
0.000000000000000000e+00,0.000000000000000000e+00
0.000000000000000000e+00,0.000000000000000000e+00
2.137380887602548713e-08,1.907748813528974619e-08
0.000000000000000000e+00,0.000000000000000000e+00
0.000000000000000000e+00,0.000000000000000000e+00
2.057691630005804923e-08,1.373257016161571758e-08
0.000000000000000000e+00,0.000000000000000000e+00
0.000000000000000000e+00,0.000000000000000000e+00
2.606617309340677349e-07,2.534908344053099073e-07
7.668311147748973014e-07,7.087794685687901949e-07
0.000000000000000000e+00,0.000000000000000000e+00
0.000000000000000000e+00,0.000000000000000000e+00
9.739526565414578796e-07,9.060813614548616011e-07
0.000000000000000000e+00,0.000000000000000000e+00
0.000000000000000000e+00,0.000000000000000000e+00
2.579775557628916153e-07,1.429102159829810599e-07
0.000000000000000000e+00,0.000000000000000000e+00
0.000000000000000000e+00,0.000000000000000000e+00
0.000000000000000000e+00,0.000000000000000000e+00
0.000000000000000000e+00,0.000000000000000000e+00
0.000000000000000000e+00,0.000000000000000000e+00
0.000000000000000000e+00,0.000000000000000000e+00
4.773668078573898874e-07,4.860539569064312834e-07
9.214858448467209349e-08,6.259076836318416961e-08
0.000000000000000000e+00,0.000000000000000000e+00
0.000000000000000000e+00,0.000000000000000000e+00
0.000000000000000000e+00,0.000000000000000000e+00
0.000000000000000000e+00,0.000000000000000000e+00
0.000000000000000000e+00,0.000000000000000000e+00
2.010628073549738991e-07,1.719777706248551920e-07
3.906922178342217411e-07,3.466067646881396966e-07
5.327621773757207568e-07,5.033100144414465957e-07
0.000000000000000000e+00,0.000000000000000000e+00
0.000000000000000000e+00,0.000000000000000000e+00
0.000000000000000000e+00,0.000000000000000000e+00
0.000000000000000000e+00,0.000000000000000000e+00
0.000000000000000000e+00,0.000000000000000000e+00
0.000000000000000000e+00,0.000000000000000000e+00
0.000000000000000000e+00,0.000000000000000000e+00
0.000000000000000000e+00,0.000000000000000000e+00
0.000000000000000000e+00,0.000000000000000000e+00
1.847208140839144699e-06,1.352935221339442278e-06
1.616263789366447869e-07,1.631175681948373109e-07
6.430031391607124103e-07,4.716340001401593887e-07
0.000000000000000000e+00,0.000000000000000000e+00
0.000000000000000000e+00,0.000000000000000000e+00
0.000000000000000000e+00,0.000000000000000000e+00
0.000000000000000000e+00,0.000000000000000000e+00
0.000000000000000000e+00,0.000000000000000000e+00
0.000000000000000000e+00,0.000000000000000000e+00
2.862903444440128728e-08,1.830904475860834512e-08
0.000000000000000000e+00,0.000000000000000000e+00
0.000000000000000000e+00,0.000000000000000000e+00
0.000000000000000000e+00,0.000000000000000000e+00
0.000000000000000000e+00,0.000000000000000000e+00
1.639914370832232630e-07,1.342801056999451390e-07
3.667830177071002903e-07,3.540197245399924980e-07
0.000000000000000000e+00,0.000000000000000000e+00
5.100094884360277800e-07,5.023389175043081429e-07
0.000000000000000000e+00,0.000000000000000000e+00
6.543084535372907733e-08,4.818506605880551933e-08
0.000000000000000000e+00,0.000000000000000000e+00
0.000000000000000000e+00,0.000000000000000000e+00
0.000000000000000000e+00,0.000000000000000000e+00
9.707686834651351104e-07,6.324934383028605463e-07
1.369152965721655617e-07,1.317993332736307823e-07
0.000000000000000000e+00,0.000000000000000000e+00
0.000000000000000000e+00,0.000000000000000000e+00
0.000000000000000000e+00,0.000000000000000000e+00
0.000000000000000000e+00,0.000000000000000000e+00
1.409841769150614570e-06,1.481681066639996144e-06
2.557342875101517059e-07,2.345687535967147183e-07
0.000000000000000000e+00,0.000000000000000000e+00
2.714755161233404244e-08,1.678600642923415198e-08
0.000000000000000000e+00,0.000000000000000000e+00
0.000000000000000000e+00,0.000000000000000000e+00
0.000000000000000000e+00,0.000000000000000000e+00
4.169575666469306327e-07,5.047740041412106150e-07
0.000000000000000000e+00,0.000000000000000000e+00
0.000000000000000000e+00,0.000000000000000000e+00
9.226776786405022754e-07,5.940660075569608958e-07
0.000000000000000000e+00,0.000000000000000000e+00
0.000000000000000000e+00,0.000000000000000000e+00
0.000000000000000000e+00,0.000000000000000000e+00
0.000000000000000000e+00,0.000000000000000000e+00
3.722985640661865696e-07,3.470377896294282667e-07
7.502617423203520848e-08,4.796960402474077846e-08
2.393316519520889679e-08,7.571369659041775594e-09
0.000000000000000000e+00,0.000000000000000000e+00
0.000000000000000000e+00,0.000000000000000000e+00
3.844711608238140009e-07,2.907758413611851867e-07
0.000000000000000000e+00,0.000000000000000000e+00
0.000000000000000000e+00,0.000000000000000000e+00
0.000000000000000000e+00,0.000000000000000000e+00
0.000000000000000000e+00,0.000000000000000000e+00
1.149802308842317641e-07,1.112529047907316395e-07
0.000000000000000000e+00,0.000000000000000000e+00
0.000000000000000000e+00,0.000000000000000000e+00
0.000000000000000000e+00,0.000000000000000000e+00
0.000000000000000000e+00,0.000000000000000000e+00
5.307256526907293673e-07,5.167354942224459594e-07
0.000000000000000000e+00,0.000000000000000000e+00
0.000000000000000000e+00,0.000000000000000000e+00
9.862520948400288644e-08,5.326397399880219418e-08
0.000000000000000000e+00,0.000000000000000000e+00
2.827501957831479555e-07,2.508957037817912735e-07
0.000000000000000000e+00,0.000000000000000000e+00
0.000000000000000000e+00,0.000000000000000000e+00
7.322963960806606865e-08,4.158574413733911030e-08
7.455236752038539486e-07,3.587576729891591368e-07
0.000000000000000000e+00,0.000000000000000000e+00
0.000000000000000000e+00,0.000000000000000000e+00
0.000000000000000000e+00,0.000000000000000000e+00
7.966548440130127808e-07,5.907547429223673846e-07
0.000000000000000000e+00,0.000000000000000000e+00
7.615031964057035652e-07,5.342025014076297079e-07
0.000000000000000000e+00,0.000000000000000000e+00
0.000000000000000000e+00,0.000000000000000000e+00
0.000000000000000000e+00,0.000000000000000000e+00
0.000000000000000000e+00,0.000000000000000000e+00
0.000000000000000000e+00,0.000000000000000000e+00
0.000000000000000000e+00,0.000000000000000000e+00
0.000000000000000000e+00,0.000000000000000000e+00
0.000000000000000000e+00,0.000000000000000000e+00
4.920552324269391641e-07,2.879518499486758601e-07
2.925333882528113241e-07,2.705817750655982664e-07
0.000000000000000000e+00,0.000000000000000000e+00
0.000000000000000000e+00,0.000000000000000000e+00
5.402661703692447796e-07,5.206430381046923105e-07
3.828722882359709132e-08,3.227030958213668713e-08
0.000000000000000000e+00,0.000000000000000000e+00
3.693459083741530225e-07,1.620567961591570749e-07
2.467041594217639669e-07,2.467386388193306094e-07
1.833976625124609453e-07,1.418449359539371738e-07
4.802220736485144943e-08,3.354005435810521313e-08
0.000000000000000000e+00,0.000000000000000000e+00
0.000000000000000000e+00,0.000000000000000000e+00
0.000000000000000000e+00,0.000000000000000000e+00
0.000000000000000000e+00,0.000000000000000000e+00
0.000000000000000000e+00,0.000000000000000000e+00
0.000000000000000000e+00,0.000000000000000000e+00
0.000000000000000000e+00,0.000000000000000000e+00
1.118048017928862196e-06,1.130136262540512714e-06
1.783499784703235459e-07,2.025524280986162248e-07
0.000000000000000000e+00,0.000000000000000000e+00
0.000000000000000000e+00,0.000000000000000000e+00
0.000000000000000000e+00,0.000000000000000000e+00
5.377179295468515697e-08,3.449551784598385216e-08
0.000000000000000000e+00,0.000000000000000000e+00
0.000000000000000000e+00,0.000000000000000000e+00
0.000000000000000000e+00,0.000000000000000000e+00
0.000000000000000000e+00,0.000000000000000000e+00
1.798524357997958300e-07,1.322115607212323931e-07
0.000000000000000000e+00,0.000000000000000000e+00
1.415865575110525280e-07,1.044752936528812480e-07
0.000000000000000000e+00,0.000000000000000000e+00
0.000000000000000000e+00,0.000000000000000000e+00
4.023781879562497146e-07,3.214092228338022936e-07
0.000000000000000000e+00,0.000000000000000000e+00
0.000000000000000000e+00,0.000000000000000000e+00
0.000000000000000000e+00,0.000000000000000000e+00
0.000000000000000000e+00,0.000000000000000000e+00
0.000000000000000000e+00,0.000000000000000000e+00
0.000000000000000000e+00,0.000000000000000000e+00
2.706885940378856387e-08,1.632688097690571254e-08
0.000000000000000000e+00,0.000000000000000000e+00
5.346130089028941349e-07,3.894368231158666840e-07
0.000000000000000000e+00,0.000000000000000000e+00
0.000000000000000000e+00,0.000000000000000000e+00
3.411130999115477216e-07,3.190165442396810657e-07
6.017102904152025798e-07,2.971995968120966545e-07
0.000000000000000000e+00,0.000000000000000000e+00
0.000000000000000000e+00,0.000000000000000000e+00
0.000000000000000000e+00,0.000000000000000000e+00
0.000000000000000000e+00,0.000000000000000000e+00
0.000000000000000000e+00,0.000000000000000000e+00
0.000000000000000000e+00,0.000000000000000000e+00
0.000000000000000000e+00,0.000000000000000000e+00
0.000000000000000000e+00,0.000000000000000000e+00
5.058811269258670804e-07,5.294357611432655481e-07
0.000000000000000000e+00,0.000000000000000000e+00
7.969385434932520047e-08,1.070783352127807101e-07
1.051721860336566762e-06,9.055595595469488730e-07
0.000000000000000000e+00,0.000000000000000000e+00
0.000000000000000000e+00,0.000000000000000000e+00
6.190892791711957335e-07,4.637492778072273532e-07
0.000000000000000000e+00,0.000000000000000000e+00
4.435824800425072387e-07,3.529968928923500566e-07
0.000000000000000000e+00,0.000000000000000000e+00
2.863042070937484722e-07,2.223265978092127112e-07
0.000000000000000000e+00,0.000000000000000000e+00
0.000000000000000000e+00,0.000000000000000000e+00
0.000000000000000000e+00,0.000000000000000000e+00
1.167581584690834519e-06,1.216505701166780101e-06
0.000000000000000000e+00,0.000000000000000000e+00
0.000000000000000000e+00,0.000000000000000000e+00
0.000000000000000000e+00,0.000000000000000000e+00
5.353804704203635834e-07,5.376835699505021086e-07
1.038907979552215035e-06,7.596630171774100977e-07
0.000000000000000000e+00,0.000000000000000000e+00
2.184847155102096729e-07,1.146210587940022557e-07
7.734973717128076365e-07,5.547796478490203367e-07
0.000000000000000000e+00,0.000000000000000000e+00
0.000000000000000000e+00,0.000000000000000000e+00
0.000000000000000000e+00,0.000000000000000000e+00
2.376449777712060060e-07,2.688302743958640181e-07
0.000000000000000000e+00,0.000000000000000000e+00
0.000000000000000000e+00,0.000000000000000000e+00
6.969947002730348227e-07,4.835513359030834310e-07
8.563843343440308965e-07,8.245160199131170671e-07
0.000000000000000000e+00,0.000000000000000000e+00
0.000000000000000000e+00,0.000000000000000000e+00
4.820413987661015261e-07,4.706059726893800019e-07
0.000000000000000000e+00,0.000000000000000000e+00
0.000000000000000000e+00,0.000000000000000000e+00
0.000000000000000000e+00,0.000000000000000000e+00
0.000000000000000000e+00,0.000000000000000000e+00
3.802291257203065081e-07,4.483889559011700271e-07
0.000000000000000000e+00,0.000000000000000000e+00
0.000000000000000000e+00,0.000000000000000000e+00
0.000000000000000000e+00,0.000000000000000000e+00
1.268972587927032590e-07,1.291812359064440525e-07
3.596624807732723411e-07,3.694531398266210622e-07
1.636809196157874658e-07,9.565417172265754329e-08
3.760721772313403822e-07,1.884702983396241751e-07
0.000000000000000000e+00,0.000000000000000000e+00
0.000000000000000000e+00,0.000000000000000000e+00
0.000000000000000000e+00,0.000000000000000000e+00
0.000000000000000000e+00,0.000000000000000000e+00
2.470749831884593500e-07,1.745449941108386918e-07
1.794453557939028524e-07,1.793445465927704546e-07
0.000000000000000000e+00,0.000000000000000000e+00
0.000000000000000000e+00,0.000000000000000000e+00
0.000000000000000000e+00,0.000000000000000000e+00
0.000000000000000000e+00,0.000000000000000000e+00
0.000000000000000000e+00,0.000000000000000000e+00
1.692136841196937634e-07,5.374192116972363492e-08
0.000000000000000000e+00,0.000000000000000000e+00
4.697370462245611937e-07,4.315985097366953300e-07
0.000000000000000000e+00,0.000000000000000000e+00
0.000000000000000000e+00,0.000000000000000000e+00
1.318398381186819790e-06,1.031055113292100241e-06
0.000000000000000000e+00,0.000000000000000000e+00
3.498190536156293009e-08,3.057160328683258001e-08
0.000000000000000000e+00,0.000000000000000000e+00
2.170623669842157491e-07,1.927120699322043576e-07
0.000000000000000000e+00,0.000000000000000000e+00
6.877569405628937099e-07,5.967130834486031156e-07
5.653651402990554497e-07,4.831424940226566140e-07
0.000000000000000000e+00,0.000000000000000000e+00
0.000000000000000000e+00,0.000000000000000000e+00
3.694298543151218723e-07,1.647838988429975522e-07
4.101103729723678934e-08,2.150463627841945127e-08
0.000000000000000000e+00,0.000000000000000000e+00
0.000000000000000000e+00,0.000000000000000000e+00
0.000000000000000000e+00,0.000000000000000000e+00
0.000000000000000000e+00,0.000000000000000000e+00
0.000000000000000000e+00,0.000000000000000000e+00
6.115451456690662008e-07,4.640762544198843707e-07
3.268789881110279086e-08,3.486702453519666742e-08
0.000000000000000000e+00,0.000000000000000000e+00
0.000000000000000000e+00,0.000000000000000000e+00
0.000000000000000000e+00,0.000000000000000000e+00
0.000000000000000000e+00,0.000000000000000000e+00
6.845295611340533912e-07,1.050564390119511209e-06
0.000000000000000000e+00,0.000000000000000000e+00
0.000000000000000000e+00,0.000000000000000000e+00
0.000000000000000000e+00,0.000000000000000000e+00
2.670360145746918246e-07,2.003370210658272706e-07
9.707197737741147628e-07,9.190842458355723152e-07
8.397524395163218953e-07,5.023535373032559676e-07
9.553443754261977219e-08,8.680458605426412926e-08
0.000000000000000000e+00,0.000000000000000000e+00
1.717504602958133797e-07,1.708056708061232097e-07
0.000000000000000000e+00,0.000000000000000000e+00
0.000000000000000000e+00,0.000000000000000000e+00
0.000000000000000000e+00,0.000000000000000000e+00
0.000000000000000000e+00,0.000000000000000000e+00
0.000000000000000000e+00,0.000000000000000000e+00
4.609049546416414621e-07,3.571261145865399363e-07
1.185679506266649884e-07,5.647277089981616765e-08
0.000000000000000000e+00,0.000000000000000000e+00
1.681846744293340040e-07,1.198769447060357807e-07
0.000000000000000000e+00,0.000000000000000000e+00
1.060307837607273461e-08,9.972563090107008276e-09
0.000000000000000000e+00,0.000000000000000000e+00
0.000000000000000000e+00,0.000000000000000000e+00
0.000000000000000000e+00,0.000000000000000000e+00
2.147094251409424181e-07,1.955115866924461697e-07
0.000000000000000000e+00,0.000000000000000000e+00
6.835707800070913562e-07,7.677740658114619319e-07
0.000000000000000000e+00,0.000000000000000000e+00
2.037824147926688218e-07,1.413661460851846976e-07
0.000000000000000000e+00,0.000000000000000000e+00
0.000000000000000000e+00,0.000000000000000000e+00
7.421789501203191727e-08,5.492419230490244415e-08
0.000000000000000000e+00,0.000000000000000000e+00
8.915378700791835026e-07,6.660976176900685310e-07
0.000000000000000000e+00,0.000000000000000000e+00
0.000000000000000000e+00,0.000000000000000000e+00
0.000000000000000000e+00,0.000000000000000000e+00
2.073410824937595229e-07,2.750081121200807434e-07
0.000000000000000000e+00,0.000000000000000000e+00
0.000000000000000000e+00,0.000000000000000000e+00
0.000000000000000000e+00,0.000000000000000000e+00
7.184700541504380126e-07,6.710121973629160309e-07
9.651370099708685038e-07,4.520768318388101114e-07
0.000000000000000000e+00,0.000000000000000000e+00
0.000000000000000000e+00,0.000000000000000000e+00
1.023748469784464950e-06,6.908066226082306475e-07
0.000000000000000000e+00,0.000000000000000000e+00
1.417535340881233130e-07,1.072433469127260836e-07
1.204519916796086194e-07,7.008551413930466009e-08
0.000000000000000000e+00,0.000000000000000000e+00
0.000000000000000000e+00,0.000000000000000000e+00
3.825225124815542912e-07,1.754398713042744012e-07
5.250168838300520489e-07,3.938425369365345506e-07
0.000000000000000000e+00,0.000000000000000000e+00
0.000000000000000000e+00,0.000000000000000000e+00
0.000000000000000000e+00,0.000000000000000000e+00
0.000000000000000000e+00,0.000000000000000000e+00
1.402199482589982293e-06,1.303149551393699992e-06
0.000000000000000000e+00,0.000000000000000000e+00
0.000000000000000000e+00,0.000000000000000000e+00
0.000000000000000000e+00,0.000000000000000000e+00
0.000000000000000000e+00,0.000000000000000000e+00
5.080056519125586823e-07,4.470991592439975217e-07
0.000000000000000000e+00,0.000000000000000000e+00
0.000000000000000000e+00,0.000000000000000000e+00
1.304833410584300374e-07,1.539690800879375771e-07
0.000000000000000000e+00,0.000000000000000000e+00
0.000000000000000000e+00,0.000000000000000000e+00
1.838229469682961820e-09,1.543817868559335895e-09
0.000000000000000000e+00,0.000000000000000000e+00
0.000000000000000000e+00,0.000000000000000000e+00
0.000000000000000000e+00,0.000000000000000000e+00
1.132444841811375910e-06,8.665496470592476027e-07
0.000000000000000000e+00,0.000000000000000000e+00
0.000000000000000000e+00,0.000000000000000000e+00
0.000000000000000000e+00,0.000000000000000000e+00
4.217071824246986444e-07,3.744193052538032124e-07
0.000000000000000000e+00,0.000000000000000000e+00
0.000000000000000000e+00,0.000000000000000000e+00
0.000000000000000000e+00,0.000000000000000000e+00
0.000000000000000000e+00,0.000000000000000000e+00
0.000000000000000000e+00,0.000000000000000000e+00
0.000000000000000000e+00,0.000000000000000000e+00
1.125366842186062490e-07,3.003510435073163790e-08
2.540733842396888750e-07,1.972636835471819607e-07
0.000000000000000000e+00,0.000000000000000000e+00
2.599513076174355859e-07,2.603567480629926680e-07
0.000000000000000000e+00,0.000000000000000000e+00
0.000000000000000000e+00,0.000000000000000000e+00
4.248964527064893168e-07,3.610628183984316824e-07
0.000000000000000000e+00,0.000000000000000000e+00
0.000000000000000000e+00,0.000000000000000000e+00
4.749052783887942430e-07,1.763140445928772180e-07
0.000000000000000000e+00,0.000000000000000000e+00
3.706846795516814662e-07,3.540362216525825207e-07
0.000000000000000000e+00,0.000000000000000000e+00
0.000000000000000000e+00,0.000000000000000000e+00
0.000000000000000000e+00,0.000000000000000000e+00
0.000000000000000000e+00,0.000000000000000000e+00
0.000000000000000000e+00,0.000000000000000000e+00
0.000000000000000000e+00,0.000000000000000000e+00
3.469771832147901378e-07,3.318705309123471119e-07
1.036331513682968779e-07,9.386050675039755619e-08
0.000000000000000000e+00,0.000000000000000000e+00
4.245631955627794707e-07,3.533546529241627201e-07
0.000000000000000000e+00,0.000000000000000000e+00
4.410315588442023877e-07,3.441968451079517702e-07
1.061247675651660073e-06,8.794938890837104347e-07
0.000000000000000000e+00,0.000000000000000000e+00
0.000000000000000000e+00,0.000000000000000000e+00
8.722768996234152437e-07,6.417006827378196635e-07
0.000000000000000000e+00,0.000000000000000000e+00
0.000000000000000000e+00,0.000000000000000000e+00
0.000000000000000000e+00,0.000000000000000000e+00
1.520576363258006676e-06,1.342053241521844010e-06
0.000000000000000000e+00,0.000000000000000000e+00
7.093045708223724164e-07,6.998986148378141736e-07
0.000000000000000000e+00,0.000000000000000000e+00
8.321241716751343923e-08,1.120993393157961991e-07
2.990895555168319102e-07,2.779278245831476634e-07
1.700082632536184170e-07,7.410652889680597789e-08
6.225429027401135201e-07,4.830864939933828801e-07
0.000000000000000000e+00,0.000000000000000000e+00
0.000000000000000000e+00,0.000000000000000000e+00
2.630984277873756541e-07,2.648135080709324118e-07
0.000000000000000000e+00,0.000000000000000000e+00
0.000000000000000000e+00,0.000000000000000000e+00
0.000000000000000000e+00,0.000000000000000000e+00
2.835073944721552747e-07,2.633256952308489999e-07
1.592608712562202612e-07,1.288107446484131168e-07
0.000000000000000000e+00,0.000000000000000000e+00
0.000000000000000000e+00,0.000000000000000000e+00
0.000000000000000000e+00,0.000000000000000000e+00
3.931736600769262169e-07,3.526524265280077124e-07
0.000000000000000000e+00,0.000000000000000000e+00
6.883503380339122361e-07,7.201254369079410132e-07
8.003456336487285890e-07,6.482926836586076444e-07
0.000000000000000000e+00,0.000000000000000000e+00
0.000000000000000000e+00,0.000000000000000000e+00
0.000000000000000000e+00,0.000000000000000000e+00
0.000000000000000000e+00,0.000000000000000000e+00
1.137488663950327739e-06,8.607124935290402351e-07
0.000000000000000000e+00,0.000000000000000000e+00
0.000000000000000000e+00,0.000000000000000000e+00
0.000000000000000000e+00,0.000000000000000000e+00
0.000000000000000000e+00,0.000000000000000000e+00
5.713521793958139507e-07,5.931181986037932829e-07
2.862171257130418953e-07,3.024269579203213232e-07
0.000000000000000000e+00,0.000000000000000000e+00
9.502876900992782761e-08,7.536296572834331911e-08
0.000000000000000000e+00,0.000000000000000000e+00
0.000000000000000000e+00,0.000000000000000000e+00
1.236890508458003913e-08,1.107525102300286103e-08
0.000000000000000000e+00,0.000000000000000000e+00
1.928510814792371466e-07,1.935384317914888121e-07
0.000000000000000000e+00,0.000000000000000000e+00
0.000000000000000000e+00,0.000000000000000000e+00
0.000000000000000000e+00,0.000000000000000000e+00
0.000000000000000000e+00,0.000000000000000000e+00
4.102236822034045786e-07,2.602102629452825449e-07
2.916221611726366610e-07,2.698411014929012402e-07
0.000000000000000000e+00,0.000000000000000000e+00
1.130971980085927526e-07,1.109573226273965188e-07
2.535627823201920418e-07,2.305208444144482910e-07
0.000000000000000000e+00,0.000000000000000000e+00
0.000000000000000000e+00,0.000000000000000000e+00
0.000000000000000000e+00,0.000000000000000000e+00
3.669745940101461297e-07,2.560244886936886570e-07
0.000000000000000000e+00,0.000000000000000000e+00
0.000000000000000000e+00,0.000000000000000000e+00
0.000000000000000000e+00,0.000000000000000000e+00
0.000000000000000000e+00,0.000000000000000000e+00
0.000000000000000000e+00,0.000000000000000000e+00
0.000000000000000000e+00,0.000000000000000000e+00
8.962015036628841901e-08,3.361756004737202061e-08
1.993842476347923548e-07,9.984888061364712479e-08
0.000000000000000000e+00,0.000000000000000000e+00
3.750075977084603548e-07,3.835673749348848119e-07
0.000000000000000000e+00,0.000000000000000000e+00
7.885133141474194559e-08,8.439018795233495168e-08
0.000000000000000000e+00,0.000000000000000000e+00
0.000000000000000000e+00,0.000000000000000000e+00
3.099899958345393372e-07,3.628179322043869110e-07
0.000000000000000000e+00,0.000000000000000000e+00
0.000000000000000000e+00,0.000000000000000000e+00
0.000000000000000000e+00,0.000000000000000000e+00
0.000000000000000000e+00,0.000000000000000000e+00
6.550760863608619527e-08,4.591004391732192097e-08
0.000000000000000000e+00,0.000000000000000000e+00
0.000000000000000000e+00,0.000000000000000000e+00
0.000000000000000000e+00,0.000000000000000000e+00
0.000000000000000000e+00,0.000000000000000000e+00
0.000000000000000000e+00,0.000000000000000000e+00
0.000000000000000000e+00,0.000000000000000000e+00
0.000000000000000000e+00,0.000000000000000000e+00
0.000000000000000000e+00,0.000000000000000000e+00
4.748260939348376393e-07,3.657877085812747114e-07
3.601798220827970365e-08,3.232950086338714681e-08
0.000000000000000000e+00,0.000000000000000000e+00
0.000000000000000000e+00,0.000000000000000000e+00
0.000000000000000000e+00,0.000000000000000000e+00
7.459973548790263544e-08,2.812791197265076252e-08
3.010582277689002438e-07,2.833144146841568077e-07
1.270696368507756782e-06,1.177356469570639643e-06
0.000000000000000000e+00,0.000000000000000000e+00
0.000000000000000000e+00,0.000000000000000000e+00
4.644906316171943271e-07,3.450490596909374910e-07
0.000000000000000000e+00,0.000000000000000000e+00
0.000000000000000000e+00,0.000000000000000000e+00
0.000000000000000000e+00,0.000000000000000000e+00
6.737048144508589058e-07,4.723373949989791464e-07
8.343974302652578190e-08,6.103802394890670932e-08
0.000000000000000000e+00,0.000000000000000000e+00
0.000000000000000000e+00,0.000000000000000000e+00
2.834702599773530125e-07,3.065951117928506906e-07
0.000000000000000000e+00,0.000000000000000000e+00
0.000000000000000000e+00,0.000000000000000000e+00
0.000000000000000000e+00,0.000000000000000000e+00
0.000000000000000000e+00,0.000000000000000000e+00
4.653050883076776753e-08,2.452597144472321871e-08
3.453356792822879602e-07,3.360760693979069718e-07
0.000000000000000000e+00,0.000000000000000000e+00
0.000000000000000000e+00,0.000000000000000000e+00
0.000000000000000000e+00,0.000000000000000000e+00
0.000000000000000000e+00,0.000000000000000000e+00
0.000000000000000000e+00,0.000000000000000000e+00
1.145913114711207047e-07,1.130594221792539983e-07
0.000000000000000000e+00,0.000000000000000000e+00
1.254894424755360202e-06,9.847655455779885312e-07
1.129989260215960855e-07,7.573636999681018262e-08
0.000000000000000000e+00,0.000000000000000000e+00
0.000000000000000000e+00,0.000000000000000000e+00
0.000000000000000000e+00,0.000000000000000000e+00
0.000000000000000000e+00,0.000000000000000000e+00
7.762636362061993168e-08,3.687889401554658318e-08
0.000000000000000000e+00,0.000000000000000000e+00
0.000000000000000000e+00,0.000000000000000000e+00
0.000000000000000000e+00,0.000000000000000000e+00
2.977524180139530803e-07,3.005053336955806970e-07
0.000000000000000000e+00,0.000000000000000000e+00
0.000000000000000000e+00,0.000000000000000000e+00
4.980318060130410054e-08,5.196896884691075290e-08
0.000000000000000000e+00,0.000000000000000000e+00
3.417540975560034764e-07,3.369316609448819550e-07
0.000000000000000000e+00,0.000000000000000000e+00
0.000000000000000000e+00,0.000000000000000000e+00
0.000000000000000000e+00,0.000000000000000000e+00
3.754171566984083271e-08,9.375187047800747584e-08
0.000000000000000000e+00,0.000000000000000000e+00
2.116214260768088117e-07,8.599422610516190140e-08
0.000000000000000000e+00,0.000000000000000000e+00
0.000000000000000000e+00,0.000000000000000000e+00
0.000000000000000000e+00,0.000000000000000000e+00
0.000000000000000000e+00,0.000000000000000000e+00
5.940974172789618374e-07,6.285806858038628852e-07
0.000000000000000000e+00,0.000000000000000000e+00
0.000000000000000000e+00,0.000000000000000000e+00
0.000000000000000000e+00,0.000000000000000000e+00
0.000000000000000000e+00,0.000000000000000000e+00
1.188379118765343007e-07,7.706857704213472845e-08
0.000000000000000000e+00,0.000000000000000000e+00
3.445120696967353618e-07,3.264872829259672009e-07
8.880172190840209605e-08,5.914072565362468828e-08
0.000000000000000000e+00,0.000000000000000000e+00
0.000000000000000000e+00,0.000000000000000000e+00
0.000000000000000000e+00,0.000000000000000000e+00
3.820146402739826147e-07,3.608928952298817945e-07
0.000000000000000000e+00,0.000000000000000000e+00
4.195249097753827019e-07,3.793084850715641030e-07
0.000000000000000000e+00,0.000000000000000000e+00
0.000000000000000000e+00,0.000000000000000000e+00
0.000000000000000000e+00,0.000000000000000000e+00
0.000000000000000000e+00,0.000000000000000000e+00
4.281773632804038811e-07,1.911219959423364002e-07
3.958988426803504947e-07,3.536835446738272754e-07
0.000000000000000000e+00,0.000000000000000000e+00
3.000915875236010699e-09,2.167225207984277618e-09
7.158530924942429710e-07,5.124890242640960437e-07
0.000000000000000000e+00,0.000000000000000000e+00
0.000000000000000000e+00,0.000000000000000000e+00
0.000000000000000000e+00,0.000000000000000000e+00
1.652723220011498564e-08,1.362255588298512112e-08
0.000000000000000000e+00,0.000000000000000000e+00
9.027099389940476928e-07,7.172502017381141270e-07
0.000000000000000000e+00,0.000000000000000000e+00
9.529316416472420361e-07,6.793173575802990615e-07
0.000000000000000000e+00,0.000000000000000000e+00
0.000000000000000000e+00,0.000000000000000000e+00
5.872740143377088030e-09,2.325502829387399836e-09
3.210619615458253949e-07,2.947116830153998403e-07
0.000000000000000000e+00,0.000000000000000000e+00
0.000000000000000000e+00,0.000000000000000000e+00
0.000000000000000000e+00,0.000000000000000000e+00
4.963320858388073484e-07,4.304255975909628564e-07
0.000000000000000000e+00,0.000000000000000000e+00
4.122997826460866189e-07,3.392615407693234015e-07
0.000000000000000000e+00,0.000000000000000000e+00
0.000000000000000000e+00,0.000000000000000000e+00
0.000000000000000000e+00,0.000000000000000000e+00
0.000000000000000000e+00,0.000000000000000000e+00
0.000000000000000000e+00,0.000000000000000000e+00
0.000000000000000000e+00,0.000000000000000000e+00
2.083953833624884849e-07,1.289304096021957231e-07
8.994603573340604837e-07,6.489636364797019326e-07
0.000000000000000000e+00,0.000000000000000000e+00
2.923521792582486034e-07,1.140393483848645584e-07
8.419672420794588000e-07,6.919933725252780531e-07
0.000000000000000000e+00,0.000000000000000000e+00
0.000000000000000000e+00,0.000000000000000000e+00
0.000000000000000000e+00,0.000000000000000000e+00
0.000000000000000000e+00,0.000000000000000000e+00
0.000000000000000000e+00,0.000000000000000000e+00
0.000000000000000000e+00,0.000000000000000000e+00
0.000000000000000000e+00,0.000000000000000000e+00
1.051145223530497365e-07,1.026965325706028774e-07
0.000000000000000000e+00,0.000000000000000000e+00
0.000000000000000000e+00,0.000000000000000000e+00
0.000000000000000000e+00,0.000000000000000000e+00
0.000000000000000000e+00,0.000000000000000000e+00
0.000000000000000000e+00,0.000000000000000000e+00
4.130294010158848697e-07,3.302496027204212893e-07
0.000000000000000000e+00,0.000000000000000000e+00
9.898946293257097266e-07,7.258131395872538884e-07
5.782478122224278712e-09,4.226852615653173559e-09
1.022259398301833133e-07,6.792827212228767377e-08
8.593812079076610187e-07,8.306673040371896437e-07
0.000000000000000000e+00,0.000000000000000000e+00
3.339739646600762571e-07,2.907482949876270079e-07
0.000000000000000000e+00,0.000000000000000000e+00
0.000000000000000000e+00,0.000000000000000000e+00
0.000000000000000000e+00,0.000000000000000000e+00
0.000000000000000000e+00,0.000000000000000000e+00
0.000000000000000000e+00,0.000000000000000000e+00
0.000000000000000000e+00,0.000000000000000000e+00
6.882990029984089800e-07,5.173390872166922260e-07
3.801757552870220512e-07,2.908688067135657737e-07
0.000000000000000000e+00,0.000000000000000000e+00
0.000000000000000000e+00,0.000000000000000000e+00
1.416207367148729011e-07,1.060200048431011199e-07
0.000000000000000000e+00,0.000000000000000000e+00
0.000000000000000000e+00,0.000000000000000000e+00
0.000000000000000000e+00,0.000000000000000000e+00
0.000000000000000000e+00,0.000000000000000000e+00
4.899560499012537389e-07,4.776248842774106420e-07
9.841300527859972505e-09,6.101500614411099539e-09
0.000000000000000000e+00,0.000000000000000000e+00
0.000000000000000000e+00,0.000000000000000000e+00
0.000000000000000000e+00,0.000000000000000000e+00
0.000000000000000000e+00,0.000000000000000000e+00
0.000000000000000000e+00,0.000000000000000000e+00
0.000000000000000000e+00,0.000000000000000000e+00
2.051559769065462827e-08,5.738455111522178575e-09
3.003339405227813122e-07,1.918692861482980926e-07
0.000000000000000000e+00,0.000000000000000000e+00
0.000000000000000000e+00,0.000000000000000000e+00
0.000000000000000000e+00,0.000000000000000000e+00
0.000000000000000000e+00,0.000000000000000000e+00
0.000000000000000000e+00,0.000000000000000000e+00
0.000000000000000000e+00,0.000000000000000000e+00
0.000000000000000000e+00,0.000000000000000000e+00
8.094154340081122048e-08,8.000806548027068048e-08
0.000000000000000000e+00,0.000000000000000000e+00
3.691891575597177289e-07,3.758587119536177646e-07
0.000000000000000000e+00,0.000000000000000000e+00
0.000000000000000000e+00,0.000000000000000000e+00
0.000000000000000000e+00,0.000000000000000000e+00
0.000000000000000000e+00,0.000000000000000000e+00
1.349438014319684833e-06,1.343285971624246503e-06
0.000000000000000000e+00,0.000000000000000000e+00
0.000000000000000000e+00,0.000000000000000000e+00
0.000000000000000000e+00,0.000000000000000000e+00
0.000000000000000000e+00,0.000000000000000000e+00
0.000000000000000000e+00,0.000000000000000000e+00
0.000000000000000000e+00,0.000000000000000000e+00
2.992069962860612367e-07,3.064415162557284350e-07
0.000000000000000000e+00,0.000000000000000000e+00
0.000000000000000000e+00,0.000000000000000000e+00
1.531812769502471368e-07,1.464219942918169493e-07
1.174876034104333901e-07,3.310545494782587446e-08
0.000000000000000000e+00,0.000000000000000000e+00
0.000000000000000000e+00,0.000000000000000000e+00
0.000000000000000000e+00,0.000000000000000000e+00
0.000000000000000000e+00,0.000000000000000000e+00
9.151752664620419669e-07,7.621910509932994651e-07
4.648905076220502649e-07,3.416003834146531751e-07
0.000000000000000000e+00,0.000000000000000000e+00
0.000000000000000000e+00,0.000000000000000000e+00
0.000000000000000000e+00,0.000000000000000000e+00
0.000000000000000000e+00,0.000000000000000000e+00
0.000000000000000000e+00,0.000000000000000000e+00
3.903272833340167152e-07,2.487512728149408367e-07
4.824889567171758077e-07,2.932758853216362952e-07
0.000000000000000000e+00,0.000000000000000000e+00
0.000000000000000000e+00,0.000000000000000000e+00
7.561404200732599935e-08,1.068590144903615100e-07
0.000000000000000000e+00,0.000000000000000000e+00
0.000000000000000000e+00,0.000000000000000000e+00
2.643173250704164543e-07,1.109767661660035154e-07
7.756475347907579727e-07,2.816867057947317746e-07
0.000000000000000000e+00,0.000000000000000000e+00
2.430876472729319912e-07,2.344435645162774718e-07
0.000000000000000000e+00,0.000000000000000000e+00
0.000000000000000000e+00,0.000000000000000000e+00
0.000000000000000000e+00,0.000000000000000000e+00
0.000000000000000000e+00,0.000000000000000000e+00
0.000000000000000000e+00,0.000000000000000000e+00
0.000000000000000000e+00,0.000000000000000000e+00
0.000000000000000000e+00,0.000000000000000000e+00
2.367512349615662033e-07,2.139499886281252920e-07
0.000000000000000000e+00,0.000000000000000000e+00
0.000000000000000000e+00,0.000000000000000000e+00
3.627097009849472955e-07,3.646219507558280640e-07
0.000000000000000000e+00,0.000000000000000000e+00
0.000000000000000000e+00,0.000000000000000000e+00
0.000000000000000000e+00,0.000000000000000000e+00
2.182176762059281007e-07,2.726223052288401506e-07
0.000000000000000000e+00,0.000000000000000000e+00
0.000000000000000000e+00,0.000000000000000000e+00
7.644719040047370719e-08,7.101638709342546402e-08
4.736213371582819842e-07,5.238255835023095076e-07
0.000000000000000000e+00,0.000000000000000000e+00
0.000000000000000000e+00,0.000000000000000000e+00
0.000000000000000000e+00,0.000000000000000000e+00
0.000000000000000000e+00,0.000000000000000000e+00
6.649229905001507682e-07,6.216551564028110448e-07
0.000000000000000000e+00,0.000000000000000000e+00
0.000000000000000000e+00,0.000000000000000000e+00
0.000000000000000000e+00,0.000000000000000000e+00
0.000000000000000000e+00,0.000000000000000000e+00
3.990226660240477072e-07,4.127496706847083548e-07
0.000000000000000000e+00,0.000000000000000000e+00
0.000000000000000000e+00,0.000000000000000000e+00
0.000000000000000000e+00,0.000000000000000000e+00
0.000000000000000000e+00,0.000000000000000000e+00
0.000000000000000000e+00,0.000000000000000000e+00
0.000000000000000000e+00,0.000000000000000000e+00
0.000000000000000000e+00,0.000000000000000000e+00
0.000000000000000000e+00,0.000000000000000000e+00
0.000000000000000000e+00,0.000000000000000000e+00
5.019546363889606663e-08,1.346382183277315405e-08
0.000000000000000000e+00,0.000000000000000000e+00
0.000000000000000000e+00,0.000000000000000000e+00
0.000000000000000000e+00,0.000000000000000000e+00
0.000000000000000000e+00,0.000000000000000000e+00
0.000000000000000000e+00,0.000000000000000000e+00
2.007572087434983788e-07,1.812800469640030364e-07
0.000000000000000000e+00,0.000000000000000000e+00
0.000000000000000000e+00,0.000000000000000000e+00
2.372679501953847009e-07,1.604065816643586757e-07
0.000000000000000000e+00,0.000000000000000000e+00
0.000000000000000000e+00,0.000000000000000000e+00
0.000000000000000000e+00,0.000000000000000000e+00
0.000000000000000000e+00,0.000000000000000000e+00
0.000000000000000000e+00,0.000000000000000000e+00
1.056067319838470631e-07,6.835378948978252799e-08
0.000000000000000000e+00,0.000000000000000000e+00
0.000000000000000000e+00,0.000000000000000000e+00
0.000000000000000000e+00,0.000000000000000000e+00
0.000000000000000000e+00,0.000000000000000000e+00
0.000000000000000000e+00,0.000000000000000000e+00
5.425937676597582208e-08,4.354754804207315427e-08
0.000000000000000000e+00,0.000000000000000000e+00
0.000000000000000000e+00,0.000000000000000000e+00
6.358611007129289415e-07,5.870491467591318169e-07
0.000000000000000000e+00,0.000000000000000000e+00
0.000000000000000000e+00,0.000000000000000000e+00
0.000000000000000000e+00,0.000000000000000000e+00
0.000000000000000000e+00,0.000000000000000000e+00
0.000000000000000000e+00,0.000000000000000000e+00
1.130735206523089531e-08,8.613575495583908281e-09
1.578216825091110811e-06,6.330571798420422453e-07
0.000000000000000000e+00,0.000000000000000000e+00
0.000000000000000000e+00,0.000000000000000000e+00
0.000000000000000000e+00,0.000000000000000000e+00
0.000000000000000000e+00,0.000000000000000000e+00
0.000000000000000000e+00,0.000000000000000000e+00
0.000000000000000000e+00,0.000000000000000000e+00
0.000000000000000000e+00,0.000000000000000000e+00
0.000000000000000000e+00,0.000000000000000000e+00
2.668283351661863387e-08,1.507893940990254913e-08
0.000000000000000000e+00,0.000000000000000000e+00
0.000000000000000000e+00,0.000000000000000000e+00
2.937766180107473077e-08,2.048938920546231433e-08
0.000000000000000000e+00,0.000000000000000000e+00
0.000000000000000000e+00,0.000000000000000000e+00
1.195857984445694822e-07,8.103943850468201870e-08
0.000000000000000000e+00,0.000000000000000000e+00
8.590354107102857189e-08,9.378173550583041134e-08
0.000000000000000000e+00,0.000000000000000000e+00
7.732940990521657459e-07,7.413657350157282513e-07
0.000000000000000000e+00,0.000000000000000000e+00
0.000000000000000000e+00,0.000000000000000000e+00
0.000000000000000000e+00,0.000000000000000000e+00
1.614234751911870671e-07,1.554753138408679285e-07
0.000000000000000000e+00,0.000000000000000000e+00
0.000000000000000000e+00,0.000000000000000000e+00
0.000000000000000000e+00,0.000000000000000000e+00
0.000000000000000000e+00,0.000000000000000000e+00
0.000000000000000000e+00,0.000000000000000000e+00
0.000000000000000000e+00,0.000000000000000000e+00
0.000000000000000000e+00,0.000000000000000000e+00
8.853854800444322822e-09,6.714077564957947223e-09
0.000000000000000000e+00,0.000000000000000000e+00
0.000000000000000000e+00,0.000000000000000000e+00
0.000000000000000000e+00,0.000000000000000000e+00
0.000000000000000000e+00,0.000000000000000000e+00
0.000000000000000000e+00,0.000000000000000000e+00
2.269280299143745595e-07,1.228360979127857956e-07
0.000000000000000000e+00,0.000000000000000000e+00
0.000000000000000000e+00,0.000000000000000000e+00
0.000000000000000000e+00,0.000000000000000000e+00
2.089560565274152817e-07,2.583431591524857236e-07
0.000000000000000000e+00,0.000000000000000000e+00
9.613627894330846301e-09,7.245832411180832763e-09
0.000000000000000000e+00,0.000000000000000000e+00
0.000000000000000000e+00,0.000000000000000000e+00
0.000000000000000000e+00,0.000000000000000000e+00
0.000000000000000000e+00,0.000000000000000000e+00
0.000000000000000000e+00,0.000000000000000000e+00
0.000000000000000000e+00,0.000000000000000000e+00
9.238079868081331825e-07,7.120885125608797749e-07
0.000000000000000000e+00,0.000000000000000000e+00
6.707000617016645176e-07,6.130924637555048768e-07
0.000000000000000000e+00,0.000000000000000000e+00
0.000000000000000000e+00,0.000000000000000000e+00
0.000000000000000000e+00,0.000000000000000000e+00
0.000000000000000000e+00,0.000000000000000000e+00
0.000000000000000000e+00,0.000000000000000000e+00
0.000000000000000000e+00,0.000000000000000000e+00
0.000000000000000000e+00,0.000000000000000000e+00
0.000000000000000000e+00,0.000000000000000000e+00
9.257962584981279763e-07,8.434032691556624689e-07
2.551222790492305932e-07,1.496468016014445414e-07
0.000000000000000000e+00,0.000000000000000000e+00
0.000000000000000000e+00,0.000000000000000000e+00
0.000000000000000000e+00,0.000000000000000000e+00
0.000000000000000000e+00,0.000000000000000000e+00
1.260655624984970061e-07,9.814981866705008304e-08
0.000000000000000000e+00,0.000000000000000000e+00
0.000000000000000000e+00,0.000000000000000000e+00
0.000000000000000000e+00,0.000000000000000000e+00
0.000000000000000000e+00,0.000000000000000000e+00
0.000000000000000000e+00,0.000000000000000000e+00
5.633957972953930816e-07,5.514579845250822706e-07
0.000000000000000000e+00,0.000000000000000000e+00
0.000000000000000000e+00,0.000000000000000000e+00
0.000000000000000000e+00,0.000000000000000000e+00
0.000000000000000000e+00,0.000000000000000000e+00
6.334197364929912131e-08,6.678749089949421585e-08
0.000000000000000000e+00,0.000000000000000000e+00
0.000000000000000000e+00,0.000000000000000000e+00
0.000000000000000000e+00,0.000000000000000000e+00
0.000000000000000000e+00,0.000000000000000000e+00
4.427103300809723836e-08,4.030628967109707700e-08
0.000000000000000000e+00,0.000000000000000000e+00
3.611116266666824318e-07,3.589522204768773534e-07
0.000000000000000000e+00,0.000000000000000000e+00
0.000000000000000000e+00,0.000000000000000000e+00
0.000000000000000000e+00,0.000000000000000000e+00
3.037006250901956586e-07,1.457504870467820643e-07
1.447050685999551209e-06,1.127206943707000900e-06
0.000000000000000000e+00,0.000000000000000000e+00
5.339721008258058126e-09,3.825153725759597597e-09
0.000000000000000000e+00,0.000000000000000000e+00
0.000000000000000000e+00,0.000000000000000000e+00
1.311302243288671879e-07,1.289638358621593406e-07
0.000000000000000000e+00,0.000000000000000000e+00
0.000000000000000000e+00,0.000000000000000000e+00
0.000000000000000000e+00,0.000000000000000000e+00
0.000000000000000000e+00,0.000000000000000000e+00
0.000000000000000000e+00,0.000000000000000000e+00
0.000000000000000000e+00,0.000000000000000000e+00
0.000000000000000000e+00,0.000000000000000000e+00
0.000000000000000000e+00,0.000000000000000000e+00
6.915107217204143572e-08,4.141177570802175619e-08
0.000000000000000000e+00,0.000000000000000000e+00
0.000000000000000000e+00,0.000000000000000000e+00
6.159497432172839363e-08,6.299377152929150419e-08
2.774112303727900086e-07,2.877543465279795728e-07
0.000000000000000000e+00,0.000000000000000000e+00
1.876723658726267510e-07,1.373266207512683757e-07
6.577134648410901347e-08,1.319315532827072116e-07
0.000000000000000000e+00,0.000000000000000000e+00
0.000000000000000000e+00,0.000000000000000000e+00
0.000000000000000000e+00,0.000000000000000000e+00
0.000000000000000000e+00,0.000000000000000000e+00
0.000000000000000000e+00,0.000000000000000000e+00
0.000000000000000000e+00,0.000000000000000000e+00
0.000000000000000000e+00,0.000000000000000000e+00
0.000000000000000000e+00,0.000000000000000000e+00
0.000000000000000000e+00,0.000000000000000000e+00
0.000000000000000000e+00,0.000000000000000000e+00
2.879019699156298835e-07,2.099046178910151459e-07
0.000000000000000000e+00,0.000000000000000000e+00
0.000000000000000000e+00,0.000000000000000000e+00
0.000000000000000000e+00,0.000000000000000000e+00
0.000000000000000000e+00,0.000000000000000000e+00
0.000000000000000000e+00,0.000000000000000000e+00
0.000000000000000000e+00,0.000000000000000000e+00
7.437479676591582965e-07,8.405395128399556805e-07
1.343051239879131943e-07,1.439339194980922397e-07
7.137395288209942735e-07,7.528592697316775169e-07
2.896962514034868041e-07,1.169591876877451312e-07
0.000000000000000000e+00,0.000000000000000000e+00
0.000000000000000000e+00,0.000000000000000000e+00
0.000000000000000000e+00,0.000000000000000000e+00
5.423483239634092034e-09,4.806486483756416637e-09
3.642917967122116577e-07,2.384134336279514633e-07
0.000000000000000000e+00,0.000000000000000000e+00
1.355802649080860920e-06,1.007540397294738659e-06
0.000000000000000000e+00,0.000000000000000000e+00
0.000000000000000000e+00,0.000000000000000000e+00
0.000000000000000000e+00,0.000000000000000000e+00
0.000000000000000000e+00,0.000000000000000000e+00
0.000000000000000000e+00,0.000000000000000000e+00
0.000000000000000000e+00,0.000000000000000000e+00
0.000000000000000000e+00,0.000000000000000000e+00
0.000000000000000000e+00,0.000000000000000000e+00
2.772113210411538961e-07,2.860149732669682597e-07
0.000000000000000000e+00,0.000000000000000000e+00
2.075891206280155905e-07,2.062109073415189458e-07
0.000000000000000000e+00,0.000000000000000000e+00
5.088957033854118371e-07,3.590681188902072762e-07
0.000000000000000000e+00,0.000000000000000000e+00
0.000000000000000000e+00,0.000000000000000000e+00
0.000000000000000000e+00,0.000000000000000000e+00
0.000000000000000000e+00,0.000000000000000000e+00
5.778425084914894219e-07,4.965320950746910371e-07
0.000000000000000000e+00,0.000000000000000000e+00
3.969206667458727723e-07,3.009079713888323911e-07
8.612590695367990390e-08,5.621591961688096904e-08
1.803982484373084975e-07,1.441834671401785146e-07
0.000000000000000000e+00,0.000000000000000000e+00
0.000000000000000000e+00,0.000000000000000000e+00
0.000000000000000000e+00,0.000000000000000000e+00
4.929872454098546606e-08,2.968012246015323032e-08
0.000000000000000000e+00,0.000000000000000000e+00
0.000000000000000000e+00,0.000000000000000000e+00
7.545618744172962840e-08,4.328634722807010223e-08
4.331513707521211361e-07,3.622801000206160186e-07
0.000000000000000000e+00,0.000000000000000000e+00
4.072909778358254705e-07,3.914600248380534124e-07
0.000000000000000000e+00,0.000000000000000000e+00
5.707739742094957435e-07,5.596373576658065376e-07
0.000000000000000000e+00,0.000000000000000000e+00
0.000000000000000000e+00,0.000000000000000000e+00
0.000000000000000000e+00,0.000000000000000000e+00
0.000000000000000000e+00,0.000000000000000000e+00
7.102173334646998274e-08,8.561048393549313956e-08
1.488757851226125753e-07,2.691513703629003521e-07
0.000000000000000000e+00,0.000000000000000000e+00
0.000000000000000000e+00,0.000000000000000000e+00
0.000000000000000000e+00,0.000000000000000000e+00
0.000000000000000000e+00,0.000000000000000000e+00
0.000000000000000000e+00,0.000000000000000000e+00
0.000000000000000000e+00,0.000000000000000000e+00
0.000000000000000000e+00,0.000000000000000000e+00
3.408952552646067745e-07,3.449159475430607838e-07
7.647436246360813187e-07,7.362158261562117852e-07
0.000000000000000000e+00,0.000000000000000000e+00
7.652346894208094288e-08,6.632305075136072187e-08
0.000000000000000000e+00,0.000000000000000000e+00
9.457014599671400782e-08,5.008852265310480614e-08
0.000000000000000000e+00,0.000000000000000000e+00
0.000000000000000000e+00,0.000000000000000000e+00
0.000000000000000000e+00,0.000000000000000000e+00
0.000000000000000000e+00,0.000000000000000000e+00
0.000000000000000000e+00,0.000000000000000000e+00
0.000000000000000000e+00,0.000000000000000000e+00
0.000000000000000000e+00,0.000000000000000000e+00
3.331542333106602834e-07,2.915567495834886620e-07
0.000000000000000000e+00,0.000000000000000000e+00
0.000000000000000000e+00,0.000000000000000000e+00
3.423257340418663030e-07,3.230338604727068807e-07
0.000000000000000000e+00,0.000000000000000000e+00
0.000000000000000000e+00,0.000000000000000000e+00
0.000000000000000000e+00,0.000000000000000000e+00
0.000000000000000000e+00,0.000000000000000000e+00
2.809456807842507565e-08,1.705308151783660978e-08
0.000000000000000000e+00,0.000000000000000000e+00
0.000000000000000000e+00,0.000000000000000000e+00
0.000000000000000000e+00,0.000000000000000000e+00
0.000000000000000000e+00,0.000000000000000000e+00
1.987887595224571747e-08,5.584302128587941086e-09
1.779390283363122199e-07,1.003086478657255268e-07
0.000000000000000000e+00,0.000000000000000000e+00
2.078960490023854334e-08,1.619900944104713525e-08
3.517367362936817979e-07,3.308035592374544276e-07
0.000000000000000000e+00,0.000000000000000000e+00
0.000000000000000000e+00,0.000000000000000000e+00
0.000000000000000000e+00,0.000000000000000000e+00
0.000000000000000000e+00,0.000000000000000000e+00
0.000000000000000000e+00,0.000000000000000000e+00
7.546298103885321870e-08,6.146801208137398748e-08
0.000000000000000000e+00,0.000000000000000000e+00
0.000000000000000000e+00,0.000000000000000000e+00
8.650385245189623315e-07,9.655078235875844382e-07
0.000000000000000000e+00,0.000000000000000000e+00
0.000000000000000000e+00,0.000000000000000000e+00
0.000000000000000000e+00,0.000000000000000000e+00
1.361621767221676877e-06,1.294361770003683819e-06
2.713530219443621198e-07,4.037465056178198230e-07
0.000000000000000000e+00,0.000000000000000000e+00
0.000000000000000000e+00,0.000000000000000000e+00
2.398150227042963887e-07,2.254027474907918592e-07
0.000000000000000000e+00,0.000000000000000000e+00
0.000000000000000000e+00,0.000000000000000000e+00
3.402844122224310014e-07,3.332950425436332244e-07
0.000000000000000000e+00,0.000000000000000000e+00
0.000000000000000000e+00,0.000000000000000000e+00
9.840584363394683883e-07,1.081174195582462851e-06
0.000000000000000000e+00,0.000000000000000000e+00
1.698294805000092124e-07,8.226618642524838137e-08
0.000000000000000000e+00,0.000000000000000000e+00
0.000000000000000000e+00,0.000000000000000000e+00
2.504222554192449023e-07,1.417744746937131629e-07
0.000000000000000000e+00,0.000000000000000000e+00
0.000000000000000000e+00,0.000000000000000000e+00
0.000000000000000000e+00,0.000000000000000000e+00
0.000000000000000000e+00,0.000000000000000000e+00
0.000000000000000000e+00,0.000000000000000000e+00
0.000000000000000000e+00,0.000000000000000000e+00
0.000000000000000000e+00,0.000000000000000000e+00
0.000000000000000000e+00,0.000000000000000000e+00
2.275774755345683191e-07,2.254431061780289645e-07
8.807127286008664312e-07,6.736329533116929798e-07
6.337313379877559607e-07,6.402774967082710925e-07
0.000000000000000000e+00,0.000000000000000000e+00
0.000000000000000000e+00,0.000000000000000000e+00
0.000000000000000000e+00,0.000000000000000000e+00
5.003479449662128488e-08,1.390042250930927862e-08
0.000000000000000000e+00,0.000000000000000000e+00
0.000000000000000000e+00,0.000000000000000000e+00
0.000000000000000000e+00,0.000000000000000000e+00
1.029917760339101118e-07,9.446422856970076603e-08
0.000000000000000000e+00,0.000000000000000000e+00
0.000000000000000000e+00,0.000000000000000000e+00
0.000000000000000000e+00,0.000000000000000000e+00
6.194134139261771698e-07,4.927892604158914531e-07
0.000000000000000000e+00,0.000000000000000000e+00
1.038626592252776789e-07,5.979220454869230869e-08
1.726247397212973435e-07,1.376292521199885519e-07
0.000000000000000000e+00,0.000000000000000000e+00
1.258216799093579282e-06,9.315151476023951058e-07
0.000000000000000000e+00,0.000000000000000000e+00
0.000000000000000000e+00,0.000000000000000000e+00
0.000000000000000000e+00,0.000000000000000000e+00
0.000000000000000000e+00,0.000000000000000000e+00
0.000000000000000000e+00,0.000000000000000000e+00
0.000000000000000000e+00,0.000000000000000000e+00
0.000000000000000000e+00,0.000000000000000000e+00
0.000000000000000000e+00,0.000000000000000000e+00
0.000000000000000000e+00,0.000000000000000000e+00
0.000000000000000000e+00,0.000000000000000000e+00
1.659187088510707710e-07,1.316199448416214576e-07
0.000000000000000000e+00,0.000000000000000000e+00
0.000000000000000000e+00,0.000000000000000000e+00
0.000000000000000000e+00,0.000000000000000000e+00
7.732027912582724437e-07,5.496748687439872612e-07
1.517821153052973304e-06,1.129225999065138421e-06
0.000000000000000000e+00,0.000000000000000000e+00
0.000000000000000000e+00,0.000000000000000000e+00
1.568812620779741584e-07,1.180657657584823770e-07
0.000000000000000000e+00,0.000000000000000000e+00
0.000000000000000000e+00,0.000000000000000000e+00
0.000000000000000000e+00,0.000000000000000000e+00
7.819117497661958649e-07,5.623075793474842186e-07
0.000000000000000000e+00,0.000000000000000000e+00
0.000000000000000000e+00,0.000000000000000000e+00
0.000000000000000000e+00,0.000000000000000000e+00
0.000000000000000000e+00,0.000000000000000000e+00
0.000000000000000000e+00,0.000000000000000000e+00
0.000000000000000000e+00,0.000000000000000000e+00
4.426413932378187630e-07,3.130651386228930761e-07
5.030039488763430588e-07,4.598710998781653429e-07
0.000000000000000000e+00,0.000000000000000000e+00
2.291550458686762742e-07,2.180177226206562564e-07
0.000000000000000000e+00,0.000000000000000000e+00
0.000000000000000000e+00,0.000000000000000000e+00
0.000000000000000000e+00,0.000000000000000000e+00
2.698039279080392760e-07,1.961130690721976368e-07
9.468217796062305846e-07,3.845520530960549342e-07
0.000000000000000000e+00,0.000000000000000000e+00
5.819186363640486603e-07,4.568339960393292072e-07
1.061702054820799461e-06,1.100641077176712173e-06
0.000000000000000000e+00,0.000000000000000000e+00
2.750674827870772277e-08,9.596463326995645599e-09
0.000000000000000000e+00,0.000000000000000000e+00
0.000000000000000000e+00,0.000000000000000000e+00
9.145204305303560586e-08,5.437475770933885526e-08
0.000000000000000000e+00,0.000000000000000000e+00
2.504311231211395788e-07,1.752698884275558392e-07
5.240382331583709895e-07,5.119862021646597715e-07
0.000000000000000000e+00,0.000000000000000000e+00
3.472689840502318918e-07,1.495664289653151904e-07
0.000000000000000000e+00,0.000000000000000000e+00
0.000000000000000000e+00,0.000000000000000000e+00
2.320414003616947167e-07,1.853216017283578132e-07
0.000000000000000000e+00,0.000000000000000000e+00
0.000000000000000000e+00,0.000000000000000000e+00
0.000000000000000000e+00,0.000000000000000000e+00
0.000000000000000000e+00,0.000000000000000000e+00
0.000000000000000000e+00,0.000000000000000000e+00
0.000000000000000000e+00,0.000000000000000000e+00
0.000000000000000000e+00,0.000000000000000000e+00
1.438436497654630373e-07,1.315407246450670510e-07
0.000000000000000000e+00,0.000000000000000000e+00
0.000000000000000000e+00,0.000000000000000000e+00
3.263329639081655776e-07,3.191295040703913234e-07
0.000000000000000000e+00,0.000000000000000000e+00
0.000000000000000000e+00,0.000000000000000000e+00
0.000000000000000000e+00,0.000000000000000000e+00
0.000000000000000000e+00,0.000000000000000000e+00
4.634654040971390199e-07,4.482180305772764324e-07
0.000000000000000000e+00,0.000000000000000000e+00
0.000000000000000000e+00,0.000000000000000000e+00
0.000000000000000000e+00,0.000000000000000000e+00
0.000000000000000000e+00,0.000000000000000000e+00
3.765603204133535881e-07,3.725582448410348207e-07
0.000000000000000000e+00,0.000000000000000000e+00
0.000000000000000000e+00,0.000000000000000000e+00
0.000000000000000000e+00,0.000000000000000000e+00
0.000000000000000000e+00,0.000000000000000000e+00
5.110499795503866469e-07,4.445991423347531467e-07
0.000000000000000000e+00,0.000000000000000000e+00
2.863091500254722010e-07,1.910527048735460266e-07
0.000000000000000000e+00,0.000000000000000000e+00
0.000000000000000000e+00,0.000000000000000000e+00
0.000000000000000000e+00,0.000000000000000000e+00
1.552815804141045203e-07,1.430920269236398876e-07
0.000000000000000000e+00,0.000000000000000000e+00
0.000000000000000000e+00,0.000000000000000000e+00
0.000000000000000000e+00,0.000000000000000000e+00
0.000000000000000000e+00,0.000000000000000000e+00
0.000000000000000000e+00,0.000000000000000000e+00
0.000000000000000000e+00,0.000000000000000000e+00
0.000000000000000000e+00,0.000000000000000000e+00
0.000000000000000000e+00,0.000000000000000000e+00
0.000000000000000000e+00,0.000000000000000000e+00
0.000000000000000000e+00,0.000000000000000000e+00
0.000000000000000000e+00,0.000000000000000000e+00
3.227422229073576316e-07,1.657758756273019977e-07
0.000000000000000000e+00,0.000000000000000000e+00
1.100345609608781303e-07,7.741944789282531539e-08
0.000000000000000000e+00,0.000000000000000000e+00
0.000000000000000000e+00,0.000000000000000000e+00
0.000000000000000000e+00,0.000000000000000000e+00
4.894367286002895993e-08,4.811607581645405824e-08
0.000000000000000000e+00,0.000000000000000000e+00
0.000000000000000000e+00,0.000000000000000000e+00
0.000000000000000000e+00,0.000000000000000000e+00
1.804308348588055037e-07,2.211457788826021396e-07
2.598958265464929429e-08,1.569909246917974853e-08
0.000000000000000000e+00,0.000000000000000000e+00
0.000000000000000000e+00,0.000000000000000000e+00
0.000000000000000000e+00,0.000000000000000000e+00
8.183856879105827949e-07,8.392034618737458306e-07
0.000000000000000000e+00,0.000000000000000000e+00
0.000000000000000000e+00,0.000000000000000000e+00
0.000000000000000000e+00,0.000000000000000000e+00
0.000000000000000000e+00,0.000000000000000000e+00
0.000000000000000000e+00,0.000000000000000000e+00
1.198184994290188839e-07,8.373476920205106473e-08
0.000000000000000000e+00,0.000000000000000000e+00
0.000000000000000000e+00,0.000000000000000000e+00
0.000000000000000000e+00,0.000000000000000000e+00
0.000000000000000000e+00,0.000000000000000000e+00
0.000000000000000000e+00,0.000000000000000000e+00
4.402292903110670636e-07,3.252697505836116233e-07
0.000000000000000000e+00,0.000000000000000000e+00
0.000000000000000000e+00,0.000000000000000000e+00
0.000000000000000000e+00,0.000000000000000000e+00
0.000000000000000000e+00,0.000000000000000000e+00
2.921598410011189926e-08,2.081541931881019410e-08
0.000000000000000000e+00,0.000000000000000000e+00
0.000000000000000000e+00,0.000000000000000000e+00
0.000000000000000000e+00,0.000000000000000000e+00
9.566678913579992979e-07,3.990595353135425683e-07
0.000000000000000000e+00,0.000000000000000000e+00
0.000000000000000000e+00,0.000000000000000000e+00
9.046514936044913167e-07,9.740507180494964506e-07
0.000000000000000000e+00,0.000000000000000000e+00
6.991630115149375722e-07,6.557900491421160783e-07
0.000000000000000000e+00,0.000000000000000000e+00
0.000000000000000000e+00,0.000000000000000000e+00
1.176023732019701090e-07,1.148613259055933241e-07
0.000000000000000000e+00,0.000000000000000000e+00
0.000000000000000000e+00,0.000000000000000000e+00
0.000000000000000000e+00,0.000000000000000000e+00
3.934002005602690163e-08,3.432232960383893901e-08
0.000000000000000000e+00,0.000000000000000000e+00
6.893394525638055392e-07,5.138437450119712557e-07
0.000000000000000000e+00,0.000000000000000000e+00
0.000000000000000000e+00,0.000000000000000000e+00
0.000000000000000000e+00,0.000000000000000000e+00
1.452576877532856358e-07,1.157924637416109959e-07
0.000000000000000000e+00,0.000000000000000000e+00
3.529287440661167658e-07,3.698492023790473069e-07
0.000000000000000000e+00,0.000000000000000000e+00
0.000000000000000000e+00,0.000000000000000000e+00
4.852414840268876375e-07,4.863027518707733026e-07
8.927771283410142888e-07,9.768697034852988646e-07
0.000000000000000000e+00,0.000000000000000000e+00
0.000000000000000000e+00,0.000000000000000000e+00
0.000000000000000000e+00,0.000000000000000000e+00
0.000000000000000000e+00,0.000000000000000000e+00
0.000000000000000000e+00,0.000000000000000000e+00
3.602766105429380925e-07,3.419100806205761425e-07
1.405459751915099757e-07,1.277416064763387255e-07
4.599634206199729170e-07,4.551103205392474319e-07
0.000000000000000000e+00,0.000000000000000000e+00
0.000000000000000000e+00,0.000000000000000000e+00
0.000000000000000000e+00,0.000000000000000000e+00
5.606388319941733872e-07,3.821935402430758374e-07
1.234282418951547544e-07,9.931860621005525487e-08
5.505169810067130962e-07,3.606210035182046403e-07
0.000000000000000000e+00,0.000000000000000000e+00
2.939971786148104400e-07,3.214589675639977146e-07
1.043760774285368867e-06,1.040377217094762730e-06
3.113854348166141856e-07,3.016873537093481951e-07
0.000000000000000000e+00,0.000000000000000000e+00
0.000000000000000000e+00,0.000000000000000000e+00
3.091561540570263031e-07,1.264644636818560950e-07
0.000000000000000000e+00,0.000000000000000000e+00
0.000000000000000000e+00,0.000000000000000000e+00
0.000000000000000000e+00,0.000000000000000000e+00
1.968854885400188435e-07,1.700113615669377189e-07
0.000000000000000000e+00,0.000000000000000000e+00
0.000000000000000000e+00,0.000000000000000000e+00
0.000000000000000000e+00,0.000000000000000000e+00
0.000000000000000000e+00,0.000000000000000000e+00
1.098601607523435812e-08,8.088184490777712343e-09
0.000000000000000000e+00,0.000000000000000000e+00
1.431949343956829759e-07,1.364181177526183390e-07
0.000000000000000000e+00,0.000000000000000000e+00
0.000000000000000000e+00,0.000000000000000000e+00
0.000000000000000000e+00,0.000000000000000000e+00
0.000000000000000000e+00,0.000000000000000000e+00
0.000000000000000000e+00,0.000000000000000000e+00
0.000000000000000000e+00,0.000000000000000000e+00
0.000000000000000000e+00,0.000000000000000000e+00
0.000000000000000000e+00,0.000000000000000000e+00
0.000000000000000000e+00,0.000000000000000000e+00
3.168653227702620256e-08,2.857484841131830315e-08
0.000000000000000000e+00,0.000000000000000000e+00
6.517216241616958666e-07,4.639285616973146530e-07
0.000000000000000000e+00,0.000000000000000000e+00
0.000000000000000000e+00,0.000000000000000000e+00
1.676340143557095823e-07,1.697362259059558422e-07
0.000000000000000000e+00,0.000000000000000000e+00
0.000000000000000000e+00,0.000000000000000000e+00
5.218027137783945010e-07,2.751730016275271404e-07
0.000000000000000000e+00,0.000000000000000000e+00
0.000000000000000000e+00,0.000000000000000000e+00
5.272144449435807217e-07,3.210074720566469450e-07
1.303002130646776364e-07,7.917847699789628037e-08
2.354420790276118648e-07,2.013061276563647988e-07
0.000000000000000000e+00,0.000000000000000000e+00
9.329368994754274856e-08,5.626682309589100848e-08
0.000000000000000000e+00,0.000000000000000000e+00
0.000000000000000000e+00,0.000000000000000000e+00
5.173251637132718245e-08,5.404067511198405504e-08
0.000000000000000000e+00,0.000000000000000000e+00
0.000000000000000000e+00,0.000000000000000000e+00
0.000000000000000000e+00,0.000000000000000000e+00
0.000000000000000000e+00,0.000000000000000000e+00
0.000000000000000000e+00,0.000000000000000000e+00
0.000000000000000000e+00,0.000000000000000000e+00
5.653418116421873035e-07,2.810135968451171915e-07
0.000000000000000000e+00,0.000000000000000000e+00
0.000000000000000000e+00,0.000000000000000000e+00
5.629999002689691781e-07,4.689865511085733203e-07
3.828068998921530148e-07,3.031625366812005826e-07
0.000000000000000000e+00,0.000000000000000000e+00
0.000000000000000000e+00,0.000000000000000000e+00
0.000000000000000000e+00,0.000000000000000000e+00
0.000000000000000000e+00,0.000000000000000000e+00
0.000000000000000000e+00,0.000000000000000000e+00
0.000000000000000000e+00,0.000000000000000000e+00
0.000000000000000000e+00,0.000000000000000000e+00
3.083034407008418493e-07,4.335278026881176143e-07
0.000000000000000000e+00,0.000000000000000000e+00
7.480735979779745790e-08,6.568932092068575375e-08
0.000000000000000000e+00,0.000000000000000000e+00
0.000000000000000000e+00,0.000000000000000000e+00
0.000000000000000000e+00,0.000000000000000000e+00
0.000000000000000000e+00,0.000000000000000000e+00
6.387085248406966371e-07,6.253928001277857293e-07
0.000000000000000000e+00,0.000000000000000000e+00
0.000000000000000000e+00,0.000000000000000000e+00
4.160866533784484949e-07,3.776664148090038494e-07
0.000000000000000000e+00,0.000000000000000000e+00
0.000000000000000000e+00,0.000000000000000000e+00
0.000000000000000000e+00,0.000000000000000000e+00
0.000000000000000000e+00,0.000000000000000000e+00
2.937612964896403596e-07,2.266484754520696713e-07
1.391423043567037076e-06,1.237512604922317862e-06
4.195707674549439046e-07,3.466915230852604392e-07
0.000000000000000000e+00,0.000000000000000000e+00
0.000000000000000000e+00,0.000000000000000000e+00
3.450666556561125098e-07,3.353502091498726984e-07
0.000000000000000000e+00,0.000000000000000000e+00
0.000000000000000000e+00,0.000000000000000000e+00
0.000000000000000000e+00,0.000000000000000000e+00
1.456665720380113042e-07,1.352044514065464257e-07
0.000000000000000000e+00,0.000000000000000000e+00
0.000000000000000000e+00,0.000000000000000000e+00
0.000000000000000000e+00,0.000000000000000000e+00
7.785260919854831611e-07,4.142277583892455114e-07
1.153011828247508255e-07,3.559714845290396931e-08
0.000000000000000000e+00,0.000000000000000000e+00
0.000000000000000000e+00,0.000000000000000000e+00
1.128100116879132181e-07,1.011588150045970232e-07
0.000000000000000000e+00,0.000000000000000000e+00
0.000000000000000000e+00,0.000000000000000000e+00
1.289043932592016079e-07,8.604270260102572986e-08
1.509256710614294055e-07,8.860632971524167000e-08
0.000000000000000000e+00,0.000000000000000000e+00
0.000000000000000000e+00,0.000000000000000000e+00
0.000000000000000000e+00,0.000000000000000000e+00
3.463147950113497240e-07,2.428192476902190590e-07
6.579680627360115638e-07,6.644772299451741402e-07
4.355275623574977530e-07,3.394395809298004930e-07
0.000000000000000000e+00,0.000000000000000000e+00
0.000000000000000000e+00,0.000000000000000000e+00
3.953316507612184348e-07,1.196537792071656635e-07
2.655407452631002754e-07,1.798316694326578473e-07
0.000000000000000000e+00,0.000000000000000000e+00
3.649809502628170999e-07,3.147224836528712467e-07
0.000000000000000000e+00,0.000000000000000000e+00
0.000000000000000000e+00,0.000000000000000000e+00
5.542809612903318745e-07,5.401867992016644666e-07
0.000000000000000000e+00,0.000000000000000000e+00
7.616848179898697067e-08,4.471860456463418537e-08
0.000000000000000000e+00,0.000000000000000000e+00
6.585644700251111961e-08,3.959275349613250223e-08
0.000000000000000000e+00,0.000000000000000000e+00
0.000000000000000000e+00,0.000000000000000000e+00
6.518336669258953061e-07,5.212092039084685784e-07
0.000000000000000000e+00,0.000000000000000000e+00
0.000000000000000000e+00,0.000000000000000000e+00
0.000000000000000000e+00,0.000000000000000000e+00
0.000000000000000000e+00,0.000000000000000000e+00
0.000000000000000000e+00,0.000000000000000000e+00
7.758736568535212189e-07,8.334593838552304116e-07
0.000000000000000000e+00,0.000000000000000000e+00
0.000000000000000000e+00,0.000000000000000000e+00
0.000000000000000000e+00,0.000000000000000000e+00
0.000000000000000000e+00,0.000000000000000000e+00
4.271770686607151293e-08,4.487034180891036694e-08
0.000000000000000000e+00,0.000000000000000000e+00
1.843524594526315696e-07,1.792464300203954290e-07
0.000000000000000000e+00,0.000000000000000000e+00
1.450309886931757714e-07,1.283594440849407426e-07
5.332657026635767643e-07,4.380160460785697216e-07
2.435990253999595819e-07,2.224659510293996758e-07
0.000000000000000000e+00,0.000000000000000000e+00
0.000000000000000000e+00,0.000000000000000000e+00
3.018303203293767352e-08,3.030748346189778618e-08
0.000000000000000000e+00,0.000000000000000000e+00
0.000000000000000000e+00,0.000000000000000000e+00
0.000000000000000000e+00,0.000000000000000000e+00
2.190549890282259286e-07,1.281366212171814243e-07
0.000000000000000000e+00,0.000000000000000000e+00
0.000000000000000000e+00,0.000000000000000000e+00
0.000000000000000000e+00,0.000000000000000000e+00
0.000000000000000000e+00,0.000000000000000000e+00
0.000000000000000000e+00,0.000000000000000000e+00
1.455046599405870865e-07,1.329569229417463175e-07
4.636780051182856062e-07,6.145664611609771329e-07
0.000000000000000000e+00,0.000000000000000000e+00
6.075610787880887335e-07,5.062413104792141305e-07
4.053209268221820757e-08,2.846433580324738252e-08
0.000000000000000000e+00,0.000000000000000000e+00
0.000000000000000000e+00,0.000000000000000000e+00
0.000000000000000000e+00,0.000000000000000000e+00
0.000000000000000000e+00,0.000000000000000000e+00
0.000000000000000000e+00,0.000000000000000000e+00
0.000000000000000000e+00,0.000000000000000000e+00
0.000000000000000000e+00,0.000000000000000000e+00
3.699968962218629901e-07,3.597786613799461804e-07
2.654709925657779395e-07,2.656609827388246734e-07
0.000000000000000000e+00,0.000000000000000000e+00
8.864352294593612071e-07,7.111701019892073520e-07
2.051534328891187482e-07,1.703476544761255312e-07
4.207551203752695265e-07,1.330147475794704451e-07
0.000000000000000000e+00,0.000000000000000000e+00
8.322928230272139709e-08,5.485603993230399975e-08
0.000000000000000000e+00,0.000000000000000000e+00
1.328236184197260072e-08,3.406971331593494921e-08
0.000000000000000000e+00,0.000000000000000000e+00
0.000000000000000000e+00,0.000000000000000000e+00
0.000000000000000000e+00,0.000000000000000000e+00
1.391098348245417472e-06,9.989859097462158137e-07
6.615370369966283902e-08,3.935664120748330886e-08
1.675083042702709133e-07,1.265250901905548170e-07
1.011929398463789207e-07,8.027348711863663891e-08
0.000000000000000000e+00,0.000000000000000000e+00
0.000000000000000000e+00,0.000000000000000000e+00
0.000000000000000000e+00,0.000000000000000000e+00
0.000000000000000000e+00,0.000000000000000000e+00
0.000000000000000000e+00,0.000000000000000000e+00
0.000000000000000000e+00,0.000000000000000000e+00
0.000000000000000000e+00,0.000000000000000000e+00
7.250936516553067739e-08,7.025671382162204773e-08
0.000000000000000000e+00,0.000000000000000000e+00
0.000000000000000000e+00,0.000000000000000000e+00
4.347660262734382812e-07,4.298734324038151550e-07
0.000000000000000000e+00,0.000000000000000000e+00
5.946098063678105972e-07,4.230521769449830152e-07
1.305682351905410757e-06,1.235828856039694877e-06
0.000000000000000000e+00,0.000000000000000000e+00
0.000000000000000000e+00,0.000000000000000000e+00
5.277437606998107532e-07,4.144189285476496321e-07
0.000000000000000000e+00,0.000000000000000000e+00
0.000000000000000000e+00,0.000000000000000000e+00
0.000000000000000000e+00,0.000000000000000000e+00
5.451929188626406251e-08,2.743166029471580776e-08
0.000000000000000000e+00,0.000000000000000000e+00
0.000000000000000000e+00,0.000000000000000000e+00
6.273118977841075805e-07,5.713400169970177441e-07
4.620954046823738643e-07,4.594050068538008450e-07
0.000000000000000000e+00,0.000000000000000000e+00
1.438491484427782021e-07,7.939696050383070170e-08
0.000000000000000000e+00,0.000000000000000000e+00
4.852123376735097733e-07,4.300537586227334245e-07
0.000000000000000000e+00,0.000000000000000000e+00
2.967412548573315890e-07,2.121224326211890329e-07
1.265555376173466226e-07,1.169742254766014393e-07
0.000000000000000000e+00,0.000000000000000000e+00
5.646032317428757749e-07,4.308430647872151721e-07
0.000000000000000000e+00,0.000000000000000000e+00
0.000000000000000000e+00,0.000000000000000000e+00
0.000000000000000000e+00,0.000000000000000000e+00
1.555719509029963502e-07,1.458002932340106917e-07
0.000000000000000000e+00,0.000000000000000000e+00
0.000000000000000000e+00,0.000000000000000000e+00
3.365160089642101317e-07,2.484152428537694489e-07
0.000000000000000000e+00,0.000000000000000000e+00
0.000000000000000000e+00,0.000000000000000000e+00
0.000000000000000000e+00,0.000000000000000000e+00
1.456658051907389384e-07,1.701490624396636848e-07
0.000000000000000000e+00,0.000000000000000000e+00
2.183740418534255350e-08,1.460170175272753613e-08
0.000000000000000000e+00,0.000000000000000000e+00
0.000000000000000000e+00,0.000000000000000000e+00
3.018248020362357924e-07,1.319350758539829094e-07
0.000000000000000000e+00,0.000000000000000000e+00
5.324906589560422530e-08,4.302140327554464647e-08
0.000000000000000000e+00,0.000000000000000000e+00
0.000000000000000000e+00,0.000000000000000000e+00
7.759520129301008887e-07,6.001057814831121104e-07
0.000000000000000000e+00,0.000000000000000000e+00
0.000000000000000000e+00,0.000000000000000000e+00
0.000000000000000000e+00,0.000000000000000000e+00
0.000000000000000000e+00,0.000000000000000000e+00
0.000000000000000000e+00,0.000000000000000000e+00
1.482683089087328324e-07,8.374340286490171603e-08
0.000000000000000000e+00,0.000000000000000000e+00
0.000000000000000000e+00,0.000000000000000000e+00
9.061589390149499977e-08,8.313453448961970567e-08
0.000000000000000000e+00,0.000000000000000000e+00
2.801885026973584554e-07,2.123101034335646167e-07
0.000000000000000000e+00,0.000000000000000000e+00
0.000000000000000000e+00,0.000000000000000000e+00
0.000000000000000000e+00,0.000000000000000000e+00
0.000000000000000000e+00,0.000000000000000000e+00
0.000000000000000000e+00,0.000000000000000000e+00
4.028625215257041515e-08,3.242773975941277260e-08
0.000000000000000000e+00,0.000000000000000000e+00
0.000000000000000000e+00,0.000000000000000000e+00
0.000000000000000000e+00,0.000000000000000000e+00
0.000000000000000000e+00,0.000000000000000000e+00
9.158442458609665007e-07,5.055697994731289988e-07
0.000000000000000000e+00,0.000000000000000000e+00
5.929626186788461956e-07,5.596307326111534331e-07
0.000000000000000000e+00,0.000000000000000000e+00
4.804984258535954397e-07,3.119590180946453243e-07
0.000000000000000000e+00,0.000000000000000000e+00
0.000000000000000000e+00,0.000000000000000000e+00
1.964849847226816255e-07,1.740492297169487598e-07
0.000000000000000000e+00,0.000000000000000000e+00
0.000000000000000000e+00,0.000000000000000000e+00
4.133211970339042927e-07,4.224164097013609523e-07
0.000000000000000000e+00,0.000000000000000000e+00
7.096512010432093418e-08,4.923553735651168048e-08
0.000000000000000000e+00,0.000000000000000000e+00
1.953737195874339979e-07,2.002938615206161009e-07
0.000000000000000000e+00,0.000000000000000000e+00
0.000000000000000000e+00,0.000000000000000000e+00
0.000000000000000000e+00,0.000000000000000000e+00
0.000000000000000000e+00,0.000000000000000000e+00
0.000000000000000000e+00,0.000000000000000000e+00
0.000000000000000000e+00,0.000000000000000000e+00
5.032995025636547995e-07,4.469171013559191152e-07
0.000000000000000000e+00,0.000000000000000000e+00
0.000000000000000000e+00,0.000000000000000000e+00
0.000000000000000000e+00,0.000000000000000000e+00
0.000000000000000000e+00,0.000000000000000000e+00
3.632302607331762021e-07,3.340757475261430007e-07
4.156772186684149213e-07,3.039948187308377268e-07
0.000000000000000000e+00,0.000000000000000000e+00
0.000000000000000000e+00,0.000000000000000000e+00
1.227876195358273995e-07,7.718631483606933786e-08
0.000000000000000000e+00,0.000000000000000000e+00
2.043648974454878871e-07,1.526141591207401662e-07
0.000000000000000000e+00,0.000000000000000000e+00
0.000000000000000000e+00,0.000000000000000000e+00
0.000000000000000000e+00,0.000000000000000000e+00
0.000000000000000000e+00,0.000000000000000000e+00
0.000000000000000000e+00,0.000000000000000000e+00
0.000000000000000000e+00,0.000000000000000000e+00
0.000000000000000000e+00,0.000000000000000000e+00
8.165036532068985727e-08,5.798958677300139963e-08
5.005488462135815430e-07,3.538095914982192359e-07
0.000000000000000000e+00,0.000000000000000000e+00
0.000000000000000000e+00,0.000000000000000000e+00
6.918326836875718613e-07,5.622192234799777328e-07
4.622505503357685553e-07,4.054804506683582223e-07
7.765409126978150342e-08,4.925415238403423078e-08
0.000000000000000000e+00,0.000000000000000000e+00
4.916156120239839183e-07,3.755007456422553174e-07
5.213674237192536713e-07,5.018758867559044811e-07
7.885421876131097222e-08,4.449035611211535647e-08
0.000000000000000000e+00,0.000000000000000000e+00
0.000000000000000000e+00,0.000000000000000000e+00
6.573144709562540505e-07,4.760154935134677259e-07
0.000000000000000000e+00,0.000000000000000000e+00
4.186098191282985911e-07,3.824092194979452788e-07
0.000000000000000000e+00,0.000000000000000000e+00
4.174861580847800052e-07,2.644883700674610635e-07
0.000000000000000000e+00,0.000000000000000000e+00
0.000000000000000000e+00,0.000000000000000000e+00
0.000000000000000000e+00,0.000000000000000000e+00
0.000000000000000000e+00,0.000000000000000000e+00
6.180242785100374267e-07,4.998354137721645435e-07
0.000000000000000000e+00,0.000000000000000000e+00
0.000000000000000000e+00,0.000000000000000000e+00
0.000000000000000000e+00,0.000000000000000000e+00
7.029932811165930933e-07,2.105064623663810581e-07
2.321144184322492153e-07,2.201373876262426745e-07
0.000000000000000000e+00,0.000000000000000000e+00
0.000000000000000000e+00,0.000000000000000000e+00
0.000000000000000000e+00,0.000000000000000000e+00
2.325873676866249956e-07,9.773139668086675905e-08
8.149814318983859465e-08,2.510100054677508112e-08
0.000000000000000000e+00,0.000000000000000000e+00
3.596824610721141442e-07,3.085357656877436621e-07
4.800246172469539371e-07,4.475422264109985683e-07
0.000000000000000000e+00,0.000000000000000000e+00
1.082949101760633430e-06,7.592937785961729811e-07
0.000000000000000000e+00,0.000000000000000000e+00
0.000000000000000000e+00,0.000000000000000000e+00
0.000000000000000000e+00,0.000000000000000000e+00
2.051612196897183820e-07,2.153016838616392291e-07
2.267909415336444219e-07,1.489697622124703534e-07
0.000000000000000000e+00,0.000000000000000000e+00
3.315656454574083548e-07,2.996827601214291085e-07
0.000000000000000000e+00,0.000000000000000000e+00
2.843823553899440339e-07,2.377483361588404031e-07
0.000000000000000000e+00,0.000000000000000000e+00
6.008923578954665588e-07,2.786871980285158567e-07
0.000000000000000000e+00,0.000000000000000000e+00
0.000000000000000000e+00,0.000000000000000000e+00
1.317833638669824024e-07,9.198233065999297350e-08
7.884441952341412496e-07,7.265021962867500596e-07
0.000000000000000000e+00,0.000000000000000000e+00
7.068288680107898830e-07,5.295310683357955320e-07
0.000000000000000000e+00,0.000000000000000000e+00
0.000000000000000000e+00,0.000000000000000000e+00
5.977920680526063234e-08,8.976737612812011230e-08
0.000000000000000000e+00,0.000000000000000000e+00
0.000000000000000000e+00,0.000000000000000000e+00
4.746284553918323753e-07,5.258215886024598826e-07
3.427530974617917550e-07,3.286883684830562952e-07
0.000000000000000000e+00,0.000000000000000000e+00
0.000000000000000000e+00,0.000000000000000000e+00
0.000000000000000000e+00,0.000000000000000000e+00
0.000000000000000000e+00,0.000000000000000000e+00
1.227387572904849207e-06,1.023630151869129529e-06
0.000000000000000000e+00,0.000000000000000000e+00
0.000000000000000000e+00,0.000000000000000000e+00
2.798362129961782637e-07,2.850075128425397122e-07
0.000000000000000000e+00,0.000000000000000000e+00
0.000000000000000000e+00,0.000000000000000000e+00
0.000000000000000000e+00,0.000000000000000000e+00
9.806947617619445581e-08,6.362118866976459977e-08
0.000000000000000000e+00,0.000000000000000000e+00
0.000000000000000000e+00,0.000000000000000000e+00
9.055539198606956227e-08,5.778505835113792145e-08
9.647430485970372482e-07,7.472141978238020726e-07
0.000000000000000000e+00,0.000000000000000000e+00
0.000000000000000000e+00,0.000000000000000000e+00
9.461117671674356931e-09,6.481959416970738577e-09
0.000000000000000000e+00,0.000000000000000000e+00
0.000000000000000000e+00,0.000000000000000000e+00
2.880500340054574923e-07,2.665294878196701669e-07
0.000000000000000000e+00,0.000000000000000000e+00
0.000000000000000000e+00,0.000000000000000000e+00
0.000000000000000000e+00,0.000000000000000000e+00
0.000000000000000000e+00,0.000000000000000000e+00
5.635873995003826962e-08,4.508778096040874647e-08
0.000000000000000000e+00,0.000000000000000000e+00
0.000000000000000000e+00,0.000000000000000000e+00
3.939451066011451975e-07,3.997024959218543953e-07
0.000000000000000000e+00,0.000000000000000000e+00
0.000000000000000000e+00,0.000000000000000000e+00
0.000000000000000000e+00,0.000000000000000000e+00
0.000000000000000000e+00,0.000000000000000000e+00
0.000000000000000000e+00,0.000000000000000000e+00
1.911898170010111767e-07,1.684377087465596349e-07
6.689617457362536438e-07,6.714981981618272053e-07
0.000000000000000000e+00,0.000000000000000000e+00
0.000000000000000000e+00,0.000000000000000000e+00
4.214529758332071434e-07,4.814449061260808648e-07
0.000000000000000000e+00,0.000000000000000000e+00
0.000000000000000000e+00,0.000000000000000000e+00
0.000000000000000000e+00,0.000000000000000000e+00
0.000000000000000000e+00,0.000000000000000000e+00
0.000000000000000000e+00,0.000000000000000000e+00
5.269737821769007873e-07,5.060575869654129994e-07
0.000000000000000000e+00,0.000000000000000000e+00
0.000000000000000000e+00,0.000000000000000000e+00
0.000000000000000000e+00,0.000000000000000000e+00
0.000000000000000000e+00,0.000000000000000000e+00
0.000000000000000000e+00,0.000000000000000000e+00
0.000000000000000000e+00,0.000000000000000000e+00
0.000000000000000000e+00,0.000000000000000000e+00
5.455007133996761357e-08,5.786256997694381806e-08
0.000000000000000000e+00,0.000000000000000000e+00
0.000000000000000000e+00,0.000000000000000000e+00
0.000000000000000000e+00,0.000000000000000000e+00
0.000000000000000000e+00,0.000000000000000000e+00
5.504418078821663796e-07,4.570587268394307492e-07
0.000000000000000000e+00,0.000000000000000000e+00
0.000000000000000000e+00,0.000000000000000000e+00
0.000000000000000000e+00,0.000000000000000000e+00
6.624083675216547358e-08,1.838553827741093168e-08
7.891660740871779720e-08,7.583761866317065318e-08
0.000000000000000000e+00,0.000000000000000000e+00
0.000000000000000000e+00,0.000000000000000000e+00
0.000000000000000000e+00,0.000000000000000000e+00
0.000000000000000000e+00,0.000000000000000000e+00
8.218206108181801717e-07,5.622117381456438291e-07
0.000000000000000000e+00,0.000000000000000000e+00
0.000000000000000000e+00,0.000000000000000000e+00
0.000000000000000000e+00,0.000000000000000000e+00
0.000000000000000000e+00,0.000000000000000000e+00
2.680611214954301759e-07,4.115195870218490617e-07
0.000000000000000000e+00,0.000000000000000000e+00
0.000000000000000000e+00,0.000000000000000000e+00
0.000000000000000000e+00,0.000000000000000000e+00
0.000000000000000000e+00,0.000000000000000000e+00
0.000000000000000000e+00,0.000000000000000000e+00
0.000000000000000000e+00,0.000000000000000000e+00
1.239654925412869942e-06,1.285338905861677292e-06
3.150333039315945228e-07,2.878155697174355955e-07
0.000000000000000000e+00,0.000000000000000000e+00
3.692155108830369676e-07,3.158315006908576790e-07
0.000000000000000000e+00,0.000000000000000000e+00
1.010973946089024936e-08,9.471459464672725867e-09
3.679711216180264946e-07,3.198628046749682764e-07
0.000000000000000000e+00,0.000000000000000000e+00
0.000000000000000000e+00,0.000000000000000000e+00
0.000000000000000000e+00,0.000000000000000000e+00
0.000000000000000000e+00,0.000000000000000000e+00
0.000000000000000000e+00,0.000000000000000000e+00
0.000000000000000000e+00,0.000000000000000000e+00
0.000000000000000000e+00,0.000000000000000000e+00
0.000000000000000000e+00,0.000000000000000000e+00
0.000000000000000000e+00,0.000000000000000000e+00
0.000000000000000000e+00,0.000000000000000000e+00
0.000000000000000000e+00,0.000000000000000000e+00
0.000000000000000000e+00,0.000000000000000000e+00
0.000000000000000000e+00,0.000000000000000000e+00
3.137004867079066468e-07,2.903684597356108392e-07
0.000000000000000000e+00,0.000000000000000000e+00
1.573912195898621871e-07,1.550235892900729083e-07
3.293262202162371330e-07,1.654184308270309300e-07
0.000000000000000000e+00,0.000000000000000000e+00
2.923841486559351546e-07,3.006745040203563571e-07
0.000000000000000000e+00,0.000000000000000000e+00
0.000000000000000000e+00,0.000000000000000000e+00
2.622431706542456105e-07,3.354317009200003946e-07
0.000000000000000000e+00,0.000000000000000000e+00
0.000000000000000000e+00,0.000000000000000000e+00
0.000000000000000000e+00,0.000000000000000000e+00
0.000000000000000000e+00,0.000000000000000000e+00
0.000000000000000000e+00,0.000000000000000000e+00
0.000000000000000000e+00,0.000000000000000000e+00
0.000000000000000000e+00,0.000000000000000000e+00
0.000000000000000000e+00,0.000000000000000000e+00
0.000000000000000000e+00,0.000000000000000000e+00
0.000000000000000000e+00,0.000000000000000000e+00
0.000000000000000000e+00,0.000000000000000000e+00
0.000000000000000000e+00,0.000000000000000000e+00
0.000000000000000000e+00,0.000000000000000000e+00
0.000000000000000000e+00,0.000000000000000000e+00
2.301804727443107260e-07,4.070596705789947850e-07
0.000000000000000000e+00,0.000000000000000000e+00
1.847409669684887456e-07,1.333868609956478394e-07
0.000000000000000000e+00,0.000000000000000000e+00
0.000000000000000000e+00,0.000000000000000000e+00
7.175941769296341873e-07,7.347565891582106247e-07
0.000000000000000000e+00,0.000000000000000000e+00
3.835480015654962071e-07,3.604163502828287896e-07
1.297737532531414991e-07,8.160799771607854436e-08
1.694689416770589695e-07,8.500364960554443167e-08
0.000000000000000000e+00,0.000000000000000000e+00
0.000000000000000000e+00,0.000000000000000000e+00
0.000000000000000000e+00,0.000000000000000000e+00
0.000000000000000000e+00,0.000000000000000000e+00
3.901337431616162012e-07,3.178180598424802210e-07
0.000000000000000000e+00,0.000000000000000000e+00
0.000000000000000000e+00,0.000000000000000000e+00
0.000000000000000000e+00,0.000000000000000000e+00
0.000000000000000000e+00,0.000000000000000000e+00
9.539336385154266236e-08,5.730943414108250243e-08
1.028365138406315122e-07,9.350010059349600369e-08
0.000000000000000000e+00,0.000000000000000000e+00
5.328020344300752214e-08,4.193289082827542946e-08
2.493967316027116902e-07,2.518521012704423404e-07
0.000000000000000000e+00,0.000000000000000000e+00
0.000000000000000000e+00,0.000000000000000000e+00
3.391308665631102675e-08,2.001346377113142728e-08
0.000000000000000000e+00,0.000000000000000000e+00
3.305087827476959822e-07,3.275890087498011207e-07
7.030026548699531037e-07,7.050108469197735788e-07
3.740763109887095642e-07,4.127225387707864833e-07
0.000000000000000000e+00,0.000000000000000000e+00
0.000000000000000000e+00,0.000000000000000000e+00
4.787400861592063458e-08,4.127340515980393752e-08
0.000000000000000000e+00,0.000000000000000000e+00
0.000000000000000000e+00,0.000000000000000000e+00
0.000000000000000000e+00,0.000000000000000000e+00
4.559727344696606488e-07,4.266436480682973905e-07
0.000000000000000000e+00,0.000000000000000000e+00
4.388523689458074604e-08,4.180970114219803415e-08
0.000000000000000000e+00,0.000000000000000000e+00
6.416580207603452468e-08,4.401645045863574974e-08
0.000000000000000000e+00,0.000000000000000000e+00
0.000000000000000000e+00,0.000000000000000000e+00
0.000000000000000000e+00,0.000000000000000000e+00
7.340294964136586915e-08,6.629969957074617692e-08
0.000000000000000000e+00,0.000000000000000000e+00
0.000000000000000000e+00,0.000000000000000000e+00
0.000000000000000000e+00,0.000000000000000000e+00
0.000000000000000000e+00,0.000000000000000000e+00
0.000000000000000000e+00,0.000000000000000000e+00
0.000000000000000000e+00,0.000000000000000000e+00
5.093062223817917953e-07,2.888690225378896032e-07
0.000000000000000000e+00,0.000000000000000000e+00
0.000000000000000000e+00,0.000000000000000000e+00
6.652212863818395707e-08,7.031825320447604243e-08
6.291338665173344427e-07,6.653802704009459240e-07
0.000000000000000000e+00,0.000000000000000000e+00
0.000000000000000000e+00,0.000000000000000000e+00
0.000000000000000000e+00,0.000000000000000000e+00
0.000000000000000000e+00,0.000000000000000000e+00
0.000000000000000000e+00,0.000000000000000000e+00
0.000000000000000000e+00,0.000000000000000000e+00
0.000000000000000000e+00,0.000000000000000000e+00
0.000000000000000000e+00,0.000000000000000000e+00
0.000000000000000000e+00,0.000000000000000000e+00
5.924493643879212874e-08,3.161179583054260835e-08
0.000000000000000000e+00,0.000000000000000000e+00
0.000000000000000000e+00,0.000000000000000000e+00
0.000000000000000000e+00,0.000000000000000000e+00
1.888736081006971646e-07,1.464213395678300795e-07
1.500393956617723772e-07,1.435354043823628262e-07
0.000000000000000000e+00,0.000000000000000000e+00
0.000000000000000000e+00,0.000000000000000000e+00
0.000000000000000000e+00,0.000000000000000000e+00
0.000000000000000000e+00,0.000000000000000000e+00
7.081656099314456312e-07,6.502044998856302802e-07
0.000000000000000000e+00,0.000000000000000000e+00
0.000000000000000000e+00,0.000000000000000000e+00
0.000000000000000000e+00,0.000000000000000000e+00
6.408496072187360032e-09,5.595722229961974089e-09
6.187876027357007704e-07,5.999571880495990703e-07
0.000000000000000000e+00,0.000000000000000000e+00
0.000000000000000000e+00,0.000000000000000000e+00
1.853204917150509490e-07,1.361039792397940105e-07
0.000000000000000000e+00,0.000000000000000000e+00
0.000000000000000000e+00,0.000000000000000000e+00
0.000000000000000000e+00,0.000000000000000000e+00
0.000000000000000000e+00,0.000000000000000000e+00
2.593626125136285633e-07,2.497409643616062676e-07
0.000000000000000000e+00,0.000000000000000000e+00
2.443334705221175201e-07,1.949501919764927085e-07
0.000000000000000000e+00,0.000000000000000000e+00
0.000000000000000000e+00,0.000000000000000000e+00
0.000000000000000000e+00,0.000000000000000000e+00
7.382053936901766941e-07,5.577630704351786934e-07
0.000000000000000000e+00,0.000000000000000000e+00
0.000000000000000000e+00,0.000000000000000000e+00
0.000000000000000000e+00,0.000000000000000000e+00
0.000000000000000000e+00,0.000000000000000000e+00
3.289237065335028085e-07,1.171990756788587215e-07
0.000000000000000000e+00,0.000000000000000000e+00
0.000000000000000000e+00,0.000000000000000000e+00
0.000000000000000000e+00,0.000000000000000000e+00
0.000000000000000000e+00,0.000000000000000000e+00
0.000000000000000000e+00,0.000000000000000000e+00
0.000000000000000000e+00,0.000000000000000000e+00
0.000000000000000000e+00,0.000000000000000000e+00
0.000000000000000000e+00,0.000000000000000000e+00
0.000000000000000000e+00,0.000000000000000000e+00
2.247114002627633859e-07,2.200658098486593319e-07
2.420399401513352039e-07,2.395924588071208204e-07
0.000000000000000000e+00,0.000000000000000000e+00
2.901369621995634179e-07,1.191896337403663556e-07
7.891440786094534476e-07,7.211806417231601481e-07
1.066629437449390192e-07,6.902189740657363540e-08
0.000000000000000000e+00,0.000000000000000000e+00
0.000000000000000000e+00,0.000000000000000000e+00
3.505918343589943215e-07,3.256018840344853672e-07
0.000000000000000000e+00,0.000000000000000000e+00
2.161372305360097139e-07,1.545321692033295455e-07
1.928541842936102268e-07,1.763194201288865651e-07
0.000000000000000000e+00,0.000000000000000000e+00
0.000000000000000000e+00,0.000000000000000000e+00
0.000000000000000000e+00,0.000000000000000000e+00
1.482709164760036190e-08,7.219290056529617977e-09
0.000000000000000000e+00,0.000000000000000000e+00
0.000000000000000000e+00,0.000000000000000000e+00
2.315096953460820899e-07,2.042546455463419495e-07
0.000000000000000000e+00,0.000000000000000000e+00
0.000000000000000000e+00,0.000000000000000000e+00
3.224851397505244684e-07,2.575577206096471191e-07
0.000000000000000000e+00,0.000000000000000000e+00
7.790067850154700870e-09,5.344046904917701043e-09
4.370340846879215483e-07,3.815954332850760645e-07
0.000000000000000000e+00,0.000000000000000000e+00
0.000000000000000000e+00,0.000000000000000000e+00
0.000000000000000000e+00,0.000000000000000000e+00
0.000000000000000000e+00,0.000000000000000000e+00
4.456118558895276210e-08,3.090567355326331017e-08
8.081543085970967953e-09,1.106477654911355940e-08
6.116586028593705614e-08,5.148255006934030808e-08
0.000000000000000000e+00,0.000000000000000000e+00
0.000000000000000000e+00,0.000000000000000000e+00
0.000000000000000000e+00,0.000000000000000000e+00
0.000000000000000000e+00,0.000000000000000000e+00
0.000000000000000000e+00,0.000000000000000000e+00
0.000000000000000000e+00,0.000000000000000000e+00
9.232903257337310860e-08,2.292229009555841057e-08
0.000000000000000000e+00,0.000000000000000000e+00
0.000000000000000000e+00,0.000000000000000000e+00
0.000000000000000000e+00,0.000000000000000000e+00
0.000000000000000000e+00,0.000000000000000000e+00
2.343738862431076557e-07,1.779948615709288190e-07
1.103239018467971286e-07,4.530354503843223775e-08
0.000000000000000000e+00,0.000000000000000000e+00
8.635082015608928497e-08,7.822418723747196300e-08
0.000000000000000000e+00,0.000000000000000000e+00
0.000000000000000000e+00,0.000000000000000000e+00
0.000000000000000000e+00,0.000000000000000000e+00
3.299557382570537166e-07,1.568241018490677034e-07
5.003758050857436769e-07,3.775617241254186938e-07
0.000000000000000000e+00,0.000000000000000000e+00
0.000000000000000000e+00,0.000000000000000000e+00
0.000000000000000000e+00,0.000000000000000000e+00
0.000000000000000000e+00,0.000000000000000000e+00
0.000000000000000000e+00,0.000000000000000000e+00
3.171930592037722803e-07,2.253815858207877401e-07
1.595585646153651344e-07,1.447713657998046338e-07
0.000000000000000000e+00,0.000000000000000000e+00
0.000000000000000000e+00,0.000000000000000000e+00
1.070348101894403357e-08,8.191317403422895499e-09
0.000000000000000000e+00,0.000000000000000000e+00
0.000000000000000000e+00,0.000000000000000000e+00
0.000000000000000000e+00,0.000000000000000000e+00
0.000000000000000000e+00,0.000000000000000000e+00
0.000000000000000000e+00,0.000000000000000000e+00
0.000000000000000000e+00,0.000000000000000000e+00
7.499635871052363945e-07,7.256504070803322707e-07
0.000000000000000000e+00,0.000000000000000000e+00
0.000000000000000000e+00,0.000000000000000000e+00
0.000000000000000000e+00,0.000000000000000000e+00
0.000000000000000000e+00,0.000000000000000000e+00
0.000000000000000000e+00,0.000000000000000000e+00
2.670129951984707435e-07,3.073624728682721805e-07
0.000000000000000000e+00,0.000000000000000000e+00
0.000000000000000000e+00,0.000000000000000000e+00
3.429914146736849781e-07,2.330629094156689397e-07
0.000000000000000000e+00,0.000000000000000000e+00
1.250682355448902573e-07,7.048858716015955802e-08
0.000000000000000000e+00,0.000000000000000000e+00
0.000000000000000000e+00,0.000000000000000000e+00
0.000000000000000000e+00,0.000000000000000000e+00
0.000000000000000000e+00,0.000000000000000000e+00
0.000000000000000000e+00,0.000000000000000000e+00
0.000000000000000000e+00,0.000000000000000000e+00
0.000000000000000000e+00,0.000000000000000000e+00
0.000000000000000000e+00,0.000000000000000000e+00
0.000000000000000000e+00,0.000000000000000000e+00
2.230406632540419498e-07,2.324580741233273948e-07
0.000000000000000000e+00,0.000000000000000000e+00
0.000000000000000000e+00,0.000000000000000000e+00
9.999606106058088211e-08,4.986418652410598585e-08
3.204836464392841633e-07,2.997177414087058355e-07
2.804433586204763503e-07,2.713069893462232301e-07
0.000000000000000000e+00,0.000000000000000000e+00
0.000000000000000000e+00,0.000000000000000000e+00
0.000000000000000000e+00,0.000000000000000000e+00
1.185292945690726368e-07,6.660818494380739027e-08
0.000000000000000000e+00,0.000000000000000000e+00
1.376285255376086272e-07,1.038921197423157956e-07
0.000000000000000000e+00,0.000000000000000000e+00
0.000000000000000000e+00,0.000000000000000000e+00
0.000000000000000000e+00,0.000000000000000000e+00
6.700160596636929153e-08,5.157682181375190943e-08
2.699661643002523575e-07,2.551042956383148347e-07
0.000000000000000000e+00,0.000000000000000000e+00
5.365309845132436234e-08,3.918709369668923660e-08
1.433798501398715987e-07,1.690201993210317815e-07
0.000000000000000000e+00,0.000000000000000000e+00
0.000000000000000000e+00,0.000000000000000000e+00
0.000000000000000000e+00,0.000000000000000000e+00
0.000000000000000000e+00,0.000000000000000000e+00
3.706587836217866547e-07,1.757748216212200084e-07
0.000000000000000000e+00,0.000000000000000000e+00
0.000000000000000000e+00,0.000000000000000000e+00
0.000000000000000000e+00,0.000000000000000000e+00
8.559567268769758845e-08,6.231991550856485576e-08
0.000000000000000000e+00,0.000000000000000000e+00
0.000000000000000000e+00,0.000000000000000000e+00
0.000000000000000000e+00,0.000000000000000000e+00
2.210820552008722835e-07,2.113273990364574777e-07
0.000000000000000000e+00,0.000000000000000000e+00
0.000000000000000000e+00,0.000000000000000000e+00
0.000000000000000000e+00,0.000000000000000000e+00
0.000000000000000000e+00,0.000000000000000000e+00
0.000000000000000000e+00,0.000000000000000000e+00
5.447828631472569372e-07,4.403169146224546455e-07
0.000000000000000000e+00,0.000000000000000000e+00
0.000000000000000000e+00,0.000000000000000000e+00
0.000000000000000000e+00,0.000000000000000000e+00
4.373196485338218104e-07,3.198694360712921001e-07
0.000000000000000000e+00,0.000000000000000000e+00
0.000000000000000000e+00,0.000000000000000000e+00
5.061360275679224542e-08,3.512825703237194603e-08
0.000000000000000000e+00,0.000000000000000000e+00
1.366452427286686903e-07,1.161005976339384588e-07
5.292239140974278939e-08,1.834470620667977343e-08
0.000000000000000000e+00,0.000000000000000000e+00
0.000000000000000000e+00,0.000000000000000000e+00
0.000000000000000000e+00,0.000000000000000000e+00
0.000000000000000000e+00,0.000000000000000000e+00
0.000000000000000000e+00,0.000000000000000000e+00
0.000000000000000000e+00,0.000000000000000000e+00
0.000000000000000000e+00,0.000000000000000000e+00
0.000000000000000000e+00,0.000000000000000000e+00
0.000000000000000000e+00,0.000000000000000000e+00
3.291067291428421074e-07,2.899432152848151230e-07
5.274317556598666500e-08,4.639071487266050127e-08
0.000000000000000000e+00,0.000000000000000000e+00
0.000000000000000000e+00,0.000000000000000000e+00
6.351052018153648036e-07,4.875022624794755374e-07
0.000000000000000000e+00,0.000000000000000000e+00
0.000000000000000000e+00,0.000000000000000000e+00
0.000000000000000000e+00,0.000000000000000000e+00
5.328751890422296840e-07,3.432401043572061306e-07
3.880384228915827170e-07,4.229730148298791102e-07
7.924817834643834796e-08,4.489732157123096756e-08
0.000000000000000000e+00,0.000000000000000000e+00
3.373412380173891160e-08,1.997079435546994066e-08
0.000000000000000000e+00,0.000000000000000000e+00
0.000000000000000000e+00,0.000000000000000000e+00
0.000000000000000000e+00,0.000000000000000000e+00
0.000000000000000000e+00,0.000000000000000000e+00
0.000000000000000000e+00,0.000000000000000000e+00
3.287420134592235320e-07,2.982481439160388694e-07
0.000000000000000000e+00,0.000000000000000000e+00
6.571944850240941045e-07,6.671232671830433434e-07
0.000000000000000000e+00,0.000000000000000000e+00
3.027070821954666615e-07,3.143712452830595563e-07
0.000000000000000000e+00,0.000000000000000000e+00
0.000000000000000000e+00,0.000000000000000000e+00
0.000000000000000000e+00,0.000000000000000000e+00
1.027768766491325479e-07,1.006798407763541102e-07
3.132014954518175472e-08,2.747400358331204758e-08
0.000000000000000000e+00,0.000000000000000000e+00
0.000000000000000000e+00,0.000000000000000000e+00
7.112090563689475315e-07,4.784669048810947507e-07
0.000000000000000000e+00,0.000000000000000000e+00
0.000000000000000000e+00,0.000000000000000000e+00
2.242447514926880997e-07,2.197080864985783285e-07
0.000000000000000000e+00,0.000000000000000000e+00
0.000000000000000000e+00,0.000000000000000000e+00
0.000000000000000000e+00,0.000000000000000000e+00
0.000000000000000000e+00,0.000000000000000000e+00
0.000000000000000000e+00,0.000000000000000000e+00
4.830585537655607434e-07,3.813443718450763797e-07
0.000000000000000000e+00,0.000000000000000000e+00
0.000000000000000000e+00,0.000000000000000000e+00
0.000000000000000000e+00,0.000000000000000000e+00
2.932475059298716685e-07,1.410631267431420313e-07
2.874696275893159496e-08,1.937500109927766467e-08
0.000000000000000000e+00,0.000000000000000000e+00
1.928182517232090492e-07,1.531298760819326456e-07
0.000000000000000000e+00,0.000000000000000000e+00
0.000000000000000000e+00,0.000000000000000000e+00
0.000000000000000000e+00,0.000000000000000000e+00
0.000000000000000000e+00,0.000000000000000000e+00
0.000000000000000000e+00,0.000000000000000000e+00
9.526984353464512341e-07,7.024685719246867780e-07
2.452953892999351694e-07,2.288087555477211025e-07
0.000000000000000000e+00,0.000000000000000000e+00
0.000000000000000000e+00,0.000000000000000000e+00
0.000000000000000000e+00,0.000000000000000000e+00
0.000000000000000000e+00,0.000000000000000000e+00
0.000000000000000000e+00,0.000000000000000000e+00
0.000000000000000000e+00,0.000000000000000000e+00
6.054739970172465188e-07,6.207729993740993464e-07
8.449184606117742017e-07,8.439156967654179944e-07
0.000000000000000000e+00,0.000000000000000000e+00
0.000000000000000000e+00,0.000000000000000000e+00
0.000000000000000000e+00,0.000000000000000000e+00
0.000000000000000000e+00,0.000000000000000000e+00
0.000000000000000000e+00,0.000000000000000000e+00
1.987103847503914913e-07,1.634440265084803693e-07
0.000000000000000000e+00,0.000000000000000000e+00
0.000000000000000000e+00,0.000000000000000000e+00
0.000000000000000000e+00,0.000000000000000000e+00
1.413916185619061100e-07,1.333730928994604242e-07
0.000000000000000000e+00,0.000000000000000000e+00
0.000000000000000000e+00,0.000000000000000000e+00
0.000000000000000000e+00,0.000000000000000000e+00
0.000000000000000000e+00,0.000000000000000000e+00
0.000000000000000000e+00,0.000000000000000000e+00
0.000000000000000000e+00,0.000000000000000000e+00
0.000000000000000000e+00,0.000000000000000000e+00
0.000000000000000000e+00,0.000000000000000000e+00
0.000000000000000000e+00,0.000000000000000000e+00
0.000000000000000000e+00,0.000000000000000000e+00
4.260319398015043473e-07,4.216065199683936576e-07
0.000000000000000000e+00,0.000000000000000000e+00
0.000000000000000000e+00,0.000000000000000000e+00
0.000000000000000000e+00,0.000000000000000000e+00
5.826808906341713172e-07,4.411102046941730499e-07
1.282438773734557120e-07,9.462507266156311753e-08
0.000000000000000000e+00,0.000000000000000000e+00
0.000000000000000000e+00,0.000000000000000000e+00
4.690560389589023558e-07,3.996984443867564938e-07
9.412356468466633346e-07,3.515894651116735701e-07
3.855906986436306818e-07,3.867975349530803050e-07
0.000000000000000000e+00,0.000000000000000000e+00
7.239755236283789232e-07,6.281606606750196073e-07
0.000000000000000000e+00,0.000000000000000000e+00
0.000000000000000000e+00,0.000000000000000000e+00
0.000000000000000000e+00,0.000000000000000000e+00
1.280429415581887018e-08,8.018702617945337660e-09
2.528747015302052167e-07,2.381771363054479882e-07
0.000000000000000000e+00,0.000000000000000000e+00
5.021218482469619642e-07,5.063776274139297349e-07
0.000000000000000000e+00,0.000000000000000000e+00
5.338234165243000556e-07,5.083743233759699768e-07
0.000000000000000000e+00,0.000000000000000000e+00
0.000000000000000000e+00,0.000000000000000000e+00
0.000000000000000000e+00,0.000000000000000000e+00
8.878371664995037508e-08,5.633398265276218303e-08
0.000000000000000000e+00,0.000000000000000000e+00
0.000000000000000000e+00,0.000000000000000000e+00
0.000000000000000000e+00,0.000000000000000000e+00
0.000000000000000000e+00,0.000000000000000000e+00
0.000000000000000000e+00,0.000000000000000000e+00
0.000000000000000000e+00,0.000000000000000000e+00
0.000000000000000000e+00,0.000000000000000000e+00
0.000000000000000000e+00,0.000000000000000000e+00
0.000000000000000000e+00,0.000000000000000000e+00
0.000000000000000000e+00,0.000000000000000000e+00
0.000000000000000000e+00,0.000000000000000000e+00
0.000000000000000000e+00,0.000000000000000000e+00
0.000000000000000000e+00,0.000000000000000000e+00
0.000000000000000000e+00,0.000000000000000000e+00
1.835441039078802162e-07,1.707088802997294227e-07
0.000000000000000000e+00,0.000000000000000000e+00
3.472476049949836427e-07,3.366947610760259632e-07
0.000000000000000000e+00,0.000000000000000000e+00
0.000000000000000000e+00,0.000000000000000000e+00
0.000000000000000000e+00,0.000000000000000000e+00
0.000000000000000000e+00,0.000000000000000000e+00
1.510796757139980179e-07,1.157237430383039601e-07
3.003092527283387566e-07,2.621254114919350388e-07
9.171879030245002618e-09,6.174114041742901499e-09
0.000000000000000000e+00,0.000000000000000000e+00
0.000000000000000000e+00,0.000000000000000000e+00
0.000000000000000000e+00,0.000000000000000000e+00
0.000000000000000000e+00,0.000000000000000000e+00
0.000000000000000000e+00,0.000000000000000000e+00
0.000000000000000000e+00,0.000000000000000000e+00
0.000000000000000000e+00,0.000000000000000000e+00
0.000000000000000000e+00,0.000000000000000000e+00
0.000000000000000000e+00,0.000000000000000000e+00
0.000000000000000000e+00,0.000000000000000000e+00
0.000000000000000000e+00,0.000000000000000000e+00
0.000000000000000000e+00,0.000000000000000000e+00
1.904410672495604530e-07,1.594614579944953659e-07
0.000000000000000000e+00,0.000000000000000000e+00
0.000000000000000000e+00,0.000000000000000000e+00
3.036279616248781105e-07,2.942685369315780954e-07
1.396793762981933999e-07,1.324867467698591854e-07
0.000000000000000000e+00,0.000000000000000000e+00
4.503364564873727553e-07,3.441596822247493306e-07
0.000000000000000000e+00,0.000000000000000000e+00
0.000000000000000000e+00,0.000000000000000000e+00
3.440201797305696164e-07,3.265246350745239903e-07
1.173773551300414183e-06,1.220611576027838660e-06
3.026503746943001554e-07,1.472446029467542203e-07
8.991659071288433460e-07,6.720000753322136702e-07
0.000000000000000000e+00,0.000000000000000000e+00
0.000000000000000000e+00,0.000000000000000000e+00
0.000000000000000000e+00,0.000000000000000000e+00
0.000000000000000000e+00,0.000000000000000000e+00
3.413851395138240665e-07,2.400392974081445346e-07
0.000000000000000000e+00,0.000000000000000000e+00
0.000000000000000000e+00,0.000000000000000000e+00
1.348858819569611208e-07,1.395709567774318252e-07
0.000000000000000000e+00,0.000000000000000000e+00
0.000000000000000000e+00,0.000000000000000000e+00
0.000000000000000000e+00,0.000000000000000000e+00
3.646063413023547058e-07,4.380612618506865856e-07
2.910823695233233723e-07,2.535746591321820057e-07
0.000000000000000000e+00,0.000000000000000000e+00
3.285847462383394829e-09,2.910456933640912468e-09
0.000000000000000000e+00,0.000000000000000000e+00
9.921810138230630297e-07,1.112854097356326010e-06
0.000000000000000000e+00,0.000000000000000000e+00
0.000000000000000000e+00,0.000000000000000000e+00
0.000000000000000000e+00,0.000000000000000000e+00
0.000000000000000000e+00,0.000000000000000000e+00
0.000000000000000000e+00,0.000000000000000000e+00
6.547140469522346281e-07,6.639928749559048463e-07
1.584355523469506703e-07,9.095757797179869058e-08
0.000000000000000000e+00,0.000000000000000000e+00
0.000000000000000000e+00,0.000000000000000000e+00
0.000000000000000000e+00,0.000000000000000000e+00
0.000000000000000000e+00,0.000000000000000000e+00
0.000000000000000000e+00,0.000000000000000000e+00
0.000000000000000000e+00,0.000000000000000000e+00
5.316501140722573261e-07,5.615227985185737404e-07
0.000000000000000000e+00,0.000000000000000000e+00
7.593323183978317894e-07,7.608317649409690176e-07
1.792172420085466555e-07,1.571108242011938367e-07
0.000000000000000000e+00,0.000000000000000000e+00
5.930045528836464473e-07,5.775578334478899714e-07
0.000000000000000000e+00,0.000000000000000000e+00
0.000000000000000000e+00,0.000000000000000000e+00
0.000000000000000000e+00,0.000000000000000000e+00
0.000000000000000000e+00,0.000000000000000000e+00
0.000000000000000000e+00,0.000000000000000000e+00
3.105041005703231961e-07,3.054387727524782422e-07
0.000000000000000000e+00,0.000000000000000000e+00
0.000000000000000000e+00,0.000000000000000000e+00
2.067412417320296285e-07,2.187190369192397924e-07
6.948780387904979077e-07,6.947705318264371699e-07
0.000000000000000000e+00,0.000000000000000000e+00
0.000000000000000000e+00,0.000000000000000000e+00
0.000000000000000000e+00,0.000000000000000000e+00
0.000000000000000000e+00,0.000000000000000000e+00
3.719131693407179516e-07,3.217332314627116831e-07
2.596483702167547143e-07,1.809471136950670295e-07
9.813452335165243989e-07,1.028854367107996877e-06
0.000000000000000000e+00,0.000000000000000000e+00
5.717791773847855028e-07,4.637392577896665293e-07
0.000000000000000000e+00,0.000000000000000000e+00
0.000000000000000000e+00,0.000000000000000000e+00
3.439145880027807898e-07,3.266174809384970074e-07
0.000000000000000000e+00,0.000000000000000000e+00
2.992553954130951812e-07,2.294897713499347897e-07
0.000000000000000000e+00,0.000000000000000000e+00
3.997466653314007292e-07,3.854479482728058285e-07
7.433371771968551565e-08,4.742295307559901613e-08
0.000000000000000000e+00,0.000000000000000000e+00
1.852523812757807481e-07,1.276619867720233597e-07
0.000000000000000000e+00,0.000000000000000000e+00
5.986957139507476789e-07,5.710944219562828435e-07
5.434629911432786616e-07,4.430342070332013936e-07
0.000000000000000000e+00,0.000000000000000000e+00
0.000000000000000000e+00,0.000000000000000000e+00
0.000000000000000000e+00,0.000000000000000000e+00
0.000000000000000000e+00,0.000000000000000000e+00
0.000000000000000000e+00,0.000000000000000000e+00
0.000000000000000000e+00,0.000000000000000000e+00
0.000000000000000000e+00,0.000000000000000000e+00
6.677458232317784386e-08,2.765965860753332365e-08
0.000000000000000000e+00,0.000000000000000000e+00
0.000000000000000000e+00,0.000000000000000000e+00
0.000000000000000000e+00,0.000000000000000000e+00
0.000000000000000000e+00,0.000000000000000000e+00
6.575308608240122678e-07,5.660291451261319034e-07
0.000000000000000000e+00,0.000000000000000000e+00
5.512216639092082156e-09,5.140047845106483440e-09
0.000000000000000000e+00,0.000000000000000000e+00
0.000000000000000000e+00,0.000000000000000000e+00
7.449103665458461320e-08,2.843907185590540914e-08
0.000000000000000000e+00,0.000000000000000000e+00
1.164038168479934914e-07,6.693016715706037096e-08
0.000000000000000000e+00,0.000000000000000000e+00
6.690458667763866255e-08,3.963495471453142692e-08
0.000000000000000000e+00,0.000000000000000000e+00
0.000000000000000000e+00,0.000000000000000000e+00
0.000000000000000000e+00,0.000000000000000000e+00
4.997739518745187627e-07,3.897790084903883368e-07
0.000000000000000000e+00,0.000000000000000000e+00
2.603691960769373691e-07,2.421889327385755305e-07
0.000000000000000000e+00,0.000000000000000000e+00
1.062396786262065348e-07,8.918216032310484255e-08
0.000000000000000000e+00,0.000000000000000000e+00
1.755798310560010642e-07,1.268000059373597620e-07
0.000000000000000000e+00,0.000000000000000000e+00
7.736248176517370259e-07,5.231672002443091303e-07
4.908712725051967170e-07,1.554710903853462162e-07
0.000000000000000000e+00,0.000000000000000000e+00
0.000000000000000000e+00,0.000000000000000000e+00
1.417934318735793102e-07,1.035896154653084402e-07
0.000000000000000000e+00,0.000000000000000000e+00
0.000000000000000000e+00,0.000000000000000000e+00
0.000000000000000000e+00,0.000000000000000000e+00
0.000000000000000000e+00,0.000000000000000000e+00
0.000000000000000000e+00,0.000000000000000000e+00
1.175159966201624816e-07,1.031210836252670003e-07
0.000000000000000000e+00,0.000000000000000000e+00
0.000000000000000000e+00,0.000000000000000000e+00
0.000000000000000000e+00,0.000000000000000000e+00
0.000000000000000000e+00,0.000000000000000000e+00
0.000000000000000000e+00,0.000000000000000000e+00
0.000000000000000000e+00,0.000000000000000000e+00
0.000000000000000000e+00,0.000000000000000000e+00
2.618690316672344618e-07,2.000360229599855906e-07
0.000000000000000000e+00,0.000000000000000000e+00
0.000000000000000000e+00,0.000000000000000000e+00
7.288654956879576760e-08,7.934940045678884081e-08
0.000000000000000000e+00,0.000000000000000000e+00
0.000000000000000000e+00,0.000000000000000000e+00
0.000000000000000000e+00,0.000000000000000000e+00
7.896014842897490730e-08,8.362766836543774007e-08
0.000000000000000000e+00,0.000000000000000000e+00
0.000000000000000000e+00,0.000000000000000000e+00
0.000000000000000000e+00,0.000000000000000000e+00
0.000000000000000000e+00,0.000000000000000000e+00
0.000000000000000000e+00,0.000000000000000000e+00
1.301684033140191852e-07,1.270129880444711984e-07
1.861729178239109055e-07,2.041421152713719618e-07
0.000000000000000000e+00,0.000000000000000000e+00
0.000000000000000000e+00,0.000000000000000000e+00
0.000000000000000000e+00,0.000000000000000000e+00
0.000000000000000000e+00,0.000000000000000000e+00
7.235074864861596530e-08,4.817518686998466086e-08
0.000000000000000000e+00,0.000000000000000000e+00
0.000000000000000000e+00,0.000000000000000000e+00
5.903747185321309528e-07,5.283971812994922532e-07
0.000000000000000000e+00,0.000000000000000000e+00
0.000000000000000000e+00,0.000000000000000000e+00
0.000000000000000000e+00,0.000000000000000000e+00
2.408243094026232634e-07,2.376668212495509071e-07
0.000000000000000000e+00,0.000000000000000000e+00
2.572869225928632955e-07,2.838163160885823747e-07
8.370170563613216250e-07,6.119404835960808192e-07
0.000000000000000000e+00,0.000000000000000000e+00
1.648989256878206300e-07,1.387362917646088354e-07
8.817589897912849852e-08,6.088368876715690412e-08
8.775738605877926000e-07,9.897581012038922490e-07
0.000000000000000000e+00,0.000000000000000000e+00
0.000000000000000000e+00,0.000000000000000000e+00
0.000000000000000000e+00,0.000000000000000000e+00
0.000000000000000000e+00,0.000000000000000000e+00
0.000000000000000000e+00,0.000000000000000000e+00
0.000000000000000000e+00,0.000000000000000000e+00
1.697996930983958965e-07,1.093376670414006601e-07
3.197758863435934897e-07,2.754947286905424842e-07
6.136339766597140923e-07,5.417962884613935922e-07
9.072500328050252859e-09,6.695087920457511245e-09
0.000000000000000000e+00,0.000000000000000000e+00
0.000000000000000000e+00,0.000000000000000000e+00
0.000000000000000000e+00,0.000000000000000000e+00
0.000000000000000000e+00,0.000000000000000000e+00
0.000000000000000000e+00,0.000000000000000000e+00
4.829768180480060679e-08,4.582038254498573505e-08
2.360155137590957808e-07,7.066752283966577999e-08
4.731864470948091320e-07,4.710639728812385660e-07
6.352234951232472829e-07,6.374609455957033747e-07
0.000000000000000000e+00,0.000000000000000000e+00
0.000000000000000000e+00,0.000000000000000000e+00
1.621009800744079372e-07,1.042474202763758875e-07
1.251888342954046762e-06,1.327674184964043521e-06
0.000000000000000000e+00,0.000000000000000000e+00
0.000000000000000000e+00,0.000000000000000000e+00
0.000000000000000000e+00,0.000000000000000000e+00
0.000000000000000000e+00,0.000000000000000000e+00
0.000000000000000000e+00,0.000000000000000000e+00
0.000000000000000000e+00,0.000000000000000000e+00
0.000000000000000000e+00,0.000000000000000000e+00
0.000000000000000000e+00,0.000000000000000000e+00
0.000000000000000000e+00,0.000000000000000000e+00
1.054080458826146643e-06,1.054199029406623859e-06
0.000000000000000000e+00,0.000000000000000000e+00
0.000000000000000000e+00,0.000000000000000000e+00
0.000000000000000000e+00,0.000000000000000000e+00
0.000000000000000000e+00,0.000000000000000000e+00
0.000000000000000000e+00,0.000000000000000000e+00
0.000000000000000000e+00,0.000000000000000000e+00
0.000000000000000000e+00,0.000000000000000000e+00
0.000000000000000000e+00,0.000000000000000000e+00
0.000000000000000000e+00,0.000000000000000000e+00
0.000000000000000000e+00,0.000000000000000000e+00
0.000000000000000000e+00,0.000000000000000000e+00
0.000000000000000000e+00,0.000000000000000000e+00
0.000000000000000000e+00,0.000000000000000000e+00
0.000000000000000000e+00,0.000000000000000000e+00
0.000000000000000000e+00,0.000000000000000000e+00
0.000000000000000000e+00,0.000000000000000000e+00
9.104692132112257741e-08,2.973997657372398855e-08
1.175718585771753104e-06,1.294659894385394975e-06
0.000000000000000000e+00,0.000000000000000000e+00
0.000000000000000000e+00,0.000000000000000000e+00
0.000000000000000000e+00,0.000000000000000000e+00
0.000000000000000000e+00,0.000000000000000000e+00
1.641291384939714015e-07,8.425095516382444385e-08
0.000000000000000000e+00,0.000000000000000000e+00
0.000000000000000000e+00,0.000000000000000000e+00
0.000000000000000000e+00,0.000000000000000000e+00
0.000000000000000000e+00,0.000000000000000000e+00
0.000000000000000000e+00,0.000000000000000000e+00
0.000000000000000000e+00,0.000000000000000000e+00
0.000000000000000000e+00,0.000000000000000000e+00
0.000000000000000000e+00,0.000000000000000000e+00
0.000000000000000000e+00,0.000000000000000000e+00
0.000000000000000000e+00,0.000000000000000000e+00
0.000000000000000000e+00,0.000000000000000000e+00
0.000000000000000000e+00,0.000000000000000000e+00
5.097639612405395713e-07,4.502946616575668285e-07
0.000000000000000000e+00,0.000000000000000000e+00
0.000000000000000000e+00,0.000000000000000000e+00
0.000000000000000000e+00,0.000000000000000000e+00
0.000000000000000000e+00,0.000000000000000000e+00
0.000000000000000000e+00,0.000000000000000000e+00
0.000000000000000000e+00,0.000000000000000000e+00
4.841103113683633808e-07,4.842584940306117306e-07
0.000000000000000000e+00,0.000000000000000000e+00
1.483996867599420565e-07,1.417656302331117603e-07
0.000000000000000000e+00,0.000000000000000000e+00
3.191684510647993550e-07,2.759745994019117957e-07
7.611891784264012939e-07,7.113583162611425517e-07
0.000000000000000000e+00,0.000000000000000000e+00
1.163063402011485495e-06,1.255810972788367338e-06
0.000000000000000000e+00,0.000000000000000000e+00
0.000000000000000000e+00,0.000000000000000000e+00
1.185000935332570718e-07,1.086968911347292447e-07
2.011725283066620111e-07,1.405953153477924168e-07
3.137908265261399527e-07,2.940244610269762699e-07
0.000000000000000000e+00,0.000000000000000000e+00
0.000000000000000000e+00,0.000000000000000000e+00
0.000000000000000000e+00,0.000000000000000000e+00
2.460667610148910334e-07,2.156575801772690103e-07
0.000000000000000000e+00,0.000000000000000000e+00
0.000000000000000000e+00,0.000000000000000000e+00
0.000000000000000000e+00,0.000000000000000000e+00
0.000000000000000000e+00,0.000000000000000000e+00
5.668977277001179817e-07,5.219073363285925260e-07
0.000000000000000000e+00,0.000000000000000000e+00
0.000000000000000000e+00,0.000000000000000000e+00
0.000000000000000000e+00,0.000000000000000000e+00
0.000000000000000000e+00,0.000000000000000000e+00
0.000000000000000000e+00,0.000000000000000000e+00
0.000000000000000000e+00,0.000000000000000000e+00
0.000000000000000000e+00,0.000000000000000000e+00
6.909163861144096549e-07,6.811142908209662363e-07
2.597638852699614198e-07,1.955784038235573882e-07
2.411561436168844686e-07,6.580215260210972238e-08
3.502384039151176362e-07,2.625385299614555887e-07
4.302338061015720062e-07,3.681185967666772933e-07
0.000000000000000000e+00,0.000000000000000000e+00
0.000000000000000000e+00,0.000000000000000000e+00
0.000000000000000000e+00,0.000000000000000000e+00
8.457439511546658739e-07,6.188925817409017279e-07
6.608567331027540008e-08,4.616822302689947859e-08
0.000000000000000000e+00,0.000000000000000000e+00
0.000000000000000000e+00,0.000000000000000000e+00
0.000000000000000000e+00,0.000000000000000000e+00
0.000000000000000000e+00,0.000000000000000000e+00
1.022117801354191393e-07,8.174350807886608226e-08
0.000000000000000000e+00,0.000000000000000000e+00
6.667975786341235041e-07,5.357820710737185404e-07
0.000000000000000000e+00,0.000000000000000000e+00
1.313187993882250725e-08,1.176109793936015861e-08
0.000000000000000000e+00,0.000000000000000000e+00
0.000000000000000000e+00,0.000000000000000000e+00
0.000000000000000000e+00,0.000000000000000000e+00
1.677880832336189694e-07,8.749140928012102231e-08
0.000000000000000000e+00,0.000000000000000000e+00
0.000000000000000000e+00,0.000000000000000000e+00
0.000000000000000000e+00,0.000000000000000000e+00
0.000000000000000000e+00,0.000000000000000000e+00
0.000000000000000000e+00,0.000000000000000000e+00
0.000000000000000000e+00,0.000000000000000000e+00
0.000000000000000000e+00,0.000000000000000000e+00
0.000000000000000000e+00,0.000000000000000000e+00
0.000000000000000000e+00,0.000000000000000000e+00
1.182080514892204704e-07,4.943688581314157844e-08
8.008000604202843316e-07,6.820968981887632746e-07
1.753252230334983315e-07,8.798574394493417864e-08
0.000000000000000000e+00,0.000000000000000000e+00
0.000000000000000000e+00,0.000000000000000000e+00
2.046391383247447901e-07,1.233422907538347195e-07
0.000000000000000000e+00,0.000000000000000000e+00
7.074407478076553356e-07,4.797321756462253345e-07
0.000000000000000000e+00,0.000000000000000000e+00
0.000000000000000000e+00,0.000000000000000000e+00
5.407072913035472227e-07,5.013412060401977967e-07
4.016716351285591382e-07,3.883974101656351078e-07
0.000000000000000000e+00,0.000000000000000000e+00
4.110963890745029523e-07,2.212508514547820107e-07
7.853383594357695923e-07,5.785240351549423313e-07
0.000000000000000000e+00,0.000000000000000000e+00
3.699145171282812694e-07,3.661724573397007321e-07
6.253510371460342251e-07,5.805985271838815897e-07
4.717690046749213932e-07,4.298773338580340479e-07
5.833008734607978006e-08,3.198054409477763381e-08
0.000000000000000000e+00,0.000000000000000000e+00
0.000000000000000000e+00,0.000000000000000000e+00
0.000000000000000000e+00,0.000000000000000000e+00
0.000000000000000000e+00,0.000000000000000000e+00
1.166773437757652031e-07,1.053605705862124063e-07
0.000000000000000000e+00,0.000000000000000000e+00
0.000000000000000000e+00,0.000000000000000000e+00
0.000000000000000000e+00,0.000000000000000000e+00
0.000000000000000000e+00,0.000000000000000000e+00
0.000000000000000000e+00,0.000000000000000000e+00
0.000000000000000000e+00,0.000000000000000000e+00
0.000000000000000000e+00,0.000000000000000000e+00
4.186487672846844986e-08,4.431024256779829448e-08
0.000000000000000000e+00,0.000000000000000000e+00
0.000000000000000000e+00,0.000000000000000000e+00
0.000000000000000000e+00,0.000000000000000000e+00
0.000000000000000000e+00,0.000000000000000000e+00
0.000000000000000000e+00,0.000000000000000000e+00
0.000000000000000000e+00,0.000000000000000000e+00
0.000000000000000000e+00,0.000000000000000000e+00
0.000000000000000000e+00,0.000000000000000000e+00
0.000000000000000000e+00,0.000000000000000000e+00
0.000000000000000000e+00,0.000000000000000000e+00
0.000000000000000000e+00,0.000000000000000000e+00
0.000000000000000000e+00,0.000000000000000000e+00
1.483926470572829199e-07,2.432658484225744742e-07
0.000000000000000000e+00,0.000000000000000000e+00
1.086035716729550563e-06,1.538446888943563154e-06
0.000000000000000000e+00,0.000000000000000000e+00
3.692840975435544568e-08,3.273427930527950196e-08
0.000000000000000000e+00,0.000000000000000000e+00
0.000000000000000000e+00,0.000000000000000000e+00
1.717768879596059062e-07,1.055870708848463313e-07
4.184681496174773008e-07,2.628256675898628225e-07
0.000000000000000000e+00,0.000000000000000000e+00
0.000000000000000000e+00,0.000000000000000000e+00
0.000000000000000000e+00,0.000000000000000000e+00
7.995418193360010880e-08,7.922096564268935617e-08
0.000000000000000000e+00,0.000000000000000000e+00
5.066935081304255106e-07,3.820066069889925863e-07
2.550707053473930239e-07,2.797044437963113108e-07
0.000000000000000000e+00,0.000000000000000000e+00
0.000000000000000000e+00,0.000000000000000000e+00
0.000000000000000000e+00,0.000000000000000000e+00
0.000000000000000000e+00,0.000000000000000000e+00
0.000000000000000000e+00,0.000000000000000000e+00
0.000000000000000000e+00,0.000000000000000000e+00
4.014098846599843508e-07,3.702340255000131207e-07
0.000000000000000000e+00,0.000000000000000000e+00
0.000000000000000000e+00,0.000000000000000000e+00
7.937138737534784215e-07,7.420577539131472740e-07
0.000000000000000000e+00,0.000000000000000000e+00
0.000000000000000000e+00,0.000000000000000000e+00
6.131248723354646640e-07,4.970718289213346282e-07
0.000000000000000000e+00,0.000000000000000000e+00
0.000000000000000000e+00,0.000000000000000000e+00
9.422254854275826228e-08,5.367887844124889126e-08
2.533124220127514268e-07,9.246728922878705954e-08
0.000000000000000000e+00,0.000000000000000000e+00
0.000000000000000000e+00,0.000000000000000000e+00
0.000000000000000000e+00,0.000000000000000000e+00
0.000000000000000000e+00,0.000000000000000000e+00
2.275241009270212448e-07,1.633701339400581215e-07
0.000000000000000000e+00,0.000000000000000000e+00
6.140613039783628606e-07,5.334816767020472456e-07
6.905892790660847399e-07,7.064400284055639946e-07
2.154549361138597028e-07,2.150686810480340598e-07
3.524758928199937410e-08,3.724164250673641705e-08
4.194061209024548181e-07,5.452685643255348692e-07
2.566299083295248004e-07,2.456034115973993817e-07
0.000000000000000000e+00,0.000000000000000000e+00
0.000000000000000000e+00,0.000000000000000000e+00
2.679500756923361119e-07,3.652279491550900585e-07
5.612515135900881586e-07,4.431888604842676691e-07
0.000000000000000000e+00,0.000000000000000000e+00
4.314330838140502976e-08,3.385855261487690152e-08
1.555131172748590665e-07,1.421602682701249642e-07
0.000000000000000000e+00,0.000000000000000000e+00
0.000000000000000000e+00,0.000000000000000000e+00
0.000000000000000000e+00,0.000000000000000000e+00
2.450000242400750954e-07,2.412769087227222936e-07
0.000000000000000000e+00,0.000000000000000000e+00
0.000000000000000000e+00,0.000000000000000000e+00
0.000000000000000000e+00,0.000000000000000000e+00
6.269850228559216840e-07,6.021102075577619772e-07
0.000000000000000000e+00,0.000000000000000000e+00
0.000000000000000000e+00,0.000000000000000000e+00
0.000000000000000000e+00,0.000000000000000000e+00
6.502644844060337805e-07,6.551746329730501455e-07
0.000000000000000000e+00,0.000000000000000000e+00
5.937987844168110096e-07,5.659027396394695762e-07
1.893397899353762095e-07,1.596667006263284212e-07
2.702381055333606306e-07,1.986420336311884119e-07
2.440347595697590417e-07,1.581887227551643745e-07
0.000000000000000000e+00,0.000000000000000000e+00
4.131690444966189238e-07,1.587985651767759366e-07
4.237850753090072675e-08,2.810805402903888013e-08
0.000000000000000000e+00,0.000000000000000000e+00
1.274615692211364159e-06,1.333207646044922812e-06
1.022808760242779111e-07,6.244121216863091688e-08
3.803693598556180644e-07,3.558784329341911131e-07
3.133500056453201523e-07,2.813544568438322537e-07
0.000000000000000000e+00,0.000000000000000000e+00
0.000000000000000000e+00,0.000000000000000000e+00
0.000000000000000000e+00,0.000000000000000000e+00
0.000000000000000000e+00,0.000000000000000000e+00
1.266392286318070434e-07,7.092725970724756016e-08
0.000000000000000000e+00,0.000000000000000000e+00
0.000000000000000000e+00,0.000000000000000000e+00
0.000000000000000000e+00,0.000000000000000000e+00
6.690292519676543421e-07,6.996731268915245985e-07
0.000000000000000000e+00,0.000000000000000000e+00
2.903096212770007496e-07,2.834409908138831418e-07
0.000000000000000000e+00,0.000000000000000000e+00
1.289606668797386283e-07,7.100404383667944074e-08
0.000000000000000000e+00,0.000000000000000000e+00
0.000000000000000000e+00,0.000000000000000000e+00
0.000000000000000000e+00,0.000000000000000000e+00
0.000000000000000000e+00,0.000000000000000000e+00
0.000000000000000000e+00,0.000000000000000000e+00
0.000000000000000000e+00,0.000000000000000000e+00
0.000000000000000000e+00,0.000000000000000000e+00
0.000000000000000000e+00,0.000000000000000000e+00
0.000000000000000000e+00,0.000000000000000000e+00
4.335584885796857847e-07,3.834204882735632646e-07
0.000000000000000000e+00,0.000000000000000000e+00
6.167055463207222072e-07,4.522728905845129928e-07
7.700128119434219387e-07,8.645306846300034848e-07
0.000000000000000000e+00,0.000000000000000000e+00
0.000000000000000000e+00,0.000000000000000000e+00
2.654408245273311588e-07,2.547338590221163226e-07
0.000000000000000000e+00,0.000000000000000000e+00
0.000000000000000000e+00,0.000000000000000000e+00
5.156447556912717615e-07,4.711281117044843307e-07
0.000000000000000000e+00,0.000000000000000000e+00
9.421727970025138419e-07,8.649649396490655255e-07
0.000000000000000000e+00,0.000000000000000000e+00
0.000000000000000000e+00,0.000000000000000000e+00
0.000000000000000000e+00,0.000000000000000000e+00
0.000000000000000000e+00,0.000000000000000000e+00
0.000000000000000000e+00,0.000000000000000000e+00
0.000000000000000000e+00,0.000000000000000000e+00
0.000000000000000000e+00,0.000000000000000000e+00
5.572736460145188105e-08,4.032657394777042406e-08
4.787015299402716931e-07,5.301679069625552872e-07
0.000000000000000000e+00,0.000000000000000000e+00
0.000000000000000000e+00,0.000000000000000000e+00
0.000000000000000000e+00,0.000000000000000000e+00
0.000000000000000000e+00,0.000000000000000000e+00
0.000000000000000000e+00,0.000000000000000000e+00
0.000000000000000000e+00,0.000000000000000000e+00
0.000000000000000000e+00,0.000000000000000000e+00
1.254431777259135361e-07,1.094691846537542610e-07
0.000000000000000000e+00,0.000000000000000000e+00
0.000000000000000000e+00,0.000000000000000000e+00
9.796392249224225789e-07,7.869675917127809863e-07
0.000000000000000000e+00,0.000000000000000000e+00
0.000000000000000000e+00,0.000000000000000000e+00
0.000000000000000000e+00,0.000000000000000000e+00
0.000000000000000000e+00,0.000000000000000000e+00
0.000000000000000000e+00,0.000000000000000000e+00
0.000000000000000000e+00,0.000000000000000000e+00
0.000000000000000000e+00,0.000000000000000000e+00
1.379394350603196854e-06,1.007496536454089727e-06
0.000000000000000000e+00,0.000000000000000000e+00
0.000000000000000000e+00,0.000000000000000000e+00
4.903944077473292262e-08,1.367829323592193370e-08
5.580293289761636351e-08,4.083992049674535189e-08
2.036072954793601542e-07,2.017270326057739829e-07
0.000000000000000000e+00,0.000000000000000000e+00
0.000000000000000000e+00,0.000000000000000000e+00
0.000000000000000000e+00,0.000000000000000000e+00
1.456674010484314402e-07,1.433572319669038542e-07
0.000000000000000000e+00,0.000000000000000000e+00
0.000000000000000000e+00,0.000000000000000000e+00
0.000000000000000000e+00,0.000000000000000000e+00
0.000000000000000000e+00,0.000000000000000000e+00
0.000000000000000000e+00,0.000000000000000000e+00
5.833083081167018205e-07,2.964327491114437354e-07
0.000000000000000000e+00,0.000000000000000000e+00
0.000000000000000000e+00,0.000000000000000000e+00
0.000000000000000000e+00,0.000000000000000000e+00
0.000000000000000000e+00,0.000000000000000000e+00
3.485633745472280734e-07,3.414832244828814195e-07
0.000000000000000000e+00,0.000000000000000000e+00
0.000000000000000000e+00,0.000000000000000000e+00
0.000000000000000000e+00,0.000000000000000000e+00
0.000000000000000000e+00,0.000000000000000000e+00
1.738432349350507138e-07,1.305056230996764811e-07
0.000000000000000000e+00,0.000000000000000000e+00
0.000000000000000000e+00,0.000000000000000000e+00
0.000000000000000000e+00,0.000000000000000000e+00
0.000000000000000000e+00,0.000000000000000000e+00
0.000000000000000000e+00,0.000000000000000000e+00
3.086601290356370093e-07,2.340577718223736281e-07
1.184523426413381071e-07,6.707274174691534162e-08
0.000000000000000000e+00,0.000000000000000000e+00
1.425756313402281512e-07,1.303431154340395724e-07
0.000000000000000000e+00,0.000000000000000000e+00
3.444318372185904718e-07,3.542156563995804572e-07
0.000000000000000000e+00,0.000000000000000000e+00
0.000000000000000000e+00,0.000000000000000000e+00
2.441436172079332537e-07,1.594896318543663126e-07
0.000000000000000000e+00,0.000000000000000000e+00
0.000000000000000000e+00,0.000000000000000000e+00
0.000000000000000000e+00,0.000000000000000000e+00
2.442245128006961238e-07,1.152580625523995101e-07
0.000000000000000000e+00,0.000000000000000000e+00
3.384040510017255554e-07,3.342504706207206491e-07
2.335176982326190933e-08,1.562480673234993415e-08
0.000000000000000000e+00,0.000000000000000000e+00
6.857382211532444102e-08,2.263728217934835747e-08
0.000000000000000000e+00,0.000000000000000000e+00
0.000000000000000000e+00,0.000000000000000000e+00
0.000000000000000000e+00,0.000000000000000000e+00
0.000000000000000000e+00,0.000000000000000000e+00
0.000000000000000000e+00,0.000000000000000000e+00
0.000000000000000000e+00,0.000000000000000000e+00
0.000000000000000000e+00,0.000000000000000000e+00
7.123321360204143073e-08,4.848581584504642879e-08
1.788167280885686750e-07,1.465689460784554835e-07
0.000000000000000000e+00,0.000000000000000000e+00
0.000000000000000000e+00,0.000000000000000000e+00
0.000000000000000000e+00,0.000000000000000000e+00
5.280668462051604691e-07,4.382291456188338500e-07
0.000000000000000000e+00,0.000000000000000000e+00
0.000000000000000000e+00,0.000000000000000000e+00
8.087904318502480791e-08,2.717626613088280976e-08
0.000000000000000000e+00,0.000000000000000000e+00
6.661902729848730994e-07,5.204078773230367808e-07
0.000000000000000000e+00,0.000000000000000000e+00
0.000000000000000000e+00,0.000000000000000000e+00
0.000000000000000000e+00,0.000000000000000000e+00
7.767930177041202729e-07,5.675033938211729180e-07
0.000000000000000000e+00,0.000000000000000000e+00
8.071977528178630118e-07,6.277794563975737198e-07
3.699568684640618030e-07,3.482955016838274866e-07
0.000000000000000000e+00,0.000000000000000000e+00
0.000000000000000000e+00,0.000000000000000000e+00
6.911444957110512113e-07,6.698721243432484860e-07
0.000000000000000000e+00,0.000000000000000000e+00
0.000000000000000000e+00,0.000000000000000000e+00
5.177374184364030543e-07,5.146627799428592668e-07
0.000000000000000000e+00,0.000000000000000000e+00
1.770188158323577636e-06,1.217749193296902246e-06
4.693297113163680681e-07,3.563156398163138282e-07
0.000000000000000000e+00,0.000000000000000000e+00
0.000000000000000000e+00,0.000000000000000000e+00
0.000000000000000000e+00,0.000000000000000000e+00
1.985255132780867604e-07,2.195870523344485997e-07
0.000000000000000000e+00,0.000000000000000000e+00
0.000000000000000000e+00,0.000000000000000000e+00
0.000000000000000000e+00,0.000000000000000000e+00
8.153784293628398558e-07,7.448283497029462633e-07
0.000000000000000000e+00,0.000000000000000000e+00
0.000000000000000000e+00,0.000000000000000000e+00
0.000000000000000000e+00,0.000000000000000000e+00
5.844788743257199504e-07,4.235935781193061314e-07
3.914527113520848239e-07,3.759424638305712368e-07
3.095175751667052155e-07,5.447750336785575846e-07
0.000000000000000000e+00,0.000000000000000000e+00
0.000000000000000000e+00,0.000000000000000000e+00
4.771419074869932604e-07,3.551360812296104228e-07
0.000000000000000000e+00,0.000000000000000000e+00
3.592032867617435676e-08,3.354732395745344236e-08
0.000000000000000000e+00,0.000000000000000000e+00
0.000000000000000000e+00,0.000000000000000000e+00
0.000000000000000000e+00,0.000000000000000000e+00
3.949909687831534904e-08,2.893238020553520417e-08
0.000000000000000000e+00,0.000000000000000000e+00
0.000000000000000000e+00,0.000000000000000000e+00
0.000000000000000000e+00,0.000000000000000000e+00
0.000000000000000000e+00,0.000000000000000000e+00
1.068990115479635701e-07,1.043146421416810336e-07
2.788624110898379104e-07,2.416104656952162644e-07
0.000000000000000000e+00,0.000000000000000000e+00
0.000000000000000000e+00,0.000000000000000000e+00
0.000000000000000000e+00,0.000000000000000000e+00
0.000000000000000000e+00,0.000000000000000000e+00
5.694908745257095628e-07,5.514718946107413962e-07
0.000000000000000000e+00,0.000000000000000000e+00
0.000000000000000000e+00,0.000000000000000000e+00
0.000000000000000000e+00,0.000000000000000000e+00
0.000000000000000000e+00,0.000000000000000000e+00
0.000000000000000000e+00,0.000000000000000000e+00
7.610262900850059712e-07,6.888874361181040668e-07
0.000000000000000000e+00,0.000000000000000000e+00
0.000000000000000000e+00,0.000000000000000000e+00
0.000000000000000000e+00,0.000000000000000000e+00
7.238259047554179778e-07,5.659719174564627174e-07
1.419643402086736099e-07,9.054209064607562455e-08
4.851490834052475301e-08,3.476433034530449410e-08
0.000000000000000000e+00,0.000000000000000000e+00
7.406091509891600990e-07,6.732472877280296643e-07
0.000000000000000000e+00,0.000000000000000000e+00
0.000000000000000000e+00,0.000000000000000000e+00
0.000000000000000000e+00,0.000000000000000000e+00
0.000000000000000000e+00,0.000000000000000000e+00
7.154569733843748232e-07,7.636847033557501124e-07
0.000000000000000000e+00,0.000000000000000000e+00
0.000000000000000000e+00,0.000000000000000000e+00
7.971879654932334626e-07,3.421000324333813731e-07
2.064573584423959996e-07,2.078655249338000746e-07
0.000000000000000000e+00,0.000000000000000000e+00
0.000000000000000000e+00,0.000000000000000000e+00
8.598557987614069975e-08,5.535892736596679152e-08
0.000000000000000000e+00,0.000000000000000000e+00
0.000000000000000000e+00,0.000000000000000000e+00
1.928908459039419908e-07,1.013656242848269469e-07
0.000000000000000000e+00,0.000000000000000000e+00
0.000000000000000000e+00,0.000000000000000000e+00
0.000000000000000000e+00,0.000000000000000000e+00
9.667598267787717135e-08,7.643381758685229120e-08
0.000000000000000000e+00,0.000000000000000000e+00
0.000000000000000000e+00,0.000000000000000000e+00
0.000000000000000000e+00,0.000000000000000000e+00
0.000000000000000000e+00,0.000000000000000000e+00
0.000000000000000000e+00,0.000000000000000000e+00
0.000000000000000000e+00,0.000000000000000000e+00
0.000000000000000000e+00,0.000000000000000000e+00
0.000000000000000000e+00,0.000000000000000000e+00
0.000000000000000000e+00,0.000000000000000000e+00
0.000000000000000000e+00,0.000000000000000000e+00
0.000000000000000000e+00,0.000000000000000000e+00
0.000000000000000000e+00,0.000000000000000000e+00
0.000000000000000000e+00,0.000000000000000000e+00
0.000000000000000000e+00,0.000000000000000000e+00
0.000000000000000000e+00,0.000000000000000000e+00
7.014248599305988494e-08,4.573462748587270569e-08
0.000000000000000000e+00,0.000000000000000000e+00
0.000000000000000000e+00,0.000000000000000000e+00
0.000000000000000000e+00,0.000000000000000000e+00
5.782003820970483089e-07,5.447372715185608162e-07
0.000000000000000000e+00,0.000000000000000000e+00
0.000000000000000000e+00,0.000000000000000000e+00
4.588496566810139524e-08,4.115717856080541308e-08
0.000000000000000000e+00,0.000000000000000000e+00
0.000000000000000000e+00,0.000000000000000000e+00
0.000000000000000000e+00,0.000000000000000000e+00
2.264814914867977849e-07,2.021191749289330467e-07
0.000000000000000000e+00,0.000000000000000000e+00
7.178314000788065814e-07,5.928751161743110333e-07
0.000000000000000000e+00,0.000000000000000000e+00
0.000000000000000000e+00,0.000000000000000000e+00
0.000000000000000000e+00,0.000000000000000000e+00
1.178854272565972152e-06,1.140812880030820645e-06
0.000000000000000000e+00,0.000000000000000000e+00
0.000000000000000000e+00,0.000000000000000000e+00
0.000000000000000000e+00,0.000000000000000000e+00
0.000000000000000000e+00,0.000000000000000000e+00
1.776234886821312216e-07,1.117552622843473669e-07
0.000000000000000000e+00,0.000000000000000000e+00
0.000000000000000000e+00,0.000000000000000000e+00
0.000000000000000000e+00,0.000000000000000000e+00
0.000000000000000000e+00,0.000000000000000000e+00
0.000000000000000000e+00,0.000000000000000000e+00
0.000000000000000000e+00,0.000000000000000000e+00
7.252171333810251263e-07,6.032743693015031721e-07
0.000000000000000000e+00,0.000000000000000000e+00
0.000000000000000000e+00,0.000000000000000000e+00
0.000000000000000000e+00,0.000000000000000000e+00
0.000000000000000000e+00,0.000000000000000000e+00
0.000000000000000000e+00,0.000000000000000000e+00
0.000000000000000000e+00,0.000000000000000000e+00
0.000000000000000000e+00,0.000000000000000000e+00
0.000000000000000000e+00,0.000000000000000000e+00
0.000000000000000000e+00,0.000000000000000000e+00
1.153359272311773616e-07,8.721845626329653251e-08
0.000000000000000000e+00,0.000000000000000000e+00
6.641256910542625632e-07,4.861037463913768952e-07
3.191165961279074559e-08,2.921750229925107644e-08
0.000000000000000000e+00,0.000000000000000000e+00
3.874436851094877506e-07,1.770647195230134278e-07
0.000000000000000000e+00,0.000000000000000000e+00
1.760114667175891306e-07,1.002384787696565678e-07
0.000000000000000000e+00,0.000000000000000000e+00
2.491942698535555221e-07,2.266810110464905186e-07
0.000000000000000000e+00,0.000000000000000000e+00
0.000000000000000000e+00,0.000000000000000000e+00
0.000000000000000000e+00,0.000000000000000000e+00
0.000000000000000000e+00,0.000000000000000000e+00
8.520013730825259537e-07,8.287306579695512183e-07
0.000000000000000000e+00,0.000000000000000000e+00
0.000000000000000000e+00,0.000000000000000000e+00
0.000000000000000000e+00,0.000000000000000000e+00
0.000000000000000000e+00,0.000000000000000000e+00
0.000000000000000000e+00,0.000000000000000000e+00
1.003883544185422558e-06,7.166289123836847520e-07
0.000000000000000000e+00,0.000000000000000000e+00
2.872175830286272461e-07,2.760193620359994506e-07
0.000000000000000000e+00,0.000000000000000000e+00
0.000000000000000000e+00,0.000000000000000000e+00
0.000000000000000000e+00,0.000000000000000000e+00
0.000000000000000000e+00,0.000000000000000000e+00
0.000000000000000000e+00,0.000000000000000000e+00
0.000000000000000000e+00,0.000000000000000000e+00
3.774852978081852770e-07,3.926391927427636493e-07
0.000000000000000000e+00,0.000000000000000000e+00
2.688483668590763567e-07,2.627992646533098693e-07
5.623702863248002937e-07,5.546761874280941308e-07
0.000000000000000000e+00,0.000000000000000000e+00
0.000000000000000000e+00,0.000000000000000000e+00
0.000000000000000000e+00,0.000000000000000000e+00
0.000000000000000000e+00,0.000000000000000000e+00
0.000000000000000000e+00,0.000000000000000000e+00
5.744175255168018133e-08,4.873340492371918773e-08
0.000000000000000000e+00,0.000000000000000000e+00
0.000000000000000000e+00,0.000000000000000000e+00
1.161291666577593461e-07,7.884784653117765959e-08
0.000000000000000000e+00,0.000000000000000000e+00
1.305500043087901778e-07,1.190084852444364123e-07
5.592412770148316499e-07,5.780458378315414072e-07
0.000000000000000000e+00,0.000000000000000000e+00
0.000000000000000000e+00,0.000000000000000000e+00
0.000000000000000000e+00,0.000000000000000000e+00
0.000000000000000000e+00,0.000000000000000000e+00
0.000000000000000000e+00,0.000000000000000000e+00
0.000000000000000000e+00,0.000000000000000000e+00
1.066445862259718270e-07,8.978315007775808001e-08
2.355767306733507926e-07,1.715139583234056128e-07
1.511763184546770608e-07,1.132033728860950999e-07
5.620499703503017819e-07,5.030846236745294104e-07
0.000000000000000000e+00,0.000000000000000000e+00
3.047388108725727763e-07,2.772429657908919428e-07
1.122204463194686784e-07,5.959250916280674230e-08
0.000000000000000000e+00,0.000000000000000000e+00
0.000000000000000000e+00,0.000000000000000000e+00
0.000000000000000000e+00,0.000000000000000000e+00
0.000000000000000000e+00,0.000000000000000000e+00
0.000000000000000000e+00,0.000000000000000000e+00
0.000000000000000000e+00,0.000000000000000000e+00
2.052623092012855855e-07,1.105785034201042651e-07
3.608493859594562400e-07,1.657152105071929454e-07
0.000000000000000000e+00,0.000000000000000000e+00
0.000000000000000000e+00,0.000000000000000000e+00
0.000000000000000000e+00,0.000000000000000000e+00
2.490495158939972822e-07,1.900115367162319279e-07
0.000000000000000000e+00,0.000000000000000000e+00
7.660932747283198150e-07,8.406464703864766294e-07
0.000000000000000000e+00,0.000000000000000000e+00
0.000000000000000000e+00,0.000000000000000000e+00
0.000000000000000000e+00,0.000000000000000000e+00
6.122234413004276051e-07,5.660666528526452989e-07
0.000000000000000000e+00,0.000000000000000000e+00
0.000000000000000000e+00,0.000000000000000000e+00
0.000000000000000000e+00,0.000000000000000000e+00
0.000000000000000000e+00,0.000000000000000000e+00
0.000000000000000000e+00,0.000000000000000000e+00
4.322467387437003756e-07,4.037279271408338656e-07
0.000000000000000000e+00,0.000000000000000000e+00
0.000000000000000000e+00,0.000000000000000000e+00
1.078852890316635266e-06,7.821004069209454516e-07
0.000000000000000000e+00,0.000000000000000000e+00
0.000000000000000000e+00,0.000000000000000000e+00
3.250645763126961124e-08,2.258640395171673406e-08
2.289584617160079709e-07,1.577159951457475192e-07
0.000000000000000000e+00,0.000000000000000000e+00
0.000000000000000000e+00,0.000000000000000000e+00
0.000000000000000000e+00,0.000000000000000000e+00
0.000000000000000000e+00,0.000000000000000000e+00
0.000000000000000000e+00,0.000000000000000000e+00
1.165929795921128302e-07,1.050291246840379275e-07
0.000000000000000000e+00,0.000000000000000000e+00
0.000000000000000000e+00,0.000000000000000000e+00
0.000000000000000000e+00,0.000000000000000000e+00
0.000000000000000000e+00,0.000000000000000000e+00
8.576444553371171372e-08,7.904733114947187019e-08
2.897800429074522160e-07,1.387265001179414845e-07
0.000000000000000000e+00,0.000000000000000000e+00
7.107093204068045774e-07,5.028248007295018783e-07
0.000000000000000000e+00,0.000000000000000000e+00
0.000000000000000000e+00,0.000000000000000000e+00
0.000000000000000000e+00,0.000000000000000000e+00
0.000000000000000000e+00,0.000000000000000000e+00
0.000000000000000000e+00,0.000000000000000000e+00
0.000000000000000000e+00,0.000000000000000000e+00
0.000000000000000000e+00,0.000000000000000000e+00
0.000000000000000000e+00,0.000000000000000000e+00
1.741147995550231415e-06,1.253035139709368492e-06
0.000000000000000000e+00,0.000000000000000000e+00
0.000000000000000000e+00,0.000000000000000000e+00
0.000000000000000000e+00,0.000000000000000000e+00
0.000000000000000000e+00,0.000000000000000000e+00
0.000000000000000000e+00,0.000000000000000000e+00
3.514705400781629927e-07,2.772506192990943150e-07
0.000000000000000000e+00,0.000000000000000000e+00
0.000000000000000000e+00,0.000000000000000000e+00
1.788194059483444935e-06,1.350422336753172533e-06
0.000000000000000000e+00,0.000000000000000000e+00
0.000000000000000000e+00,0.000000000000000000e+00
6.899332664418398345e-07,5.213916852707903021e-07
0.000000000000000000e+00,0.000000000000000000e+00
0.000000000000000000e+00,0.000000000000000000e+00
0.000000000000000000e+00,0.000000000000000000e+00
0.000000000000000000e+00,0.000000000000000000e+00
1.485427643058021440e-08,1.040156140911345603e-08
0.000000000000000000e+00,0.000000000000000000e+00
0.000000000000000000e+00,0.000000000000000000e+00
0.000000000000000000e+00,0.000000000000000000e+00
0.000000000000000000e+00,0.000000000000000000e+00
1.468282416063795284e-07,1.325499576528736549e-07
0.000000000000000000e+00,0.000000000000000000e+00
0.000000000000000000e+00,0.000000000000000000e+00
0.000000000000000000e+00,0.000000000000000000e+00
2.285747525966707015e-07,2.320446107869123741e-07
0.000000000000000000e+00,0.000000000000000000e+00
0.000000000000000000e+00,0.000000000000000000e+00
8.897959875507066116e-07,5.593551484668332381e-07
0.000000000000000000e+00,0.000000000000000000e+00
0.000000000000000000e+00,0.000000000000000000e+00
0.000000000000000000e+00,0.000000000000000000e+00
9.892593685255286377e-08,8.066306005665655650e-08
0.000000000000000000e+00,0.000000000000000000e+00
0.000000000000000000e+00,0.000000000000000000e+00
0.000000000000000000e+00,0.000000000000000000e+00
6.233130860054792033e-07,5.952332381067577134e-07
0.000000000000000000e+00,0.000000000000000000e+00
0.000000000000000000e+00,0.000000000000000000e+00
2.915381464249883786e-07,2.516748649407807457e-07
1.333172627803827298e-07,1.305160214316127047e-07
0.000000000000000000e+00,0.000000000000000000e+00
0.000000000000000000e+00,0.000000000000000000e+00
0.000000000000000000e+00,0.000000000000000000e+00
1.446530721515632992e-07,9.026979161005173344e-08
8.623467438471531532e-07,9.097886523700362722e-07
6.921740573628659860e-07,6.152355304395684692e-07
8.604102391542124925e-08,9.413248266104285582e-08
5.531416980065361104e-08,4.270282267689489668e-08
0.000000000000000000e+00,0.000000000000000000e+00
0.000000000000000000e+00,0.000000000000000000e+00
6.990107138959244329e-07,5.052796091069993128e-07
1.367031547831232851e-07,1.228663416915879251e-07
1.443985392299078931e-07,1.495523086036474203e-07
0.000000000000000000e+00,0.000000000000000000e+00
7.572710226220864064e-09,5.476790645961491112e-09
0.000000000000000000e+00,0.000000000000000000e+00
0.000000000000000000e+00,0.000000000000000000e+00
3.992968210489539428e-07,3.447891533772520142e-07
0.000000000000000000e+00,0.000000000000000000e+00
0.000000000000000000e+00,0.000000000000000000e+00
0.000000000000000000e+00,0.000000000000000000e+00
0.000000000000000000e+00,0.000000000000000000e+00
2.876950504795088511e-07,3.014496666409005400e-07
0.000000000000000000e+00,0.000000000000000000e+00
1.082179267126449162e-06,8.798055277323850940e-07
7.419833601236110548e-07,6.797246732747955522e-07
0.000000000000000000e+00,0.000000000000000000e+00
0.000000000000000000e+00,0.000000000000000000e+00
2.623897850879438806e-08,2.095310150704074632e-08
0.000000000000000000e+00,0.000000000000000000e+00
4.870281221603421766e-07,4.420431240288149587e-07
0.000000000000000000e+00,0.000000000000000000e+00
3.369900772211947828e-08,2.965237005769075750e-08
0.000000000000000000e+00,0.000000000000000000e+00
2.934208755168296868e-07,2.215896595426434733e-07
0.000000000000000000e+00,0.000000000000000000e+00
0.000000000000000000e+00,0.000000000000000000e+00
1.262541084802376195e-07,7.612306074706910201e-08
0.000000000000000000e+00,0.000000000000000000e+00
0.000000000000000000e+00,0.000000000000000000e+00
0.000000000000000000e+00,0.000000000000000000e+00
6.570318857718430599e-07,3.282278145283577447e-07
0.000000000000000000e+00,0.000000000000000000e+00
0.000000000000000000e+00,0.000000000000000000e+00
3.101233346937301988e-07,4.125227280972119995e-07
0.000000000000000000e+00,0.000000000000000000e+00
0.000000000000000000e+00,0.000000000000000000e+00
0.000000000000000000e+00,0.000000000000000000e+00
0.000000000000000000e+00,0.000000000000000000e+00
3.485195982430683044e-07,3.361744718495017748e-07
0.000000000000000000e+00,0.000000000000000000e+00
0.000000000000000000e+00,0.000000000000000000e+00
4.319272751137132123e-07,4.008989731004681959e-07
0.000000000000000000e+00,0.000000000000000000e+00
0.000000000000000000e+00,0.000000000000000000e+00
0.000000000000000000e+00,0.000000000000000000e+00
0.000000000000000000e+00,0.000000000000000000e+00
5.187428246519336236e-08,3.384220563771605334e-08
0.000000000000000000e+00,0.000000000000000000e+00
5.422686017230408815e-07,4.066696632110162059e-07
0.000000000000000000e+00,0.000000000000000000e+00
0.000000000000000000e+00,0.000000000000000000e+00
0.000000000000000000e+00,0.000000000000000000e+00
0.000000000000000000e+00,0.000000000000000000e+00
0.000000000000000000e+00,0.000000000000000000e+00
0.000000000000000000e+00,0.000000000000000000e+00
0.000000000000000000e+00,0.000000000000000000e+00
0.000000000000000000e+00,0.000000000000000000e+00
7.853054898505994890e-08,7.975186523106742325e-08
0.000000000000000000e+00,0.000000000000000000e+00
0.000000000000000000e+00,0.000000000000000000e+00
0.000000000000000000e+00,0.000000000000000000e+00
0.000000000000000000e+00,0.000000000000000000e+00
5.840288702324068351e-07,2.314571801081844745e-07
1.562248980072134764e-07,1.405881663387559327e-07
0.000000000000000000e+00,0.000000000000000000e+00
0.000000000000000000e+00,0.000000000000000000e+00
0.000000000000000000e+00,0.000000000000000000e+00
8.943984285596672561e-07,8.964572261363039769e-07
1.348963809688625905e-07,1.362143973792045162e-07
0.000000000000000000e+00,0.000000000000000000e+00
0.000000000000000000e+00,0.000000000000000000e+00
0.000000000000000000e+00,0.000000000000000000e+00
0.000000000000000000e+00,0.000000000000000000e+00
3.080613642489985086e-07,9.807789993268530673e-08
0.000000000000000000e+00,0.000000000000000000e+00
0.000000000000000000e+00,0.000000000000000000e+00
0.000000000000000000e+00,0.000000000000000000e+00
0.000000000000000000e+00,0.000000000000000000e+00
1.243585217175012777e-06,9.191463630480438779e-07
6.299383235470420606e-08,4.009731405333398455e-08
0.000000000000000000e+00,0.000000000000000000e+00
0.000000000000000000e+00,0.000000000000000000e+00
0.000000000000000000e+00,0.000000000000000000e+00
0.000000000000000000e+00,0.000000000000000000e+00
2.474872032512987073e-07,2.311604571469459525e-07
0.000000000000000000e+00,0.000000000000000000e+00
0.000000000000000000e+00,0.000000000000000000e+00
0.000000000000000000e+00,0.000000000000000000e+00
0.000000000000000000e+00,0.000000000000000000e+00
0.000000000000000000e+00,0.000000000000000000e+00
0.000000000000000000e+00,0.000000000000000000e+00
0.000000000000000000e+00,0.000000000000000000e+00
0.000000000000000000e+00,0.000000000000000000e+00
4.753207791188603921e-07,4.503507005514107765e-07
0.000000000000000000e+00,0.000000000000000000e+00
1.437770303544628080e-07,1.272996205477467260e-07
0.000000000000000000e+00,0.000000000000000000e+00
0.000000000000000000e+00,0.000000000000000000e+00
6.375802135759642995e-08,4.298999561110191036e-08
1.045355454001034715e-07,3.248468660943946626e-08
3.617251287610563032e-07,2.799817166652900913e-07
4.815288433073056540e-07,3.716907270828637031e-07
0.000000000000000000e+00,0.000000000000000000e+00
0.000000000000000000e+00,0.000000000000000000e+00
0.000000000000000000e+00,0.000000000000000000e+00
0.000000000000000000e+00,0.000000000000000000e+00
0.000000000000000000e+00,0.000000000000000000e+00
0.000000000000000000e+00,0.000000000000000000e+00
0.000000000000000000e+00,0.000000000000000000e+00
0.000000000000000000e+00,0.000000000000000000e+00
0.000000000000000000e+00,0.000000000000000000e+00
6.148450644424817711e-07,6.237800860300678023e-07
0.000000000000000000e+00,0.000000000000000000e+00
2.043146977848985273e-07,7.276522494137442675e-08
0.000000000000000000e+00,0.000000000000000000e+00
0.000000000000000000e+00,0.000000000000000000e+00
0.000000000000000000e+00,0.000000000000000000e+00
1.483464466394789058e-06,1.126915979738607655e-06
0.000000000000000000e+00,0.000000000000000000e+00
0.000000000000000000e+00,0.000000000000000000e+00
0.000000000000000000e+00,0.000000000000000000e+00
0.000000000000000000e+00,0.000000000000000000e+00
0.000000000000000000e+00,0.000000000000000000e+00
9.294310712351453450e-08,9.201917525843524255e-08
0.000000000000000000e+00,0.000000000000000000e+00
6.501427343666060653e-07,5.858007361526151019e-07
0.000000000000000000e+00,0.000000000000000000e+00
3.454823120489702865e-08,2.022747238984208124e-08
0.000000000000000000e+00,0.000000000000000000e+00
0.000000000000000000e+00,0.000000000000000000e+00
1.427545224139538654e-07,1.362469686677856667e-07
0.000000000000000000e+00,0.000000000000000000e+00
0.000000000000000000e+00,0.000000000000000000e+00
6.934314069262734363e-08,7.033482621565771672e-08
2.979711400664287939e-09,1.651901244156506266e-09
0.000000000000000000e+00,0.000000000000000000e+00
1.065025226302152106e-06,7.226450584722842321e-07
0.000000000000000000e+00,0.000000000000000000e+00
0.000000000000000000e+00,0.000000000000000000e+00
0.000000000000000000e+00,0.000000000000000000e+00
0.000000000000000000e+00,0.000000000000000000e+00
0.000000000000000000e+00,0.000000000000000000e+00
0.000000000000000000e+00,0.000000000000000000e+00
0.000000000000000000e+00,0.000000000000000000e+00
0.000000000000000000e+00,0.000000000000000000e+00
0.000000000000000000e+00,0.000000000000000000e+00
3.156713527490202780e-07,2.964791792970007788e-07
6.161079275147176495e-07,4.503022551544639519e-07
0.000000000000000000e+00,0.000000000000000000e+00
0.000000000000000000e+00,0.000000000000000000e+00
0.000000000000000000e+00,0.000000000000000000e+00
9.819491331924761999e-08,5.776163386192498106e-08
3.619308639999324721e-07,3.102208579501286820e-07
1.106222070297734920e-07,5.469209571086738313e-08
0.000000000000000000e+00,0.000000000000000000e+00
1.397997193318785277e-07,1.294522210564911628e-07
0.000000000000000000e+00,0.000000000000000000e+00
1.883028247682053205e-07,1.705648722488508729e-07
0.000000000000000000e+00,0.000000000000000000e+00
1.953379566707258693e-07,1.887438226388946401e-07
0.000000000000000000e+00,0.000000000000000000e+00
0.000000000000000000e+00,0.000000000000000000e+00
0.000000000000000000e+00,0.000000000000000000e+00
1.752883789757773982e-07,1.045076857612953002e-07
0.000000000000000000e+00,0.000000000000000000e+00
0.000000000000000000e+00,0.000000000000000000e+00
0.000000000000000000e+00,0.000000000000000000e+00
0.000000000000000000e+00,0.000000000000000000e+00
6.390213845610802409e-07,3.830273261138838418e-07
0.000000000000000000e+00,0.000000000000000000e+00
0.000000000000000000e+00,0.000000000000000000e+00
0.000000000000000000e+00,0.000000000000000000e+00
5.719056336883382324e-07,6.015043188550502989e-07
0.000000000000000000e+00,0.000000000000000000e+00
0.000000000000000000e+00,0.000000000000000000e+00
0.000000000000000000e+00,0.000000000000000000e+00
0.000000000000000000e+00,0.000000000000000000e+00
0.000000000000000000e+00,0.000000000000000000e+00
0.000000000000000000e+00,0.000000000000000000e+00
9.654480220487874939e-09,9.874245210164552549e-09
0.000000000000000000e+00,0.000000000000000000e+00
0.000000000000000000e+00,0.000000000000000000e+00
0.000000000000000000e+00,0.000000000000000000e+00
5.589741467910238333e-07,9.410829152693806637e-07
0.000000000000000000e+00,0.000000000000000000e+00
0.000000000000000000e+00,0.000000000000000000e+00
3.083619964114831835e-07,2.799942056581996719e-07
0.000000000000000000e+00,0.000000000000000000e+00
0.000000000000000000e+00,0.000000000000000000e+00
4.312257572719597187e-07,3.940330135349495998e-07
0.000000000000000000e+00,0.000000000000000000e+00
0.000000000000000000e+00,0.000000000000000000e+00
1.514297312863010044e-07,1.344524158815784599e-07
0.000000000000000000e+00,0.000000000000000000e+00
4.780149527489893274e-08,4.264756129924526709e-08
0.000000000000000000e+00,0.000000000000000000e+00
6.783044660986400902e-08,7.948285500154980678e-08
0.000000000000000000e+00,0.000000000000000000e+00
0.000000000000000000e+00,0.000000000000000000e+00
2.205036849667007485e-07,1.180886072732897772e-07
0.000000000000000000e+00,0.000000000000000000e+00
1.013060462432705751e-06,6.768686181206759518e-07
0.000000000000000000e+00,0.000000000000000000e+00
0.000000000000000000e+00,0.000000000000000000e+00
3.917264651412492713e-07,3.699475284565703794e-07
0.000000000000000000e+00,0.000000000000000000e+00
0.000000000000000000e+00,0.000000000000000000e+00
0.000000000000000000e+00,0.000000000000000000e+00
0.000000000000000000e+00,0.000000000000000000e+00
3.127226855883525884e-07,1.319344710026908218e-07
0.000000000000000000e+00,0.000000000000000000e+00
3.598343048584488427e-07,2.653984690919225425e-07
2.122515258988676160e-07,1.478391906223100826e-07
0.000000000000000000e+00,0.000000000000000000e+00
0.000000000000000000e+00,0.000000000000000000e+00
0.000000000000000000e+00,0.000000000000000000e+00
4.412978260382671647e-07,4.258017176994659336e-07
4.137468713349641960e-07,3.898893109478132889e-07
0.000000000000000000e+00,0.000000000000000000e+00
6.315107546802723336e-07,6.076006032276502473e-07
0.000000000000000000e+00,0.000000000000000000e+00
0.000000000000000000e+00,0.000000000000000000e+00
0.000000000000000000e+00,0.000000000000000000e+00
3.930061899323644653e-07,2.962405910284123810e-07
0.000000000000000000e+00,0.000000000000000000e+00
4.188286309949478812e-07,3.703683272928934779e-07
1.030829490903478273e-07,1.569729998086681071e-07
0.000000000000000000e+00,0.000000000000000000e+00
0.000000000000000000e+00,0.000000000000000000e+00
2.993589333244316142e-07,2.862305397293884742e-07
0.000000000000000000e+00,0.000000000000000000e+00
7.202594147009182127e-08,1.394941500080283170e-07
0.000000000000000000e+00,0.000000000000000000e+00
1.540940234514831001e-07,8.066700782971192011e-08
0.000000000000000000e+00,0.000000000000000000e+00
0.000000000000000000e+00,0.000000000000000000e+00
0.000000000000000000e+00,0.000000000000000000e+00
5.721868608884545346e-07,5.436451354062545860e-07
0.000000000000000000e+00,0.000000000000000000e+00
5.690643444458658845e-07,5.878969397584552482e-07
7.491918857821484327e-08,2.821589301035965464e-08
0.000000000000000000e+00,0.000000000000000000e+00
0.000000000000000000e+00,0.000000000000000000e+00
0.000000000000000000e+00,0.000000000000000000e+00
0.000000000000000000e+00,0.000000000000000000e+00
0.000000000000000000e+00,0.000000000000000000e+00
0.000000000000000000e+00,0.000000000000000000e+00
0.000000000000000000e+00,0.000000000000000000e+00
0.000000000000000000e+00,0.000000000000000000e+00
2.552290477533119549e-07,1.363073183212067451e-07
0.000000000000000000e+00,0.000000000000000000e+00
0.000000000000000000e+00,0.000000000000000000e+00
0.000000000000000000e+00,0.000000000000000000e+00
4.249556423349201977e-07,3.252199192610316989e-07
8.811574441851859955e-07,4.195210944775124270e-07
4.932920596936815463e-07,4.092544683836504942e-07
0.000000000000000000e+00,0.000000000000000000e+00
0.000000000000000000e+00,0.000000000000000000e+00
0.000000000000000000e+00,0.000000000000000000e+00
0.000000000000000000e+00,0.000000000000000000e+00
0.000000000000000000e+00,0.000000000000000000e+00
0.000000000000000000e+00,0.000000000000000000e+00
0.000000000000000000e+00,0.000000000000000000e+00
0.000000000000000000e+00,0.000000000000000000e+00
0.000000000000000000e+00,0.000000000000000000e+00
1.022590522933293606e-06,4.595123190526518440e-07
0.000000000000000000e+00,0.000000000000000000e+00
0.000000000000000000e+00,0.000000000000000000e+00
0.000000000000000000e+00,0.000000000000000000e+00
0.000000000000000000e+00,0.000000000000000000e+00
0.000000000000000000e+00,0.000000000000000000e+00
0.000000000000000000e+00,0.000000000000000000e+00
0.000000000000000000e+00,0.000000000000000000e+00
2.730552083120206457e-07,2.669676938396644060e-07
0.000000000000000000e+00,0.000000000000000000e+00
0.000000000000000000e+00,0.000000000000000000e+00
0.000000000000000000e+00,0.000000000000000000e+00
0.000000000000000000e+00,0.000000000000000000e+00
0.000000000000000000e+00,0.000000000000000000e+00
0.000000000000000000e+00,0.000000000000000000e+00
4.440899903147889604e-07,4.625461197059185020e-07
0.000000000000000000e+00,0.000000000000000000e+00
0.000000000000000000e+00,0.000000000000000000e+00
1.322719270753340331e-07,1.604922895999283911e-07
3.688439216441800924e-08,1.185774600419702953e-08
0.000000000000000000e+00,0.000000000000000000e+00
0.000000000000000000e+00,0.000000000000000000e+00
0.000000000000000000e+00,0.000000000000000000e+00
0.000000000000000000e+00,0.000000000000000000e+00
0.000000000000000000e+00,0.000000000000000000e+00
0.000000000000000000e+00,0.000000000000000000e+00
0.000000000000000000e+00,0.000000000000000000e+00
0.000000000000000000e+00,0.000000000000000000e+00
0.000000000000000000e+00,0.000000000000000000e+00
0.000000000000000000e+00,0.000000000000000000e+00
0.000000000000000000e+00,0.000000000000000000e+00
0.000000000000000000e+00,0.000000000000000000e+00
2.876201985016269479e-07,2.891206999776473124e-07
0.000000000000000000e+00,0.000000000000000000e+00
1.133537074706672307e-07,1.066746912824064473e-07
0.000000000000000000e+00,0.000000000000000000e+00
1.456904514543135041e-07,1.229723646925563933e-07
6.055556902813978579e-07,4.454954249717784368e-07
7.635823862421463232e-07,7.170154419963443982e-07
4.387581387451741795e-08,1.335407609407887022e-08
0.000000000000000000e+00,0.000000000000000000e+00
0.000000000000000000e+00,0.000000000000000000e+00
0.000000000000000000e+00,0.000000000000000000e+00
0.000000000000000000e+00,0.000000000000000000e+00
4.198210146547648812e-08,2.655775234495699905e-08
0.000000000000000000e+00,0.000000000000000000e+00
2.290029960128636392e-07,2.186402051865519460e-07
0.000000000000000000e+00,0.000000000000000000e+00
0.000000000000000000e+00,0.000000000000000000e+00
0.000000000000000000e+00,0.000000000000000000e+00
0.000000000000000000e+00,0.000000000000000000e+00
0.000000000000000000e+00,0.000000000000000000e+00
1.225980930431710097e-07,1.126635096440125050e-07
0.000000000000000000e+00,0.000000000000000000e+00
4.314540473028964724e-07,3.657937191312026369e-07
0.000000000000000000e+00,0.000000000000000000e+00
7.444234587857651371e-08,3.505808669811857588e-08
0.000000000000000000e+00,0.000000000000000000e+00
0.000000000000000000e+00,0.000000000000000000e+00
0.000000000000000000e+00,0.000000000000000000e+00
0.000000000000000000e+00,0.000000000000000000e+00
0.000000000000000000e+00,0.000000000000000000e+00
1.500736509105304796e-07,1.298730277202693643e-07
7.330961232503231820e-08,5.369239562263487996e-08
0.000000000000000000e+00,0.000000000000000000e+00
0.000000000000000000e+00,0.000000000000000000e+00
3.489712844118027290e-07,2.637339245840562030e-07
0.000000000000000000e+00,0.000000000000000000e+00
0.000000000000000000e+00,0.000000000000000000e+00
4.352023554481742899e-07,3.751556745392181134e-07
0.000000000000000000e+00,0.000000000000000000e+00
0.000000000000000000e+00,0.000000000000000000e+00
0.000000000000000000e+00,0.000000000000000000e+00
2.279042747046099573e-07,2.311924745593122353e-07
0.000000000000000000e+00,0.000000000000000000e+00
0.000000000000000000e+00,0.000000000000000000e+00
2.504816436325819741e-07,2.393928460414220044e-07
0.000000000000000000e+00,0.000000000000000000e+00
1.821415270571636816e-07,1.795951245264304350e-07
0.000000000000000000e+00,0.000000000000000000e+00
5.823245346323111260e-07,5.884745561050792921e-07
0.000000000000000000e+00,0.000000000000000000e+00
4.795878897546806676e-07,3.355439457901390834e-07
3.087687525636139271e-07,1.422814897551363335e-07
3.129558925093328146e-08,1.960968818685776247e-08
0.000000000000000000e+00,0.000000000000000000e+00
0.000000000000000000e+00,0.000000000000000000e+00
0.000000000000000000e+00,0.000000000000000000e+00
0.000000000000000000e+00,0.000000000000000000e+00
0.000000000000000000e+00,0.000000000000000000e+00
4.161335320676946702e-07,3.058864268720891351e-07
8.243232037737640787e-08,5.873462095366427144e-08
0.000000000000000000e+00,0.000000000000000000e+00
0.000000000000000000e+00,0.000000000000000000e+00
0.000000000000000000e+00,0.000000000000000000e+00
0.000000000000000000e+00,0.000000000000000000e+00
0.000000000000000000e+00,0.000000000000000000e+00
0.000000000000000000e+00,0.000000000000000000e+00
0.000000000000000000e+00,0.000000000000000000e+00
0.000000000000000000e+00,0.000000000000000000e+00
0.000000000000000000e+00,0.000000000000000000e+00
0.000000000000000000e+00,0.000000000000000000e+00
0.000000000000000000e+00,0.000000000000000000e+00
0.000000000000000000e+00,0.000000000000000000e+00
7.752338689740575446e-07,7.252324348663011250e-07
0.000000000000000000e+00,0.000000000000000000e+00
0.000000000000000000e+00,0.000000000000000000e+00
0.000000000000000000e+00,0.000000000000000000e+00
0.000000000000000000e+00,0.000000000000000000e+00
9.231854938386069343e-08,9.260825635253329289e-08
0.000000000000000000e+00,0.000000000000000000e+00
0.000000000000000000e+00,0.000000000000000000e+00
0.000000000000000000e+00,0.000000000000000000e+00
1.384965849440756529e-06,1.039155486153857426e-06
0.000000000000000000e+00,0.000000000000000000e+00
1.205938036643304457e-06,1.165224553276938798e-06
2.998731380516626030e-07,3.029004156693295269e-07
0.000000000000000000e+00,0.000000000000000000e+00
0.000000000000000000e+00,0.000000000000000000e+00
0.000000000000000000e+00,0.000000000000000000e+00
0.000000000000000000e+00,0.000000000000000000e+00
0.000000000000000000e+00,0.000000000000000000e+00
0.000000000000000000e+00,0.000000000000000000e+00
3.153360809424357880e-07,3.103990360831366781e-07
0.000000000000000000e+00,0.000000000000000000e+00
0.000000000000000000e+00,0.000000000000000000e+00
5.828138020963893218e-07,4.127998608063888776e-07
4.829280053545166932e-08,3.915853727511110800e-08
0.000000000000000000e+00,0.000000000000000000e+00
0.000000000000000000e+00,0.000000000000000000e+00
0.000000000000000000e+00,0.000000000000000000e+00
0.000000000000000000e+00,0.000000000000000000e+00
0.000000000000000000e+00,0.000000000000000000e+00
0.000000000000000000e+00,0.000000000000000000e+00
0.000000000000000000e+00,0.000000000000000000e+00
2.823340579758336909e-07,1.387734439410279422e-07
0.000000000000000000e+00,0.000000000000000000e+00
1.214010751445730628e-07,1.029840435304514332e-07
1.308261762240871053e-07,1.012942137306116423e-07
0.000000000000000000e+00,0.000000000000000000e+00
1.930281099322114520e-07,1.333052885580662022e-07
0.000000000000000000e+00,0.000000000000000000e+00
0.000000000000000000e+00,0.000000000000000000e+00
0.000000000000000000e+00,0.000000000000000000e+00
6.507292988968031727e-07,6.644040827026591770e-07
5.425511992290511616e-07,4.856454018251993007e-07
0.000000000000000000e+00,0.000000000000000000e+00
4.898181004972160340e-07,4.789348371091327154e-07
1.983826406286820956e-07,1.833479570232493980e-07
0.000000000000000000e+00,0.000000000000000000e+00
0.000000000000000000e+00,0.000000000000000000e+00
1.078787251848907187e-06,1.081331792085221729e-06
0.000000000000000000e+00,0.000000000000000000e+00
0.000000000000000000e+00,0.000000000000000000e+00
0.000000000000000000e+00,0.000000000000000000e+00
1.034897284308572730e-07,1.071562270290162118e-07
0.000000000000000000e+00,0.000000000000000000e+00
5.097668723839614910e-07,3.999294383931426477e-07
0.000000000000000000e+00,0.000000000000000000e+00
0.000000000000000000e+00,0.000000000000000000e+00
0.000000000000000000e+00,0.000000000000000000e+00
0.000000000000000000e+00,0.000000000000000000e+00
8.051667751108164772e-07,8.674747315033213578e-07
0.000000000000000000e+00,0.000000000000000000e+00
6.817170295091510696e-08,5.196976029092203309e-08
0.000000000000000000e+00,0.000000000000000000e+00
0.000000000000000000e+00,0.000000000000000000e+00
1.040055663842433003e-07,5.387708804891785493e-08
0.000000000000000000e+00,0.000000000000000000e+00
0.000000000000000000e+00,0.000000000000000000e+00
1.490365521577426306e-07,9.003514836568252586e-08
0.000000000000000000e+00,0.000000000000000000e+00
2.758942689162621757e-08,1.686823519312218654e-08
0.000000000000000000e+00,0.000000000000000000e+00
0.000000000000000000e+00,0.000000000000000000e+00
5.085435970074034366e-07,4.556927596646410537e-07
6.846561105461504481e-07,5.079667050406220858e-07
0.000000000000000000e+00,0.000000000000000000e+00
0.000000000000000000e+00,0.000000000000000000e+00
0.000000000000000000e+00,0.000000000000000000e+00
1.861785359237643349e-07,1.018146956440348915e-07
4.581678882468401388e-08,4.647922544495750903e-08
0.000000000000000000e+00,0.000000000000000000e+00
0.000000000000000000e+00,0.000000000000000000e+00
0.000000000000000000e+00,0.000000000000000000e+00
0.000000000000000000e+00,0.000000000000000000e+00
0.000000000000000000e+00,0.000000000000000000e+00
0.000000000000000000e+00,0.000000000000000000e+00
3.891076918789980219e-07,3.612846474070786202e-07
0.000000000000000000e+00,0.000000000000000000e+00
0.000000000000000000e+00,0.000000000000000000e+00
0.000000000000000000e+00,0.000000000000000000e+00
0.000000000000000000e+00,0.000000000000000000e+00
1.257544207365849820e-06,1.169902912392878434e-06
1.163239935832338681e-06,1.199800650403586171e-06
8.553565126924174630e-07,7.612142884015798708e-07
0.000000000000000000e+00,0.000000000000000000e+00
0.000000000000000000e+00,0.000000000000000000e+00
0.000000000000000000e+00,0.000000000000000000e+00
4.662292726954294744e-07,4.150620127342729088e-07
1.199052372627869957e-07,1.226562968095878954e-07
0.000000000000000000e+00,0.000000000000000000e+00
0.000000000000000000e+00,0.000000000000000000e+00
0.000000000000000000e+00,0.000000000000000000e+00
0.000000000000000000e+00,0.000000000000000000e+00
0.000000000000000000e+00,0.000000000000000000e+00
8.770825171386438760e-07,8.875605028196199528e-07
0.000000000000000000e+00,0.000000000000000000e+00
1.752906683790152861e-07,1.954957001757845517e-07
0.000000000000000000e+00,0.000000000000000000e+00
0.000000000000000000e+00,0.000000000000000000e+00
0.000000000000000000e+00,0.000000000000000000e+00
4.489660119270127745e-07,4.091480468505826904e-07
2.868778193040202566e-07,2.819741865779156185e-07
5.562254226859965934e-07,5.337306704589115956e-07
0.000000000000000000e+00,0.000000000000000000e+00
4.245130840504990964e-07,3.629666526843710746e-07
4.092232038592171783e-07,4.134134440982247928e-07
0.000000000000000000e+00,0.000000000000000000e+00
0.000000000000000000e+00,0.000000000000000000e+00
0.000000000000000000e+00,0.000000000000000000e+00
0.000000000000000000e+00,0.000000000000000000e+00
0.000000000000000000e+00,0.000000000000000000e+00
0.000000000000000000e+00,0.000000000000000000e+00
0.000000000000000000e+00,0.000000000000000000e+00
0.000000000000000000e+00,0.000000000000000000e+00
6.172419768450206168e-07,6.519441327920142995e-07
0.000000000000000000e+00,0.000000000000000000e+00
0.000000000000000000e+00,0.000000000000000000e+00
0.000000000000000000e+00,0.000000000000000000e+00
0.000000000000000000e+00,0.000000000000000000e+00
3.629862156433368405e-08,3.745208323859815669e-08
0.000000000000000000e+00,0.000000000000000000e+00
0.000000000000000000e+00,0.000000000000000000e+00
0.000000000000000000e+00,0.000000000000000000e+00
4.463779833164016861e-07,4.518256707748929572e-07
0.000000000000000000e+00,0.000000000000000000e+00
0.000000000000000000e+00,0.000000000000000000e+00
0.000000000000000000e+00,0.000000000000000000e+00
0.000000000000000000e+00,0.000000000000000000e+00
2.278852586687853339e-07,1.667706486345317552e-07
1.405845672401481893e-07,1.277643717915663720e-07
0.000000000000000000e+00,0.000000000000000000e+00
0.000000000000000000e+00,0.000000000000000000e+00
0.000000000000000000e+00,0.000000000000000000e+00
0.000000000000000000e+00,0.000000000000000000e+00
0.000000000000000000e+00,0.000000000000000000e+00
0.000000000000000000e+00,0.000000000000000000e+00
0.000000000000000000e+00,0.000000000000000000e+00
0.000000000000000000e+00,0.000000000000000000e+00
0.000000000000000000e+00,0.000000000000000000e+00
0.000000000000000000e+00,0.000000000000000000e+00
0.000000000000000000e+00,0.000000000000000000e+00
0.000000000000000000e+00,0.000000000000000000e+00
9.728711073784654062e-08,4.003706279537443574e-08
8.351758390139189866e-08,1.105110712680201195e-07
0.000000000000000000e+00,0.000000000000000000e+00
2.065092979335351598e-07,1.897247430335689553e-07
1.081535855160029889e-07,7.957585207281935941e-08
0.000000000000000000e+00,0.000000000000000000e+00
1.898977341502600768e-08,1.528099386743759449e-08
0.000000000000000000e+00,0.000000000000000000e+00
0.000000000000000000e+00,0.000000000000000000e+00
3.125001476778453452e-07,3.064049626482204883e-07
1.108026692601408924e-06,1.157715696608756145e-06
0.000000000000000000e+00,0.000000000000000000e+00
0.000000000000000000e+00,0.000000000000000000e+00
0.000000000000000000e+00,0.000000000000000000e+00
0.000000000000000000e+00,0.000000000000000000e+00
0.000000000000000000e+00,0.000000000000000000e+00
0.000000000000000000e+00,0.000000000000000000e+00
2.384752149236364097e-06,1.898819230218533248e-06
1.209562000689538435e-06,9.087277755997481771e-07
0.000000000000000000e+00,0.000000000000000000e+00
0.000000000000000000e+00,0.000000000000000000e+00
0.000000000000000000e+00,0.000000000000000000e+00
0.000000000000000000e+00,0.000000000000000000e+00
3.690680718432160572e-07,3.140255877904760740e-07
8.840949392416635757e-07,7.236143373480797874e-07
0.000000000000000000e+00,0.000000000000000000e+00
0.000000000000000000e+00,0.000000000000000000e+00
0.000000000000000000e+00,0.000000000000000000e+00
1.969551534689412672e-07,2.005252521143293489e-07
8.957719257786071658e-07,6.567411774705141740e-07
4.936328331926124469e-07,5.095578836150270909e-07
0.000000000000000000e+00,0.000000000000000000e+00
0.000000000000000000e+00,0.000000000000000000e+00
9.481585326789201047e-07,8.558505759907980481e-07
0.000000000000000000e+00,0.000000000000000000e+00
0.000000000000000000e+00,0.000000000000000000e+00
0.000000000000000000e+00,0.000000000000000000e+00
0.000000000000000000e+00,0.000000000000000000e+00
0.000000000000000000e+00,0.000000000000000000e+00
7.844231480885084479e-07,1.391709135616761692e-06
3.487199956150557133e-07,3.561859319125290008e-07
1.441555721406954215e-07,1.451054475054423819e-07
3.535347162766940699e-08,1.067250839139154242e-08
0.000000000000000000e+00,0.000000000000000000e+00
0.000000000000000000e+00,0.000000000000000000e+00
0.000000000000000000e+00,0.000000000000000000e+00
0.000000000000000000e+00,0.000000000000000000e+00
5.609411213307320435e-07,4.981724365171283470e-07
0.000000000000000000e+00,0.000000000000000000e+00
1.608617978256731648e-07,1.121001942096015390e-07
0.000000000000000000e+00,0.000000000000000000e+00
0.000000000000000000e+00,0.000000000000000000e+00
1.293949726087104396e-06,9.503467341768932433e-07
0.000000000000000000e+00,0.000000000000000000e+00
0.000000000000000000e+00,0.000000000000000000e+00
0.000000000000000000e+00,0.000000000000000000e+00
0.000000000000000000e+00,0.000000000000000000e+00
1.815463381073210448e-07,1.514150632281622473e-07
0.000000000000000000e+00,0.000000000000000000e+00
0.000000000000000000e+00,0.000000000000000000e+00
0.000000000000000000e+00,0.000000000000000000e+00
0.000000000000000000e+00,0.000000000000000000e+00
0.000000000000000000e+00,0.000000000000000000e+00
2.635695177767019672e-07,3.369992763145239608e-07
5.150319328556191554e-07,4.719336166677001963e-07
0.000000000000000000e+00,0.000000000000000000e+00
0.000000000000000000e+00,0.000000000000000000e+00
2.541031290478706498e-07,1.118516083559850865e-07
0.000000000000000000e+00,0.000000000000000000e+00
0.000000000000000000e+00,0.000000000000000000e+00
0.000000000000000000e+00,0.000000000000000000e+00
0.000000000000000000e+00,0.000000000000000000e+00
0.000000000000000000e+00,0.000000000000000000e+00
0.000000000000000000e+00,0.000000000000000000e+00
0.000000000000000000e+00,0.000000000000000000e+00
0.000000000000000000e+00,0.000000000000000000e+00
0.000000000000000000e+00,0.000000000000000000e+00
0.000000000000000000e+00,0.000000000000000000e+00
2.148485351656746427e-07,2.294371004174185880e-07
0.000000000000000000e+00,0.000000000000000000e+00
2.946429335285135083e-07,2.789136151962730303e-07
0.000000000000000000e+00,0.000000000000000000e+00
0.000000000000000000e+00,0.000000000000000000e+00
0.000000000000000000e+00,0.000000000000000000e+00
3.939016656242114061e-07,3.626686503971967024e-07
1.735341723681942497e-07,1.566428070385104554e-07
0.000000000000000000e+00,0.000000000000000000e+00
0.000000000000000000e+00,0.000000000000000000e+00
0.000000000000000000e+00,0.000000000000000000e+00
0.000000000000000000e+00,0.000000000000000000e+00
1.483744298952491829e-07,1.329975957706575456e-07
1.193064069827858657e-08,1.103477567098345919e-08
0.000000000000000000e+00,0.000000000000000000e+00
0.000000000000000000e+00,0.000000000000000000e+00
5.815454796770497808e-08,3.511486959371183112e-08
0.000000000000000000e+00,0.000000000000000000e+00
0.000000000000000000e+00,0.000000000000000000e+00
0.000000000000000000e+00,0.000000000000000000e+00
5.729666437524340975e-08,3.909819975410733597e-08
0.000000000000000000e+00,0.000000000000000000e+00
9.175584354100844430e-07,1.000496616916377416e-06
6.219857394164445704e-07,2.436958010368066586e-07
0.000000000000000000e+00,0.000000000000000000e+00
0.000000000000000000e+00,0.000000000000000000e+00
0.000000000000000000e+00,0.000000000000000000e+00
3.837096678697659840e-07,2.933130873993300818e-07
0.000000000000000000e+00,0.000000000000000000e+00
0.000000000000000000e+00,0.000000000000000000e+00
0.000000000000000000e+00,0.000000000000000000e+00
5.614512194397462764e-07,5.850035607945490990e-07
0.000000000000000000e+00,0.000000000000000000e+00
7.514905405636886884e-08,4.115641067996888672e-08
0.000000000000000000e+00,0.000000000000000000e+00
0.000000000000000000e+00,0.000000000000000000e+00
0.000000000000000000e+00,0.000000000000000000e+00
0.000000000000000000e+00,0.000000000000000000e+00
0.000000000000000000e+00,0.000000000000000000e+00
0.000000000000000000e+00,0.000000000000000000e+00
0.000000000000000000e+00,0.000000000000000000e+00
0.000000000000000000e+00,0.000000000000000000e+00
1.924772288925516146e-07,1.090784808361470385e-07
0.000000000000000000e+00,0.000000000000000000e+00
0.000000000000000000e+00,0.000000000000000000e+00
5.209455985638528882e-08,2.700110384196546457e-08
5.698891573859321285e-07,4.069409741079622925e-07
0.000000000000000000e+00,0.000000000000000000e+00
1.814783882806250695e-07,1.186072775236440764e-07
0.000000000000000000e+00,0.000000000000000000e+00
0.000000000000000000e+00,0.000000000000000000e+00
0.000000000000000000e+00,0.000000000000000000e+00
0.000000000000000000e+00,0.000000000000000000e+00
0.000000000000000000e+00,0.000000000000000000e+00
0.000000000000000000e+00,0.000000000000000000e+00
1.463247205918063280e-07,1.420239248097414919e-07
0.000000000000000000e+00,0.000000000000000000e+00
0.000000000000000000e+00,0.000000000000000000e+00
1.082624926989358005e-06,7.643415098991963547e-07
0.000000000000000000e+00,0.000000000000000000e+00
0.000000000000000000e+00,0.000000000000000000e+00
4.697924542309188977e-07,3.508279573730709759e-07
1.610648231171795039e-07,9.640841600491960610e-08
0.000000000000000000e+00,0.000000000000000000e+00
0.000000000000000000e+00,0.000000000000000000e+00
2.684103034297836638e-07,2.475860479191237785e-07
0.000000000000000000e+00,0.000000000000000000e+00
0.000000000000000000e+00,0.000000000000000000e+00
2.887948523741332935e-07,2.614941954404882790e-07
0.000000000000000000e+00,0.000000000000000000e+00
0.000000000000000000e+00,0.000000000000000000e+00
5.015501781359218931e-07,4.646671192270663681e-07
0.000000000000000000e+00,0.000000000000000000e+00
0.000000000000000000e+00,0.000000000000000000e+00
0.000000000000000000e+00,0.000000000000000000e+00
1.123580302688094219e-07,6.349062547549041408e-08
2.972649353584337552e-07,1.371007274591035772e-07
0.000000000000000000e+00,0.000000000000000000e+00
0.000000000000000000e+00,0.000000000000000000e+00
0.000000000000000000e+00,0.000000000000000000e+00
0.000000000000000000e+00,0.000000000000000000e+00
0.000000000000000000e+00,0.000000000000000000e+00
0.000000000000000000e+00,0.000000000000000000e+00
0.000000000000000000e+00,0.000000000000000000e+00
0.000000000000000000e+00,0.000000000000000000e+00
0.000000000000000000e+00,0.000000000000000000e+00
0.000000000000000000e+00,0.000000000000000000e+00
0.000000000000000000e+00,0.000000000000000000e+00
7.738366540876897393e-09,6.343911600259658156e-09
0.000000000000000000e+00,0.000000000000000000e+00
0.000000000000000000e+00,0.000000000000000000e+00
1.341556888056091519e-07,9.110947517525821199e-08
0.000000000000000000e+00,0.000000000000000000e+00
0.000000000000000000e+00,0.000000000000000000e+00
0.000000000000000000e+00,0.000000000000000000e+00
0.000000000000000000e+00,0.000000000000000000e+00
0.000000000000000000e+00,0.000000000000000000e+00
7.653617057670889287e-07,7.182167093613813212e-07
4.465432497559197376e-07,4.090909104259105970e-07
0.000000000000000000e+00,0.000000000000000000e+00
0.000000000000000000e+00,0.000000000000000000e+00
0.000000000000000000e+00,0.000000000000000000e+00
0.000000000000000000e+00,0.000000000000000000e+00
0.000000000000000000e+00,0.000000000000000000e+00
5.054854613246835521e-08,4.232821976175114945e-08
5.038465208459093624e-08,1.634570340970901028e-08
0.000000000000000000e+00,0.000000000000000000e+00
0.000000000000000000e+00,0.000000000000000000e+00
3.542462608453754209e-08,3.273566268345680411e-08
0.000000000000000000e+00,0.000000000000000000e+00
1.055339506923026606e-07,9.326606833239774275e-08
0.000000000000000000e+00,0.000000000000000000e+00
7.388432720684438368e-08,5.270641891504720791e-08
0.000000000000000000e+00,0.000000000000000000e+00
0.000000000000000000e+00,0.000000000000000000e+00
0.000000000000000000e+00,0.000000000000000000e+00
3.822751228104013591e-07,2.721027129973604891e-07
0.000000000000000000e+00,0.000000000000000000e+00
0.000000000000000000e+00,0.000000000000000000e+00
8.459972552627846930e-08,3.855847102639352827e-08
0.000000000000000000e+00,0.000000000000000000e+00
0.000000000000000000e+00,0.000000000000000000e+00
1.231174048004801882e-07,1.217426131249609503e-07
9.842251160883011575e-07,1.023532319750927797e-06
1.573619208522581653e-07,7.879258436512913858e-08
7.431814486617773919e-07,5.397009001645618565e-07
1.048269138397049711e-06,8.987134756020390811e-07
0.000000000000000000e+00,0.000000000000000000e+00
0.000000000000000000e+00,0.000000000000000000e+00
5.811095676690294080e-07,5.292699243480194902e-07
0.000000000000000000e+00,0.000000000000000000e+00
0.000000000000000000e+00,0.000000000000000000e+00
5.645852313871732151e-07,5.745966083637749760e-07
0.000000000000000000e+00,0.000000000000000000e+00
0.000000000000000000e+00,0.000000000000000000e+00
0.000000000000000000e+00,0.000000000000000000e+00
1.031012932529206850e-07,8.947558114779005924e-08
0.000000000000000000e+00,0.000000000000000000e+00
0.000000000000000000e+00,0.000000000000000000e+00
2.546228505121971719e-07,3.432547674819837044e-07
0.000000000000000000e+00,0.000000000000000000e+00
0.000000000000000000e+00,0.000000000000000000e+00
4.044762858748199721e-07,1.820365443542162788e-07
1.138911317853337101e-08,1.040891372534590888e-08
0.000000000000000000e+00,0.000000000000000000e+00
5.316982633706485701e-07,4.419322201845523263e-07
0.000000000000000000e+00,0.000000000000000000e+00
1.714578653576603890e-07,9.570158134946706109e-08
0.000000000000000000e+00,0.000000000000000000e+00
2.626721050171907139e-07,2.609703565006095028e-07
0.000000000000000000e+00,0.000000000000000000e+00
0.000000000000000000e+00,0.000000000000000000e+00
1.733735252754647217e-07,1.798286324322134939e-07
0.000000000000000000e+00,0.000000000000000000e+00
4.240242079183617726e-07,1.986128501332879580e-07
1.437149232239902648e-07,7.980772379530106850e-08
0.000000000000000000e+00,0.000000000000000000e+00
1.113893801742134165e-08,9.033515402434090858e-09
4.857007640522848890e-07,3.421914381338886954e-07
0.000000000000000000e+00,0.000000000000000000e+00
0.000000000000000000e+00,0.000000000000000000e+00
0.000000000000000000e+00,0.000000000000000000e+00
2.536469434769839194e-07,2.504306565225870854e-07
0.000000000000000000e+00,0.000000000000000000e+00
1.399387316014345500e-07,2.744899474618047827e-07
5.462649964544929320e-07,2.444741589875327507e-07
0.000000000000000000e+00,0.000000000000000000e+00
0.000000000000000000e+00,0.000000000000000000e+00
0.000000000000000000e+00,0.000000000000000000e+00
0.000000000000000000e+00,0.000000000000000000e+00
0.000000000000000000e+00,0.000000000000000000e+00
0.000000000000000000e+00,0.000000000000000000e+00
0.000000000000000000e+00,0.000000000000000000e+00
0.000000000000000000e+00,0.000000000000000000e+00
0.000000000000000000e+00,0.000000000000000000e+00
0.000000000000000000e+00,0.000000000000000000e+00
0.000000000000000000e+00,0.000000000000000000e+00
0.000000000000000000e+00,0.000000000000000000e+00
0.000000000000000000e+00,0.000000000000000000e+00
1.421635990929636423e-07,1.458929152373986165e-07
2.986600272572306655e-07,2.303992977500862572e-07
0.000000000000000000e+00,0.000000000000000000e+00
0.000000000000000000e+00,0.000000000000000000e+00
0.000000000000000000e+00,0.000000000000000000e+00
0.000000000000000000e+00,0.000000000000000000e+00
3.364474961118990818e-07,2.740965454528108035e-07
0.000000000000000000e+00,0.000000000000000000e+00
8.996463332033912171e-07,7.600378902009821157e-07
7.984475856756749864e-07,6.010996768921680956e-07
1.831646894545591420e-07,1.900102708813801519e-07
0.000000000000000000e+00,0.000000000000000000e+00
4.427792884347950975e-07,1.773804416404292789e-07
3.198668676975032916e-08,1.979754814618642976e-08
0.000000000000000000e+00,0.000000000000000000e+00
0.000000000000000000e+00,0.000000000000000000e+00
0.000000000000000000e+00,0.000000000000000000e+00
0.000000000000000000e+00,0.000000000000000000e+00
0.000000000000000000e+00,0.000000000000000000e+00
0.000000000000000000e+00,0.000000000000000000e+00
3.153599472752513162e-08,3.024958231971445403e-08
0.000000000000000000e+00,0.000000000000000000e+00
2.916671399347926165e-07,2.967802798452180146e-07
9.355396738533589102e-07,7.492220557086295882e-07
0.000000000000000000e+00,0.000000000000000000e+00
0.000000000000000000e+00,0.000000000000000000e+00
0.000000000000000000e+00,0.000000000000000000e+00
0.000000000000000000e+00,0.000000000000000000e+00
5.645954017328345555e-08,2.006532865820177806e-08
1.135736634700488409e-07,1.132333251206636615e-07
0.000000000000000000e+00,0.000000000000000000e+00
0.000000000000000000e+00,0.000000000000000000e+00
0.000000000000000000e+00,0.000000000000000000e+00
0.000000000000000000e+00,0.000000000000000000e+00
0.000000000000000000e+00,0.000000000000000000e+00
0.000000000000000000e+00,0.000000000000000000e+00
0.000000000000000000e+00,0.000000000000000000e+00
0.000000000000000000e+00,0.000000000000000000e+00
0.000000000000000000e+00,0.000000000000000000e+00
0.000000000000000000e+00,0.000000000000000000e+00
0.000000000000000000e+00,0.000000000000000000e+00
0.000000000000000000e+00,0.000000000000000000e+00
0.000000000000000000e+00,0.000000000000000000e+00
0.000000000000000000e+00,0.000000000000000000e+00
0.000000000000000000e+00,0.000000000000000000e+00
0.000000000000000000e+00,0.000000000000000000e+00
0.000000000000000000e+00,0.000000000000000000e+00
0.000000000000000000e+00,0.000000000000000000e+00
0.000000000000000000e+00,0.000000000000000000e+00
0.000000000000000000e+00,0.000000000000000000e+00
0.000000000000000000e+00,0.000000000000000000e+00
0.000000000000000000e+00,0.000000000000000000e+00
0.000000000000000000e+00,0.000000000000000000e+00
0.000000000000000000e+00,0.000000000000000000e+00
0.000000000000000000e+00,0.000000000000000000e+00
3.726490239282317437e-08,2.896097583729270267e-08
0.000000000000000000e+00,0.000000000000000000e+00
0.000000000000000000e+00,0.000000000000000000e+00
4.320043392994749775e-07,3.616917909051267943e-07
0.000000000000000000e+00,0.000000000000000000e+00
0.000000000000000000e+00,0.000000000000000000e+00
0.000000000000000000e+00,0.000000000000000000e+00
0.000000000000000000e+00,0.000000000000000000e+00
1.584614127990120888e-06,1.598392939749384794e-06
1.495199938407183225e-06,7.882613394809029349e-07
0.000000000000000000e+00,0.000000000000000000e+00
6.565793211907576884e-07,7.509299413946333508e-07
2.136100422315073776e-07,8.437321241509689858e-08
0.000000000000000000e+00,0.000000000000000000e+00
8.510764335808815892e-07,5.882403074861656051e-07
0.000000000000000000e+00,0.000000000000000000e+00
0.000000000000000000e+00,0.000000000000000000e+00
9.122153985522448160e-07,9.383333759899701005e-07
0.000000000000000000e+00,0.000000000000000000e+00
1.999929501980323725e-07,1.111434368303252734e-07
2.071069735257121213e-07,1.841950008242792494e-07
0.000000000000000000e+00,0.000000000000000000e+00
7.726774587968053739e-07,6.901509112079598153e-07
0.000000000000000000e+00,0.000000000000000000e+00
0.000000000000000000e+00,0.000000000000000000e+00
1.024293943690992993e-06,1.431254589994711532e-06
0.000000000000000000e+00,0.000000000000000000e+00
4.008940078934042046e-07,3.007077001748936346e-07
3.828451526400551065e-07,3.401057234509274550e-07
0.000000000000000000e+00,0.000000000000000000e+00
0.000000000000000000e+00,0.000000000000000000e+00
0.000000000000000000e+00,0.000000000000000000e+00
0.000000000000000000e+00,0.000000000000000000e+00
0.000000000000000000e+00,0.000000000000000000e+00
0.000000000000000000e+00,0.000000000000000000e+00
0.000000000000000000e+00,0.000000000000000000e+00
0.000000000000000000e+00,0.000000000000000000e+00
0.000000000000000000e+00,0.000000000000000000e+00
0.000000000000000000e+00,0.000000000000000000e+00
2.970010941749219293e-08,1.455474434554163947e-08
5.286719814404832000e-07,5.115313245554999964e-07
2.419328726414353453e-08,1.984206479807116113e-08
1.548334325350107054e-07,1.639124979944314719e-07
0.000000000000000000e+00,0.000000000000000000e+00
0.000000000000000000e+00,0.000000000000000000e+00
0.000000000000000000e+00,0.000000000000000000e+00
0.000000000000000000e+00,0.000000000000000000e+00
0.000000000000000000e+00,0.000000000000000000e+00
0.000000000000000000e+00,0.000000000000000000e+00
0.000000000000000000e+00,0.000000000000000000e+00
0.000000000000000000e+00,0.000000000000000000e+00
0.000000000000000000e+00,0.000000000000000000e+00
6.136715558850237428e-08,3.914691999298628336e-08
0.000000000000000000e+00,0.000000000000000000e+00
9.277283191268048026e-07,7.166521322591653536e-07
0.000000000000000000e+00,0.000000000000000000e+00
0.000000000000000000e+00,0.000000000000000000e+00
3.551850877842901580e-07,4.570513747118134953e-07
0.000000000000000000e+00,0.000000000000000000e+00
1.010883761650075547e-06,9.930519444124807189e-07
0.000000000000000000e+00,0.000000000000000000e+00
0.000000000000000000e+00,0.000000000000000000e+00
0.000000000000000000e+00,0.000000000000000000e+00
0.000000000000000000e+00,0.000000000000000000e+00
0.000000000000000000e+00,0.000000000000000000e+00
1.944569688421461447e-07,1.922315685322946864e-07
1.017611998183172707e-08,6.470288757183872968e-09
0.000000000000000000e+00,0.000000000000000000e+00
0.000000000000000000e+00,0.000000000000000000e+00
0.000000000000000000e+00,0.000000000000000000e+00
2.920601678170249585e-07,2.540420509786865788e-07
0.000000000000000000e+00,0.000000000000000000e+00
1.842605459924947377e-07,1.279823010696447372e-07
0.000000000000000000e+00,0.000000000000000000e+00
0.000000000000000000e+00,0.000000000000000000e+00
0.000000000000000000e+00,0.000000000000000000e+00
0.000000000000000000e+00,0.000000000000000000e+00
0.000000000000000000e+00,0.000000000000000000e+00
3.262178274387608144e-07,1.834968050432743038e-07
0.000000000000000000e+00,0.000000000000000000e+00
0.000000000000000000e+00,0.000000000000000000e+00
0.000000000000000000e+00,0.000000000000000000e+00
5.051055920086758399e-07,3.467541629570959465e-07
0.000000000000000000e+00,0.000000000000000000e+00
0.000000000000000000e+00,0.000000000000000000e+00
0.000000000000000000e+00,0.000000000000000000e+00
0.000000000000000000e+00,0.000000000000000000e+00
2.596474039790801708e-07,2.848831890717294711e-07
5.883837762582122412e-07,5.777640505028758712e-07
0.000000000000000000e+00,0.000000000000000000e+00
0.000000000000000000e+00,0.000000000000000000e+00
0.000000000000000000e+00,0.000000000000000000e+00
6.194353826345971605e-07,6.788963077870969175e-07
0.000000000000000000e+00,0.000000000000000000e+00
0.000000000000000000e+00,0.000000000000000000e+00
0.000000000000000000e+00,0.000000000000000000e+00
0.000000000000000000e+00,0.000000000000000000e+00
7.454759313212436367e-07,5.001015151086614906e-07
0.000000000000000000e+00,0.000000000000000000e+00
0.000000000000000000e+00,0.000000000000000000e+00
0.000000000000000000e+00,0.000000000000000000e+00
0.000000000000000000e+00,0.000000000000000000e+00
6.537010119317447107e-08,6.747401069392471011e-08
0.000000000000000000e+00,0.000000000000000000e+00
0.000000000000000000e+00,0.000000000000000000e+00
8.143115675609283098e-07,4.816747468768612740e-07
8.231338764625424224e-07,2.893238888497178510e-07
0.000000000000000000e+00,0.000000000000000000e+00
0.000000000000000000e+00,0.000000000000000000e+00
0.000000000000000000e+00,0.000000000000000000e+00
0.000000000000000000e+00,0.000000000000000000e+00
0.000000000000000000e+00,0.000000000000000000e+00
5.942503886455682473e-08,3.746077972668322991e-08
0.000000000000000000e+00,0.000000000000000000e+00
1.865311696724132361e-07,9.379491491665168982e-08
0.000000000000000000e+00,0.000000000000000000e+00
7.176533093937730804e-07,4.903968863639637350e-07
4.766963694754652534e-07,4.048274507411730132e-07
0.000000000000000000e+00,0.000000000000000000e+00
4.098995855265850981e-08,3.016368389814511841e-08
0.000000000000000000e+00,0.000000000000000000e+00
0.000000000000000000e+00,0.000000000000000000e+00
0.000000000000000000e+00,0.000000000000000000e+00
9.264358250826107250e-09,2.822839723769164409e-09
0.000000000000000000e+00,0.000000000000000000e+00
4.095429887635395723e-07,3.735659583491106424e-07
3.213711784580721986e-07,3.523801283709660969e-07
4.045474586560099147e-07,3.666444768587251686e-07
1.074081763389449056e-06,1.035779638600973620e-06
0.000000000000000000e+00,0.000000000000000000e+00
0.000000000000000000e+00,0.000000000000000000e+00
0.000000000000000000e+00,0.000000000000000000e+00
0.000000000000000000e+00,0.000000000000000000e+00
0.000000000000000000e+00,0.000000000000000000e+00
5.888053457250993696e-07,5.531125421023797249e-07
0.000000000000000000e+00,0.000000000000000000e+00
4.431886256452577631e-07,4.560667542597914746e-07
0.000000000000000000e+00,0.000000000000000000e+00
3.611752904337499250e-07,1.728500644139213206e-07
0.000000000000000000e+00,0.000000000000000000e+00
7.049737465204517466e-07,5.298105709044318244e-07
0.000000000000000000e+00,0.000000000000000000e+00
0.000000000000000000e+00,0.000000000000000000e+00
2.373753787762103134e-07,1.571028165539991147e-07
0.000000000000000000e+00,0.000000000000000000e+00
0.000000000000000000e+00,0.000000000000000000e+00
0.000000000000000000e+00,0.000000000000000000e+00
0.000000000000000000e+00,0.000000000000000000e+00
5.959328113551082889e-07,5.334864847664945653e-07
0.000000000000000000e+00,0.000000000000000000e+00
0.000000000000000000e+00,0.000000000000000000e+00
2.387399459218480767e-07,2.489918614680853711e-07
0.000000000000000000e+00,0.000000000000000000e+00
0.000000000000000000e+00,0.000000000000000000e+00
0.000000000000000000e+00,0.000000000000000000e+00
5.027570034637365933e-08,3.973181702729626464e-08
0.000000000000000000e+00,0.000000000000000000e+00
2.246436647973949456e-07,1.804784382936376135e-07
0.000000000000000000e+00,0.000000000000000000e+00
0.000000000000000000e+00,0.000000000000000000e+00
0.000000000000000000e+00,0.000000000000000000e+00
0.000000000000000000e+00,0.000000000000000000e+00
0.000000000000000000e+00,0.000000000000000000e+00
0.000000000000000000e+00,0.000000000000000000e+00
0.000000000000000000e+00,0.000000000000000000e+00
1.181684552432876743e-06,1.037657292025201466e-06
0.000000000000000000e+00,0.000000000000000000e+00
5.354509378325865931e-07,3.638370645627444948e-07
5.380031231646939889e-07,4.997307960344229601e-07
1.611636247717331863e-07,1.187843456856483496e-07
5.139545690582645612e-07,4.427488584659938564e-07
0.000000000000000000e+00,0.000000000000000000e+00
3.586389161063608941e-07,3.501969442789862139e-07
1.172615055644480016e-08,1.038907115744335821e-08
7.364273813596379203e-08,5.454737913124071791e-08
0.000000000000000000e+00,0.000000000000000000e+00
0.000000000000000000e+00,0.000000000000000000e+00
0.000000000000000000e+00,0.000000000000000000e+00
1.323922025724606299e-06,8.788757951055589784e-07
0.000000000000000000e+00,0.000000000000000000e+00
0.000000000000000000e+00,0.000000000000000000e+00
0.000000000000000000e+00,0.000000000000000000e+00
2.988783680719113464e-07,3.739074117815036955e-07
0.000000000000000000e+00,0.000000000000000000e+00
0.000000000000000000e+00,0.000000000000000000e+00
0.000000000000000000e+00,0.000000000000000000e+00
0.000000000000000000e+00,0.000000000000000000e+00
0.000000000000000000e+00,0.000000000000000000e+00
0.000000000000000000e+00,0.000000000000000000e+00
2.645460949314204464e-07,1.626583785719378428e-07
0.000000000000000000e+00,0.000000000000000000e+00
2.261176483183316448e-08,1.504525962156821840e-08
0.000000000000000000e+00,0.000000000000000000e+00
0.000000000000000000e+00,0.000000000000000000e+00
6.983981558406124750e-07,6.954475559089297427e-07
0.000000000000000000e+00,0.000000000000000000e+00
0.000000000000000000e+00,0.000000000000000000e+00
5.583314816123222712e-08,2.735518312262150005e-08
0.000000000000000000e+00,0.000000000000000000e+00
6.049932973185130435e-07,5.304638800172770296e-07
0.000000000000000000e+00,0.000000000000000000e+00
0.000000000000000000e+00,0.000000000000000000e+00
0.000000000000000000e+00,0.000000000000000000e+00
2.408083784831005194e-07,1.792481719778095433e-07
7.225259537913864650e-07,5.351393067781736520e-07
0.000000000000000000e+00,0.000000000000000000e+00
0.000000000000000000e+00,0.000000000000000000e+00
0.000000000000000000e+00,0.000000000000000000e+00
0.000000000000000000e+00,0.000000000000000000e+00
0.000000000000000000e+00,0.000000000000000000e+00
2.682379947836417436e-08,2.288270600634350857e-08
0.000000000000000000e+00,0.000000000000000000e+00
3.671699855345599752e-07,2.591209994896301259e-07
1.307372725992249306e-07,1.349813495760698651e-07
0.000000000000000000e+00,0.000000000000000000e+00
2.237941758630322862e-07,1.891598990717780074e-07
0.000000000000000000e+00,0.000000000000000000e+00
0.000000000000000000e+00,0.000000000000000000e+00
0.000000000000000000e+00,0.000000000000000000e+00
3.059969384571395313e-09,2.588401011798902793e-09
0.000000000000000000e+00,0.000000000000000000e+00
0.000000000000000000e+00,0.000000000000000000e+00
0.000000000000000000e+00,0.000000000000000000e+00
7.245042160882251549e-08,3.557293295058054309e-08
0.000000000000000000e+00,0.000000000000000000e+00
0.000000000000000000e+00,0.000000000000000000e+00
0.000000000000000000e+00,0.000000000000000000e+00
0.000000000000000000e+00,0.000000000000000000e+00
8.770695511057109995e-07,7.937748128201858462e-07
3.918065785516891686e-07,3.584738183451942876e-07
0.000000000000000000e+00,0.000000000000000000e+00
1.961554544267869251e-07,1.676376649004176297e-07
0.000000000000000000e+00,0.000000000000000000e+00
0.000000000000000000e+00,0.000000000000000000e+00
0.000000000000000000e+00,0.000000000000000000e+00
0.000000000000000000e+00,0.000000000000000000e+00
3.456134839234055846e-07,2.838665821650221906e-07
0.000000000000000000e+00,0.000000000000000000e+00
0.000000000000000000e+00,0.000000000000000000e+00
0.000000000000000000e+00,0.000000000000000000e+00
0.000000000000000000e+00,0.000000000000000000e+00
0.000000000000000000e+00,0.000000000000000000e+00
0.000000000000000000e+00,0.000000000000000000e+00
0.000000000000000000e+00,0.000000000000000000e+00
7.532770110629776304e-07,7.716318756382885136e-07
4.123151259951954475e-07,4.020079873721210966e-07
0.000000000000000000e+00,0.000000000000000000e+00
2.837130552842889022e-08,2.465794525130155687e-08
0.000000000000000000e+00,0.000000000000000000e+00
3.636773486534100033e-07,2.472269733442996252e-07
0.000000000000000000e+00,0.000000000000000000e+00
4.079720465943987302e-07,5.432373275771813040e-07
1.902952266850507044e-07,1.645655447446920240e-07
0.000000000000000000e+00,0.000000000000000000e+00
3.697196743249990641e-07,2.717054071246374083e-07
0.000000000000000000e+00,0.000000000000000000e+00
0.000000000000000000e+00,0.000000000000000000e+00
0.000000000000000000e+00,0.000000000000000000e+00
0.000000000000000000e+00,0.000000000000000000e+00
0.000000000000000000e+00,0.000000000000000000e+00
2.545482395085981579e-07,2.475374575619642124e-07
0.000000000000000000e+00,0.000000000000000000e+00
6.070616360512390774e-08,5.856943697656207249e-08
0.000000000000000000e+00,0.000000000000000000e+00
0.000000000000000000e+00,0.000000000000000000e+00
6.730342837963792496e-08,4.012067336699838292e-08
0.000000000000000000e+00,0.000000000000000000e+00
0.000000000000000000e+00,0.000000000000000000e+00
8.682314937227499230e-07,6.439341377055538230e-07
0.000000000000000000e+00,0.000000000000000000e+00
0.000000000000000000e+00,0.000000000000000000e+00
4.249622872296752065e-07,3.879379553431109297e-07
0.000000000000000000e+00,0.000000000000000000e+00
2.800007581334902114e-08,1.563924273107744847e-08
0.000000000000000000e+00,0.000000000000000000e+00
1.119468360630837917e-08,9.754546504645896004e-09
0.000000000000000000e+00,0.000000000000000000e+00
0.000000000000000000e+00,0.000000000000000000e+00
0.000000000000000000e+00,0.000000000000000000e+00
0.000000000000000000e+00,0.000000000000000000e+00
0.000000000000000000e+00,0.000000000000000000e+00
5.360310558253123673e-08,5.296366626921049282e-08
0.000000000000000000e+00,0.000000000000000000e+00
0.000000000000000000e+00,0.000000000000000000e+00
3.799278981870045324e-07,3.936435261336495721e-07
0.000000000000000000e+00,0.000000000000000000e+00
4.617582922224694698e-07,3.386852836907009590e-07
0.000000000000000000e+00,0.000000000000000000e+00
0.000000000000000000e+00,0.000000000000000000e+00
0.000000000000000000e+00,0.000000000000000000e+00
0.000000000000000000e+00,0.000000000000000000e+00
0.000000000000000000e+00,0.000000000000000000e+00
0.000000000000000000e+00,0.000000000000000000e+00
0.000000000000000000e+00,0.000000000000000000e+00
0.000000000000000000e+00,0.000000000000000000e+00
0.000000000000000000e+00,0.000000000000000000e+00
0.000000000000000000e+00,0.000000000000000000e+00
0.000000000000000000e+00,0.000000000000000000e+00
0.000000000000000000e+00,0.000000000000000000e+00
4.852256028673401839e-07,3.549869940879658860e-07
4.631175071951950004e-08,1.728962506261237524e-08
2.645672467784885414e-08,1.376095029007546945e-08
8.390539671675174179e-07,8.702525925970891215e-07
0.000000000000000000e+00,0.000000000000000000e+00
4.980288471895633992e-07,3.705477635729010879e-07
0.000000000000000000e+00,0.000000000000000000e+00
2.596690520903853480e-07,2.245597578407135379e-07
0.000000000000000000e+00,0.000000000000000000e+00
0.000000000000000000e+00,0.000000000000000000e+00
4.150025015492990302e-07,3.689980435283287312e-07
0.000000000000000000e+00,0.000000000000000000e+00
5.942166550324481636e-08,3.715605731620174716e-08
0.000000000000000000e+00,0.000000000000000000e+00
0.000000000000000000e+00,0.000000000000000000e+00
0.000000000000000000e+00,0.000000000000000000e+00
0.000000000000000000e+00,0.000000000000000000e+00
1.109454353554064698e-07,8.578855226833587291e-08
3.145004481754330181e-07,3.324662983768966567e-07
0.000000000000000000e+00,0.000000000000000000e+00
0.000000000000000000e+00,0.000000000000000000e+00
1.154073084665474691e-06,8.302797266315792705e-07
0.000000000000000000e+00,0.000000000000000000e+00
0.000000000000000000e+00,0.000000000000000000e+00
1.365430304774169190e-08,1.154467294159036502e-08
0.000000000000000000e+00,0.000000000000000000e+00
0.000000000000000000e+00,0.000000000000000000e+00
0.000000000000000000e+00,0.000000000000000000e+00
0.000000000000000000e+00,0.000000000000000000e+00
0.000000000000000000e+00,0.000000000000000000e+00
0.000000000000000000e+00,0.000000000000000000e+00
0.000000000000000000e+00,0.000000000000000000e+00
0.000000000000000000e+00,0.000000000000000000e+00
0.000000000000000000e+00,0.000000000000000000e+00
0.000000000000000000e+00,0.000000000000000000e+00
0.000000000000000000e+00,0.000000000000000000e+00
3.563376517653010728e-07,3.436202630679020822e-07
0.000000000000000000e+00,0.000000000000000000e+00
0.000000000000000000e+00,0.000000000000000000e+00
0.000000000000000000e+00,0.000000000000000000e+00
4.684707907499581201e-08,2.158660468540576928e-08
2.314567155701214699e-07,1.555678626639461498e-07
0.000000000000000000e+00,0.000000000000000000e+00
0.000000000000000000e+00,0.000000000000000000e+00
1.211112114786294692e-07,4.783658634474671139e-08
0.000000000000000000e+00,0.000000000000000000e+00
0.000000000000000000e+00,0.000000000000000000e+00
0.000000000000000000e+00,0.000000000000000000e+00
2.024035724925144007e-07,1.704614446485087030e-07
4.655479142135399705e-08,4.479332139507106502e-08
7.871693641750646599e-08,6.265844620131946319e-08
0.000000000000000000e+00,0.000000000000000000e+00
0.000000000000000000e+00,0.000000000000000000e+00
3.880224774042730913e-07,3.022827072633726165e-07
0.000000000000000000e+00,0.000000000000000000e+00
0.000000000000000000e+00,0.000000000000000000e+00
0.000000000000000000e+00,0.000000000000000000e+00
3.267256111344886375e-07,4.155211105200917897e-07
0.000000000000000000e+00,0.000000000000000000e+00
0.000000000000000000e+00,0.000000000000000000e+00
9.169784595954897495e-07,8.306023951553018419e-07
4.822839763333719698e-07,4.138170893250682273e-07
0.000000000000000000e+00,0.000000000000000000e+00
0.000000000000000000e+00,0.000000000000000000e+00
0.000000000000000000e+00,0.000000000000000000e+00
0.000000000000000000e+00,0.000000000000000000e+00
1.904660650907129973e-07,1.311816704097235582e-07
1.625661297676762496e-07,1.288195561110261560e-07
0.000000000000000000e+00,0.000000000000000000e+00
4.088314775198290958e-07,2.468640545025214239e-07
0.000000000000000000e+00,0.000000000000000000e+00
0.000000000000000000e+00,0.000000000000000000e+00
0.000000000000000000e+00,0.000000000000000000e+00
0.000000000000000000e+00,0.000000000000000000e+00
9.297703693570292134e-08,5.929540387101331224e-08
0.000000000000000000e+00,0.000000000000000000e+00
0.000000000000000000e+00,0.000000000000000000e+00
0.000000000000000000e+00,0.000000000000000000e+00
4.992830009073236786e-07,3.210695953985413522e-07
0.000000000000000000e+00,0.000000000000000000e+00
0.000000000000000000e+00,0.000000000000000000e+00
0.000000000000000000e+00,0.000000000000000000e+00
1.440754209313160735e-07,1.487888776067357620e-07
0.000000000000000000e+00,0.000000000000000000e+00
0.000000000000000000e+00,0.000000000000000000e+00
6.709232740939598228e-08,4.367992507424342775e-08
0.000000000000000000e+00,0.000000000000000000e+00
0.000000000000000000e+00,0.000000000000000000e+00
0.000000000000000000e+00,0.000000000000000000e+00
2.443309262410073322e-07,2.162081449588857050e-07
0.000000000000000000e+00,0.000000000000000000e+00
0.000000000000000000e+00,0.000000000000000000e+00
5.699103987801866559e-07,3.848378999087566606e-07
0.000000000000000000e+00,0.000000000000000000e+00
0.000000000000000000e+00,0.000000000000000000e+00
0.000000000000000000e+00,0.000000000000000000e+00
0.000000000000000000e+00,0.000000000000000000e+00
0.000000000000000000e+00,0.000000000000000000e+00
0.000000000000000000e+00,0.000000000000000000e+00
4.049459801845040638e-07,1.845114909492534733e-07
0.000000000000000000e+00,0.000000000000000000e+00
0.000000000000000000e+00,0.000000000000000000e+00
0.000000000000000000e+00,0.000000000000000000e+00
7.752775747176249266e-07,5.665991978388920641e-07
3.492664926651144472e-07,3.199004543124101081e-07
1.617560514126131304e-07,1.565367387921089453e-07
2.826465418456496422e-07,2.660154900186506009e-07
5.443214329543887084e-07,5.249247236656349634e-07
5.539391523585565807e-08,3.302489511174802693e-08
0.000000000000000000e+00,0.000000000000000000e+00
0.000000000000000000e+00,0.000000000000000000e+00
0.000000000000000000e+00,0.000000000000000000e+00
0.000000000000000000e+00,0.000000000000000000e+00
0.000000000000000000e+00,0.000000000000000000e+00
0.000000000000000000e+00,0.000000000000000000e+00
0.000000000000000000e+00,0.000000000000000000e+00
0.000000000000000000e+00,0.000000000000000000e+00
7.799295678701278969e-08,5.460603169783432659e-08
0.000000000000000000e+00,0.000000000000000000e+00
3.898761637599856466e-07,3.641124565210519582e-07
0.000000000000000000e+00,0.000000000000000000e+00
0.000000000000000000e+00,0.000000000000000000e+00
7.959251184729362466e-08,5.249776084427012521e-08
0.000000000000000000e+00,0.000000000000000000e+00
0.000000000000000000e+00,0.000000000000000000e+00
0.000000000000000000e+00,0.000000000000000000e+00
0.000000000000000000e+00,0.000000000000000000e+00
0.000000000000000000e+00,0.000000000000000000e+00
0.000000000000000000e+00,0.000000000000000000e+00
0.000000000000000000e+00,0.000000000000000000e+00
0.000000000000000000e+00,0.000000000000000000e+00
0.000000000000000000e+00,0.000000000000000000e+00
0.000000000000000000e+00,0.000000000000000000e+00
0.000000000000000000e+00,0.000000000000000000e+00
0.000000000000000000e+00,0.000000000000000000e+00
0.000000000000000000e+00,0.000000000000000000e+00
0.000000000000000000e+00,0.000000000000000000e+00
0.000000000000000000e+00,0.000000000000000000e+00
0.000000000000000000e+00,0.000000000000000000e+00
2.837293979220249529e-07,1.853110216492572996e-07
0.000000000000000000e+00,0.000000000000000000e+00
2.255683915614687204e-07,2.115283229621386533e-07
0.000000000000000000e+00,0.000000000000000000e+00
6.873741542663163974e-07,5.706244588683220437e-07
0.000000000000000000e+00,0.000000000000000000e+00
0.000000000000000000e+00,0.000000000000000000e+00
0.000000000000000000e+00,0.000000000000000000e+00
6.238234056515044444e-07,6.077662392566421530e-07
1.176415115014972932e-07,9.989790083536998531e-08
1.125770626006699021e-06,1.430341353387992408e-06
0.000000000000000000e+00,0.000000000000000000e+00
0.000000000000000000e+00,0.000000000000000000e+00
1.009653274970447934e-06,4.701537017412985025e-07
0.000000000000000000e+00,0.000000000000000000e+00
0.000000000000000000e+00,0.000000000000000000e+00
0.000000000000000000e+00,0.000000000000000000e+00
1.232879138979810241e-06,1.197522901779471410e-06
3.091542387948943833e-08,2.850602707789753318e-08
0.000000000000000000e+00,0.000000000000000000e+00
0.000000000000000000e+00,0.000000000000000000e+00
0.000000000000000000e+00,0.000000000000000000e+00
0.000000000000000000e+00,0.000000000000000000e+00
0.000000000000000000e+00,0.000000000000000000e+00
1.581469299349917077e-07,9.565188347146313185e-08
0.000000000000000000e+00,0.000000000000000000e+00
5.051453419736056968e-07,4.932264932277960254e-07
1.127633809269047250e-06,7.702703410084033551e-07
0.000000000000000000e+00,0.000000000000000000e+00
0.000000000000000000e+00,0.000000000000000000e+00
2.174394969298287949e-07,2.109114785706095570e-07
0.000000000000000000e+00,0.000000000000000000e+00
0.000000000000000000e+00,0.000000000000000000e+00
0.000000000000000000e+00,0.000000000000000000e+00
4.166398797254625716e-08,2.931078634134716547e-08
0.000000000000000000e+00,0.000000000000000000e+00
0.000000000000000000e+00,0.000000000000000000e+00
0.000000000000000000e+00,0.000000000000000000e+00
0.000000000000000000e+00,0.000000000000000000e+00
0.000000000000000000e+00,0.000000000000000000e+00
2.847688258711397705e-07,2.373823459531542196e-07
3.858185304639411585e-08,2.608904919718974190e-08
0.000000000000000000e+00,0.000000000000000000e+00
0.000000000000000000e+00,0.000000000000000000e+00
2.662988266994337755e-07,1.165207589639518139e-07
0.000000000000000000e+00,0.000000000000000000e+00
0.000000000000000000e+00,0.000000000000000000e+00
0.000000000000000000e+00,0.000000000000000000e+00
0.000000000000000000e+00,0.000000000000000000e+00
0.000000000000000000e+00,0.000000000000000000e+00
1.519548240413667961e-07,9.983809294099754133e-08
0.000000000000000000e+00,0.000000000000000000e+00
0.000000000000000000e+00,0.000000000000000000e+00
0.000000000000000000e+00,0.000000000000000000e+00
4.573577597660945792e-08,3.112731381259037268e-08
0.000000000000000000e+00,0.000000000000000000e+00
0.000000000000000000e+00,0.000000000000000000e+00
0.000000000000000000e+00,0.000000000000000000e+00
1.477088825737613098e-07,1.419675235294945704e-07
0.000000000000000000e+00,0.000000000000000000e+00
3.745772913229934918e-07,3.907358217036788660e-07
1.042904498987494739e-06,1.060383504606501982e-06
0.000000000000000000e+00,0.000000000000000000e+00
0.000000000000000000e+00,0.000000000000000000e+00
3.004122126078778451e-08,2.786260006804414615e-08
5.841149479901814683e-07,4.194084630435327335e-07
0.000000000000000000e+00,0.000000000000000000e+00
6.462698691700390358e-07,5.456097816824825297e-07
0.000000000000000000e+00,0.000000000000000000e+00
1.114416522635864330e-06,9.902093733137650112e-07
0.000000000000000000e+00,0.000000000000000000e+00
5.710597912956803446e-08,5.516494583872700536e-08
0.000000000000000000e+00,0.000000000000000000e+00
0.000000000000000000e+00,0.000000000000000000e+00
0.000000000000000000e+00,0.000000000000000000e+00
0.000000000000000000e+00,0.000000000000000000e+00
2.299066510380820982e-07,1.846051118732226071e-07
0.000000000000000000e+00,0.000000000000000000e+00
3.552848554813623899e-07,2.909982664456415648e-07
5.581556157188628251e-08,4.349686424189477438e-08
0.000000000000000000e+00,0.000000000000000000e+00
7.164253636954493384e-07,6.530190140464907569e-07
0.000000000000000000e+00,0.000000000000000000e+00
7.248647737219819228e-07,5.799252652332606000e-07
0.000000000000000000e+00,0.000000000000000000e+00
0.000000000000000000e+00,0.000000000000000000e+00
0.000000000000000000e+00,0.000000000000000000e+00
0.000000000000000000e+00,0.000000000000000000e+00
0.000000000000000000e+00,0.000000000000000000e+00
0.000000000000000000e+00,0.000000000000000000e+00
4.301112872781749783e-07,2.764147767010483394e-07
1.565304210594955458e-07,1.397673553634513299e-07
0.000000000000000000e+00,0.000000000000000000e+00
4.663011548995180638e-07,4.025134844968102954e-07
0.000000000000000000e+00,0.000000000000000000e+00
0.000000000000000000e+00,0.000000000000000000e+00
0.000000000000000000e+00,0.000000000000000000e+00
0.000000000000000000e+00,0.000000000000000000e+00
1.943137644742296262e-07,7.808072962346161092e-08
0.000000000000000000e+00,0.000000000000000000e+00
0.000000000000000000e+00,0.000000000000000000e+00
0.000000000000000000e+00,0.000000000000000000e+00
0.000000000000000000e+00,0.000000000000000000e+00
0.000000000000000000e+00,0.000000000000000000e+00
2.311590473620814359e-07,2.285081292349005420e-07
0.000000000000000000e+00,0.000000000000000000e+00
0.000000000000000000e+00,0.000000000000000000e+00
0.000000000000000000e+00,0.000000000000000000e+00
0.000000000000000000e+00,0.000000000000000000e+00
0.000000000000000000e+00,0.000000000000000000e+00
2.409875418629570240e-07,1.811603942664126560e-07
0.000000000000000000e+00,0.000000000000000000e+00
1.909544208014397763e-07,1.046748029713057028e-07
0.000000000000000000e+00,0.000000000000000000e+00
1.320909301329833881e-06,9.009384933368077280e-07
0.000000000000000000e+00,0.000000000000000000e+00
0.000000000000000000e+00,0.000000000000000000e+00
1.055885402168173452e-07,8.352878601633795298e-08
3.028089077292444947e-07,3.051518615872487137e-07
4.108067548261927487e-07,3.320698339536840416e-07
0.000000000000000000e+00,0.000000000000000000e+00
0.000000000000000000e+00,0.000000000000000000e+00
2.411279177367813955e-07,2.536234778493779883e-07
7.370808248177469994e-07,4.433721576121908078e-07
0.000000000000000000e+00,0.000000000000000000e+00
0.000000000000000000e+00,0.000000000000000000e+00
0.000000000000000000e+00,0.000000000000000000e+00
0.000000000000000000e+00,0.000000000000000000e+00
0.000000000000000000e+00,0.000000000000000000e+00
0.000000000000000000e+00,0.000000000000000000e+00
0.000000000000000000e+00,0.000000000000000000e+00
0.000000000000000000e+00,0.000000000000000000e+00
1.452696815040103164e-07,1.272976042314596398e-07
8.824559148479678631e-08,3.321054146405952829e-08
0.000000000000000000e+00,0.000000000000000000e+00
7.775113539948562536e-08,5.217497329214735154e-08
0.000000000000000000e+00,0.000000000000000000e+00
0.000000000000000000e+00,0.000000000000000000e+00
0.000000000000000000e+00,0.000000000000000000e+00
0.000000000000000000e+00,0.000000000000000000e+00
0.000000000000000000e+00,0.000000000000000000e+00
0.000000000000000000e+00,0.000000000000000000e+00
0.000000000000000000e+00,0.000000000000000000e+00
0.000000000000000000e+00,0.000000000000000000e+00
0.000000000000000000e+00,0.000000000000000000e+00
0.000000000000000000e+00,0.000000000000000000e+00
0.000000000000000000e+00,0.000000000000000000e+00
3.204175446503098012e-07,2.466191021036780957e-07
0.000000000000000000e+00,0.000000000000000000e+00
0.000000000000000000e+00,0.000000000000000000e+00
0.000000000000000000e+00,0.000000000000000000e+00
0.000000000000000000e+00,0.000000000000000000e+00
1.189082526806019673e-07,1.065247772100719474e-07
0.000000000000000000e+00,0.000000000000000000e+00
1.935544410499012244e-07,1.867334359340559988e-07
3.021348035260355963e-07,3.526476258991568520e-07
0.000000000000000000e+00,0.000000000000000000e+00
0.000000000000000000e+00,0.000000000000000000e+00
0.000000000000000000e+00,0.000000000000000000e+00
7.942220925436726955e-07,8.648382594303030518e-07
1.979754457839159138e-07,1.905532237580853432e-07
0.000000000000000000e+00,0.000000000000000000e+00
0.000000000000000000e+00,0.000000000000000000e+00
0.000000000000000000e+00,0.000000000000000000e+00
0.000000000000000000e+00,0.000000000000000000e+00
0.000000000000000000e+00,0.000000000000000000e+00
6.127844076022903315e-08,5.111897878972240252e-08
0.000000000000000000e+00,0.000000000000000000e+00
1.644814488710912566e-08,1.404730186792113706e-08
0.000000000000000000e+00,0.000000000000000000e+00
7.564217045024450487e-07,7.084302687588075481e-07
0.000000000000000000e+00,0.000000000000000000e+00
0.000000000000000000e+00,0.000000000000000000e+00
0.000000000000000000e+00,0.000000000000000000e+00
0.000000000000000000e+00,0.000000000000000000e+00
2.780525551761145962e-07,1.402482479379119548e-07
1.109234333905531830e-07,6.483614533572204690e-08
1.091326438772427253e-07,9.576027102213071657e-08
0.000000000000000000e+00,0.000000000000000000e+00
0.000000000000000000e+00,0.000000000000000000e+00
1.027312472249670749e-08,9.808756718688452424e-09
0.000000000000000000e+00,0.000000000000000000e+00
0.000000000000000000e+00,0.000000000000000000e+00
1.951739196966160906e-07,1.720441854901724456e-07
0.000000000000000000e+00,0.000000000000000000e+00
1.315274083681926042e-07,1.107041062117840156e-07
0.000000000000000000e+00,0.000000000000000000e+00
6.284345886580989560e-07,6.814032679961290030e-07
1.614320339691249114e-07,5.155175985811701188e-08
0.000000000000000000e+00,0.000000000000000000e+00
0.000000000000000000e+00,0.000000000000000000e+00
9.553356103536460100e-08,7.931581515257196603e-08
0.000000000000000000e+00,0.000000000000000000e+00
0.000000000000000000e+00,0.000000000000000000e+00
0.000000000000000000e+00,0.000000000000000000e+00
2.784543042889116133e-07,2.784332119337575673e-07
0.000000000000000000e+00,0.000000000000000000e+00
0.000000000000000000e+00,0.000000000000000000e+00
1.637598358666771815e-06,1.067085239017310438e-06
8.125306081186019429e-08,2.805088557649500854e-08
0.000000000000000000e+00,0.000000000000000000e+00
0.000000000000000000e+00,0.000000000000000000e+00
3.816109337854768761e-07,3.653207678098543629e-07
0.000000000000000000e+00,0.000000000000000000e+00
4.595063965493525808e-08,3.931794536981058197e-08
0.000000000000000000e+00,0.000000000000000000e+00
0.000000000000000000e+00,0.000000000000000000e+00
0.000000000000000000e+00,0.000000000000000000e+00
2.590124360481161137e-07,1.250979744102543311e-07
0.000000000000000000e+00,0.000000000000000000e+00
1.159661746365295436e-08,9.939066647303685115e-09
0.000000000000000000e+00,0.000000000000000000e+00
8.074021021811977036e-07,6.254363054965000725e-07
0.000000000000000000e+00,0.000000000000000000e+00
0.000000000000000000e+00,0.000000000000000000e+00
1.569651611538708981e-07,1.599422900155902074e-07
0.000000000000000000e+00,0.000000000000000000e+00
0.000000000000000000e+00,0.000000000000000000e+00
0.000000000000000000e+00,0.000000000000000000e+00
2.802174716115626998e-07,3.068021565196083977e-07
3.118724572284631742e-07,3.073761055585141986e-07
0.000000000000000000e+00,0.000000000000000000e+00
5.888359778015492255e-07,6.162770263716959724e-07
0.000000000000000000e+00,0.000000000000000000e+00
1.587440012794322904e-07,1.563977204686893085e-07
0.000000000000000000e+00,0.000000000000000000e+00
0.000000000000000000e+00,0.000000000000000000e+00
0.000000000000000000e+00,0.000000000000000000e+00
7.510784315588340094e-07,5.502009715585927832e-07
8.794564449762001576e-08,6.314981334626655562e-08
3.278054955140416228e-07,2.921260402867075676e-07
0.000000000000000000e+00,0.000000000000000000e+00
0.000000000000000000e+00,0.000000000000000000e+00
0.000000000000000000e+00,0.000000000000000000e+00
1.443117417106107627e-07,1.447057616317884077e-07
0.000000000000000000e+00,0.000000000000000000e+00
3.516567184671903590e-07,1.773959036114070173e-07
1.067726032034529482e-07,2.921457426128343970e-08
0.000000000000000000e+00,0.000000000000000000e+00
0.000000000000000000e+00,0.000000000000000000e+00
2.769394889696596930e-07,1.464525814769697418e-07
0.000000000000000000e+00,0.000000000000000000e+00
0.000000000000000000e+00,0.000000000000000000e+00
0.000000000000000000e+00,0.000000000000000000e+00
0.000000000000000000e+00,0.000000000000000000e+00
8.222329881454625936e-08,5.246947767877946218e-08
2.576350324426310963e-07,2.249088246368687099e-07
5.830562454875096724e-07,5.906424112160115179e-07
0.000000000000000000e+00,0.000000000000000000e+00
1.122963844741675614e-06,1.238025247509318839e-06
7.859546356242979297e-08,7.215221003901062245e-08
0.000000000000000000e+00,0.000000000000000000e+00
0.000000000000000000e+00,0.000000000000000000e+00
0.000000000000000000e+00,0.000000000000000000e+00
0.000000000000000000e+00,0.000000000000000000e+00
2.014485267318398221e-07,1.132930999164599325e-07
0.000000000000000000e+00,0.000000000000000000e+00
0.000000000000000000e+00,0.000000000000000000e+00
0.000000000000000000e+00,0.000000000000000000e+00
1.142515610222118826e-07,9.770369046994494321e-08
0.000000000000000000e+00,0.000000000000000000e+00
0.000000000000000000e+00,0.000000000000000000e+00
2.111873165291721393e-07,1.743797628580266547e-07
0.000000000000000000e+00,0.000000000000000000e+00
0.000000000000000000e+00,0.000000000000000000e+00
0.000000000000000000e+00,0.000000000000000000e+00
0.000000000000000000e+00,0.000000000000000000e+00
0.000000000000000000e+00,0.000000000000000000e+00
0.000000000000000000e+00,0.000000000000000000e+00
0.000000000000000000e+00,0.000000000000000000e+00
0.000000000000000000e+00,0.000000000000000000e+00
4.666441082929008970e-07,4.393889228563903051e-07
0.000000000000000000e+00,0.000000000000000000e+00
0.000000000000000000e+00,0.000000000000000000e+00
0.000000000000000000e+00,0.000000000000000000e+00
0.000000000000000000e+00,0.000000000000000000e+00
0.000000000000000000e+00,0.000000000000000000e+00
4.743154683707106392e-07,4.259733450874346646e-07
6.828216591568302200e-07,5.343229716374096705e-07
0.000000000000000000e+00,0.000000000000000000e+00
2.469065926060546720e-07,1.342261939839418064e-07
3.037128165207476326e-08,2.087108100881042123e-08
0.000000000000000000e+00,0.000000000000000000e+00
0.000000000000000000e+00,0.000000000000000000e+00
0.000000000000000000e+00,0.000000000000000000e+00
0.000000000000000000e+00,0.000000000000000000e+00
0.000000000000000000e+00,0.000000000000000000e+00
0.000000000000000000e+00,0.000000000000000000e+00
0.000000000000000000e+00,0.000000000000000000e+00
5.271561082906367444e-08,4.163817552003993931e-08
1.770891708394253337e-08,1.617154835079595780e-08
0.000000000000000000e+00,0.000000000000000000e+00
0.000000000000000000e+00,0.000000000000000000e+00
0.000000000000000000e+00,0.000000000000000000e+00
0.000000000000000000e+00,0.000000000000000000e+00
1.073374783937013543e-06,1.123486292803171205e-06
0.000000000000000000e+00,0.000000000000000000e+00
0.000000000000000000e+00,0.000000000000000000e+00
0.000000000000000000e+00,0.000000000000000000e+00
0.000000000000000000e+00,0.000000000000000000e+00
5.093262588133969516e-07,5.005796398981804632e-07
2.325934566103033421e-07,6.241409825143329022e-08
0.000000000000000000e+00,0.000000000000000000e+00
5.726022947541895489e-07,5.570196637916230059e-07
0.000000000000000000e+00,0.000000000000000000e+00
0.000000000000000000e+00,0.000000000000000000e+00
0.000000000000000000e+00,0.000000000000000000e+00
8.362514727508379631e-08,4.005228812878794443e-08
3.888719307008277819e-07,2.998462498086497820e-07
5.567154239620284745e-08,3.752753772224004462e-08
5.627283662001106990e-07,5.405294687998314135e-07
0.000000000000000000e+00,0.000000000000000000e+00
7.164883286056338002e-07,5.378038468439753039e-07
0.000000000000000000e+00,0.000000000000000000e+00
0.000000000000000000e+00,0.000000000000000000e+00
0.000000000000000000e+00,0.000000000000000000e+00
6.733736454406088452e-07,7.460757764735102090e-07
0.000000000000000000e+00,0.000000000000000000e+00
1.407575889823122026e-06,1.393460549285084838e-06
0.000000000000000000e+00,0.000000000000000000e+00
0.000000000000000000e+00,0.000000000000000000e+00
0.000000000000000000e+00,0.000000000000000000e+00
0.000000000000000000e+00,0.000000000000000000e+00
0.000000000000000000e+00,0.000000000000000000e+00
0.000000000000000000e+00,0.000000000000000000e+00
0.000000000000000000e+00,0.000000000000000000e+00
0.000000000000000000e+00,0.000000000000000000e+00
8.011582714662613396e-07,5.635941189538149386e-07
3.420574328171189025e-07,3.165776901206993674e-07
0.000000000000000000e+00,0.000000000000000000e+00
0.000000000000000000e+00,0.000000000000000000e+00
0.000000000000000000e+00,0.000000000000000000e+00
0.000000000000000000e+00,0.000000000000000000e+00
0.000000000000000000e+00,0.000000000000000000e+00
8.702163671851139383e-08,3.376119143384006986e-08
0.000000000000000000e+00,0.000000000000000000e+00
0.000000000000000000e+00,0.000000000000000000e+00
0.000000000000000000e+00,0.000000000000000000e+00
1.575027772702076288e-07,1.150444970535729122e-07
0.000000000000000000e+00,0.000000000000000000e+00
0.000000000000000000e+00,0.000000000000000000e+00
0.000000000000000000e+00,0.000000000000000000e+00
0.000000000000000000e+00,0.000000000000000000e+00
0.000000000000000000e+00,0.000000000000000000e+00
0.000000000000000000e+00,0.000000000000000000e+00
0.000000000000000000e+00,0.000000000000000000e+00
2.185695430522129515e-07,1.452433948527111903e-07
0.000000000000000000e+00,0.000000000000000000e+00
0.000000000000000000e+00,0.000000000000000000e+00
0.000000000000000000e+00,0.000000000000000000e+00
0.000000000000000000e+00,0.000000000000000000e+00
0.000000000000000000e+00,0.000000000000000000e+00
0.000000000000000000e+00,0.000000000000000000e+00
1.135176397285775348e-06,7.983189793004532469e-07
0.000000000000000000e+00,0.000000000000000000e+00
0.000000000000000000e+00,0.000000000000000000e+00
0.000000000000000000e+00,0.000000000000000000e+00
0.000000000000000000e+00,0.000000000000000000e+00
0.000000000000000000e+00,0.000000000000000000e+00
1.428452466662710592e-07,1.047624519261631525e-07
3.701407072575182138e-07,2.802465990443931383e-07
2.831801835882490830e-07,5.537316694270386370e-07
0.000000000000000000e+00,0.000000000000000000e+00
0.000000000000000000e+00,0.000000000000000000e+00
0.000000000000000000e+00,0.000000000000000000e+00
0.000000000000000000e+00,0.000000000000000000e+00
1.612889401484579062e-07,1.428086143593607634e-07
0.000000000000000000e+00,0.000000000000000000e+00
0.000000000000000000e+00,0.000000000000000000e+00
0.000000000000000000e+00,0.000000000000000000e+00
4.780595745291156845e-08,4.570922175151229751e-08
0.000000000000000000e+00,0.000000000000000000e+00
0.000000000000000000e+00,0.000000000000000000e+00
1.251283377529589920e-07,1.139021757351987730e-07
0.000000000000000000e+00,0.000000000000000000e+00
5.513156509042603850e-08,5.536886010706168168e-08
0.000000000000000000e+00,0.000000000000000000e+00
0.000000000000000000e+00,0.000000000000000000e+00
0.000000000000000000e+00,0.000000000000000000e+00
0.000000000000000000e+00,0.000000000000000000e+00
0.000000000000000000e+00,0.000000000000000000e+00
0.000000000000000000e+00,0.000000000000000000e+00
0.000000000000000000e+00,0.000000000000000000e+00
8.690006867889984448e-08,5.777910095554327049e-08
0.000000000000000000e+00,0.000000000000000000e+00
0.000000000000000000e+00,0.000000000000000000e+00
5.149520972915215548e-08,4.743161831092245006e-08
0.000000000000000000e+00,0.000000000000000000e+00
0.000000000000000000e+00,0.000000000000000000e+00
0.000000000000000000e+00,0.000000000000000000e+00
0.000000000000000000e+00,0.000000000000000000e+00
0.000000000000000000e+00,0.000000000000000000e+00
0.000000000000000000e+00,0.000000000000000000e+00
0.000000000000000000e+00,0.000000000000000000e+00
0.000000000000000000e+00,0.000000000000000000e+00
7.366796050660066036e-08,2.858711995157852945e-08
0.000000000000000000e+00,0.000000000000000000e+00
1.189721719789820031e-06,1.277826348790121798e-06
0.000000000000000000e+00,0.000000000000000000e+00
3.908514062188633087e-07,4.167562378934196371e-07
0.000000000000000000e+00,0.000000000000000000e+00
0.000000000000000000e+00,0.000000000000000000e+00
2.774441688218229240e-07,2.533784733395441446e-07
0.000000000000000000e+00,0.000000000000000000e+00
1.106665885416990718e-07,6.176079773207560543e-08
0.000000000000000000e+00,0.000000000000000000e+00
0.000000000000000000e+00,0.000000000000000000e+00
0.000000000000000000e+00,0.000000000000000000e+00
1.439666188873074832e-07,4.143434813110060048e-08
0.000000000000000000e+00,0.000000000000000000e+00
0.000000000000000000e+00,0.000000000000000000e+00
0.000000000000000000e+00,0.000000000000000000e+00
1.217799835512581614e-07,8.678034787263040364e-08
0.000000000000000000e+00,0.000000000000000000e+00
0.000000000000000000e+00,0.000000000000000000e+00
0.000000000000000000e+00,0.000000000000000000e+00
0.000000000000000000e+00,0.000000000000000000e+00
0.000000000000000000e+00,0.000000000000000000e+00
0.000000000000000000e+00,0.000000000000000000e+00
2.629660220455814906e-07,2.585443807873100745e-07
0.000000000000000000e+00,0.000000000000000000e+00
0.000000000000000000e+00,0.000000000000000000e+00
0.000000000000000000e+00,0.000000000000000000e+00
0.000000000000000000e+00,0.000000000000000000e+00
0.000000000000000000e+00,0.000000000000000000e+00
0.000000000000000000e+00,0.000000000000000000e+00
2.018524792860909799e-07,1.867836043596070764e-07
0.000000000000000000e+00,0.000000000000000000e+00
2.586753888427492202e-07,2.468229226690633784e-07
0.000000000000000000e+00,0.000000000000000000e+00
1.226701563676457768e-06,1.008906484171508082e-06
0.000000000000000000e+00,0.000000000000000000e+00
0.000000000000000000e+00,0.000000000000000000e+00
0.000000000000000000e+00,0.000000000000000000e+00
0.000000000000000000e+00,0.000000000000000000e+00
0.000000000000000000e+00,0.000000000000000000e+00
6.531386337951463576e-07,5.660861846964403723e-07
0.000000000000000000e+00,0.000000000000000000e+00
0.000000000000000000e+00,0.000000000000000000e+00
0.000000000000000000e+00,0.000000000000000000e+00
0.000000000000000000e+00,0.000000000000000000e+00
0.000000000000000000e+00,0.000000000000000000e+00
8.333676308405556163e-07,7.111990353993364979e-07
0.000000000000000000e+00,0.000000000000000000e+00
1.938060207733038659e-07,1.333967522748220238e-07
0.000000000000000000e+00,0.000000000000000000e+00
4.010515187328117806e-07,2.954306796544402806e-07
1.158650969907165917e-07,1.226653878508618484e-07
0.000000000000000000e+00,0.000000000000000000e+00
0.000000000000000000e+00,0.000000000000000000e+00
0.000000000000000000e+00,0.000000000000000000e+00
0.000000000000000000e+00,0.000000000000000000e+00
1.642359673035448199e-07,1.516676937879838221e-07
0.000000000000000000e+00,0.000000000000000000e+00
0.000000000000000000e+00,0.000000000000000000e+00
0.000000000000000000e+00,0.000000000000000000e+00
0.000000000000000000e+00,0.000000000000000000e+00
0.000000000000000000e+00,0.000000000000000000e+00
0.000000000000000000e+00,0.000000000000000000e+00
0.000000000000000000e+00,0.000000000000000000e+00
0.000000000000000000e+00,0.000000000000000000e+00
0.000000000000000000e+00,0.000000000000000000e+00
0.000000000000000000e+00,0.000000000000000000e+00
0.000000000000000000e+00,0.000000000000000000e+00
0.000000000000000000e+00,0.000000000000000000e+00
0.000000000000000000e+00,0.000000000000000000e+00
0.000000000000000000e+00,0.000000000000000000e+00
0.000000000000000000e+00,0.000000000000000000e+00
0.000000000000000000e+00,0.000000000000000000e+00
0.000000000000000000e+00,0.000000000000000000e+00
0.000000000000000000e+00,0.000000000000000000e+00
0.000000000000000000e+00,0.000000000000000000e+00
0.000000000000000000e+00,0.000000000000000000e+00
0.000000000000000000e+00,0.000000000000000000e+00
0.000000000000000000e+00,0.000000000000000000e+00
0.000000000000000000e+00,0.000000000000000000e+00
0.000000000000000000e+00,0.000000000000000000e+00
3.002146942965225646e-07,2.851050273072017005e-07
0.000000000000000000e+00,0.000000000000000000e+00
0.000000000000000000e+00,0.000000000000000000e+00
0.000000000000000000e+00,0.000000000000000000e+00
0.000000000000000000e+00,0.000000000000000000e+00
6.539027661385526472e-07,6.190389248221033689e-07
0.000000000000000000e+00,0.000000000000000000e+00
9.808688332878209449e-08,6.630474536282518512e-08
3.054710088288618129e-07,3.085993425222388974e-07
0.000000000000000000e+00,0.000000000000000000e+00
5.049117696780133171e-08,3.621816161455553893e-08
3.330209889986711785e-08,2.666662450573467534e-08
2.978409271557517829e-07,2.804267785165771139e-07
1.606686130117121032e-07,7.033803740955731058e-08
0.000000000000000000e+00,0.000000000000000000e+00
0.000000000000000000e+00,0.000000000000000000e+00
0.000000000000000000e+00,0.000000000000000000e+00
0.000000000000000000e+00,0.000000000000000000e+00
2.177678643635708183e-07,2.082054884525144090e-07
4.054102007594200541e-07,3.598091455986559005e-07
0.000000000000000000e+00,0.000000000000000000e+00
0.000000000000000000e+00,0.000000000000000000e+00
0.000000000000000000e+00,0.000000000000000000e+00
0.000000000000000000e+00,0.000000000000000000e+00
0.000000000000000000e+00,0.000000000000000000e+00
5.229297948859903006e-07,5.608801899592920513e-07
0.000000000000000000e+00,0.000000000000000000e+00
0.000000000000000000e+00,0.000000000000000000e+00
0.000000000000000000e+00,0.000000000000000000e+00
0.000000000000000000e+00,0.000000000000000000e+00
0.000000000000000000e+00,0.000000000000000000e+00
0.000000000000000000e+00,0.000000000000000000e+00
0.000000000000000000e+00,0.000000000000000000e+00
0.000000000000000000e+00,0.000000000000000000e+00
1.067738099004005821e-06,3.213583752723401989e-07
3.871808837627553167e-07,3.668918909909001686e-07
2.016135513530737268e-07,1.209682155680256553e-07
1.879476317115984089e-07,1.127971036834526910e-07
0.000000000000000000e+00,0.000000000000000000e+00
0.000000000000000000e+00,0.000000000000000000e+00
0.000000000000000000e+00,0.000000000000000000e+00
0.000000000000000000e+00,0.000000000000000000e+00
0.000000000000000000e+00,0.000000000000000000e+00
6.505625361283858537e-07,4.661241012208686531e-07
7.740845640911018273e-07,7.246198647747299725e-07
1.346340772286043468e-07,4.505047751892394829e-08
0.000000000000000000e+00,0.000000000000000000e+00
0.000000000000000000e+00,0.000000000000000000e+00
0.000000000000000000e+00,0.000000000000000000e+00
3.675593788883234847e-07,3.361519308399862839e-07
0.000000000000000000e+00,0.000000000000000000e+00
0.000000000000000000e+00,0.000000000000000000e+00
0.000000000000000000e+00,0.000000000000000000e+00
2.768379725925169486e-07,2.703632945441958299e-07
0.000000000000000000e+00,0.000000000000000000e+00
6.927921663122405053e-07,3.058642171582424948e-07
0.000000000000000000e+00,0.000000000000000000e+00
0.000000000000000000e+00,0.000000000000000000e+00
0.000000000000000000e+00,0.000000000000000000e+00
0.000000000000000000e+00,0.000000000000000000e+00
0.000000000000000000e+00,0.000000000000000000e+00
1.620744216637394291e-07,2.160645716945376635e-07
0.000000000000000000e+00,0.000000000000000000e+00
0.000000000000000000e+00,0.000000000000000000e+00
0.000000000000000000e+00,0.000000000000000000e+00
0.000000000000000000e+00,0.000000000000000000e+00
0.000000000000000000e+00,0.000000000000000000e+00
0.000000000000000000e+00,0.000000000000000000e+00
0.000000000000000000e+00,0.000000000000000000e+00
0.000000000000000000e+00,0.000000000000000000e+00
6.350751355631242859e-08,3.900430523353899191e-08
1.430481997481599514e-08,1.019080311261862552e-08
0.000000000000000000e+00,0.000000000000000000e+00
0.000000000000000000e+00,0.000000000000000000e+00
0.000000000000000000e+00,0.000000000000000000e+00
0.000000000000000000e+00,0.000000000000000000e+00
2.428004735021976806e-07,2.075555527158539063e-07
0.000000000000000000e+00,0.000000000000000000e+00
0.000000000000000000e+00,0.000000000000000000e+00
1.689467283427792552e-07,1.601736515014807677e-07
1.133041435433431104e-07,7.121123223048683279e-08
1.033240622152646943e-07,4.716626573465047736e-08
8.360475768067533744e-08,4.987806661761159812e-08
0.000000000000000000e+00,0.000000000000000000e+00
3.423823463267440837e-07,2.896154666305477233e-07
3.031611898056478651e-07,2.238314940129771333e-07
1.174927496353563115e-07,9.916474737002959581e-08
0.000000000000000000e+00,0.000000000000000000e+00
0.000000000000000000e+00,0.000000000000000000e+00
0.000000000000000000e+00,0.000000000000000000e+00
0.000000000000000000e+00,0.000000000000000000e+00
0.000000000000000000e+00,0.000000000000000000e+00
0.000000000000000000e+00,0.000000000000000000e+00
0.000000000000000000e+00,0.000000000000000000e+00
6.005170829919943077e-07,4.381898170160286224e-07
0.000000000000000000e+00,0.000000000000000000e+00
0.000000000000000000e+00,0.000000000000000000e+00
1.338299018770554605e-07,1.224547534768353160e-07
0.000000000000000000e+00,0.000000000000000000e+00
8.829448406560830523e-08,5.129096654432182291e-08
0.000000000000000000e+00,0.000000000000000000e+00
0.000000000000000000e+00,0.000000000000000000e+00
0.000000000000000000e+00,0.000000000000000000e+00
0.000000000000000000e+00,0.000000000000000000e+00
0.000000000000000000e+00,0.000000000000000000e+00
6.734007026751898545e-07,6.498144208007278922e-07
0.000000000000000000e+00,0.000000000000000000e+00
0.000000000000000000e+00,0.000000000000000000e+00
0.000000000000000000e+00,0.000000000000000000e+00
1.005456635717185206e-06,1.072743740558690621e-06
0.000000000000000000e+00,0.000000000000000000e+00
0.000000000000000000e+00,0.000000000000000000e+00
2.408242137759522102e-07,1.889277840255337751e-07
0.000000000000000000e+00,0.000000000000000000e+00
0.000000000000000000e+00,0.000000000000000000e+00
0.000000000000000000e+00,0.000000000000000000e+00
3.895368775577154304e-07,1.916705415884756095e-07
0.000000000000000000e+00,0.000000000000000000e+00
0.000000000000000000e+00,0.000000000000000000e+00
0.000000000000000000e+00,0.000000000000000000e+00
3.403385340644233852e-07,2.565432065578467165e-07
0.000000000000000000e+00,0.000000000000000000e+00
4.662039956288747068e-07,3.474820665052595094e-07
1.114743740024809968e-06,1.216168778137681319e-06
0.000000000000000000e+00,0.000000000000000000e+00
0.000000000000000000e+00,0.000000000000000000e+00
0.000000000000000000e+00,0.000000000000000000e+00
0.000000000000000000e+00,0.000000000000000000e+00
0.000000000000000000e+00,0.000000000000000000e+00
1.658324635695964152e-08,1.145830097807265867e-08
1.203225150443167629e-07,1.010818803702620758e-07
0.000000000000000000e+00,0.000000000000000000e+00
0.000000000000000000e+00,0.000000000000000000e+00
0.000000000000000000e+00,0.000000000000000000e+00
0.000000000000000000e+00,0.000000000000000000e+00
0.000000000000000000e+00,0.000000000000000000e+00
1.391861707607675858e-07,7.680266882503244729e-08
0.000000000000000000e+00,0.000000000000000000e+00
0.000000000000000000e+00,0.000000000000000000e+00
0.000000000000000000e+00,0.000000000000000000e+00
0.000000000000000000e+00,0.000000000000000000e+00
0.000000000000000000e+00,0.000000000000000000e+00
7.843942753858481981e-08,6.906901591107016944e-08
0.000000000000000000e+00,0.000000000000000000e+00
0.000000000000000000e+00,0.000000000000000000e+00
0.000000000000000000e+00,0.000000000000000000e+00
0.000000000000000000e+00,0.000000000000000000e+00
0.000000000000000000e+00,0.000000000000000000e+00
0.000000000000000000e+00,0.000000000000000000e+00
0.000000000000000000e+00,0.000000000000000000e+00
0.000000000000000000e+00,0.000000000000000000e+00
0.000000000000000000e+00,0.000000000000000000e+00
0.000000000000000000e+00,0.000000000000000000e+00
0.000000000000000000e+00,0.000000000000000000e+00
0.000000000000000000e+00,0.000000000000000000e+00
0.000000000000000000e+00,0.000000000000000000e+00
0.000000000000000000e+00,0.000000000000000000e+00
0.000000000000000000e+00,0.000000000000000000e+00
0.000000000000000000e+00,0.000000000000000000e+00
0.000000000000000000e+00,0.000000000000000000e+00
0.000000000000000000e+00,0.000000000000000000e+00
0.000000000000000000e+00,0.000000000000000000e+00
0.000000000000000000e+00,0.000000000000000000e+00
0.000000000000000000e+00,0.000000000000000000e+00
9.852265135187578297e-08,1.827849470528051968e-07
0.000000000000000000e+00,0.000000000000000000e+00
0.000000000000000000e+00,0.000000000000000000e+00
1.072621384431888306e-06,1.096936864170990257e-06
0.000000000000000000e+00,0.000000000000000000e+00
0.000000000000000000e+00,0.000000000000000000e+00
2.858685780730747846e-07,2.596512585527687611e-07
0.000000000000000000e+00,0.000000000000000000e+00
4.639632967088044480e-07,3.987768033892161637e-07
0.000000000000000000e+00,0.000000000000000000e+00
0.000000000000000000e+00,0.000000000000000000e+00
0.000000000000000000e+00,0.000000000000000000e+00
0.000000000000000000e+00,0.000000000000000000e+00
0.000000000000000000e+00,0.000000000000000000e+00
0.000000000000000000e+00,0.000000000000000000e+00
0.000000000000000000e+00,0.000000000000000000e+00
0.000000000000000000e+00,0.000000000000000000e+00
0.000000000000000000e+00,0.000000000000000000e+00
9.237469248504382401e-07,8.591736682568775126e-07
0.000000000000000000e+00,0.000000000000000000e+00
0.000000000000000000e+00,0.000000000000000000e+00
0.000000000000000000e+00,0.000000000000000000e+00
0.000000000000000000e+00,0.000000000000000000e+00
0.000000000000000000e+00,0.000000000000000000e+00
5.588988883915068055e-08,4.708001858591502464e-08
0.000000000000000000e+00,0.000000000000000000e+00
3.663628826801630943e-08,3.230571243179954835e-08
9.659628455355840931e-08,5.997214217534022884e-08
0.000000000000000000e+00,0.000000000000000000e+00
9.761899990188176356e-08,3.144128147248465633e-08
0.000000000000000000e+00,0.000000000000000000e+00
4.284822615284358297e-07,3.391965024650155128e-07
0.000000000000000000e+00,0.000000000000000000e+00
1.633066766699029894e-07,1.447394680660383548e-07
0.000000000000000000e+00,0.000000000000000000e+00
0.000000000000000000e+00,0.000000000000000000e+00
0.000000000000000000e+00,0.000000000000000000e+00
0.000000000000000000e+00,0.000000000000000000e+00
0.000000000000000000e+00,0.000000000000000000e+00
3.933509177690119513e-07,3.101829776970070423e-07
0.000000000000000000e+00,0.000000000000000000e+00
0.000000000000000000e+00,0.000000000000000000e+00
0.000000000000000000e+00,0.000000000000000000e+00
2.544198187004358956e-07,2.308616863053777366e-07
0.000000000000000000e+00,0.000000000000000000e+00
0.000000000000000000e+00,0.000000000000000000e+00
6.702854285110223502e-10,5.236391087045899024e-10
0.000000000000000000e+00,0.000000000000000000e+00
0.000000000000000000e+00,0.000000000000000000e+00
6.551735440568402860e-09,3.904762356637443224e-09
0.000000000000000000e+00,0.000000000000000000e+00
0.000000000000000000e+00,0.000000000000000000e+00
0.000000000000000000e+00,0.000000000000000000e+00
0.000000000000000000e+00,0.000000000000000000e+00
0.000000000000000000e+00,0.000000000000000000e+00
0.000000000000000000e+00,0.000000000000000000e+00
0.000000000000000000e+00,0.000000000000000000e+00
1.004214107188163935e-07,5.510326081865055136e-08
8.496537245205838527e-07,6.085545397338380391e-07
1.160459648392088901e-06,1.018931891764842862e-06
5.927188582992698324e-07,4.831747734674961787e-07
0.000000000000000000e+00,0.000000000000000000e+00
0.000000000000000000e+00,0.000000000000000000e+00
0.000000000000000000e+00,0.000000000000000000e+00
0.000000000000000000e+00,0.000000000000000000e+00
0.000000000000000000e+00,0.000000000000000000e+00
0.000000000000000000e+00,0.000000000000000000e+00
0.000000000000000000e+00,0.000000000000000000e+00
3.222467814176600216e-07,1.718072369996593709e-07
1.116990377773455499e-07,1.136382845523512960e-07
1.540646948927987183e-07,1.107355805474202198e-07
2.951478462951525621e-07,2.740534242962961237e-07
0.000000000000000000e+00,0.000000000000000000e+00
0.000000000000000000e+00,0.000000000000000000e+00
0.000000000000000000e+00,0.000000000000000000e+00
0.000000000000000000e+00,0.000000000000000000e+00
0.000000000000000000e+00,0.000000000000000000e+00
0.000000000000000000e+00,0.000000000000000000e+00
0.000000000000000000e+00,0.000000000000000000e+00
2.261241087486566499e-07,2.828476639156798468e-07
0.000000000000000000e+00,0.000000000000000000e+00
0.000000000000000000e+00,0.000000000000000000e+00
6.673793877630333625e-07,7.120440412821655309e-07
0.000000000000000000e+00,0.000000000000000000e+00
0.000000000000000000e+00,0.000000000000000000e+00
7.955100034951271986e-07,5.611403441301622142e-07
0.000000000000000000e+00,0.000000000000000000e+00
0.000000000000000000e+00,0.000000000000000000e+00
0.000000000000000000e+00,0.000000000000000000e+00
2.025598934749795660e-07,1.676012426122884307e-07
0.000000000000000000e+00,0.000000000000000000e+00
0.000000000000000000e+00,0.000000000000000000e+00
0.000000000000000000e+00,0.000000000000000000e+00
0.000000000000000000e+00,0.000000000000000000e+00
0.000000000000000000e+00,0.000000000000000000e+00
0.000000000000000000e+00,0.000000000000000000e+00
0.000000000000000000e+00,0.000000000000000000e+00
0.000000000000000000e+00,0.000000000000000000e+00
1.614625139724090782e-08,8.098851760033365146e-09
0.000000000000000000e+00,0.000000000000000000e+00
0.000000000000000000e+00,0.000000000000000000e+00
2.024682859037896721e-07,1.753363359714032715e-07
3.072048287321378928e-07,3.098631970035128574e-07
0.000000000000000000e+00,0.000000000000000000e+00
2.552671134163467020e-07,2.136549906748757042e-07
0.000000000000000000e+00,0.000000000000000000e+00
0.000000000000000000e+00,0.000000000000000000e+00
0.000000000000000000e+00,0.000000000000000000e+00
0.000000000000000000e+00,0.000000000000000000e+00
4.604982272033745179e-07,4.573143755146980336e-07
3.709915881314305079e-07,3.758259278419134732e-07
4.203542071045910226e-08,5.688887284350105772e-08
1.394982162620875967e-07,4.139362155856748771e-08
0.000000000000000000e+00,0.000000000000000000e+00
0.000000000000000000e+00,0.000000000000000000e+00
0.000000000000000000e+00,0.000000000000000000e+00
0.000000000000000000e+00,0.000000000000000000e+00
0.000000000000000000e+00,0.000000000000000000e+00
0.000000000000000000e+00,0.000000000000000000e+00
0.000000000000000000e+00,0.000000000000000000e+00
0.000000000000000000e+00,0.000000000000000000e+00
0.000000000000000000e+00,0.000000000000000000e+00
3.485632925167452836e-07,2.537347784906118632e-07
2.010983299950551783e-07,5.745800978129493557e-08
0.000000000000000000e+00,0.000000000000000000e+00
0.000000000000000000e+00,0.000000000000000000e+00
1.856901604994859473e-07,1.513721680778115313e-07
0.000000000000000000e+00,0.000000000000000000e+00
3.685449640043317240e-07,1.529997800110796968e-07
0.000000000000000000e+00,0.000000000000000000e+00
2.483851031081439126e-07,1.255118329184021883e-07
0.000000000000000000e+00,0.000000000000000000e+00
4.239162015217219866e-07,4.391278522522898542e-07
0.000000000000000000e+00,0.000000000000000000e+00
0.000000000000000000e+00,0.000000000000000000e+00
0.000000000000000000e+00,0.000000000000000000e+00
2.681397644659334568e-07,2.301863312211146722e-07
3.531888464855967070e-08,3.722338568575869681e-08
0.000000000000000000e+00,0.000000000000000000e+00
0.000000000000000000e+00,0.000000000000000000e+00
0.000000000000000000e+00,0.000000000000000000e+00
0.000000000000000000e+00,0.000000000000000000e+00
0.000000000000000000e+00,0.000000000000000000e+00
1.936563809723098869e-07,8.044898895452496603e-08
0.000000000000000000e+00,0.000000000000000000e+00
0.000000000000000000e+00,0.000000000000000000e+00
1.151111684187296967e-07,8.124109602971411118e-08
4.864774950783979068e-08,5.663466355519182065e-08
0.000000000000000000e+00,0.000000000000000000e+00
0.000000000000000000e+00,0.000000000000000000e+00
0.000000000000000000e+00,0.000000000000000000e+00
0.000000000000000000e+00,0.000000000000000000e+00
5.250171669546825387e-07,4.930145711302138490e-07
7.106442674423545754e-07,4.925588423592293658e-07
0.000000000000000000e+00,0.000000000000000000e+00
0.000000000000000000e+00,0.000000000000000000e+00
5.414860166629000687e-07,6.411914998385673535e-07
0.000000000000000000e+00,0.000000000000000000e+00
8.452275439038640271e-07,1.068522354186049944e-06
0.000000000000000000e+00,0.000000000000000000e+00
4.416465482061129861e-07,3.421832267425427645e-07
0.000000000000000000e+00,0.000000000000000000e+00
0.000000000000000000e+00,0.000000000000000000e+00
0.000000000000000000e+00,0.000000000000000000e+00
4.042854841872984189e-07,4.050134588564745543e-07
0.000000000000000000e+00,0.000000000000000000e+00
0.000000000000000000e+00,0.000000000000000000e+00
0.000000000000000000e+00,0.000000000000000000e+00
3.540293649885768347e-07,3.348401273061648598e-07
1.625553658989157693e-07,1.372373501674208521e-07
0.000000000000000000e+00,0.000000000000000000e+00
0.000000000000000000e+00,0.000000000000000000e+00
0.000000000000000000e+00,0.000000000000000000e+00
0.000000000000000000e+00,0.000000000000000000e+00
0.000000000000000000e+00,0.000000000000000000e+00
3.593759407737470963e-07,1.618235664432064900e-07
9.465995751904546298e-07,1.015183701274124949e-06
0.000000000000000000e+00,0.000000000000000000e+00
0.000000000000000000e+00,0.000000000000000000e+00
2.276049949460761825e-08,2.223745409080441514e-08
5.991749032820176435e-07,6.050965770033158257e-07
0.000000000000000000e+00,0.000000000000000000e+00
0.000000000000000000e+00,0.000000000000000000e+00
9.891297023002356668e-08,6.551961124496872989e-08
9.417518053069421170e-08,1.405288902018411472e-07
0.000000000000000000e+00,0.000000000000000000e+00
0.000000000000000000e+00,0.000000000000000000e+00
4.440286687350109592e-07,2.111775724823315788e-07
0.000000000000000000e+00,0.000000000000000000e+00
0.000000000000000000e+00,0.000000000000000000e+00
0.000000000000000000e+00,0.000000000000000000e+00
0.000000000000000000e+00,0.000000000000000000e+00
0.000000000000000000e+00,0.000000000000000000e+00
0.000000000000000000e+00,0.000000000000000000e+00
0.000000000000000000e+00,0.000000000000000000e+00
0.000000000000000000e+00,0.000000000000000000e+00
0.000000000000000000e+00,0.000000000000000000e+00
0.000000000000000000e+00,0.000000000000000000e+00
0.000000000000000000e+00,0.000000000000000000e+00
0.000000000000000000e+00,0.000000000000000000e+00
1.425831100949779867e-06,1.276929790458674766e-06
0.000000000000000000e+00,0.000000000000000000e+00
1.635744790299130711e-07,9.485560044493493656e-08
0.000000000000000000e+00,0.000000000000000000e+00
0.000000000000000000e+00,0.000000000000000000e+00
0.000000000000000000e+00,0.000000000000000000e+00
3.281370410162266485e-07,3.804124279278564265e-07
0.000000000000000000e+00,0.000000000000000000e+00
0.000000000000000000e+00,0.000000000000000000e+00
0.000000000000000000e+00,0.000000000000000000e+00
8.344215912997808197e-07,6.710006250935595045e-07
2.043822569092970808e-07,1.421045668185358488e-07
0.000000000000000000e+00,0.000000000000000000e+00
2.261916958857575236e-08,2.240292544960237334e-08
8.140578404760644634e-08,8.593904172683546740e-08
1.756851316956846568e-08,1.261692381222886475e-08
0.000000000000000000e+00,0.000000000000000000e+00
0.000000000000000000e+00,0.000000000000000000e+00
0.000000000000000000e+00,0.000000000000000000e+00
0.000000000000000000e+00,0.000000000000000000e+00
1.029348116816226105e-07,1.848936334132002277e-07
0.000000000000000000e+00,0.000000000000000000e+00
0.000000000000000000e+00,0.000000000000000000e+00
6.854188189937768853e-08,8.529245570260901537e-08
0.000000000000000000e+00,0.000000000000000000e+00
0.000000000000000000e+00,0.000000000000000000e+00
1.667131222720704613e-07,1.755578295830904709e-07
0.000000000000000000e+00,0.000000000000000000e+00
0.000000000000000000e+00,0.000000000000000000e+00
5.798304242811377270e-07,4.360712915923183190e-07
0.000000000000000000e+00,0.000000000000000000e+00
5.409194968696199018e-07,5.148812521513341928e-07
1.730501583008742508e-07,1.518736818471657013e-07
1.134247170285152226e-07,6.308380315463123559e-08
1.111140401667604431e-07,1.144094297204680237e-07
0.000000000000000000e+00,0.000000000000000000e+00
0.000000000000000000e+00,0.000000000000000000e+00
0.000000000000000000e+00,0.000000000000000000e+00
0.000000000000000000e+00,0.000000000000000000e+00
0.000000000000000000e+00,0.000000000000000000e+00
4.489920794761134841e-07,3.346240046608393630e-07
0.000000000000000000e+00,0.000000000000000000e+00
0.000000000000000000e+00,0.000000000000000000e+00
9.441657156843262137e-07,9.431170249351819140e-07
0.000000000000000000e+00,0.000000000000000000e+00
0.000000000000000000e+00,0.000000000000000000e+00
0.000000000000000000e+00,0.000000000000000000e+00
0.000000000000000000e+00,0.000000000000000000e+00
0.000000000000000000e+00,0.000000000000000000e+00
3.035376446848770726e-07,2.656810381030007821e-07
0.000000000000000000e+00,0.000000000000000000e+00
1.898805918497344828e-07,1.592811243332228758e-07
0.000000000000000000e+00,0.000000000000000000e+00
0.000000000000000000e+00,0.000000000000000000e+00
2.282234193908538007e-07,2.076017732592343066e-07
0.000000000000000000e+00,0.000000000000000000e+00
0.000000000000000000e+00,0.000000000000000000e+00
0.000000000000000000e+00,0.000000000000000000e+00
2.104161677484832777e-07,1.028716393902271229e-07
0.000000000000000000e+00,0.000000000000000000e+00
5.329302101849270015e-07,5.134378975197462639e-07
1.972532698878017771e-07,1.758322771567602897e-07
0.000000000000000000e+00,0.000000000000000000e+00
0.000000000000000000e+00,0.000000000000000000e+00
0.000000000000000000e+00,0.000000000000000000e+00
0.000000000000000000e+00,0.000000000000000000e+00
0.000000000000000000e+00,0.000000000000000000e+00
2.620089647017203710e-07,2.525171773189483148e-07
0.000000000000000000e+00,0.000000000000000000e+00
0.000000000000000000e+00,0.000000000000000000e+00
7.684253748281726540e-07,7.820827879682805496e-07
1.635314003273296410e-07,1.104448080971951107e-07
9.390753230360174061e-09,9.139632923075197354e-09
0.000000000000000000e+00,0.000000000000000000e+00
1.140549399170082174e-06,9.841145243177684222e-07
0.000000000000000000e+00,0.000000000000000000e+00
0.000000000000000000e+00,0.000000000000000000e+00
3.837839634831510760e-07,3.590058336906685560e-07
0.000000000000000000e+00,0.000000000000000000e+00
0.000000000000000000e+00,0.000000000000000000e+00
0.000000000000000000e+00,0.000000000000000000e+00
0.000000000000000000e+00,0.000000000000000000e+00
2.875974692791313284e-07,1.524801250044236326e-07
0.000000000000000000e+00,0.000000000000000000e+00
0.000000000000000000e+00,0.000000000000000000e+00
8.006309301592113587e-07,5.282786564869521058e-07
3.855129654547882133e-07,3.952812919400308662e-07
0.000000000000000000e+00,0.000000000000000000e+00
0.000000000000000000e+00,0.000000000000000000e+00
0.000000000000000000e+00,0.000000000000000000e+00
0.000000000000000000e+00,0.000000000000000000e+00
6.501564750798398610e-07,2.647607889894140997e-07
7.684703108959541934e-07,6.530558106545804380e-07
0.000000000000000000e+00,0.000000000000000000e+00
0.000000000000000000e+00,0.000000000000000000e+00
7.615091000137558269e-07,5.169053564649966594e-07
0.000000000000000000e+00,0.000000000000000000e+00
0.000000000000000000e+00,0.000000000000000000e+00
0.000000000000000000e+00,0.000000000000000000e+00
0.000000000000000000e+00,0.000000000000000000e+00
0.000000000000000000e+00,0.000000000000000000e+00
3.980382600535927513e-07,3.978661000551250525e-07
0.000000000000000000e+00,0.000000000000000000e+00
0.000000000000000000e+00,0.000000000000000000e+00
0.000000000000000000e+00,0.000000000000000000e+00
6.385238581259434712e-07,5.935318219112181755e-07
0.000000000000000000e+00,0.000000000000000000e+00
2.778217565977855082e-07,3.381310480940226300e-07
0.000000000000000000e+00,0.000000000000000000e+00
1.045901227827149741e-07,8.453397035748516474e-08
0.000000000000000000e+00,0.000000000000000000e+00
2.928811964283089961e-07,1.469073214011207964e-07
0.000000000000000000e+00,0.000000000000000000e+00
0.000000000000000000e+00,0.000000000000000000e+00
0.000000000000000000e+00,0.000000000000000000e+00
3.275432009410930388e-07,1.293942704168610716e-07
0.000000000000000000e+00,0.000000000000000000e+00
4.227319151104809814e-07,1.853543666135058950e-07
0.000000000000000000e+00,0.000000000000000000e+00
1.300204203043340514e-07,1.437525654657863166e-07
0.000000000000000000e+00,0.000000000000000000e+00
0.000000000000000000e+00,0.000000000000000000e+00
0.000000000000000000e+00,0.000000000000000000e+00
4.930914577204445298e-07,4.783004177479282581e-07
0.000000000000000000e+00,0.000000000000000000e+00
0.000000000000000000e+00,0.000000000000000000e+00
0.000000000000000000e+00,0.000000000000000000e+00
2.679839517847574243e-07,1.804535663224456665e-07
1.817023748648591807e-07,1.280989786707502377e-07
0.000000000000000000e+00,0.000000000000000000e+00
0.000000000000000000e+00,0.000000000000000000e+00
0.000000000000000000e+00,0.000000000000000000e+00
0.000000000000000000e+00,0.000000000000000000e+00
0.000000000000000000e+00,0.000000000000000000e+00
0.000000000000000000e+00,0.000000000000000000e+00
0.000000000000000000e+00,0.000000000000000000e+00
2.158363518739972921e-07,1.209542403999232537e-07
4.678249840971446637e-07,3.859010855265081623e-07
0.000000000000000000e+00,0.000000000000000000e+00
1.941317662626404857e-06,1.517460010654899266e-06
3.187274819285917549e-07,3.047799828654863485e-07
3.223350948372690440e-07,1.531548086777437403e-07
0.000000000000000000e+00,0.000000000000000000e+00
0.000000000000000000e+00,0.000000000000000000e+00
3.169019088982697302e-08,3.249493613170895825e-08
0.000000000000000000e+00,0.000000000000000000e+00
0.000000000000000000e+00,0.000000000000000000e+00
0.000000000000000000e+00,0.000000000000000000e+00
0.000000000000000000e+00,0.000000000000000000e+00
0.000000000000000000e+00,0.000000000000000000e+00
0.000000000000000000e+00,0.000000000000000000e+00
0.000000000000000000e+00,0.000000000000000000e+00
0.000000000000000000e+00,0.000000000000000000e+00
0.000000000000000000e+00,0.000000000000000000e+00
0.000000000000000000e+00,0.000000000000000000e+00
0.000000000000000000e+00,0.000000000000000000e+00
4.283908425334692616e-07,4.196654895091819910e-07
0.000000000000000000e+00,0.000000000000000000e+00
0.000000000000000000e+00,0.000000000000000000e+00
0.000000000000000000e+00,0.000000000000000000e+00
0.000000000000000000e+00,0.000000000000000000e+00
1.354907519792318431e-07,7.665485266870658436e-08
0.000000000000000000e+00,0.000000000000000000e+00
0.000000000000000000e+00,0.000000000000000000e+00
0.000000000000000000e+00,0.000000000000000000e+00
0.000000000000000000e+00,0.000000000000000000e+00
2.312874019087452504e-08,2.018570730633601877e-08
0.000000000000000000e+00,0.000000000000000000e+00
0.000000000000000000e+00,0.000000000000000000e+00
0.000000000000000000e+00,0.000000000000000000e+00
3.316189198163779220e-07,3.393193919174899003e-07
1.596627210977301110e-08,1.230903571403166925e-08
3.718583455172394792e-07,4.307985062187378411e-07
0.000000000000000000e+00,0.000000000000000000e+00
0.000000000000000000e+00,0.000000000000000000e+00
3.393032305602347297e-07,3.235332431798186335e-07
2.980773005432360369e-07,2.390827342731670258e-07
0.000000000000000000e+00,0.000000000000000000e+00
0.000000000000000000e+00,0.000000000000000000e+00
4.115366527205347136e-08,3.806629611273291851e-08
2.890345026571156738e-08,2.570847679622116841e-08
6.632596659222234536e-08,2.319599928932909497e-08
0.000000000000000000e+00,0.000000000000000000e+00
0.000000000000000000e+00,0.000000000000000000e+00
0.000000000000000000e+00,0.000000000000000000e+00
2.020630967526137397e-07,2.130691794869111204e-07
2.737075838159567387e-07,2.419361300015981908e-07
5.361653414334277153e-07,2.289993405234375761e-07
0.000000000000000000e+00,0.000000000000000000e+00
0.000000000000000000e+00,0.000000000000000000e+00
1.591810647440470237e-07,8.513666179580674157e-08
0.000000000000000000e+00,0.000000000000000000e+00
0.000000000000000000e+00,0.000000000000000000e+00
0.000000000000000000e+00,0.000000000000000000e+00
0.000000000000000000e+00,0.000000000000000000e+00
0.000000000000000000e+00,0.000000000000000000e+00
0.000000000000000000e+00,0.000000000000000000e+00
0.000000000000000000e+00,0.000000000000000000e+00
1.892097978279611961e-07,2.063631547453576624e-07
0.000000000000000000e+00,0.000000000000000000e+00
8.609629360452035123e-07,8.973594974239376723e-07
8.751807661713165479e-07,8.903556337869811445e-07
0.000000000000000000e+00,0.000000000000000000e+00
2.410598904992054723e-07,2.200265606329793910e-07
2.110386758944505401e-07,1.175781545752299463e-07
3.379638234588905691e-08,2.271987504459232494e-08
4.539675070150291213e-08,2.606380666264385575e-08
0.000000000000000000e+00,0.000000000000000000e+00
0.000000000000000000e+00,0.000000000000000000e+00
0.000000000000000000e+00,0.000000000000000000e+00
0.000000000000000000e+00,0.000000000000000000e+00
1.044559373705554761e-07,9.893345934181564662e-08
0.000000000000000000e+00,0.000000000000000000e+00
0.000000000000000000e+00,0.000000000000000000e+00
0.000000000000000000e+00,0.000000000000000000e+00
1.028069732219792186e-06,1.062546365357921334e-06
0.000000000000000000e+00,0.000000000000000000e+00
1.102014191814201436e-07,1.062773668475288819e-07
0.000000000000000000e+00,0.000000000000000000e+00
0.000000000000000000e+00,0.000000000000000000e+00
0.000000000000000000e+00,0.000000000000000000e+00
0.000000000000000000e+00,0.000000000000000000e+00
0.000000000000000000e+00,0.000000000000000000e+00
0.000000000000000000e+00,0.000000000000000000e+00
3.802474270987285364e-07,3.684506875975859772e-07
0.000000000000000000e+00,0.000000000000000000e+00
0.000000000000000000e+00,0.000000000000000000e+00
0.000000000000000000e+00,0.000000000000000000e+00
8.827052612352036414e-08,3.388755922712344143e-08
0.000000000000000000e+00,0.000000000000000000e+00
0.000000000000000000e+00,0.000000000000000000e+00
4.488952943532494045e-07,1.920814934210501780e-07
0.000000000000000000e+00,0.000000000000000000e+00
0.000000000000000000e+00,0.000000000000000000e+00
1.059668514134020936e-07,9.940601535123183172e-08
0.000000000000000000e+00,0.000000000000000000e+00
0.000000000000000000e+00,0.000000000000000000e+00
9.633682196690465242e-07,6.330861104533835276e-07
8.906450551163020242e-08,7.061510221186517484e-08
0.000000000000000000e+00,0.000000000000000000e+00
5.665818338369801093e-07,4.086283237615492490e-07
4.237733045312682858e-07,3.986403474570422126e-07
0.000000000000000000e+00,0.000000000000000000e+00
0.000000000000000000e+00,0.000000000000000000e+00
4.887700447900070126e-08,3.163246417414793310e-08
1.905088085789811328e-07,1.649054147609294802e-07
0.000000000000000000e+00,0.000000000000000000e+00
0.000000000000000000e+00,0.000000000000000000e+00
0.000000000000000000e+00,0.000000000000000000e+00
0.000000000000000000e+00,0.000000000000000000e+00
1.646520634230942156e-08,5.042145460760645974e-09
0.000000000000000000e+00,0.000000000000000000e+00
0.000000000000000000e+00,0.000000000000000000e+00
0.000000000000000000e+00,0.000000000000000000e+00
7.024438658172805179e-07,6.545478905917281284e-07
1.083478823692239824e-06,3.586847962557379476e-07
0.000000000000000000e+00,0.000000000000000000e+00
7.138853614247210891e-08,6.482212791048346451e-08
0.000000000000000000e+00,0.000000000000000000e+00
0.000000000000000000e+00,0.000000000000000000e+00
4.819790711339820440e-09,4.525348371525618699e-09
6.425021005933892327e-07,1.739648817458124321e-07
0.000000000000000000e+00,0.000000000000000000e+00
0.000000000000000000e+00,0.000000000000000000e+00
0.000000000000000000e+00,0.000000000000000000e+00
0.000000000000000000e+00,0.000000000000000000e+00
0.000000000000000000e+00,0.000000000000000000e+00
7.423287557796538991e-07,2.997863953989712178e-07
0.000000000000000000e+00,0.000000000000000000e+00
0.000000000000000000e+00,0.000000000000000000e+00
0.000000000000000000e+00,0.000000000000000000e+00
0.000000000000000000e+00,0.000000000000000000e+00
2.736168051407859698e-07,2.648578835401042598e-07
0.000000000000000000e+00,0.000000000000000000e+00
1.401908626773779292e-07,1.337280357949448011e-07
5.800258120654993256e-08,3.623387468351911136e-08
0.000000000000000000e+00,0.000000000000000000e+00
0.000000000000000000e+00,0.000000000000000000e+00
0.000000000000000000e+00,0.000000000000000000e+00
0.000000000000000000e+00,0.000000000000000000e+00
0.000000000000000000e+00,0.000000000000000000e+00
0.000000000000000000e+00,0.000000000000000000e+00
0.000000000000000000e+00,0.000000000000000000e+00
8.586961057901832446e-09,7.226552808346111443e-09
0.000000000000000000e+00,0.000000000000000000e+00
0.000000000000000000e+00,0.000000000000000000e+00
0.000000000000000000e+00,0.000000000000000000e+00
0.000000000000000000e+00,0.000000000000000000e+00
0.000000000000000000e+00,0.000000000000000000e+00
1.305958398659887094e-07,1.271134068213747561e-07
0.000000000000000000e+00,0.000000000000000000e+00
0.000000000000000000e+00,0.000000000000000000e+00
0.000000000000000000e+00,0.000000000000000000e+00
0.000000000000000000e+00,0.000000000000000000e+00
0.000000000000000000e+00,0.000000000000000000e+00
8.074179946038302424e-07,5.405473138753009250e-07
0.000000000000000000e+00,0.000000000000000000e+00
6.045236693030984427e-07,5.185532687721675075e-07
0.000000000000000000e+00,0.000000000000000000e+00
0.000000000000000000e+00,0.000000000000000000e+00
1.280398672648471064e-07,1.125902814697213314e-07
0.000000000000000000e+00,0.000000000000000000e+00
0.000000000000000000e+00,0.000000000000000000e+00
0.000000000000000000e+00,0.000000000000000000e+00
0.000000000000000000e+00,0.000000000000000000e+00
0.000000000000000000e+00,0.000000000000000000e+00
6.058369014006525782e-08,6.589390610037283262e-08
0.000000000000000000e+00,0.000000000000000000e+00
0.000000000000000000e+00,0.000000000000000000e+00
0.000000000000000000e+00,0.000000000000000000e+00
0.000000000000000000e+00,0.000000000000000000e+00
4.343741884276005913e-07,4.121985785437909982e-07
6.505321439858895802e-07,5.740602105803238855e-07
0.000000000000000000e+00,0.000000000000000000e+00
3.902665670979168507e-07,3.873758915177938238e-07
4.764526608703957263e-07,3.996725945953635415e-07
1.802636058886165229e-07,1.000478366020426806e-07
4.406591542054551386e-08,3.882699362618285924e-08
0.000000000000000000e+00,0.000000000000000000e+00
0.000000000000000000e+00,0.000000000000000000e+00
0.000000000000000000e+00,0.000000000000000000e+00
1.321764737766052286e-07,9.725562334339191120e-08
0.000000000000000000e+00,0.000000000000000000e+00
5.864368005802146982e-07,6.024019447780736709e-07
0.000000000000000000e+00,0.000000000000000000e+00
0.000000000000000000e+00,0.000000000000000000e+00
0.000000000000000000e+00,0.000000000000000000e+00
5.497650369067767466e-07,5.269255616335382518e-07
0.000000000000000000e+00,0.000000000000000000e+00
2.528294541013403977e-07,2.270491025150434756e-07
0.000000000000000000e+00,0.000000000000000000e+00
0.000000000000000000e+00,0.000000000000000000e+00
1.739278286494299136e-08,2.686849426805462209e-08
8.720402087761088724e-08,4.055240486323021021e-08
3.902502049249785099e-08,3.331712142780928492e-08
3.925628074673501581e-08,2.853075772403970134e-08
0.000000000000000000e+00,0.000000000000000000e+00
0.000000000000000000e+00,0.000000000000000000e+00
0.000000000000000000e+00,0.000000000000000000e+00
0.000000000000000000e+00,0.000000000000000000e+00
0.000000000000000000e+00,0.000000000000000000e+00
0.000000000000000000e+00,0.000000000000000000e+00
0.000000000000000000e+00,0.000000000000000000e+00
1.567560530527015277e-07,1.575528192688805902e-07
0.000000000000000000e+00,0.000000000000000000e+00
0.000000000000000000e+00,0.000000000000000000e+00
0.000000000000000000e+00,0.000000000000000000e+00
6.264533255983001795e-08,3.950702805504980943e-08
0.000000000000000000e+00,0.000000000000000000e+00
1.724758257815474165e-07,1.620724043933957240e-07
2.804537900159167388e-07,1.106955704852352673e-07
1.968102865530919859e-08,1.394874770083561158e-08
2.095244037944201013e-07,2.695634721062419477e-07
5.147830969846359001e-07,4.365101358097592583e-07
0.000000000000000000e+00,0.000000000000000000e+00
0.000000000000000000e+00,0.000000000000000000e+00
0.000000000000000000e+00,0.000000000000000000e+00
5.233117420758288891e-07,4.296054013297620362e-07
0.000000000000000000e+00,0.000000000000000000e+00
0.000000000000000000e+00,0.000000000000000000e+00
0.000000000000000000e+00,0.000000000000000000e+00
0.000000000000000000e+00,0.000000000000000000e+00
0.000000000000000000e+00,0.000000000000000000e+00
0.000000000000000000e+00,0.000000000000000000e+00
0.000000000000000000e+00,0.000000000000000000e+00
0.000000000000000000e+00,0.000000000000000000e+00
0.000000000000000000e+00,0.000000000000000000e+00
6.414387129279271793e-07,2.559210229859239898e-07
7.394385538681362979e-07,4.411903201465709962e-07
0.000000000000000000e+00,0.000000000000000000e+00
0.000000000000000000e+00,0.000000000000000000e+00
0.000000000000000000e+00,0.000000000000000000e+00
0.000000000000000000e+00,0.000000000000000000e+00
0.000000000000000000e+00,0.000000000000000000e+00
0.000000000000000000e+00,0.000000000000000000e+00
0.000000000000000000e+00,0.000000000000000000e+00
0.000000000000000000e+00,0.000000000000000000e+00
5.207998636207391064e-08,5.104076043417051674e-08
0.000000000000000000e+00,0.000000000000000000e+00
6.109688096345268781e-07,6.356822374476898942e-07
0.000000000000000000e+00,0.000000000000000000e+00
0.000000000000000000e+00,0.000000000000000000e+00
0.000000000000000000e+00,0.000000000000000000e+00
1.166544006001836727e-06,1.161429262039267244e-06
0.000000000000000000e+00,0.000000000000000000e+00
0.000000000000000000e+00,0.000000000000000000e+00
8.180179643800529780e-08,7.661694753766669348e-08
0.000000000000000000e+00,0.000000000000000000e+00
0.000000000000000000e+00,0.000000000000000000e+00
0.000000000000000000e+00,0.000000000000000000e+00
0.000000000000000000e+00,0.000000000000000000e+00
0.000000000000000000e+00,0.000000000000000000e+00
0.000000000000000000e+00,0.000000000000000000e+00
0.000000000000000000e+00,0.000000000000000000e+00
0.000000000000000000e+00,0.000000000000000000e+00
0.000000000000000000e+00,0.000000000000000000e+00
1.969974973710000372e-07,1.813280443685786528e-07
7.836477432478800342e-07,7.764202211069026199e-07
0.000000000000000000e+00,0.000000000000000000e+00
2.782291612034548236e-07,2.778366431358488947e-07
0.000000000000000000e+00,0.000000000000000000e+00
1.817110025991343944e-07,1.752113065994824247e-07
0.000000000000000000e+00,0.000000000000000000e+00
0.000000000000000000e+00,0.000000000000000000e+00
0.000000000000000000e+00,0.000000000000000000e+00
4.691255790670560346e-08,3.675805900878063431e-08
0.000000000000000000e+00,0.000000000000000000e+00
0.000000000000000000e+00,0.000000000000000000e+00
3.383927866841616365e-07,4.478349835056017260e-07
4.075814368462817964e-08,2.258706043558319411e-08
0.000000000000000000e+00,0.000000000000000000e+00
5.662362080641603393e-07,5.281912157066687687e-07
1.141033226612206612e-06,1.271690303567378152e-06
0.000000000000000000e+00,0.000000000000000000e+00
0.000000000000000000e+00,0.000000000000000000e+00
1.110952560849827548e-07,6.408207615818198885e-08
0.000000000000000000e+00,0.000000000000000000e+00
0.000000000000000000e+00,0.000000000000000000e+00
0.000000000000000000e+00,0.000000000000000000e+00
9.691241097792684732e-07,1.099259540179341422e-06
1.279447637866421574e-07,1.226647233311278848e-07
0.000000000000000000e+00,0.000000000000000000e+00
0.000000000000000000e+00,0.000000000000000000e+00
8.923952651765790525e-07,8.851022979351819444e-07
0.000000000000000000e+00,0.000000000000000000e+00
0.000000000000000000e+00,0.000000000000000000e+00
2.140118427754121890e-07,1.494586540398247933e-07
0.000000000000000000e+00,0.000000000000000000e+00
0.000000000000000000e+00,0.000000000000000000e+00
0.000000000000000000e+00,0.000000000000000000e+00
1.428153196868534495e-07,1.490596061233466181e-07
3.159703680573444626e-08,2.830574229532347921e-08
0.000000000000000000e+00,0.000000000000000000e+00
0.000000000000000000e+00,0.000000000000000000e+00
6.974840067875029647e-08,1.791962746740307294e-07
0.000000000000000000e+00,0.000000000000000000e+00
2.213625955583998877e-07,2.204959837671168800e-07
0.000000000000000000e+00,0.000000000000000000e+00
0.000000000000000000e+00,0.000000000000000000e+00
9.975296977723349832e-09,9.247642800247667585e-09
1.188417358347878465e-07,1.132352770055122986e-07
0.000000000000000000e+00,0.000000000000000000e+00
0.000000000000000000e+00,0.000000000000000000e+00
0.000000000000000000e+00,0.000000000000000000e+00
4.866935059588451242e-10,3.919748799443325712e-10
0.000000000000000000e+00,0.000000000000000000e+00
3.066674156192957108e-08,2.956332072316466969e-08
2.913568691016948228e-08,1.469521822233397445e-08
0.000000000000000000e+00,0.000000000000000000e+00
1.599677416565949337e-07,1.351015319940778739e-07
1.775381521268840599e-07,1.030218618267393279e-07
1.297481846809202148e-07,1.791753837123545773e-07
2.460162147445904065e-07,1.809838930542631377e-07
5.884915036694776992e-08,3.475437658476597910e-08
0.000000000000000000e+00,0.000000000000000000e+00
1.527446081564688524e-08,1.145351828855639116e-08
5.465171290981584801e-07,4.889163719680281936e-07
0.000000000000000000e+00,0.000000000000000000e+00
0.000000000000000000e+00,0.000000000000000000e+00
0.000000000000000000e+00,0.000000000000000000e+00
6.562717799282056838e-08,5.058980229297228002e-08
0.000000000000000000e+00,0.000000000000000000e+00
0.000000000000000000e+00,0.000000000000000000e+00
1.827744792036961870e-07,1.704132982525708528e-07
1.113955009967790283e-07,1.046485351665090554e-07
0.000000000000000000e+00,0.000000000000000000e+00
0.000000000000000000e+00,0.000000000000000000e+00
7.978982494773746589e-07,6.403680220465136307e-07
5.024936914449121192e-08,1.595591297942765699e-08
4.472728299130812671e-09,3.836324300761154611e-09
8.139202302799935821e-07,5.927928964026241145e-07
2.221162976885091634e-07,1.147919290692468298e-07
0.000000000000000000e+00,0.000000000000000000e+00
6.645545385107485875e-07,5.749448915805808328e-07
0.000000000000000000e+00,0.000000000000000000e+00
0.000000000000000000e+00,0.000000000000000000e+00
3.916269208133198360e-08,2.848370834816449052e-08
0.000000000000000000e+00,0.000000000000000000e+00
1.105212263825943135e-07,9.616000224181112736e-08
0.000000000000000000e+00,0.000000000000000000e+00
7.780635322059162187e-07,6.973218475878964814e-07
1.171129036310351154e-07,5.937789806333553665e-08
0.000000000000000000e+00,0.000000000000000000e+00
0.000000000000000000e+00,0.000000000000000000e+00
3.356399821897668204e-07,2.081027894121727665e-07
0.000000000000000000e+00,0.000000000000000000e+00
0.000000000000000000e+00,0.000000000000000000e+00
0.000000000000000000e+00,0.000000000000000000e+00
0.000000000000000000e+00,0.000000000000000000e+00
0.000000000000000000e+00,0.000000000000000000e+00
0.000000000000000000e+00,0.000000000000000000e+00
0.000000000000000000e+00,0.000000000000000000e+00
0.000000000000000000e+00,0.000000000000000000e+00
2.277196532045261526e-07,1.285871391156636591e-07
1.640626122685698273e-06,1.512867675168458446e-06
1.889208488809284853e-07,1.396299311908483829e-07
0.000000000000000000e+00,0.000000000000000000e+00
5.434605082787570081e-08,4.057131500868117214e-08
0.000000000000000000e+00,0.000000000000000000e+00
4.628578881376213260e-07,4.345179054897868224e-07
0.000000000000000000e+00,0.000000000000000000e+00
0.000000000000000000e+00,0.000000000000000000e+00
0.000000000000000000e+00,0.000000000000000000e+00
0.000000000000000000e+00,0.000000000000000000e+00
0.000000000000000000e+00,0.000000000000000000e+00
3.603544266796673189e-07,1.465952992315407404e-07
0.000000000000000000e+00,0.000000000000000000e+00
0.000000000000000000e+00,0.000000000000000000e+00
4.098285585571191604e-07,3.701045408248817288e-07
5.270988248668596301e-07,4.331525568875966586e-07
0.000000000000000000e+00,0.000000000000000000e+00
0.000000000000000000e+00,0.000000000000000000e+00
0.000000000000000000e+00,0.000000000000000000e+00
0.000000000000000000e+00,0.000000000000000000e+00
0.000000000000000000e+00,0.000000000000000000e+00
0.000000000000000000e+00,0.000000000000000000e+00
0.000000000000000000e+00,0.000000000000000000e+00
0.000000000000000000e+00,0.000000000000000000e+00
5.453061618252415435e-07,4.250554185823981206e-07
8.824258793054599606e-07,7.748454409634563112e-07
0.000000000000000000e+00,0.000000000000000000e+00
5.205766251574431553e-07,5.766758819012608305e-07
1.162713319590554160e-06,1.088391514445910920e-06
0.000000000000000000e+00,0.000000000000000000e+00
0.000000000000000000e+00,0.000000000000000000e+00
0.000000000000000000e+00,0.000000000000000000e+00
0.000000000000000000e+00,0.000000000000000000e+00
0.000000000000000000e+00,0.000000000000000000e+00
0.000000000000000000e+00,0.000000000000000000e+00
0.000000000000000000e+00,0.000000000000000000e+00
8.261017706926544766e-08,1.053567034982082654e-07
1.630499261486210744e-06,6.445975024112384989e-07
0.000000000000000000e+00,0.000000000000000000e+00
3.770131314418289433e-07,3.492409344001296516e-07
2.205549679800413048e-07,2.092985292594854587e-07
3.447434066446230118e-07,3.252220679512051126e-07
1.602583376849377440e-07,1.272037935505588646e-07
0.000000000000000000e+00,0.000000000000000000e+00
0.000000000000000000e+00,0.000000000000000000e+00
0.000000000000000000e+00,0.000000000000000000e+00
3.556437655404833850e-07,3.696881485432431271e-07
0.000000000000000000e+00,0.000000000000000000e+00
0.000000000000000000e+00,0.000000000000000000e+00
0.000000000000000000e+00,0.000000000000000000e+00
5.852744318445860730e-08,3.622916790425454585e-08
3.910930680595229130e-07,2.993529123868331366e-07
9.792545689762868506e-08,6.566758465247357137e-08
0.000000000000000000e+00,0.000000000000000000e+00
0.000000000000000000e+00,0.000000000000000000e+00
0.000000000000000000e+00,0.000000000000000000e+00
0.000000000000000000e+00,0.000000000000000000e+00
3.877154115277676575e-07,3.553032112938695178e-07
5.377146585170068596e-08,4.642433746101101988e-08
3.484325581746674238e-07,3.245028079341385784e-07
0.000000000000000000e+00,0.000000000000000000e+00
0.000000000000000000e+00,0.000000000000000000e+00
8.736795936594476327e-07,9.081367547950427617e-07
2.998703518480170942e-07,2.298197220025550219e-07
0.000000000000000000e+00,0.000000000000000000e+00
0.000000000000000000e+00,0.000000000000000000e+00
7.988981722954560504e-08,5.601827871183042339e-08
0.000000000000000000e+00,0.000000000000000000e+00
0.000000000000000000e+00,0.000000000000000000e+00
0.000000000000000000e+00,0.000000000000000000e+00
0.000000000000000000e+00,0.000000000000000000e+00
0.000000000000000000e+00,0.000000000000000000e+00
0.000000000000000000e+00,0.000000000000000000e+00
6.211540190097617048e-08,1.293464099306840686e-07
0.000000000000000000e+00,0.000000000000000000e+00
5.692625528237801553e-08,1.216671094195212560e-07
9.228308036679793012e-07,9.953281964019637470e-07
1.170076080362802502e-06,1.139395605713156098e-06
4.921569828230985940e-07,2.178622971061478274e-07
0.000000000000000000e+00,0.000000000000000000e+00
0.000000000000000000e+00,0.000000000000000000e+00
2.388167963380235736e-07,2.013011882771652781e-07
0.000000000000000000e+00,0.000000000000000000e+00
0.000000000000000000e+00,0.000000000000000000e+00
0.000000000000000000e+00,0.000000000000000000e+00
5.496168571659571022e-07,5.559811779332994024e-07
0.000000000000000000e+00,0.000000000000000000e+00
9.695361101553429398e-08,4.987549449780479043e-08
0.000000000000000000e+00,0.000000000000000000e+00
0.000000000000000000e+00,0.000000000000000000e+00
5.115971576090300949e-07,5.213357146999376807e-07
0.000000000000000000e+00,0.000000000000000000e+00
2.728859295401188767e-07,2.451869288480802115e-07
0.000000000000000000e+00,0.000000000000000000e+00
0.000000000000000000e+00,0.000000000000000000e+00
0.000000000000000000e+00,0.000000000000000000e+00
0.000000000000000000e+00,0.000000000000000000e+00
0.000000000000000000e+00,0.000000000000000000e+00
0.000000000000000000e+00,0.000000000000000000e+00
4.664675668686908707e-07,5.108799740403479291e-07
6.238959076947605609e-08,4.123396936585645661e-08
0.000000000000000000e+00,0.000000000000000000e+00
0.000000000000000000e+00,0.000000000000000000e+00
0.000000000000000000e+00,0.000000000000000000e+00
1.608714975062912477e-08,9.532184439514943758e-09
4.113690755197051546e-07,2.120791288327699088e-07
1.950202781692279561e-07,1.395536130784303069e-07
4.985215600786517084e-07,3.791523247678403596e-07
0.000000000000000000e+00,0.000000000000000000e+00
0.000000000000000000e+00,0.000000000000000000e+00
0.000000000000000000e+00,0.000000000000000000e+00
9.209763020079481978e-07,6.877251356589666578e-07
5.269491609277314575e-08,5.489365983369200849e-08
1.119023351191352528e-07,1.104260106260383146e-07
5.430021229342103192e-07,3.940149719249021143e-07
0.000000000000000000e+00,0.000000000000000000e+00
0.000000000000000000e+00,0.000000000000000000e+00
0.000000000000000000e+00,0.000000000000000000e+00
2.438661276344435119e-07,1.218657196782929468e-07
5.321114896471517201e-07,4.030036512293070700e-07
0.000000000000000000e+00,0.000000000000000000e+00
2.882581605689083134e-07,2.781883406418463016e-07
0.000000000000000000e+00,0.000000000000000000e+00
6.312626707192416954e-08,5.625114157557049518e-08
0.000000000000000000e+00,0.000000000000000000e+00
7.981289417978103644e-08,5.365396964619807240e-08
8.145819181815078861e-07,6.547418244872882583e-07
2.030973466850752779e-08,9.334138362457007167e-09
5.659388912337987599e-08,3.678268335444477564e-08
0.000000000000000000e+00,0.000000000000000000e+00
8.319932023713730153e-08,7.894790535697225446e-08
3.823434562626093413e-07,4.108151562389592968e-07
0.000000000000000000e+00,0.000000000000000000e+00
7.047397014307492583e-08,3.556030675588862910e-08
0.000000000000000000e+00,0.000000000000000000e+00
0.000000000000000000e+00,0.000000000000000000e+00
0.000000000000000000e+00,0.000000000000000000e+00
2.282278262580448830e-07,1.768290979847053241e-07
0.000000000000000000e+00,0.000000000000000000e+00
0.000000000000000000e+00,0.000000000000000000e+00
0.000000000000000000e+00,0.000000000000000000e+00
0.000000000000000000e+00,0.000000000000000000e+00
6.568553656097124093e-07,4.451574525462825890e-07
0.000000000000000000e+00,0.000000000000000000e+00
0.000000000000000000e+00,0.000000000000000000e+00
0.000000000000000000e+00,0.000000000000000000e+00
0.000000000000000000e+00,0.000000000000000000e+00
0.000000000000000000e+00,0.000000000000000000e+00
0.000000000000000000e+00,0.000000000000000000e+00
0.000000000000000000e+00,0.000000000000000000e+00
2.509569998905055218e-07,2.383390529758325697e-07
4.724391125771722956e-07,3.532753751260263817e-07
7.612094873321250500e-08,6.444242010477845582e-08
1.157459612056529793e-08,8.486876304078546792e-09
0.000000000000000000e+00,0.000000000000000000e+00
0.000000000000000000e+00,0.000000000000000000e+00
6.341058242603381941e-08,5.203887591037376351e-08
3.235911136338904355e-08,3.221621275356649136e-08
0.000000000000000000e+00,0.000000000000000000e+00
3.554452156515821890e-07,2.305520731090636568e-07
6.666627504900889075e-08,3.745334547184075418e-08
0.000000000000000000e+00,0.000000000000000000e+00
0.000000000000000000e+00,0.000000000000000000e+00
0.000000000000000000e+00,0.000000000000000000e+00
4.234001216429906463e-08,4.107360670127332851e-08
0.000000000000000000e+00,0.000000000000000000e+00
0.000000000000000000e+00,0.000000000000000000e+00
0.000000000000000000e+00,0.000000000000000000e+00
0.000000000000000000e+00,0.000000000000000000e+00
5.441593968228662532e-07,4.231359630628724327e-07
0.000000000000000000e+00,0.000000000000000000e+00
7.920526975111163477e-07,1.536966622618719140e-06
3.885174556440678854e-07,3.232726449980739215e-07
7.217799279112398927e-07,6.004094024558991940e-07
0.000000000000000000e+00,0.000000000000000000e+00
6.073454300415604537e-07,5.292232609489619709e-07
0.000000000000000000e+00,0.000000000000000000e+00
0.000000000000000000e+00,0.000000000000000000e+00
0.000000000000000000e+00,0.000000000000000000e+00
0.000000000000000000e+00,0.000000000000000000e+00
0.000000000000000000e+00,0.000000000000000000e+00
0.000000000000000000e+00,0.000000000000000000e+00
0.000000000000000000e+00,0.000000000000000000e+00
0.000000000000000000e+00,0.000000000000000000e+00
0.000000000000000000e+00,0.000000000000000000e+00
0.000000000000000000e+00,0.000000000000000000e+00
2.803269906785860027e-07,1.084831282077182276e-07
0.000000000000000000e+00,0.000000000000000000e+00
0.000000000000000000e+00,0.000000000000000000e+00
0.000000000000000000e+00,0.000000000000000000e+00
0.000000000000000000e+00,0.000000000000000000e+00
0.000000000000000000e+00,0.000000000000000000e+00
0.000000000000000000e+00,0.000000000000000000e+00
0.000000000000000000e+00,0.000000000000000000e+00
0.000000000000000000e+00,0.000000000000000000e+00
0.000000000000000000e+00,0.000000000000000000e+00
0.000000000000000000e+00,0.000000000000000000e+00
1.186224750008194159e-06,1.204417613253086991e-06
0.000000000000000000e+00,0.000000000000000000e+00
0.000000000000000000e+00,0.000000000000000000e+00
3.881963457868244936e-08,2.117266901205042418e-08
0.000000000000000000e+00,0.000000000000000000e+00
6.552997300871309687e-08,7.594412551643985098e-08
0.000000000000000000e+00,0.000000000000000000e+00
0.000000000000000000e+00,0.000000000000000000e+00
0.000000000000000000e+00,0.000000000000000000e+00
2.314357708207565242e-08,1.153588855610676170e-08
0.000000000000000000e+00,0.000000000000000000e+00
1.574753933729849184e-07,1.037292179655180682e-07
6.356347064090167579e-07,5.783336473616181769e-07
0.000000000000000000e+00,0.000000000000000000e+00
0.000000000000000000e+00,0.000000000000000000e+00
0.000000000000000000e+00,0.000000000000000000e+00
0.000000000000000000e+00,0.000000000000000000e+00
0.000000000000000000e+00,0.000000000000000000e+00
0.000000000000000000e+00,0.000000000000000000e+00
0.000000000000000000e+00,0.000000000000000000e+00
6.248544846963652679e-07,5.918032998773202992e-07
8.214787274783438666e-07,9.375121086454526639e-07
0.000000000000000000e+00,0.000000000000000000e+00
0.000000000000000000e+00,0.000000000000000000e+00
0.000000000000000000e+00,0.000000000000000000e+00
0.000000000000000000e+00,0.000000000000000000e+00
0.000000000000000000e+00,0.000000000000000000e+00
6.583105650424629079e-08,5.497609527162636265e-08
0.000000000000000000e+00,0.000000000000000000e+00
0.000000000000000000e+00,0.000000000000000000e+00
0.000000000000000000e+00,0.000000000000000000e+00
0.000000000000000000e+00,0.000000000000000000e+00
0.000000000000000000e+00,0.000000000000000000e+00
0.000000000000000000e+00,0.000000000000000000e+00
0.000000000000000000e+00,0.000000000000000000e+00
0.000000000000000000e+00,0.000000000000000000e+00
5.619647391096833247e-07,4.625232060511208451e-07
0.000000000000000000e+00,0.000000000000000000e+00
0.000000000000000000e+00,0.000000000000000000e+00
0.000000000000000000e+00,0.000000000000000000e+00
0.000000000000000000e+00,0.000000000000000000e+00
0.000000000000000000e+00,0.000000000000000000e+00
0.000000000000000000e+00,0.000000000000000000e+00
0.000000000000000000e+00,0.000000000000000000e+00
0.000000000000000000e+00,0.000000000000000000e+00
0.000000000000000000e+00,0.000000000000000000e+00
0.000000000000000000e+00,0.000000000000000000e+00
0.000000000000000000e+00,0.000000000000000000e+00
0.000000000000000000e+00,0.000000000000000000e+00
0.000000000000000000e+00,0.000000000000000000e+00
0.000000000000000000e+00,0.000000000000000000e+00
0.000000000000000000e+00,0.000000000000000000e+00
0.000000000000000000e+00,0.000000000000000000e+00
0.000000000000000000e+00,0.000000000000000000e+00
0.000000000000000000e+00,0.000000000000000000e+00
0.000000000000000000e+00,0.000000000000000000e+00
0.000000000000000000e+00,0.000000000000000000e+00
0.000000000000000000e+00,0.000000000000000000e+00
0.000000000000000000e+00,0.000000000000000000e+00
5.854421418126058399e-07,4.464725765785601116e-07
0.000000000000000000e+00,0.000000000000000000e+00
0.000000000000000000e+00,0.000000000000000000e+00
0.000000000000000000e+00,0.000000000000000000e+00
0.000000000000000000e+00,0.000000000000000000e+00
0.000000000000000000e+00,0.000000000000000000e+00
0.000000000000000000e+00,0.000000000000000000e+00
0.000000000000000000e+00,0.000000000000000000e+00
6.604395481771387873e-08,2.507129715545017185e-08
0.000000000000000000e+00,0.000000000000000000e+00
0.000000000000000000e+00,0.000000000000000000e+00
0.000000000000000000e+00,0.000000000000000000e+00
3.099974900669247585e-08,1.538447876753161685e-08
0.000000000000000000e+00,0.000000000000000000e+00
0.000000000000000000e+00,0.000000000000000000e+00
7.106908311581934780e-07,2.920413086006625552e-07
0.000000000000000000e+00,0.000000000000000000e+00
3.897371675483551289e-08,2.583802192850114810e-08
1.472747123835858990e-07,9.192434527451802196e-08
0.000000000000000000e+00,0.000000000000000000e+00
0.000000000000000000e+00,0.000000000000000000e+00
0.000000000000000000e+00,0.000000000000000000e+00
0.000000000000000000e+00,0.000000000000000000e+00
0.000000000000000000e+00,0.000000000000000000e+00
4.815428957078543455e-07,4.270809646100440206e-07
0.000000000000000000e+00,0.000000000000000000e+00
0.000000000000000000e+00,0.000000000000000000e+00
0.000000000000000000e+00,0.000000000000000000e+00
0.000000000000000000e+00,0.000000000000000000e+00
5.693308565293104767e-07,5.618314676881921112e-07
9.492948597849611513e-07,7.962869702583359026e-07
0.000000000000000000e+00,0.000000000000000000e+00
2.904076844818399139e-07,1.380664170653360097e-07
0.000000000000000000e+00,0.000000000000000000e+00
0.000000000000000000e+00,0.000000000000000000e+00
8.107107516354705961e-08,7.367815059504225470e-08
0.000000000000000000e+00,0.000000000000000000e+00
0.000000000000000000e+00,0.000000000000000000e+00
0.000000000000000000e+00,0.000000000000000000e+00
1.722167897577843828e-07,1.057805048124516361e-07
1.670151336231690443e-07,1.509693737207118102e-07
0.000000000000000000e+00,0.000000000000000000e+00
6.138706539778066454e-08,3.069864802014940778e-08
0.000000000000000000e+00,0.000000000000000000e+00
0.000000000000000000e+00,0.000000000000000000e+00
9.186196671656760042e-08,9.342215408186465289e-08
0.000000000000000000e+00,0.000000000000000000e+00
0.000000000000000000e+00,0.000000000000000000e+00
0.000000000000000000e+00,0.000000000000000000e+00
0.000000000000000000e+00,0.000000000000000000e+00
0.000000000000000000e+00,0.000000000000000000e+00
2.001775539306087624e-07,1.779250667345374969e-07
0.000000000000000000e+00,0.000000000000000000e+00
1.333139973882994624e-06,1.425879092221776461e-06
0.000000000000000000e+00,0.000000000000000000e+00
0.000000000000000000e+00,0.000000000000000000e+00
0.000000000000000000e+00,0.000000000000000000e+00
5.299212287548948514e-07,4.919248186175073813e-07
4.338440877429541724e-07,4.242867515185625331e-07
0.000000000000000000e+00,0.000000000000000000e+00
0.000000000000000000e+00,0.000000000000000000e+00
2.547908668197637657e-07,2.228933925225590058e-07
0.000000000000000000e+00,0.000000000000000000e+00
0.000000000000000000e+00,0.000000000000000000e+00
6.326082187379590779e-07,4.459588773542432145e-07
0.000000000000000000e+00,0.000000000000000000e+00
6.462428019720569075e-07,6.223378137915052860e-07
0.000000000000000000e+00,0.000000000000000000e+00
8.541102814046555677e-08,8.639901079873891526e-08
3.327946124963417776e-07,1.955787256976604494e-07
1.532676611297164912e-06,8.932933039565740450e-07
0.000000000000000000e+00,0.000000000000000000e+00
0.000000000000000000e+00,0.000000000000000000e+00
0.000000000000000000e+00,0.000000000000000000e+00
0.000000000000000000e+00,0.000000000000000000e+00
0.000000000000000000e+00,0.000000000000000000e+00
0.000000000000000000e+00,0.000000000000000000e+00
1.449426385144905518e-07,8.188372513751602620e-08
0.000000000000000000e+00,0.000000000000000000e+00
0.000000000000000000e+00,0.000000000000000000e+00
0.000000000000000000e+00,0.000000000000000000e+00
0.000000000000000000e+00,0.000000000000000000e+00
0.000000000000000000e+00,0.000000000000000000e+00
0.000000000000000000e+00,0.000000000000000000e+00
0.000000000000000000e+00,0.000000000000000000e+00
0.000000000000000000e+00,0.000000000000000000e+00
3.212627224176528155e-07,3.144899758699286393e-07
9.607960474793688547e-08,6.190849004226019914e-08
0.000000000000000000e+00,0.000000000000000000e+00
9.158344537749084384e-09,8.944253159897832459e-09
0.000000000000000000e+00,0.000000000000000000e+00
0.000000000000000000e+00,0.000000000000000000e+00
6.681368160339312301e-07,6.203705567104783662e-07
0.000000000000000000e+00,0.000000000000000000e+00
0.000000000000000000e+00,0.000000000000000000e+00
5.283653966808044657e-07,5.273987584505751187e-07
0.000000000000000000e+00,0.000000000000000000e+00
0.000000000000000000e+00,0.000000000000000000e+00
0.000000000000000000e+00,0.000000000000000000e+00
0.000000000000000000e+00,0.000000000000000000e+00
0.000000000000000000e+00,0.000000000000000000e+00
0.000000000000000000e+00,0.000000000000000000e+00
0.000000000000000000e+00,0.000000000000000000e+00
0.000000000000000000e+00,0.000000000000000000e+00
1.454089019057447053e-07,7.772001926819164799e-08
0.000000000000000000e+00,0.000000000000000000e+00
0.000000000000000000e+00,0.000000000000000000e+00
0.000000000000000000e+00,0.000000000000000000e+00
3.235612723354584804e-07,3.179856467170399513e-07
0.000000000000000000e+00,0.000000000000000000e+00
0.000000000000000000e+00,0.000000000000000000e+00
0.000000000000000000e+00,0.000000000000000000e+00
5.473834734097673097e-08,3.631275854814147466e-08
0.000000000000000000e+00,0.000000000000000000e+00
0.000000000000000000e+00,0.000000000000000000e+00
3.932663618233437205e-08,8.639284610725828191e-08
0.000000000000000000e+00,0.000000000000000000e+00
0.000000000000000000e+00,0.000000000000000000e+00
1.310709277990981842e-06,1.366679334593306530e-06
0.000000000000000000e+00,0.000000000000000000e+00
0.000000000000000000e+00,0.000000000000000000e+00
0.000000000000000000e+00,0.000000000000000000e+00
0.000000000000000000e+00,0.000000000000000000e+00
0.000000000000000000e+00,0.000000000000000000e+00
5.961739381133134890e-08,5.655185182721161983e-08
9.821634598154961924e-08,6.580619474234396580e-08
0.000000000000000000e+00,0.000000000000000000e+00
5.573138698352476465e-08,4.774170864026031776e-08
0.000000000000000000e+00,0.000000000000000000e+00
0.000000000000000000e+00,0.000000000000000000e+00
0.000000000000000000e+00,0.000000000000000000e+00
1.758179509200018152e-07,1.523332459837704622e-07
0.000000000000000000e+00,0.000000000000000000e+00
0.000000000000000000e+00,0.000000000000000000e+00
0.000000000000000000e+00,0.000000000000000000e+00
0.000000000000000000e+00,0.000000000000000000e+00
0.000000000000000000e+00,0.000000000000000000e+00
0.000000000000000000e+00,0.000000000000000000e+00
8.624791705350362603e-08,8.862478790466362250e-08
0.000000000000000000e+00,0.000000000000000000e+00
0.000000000000000000e+00,0.000000000000000000e+00
5.092144562168852835e-07,4.703056204026069632e-07
0.000000000000000000e+00,0.000000000000000000e+00
0.000000000000000000e+00,0.000000000000000000e+00
6.667533961853367865e-07,5.657532508690794984e-07
5.493445547391315742e-08,3.365379513946784163e-08
0.000000000000000000e+00,0.000000000000000000e+00
0.000000000000000000e+00,0.000000000000000000e+00
0.000000000000000000e+00,0.000000000000000000e+00
0.000000000000000000e+00,0.000000000000000000e+00
9.402477791046852342e-07,8.099863367287176504e-07
1.281609883996046688e-07,8.985610846836067632e-08
0.000000000000000000e+00,0.000000000000000000e+00
0.000000000000000000e+00,0.000000000000000000e+00
0.000000000000000000e+00,0.000000000000000000e+00
0.000000000000000000e+00,0.000000000000000000e+00
2.396138151537568961e-07,2.155097758145427551e-07
2.555249519042687777e-07,1.381273056037660621e-07
5.081221325563555302e-08,3.988494665414570996e-08
1.130796737834995428e-07,1.174956227954675012e-07
0.000000000000000000e+00,0.000000000000000000e+00
0.000000000000000000e+00,0.000000000000000000e+00
0.000000000000000000e+00,0.000000000000000000e+00
2.355866766603916922e-07,1.076096276382037692e-07
1.036372034322914028e-07,7.006910846060746238e-08
0.000000000000000000e+00,0.000000000000000000e+00
0.000000000000000000e+00,0.000000000000000000e+00
5.679314123589116469e-08,3.357264993198789303e-08
0.000000000000000000e+00,0.000000000000000000e+00
0.000000000000000000e+00,0.000000000000000000e+00
0.000000000000000000e+00,0.000000000000000000e+00
7.779941266927641918e-07,5.046607849463129964e-07
2.182101075670143212e-07,2.027035160961728928e-07
0.000000000000000000e+00,0.000000000000000000e+00
2.004679811494293201e-07,2.875391924754322609e-07
2.498804908877947557e-07,2.363053294920635146e-07
0.000000000000000000e+00,0.000000000000000000e+00
0.000000000000000000e+00,0.000000000000000000e+00
0.000000000000000000e+00,0.000000000000000000e+00
0.000000000000000000e+00,0.000000000000000000e+00
3.494333593451716252e-07,2.079535148447818458e-07
3.313811920538920771e-08,3.568416438110361798e-08
2.506278429546982152e-07,1.834592558356198669e-07
0.000000000000000000e+00,0.000000000000000000e+00
0.000000000000000000e+00,0.000000000000000000e+00
0.000000000000000000e+00,0.000000000000000000e+00
0.000000000000000000e+00,0.000000000000000000e+00
0.000000000000000000e+00,0.000000000000000000e+00
0.000000000000000000e+00,0.000000000000000000e+00
0.000000000000000000e+00,0.000000000000000000e+00
0.000000000000000000e+00,0.000000000000000000e+00
1.836258670279674661e-07,1.404791859725910295e-07
0.000000000000000000e+00,0.000000000000000000e+00
0.000000000000000000e+00,0.000000000000000000e+00
0.000000000000000000e+00,0.000000000000000000e+00
0.000000000000000000e+00,0.000000000000000000e+00
5.204487873445674696e-07,4.528083632621478898e-07
0.000000000000000000e+00,0.000000000000000000e+00
0.000000000000000000e+00,0.000000000000000000e+00
0.000000000000000000e+00,0.000000000000000000e+00
8.237768231629773431e-07,5.591013693197109580e-07
2.363275297724182210e-07,1.681207582973517857e-07
0.000000000000000000e+00,0.000000000000000000e+00
0.000000000000000000e+00,0.000000000000000000e+00
1.359766808387618867e-07,2.907900167020504771e-07
3.094009012492815752e-07,3.005651168877259608e-07
0.000000000000000000e+00,0.000000000000000000e+00
0.000000000000000000e+00,0.000000000000000000e+00
0.000000000000000000e+00,0.000000000000000000e+00
4.169435669604028463e-07,4.383235581530724717e-07
0.000000000000000000e+00,0.000000000000000000e+00
0.000000000000000000e+00,0.000000000000000000e+00
0.000000000000000000e+00,0.000000000000000000e+00
6.449527801666259268e-08,4.157133394830904949e-08
0.000000000000000000e+00,0.000000000000000000e+00
0.000000000000000000e+00,0.000000000000000000e+00
0.000000000000000000e+00,0.000000000000000000e+00
0.000000000000000000e+00,0.000000000000000000e+00
0.000000000000000000e+00,0.000000000000000000e+00
0.000000000000000000e+00,0.000000000000000000e+00
0.000000000000000000e+00,0.000000000000000000e+00
0.000000000000000000e+00,0.000000000000000000e+00
0.000000000000000000e+00,0.000000000000000000e+00
0.000000000000000000e+00,0.000000000000000000e+00
7.289834630823052078e-07,6.799836929899902750e-07
5.218861445579929712e-07,3.976999395182281092e-07
0.000000000000000000e+00,0.000000000000000000e+00
0.000000000000000000e+00,0.000000000000000000e+00
0.000000000000000000e+00,0.000000000000000000e+00
0.000000000000000000e+00,0.000000000000000000e+00
0.000000000000000000e+00,0.000000000000000000e+00
1.363357969385462928e-06,1.288084687749165317e-06
0.000000000000000000e+00,0.000000000000000000e+00
1.852317763058105339e-07,1.447548426137173620e-07
0.000000000000000000e+00,0.000000000000000000e+00
1.121892783274811905e-07,1.245899006643951346e-07
0.000000000000000000e+00,0.000000000000000000e+00
0.000000000000000000e+00,0.000000000000000000e+00
0.000000000000000000e+00,0.000000000000000000e+00
7.307776483770903606e-07,5.550793954822111920e-07
5.299956841115291674e-07,5.273808813604906788e-07
0.000000000000000000e+00,0.000000000000000000e+00
1.164056954210310496e-07,3.552736292070463775e-08
2.092615053076296766e-07,1.970288766575027712e-07
3.420581290748870129e-08,2.409180797316559913e-08
2.412091551985202559e-07,2.726297060895961994e-07
7.592681210994279388e-08,5.131390864595407791e-08
2.151404396747417445e-07,1.647663470240127183e-07
0.000000000000000000e+00,0.000000000000000000e+00
5.573407914419105390e-09,5.030800061811346350e-09
4.229191976338765006e-07,4.127237046320636569e-07
0.000000000000000000e+00,0.000000000000000000e+00
0.000000000000000000e+00,0.000000000000000000e+00
2.066741462256066847e-07,1.958782742538128834e-07
4.383634670511683927e-08,2.399278501297830446e-08
0.000000000000000000e+00,0.000000000000000000e+00
0.000000000000000000e+00,0.000000000000000000e+00
0.000000000000000000e+00,0.000000000000000000e+00
9.307185250868609078e-07,1.025100794124562821e-06
0.000000000000000000e+00,0.000000000000000000e+00
0.000000000000000000e+00,0.000000000000000000e+00
0.000000000000000000e+00,0.000000000000000000e+00
0.000000000000000000e+00,0.000000000000000000e+00
0.000000000000000000e+00,0.000000000000000000e+00
0.000000000000000000e+00,0.000000000000000000e+00
1.590295917152577956e-07,8.919631519204241134e-08
0.000000000000000000e+00,0.000000000000000000e+00
6.682615156560702887e-07,6.947250925916927064e-07
0.000000000000000000e+00,0.000000000000000000e+00
0.000000000000000000e+00,0.000000000000000000e+00
0.000000000000000000e+00,0.000000000000000000e+00
0.000000000000000000e+00,0.000000000000000000e+00
3.060084494112740521e-07,2.393977225322682329e-07
0.000000000000000000e+00,0.000000000000000000e+00
0.000000000000000000e+00,0.000000000000000000e+00
0.000000000000000000e+00,0.000000000000000000e+00
0.000000000000000000e+00,0.000000000000000000e+00
0.000000000000000000e+00,0.000000000000000000e+00
0.000000000000000000e+00,0.000000000000000000e+00
0.000000000000000000e+00,0.000000000000000000e+00
8.748407951606103005e-08,5.054210778220513628e-08
0.000000000000000000e+00,0.000000000000000000e+00
0.000000000000000000e+00,0.000000000000000000e+00
0.000000000000000000e+00,0.000000000000000000e+00
8.972620729520490724e-07,7.942038066539427807e-07
0.000000000000000000e+00,0.000000000000000000e+00
5.848250156969351080e-07,2.522672619139624588e-07
3.241926507212391554e-07,2.720537001584168985e-07
0.000000000000000000e+00,0.000000000000000000e+00
7.654846370375905631e-07,5.590942219816068663e-07
3.625020264048576753e-07,2.750348174129864234e-07
0.000000000000000000e+00,0.000000000000000000e+00
0.000000000000000000e+00,0.000000000000000000e+00
0.000000000000000000e+00,0.000000000000000000e+00
1.315408971692362373e-06,9.735030443568707629e-07
2.311399487446529356e-07,1.702424832805978503e-07
2.794854530175595684e-07,1.354566826882520729e-07
0.000000000000000000e+00,0.000000000000000000e+00
1.607662623277901792e-07,1.292368158918071337e-07
0.000000000000000000e+00,0.000000000000000000e+00
0.000000000000000000e+00,0.000000000000000000e+00
0.000000000000000000e+00,0.000000000000000000e+00
0.000000000000000000e+00,0.000000000000000000e+00
3.213472200070171678e-07,1.481465004871807628e-07
0.000000000000000000e+00,0.000000000000000000e+00
0.000000000000000000e+00,0.000000000000000000e+00
0.000000000000000000e+00,0.000000000000000000e+00
5.020557752391560571e-07,2.206160462325442696e-07
0.000000000000000000e+00,0.000000000000000000e+00
0.000000000000000000e+00,0.000000000000000000e+00
1.305123520757417695e-07,8.843990275972364153e-08
0.000000000000000000e+00,0.000000000000000000e+00
3.165329593964855112e-07,2.979090731663595715e-07
0.000000000000000000e+00,0.000000000000000000e+00
0.000000000000000000e+00,0.000000000000000000e+00
0.000000000000000000e+00,0.000000000000000000e+00
0.000000000000000000e+00,0.000000000000000000e+00
0.000000000000000000e+00,0.000000000000000000e+00
0.000000000000000000e+00,0.000000000000000000e+00
0.000000000000000000e+00,0.000000000000000000e+00
0.000000000000000000e+00,0.000000000000000000e+00
4.374905561373223981e-07,3.432003312742880476e-07
6.091681210614433544e-07,5.462865849519730235e-07
3.270542454168062789e-07,3.898381414025866949e-07
1.419441356623816266e-06,1.273295816208667218e-06
0.000000000000000000e+00,0.000000000000000000e+00
0.000000000000000000e+00,0.000000000000000000e+00
4.551865447046878810e-08,3.378150577669830458e-08
5.726391201573910650e-07,5.449876685262638162e-07
2.497229860388255230e-07,2.827985599943373552e-07
1.004548882101533998e-07,7.616618464053779035e-08
0.000000000000000000e+00,0.000000000000000000e+00
4.075947839789502538e-08,4.305945614698402103e-08
4.701912900884506590e-08,4.532269343912278404e-08
0.000000000000000000e+00,0.000000000000000000e+00
9.989243492219288532e-08,7.560865232733778219e-08
0.000000000000000000e+00,0.000000000000000000e+00
3.000469990518230206e-07,2.717273959093145242e-07
0.000000000000000000e+00,0.000000000000000000e+00
0.000000000000000000e+00,0.000000000000000000e+00
5.822753911877106604e-07,4.441025935568501490e-07
0.000000000000000000e+00,0.000000000000000000e+00
0.000000000000000000e+00,0.000000000000000000e+00
0.000000000000000000e+00,0.000000000000000000e+00
0.000000000000000000e+00,0.000000000000000000e+00
0.000000000000000000e+00,0.000000000000000000e+00
0.000000000000000000e+00,0.000000000000000000e+00
9.691316878156744128e-08,8.966994894578663084e-08
0.000000000000000000e+00,0.000000000000000000e+00
1.394617792228149292e-07,9.522516019795434477e-08
0.000000000000000000e+00,0.000000000000000000e+00
3.561661285877737667e-07,2.490704762178441941e-07
0.000000000000000000e+00,0.000000000000000000e+00
4.677930466730488530e-07,4.493987919008923801e-07
0.000000000000000000e+00,0.000000000000000000e+00
2.366749332957076608e-07,2.054259702529978355e-07
0.000000000000000000e+00,0.000000000000000000e+00
0.000000000000000000e+00,0.000000000000000000e+00
4.005598429786989158e-07,1.616388533532784950e-07
1.429396556564295178e-07,1.322387516534429787e-07
0.000000000000000000e+00,0.000000000000000000e+00
1.588692964198304573e-07,1.328703653167434163e-07
0.000000000000000000e+00,0.000000000000000000e+00
0.000000000000000000e+00,0.000000000000000000e+00
0.000000000000000000e+00,0.000000000000000000e+00
0.000000000000000000e+00,0.000000000000000000e+00
3.212714419256606371e-07,2.692527425257211097e-07
0.000000000000000000e+00,0.000000000000000000e+00
1.027741658639763266e-07,9.871891537308010337e-08
6.360654070656386137e-07,5.772773467451397006e-07
0.000000000000000000e+00,0.000000000000000000e+00
0.000000000000000000e+00,0.000000000000000000e+00
0.000000000000000000e+00,0.000000000000000000e+00
0.000000000000000000e+00,0.000000000000000000e+00
6.534455773145153120e-07,6.932719207487382578e-07
1.277685661370083979e-07,1.209889707720297375e-07
0.000000000000000000e+00,0.000000000000000000e+00
0.000000000000000000e+00,0.000000000000000000e+00
0.000000000000000000e+00,0.000000000000000000e+00
2.226155899950283481e-07,2.216417469089016619e-07
0.000000000000000000e+00,0.000000000000000000e+00
0.000000000000000000e+00,0.000000000000000000e+00
4.953657773019657388e-08,3.847372070420711297e-08
0.000000000000000000e+00,0.000000000000000000e+00
0.000000000000000000e+00,0.000000000000000000e+00
1.902856560513903196e-07,1.350891181874837589e-07
0.000000000000000000e+00,0.000000000000000000e+00
0.000000000000000000e+00,0.000000000000000000e+00
0.000000000000000000e+00,0.000000000000000000e+00
0.000000000000000000e+00,0.000000000000000000e+00
0.000000000000000000e+00,0.000000000000000000e+00
0.000000000000000000e+00,0.000000000000000000e+00
0.000000000000000000e+00,0.000000000000000000e+00
0.000000000000000000e+00,0.000000000000000000e+00
2.712143734019299306e-07,3.237137420340424129e-07
0.000000000000000000e+00,0.000000000000000000e+00
0.000000000000000000e+00,0.000000000000000000e+00
6.178868833615213696e-08,4.321447809445317256e-08
0.000000000000000000e+00,0.000000000000000000e+00
0.000000000000000000e+00,0.000000000000000000e+00
0.000000000000000000e+00,0.000000000000000000e+00
0.000000000000000000e+00,0.000000000000000000e+00
0.000000000000000000e+00,0.000000000000000000e+00
0.000000000000000000e+00,0.000000000000000000e+00
0.000000000000000000e+00,0.000000000000000000e+00
0.000000000000000000e+00,0.000000000000000000e+00
0.000000000000000000e+00,0.000000000000000000e+00
1.670960427342928782e-08,1.453132130790938462e-08
0.000000000000000000e+00,0.000000000000000000e+00
0.000000000000000000e+00,0.000000000000000000e+00
3.903505533823465884e-07,3.069176518359698503e-07
0.000000000000000000e+00,0.000000000000000000e+00
0.000000000000000000e+00,0.000000000000000000e+00
0.000000000000000000e+00,0.000000000000000000e+00
0.000000000000000000e+00,0.000000000000000000e+00
2.458905343456112718e-07,2.387232603485604930e-07
0.000000000000000000e+00,0.000000000000000000e+00
0.000000000000000000e+00,0.000000000000000000e+00
0.000000000000000000e+00,0.000000000000000000e+00
4.158297380101427839e-07,3.337379965643993931e-07
0.000000000000000000e+00,0.000000000000000000e+00
0.000000000000000000e+00,0.000000000000000000e+00
2.896073161438525735e-07,3.145905068903742425e-07
0.000000000000000000e+00,0.000000000000000000e+00
1.966176956574531295e-07,2.100610629715678115e-07
0.000000000000000000e+00,0.000000000000000000e+00
0.000000000000000000e+00,0.000000000000000000e+00
0.000000000000000000e+00,0.000000000000000000e+00
0.000000000000000000e+00,0.000000000000000000e+00
0.000000000000000000e+00,0.000000000000000000e+00
4.491349064294365535e-07,4.538840052689167692e-07
0.000000000000000000e+00,0.000000000000000000e+00
8.736976160558556052e-07,6.324443522036270662e-07
0.000000000000000000e+00,0.000000000000000000e+00
0.000000000000000000e+00,0.000000000000000000e+00
0.000000000000000000e+00,0.000000000000000000e+00
4.019330112273313777e-07,3.758405545055344162e-07
0.000000000000000000e+00,0.000000000000000000e+00
0.000000000000000000e+00,0.000000000000000000e+00
0.000000000000000000e+00,0.000000000000000000e+00
1.707789331295737189e-07,9.878898815772195013e-08
1.360775427217046179e-07,7.943406418896591924e-08
0.000000000000000000e+00,0.000000000000000000e+00
4.858852382632454548e-07,5.047229129186948042e-07
0.000000000000000000e+00,0.000000000000000000e+00
0.000000000000000000e+00,0.000000000000000000e+00
4.415263273414167737e-07,3.327555089325033170e-07
2.693943069386090227e-07,2.462753880614934848e-07
5.379857042977508172e-07,4.037347927857500027e-07
3.309213284178997463e-07,1.686621650655198462e-07
3.741945525284656419e-07,2.797032718200290641e-07
0.000000000000000000e+00,0.000000000000000000e+00
0.000000000000000000e+00,0.000000000000000000e+00
7.614243380408298050e-08,7.726091076498521716e-08
3.237518084179499497e-07,3.103505371432408009e-07
0.000000000000000000e+00,0.000000000000000000e+00
0.000000000000000000e+00,0.000000000000000000e+00
0.000000000000000000e+00,0.000000000000000000e+00
2.852845633233799801e-07,1.114895874882443476e-07
0.000000000000000000e+00,0.000000000000000000e+00
7.636772844608722819e-07,5.361608289130275513e-07
0.000000000000000000e+00,0.000000000000000000e+00
0.000000000000000000e+00,0.000000000000000000e+00
0.000000000000000000e+00,0.000000000000000000e+00
0.000000000000000000e+00,0.000000000000000000e+00
0.000000000000000000e+00,0.000000000000000000e+00
0.000000000000000000e+00,0.000000000000000000e+00
1.694983888364413608e-07,1.620001729539850546e-07
0.000000000000000000e+00,0.000000000000000000e+00
7.588060982827390785e-08,3.230865833953515388e-08
0.000000000000000000e+00,0.000000000000000000e+00
1.162941607867450427e-06,1.084416178991015814e-06
0.000000000000000000e+00,0.000000000000000000e+00
2.683675276323459248e-07,1.322798184947515397e-07
0.000000000000000000e+00,0.000000000000000000e+00
0.000000000000000000e+00,0.000000000000000000e+00
6.540723642461821113e-07,7.701972417680708405e-07
0.000000000000000000e+00,0.000000000000000000e+00
0.000000000000000000e+00,0.000000000000000000e+00
8.336573090580176220e-07,8.441777576258821696e-07
0.000000000000000000e+00,0.000000000000000000e+00
7.130482270844466667e-07,5.568907063918944829e-07
9.167861799959042837e-07,1.007133896519528496e-06
0.000000000000000000e+00,0.000000000000000000e+00
0.000000000000000000e+00,0.000000000000000000e+00
1.162616122327943607e-07,2.335180196555946898e-07
2.683377275972009429e-07,2.649731567091982237e-07
1.541170742461824724e-06,1.498503380268282979e-06
0.000000000000000000e+00,0.000000000000000000e+00
0.000000000000000000e+00,0.000000000000000000e+00
0.000000000000000000e+00,0.000000000000000000e+00
0.000000000000000000e+00,0.000000000000000000e+00
5.736404452219490686e-07,4.389694399084542667e-07
8.900738674888677395e-07,8.655068286961786099e-07
7.359301452658876352e-08,6.456454132200698515e-08
0.000000000000000000e+00,0.000000000000000000e+00
0.000000000000000000e+00,0.000000000000000000e+00
0.000000000000000000e+00,0.000000000000000000e+00
4.961691158435990702e-07,4.329777269814926113e-07
0.000000000000000000e+00,0.000000000000000000e+00
6.319676828136212257e-07,6.086686139202549831e-07
0.000000000000000000e+00,0.000000000000000000e+00
0.000000000000000000e+00,0.000000000000000000e+00
0.000000000000000000e+00,0.000000000000000000e+00
0.000000000000000000e+00,0.000000000000000000e+00
0.000000000000000000e+00,0.000000000000000000e+00
0.000000000000000000e+00,0.000000000000000000e+00
4.492438792277961244e-07,3.295481294834474680e-07
0.000000000000000000e+00,0.000000000000000000e+00
0.000000000000000000e+00,0.000000000000000000e+00
0.000000000000000000e+00,0.000000000000000000e+00
0.000000000000000000e+00,0.000000000000000000e+00
0.000000000000000000e+00,0.000000000000000000e+00
0.000000000000000000e+00,0.000000000000000000e+00
0.000000000000000000e+00,0.000000000000000000e+00
9.694606797755093545e-08,2.417870835447707188e-08
0.000000000000000000e+00,0.000000000000000000e+00
1.148139968144745463e-07,8.125192829756887703e-08
2.714274142427442162e-07,1.259535095692485019e-07
0.000000000000000000e+00,0.000000000000000000e+00
4.704203733080120065e-08,3.063002867211139839e-08
0.000000000000000000e+00,0.000000000000000000e+00
2.923079982655875433e-07,2.580455530337649300e-07
0.000000000000000000e+00,0.000000000000000000e+00
3.074018114754937154e-07,2.743521796466988371e-07
0.000000000000000000e+00,0.000000000000000000e+00
0.000000000000000000e+00,0.000000000000000000e+00
0.000000000000000000e+00,0.000000000000000000e+00
0.000000000000000000e+00,0.000000000000000000e+00
0.000000000000000000e+00,0.000000000000000000e+00
5.755928849645048371e-07,4.478694311571310705e-07
0.000000000000000000e+00,0.000000000000000000e+00
0.000000000000000000e+00,0.000000000000000000e+00
0.000000000000000000e+00,0.000000000000000000e+00
0.000000000000000000e+00,0.000000000000000000e+00
0.000000000000000000e+00,0.000000000000000000e+00
0.000000000000000000e+00,0.000000000000000000e+00
0.000000000000000000e+00,0.000000000000000000e+00
0.000000000000000000e+00,0.000000000000000000e+00
0.000000000000000000e+00,0.000000000000000000e+00
0.000000000000000000e+00,0.000000000000000000e+00
5.433709124617787525e-08,6.420769568205867642e-08
0.000000000000000000e+00,0.000000000000000000e+00
0.000000000000000000e+00,0.000000000000000000e+00
1.146248690809786893e-07,9.867780740819599674e-08
0.000000000000000000e+00,0.000000000000000000e+00
0.000000000000000000e+00,0.000000000000000000e+00
4.052788058982671310e-08,8.104717652359759948e-08
0.000000000000000000e+00,0.000000000000000000e+00
0.000000000000000000e+00,0.000000000000000000e+00
0.000000000000000000e+00,0.000000000000000000e+00
0.000000000000000000e+00,0.000000000000000000e+00
0.000000000000000000e+00,0.000000000000000000e+00
4.230261005312523786e-07,3.591543972644262677e-07
0.000000000000000000e+00,0.000000000000000000e+00
0.000000000000000000e+00,0.000000000000000000e+00
0.000000000000000000e+00,0.000000000000000000e+00
0.000000000000000000e+00,0.000000000000000000e+00
0.000000000000000000e+00,0.000000000000000000e+00
7.934345080981777618e-08,7.772007403819917509e-08
0.000000000000000000e+00,0.000000000000000000e+00
0.000000000000000000e+00,0.000000000000000000e+00
0.000000000000000000e+00,0.000000000000000000e+00
0.000000000000000000e+00,0.000000000000000000e+00
0.000000000000000000e+00,0.000000000000000000e+00
5.141591628951616477e-07,4.921096145517686505e-07
0.000000000000000000e+00,0.000000000000000000e+00
0.000000000000000000e+00,0.000000000000000000e+00
0.000000000000000000e+00,0.000000000000000000e+00
0.000000000000000000e+00,0.000000000000000000e+00
0.000000000000000000e+00,0.000000000000000000e+00
0.000000000000000000e+00,0.000000000000000000e+00
0.000000000000000000e+00,0.000000000000000000e+00
1.108934152677458663e-07,7.970395355873051199e-08
8.760884163429943750e-08,5.717458841497698041e-08
0.000000000000000000e+00,0.000000000000000000e+00
0.000000000000000000e+00,0.000000000000000000e+00
0.000000000000000000e+00,0.000000000000000000e+00
0.000000000000000000e+00,0.000000000000000000e+00
0.000000000000000000e+00,0.000000000000000000e+00
5.517008091942333568e-07,5.250496170075079348e-07
0.000000000000000000e+00,0.000000000000000000e+00
0.000000000000000000e+00,0.000000000000000000e+00
0.000000000000000000e+00,0.000000000000000000e+00
0.000000000000000000e+00,0.000000000000000000e+00
0.000000000000000000e+00,0.000000000000000000e+00
0.000000000000000000e+00,0.000000000000000000e+00
0.000000000000000000e+00,0.000000000000000000e+00
0.000000000000000000e+00,0.000000000000000000e+00
5.208563065389051122e-08,3.869330399097581561e-08
0.000000000000000000e+00,0.000000000000000000e+00
3.672147850633670218e-07,2.754457482555275288e-07
0.000000000000000000e+00,0.000000000000000000e+00
0.000000000000000000e+00,0.000000000000000000e+00
0.000000000000000000e+00,0.000000000000000000e+00
0.000000000000000000e+00,0.000000000000000000e+00
2.603841238425160186e-07,1.281543208531849145e-07
0.000000000000000000e+00,0.000000000000000000e+00
0.000000000000000000e+00,0.000000000000000000e+00
0.000000000000000000e+00,0.000000000000000000e+00
0.000000000000000000e+00,0.000000000000000000e+00
0.000000000000000000e+00,0.000000000000000000e+00
0.000000000000000000e+00,0.000000000000000000e+00
0.000000000000000000e+00,0.000000000000000000e+00
5.360744478860328787e-07,4.737820686989404419e-07
0.000000000000000000e+00,0.000000000000000000e+00
0.000000000000000000e+00,0.000000000000000000e+00
0.000000000000000000e+00,0.000000000000000000e+00
0.000000000000000000e+00,0.000000000000000000e+00
0.000000000000000000e+00,0.000000000000000000e+00
0.000000000000000000e+00,0.000000000000000000e+00
1.484663146078426236e-07,1.419317688759278174e-07
5.331179975609632249e-07,3.385019225205711540e-07
0.000000000000000000e+00,0.000000000000000000e+00
0.000000000000000000e+00,0.000000000000000000e+00
0.000000000000000000e+00,0.000000000000000000e+00
0.000000000000000000e+00,0.000000000000000000e+00
0.000000000000000000e+00,0.000000000000000000e+00
0.000000000000000000e+00,0.000000000000000000e+00
8.223011047753105707e-07,6.803254571030436647e-07
5.592981066642742571e-07,4.860001430898799103e-07
3.173505785252651932e-08,5.677715652251104345e-08
2.088867872808010880e-07,1.573813244167277781e-07
0.000000000000000000e+00,0.000000000000000000e+00
0.000000000000000000e+00,0.000000000000000000e+00
0.000000000000000000e+00,0.000000000000000000e+00
0.000000000000000000e+00,0.000000000000000000e+00
5.354673791697890627e-07,4.111645765337867829e-07
0.000000000000000000e+00,0.000000000000000000e+00
4.658298988840800344e-07,4.189600158332516044e-07
0.000000000000000000e+00,0.000000000000000000e+00
0.000000000000000000e+00,0.000000000000000000e+00
2.328319397275804638e-07,1.304843703597024518e-07
0.000000000000000000e+00,0.000000000000000000e+00
3.700718527156983836e-08,2.689524759432463090e-08
1.581163258859129496e-07,9.152001127089788046e-08
1.290826824044149837e-07,1.164306604292204891e-07
2.409220322813306398e-07,2.036014751318357817e-07
0.000000000000000000e+00,0.000000000000000000e+00
0.000000000000000000e+00,0.000000000000000000e+00
0.000000000000000000e+00,0.000000000000000000e+00
2.881078808368425482e-07,2.736350883737077365e-07
1.324465801524929520e-06,1.056114472976621704e-06
1.128924678406493073e-06,1.150216520950373522e-06
0.000000000000000000e+00,0.000000000000000000e+00
3.968713912719024957e-07,2.867315209955038291e-07
4.211479075090969905e-07,4.023822363747679725e-07
1.473860877897046109e-07,1.002686939638401878e-07
3.488906848435589366e-07,3.220864354301080636e-07
0.000000000000000000e+00,0.000000000000000000e+00
0.000000000000000000e+00,0.000000000000000000e+00
0.000000000000000000e+00,0.000000000000000000e+00
0.000000000000000000e+00,0.000000000000000000e+00
0.000000000000000000e+00,0.000000000000000000e+00
2.588998784146189249e-07,2.822807826441684389e-07
1.175226422920100670e-06,8.858435848808085722e-07
0.000000000000000000e+00,0.000000000000000000e+00
0.000000000000000000e+00,0.000000000000000000e+00
0.000000000000000000e+00,0.000000000000000000e+00
0.000000000000000000e+00,0.000000000000000000e+00
0.000000000000000000e+00,0.000000000000000000e+00
0.000000000000000000e+00,0.000000000000000000e+00
1.476153727930387249e-06,1.534924974160113659e-06
0.000000000000000000e+00,0.000000000000000000e+00
0.000000000000000000e+00,0.000000000000000000e+00
0.000000000000000000e+00,0.000000000000000000e+00
3.509558439074084192e-07,3.565741354757971344e-07
0.000000000000000000e+00,0.000000000000000000e+00
3.554138658397965020e-07,3.238942254625608782e-07
0.000000000000000000e+00,0.000000000000000000e+00
0.000000000000000000e+00,0.000000000000000000e+00
0.000000000000000000e+00,0.000000000000000000e+00
6.719982857051917825e-07,5.553695373746752211e-07
0.000000000000000000e+00,0.000000000000000000e+00
0.000000000000000000e+00,0.000000000000000000e+00
0.000000000000000000e+00,0.000000000000000000e+00
6.233036323709386199e-08,4.954666608565529323e-08
0.000000000000000000e+00,0.000000000000000000e+00
6.295646616224102925e-08,4.371611522565928437e-08
0.000000000000000000e+00,0.000000000000000000e+00
0.000000000000000000e+00,0.000000000000000000e+00
0.000000000000000000e+00,0.000000000000000000e+00
0.000000000000000000e+00,0.000000000000000000e+00
0.000000000000000000e+00,0.000000000000000000e+00
3.426679882289543203e-07,3.654080882906091033e-07
0.000000000000000000e+00,0.000000000000000000e+00
0.000000000000000000e+00,0.000000000000000000e+00
3.572523107104009358e-07,3.760499606890048652e-07
1.840340904985386071e-09,1.579828050003028837e-09
1.795510545205220235e-07,8.838324705550376686e-08
2.075946877426859823e-07,1.237096964142760817e-07
0.000000000000000000e+00,0.000000000000000000e+00
0.000000000000000000e+00,0.000000000000000000e+00
1.082238102453051380e-06,1.113334753660098031e-06
1.625928083685081925e-07,1.578271439139162738e-07
4.728106756083638616e-07,5.233320498571710148e-07
1.332653830504232713e-07,1.202135279276916846e-07
0.000000000000000000e+00,0.000000000000000000e+00
9.533179989802792830e-07,6.765513417253836641e-07
0.000000000000000000e+00,0.000000000000000000e+00
0.000000000000000000e+00,0.000000000000000000e+00
0.000000000000000000e+00,0.000000000000000000e+00
0.000000000000000000e+00,0.000000000000000000e+00
9.057090063331035640e-07,6.725679216104835605e-07
5.240269384073815660e-08,4.307036816271668954e-08
4.293480875622512181e-07,1.245921078055330172e-07
7.340082302786899112e-07,5.806726099435253115e-07
0.000000000000000000e+00,0.000000000000000000e+00
8.011968618114424720e-08,5.470920058278070509e-08
7.083313822500676587e-08,5.738825129241084930e-08
5.019068508842028515e-07,5.202535003267401078e-07
0.000000000000000000e+00,0.000000000000000000e+00
6.196341894925724218e-08,4.242052548448469147e-08
1.922019844189283718e-07,1.440222173168958677e-07
0.000000000000000000e+00,0.000000000000000000e+00
0.000000000000000000e+00,0.000000000000000000e+00
0.000000000000000000e+00,0.000000000000000000e+00
1.184412948489314816e-07,1.009580740451043723e-07
0.000000000000000000e+00,0.000000000000000000e+00
0.000000000000000000e+00,0.000000000000000000e+00
6.430989137724072095e-08,3.699519474632486940e-08
0.000000000000000000e+00,0.000000000000000000e+00
0.000000000000000000e+00,0.000000000000000000e+00
3.273166375007842208e-07,3.167879665843994763e-07
0.000000000000000000e+00,0.000000000000000000e+00
0.000000000000000000e+00,0.000000000000000000e+00
0.000000000000000000e+00,0.000000000000000000e+00
4.727679241338262865e-07,1.496219424670067610e-07
0.000000000000000000e+00,0.000000000000000000e+00
0.000000000000000000e+00,0.000000000000000000e+00
0.000000000000000000e+00,0.000000000000000000e+00
0.000000000000000000e+00,0.000000000000000000e+00
3.058680618353312724e-07,2.954094208448437740e-07
0.000000000000000000e+00,0.000000000000000000e+00
0.000000000000000000e+00,0.000000000000000000e+00
0.000000000000000000e+00,0.000000000000000000e+00
0.000000000000000000e+00,0.000000000000000000e+00
1.565047509001559988e-07,3.317255513744539177e-07
0.000000000000000000e+00,0.000000000000000000e+00
0.000000000000000000e+00,0.000000000000000000e+00
0.000000000000000000e+00,0.000000000000000000e+00
0.000000000000000000e+00,0.000000000000000000e+00
0.000000000000000000e+00,0.000000000000000000e+00
0.000000000000000000e+00,0.000000000000000000e+00
2.166936294005984079e-07,2.428031461726941963e-07
0.000000000000000000e+00,0.000000000000000000e+00
0.000000000000000000e+00,0.000000000000000000e+00
1.544328874414268042e-07,1.461362332884684561e-07
0.000000000000000000e+00,0.000000000000000000e+00
0.000000000000000000e+00,0.000000000000000000e+00
0.000000000000000000e+00,0.000000000000000000e+00
7.314298699949616732e-07,5.359525754957289458e-07
0.000000000000000000e+00,0.000000000000000000e+00
0.000000000000000000e+00,0.000000000000000000e+00
0.000000000000000000e+00,0.000000000000000000e+00
0.000000000000000000e+00,0.000000000000000000e+00
0.000000000000000000e+00,0.000000000000000000e+00
0.000000000000000000e+00,0.000000000000000000e+00
0.000000000000000000e+00,0.000000000000000000e+00
1.026449978552606475e-06,1.009882047821329152e-06
0.000000000000000000e+00,0.000000000000000000e+00
0.000000000000000000e+00,0.000000000000000000e+00
0.000000000000000000e+00,0.000000000000000000e+00
1.354778478925463483e-07,1.216384417645107147e-07
6.578096387514089586e-07,5.787252631510165680e-07
1.064187160476877773e-06,1.080633581038037314e-06
3.307611893408661257e-07,3.511653109866182275e-07
0.000000000000000000e+00,0.000000000000000000e+00
0.000000000000000000e+00,0.000000000000000000e+00
0.000000000000000000e+00,0.000000000000000000e+00
0.000000000000000000e+00,0.000000000000000000e+00
6.628268784479895228e-08,4.198867682058614567e-08
0.000000000000000000e+00,0.000000000000000000e+00
0.000000000000000000e+00,0.000000000000000000e+00
0.000000000000000000e+00,0.000000000000000000e+00
0.000000000000000000e+00,0.000000000000000000e+00
0.000000000000000000e+00,0.000000000000000000e+00
3.569923930339997645e-07,3.925693476201953412e-07
0.000000000000000000e+00,0.000000000000000000e+00
8.602118375069657010e-08,5.630444465518301057e-08
0.000000000000000000e+00,0.000000000000000000e+00
7.138038385826613633e-07,4.744878202486109354e-07
0.000000000000000000e+00,0.000000000000000000e+00
1.922992073510436498e-07,2.557429905390103483e-07
0.000000000000000000e+00,0.000000000000000000e+00
1.707281888302157820e-07,7.663964996337564960e-08
6.192507262540936080e-08,5.155317896004877712e-08
5.824843680357473063e-07,5.400638565844746422e-07
2.728443962319398143e-07,3.218386073770408392e-07
4.231332342336188698e-07,3.452717330914851771e-07
0.000000000000000000e+00,0.000000000000000000e+00
2.019582187404410615e-07,1.766372909630397096e-07
0.000000000000000000e+00,0.000000000000000000e+00
0.000000000000000000e+00,0.000000000000000000e+00
0.000000000000000000e+00,0.000000000000000000e+00
0.000000000000000000e+00,0.000000000000000000e+00
3.378965600621593442e-08,2.899316603559988844e-08
1.410313454447066282e-06,1.157620142999088435e-06
0.000000000000000000e+00,0.000000000000000000e+00
8.971000438168968947e-07,7.541244281477105826e-07
0.000000000000000000e+00,0.000000000000000000e+00
0.000000000000000000e+00,0.000000000000000000e+00
3.860730944153659676e-07,3.250610481881306931e-07
6.191541689290571965e-07,5.866551239901980101e-07
0.000000000000000000e+00,0.000000000000000000e+00
0.000000000000000000e+00,0.000000000000000000e+00
0.000000000000000000e+00,0.000000000000000000e+00
0.000000000000000000e+00,0.000000000000000000e+00
0.000000000000000000e+00,0.000000000000000000e+00
0.000000000000000000e+00,0.000000000000000000e+00
0.000000000000000000e+00,0.000000000000000000e+00
0.000000000000000000e+00,0.000000000000000000e+00
0.000000000000000000e+00,0.000000000000000000e+00
8.110875564086160200e-07,9.242265324145368436e-07
0.000000000000000000e+00,0.000000000000000000e+00
6.174170453024929423e-07,4.547683767127829635e-07
0.000000000000000000e+00,0.000000000000000000e+00
0.000000000000000000e+00,0.000000000000000000e+00
0.000000000000000000e+00,0.000000000000000000e+00
1.319253606511128760e-06,1.371678513230957314e-06
0.000000000000000000e+00,0.000000000000000000e+00
5.860784530169287121e-08,7.475431632911603177e-08
0.000000000000000000e+00,0.000000000000000000e+00
0.000000000000000000e+00,0.000000000000000000e+00
0.000000000000000000e+00,0.000000000000000000e+00
0.000000000000000000e+00,0.000000000000000000e+00
0.000000000000000000e+00,0.000000000000000000e+00
0.000000000000000000e+00,0.000000000000000000e+00
0.000000000000000000e+00,0.000000000000000000e+00
9.930916778393366497e-07,7.602926143485020117e-07
0.000000000000000000e+00,0.000000000000000000e+00
0.000000000000000000e+00,0.000000000000000000e+00
1.386156808661849238e-07,1.383660330489308404e-07
1.644362678228704258e-07,1.534952022029087846e-07
0.000000000000000000e+00,0.000000000000000000e+00
0.000000000000000000e+00,0.000000000000000000e+00
2.518045948324912512e-07,3.079204104934913200e-07
6.614911175568724985e-07,5.980968811347816334e-07
2.849849370561354314e-07,2.436369880027501134e-07
0.000000000000000000e+00,0.000000000000000000e+00
5.148166220970393920e-08,2.425155815080784938e-08
0.000000000000000000e+00,0.000000000000000000e+00
3.762255800299980774e-07,3.715507995637042927e-07
0.000000000000000000e+00,0.000000000000000000e+00
0.000000000000000000e+00,0.000000000000000000e+00
0.000000000000000000e+00,0.000000000000000000e+00
0.000000000000000000e+00,0.000000000000000000e+00
5.572324260291814827e-07,1.748357089332985323e-07
0.000000000000000000e+00,0.000000000000000000e+00
0.000000000000000000e+00,0.000000000000000000e+00
0.000000000000000000e+00,0.000000000000000000e+00
0.000000000000000000e+00,0.000000000000000000e+00
5.980349068736079949e-07,5.868049433510033306e-07
0.000000000000000000e+00,0.000000000000000000e+00
0.000000000000000000e+00,0.000000000000000000e+00
3.369491634326508149e-07,3.539701613183508093e-07
0.000000000000000000e+00,0.000000000000000000e+00
3.207212826567807919e-07,3.434849592605427207e-07
6.831351066686567517e-07,4.334174413623019923e-07
0.000000000000000000e+00,0.000000000000000000e+00
0.000000000000000000e+00,0.000000000000000000e+00
2.295790931097724132e-07,1.982078559707066932e-07
1.037578388797803558e-07,3.665833119327571260e-08
0.000000000000000000e+00,0.000000000000000000e+00
0.000000000000000000e+00,0.000000000000000000e+00
2.719477467755371985e-07,2.549023148261323722e-07
2.192444924431868144e-07,1.873147656488423267e-07
0.000000000000000000e+00,0.000000000000000000e+00
0.000000000000000000e+00,0.000000000000000000e+00
1.323505857150073463e-07,1.247871890253338439e-07
0.000000000000000000e+00,0.000000000000000000e+00
3.193959697274800438e-09,2.453042944042774423e-09
0.000000000000000000e+00,0.000000000000000000e+00
0.000000000000000000e+00,0.000000000000000000e+00
0.000000000000000000e+00,0.000000000000000000e+00
0.000000000000000000e+00,0.000000000000000000e+00
0.000000000000000000e+00,0.000000000000000000e+00
0.000000000000000000e+00,0.000000000000000000e+00
0.000000000000000000e+00,0.000000000000000000e+00
0.000000000000000000e+00,0.000000000000000000e+00
4.631073372545404124e-08,2.671814576846449841e-08
0.000000000000000000e+00,0.000000000000000000e+00
3.839794618948540235e-07,1.810277974501033055e-07
0.000000000000000000e+00,0.000000000000000000e+00
5.509032292988687496e-07,5.013249959969228447e-07
0.000000000000000000e+00,0.000000000000000000e+00
1.557451089911194045e-06,8.011981113796152632e-07
0.000000000000000000e+00,0.000000000000000000e+00
1.145165548018141223e-07,8.010233052153392606e-08
1.413717952040001308e-07,1.003462468644213389e-07
6.589409622562801864e-07,4.208697636780440740e-07
1.372263231722399356e-07,1.201600574245231792e-07
0.000000000000000000e+00,0.000000000000000000e+00
0.000000000000000000e+00,0.000000000000000000e+00
3.338414037702686119e-07,2.609086413151881779e-07
0.000000000000000000e+00,0.000000000000000000e+00
3.548988126185163886e-07,2.476935030112171164e-07
0.000000000000000000e+00,0.000000000000000000e+00
0.000000000000000000e+00,0.000000000000000000e+00
0.000000000000000000e+00,0.000000000000000000e+00
1.828930418195703376e-08,1.415187329601796005e-08
1.208081046265550531e-06,1.322993075663296520e-06
1.235226096617691051e-07,1.226946629652413905e-07
4.864863255017923438e-07,4.642701199231216215e-07
4.175522925632268087e-07,3.295526735789984151e-07
0.000000000000000000e+00,0.000000000000000000e+00
0.000000000000000000e+00,0.000000000000000000e+00
4.900020417012706067e-07,2.680221333470495640e-07
0.000000000000000000e+00,0.000000000000000000e+00
0.000000000000000000e+00,0.000000000000000000e+00
1.847891081699683800e-07,9.543904004255693176e-08
0.000000000000000000e+00,0.000000000000000000e+00
0.000000000000000000e+00,0.000000000000000000e+00
1.901455762457273662e-07,1.888858872381324623e-07
0.000000000000000000e+00,0.000000000000000000e+00
3.302849065928996363e-07,3.149901871231626473e-07
0.000000000000000000e+00,0.000000000000000000e+00
0.000000000000000000e+00,0.000000000000000000e+00
1.474450110729071115e-07,1.278827318778549787e-07
0.000000000000000000e+00,0.000000000000000000e+00
2.372710388318604826e-07,1.953871045796903781e-07
0.000000000000000000e+00,0.000000000000000000e+00
4.484158481234924286e-08,3.085856625863266875e-08
0.000000000000000000e+00,0.000000000000000000e+00
0.000000000000000000e+00,0.000000000000000000e+00
0.000000000000000000e+00,0.000000000000000000e+00
0.000000000000000000e+00,0.000000000000000000e+00
0.000000000000000000e+00,0.000000000000000000e+00
0.000000000000000000e+00,0.000000000000000000e+00
0.000000000000000000e+00,0.000000000000000000e+00
0.000000000000000000e+00,0.000000000000000000e+00
0.000000000000000000e+00,0.000000000000000000e+00
0.000000000000000000e+00,0.000000000000000000e+00
0.000000000000000000e+00,0.000000000000000000e+00
9.968741267651571450e-07,6.340733803514147972e-07
0.000000000000000000e+00,0.000000000000000000e+00
5.316275271342863062e-07,4.777410557969908269e-07
0.000000000000000000e+00,0.000000000000000000e+00
4.323425967227250513e-07,3.669086922291314793e-07
0.000000000000000000e+00,0.000000000000000000e+00
1.652493796023590081e-07,1.145255023614756473e-07
7.135217452893831185e-08,6.891058982474735702e-08
2.174182058467193838e-07,2.374206921692198319e-07
0.000000000000000000e+00,0.000000000000000000e+00
0.000000000000000000e+00,0.000000000000000000e+00
2.354091534418634716e-09,1.805496362884340681e-09
0.000000000000000000e+00,0.000000000000000000e+00
0.000000000000000000e+00,0.000000000000000000e+00
5.526431817913967021e-07,5.398031854293216296e-07
7.343196842947006482e-08,6.951440063705540340e-08
0.000000000000000000e+00,0.000000000000000000e+00
0.000000000000000000e+00,0.000000000000000000e+00
0.000000000000000000e+00,0.000000000000000000e+00
0.000000000000000000e+00,0.000000000000000000e+00
0.000000000000000000e+00,0.000000000000000000e+00
2.220836240557959441e-07,1.756560737108862396e-07
0.000000000000000000e+00,0.000000000000000000e+00
3.767622398330133501e-07,3.706121422714985136e-07
0.000000000000000000e+00,0.000000000000000000e+00
0.000000000000000000e+00,0.000000000000000000e+00
0.000000000000000000e+00,0.000000000000000000e+00
1.016434868649112880e-06,7.598472739340341089e-07
0.000000000000000000e+00,0.000000000000000000e+00
0.000000000000000000e+00,0.000000000000000000e+00
0.000000000000000000e+00,0.000000000000000000e+00
0.000000000000000000e+00,0.000000000000000000e+00
0.000000000000000000e+00,0.000000000000000000e+00
0.000000000000000000e+00,0.000000000000000000e+00
0.000000000000000000e+00,0.000000000000000000e+00
0.000000000000000000e+00,0.000000000000000000e+00
0.000000000000000000e+00,0.000000000000000000e+00
0.000000000000000000e+00,0.000000000000000000e+00
0.000000000000000000e+00,0.000000000000000000e+00
0.000000000000000000e+00,0.000000000000000000e+00
0.000000000000000000e+00,0.000000000000000000e+00
0.000000000000000000e+00,0.000000000000000000e+00
4.701806770516968159e-07,5.246523401492874867e-07
0.000000000000000000e+00,0.000000000000000000e+00
0.000000000000000000e+00,0.000000000000000000e+00
7.377527980185623404e-07,5.425047825151441333e-07
0.000000000000000000e+00,0.000000000000000000e+00
0.000000000000000000e+00,0.000000000000000000e+00
0.000000000000000000e+00,0.000000000000000000e+00
0.000000000000000000e+00,0.000000000000000000e+00
1.848579085392204435e-07,2.003688175766562291e-07
0.000000000000000000e+00,0.000000000000000000e+00
0.000000000000000000e+00,0.000000000000000000e+00
3.249098122102991385e-07,3.187058365521659644e-07
0.000000000000000000e+00,0.000000000000000000e+00
0.000000000000000000e+00,0.000000000000000000e+00
0.000000000000000000e+00,0.000000000000000000e+00
0.000000000000000000e+00,0.000000000000000000e+00
0.000000000000000000e+00,0.000000000000000000e+00
0.000000000000000000e+00,0.000000000000000000e+00
0.000000000000000000e+00,0.000000000000000000e+00
0.000000000000000000e+00,0.000000000000000000e+00
0.000000000000000000e+00,0.000000000000000000e+00
0.000000000000000000e+00,0.000000000000000000e+00
0.000000000000000000e+00,0.000000000000000000e+00
0.000000000000000000e+00,0.000000000000000000e+00
0.000000000000000000e+00,0.000000000000000000e+00
0.000000000000000000e+00,0.000000000000000000e+00
0.000000000000000000e+00,0.000000000000000000e+00
0.000000000000000000e+00,0.000000000000000000e+00
0.000000000000000000e+00,0.000000000000000000e+00
5.188883248953136314e-07,5.333731465419898548e-07
0.000000000000000000e+00,0.000000000000000000e+00
0.000000000000000000e+00,0.000000000000000000e+00
0.000000000000000000e+00,0.000000000000000000e+00
0.000000000000000000e+00,0.000000000000000000e+00
0.000000000000000000e+00,0.000000000000000000e+00
0.000000000000000000e+00,0.000000000000000000e+00
0.000000000000000000e+00,0.000000000000000000e+00
0.000000000000000000e+00,0.000000000000000000e+00
0.000000000000000000e+00,0.000000000000000000e+00
9.620075842649756432e-08,8.619102633492962120e-08
4.429936566019958438e-07,5.062696502381126552e-07
2.443685539260502181e-07,1.132289510820601105e-07
0.000000000000000000e+00,0.000000000000000000e+00
0.000000000000000000e+00,0.000000000000000000e+00
0.000000000000000000e+00,0.000000000000000000e+00
0.000000000000000000e+00,0.000000000000000000e+00
1.102949877337206189e-06,1.050655550514440660e-06
0.000000000000000000e+00,0.000000000000000000e+00
0.000000000000000000e+00,0.000000000000000000e+00
0.000000000000000000e+00,0.000000000000000000e+00
0.000000000000000000e+00,0.000000000000000000e+00
1.137901582408304569e-06,9.258496818851246572e-07
0.000000000000000000e+00,0.000000000000000000e+00
3.026804840011114561e-08,2.923440973962847167e-08
1.028968702465385509e-07,6.674482457355000667e-08
0.000000000000000000e+00,0.000000000000000000e+00
7.342829613508929562e-07,5.096140653745806777e-07
4.026355730261852485e-08,2.423471768992939299e-08
0.000000000000000000e+00,0.000000000000000000e+00
0.000000000000000000e+00,0.000000000000000000e+00
0.000000000000000000e+00,0.000000000000000000e+00
0.000000000000000000e+00,0.000000000000000000e+00
5.789560850758729798e-08,3.839263898533039436e-08
0.000000000000000000e+00,0.000000000000000000e+00
0.000000000000000000e+00,0.000000000000000000e+00
0.000000000000000000e+00,0.000000000000000000e+00
2.638414154577598020e-07,2.355629046395673665e-07
0.000000000000000000e+00,0.000000000000000000e+00
0.000000000000000000e+00,0.000000000000000000e+00
0.000000000000000000e+00,0.000000000000000000e+00
5.300917846739202481e-08,5.408781888474439846e-08
0.000000000000000000e+00,0.000000000000000000e+00
0.000000000000000000e+00,0.000000000000000000e+00
0.000000000000000000e+00,0.000000000000000000e+00
0.000000000000000000e+00,0.000000000000000000e+00
1.402925918811083379e-07,1.276162710709578820e-07
0.000000000000000000e+00,0.000000000000000000e+00
0.000000000000000000e+00,0.000000000000000000e+00
3.329569959158577524e-07,3.082765975555017253e-07
0.000000000000000000e+00,0.000000000000000000e+00
3.151338743087822222e-08,2.348354484544496622e-08
0.000000000000000000e+00,0.000000000000000000e+00
0.000000000000000000e+00,0.000000000000000000e+00
0.000000000000000000e+00,0.000000000000000000e+00
0.000000000000000000e+00,0.000000000000000000e+00
0.000000000000000000e+00,0.000000000000000000e+00
0.000000000000000000e+00,0.000000000000000000e+00
0.000000000000000000e+00,0.000000000000000000e+00
0.000000000000000000e+00,0.000000000000000000e+00
9.759526754132800968e-07,9.665450777883885335e-07
2.171558263141982359e-07,1.496927753270478319e-07
0.000000000000000000e+00,0.000000000000000000e+00
0.000000000000000000e+00,0.000000000000000000e+00
0.000000000000000000e+00,0.000000000000000000e+00
7.631511546027812610e-07,5.548048618580832557e-07
0.000000000000000000e+00,0.000000000000000000e+00
0.000000000000000000e+00,0.000000000000000000e+00
0.000000000000000000e+00,0.000000000000000000e+00
0.000000000000000000e+00,0.000000000000000000e+00
0.000000000000000000e+00,0.000000000000000000e+00
0.000000000000000000e+00,0.000000000000000000e+00
4.639097458299413091e-07,4.170069511774659002e-07
0.000000000000000000e+00,0.000000000000000000e+00
0.000000000000000000e+00,0.000000000000000000e+00
0.000000000000000000e+00,0.000000000000000000e+00
0.000000000000000000e+00,0.000000000000000000e+00
7.495591062095582634e-07,3.791442188712828588e-07
2.091387032305465315e-08,3.003611126356604493e-08
0.000000000000000000e+00,0.000000000000000000e+00
9.419622234628624935e-08,4.862266083732824809e-08
0.000000000000000000e+00,0.000000000000000000e+00
0.000000000000000000e+00,0.000000000000000000e+00
2.858928562394991596e-07,2.224745645096432522e-07
0.000000000000000000e+00,0.000000000000000000e+00
1.119944154817630782e-07,1.108383918803161856e-07
0.000000000000000000e+00,0.000000000000000000e+00
0.000000000000000000e+00,0.000000000000000000e+00
2.159630990259475852e-07,1.552412486150188769e-07
0.000000000000000000e+00,0.000000000000000000e+00
0.000000000000000000e+00,0.000000000000000000e+00
1.573168579217763943e-07,1.560050722856625723e-07
0.000000000000000000e+00,0.000000000000000000e+00
0.000000000000000000e+00,0.000000000000000000e+00
0.000000000000000000e+00,0.000000000000000000e+00
0.000000000000000000e+00,0.000000000000000000e+00
0.000000000000000000e+00,0.000000000000000000e+00
0.000000000000000000e+00,0.000000000000000000e+00
0.000000000000000000e+00,0.000000000000000000e+00
0.000000000000000000e+00,0.000000000000000000e+00
4.204314937938096613e-07,3.053034560950934283e-07
0.000000000000000000e+00,0.000000000000000000e+00
4.438105557343980031e-07,3.065477161347600586e-07
0.000000000000000000e+00,0.000000000000000000e+00
2.420295072625637650e-07,2.847772847088603081e-07
0.000000000000000000e+00,0.000000000000000000e+00
0.000000000000000000e+00,0.000000000000000000e+00
0.000000000000000000e+00,0.000000000000000000e+00
1.520748250487590983e-07,1.413777506853875918e-07
2.517414277813455864e-07,1.298728084990824593e-07
0.000000000000000000e+00,0.000000000000000000e+00
0.000000000000000000e+00,0.000000000000000000e+00
0.000000000000000000e+00,0.000000000000000000e+00
3.248288992884151494e-08,2.048838217344764193e-08
1.305588060673784359e-07,1.244010419024717498e-07
0.000000000000000000e+00,0.000000000000000000e+00
0.000000000000000000e+00,0.000000000000000000e+00
0.000000000000000000e+00,0.000000000000000000e+00
0.000000000000000000e+00,0.000000000000000000e+00
0.000000000000000000e+00,0.000000000000000000e+00
1.985815106664355110e-07,1.893708965844093517e-07
1.885112494327372111e-07,1.948080500663848333e-07
0.000000000000000000e+00,0.000000000000000000e+00
0.000000000000000000e+00,0.000000000000000000e+00
0.000000000000000000e+00,0.000000000000000000e+00
1.140403479687083787e-07,8.010154401089529060e-08
0.000000000000000000e+00,0.000000000000000000e+00
0.000000000000000000e+00,0.000000000000000000e+00
0.000000000000000000e+00,0.000000000000000000e+00
0.000000000000000000e+00,0.000000000000000000e+00
0.000000000000000000e+00,0.000000000000000000e+00
0.000000000000000000e+00,0.000000000000000000e+00
0.000000000000000000e+00,0.000000000000000000e+00
0.000000000000000000e+00,0.000000000000000000e+00
8.100556141884740294e-08,8.675468538462128363e-08
3.212323360744468130e-07,1.614961139431576263e-07
0.000000000000000000e+00,0.000000000000000000e+00
0.000000000000000000e+00,0.000000000000000000e+00
0.000000000000000000e+00,0.000000000000000000e+00
0.000000000000000000e+00,0.000000000000000000e+00
0.000000000000000000e+00,0.000000000000000000e+00
0.000000000000000000e+00,0.000000000000000000e+00
6.027548882539526443e-08,4.231606489953795912e-08
0.000000000000000000e+00,0.000000000000000000e+00
0.000000000000000000e+00,0.000000000000000000e+00
0.000000000000000000e+00,0.000000000000000000e+00
1.714641373088647144e-07,1.620750917842961414e-07
0.000000000000000000e+00,0.000000000000000000e+00
0.000000000000000000e+00,0.000000000000000000e+00
0.000000000000000000e+00,0.000000000000000000e+00
2.814862819861522031e-08,1.829371736515010074e-08
0.000000000000000000e+00,0.000000000000000000e+00
0.000000000000000000e+00,0.000000000000000000e+00
6.934789438052430586e-07,6.476663801152795689e-07
0.000000000000000000e+00,0.000000000000000000e+00
2.133208018930359428e-07,2.582041870151507895e-07
0.000000000000000000e+00,0.000000000000000000e+00
0.000000000000000000e+00,0.000000000000000000e+00
0.000000000000000000e+00,0.000000000000000000e+00
3.503745637398322875e-08,3.038186568106272447e-08
0.000000000000000000e+00,0.000000000000000000e+00
0.000000000000000000e+00,0.000000000000000000e+00
0.000000000000000000e+00,0.000000000000000000e+00
0.000000000000000000e+00,0.000000000000000000e+00
0.000000000000000000e+00,0.000000000000000000e+00
0.000000000000000000e+00,0.000000000000000000e+00
1.374143069678822220e-07,3.990423337739534039e-08
0.000000000000000000e+00,0.000000000000000000e+00
0.000000000000000000e+00,0.000000000000000000e+00
2.203636645838424456e-07,2.181664415564629082e-07
0.000000000000000000e+00,0.000000000000000000e+00
0.000000000000000000e+00,0.000000000000000000e+00
0.000000000000000000e+00,0.000000000000000000e+00
2.978375484945338581e-07,2.438296546403271520e-07
5.895919867881416897e-07,5.803035886145262882e-07
0.000000000000000000e+00,0.000000000000000000e+00
9.498784123124879140e-08,1.581977067318924670e-07
5.234710161776131157e-07,3.280482102925955618e-07
0.000000000000000000e+00,0.000000000000000000e+00
0.000000000000000000e+00,0.000000000000000000e+00
0.000000000000000000e+00,0.000000000000000000e+00
0.000000000000000000e+00,0.000000000000000000e+00
0.000000000000000000e+00,0.000000000000000000e+00
0.000000000000000000e+00,0.000000000000000000e+00
0.000000000000000000e+00,0.000000000000000000e+00
0.000000000000000000e+00,0.000000000000000000e+00
1.091037925759287717e-07,6.102129767667793864e-08
0.000000000000000000e+00,0.000000000000000000e+00
4.523013490876385452e-07,4.595876773045498412e-07
0.000000000000000000e+00,0.000000000000000000e+00
0.000000000000000000e+00,0.000000000000000000e+00
0.000000000000000000e+00,0.000000000000000000e+00
0.000000000000000000e+00,0.000000000000000000e+00
0.000000000000000000e+00,0.000000000000000000e+00
0.000000000000000000e+00,0.000000000000000000e+00
0.000000000000000000e+00,0.000000000000000000e+00
0.000000000000000000e+00,0.000000000000000000e+00
1.386775398896351291e-08,9.726997475872067192e-09
0.000000000000000000e+00,0.000000000000000000e+00
0.000000000000000000e+00,0.000000000000000000e+00
0.000000000000000000e+00,0.000000000000000000e+00
0.000000000000000000e+00,0.000000000000000000e+00
0.000000000000000000e+00,0.000000000000000000e+00
0.000000000000000000e+00,0.000000000000000000e+00
0.000000000000000000e+00,0.000000000000000000e+00
0.000000000000000000e+00,0.000000000000000000e+00
0.000000000000000000e+00,0.000000000000000000e+00
9.721937816441846266e-07,6.692226796986923684e-07
1.398201389307689188e-07,1.177731382795744899e-07
2.037804248278810279e-08,1.573493164959125747e-08
0.000000000000000000e+00,0.000000000000000000e+00
1.730237684610757478e-07,1.225579483436760228e-07
5.370332035611408621e-07,2.616841293944880662e-07
6.468338730873554041e-07,5.979829448707848071e-07
1.486873658595646281e-07,7.513906625809367524e-08
0.000000000000000000e+00,0.000000000000000000e+00
0.000000000000000000e+00,0.000000000000000000e+00
1.363652194123570172e-07,1.313502044441599574e-07
0.000000000000000000e+00,0.000000000000000000e+00
0.000000000000000000e+00,0.000000000000000000e+00
8.341226676804710324e-08,8.025575570690966201e-08
0.000000000000000000e+00,0.000000000000000000e+00
5.447348205768496030e-07,3.932932472799616169e-07
0.000000000000000000e+00,0.000000000000000000e+00
0.000000000000000000e+00,0.000000000000000000e+00
1.043056900992040490e-06,1.109172832946829338e-06
1.846478959816103788e-07,1.929408574780700188e-07
0.000000000000000000e+00,0.000000000000000000e+00
0.000000000000000000e+00,0.000000000000000000e+00
1.841498305017193033e-07,1.693666633055071343e-07
7.102440245016228886e-07,4.462393340756972934e-07
1.817237235667937321e-07,1.753741694658747883e-07
0.000000000000000000e+00,0.000000000000000000e+00
0.000000000000000000e+00,0.000000000000000000e+00
0.000000000000000000e+00,0.000000000000000000e+00
0.000000000000000000e+00,0.000000000000000000e+00
4.628540544358217256e-07,4.495185355862255709e-07
0.000000000000000000e+00,0.000000000000000000e+00
1.645732813692146614e-07,1.482582856571009542e-07
0.000000000000000000e+00,0.000000000000000000e+00
0.000000000000000000e+00,0.000000000000000000e+00
0.000000000000000000e+00,0.000000000000000000e+00
0.000000000000000000e+00,0.000000000000000000e+00
0.000000000000000000e+00,0.000000000000000000e+00
6.032541684085842891e-09,5.173352626496772293e-09
0.000000000000000000e+00,0.000000000000000000e+00
0.000000000000000000e+00,0.000000000000000000e+00
0.000000000000000000e+00,0.000000000000000000e+00
9.842040619975834180e-08,8.679939093324795141e-08
6.775507150014446695e-08,4.613479752745407406e-08
5.867104209685360440e-07,4.280142522745474107e-07
0.000000000000000000e+00,0.000000000000000000e+00
0.000000000000000000e+00,0.000000000000000000e+00
3.787654785579950812e-07,2.929044316758571858e-07
1.195128338636510943e-07,1.242799785037972486e-07
0.000000000000000000e+00,0.000000000000000000e+00
0.000000000000000000e+00,0.000000000000000000e+00
0.000000000000000000e+00,0.000000000000000000e+00
0.000000000000000000e+00,0.000000000000000000e+00
0.000000000000000000e+00,0.000000000000000000e+00
0.000000000000000000e+00,0.000000000000000000e+00
0.000000000000000000e+00,0.000000000000000000e+00
2.128784427118054052e-07,2.061433818713755367e-07
1.535367185368585245e-07,1.007714353320576272e-07
0.000000000000000000e+00,0.000000000000000000e+00
1.240033357650235822e-06,9.991621888228009799e-07
9.719284800613803885e-07,9.267618509630210424e-07
0.000000000000000000e+00,0.000000000000000000e+00
0.000000000000000000e+00,0.000000000000000000e+00
0.000000000000000000e+00,0.000000000000000000e+00
4.672793259192601606e-07,3.632326015207145261e-07
0.000000000000000000e+00,0.000000000000000000e+00
1.746707439902857106e-07,9.981285119029186492e-08
0.000000000000000000e+00,0.000000000000000000e+00
0.000000000000000000e+00,0.000000000000000000e+00
0.000000000000000000e+00,0.000000000000000000e+00
6.180347218058563550e-07,5.210606239004505162e-07
2.005519264796159465e-07,1.086519264132357919e-07
2.254634643234261911e-07,1.773644906910974142e-07
8.879795542878611143e-08,8.148041621900316038e-08
0.000000000000000000e+00,0.000000000000000000e+00
0.000000000000000000e+00,0.000000000000000000e+00
1.416253073106973772e-07,1.009425646189919043e-07
0.000000000000000000e+00,0.000000000000000000e+00
2.051129323918679179e-07,1.810160218872072248e-07
0.000000000000000000e+00,0.000000000000000000e+00
1.598685073215492433e-07,1.359067179717369822e-07
0.000000000000000000e+00,0.000000000000000000e+00
0.000000000000000000e+00,0.000000000000000000e+00
1.312908122296810971e-07,1.219872655589070413e-07
1.198384211082602961e-07,7.080967619320853231e-08
0.000000000000000000e+00,0.000000000000000000e+00
0.000000000000000000e+00,0.000000000000000000e+00
0.000000000000000000e+00,0.000000000000000000e+00
0.000000000000000000e+00,0.000000000000000000e+00
0.000000000000000000e+00,0.000000000000000000e+00
0.000000000000000000e+00,0.000000000000000000e+00
0.000000000000000000e+00,0.000000000000000000e+00
0.000000000000000000e+00,0.000000000000000000e+00
0.000000000000000000e+00,0.000000000000000000e+00
7.769251751578546250e-07,6.401499447742363221e-07
7.885477346362761044e-08,4.222930690059883976e-08
0.000000000000000000e+00,0.000000000000000000e+00
0.000000000000000000e+00,0.000000000000000000e+00
1.329355878174976853e-06,9.752526674009262515e-07
0.000000000000000000e+00,0.000000000000000000e+00
0.000000000000000000e+00,0.000000000000000000e+00
0.000000000000000000e+00,0.000000000000000000e+00
0.000000000000000000e+00,0.000000000000000000e+00
0.000000000000000000e+00,0.000000000000000000e+00
0.000000000000000000e+00,0.000000000000000000e+00
0.000000000000000000e+00,0.000000000000000000e+00
0.000000000000000000e+00,0.000000000000000000e+00
0.000000000000000000e+00,0.000000000000000000e+00
0.000000000000000000e+00,0.000000000000000000e+00
0.000000000000000000e+00,0.000000000000000000e+00
3.711844650690637476e-07,1.286064758595435010e-07
0.000000000000000000e+00,0.000000000000000000e+00
0.000000000000000000e+00,0.000000000000000000e+00
1.842866051781041993e-07,1.409462147952067391e-07
1.186411868713266798e-06,1.034653136618021772e-06
0.000000000000000000e+00,0.000000000000000000e+00
0.000000000000000000e+00,0.000000000000000000e+00
0.000000000000000000e+00,0.000000000000000000e+00
0.000000000000000000e+00,0.000000000000000000e+00
3.381376810561469960e-07,2.505095020460854526e-07
4.835329776876740631e-07,2.310215231888151376e-07
0.000000000000000000e+00,0.000000000000000000e+00
0.000000000000000000e+00,0.000000000000000000e+00
0.000000000000000000e+00,0.000000000000000000e+00
0.000000000000000000e+00,0.000000000000000000e+00
0.000000000000000000e+00,0.000000000000000000e+00
1.779130424780089683e-07,1.112200519592538268e-07
0.000000000000000000e+00,0.000000000000000000e+00
1.487809432993523785e-06,1.074813022323635491e-06
0.000000000000000000e+00,0.000000000000000000e+00
8.417502636698078512e-07,6.916871224244462619e-07
0.000000000000000000e+00,0.000000000000000000e+00
9.626568581568021336e-08,9.324771291963799407e-08
0.000000000000000000e+00,0.000000000000000000e+00
0.000000000000000000e+00,0.000000000000000000e+00
0.000000000000000000e+00,0.000000000000000000e+00
0.000000000000000000e+00,0.000000000000000000e+00
0.000000000000000000e+00,0.000000000000000000e+00
0.000000000000000000e+00,0.000000000000000000e+00
0.000000000000000000e+00,0.000000000000000000e+00
5.854325522987220124e-07,5.448872346235224749e-07
5.215437886289189028e-09,4.777292581247656854e-09
0.000000000000000000e+00,0.000000000000000000e+00
0.000000000000000000e+00,0.000000000000000000e+00
0.000000000000000000e+00,0.000000000000000000e+00
5.317145655292863552e-07,4.194176753664341983e-07
0.000000000000000000e+00,0.000000000000000000e+00
1.280046276395651546e-07,3.605559105112928507e-08
1.186371906162111022e-06,1.261242737623760792e-06
0.000000000000000000e+00,0.000000000000000000e+00
0.000000000000000000e+00,0.000000000000000000e+00
0.000000000000000000e+00,0.000000000000000000e+00
0.000000000000000000e+00,0.000000000000000000e+00
4.612377205434133593e-08,1.793354469455841792e-08
0.000000000000000000e+00,0.000000000000000000e+00
0.000000000000000000e+00,0.000000000000000000e+00
0.000000000000000000e+00,0.000000000000000000e+00
8.272729072644043842e-07,5.516019854371976871e-07
5.438335803631395777e-07,2.418307656522209921e-07
0.000000000000000000e+00,0.000000000000000000e+00
0.000000000000000000e+00,0.000000000000000000e+00
0.000000000000000000e+00,0.000000000000000000e+00
7.788164790530560471e-07,7.866855819562939734e-07
0.000000000000000000e+00,0.000000000000000000e+00
2.950709705177892085e-07,2.696901958762639956e-07
0.000000000000000000e+00,0.000000000000000000e+00
0.000000000000000000e+00,0.000000000000000000e+00
4.892630567730211635e-07,5.070601516095647797e-07
0.000000000000000000e+00,0.000000000000000000e+00
1.936521158743387082e-07,1.671427265142742691e-07
1.826688572256077716e-07,1.372363559549190733e-07
1.143449804598255733e-06,7.663293223656490184e-07
0.000000000000000000e+00,0.000000000000000000e+00
0.000000000000000000e+00,0.000000000000000000e+00
0.000000000000000000e+00,0.000000000000000000e+00
0.000000000000000000e+00,0.000000000000000000e+00
0.000000000000000000e+00,0.000000000000000000e+00
0.000000000000000000e+00,0.000000000000000000e+00
0.000000000000000000e+00,0.000000000000000000e+00
0.000000000000000000e+00,0.000000000000000000e+00
0.000000000000000000e+00,0.000000000000000000e+00
0.000000000000000000e+00,0.000000000000000000e+00
2.796147134482924493e-07,2.774153251674217139e-07
0.000000000000000000e+00,0.000000000000000000e+00
0.000000000000000000e+00,0.000000000000000000e+00
0.000000000000000000e+00,0.000000000000000000e+00
0.000000000000000000e+00,0.000000000000000000e+00
0.000000000000000000e+00,0.000000000000000000e+00
3.685174939605583168e-07,3.203981363009978149e-07
0.000000000000000000e+00,0.000000000000000000e+00
0.000000000000000000e+00,0.000000000000000000e+00
0.000000000000000000e+00,0.000000000000000000e+00
0.000000000000000000e+00,0.000000000000000000e+00
0.000000000000000000e+00,0.000000000000000000e+00
0.000000000000000000e+00,0.000000000000000000e+00
7.966906764395028832e-08,5.273821857630648241e-08
0.000000000000000000e+00,0.000000000000000000e+00
0.000000000000000000e+00,0.000000000000000000e+00
3.673991679053108954e-07,3.512618432576523334e-07
0.000000000000000000e+00,0.000000000000000000e+00
0.000000000000000000e+00,0.000000000000000000e+00
0.000000000000000000e+00,0.000000000000000000e+00
0.000000000000000000e+00,0.000000000000000000e+00
0.000000000000000000e+00,0.000000000000000000e+00
0.000000000000000000e+00,0.000000000000000000e+00
0.000000000000000000e+00,0.000000000000000000e+00
0.000000000000000000e+00,0.000000000000000000e+00
2.310896565724693445e-07,1.312565591352052622e-07
0.000000000000000000e+00,0.000000000000000000e+00
0.000000000000000000e+00,0.000000000000000000e+00
0.000000000000000000e+00,0.000000000000000000e+00
0.000000000000000000e+00,0.000000000000000000e+00
1.653150736032432812e-07,1.204373861322393188e-07
8.051556688903500006e-08,2.405993338475069412e-08
5.305724465044218293e-07,4.621267185332352211e-07
0.000000000000000000e+00,0.000000000000000000e+00
0.000000000000000000e+00,0.000000000000000000e+00
0.000000000000000000e+00,0.000000000000000000e+00
3.980653219785344660e-08,3.218149879928057352e-08
0.000000000000000000e+00,0.000000000000000000e+00
4.718959826345981628e-09,2.105242802908986307e-09
6.546942920528846341e-08,4.266258651566436407e-08
0.000000000000000000e+00,0.000000000000000000e+00
9.935130447082268902e-07,7.058094749345619865e-07
0.000000000000000000e+00,0.000000000000000000e+00
3.864050577270960397e-08,1.450757439860540154e-08
2.666402806699964643e-07,2.345971956822771896e-07
0.000000000000000000e+00,0.000000000000000000e+00
0.000000000000000000e+00,0.000000000000000000e+00
0.000000000000000000e+00,0.000000000000000000e+00
1.196736074853316986e-06,8.543836519449163002e-07
0.000000000000000000e+00,0.000000000000000000e+00
0.000000000000000000e+00,0.000000000000000000e+00
0.000000000000000000e+00,0.000000000000000000e+00
0.000000000000000000e+00,0.000000000000000000e+00
0.000000000000000000e+00,0.000000000000000000e+00
0.000000000000000000e+00,0.000000000000000000e+00
0.000000000000000000e+00,0.000000000000000000e+00
1.670573796170697854e-07,1.378267956937880688e-07
0.000000000000000000e+00,0.000000000000000000e+00
0.000000000000000000e+00,0.000000000000000000e+00
1.007197962724652394e-07,5.800155404786625763e-08
0.000000000000000000e+00,0.000000000000000000e+00
0.000000000000000000e+00,0.000000000000000000e+00
0.000000000000000000e+00,0.000000000000000000e+00
0.000000000000000000e+00,0.000000000000000000e+00
0.000000000000000000e+00,0.000000000000000000e+00
0.000000000000000000e+00,0.000000000000000000e+00
0.000000000000000000e+00,0.000000000000000000e+00
0.000000000000000000e+00,0.000000000000000000e+00
0.000000000000000000e+00,0.000000000000000000e+00
4.830466788737770009e-08,1.283348603643667823e-08
0.000000000000000000e+00,0.000000000000000000e+00
0.000000000000000000e+00,0.000000000000000000e+00
4.372058610036620439e-07,3.002993008227575232e-07
1.993403082627792292e-07,1.360908347291473792e-07
0.000000000000000000e+00,0.000000000000000000e+00
0.000000000000000000e+00,0.000000000000000000e+00
0.000000000000000000e+00,0.000000000000000000e+00
0.000000000000000000e+00,0.000000000000000000e+00
6.964049160300081085e-07,5.436818491919939860e-07
0.000000000000000000e+00,0.000000000000000000e+00
5.270586533574312212e-07,5.127493756519304932e-07
0.000000000000000000e+00,0.000000000000000000e+00
0.000000000000000000e+00,0.000000000000000000e+00
1.072785767019272313e-07,7.102809309844334606e-08
0.000000000000000000e+00,0.000000000000000000e+00
2.915732165999628886e-07,1.805186420020870115e-07
1.346798440834943427e-07,7.075654854671344972e-08
0.000000000000000000e+00,0.000000000000000000e+00
2.367311541980214868e-07,2.090854827367669102e-07
0.000000000000000000e+00,0.000000000000000000e+00
0.000000000000000000e+00,0.000000000000000000e+00
0.000000000000000000e+00,0.000000000000000000e+00
0.000000000000000000e+00,0.000000000000000000e+00
3.614224788770621236e-07,2.603935884789938063e-07
0.000000000000000000e+00,0.000000000000000000e+00
1.038851849318413077e-06,3.504933354285228997e-07
1.148906540125810946e-07,9.891548622882543328e-08
0.000000000000000000e+00,0.000000000000000000e+00
7.474492419125356320e-07,6.090064118906641200e-07
0.000000000000000000e+00,0.000000000000000000e+00
1.425348826712904927e-07,1.789451873087497647e-07
0.000000000000000000e+00,0.000000000000000000e+00
4.180680606660279235e-07,4.233240849045360550e-07
0.000000000000000000e+00,0.000000000000000000e+00
2.418552394646408274e-08,2.548497000498937472e-08
0.000000000000000000e+00,0.000000000000000000e+00
6.980661794053415417e-07,6.144093684311585018e-07
0.000000000000000000e+00,0.000000000000000000e+00
0.000000000000000000e+00,0.000000000000000000e+00
0.000000000000000000e+00,0.000000000000000000e+00
0.000000000000000000e+00,0.000000000000000000e+00
0.000000000000000000e+00,0.000000000000000000e+00
3.810588100938542384e-07,3.182422284605369006e-07
0.000000000000000000e+00,0.000000000000000000e+00
0.000000000000000000e+00,0.000000000000000000e+00
3.723618830276282379e-07,2.676440789885125455e-07
0.000000000000000000e+00,0.000000000000000000e+00
1.557566259968168848e-06,1.300644435701959099e-06
3.588503110469785950e-07,3.731540913392872990e-07
1.106635883782271226e-07,9.074540227728927038e-08
0.000000000000000000e+00,0.000000000000000000e+00
5.690912383294736481e-07,5.150622215315035569e-07
0.000000000000000000e+00,0.000000000000000000e+00
2.988834888119559765e-07,3.003877277831962747e-07
9.838770876648052577e-07,1.098098536000941162e-06
0.000000000000000000e+00,0.000000000000000000e+00
0.000000000000000000e+00,0.000000000000000000e+00
0.000000000000000000e+00,0.000000000000000000e+00
4.005896376435691143e-09,3.793239851982028122e-09
0.000000000000000000e+00,0.000000000000000000e+00
0.000000000000000000e+00,0.000000000000000000e+00
0.000000000000000000e+00,0.000000000000000000e+00
6.388953462962571739e-08,3.285588873496851358e-08
0.000000000000000000e+00,0.000000000000000000e+00
0.000000000000000000e+00,0.000000000000000000e+00
4.306906673558448259e-07,3.328617926809297528e-07
0.000000000000000000e+00,0.000000000000000000e+00
8.801741109609106567e-08,5.632369288324587195e-08
7.569133174005437569e-08,7.265056812929690707e-08
8.276832191561736462e-07,6.095127083029631309e-07
0.000000000000000000e+00,0.000000000000000000e+00
5.885601840253948119e-09,5.305754040579231580e-09
0.000000000000000000e+00,0.000000000000000000e+00
0.000000000000000000e+00,0.000000000000000000e+00
4.389012949804903747e-07,3.861305775215082918e-07
0.000000000000000000e+00,0.000000000000000000e+00
4.649827711517426224e-08,4.333480791083634452e-08
3.049885273396904770e-07,2.863798216240550046e-07
2.413725951639504136e-07,2.281399126250599978e-07
0.000000000000000000e+00,0.000000000000000000e+00
0.000000000000000000e+00,0.000000000000000000e+00
0.000000000000000000e+00,0.000000000000000000e+00
1.144924036049233327e-07,8.268616762246802261e-08
0.000000000000000000e+00,0.000000000000000000e+00
0.000000000000000000e+00,0.000000000000000000e+00
0.000000000000000000e+00,0.000000000000000000e+00
1.595532602960949465e-06,1.446156226053927248e-06
0.000000000000000000e+00,0.000000000000000000e+00
0.000000000000000000e+00,0.000000000000000000e+00
0.000000000000000000e+00,0.000000000000000000e+00
0.000000000000000000e+00,0.000000000000000000e+00
0.000000000000000000e+00,0.000000000000000000e+00
0.000000000000000000e+00,0.000000000000000000e+00
1.599503460063505607e-07,1.419215822825550085e-07
0.000000000000000000e+00,0.000000000000000000e+00
6.247425477524508090e-07,6.501205022253509669e-07
0.000000000000000000e+00,0.000000000000000000e+00
0.000000000000000000e+00,0.000000000000000000e+00
0.000000000000000000e+00,0.000000000000000000e+00
0.000000000000000000e+00,0.000000000000000000e+00
0.000000000000000000e+00,0.000000000000000000e+00
0.000000000000000000e+00,0.000000000000000000e+00
0.000000000000000000e+00,0.000000000000000000e+00
0.000000000000000000e+00,0.000000000000000000e+00
4.684266117693962976e-08,4.419481645253111137e-08
2.285160097078492998e-07,2.115653747407546206e-07
4.403675627620974222e-07,4.599670513284813937e-07
0.000000000000000000e+00,0.000000000000000000e+00
0.000000000000000000e+00,0.000000000000000000e+00
1.746325834260549938e-08,9.832166837273508021e-09
4.755133744123120917e-07,3.774386356866364543e-07
0.000000000000000000e+00,0.000000000000000000e+00
0.000000000000000000e+00,0.000000000000000000e+00
1.328138573906547763e-08,9.260878011620661888e-09
0.000000000000000000e+00,0.000000000000000000e+00
0.000000000000000000e+00,0.000000000000000000e+00
0.000000000000000000e+00,0.000000000000000000e+00
0.000000000000000000e+00,0.000000000000000000e+00
0.000000000000000000e+00,0.000000000000000000e+00
0.000000000000000000e+00,0.000000000000000000e+00
0.000000000000000000e+00,0.000000000000000000e+00
0.000000000000000000e+00,0.000000000000000000e+00
0.000000000000000000e+00,0.000000000000000000e+00
0.000000000000000000e+00,0.000000000000000000e+00
0.000000000000000000e+00,0.000000000000000000e+00
0.000000000000000000e+00,0.000000000000000000e+00
8.427162297149313801e-07,7.550246052182606665e-07
2.393618788448862254e-07,1.574724157446571228e-07
0.000000000000000000e+00,0.000000000000000000e+00
0.000000000000000000e+00,0.000000000000000000e+00
0.000000000000000000e+00,0.000000000000000000e+00
0.000000000000000000e+00,0.000000000000000000e+00
8.475341555268498914e-08,5.502825646302876434e-08
1.239373145350768612e-07,1.047335064040904592e-07
1.118619197024867418e-08,6.090474308385693268e-09
0.000000000000000000e+00,0.000000000000000000e+00
0.000000000000000000e+00,0.000000000000000000e+00
0.000000000000000000e+00,0.000000000000000000e+00
0.000000000000000000e+00,0.000000000000000000e+00
0.000000000000000000e+00,0.000000000000000000e+00
6.074560734631541316e-08,3.893767835065437947e-08
1.033619747757729862e-07,9.537891309822694204e-08
1.277791255247257926e-07,8.054248799722478015e-08
4.386086026243227258e-07,3.995026763151095607e-07
3.461273399516556232e-07,2.436035981875235254e-07
5.057507700568444073e-07,4.475728538362439741e-07
0.000000000000000000e+00,0.000000000000000000e+00
3.779503127293168475e-07,3.547855513139148279e-07
0.000000000000000000e+00,0.000000000000000000e+00
0.000000000000000000e+00,0.000000000000000000e+00
0.000000000000000000e+00,0.000000000000000000e+00
2.343208855457573874e-07,1.635831729336314832e-07
0.000000000000000000e+00,0.000000000000000000e+00
2.968759572104433179e-07,3.143735434987794966e-07
0.000000000000000000e+00,0.000000000000000000e+00
0.000000000000000000e+00,0.000000000000000000e+00
4.418909635140487258e-07,3.821788398778410399e-07
0.000000000000000000e+00,0.000000000000000000e+00
5.454398442983746703e-07,3.949495700377439484e-07
0.000000000000000000e+00,0.000000000000000000e+00
0.000000000000000000e+00,0.000000000000000000e+00
4.457577418660110915e-08,3.781782660981176087e-08
1.249022679206775434e-07,6.743318746150043111e-08
0.000000000000000000e+00,0.000000000000000000e+00
0.000000000000000000e+00,0.000000000000000000e+00
2.110730903761024370e-07,1.102978332176100458e-07
0.000000000000000000e+00,0.000000000000000000e+00
3.999052775143798739e-07,3.781334046276789673e-07
6.859501097972001425e-07,2.652214902775705730e-07
0.000000000000000000e+00,0.000000000000000000e+00
0.000000000000000000e+00,0.000000000000000000e+00
0.000000000000000000e+00,0.000000000000000000e+00
0.000000000000000000e+00,0.000000000000000000e+00
0.000000000000000000e+00,0.000000000000000000e+00
0.000000000000000000e+00,0.000000000000000000e+00
0.000000000000000000e+00,0.000000000000000000e+00
0.000000000000000000e+00,0.000000000000000000e+00
0.000000000000000000e+00,0.000000000000000000e+00
0.000000000000000000e+00,0.000000000000000000e+00
1.916030580923445085e-07,1.042761482466328805e-07
1.041260212786926718e-07,6.560587795327784076e-08
0.000000000000000000e+00,0.000000000000000000e+00
0.000000000000000000e+00,0.000000000000000000e+00
0.000000000000000000e+00,0.000000000000000000e+00
0.000000000000000000e+00,0.000000000000000000e+00
0.000000000000000000e+00,0.000000000000000000e+00
1.270485273010534491e-07,1.311446165608543005e-07
0.000000000000000000e+00,0.000000000000000000e+00
0.000000000000000000e+00,0.000000000000000000e+00
0.000000000000000000e+00,0.000000000000000000e+00
2.886022507782772044e-07,2.788562964450702402e-07
0.000000000000000000e+00,0.000000000000000000e+00
0.000000000000000000e+00,0.000000000000000000e+00
0.000000000000000000e+00,0.000000000000000000e+00
0.000000000000000000e+00,0.000000000000000000e+00
0.000000000000000000e+00,0.000000000000000000e+00
6.856847172961126543e-07,5.241164332612748187e-07
0.000000000000000000e+00,0.000000000000000000e+00
3.839173945981538447e-07,3.086663870501918838e-07
0.000000000000000000e+00,0.000000000000000000e+00
0.000000000000000000e+00,0.000000000000000000e+00
0.000000000000000000e+00,0.000000000000000000e+00
0.000000000000000000e+00,0.000000000000000000e+00
8.668504624014992203e-07,6.788905725676434409e-07
0.000000000000000000e+00,0.000000000000000000e+00
1.525797404862292217e-07,1.551419453716526325e-07
0.000000000000000000e+00,0.000000000000000000e+00
0.000000000000000000e+00,0.000000000000000000e+00
0.000000000000000000e+00,0.000000000000000000e+00
5.240839915112222256e-07,4.709960252961822777e-07
0.000000000000000000e+00,0.000000000000000000e+00
3.274461462980508098e-07,1.529787976484103528e-07
0.000000000000000000e+00,0.000000000000000000e+00
0.000000000000000000e+00,0.000000000000000000e+00
0.000000000000000000e+00,0.000000000000000000e+00
0.000000000000000000e+00,0.000000000000000000e+00
6.880662383803607852e-08,4.380193375556179895e-08
0.000000000000000000e+00,0.000000000000000000e+00
2.634141446259010717e-07,2.497711015891238187e-07
1.265489454337513376e-08,2.504433945125826311e-08
8.385191177627918349e-08,4.967888860414703220e-08
0.000000000000000000e+00,0.000000000000000000e+00
0.000000000000000000e+00,0.000000000000000000e+00
0.000000000000000000e+00,0.000000000000000000e+00
0.000000000000000000e+00,0.000000000000000000e+00
0.000000000000000000e+00,0.000000000000000000e+00
2.119320401517547216e-07,2.069832365302707661e-07
0.000000000000000000e+00,0.000000000000000000e+00
0.000000000000000000e+00,0.000000000000000000e+00
0.000000000000000000e+00,0.000000000000000000e+00
5.089376074220872425e-08,2.801611194564178651e-08
1.186995929189784274e-06,1.139462817010575592e-06
0.000000000000000000e+00,0.000000000000000000e+00
0.000000000000000000e+00,0.000000000000000000e+00
0.000000000000000000e+00,0.000000000000000000e+00
0.000000000000000000e+00,0.000000000000000000e+00
0.000000000000000000e+00,0.000000000000000000e+00
0.000000000000000000e+00,0.000000000000000000e+00
0.000000000000000000e+00,0.000000000000000000e+00
0.000000000000000000e+00,0.000000000000000000e+00
1.624378612980466086e-07,1.443815962931334521e-07
5.172295633606098873e-08,2.274088665428148293e-08
0.000000000000000000e+00,0.000000000000000000e+00
8.896567452285703966e-08,4.747967186146279209e-08
0.000000000000000000e+00,0.000000000000000000e+00
0.000000000000000000e+00,0.000000000000000000e+00
0.000000000000000000e+00,0.000000000000000000e+00
0.000000000000000000e+00,0.000000000000000000e+00
2.005486346363944091e-08,1.843774299697691975e-08
5.204770187283105412e-08,4.840388475577125238e-08
3.560185361033985998e-07,2.692550965705213334e-07
0.000000000000000000e+00,0.000000000000000000e+00
0.000000000000000000e+00,0.000000000000000000e+00
1.380004044016671542e-07,1.196113408539946720e-07
0.000000000000000000e+00,0.000000000000000000e+00
0.000000000000000000e+00,0.000000000000000000e+00
6.616106557729925269e-08,5.481507153317546097e-08
5.674662571688632838e-07,4.442844273151294200e-07
1.031014037611238614e-06,1.060165490713313545e-06
9.849330730043789711e-08,1.000621284287113803e-07
0.000000000000000000e+00,0.000000000000000000e+00
0.000000000000000000e+00,0.000000000000000000e+00
2.511034939868476833e-07,1.306363481860458083e-07
0.000000000000000000e+00,0.000000000000000000e+00
0.000000000000000000e+00,0.000000000000000000e+00
0.000000000000000000e+00,0.000000000000000000e+00
0.000000000000000000e+00,0.000000000000000000e+00
1.097126074383905379e-06,1.155217811110525826e-06
0.000000000000000000e+00,0.000000000000000000e+00
4.763177669112284780e-07,4.208779209158291414e-07
0.000000000000000000e+00,0.000000000000000000e+00
0.000000000000000000e+00,0.000000000000000000e+00
8.269180122413716574e-07,8.828200031627808571e-07
3.083764926941483105e-07,1.446144808068931358e-07
0.000000000000000000e+00,0.000000000000000000e+00
4.583622474003080698e-07,1.826078453802911216e-07
0.000000000000000000e+00,0.000000000000000000e+00
6.814921182337548883e-09,5.671286568252426262e-09
0.000000000000000000e+00,0.000000000000000000e+00
0.000000000000000000e+00,0.000000000000000000e+00
1.668148198172934951e-07,1.473660758295969378e-07
0.000000000000000000e+00,0.000000000000000000e+00
1.764367792723461587e-07,1.667467735917389917e-07
0.000000000000000000e+00,0.000000000000000000e+00
0.000000000000000000e+00,0.000000000000000000e+00
0.000000000000000000e+00,0.000000000000000000e+00
1.218304443562273355e-06,1.241504283945238442e-06
0.000000000000000000e+00,0.000000000000000000e+00
0.000000000000000000e+00,0.000000000000000000e+00
0.000000000000000000e+00,0.000000000000000000e+00
0.000000000000000000e+00,0.000000000000000000e+00
0.000000000000000000e+00,0.000000000000000000e+00
2.155286179171417162e-07,1.559406758870466171e-07
0.000000000000000000e+00,0.000000000000000000e+00
7.604206806511795614e-07,6.283910516500000920e-07
2.953119992190852445e-07,2.199348437265177381e-07
0.000000000000000000e+00,0.000000000000000000e+00
0.000000000000000000e+00,0.000000000000000000e+00
0.000000000000000000e+00,0.000000000000000000e+00
0.000000000000000000e+00,0.000000000000000000e+00
0.000000000000000000e+00,0.000000000000000000e+00
2.820802395725786705e-07,5.424391579959766415e-07
0.000000000000000000e+00,0.000000000000000000e+00
0.000000000000000000e+00,0.000000000000000000e+00
2.278599964979096723e-07,1.289063473742672693e-07
2.139227519320244971e-07,9.061140440311735231e-08
5.271777684224636543e-07,5.400147111760748752e-07
2.425871834545978736e-07,2.765342261756057911e-07
5.944206589082338864e-07,5.437622728960686669e-07
1.926312692856654573e-07,1.878316067446199514e-07
3.261635154802694372e-08,2.259674724898986038e-08
1.486469171522888850e-07,1.339770781345721751e-07
1.829336499210738833e-07,1.674771393976054837e-07
0.000000000000000000e+00,0.000000000000000000e+00
1.840609382067467495e-07,1.560645612033271725e-07
7.850995103511867736e-07,6.184194400131841555e-07
0.000000000000000000e+00,0.000000000000000000e+00
0.000000000000000000e+00,0.000000000000000000e+00
0.000000000000000000e+00,0.000000000000000000e+00
0.000000000000000000e+00,0.000000000000000000e+00
0.000000000000000000e+00,0.000000000000000000e+00
0.000000000000000000e+00,0.000000000000000000e+00
0.000000000000000000e+00,0.000000000000000000e+00
6.157114190443983020e-07,6.902787603615326270e-07
5.861400061319381415e-07,5.268692129190995750e-07
0.000000000000000000e+00,0.000000000000000000e+00
0.000000000000000000e+00,0.000000000000000000e+00
0.000000000000000000e+00,0.000000000000000000e+00
2.686122391928215350e-07,2.588048194078803767e-07
0.000000000000000000e+00,0.000000000000000000e+00
0.000000000000000000e+00,0.000000000000000000e+00
0.000000000000000000e+00,0.000000000000000000e+00
0.000000000000000000e+00,0.000000000000000000e+00
0.000000000000000000e+00,0.000000000000000000e+00
2.807413610097794437e-07,1.983027916211685763e-07
0.000000000000000000e+00,0.000000000000000000e+00
0.000000000000000000e+00,0.000000000000000000e+00
2.449068890952659328e-07,2.028956744153274925e-07
0.000000000000000000e+00,0.000000000000000000e+00
5.924815993780393796e-07,3.985892513182187446e-07
0.000000000000000000e+00,0.000000000000000000e+00
0.000000000000000000e+00,0.000000000000000000e+00
0.000000000000000000e+00,0.000000000000000000e+00
0.000000000000000000e+00,0.000000000000000000e+00
8.595993432454023261e-07,6.470386555794031934e-07
1.006187915728825786e-06,7.503691476856332986e-07
0.000000000000000000e+00,0.000000000000000000e+00
0.000000000000000000e+00,0.000000000000000000e+00
0.000000000000000000e+00,0.000000000000000000e+00
0.000000000000000000e+00,0.000000000000000000e+00
0.000000000000000000e+00,0.000000000000000000e+00
0.000000000000000000e+00,0.000000000000000000e+00
0.000000000000000000e+00,0.000000000000000000e+00
2.978440516173133336e-08,2.797964573916876651e-08
0.000000000000000000e+00,0.000000000000000000e+00
0.000000000000000000e+00,0.000000000000000000e+00
0.000000000000000000e+00,0.000000000000000000e+00
9.786342718810555118e-08,7.594833025142908331e-08
0.000000000000000000e+00,0.000000000000000000e+00
0.000000000000000000e+00,0.000000000000000000e+00
0.000000000000000000e+00,0.000000000000000000e+00
0.000000000000000000e+00,0.000000000000000000e+00
0.000000000000000000e+00,0.000000000000000000e+00
1.225291445279881321e-07,1.874058726975700559e-07
5.425270576747644384e-07,5.084805969904058756e-07
0.000000000000000000e+00,0.000000000000000000e+00
3.436306910776888883e-07,3.110231608694457202e-07
3.206694566004392206e-07,2.963672492262272795e-07
0.000000000000000000e+00,0.000000000000000000e+00
0.000000000000000000e+00,0.000000000000000000e+00
4.561524478610374732e-07,4.406116630263821880e-07
0.000000000000000000e+00,0.000000000000000000e+00
0.000000000000000000e+00,0.000000000000000000e+00
8.009354166969255455e-07,7.446525037077221942e-07
0.000000000000000000e+00,0.000000000000000000e+00
0.000000000000000000e+00,0.000000000000000000e+00
3.799017892148092875e-07,3.766258969146477165e-07
1.215684292629134829e-07,1.026179991317134868e-07
0.000000000000000000e+00,0.000000000000000000e+00
0.000000000000000000e+00,0.000000000000000000e+00
0.000000000000000000e+00,0.000000000000000000e+00
1.171096414744845661e-07,1.137706774485042894e-07
0.000000000000000000e+00,0.000000000000000000e+00
0.000000000000000000e+00,0.000000000000000000e+00
8.056930216902957575e-08,9.364376981573011391e-08
0.000000000000000000e+00,0.000000000000000000e+00
0.000000000000000000e+00,0.000000000000000000e+00
5.689388700046448523e-07,4.306136397695257611e-07
0.000000000000000000e+00,0.000000000000000000e+00
0.000000000000000000e+00,0.000000000000000000e+00
0.000000000000000000e+00,0.000000000000000000e+00
0.000000000000000000e+00,0.000000000000000000e+00
1.722371402154735490e-07,1.404568508525906052e-07
0.000000000000000000e+00,0.000000000000000000e+00
9.344971173967845979e-08,1.037141540414988449e-07
0.000000000000000000e+00,0.000000000000000000e+00
6.647183112114276823e-08,2.195697743209551312e-08
0.000000000000000000e+00,0.000000000000000000e+00
0.000000000000000000e+00,0.000000000000000000e+00
0.000000000000000000e+00,0.000000000000000000e+00
0.000000000000000000e+00,0.000000000000000000e+00
0.000000000000000000e+00,0.000000000000000000e+00
6.983947866987512727e-08,6.645153569620695102e-08
0.000000000000000000e+00,0.000000000000000000e+00
1.406595314018887939e-07,1.002546579762369641e-07
0.000000000000000000e+00,0.000000000000000000e+00
5.181603103339865621e-07,4.786004438552022390e-07
3.254590779310560126e-08,2.259081547824654883e-08
0.000000000000000000e+00,0.000000000000000000e+00
0.000000000000000000e+00,0.000000000000000000e+00
0.000000000000000000e+00,0.000000000000000000e+00
0.000000000000000000e+00,0.000000000000000000e+00
0.000000000000000000e+00,0.000000000000000000e+00
7.290470091600853455e-08,6.359946804183953941e-08
0.000000000000000000e+00,0.000000000000000000e+00
2.800765521843128771e-07,1.236306774162392662e-07
9.508699989602975940e-08,1.134305848973062633e-07
0.000000000000000000e+00,0.000000000000000000e+00
0.000000000000000000e+00,0.000000000000000000e+00
0.000000000000000000e+00,0.000000000000000000e+00
6.665799811246932169e-07,3.500786115375288150e-07
0.000000000000000000e+00,0.000000000000000000e+00
0.000000000000000000e+00,0.000000000000000000e+00
0.000000000000000000e+00,0.000000000000000000e+00
0.000000000000000000e+00,0.000000000000000000e+00
0.000000000000000000e+00,0.000000000000000000e+00
0.000000000000000000e+00,0.000000000000000000e+00
0.000000000000000000e+00,0.000000000000000000e+00
7.265695896273147896e-07,5.018600152726284829e-07
0.000000000000000000e+00,0.000000000000000000e+00
0.000000000000000000e+00,0.000000000000000000e+00
0.000000000000000000e+00,0.000000000000000000e+00
5.453912277957807234e-07,3.805669525344545297e-07
0.000000000000000000e+00,0.000000000000000000e+00
0.000000000000000000e+00,0.000000000000000000e+00
8.505426523553221188e-08,4.732778784864579091e-08
4.278095294688718613e-07,3.534708682457610776e-07
1.384043586113749890e-07,2.351368878271985162e-07
0.000000000000000000e+00,0.000000000000000000e+00
2.652342745657939139e-07,2.548654473660880167e-07
0.000000000000000000e+00,0.000000000000000000e+00
0.000000000000000000e+00,0.000000000000000000e+00
1.327516394147846597e-07,1.173582306198983476e-07
0.000000000000000000e+00,0.000000000000000000e+00
0.000000000000000000e+00,0.000000000000000000e+00
0.000000000000000000e+00,0.000000000000000000e+00
0.000000000000000000e+00,0.000000000000000000e+00
1.203140900232314980e-06,9.716261829872105933e-07
0.000000000000000000e+00,0.000000000000000000e+00
0.000000000000000000e+00,0.000000000000000000e+00
0.000000000000000000e+00,0.000000000000000000e+00
0.000000000000000000e+00,0.000000000000000000e+00
0.000000000000000000e+00,0.000000000000000000e+00
0.000000000000000000e+00,0.000000000000000000e+00
7.814412596364356774e-07,7.745799620340218321e-07
2.197862209241308762e-07,3.094240614560265393e-07
0.000000000000000000e+00,0.000000000000000000e+00
0.000000000000000000e+00,0.000000000000000000e+00
7.525859134919874824e-07,5.035507986366770418e-07
0.000000000000000000e+00,0.000000000000000000e+00
0.000000000000000000e+00,0.000000000000000000e+00
0.000000000000000000e+00,0.000000000000000000e+00
1.068017727336953324e-06,8.197702169534953841e-07
4.505049840514803774e-07,1.877248249829014974e-07
0.000000000000000000e+00,0.000000000000000000e+00
1.876451630582347653e-08,1.312979646967829217e-08
0.000000000000000000e+00,0.000000000000000000e+00
0.000000000000000000e+00,0.000000000000000000e+00
0.000000000000000000e+00,0.000000000000000000e+00
1.063676204655135728e-07,1.027546923895466180e-07
0.000000000000000000e+00,0.000000000000000000e+00
9.960688934389329293e-08,3.092605706830085583e-08
0.000000000000000000e+00,0.000000000000000000e+00
0.000000000000000000e+00,0.000000000000000000e+00
0.000000000000000000e+00,0.000000000000000000e+00
2.700062793259448315e-08,2.609568603226245930e-08
2.539769077111286866e-07,1.150095165670150385e-07
3.316639311862749981e-07,3.195154171569293606e-07
0.000000000000000000e+00,0.000000000000000000e+00
1.166706640005270382e-07,7.557410679105361147e-08
0.000000000000000000e+00,0.000000000000000000e+00
0.000000000000000000e+00,0.000000000000000000e+00
3.755583651247942716e-07,3.053224693502908921e-07
0.000000000000000000e+00,0.000000000000000000e+00
6.872329426987795482e-07,5.574244089043968508e-07
3.507155769212027512e-07,2.374483169485584797e-07
0.000000000000000000e+00,0.000000000000000000e+00
3.096182528225875245e-07,2.908142651203812301e-07
0.000000000000000000e+00,0.000000000000000000e+00
0.000000000000000000e+00,0.000000000000000000e+00
1.109905196265952895e-07,9.077662552176188866e-08
0.000000000000000000e+00,0.000000000000000000e+00
0.000000000000000000e+00,0.000000000000000000e+00
0.000000000000000000e+00,0.000000000000000000e+00
0.000000000000000000e+00,0.000000000000000000e+00
0.000000000000000000e+00,0.000000000000000000e+00
4.597679073631009204e-07,4.405188408711352738e-07
0.000000000000000000e+00,0.000000000000000000e+00
0.000000000000000000e+00,0.000000000000000000e+00
0.000000000000000000e+00,0.000000000000000000e+00
0.000000000000000000e+00,0.000000000000000000e+00
0.000000000000000000e+00,0.000000000000000000e+00
0.000000000000000000e+00,0.000000000000000000e+00
5.155196218139263484e-07,4.202212727485827267e-07
9.963054203384667573e-08,9.930506818111569168e-08
0.000000000000000000e+00,0.000000000000000000e+00
0.000000000000000000e+00,0.000000000000000000e+00
0.000000000000000000e+00,0.000000000000000000e+00
1.665640381702031849e-07,7.241423529973444824e-08
0.000000000000000000e+00,0.000000000000000000e+00
0.000000000000000000e+00,0.000000000000000000e+00
3.044404660131190991e-07,2.663369897294583927e-07
0.000000000000000000e+00,0.000000000000000000e+00
6.913025986330372239e-07,5.564368333724916039e-07
0.000000000000000000e+00,0.000000000000000000e+00
0.000000000000000000e+00,0.000000000000000000e+00
3.596403751054303432e-07,3.384055267757793651e-07
3.478980353164493955e-07,3.559560284238198275e-07
0.000000000000000000e+00,0.000000000000000000e+00
0.000000000000000000e+00,0.000000000000000000e+00
0.000000000000000000e+00,0.000000000000000000e+00
3.260862328457360541e-07,4.406505387613370470e-07
1.315838488101198656e-06,1.055151963806778549e-06
2.626989440845984453e-07,2.690471767842766635e-07
0.000000000000000000e+00,0.000000000000000000e+00
0.000000000000000000e+00,0.000000000000000000e+00
3.225131947490802438e-07,3.128877538424077169e-07
0.000000000000000000e+00,0.000000000000000000e+00
0.000000000000000000e+00,0.000000000000000000e+00
0.000000000000000000e+00,0.000000000000000000e+00
0.000000000000000000e+00,0.000000000000000000e+00
3.799739064315877064e-07,1.182478919479379071e-07
0.000000000000000000e+00,0.000000000000000000e+00
0.000000000000000000e+00,0.000000000000000000e+00
0.000000000000000000e+00,0.000000000000000000e+00
0.000000000000000000e+00,0.000000000000000000e+00
0.000000000000000000e+00,0.000000000000000000e+00
0.000000000000000000e+00,0.000000000000000000e+00
3.098733345030541168e-07,2.522029552456014059e-07
4.779594082601967122e-07,4.179759919790082546e-07
0.000000000000000000e+00,0.000000000000000000e+00
0.000000000000000000e+00,0.000000000000000000e+00
3.679387556393618377e-07,2.688705825371493764e-07
0.000000000000000000e+00,0.000000000000000000e+00
0.000000000000000000e+00,0.000000000000000000e+00
0.000000000000000000e+00,0.000000000000000000e+00
1.135564966278191402e-07,1.731198725162044203e-07
0.000000000000000000e+00,0.000000000000000000e+00
0.000000000000000000e+00,0.000000000000000000e+00
0.000000000000000000e+00,0.000000000000000000e+00
6.951137481347621203e-07,3.632297459085526645e-07
0.000000000000000000e+00,0.000000000000000000e+00
0.000000000000000000e+00,0.000000000000000000e+00
2.662427829914542490e-07,1.397687961754867113e-07
0.000000000000000000e+00,0.000000000000000000e+00
1.373585155672899868e-07,1.339923156694956133e-07
3.766653100542075984e-07,2.703212344922956855e-07
0.000000000000000000e+00,0.000000000000000000e+00
0.000000000000000000e+00,0.000000000000000000e+00
0.000000000000000000e+00,0.000000000000000000e+00
0.000000000000000000e+00,0.000000000000000000e+00
2.830531977324379790e-08,1.963052189871349296e-08
0.000000000000000000e+00,0.000000000000000000e+00
0.000000000000000000e+00,0.000000000000000000e+00
4.383169988279699805e-07,3.354856350149111581e-07
1.702357796590782244e-08,1.668637427676876471e-08
0.000000000000000000e+00,0.000000000000000000e+00
0.000000000000000000e+00,0.000000000000000000e+00
0.000000000000000000e+00,0.000000000000000000e+00
0.000000000000000000e+00,0.000000000000000000e+00
0.000000000000000000e+00,0.000000000000000000e+00
0.000000000000000000e+00,0.000000000000000000e+00
3.459804805481719030e-07,2.850627885819192993e-07
8.282383681281306933e-08,9.337064437680045107e-08
1.790758065506163276e-07,1.565387206376539066e-07
0.000000000000000000e+00,0.000000000000000000e+00
0.000000000000000000e+00,0.000000000000000000e+00
0.000000000000000000e+00,0.000000000000000000e+00
0.000000000000000000e+00,0.000000000000000000e+00
0.000000000000000000e+00,0.000000000000000000e+00
1.177672807823539166e-07,1.097617403677504419e-07
1.561352244542317479e-07,1.323253177378092404e-07
7.418787975682109300e-08,5.158618864371944020e-08
0.000000000000000000e+00,0.000000000000000000e+00
0.000000000000000000e+00,0.000000000000000000e+00
0.000000000000000000e+00,0.000000000000000000e+00
0.000000000000000000e+00,0.000000000000000000e+00
0.000000000000000000e+00,0.000000000000000000e+00
2.464067172676875410e-08,2.473077806922606083e-08
0.000000000000000000e+00,0.000000000000000000e+00
0.000000000000000000e+00,0.000000000000000000e+00
0.000000000000000000e+00,0.000000000000000000e+00
2.532166451322578878e-07,2.648278197423819730e-07
0.000000000000000000e+00,0.000000000000000000e+00
9.545671202362607153e-08,8.758150916647632066e-08
2.706555956937193734e-07,1.323772318289640262e-07
0.000000000000000000e+00,0.000000000000000000e+00
0.000000000000000000e+00,0.000000000000000000e+00
8.803160906228216206e-07,5.701676052596669203e-07
0.000000000000000000e+00,0.000000000000000000e+00
0.000000000000000000e+00,0.000000000000000000e+00
0.000000000000000000e+00,0.000000000000000000e+00
0.000000000000000000e+00,0.000000000000000000e+00
3.943155797940375402e-07,3.859747424495654407e-07
1.406871732136263547e-07,1.586569123695844177e-07
2.649504248142724687e-07,2.648427951990650862e-07
0.000000000000000000e+00,0.000000000000000000e+00
1.559725780867443737e-07,3.761623248272251358e-08
1.238711145654423985e-06,1.527604849736905649e-06
0.000000000000000000e+00,0.000000000000000000e+00
2.505731277830514804e-07,1.347508077050897085e-07
0.000000000000000000e+00,0.000000000000000000e+00
0.000000000000000000e+00,0.000000000000000000e+00
0.000000000000000000e+00,0.000000000000000000e+00
0.000000000000000000e+00,0.000000000000000000e+00
1.095374390273860718e-07,9.904147520478216193e-08
0.000000000000000000e+00,0.000000000000000000e+00
0.000000000000000000e+00,0.000000000000000000e+00
0.000000000000000000e+00,0.000000000000000000e+00
0.000000000000000000e+00,0.000000000000000000e+00
0.000000000000000000e+00,0.000000000000000000e+00
0.000000000000000000e+00,0.000000000000000000e+00
1.189970029273990337e-07,7.264708122610033562e-08
8.749357951219322369e-08,5.842853499326868273e-08
0.000000000000000000e+00,0.000000000000000000e+00
4.131673532858248688e-08,3.061503121398206868e-08
0.000000000000000000e+00,0.000000000000000000e+00
0.000000000000000000e+00,0.000000000000000000e+00
0.000000000000000000e+00,0.000000000000000000e+00
0.000000000000000000e+00,0.000000000000000000e+00
0.000000000000000000e+00,0.000000000000000000e+00
0.000000000000000000e+00,0.000000000000000000e+00
6.759986500747044328e-08,5.185850924846857230e-08
0.000000000000000000e+00,0.000000000000000000e+00
0.000000000000000000e+00,0.000000000000000000e+00
1.593215141961161185e-07,1.377570059921533540e-07
0.000000000000000000e+00,0.000000000000000000e+00
0.000000000000000000e+00,0.000000000000000000e+00
6.270315266183458046e-07,2.947983820459015887e-07
0.000000000000000000e+00,0.000000000000000000e+00
0.000000000000000000e+00,0.000000000000000000e+00
3.929530439207830029e-07,2.936846231084994227e-07
0.000000000000000000e+00,0.000000000000000000e+00
0.000000000000000000e+00,0.000000000000000000e+00
1.033363819928470606e-07,8.867492003301586785e-08
0.000000000000000000e+00,0.000000000000000000e+00
4.124149297139603767e-07,1.740905279772730228e-07
0.000000000000000000e+00,0.000000000000000000e+00
0.000000000000000000e+00,0.000000000000000000e+00
0.000000000000000000e+00,0.000000000000000000e+00
1.189790139488523331e-07,1.140812878862350049e-07
0.000000000000000000e+00,0.000000000000000000e+00
0.000000000000000000e+00,0.000000000000000000e+00
1.310781881517581795e-07,1.044001008154110903e-07
4.831531392256073445e-08,3.503686165533606710e-08
5.083437660192359335e-08,2.615085802571002226e-08
8.907312905115393999e-07,6.176851760648325818e-07
3.423228280519508590e-07,1.851097872821622815e-07
0.000000000000000000e+00,0.000000000000000000e+00
0.000000000000000000e+00,0.000000000000000000e+00
0.000000000000000000e+00,0.000000000000000000e+00
0.000000000000000000e+00,0.000000000000000000e+00
0.000000000000000000e+00,0.000000000000000000e+00
0.000000000000000000e+00,0.000000000000000000e+00
0.000000000000000000e+00,0.000000000000000000e+00
2.027762068087951221e-07,1.358143049512229946e-07
0.000000000000000000e+00,0.000000000000000000e+00
8.684594169500965098e-07,8.747715852121438714e-07
9.214802867224143319e-07,6.739477555339815662e-07
0.000000000000000000e+00,0.000000000000000000e+00
0.000000000000000000e+00,0.000000000000000000e+00
4.308122958686412124e-08,2.308154635626647677e-08
4.420395748490322059e-07,3.352723132905083027e-07
0.000000000000000000e+00,0.000000000000000000e+00
8.143286883789332572e-08,5.264350686943017868e-08
0.000000000000000000e+00,0.000000000000000000e+00
3.400297458520704999e-07,3.250635913997206483e-07
3.158340379230285543e-07,3.227290868542394492e-07
9.676534878915200796e-08,1.014656785134726168e-07
1.296266134850530457e-07,1.156430505661971963e-07
4.197434508283995920e-07,2.436689915475078069e-07
0.000000000000000000e+00,0.000000000000000000e+00
9.104609033069300726e-08,7.476725262921089224e-08
1.230294337658565572e-07,6.861275678531117377e-08
3.696576459619715824e-07,3.681119349923214976e-07
0.000000000000000000e+00,0.000000000000000000e+00
0.000000000000000000e+00,0.000000000000000000e+00
0.000000000000000000e+00,0.000000000000000000e+00
0.000000000000000000e+00,0.000000000000000000e+00
0.000000000000000000e+00,0.000000000000000000e+00
0.000000000000000000e+00,0.000000000000000000e+00
5.378319037997114005e-07,5.511533263510583141e-07
0.000000000000000000e+00,0.000000000000000000e+00
0.000000000000000000e+00,0.000000000000000000e+00
0.000000000000000000e+00,0.000000000000000000e+00
0.000000000000000000e+00,0.000000000000000000e+00
0.000000000000000000e+00,0.000000000000000000e+00
0.000000000000000000e+00,0.000000000000000000e+00
4.290781284700767103e-08,9.117288812109738473e-08
0.000000000000000000e+00,0.000000000000000000e+00
2.031004795100226806e-07,9.002101690019652122e-08
2.542810132832609928e-07,2.440279564962975603e-07
0.000000000000000000e+00,0.000000000000000000e+00
0.000000000000000000e+00,0.000000000000000000e+00
0.000000000000000000e+00,0.000000000000000000e+00
0.000000000000000000e+00,0.000000000000000000e+00
0.000000000000000000e+00,0.000000000000000000e+00
0.000000000000000000e+00,0.000000000000000000e+00
0.000000000000000000e+00,0.000000000000000000e+00
0.000000000000000000e+00,0.000000000000000000e+00
5.324589959380363658e-07,4.017242135271475761e-07
0.000000000000000000e+00,0.000000000000000000e+00
1.776797127469201390e-07,1.258916026797049358e-07
0.000000000000000000e+00,0.000000000000000000e+00
0.000000000000000000e+00,0.000000000000000000e+00
9.525019907893788076e-07,8.235524892078786823e-07
0.000000000000000000e+00,0.000000000000000000e+00
0.000000000000000000e+00,0.000000000000000000e+00
0.000000000000000000e+00,0.000000000000000000e+00
0.000000000000000000e+00,0.000000000000000000e+00
3.665776983208987547e-07,2.826941315833436520e-07
0.000000000000000000e+00,0.000000000000000000e+00
0.000000000000000000e+00,0.000000000000000000e+00
0.000000000000000000e+00,0.000000000000000000e+00
6.697194074628972692e-08,6.556327598267460097e-08
0.000000000000000000e+00,0.000000000000000000e+00
4.366049187803489861e-07,4.013967720290966118e-07
0.000000000000000000e+00,0.000000000000000000e+00
0.000000000000000000e+00,0.000000000000000000e+00
0.000000000000000000e+00,0.000000000000000000e+00
0.000000000000000000e+00,0.000000000000000000e+00
2.642500709741795704e-07,3.060290517082807911e-07
0.000000000000000000e+00,0.000000000000000000e+00
0.000000000000000000e+00,0.000000000000000000e+00
0.000000000000000000e+00,0.000000000000000000e+00
9.525185872026414276e-08,8.779078283043148374e-08
9.907443663944645124e-08,9.345813834878496673e-08
0.000000000000000000e+00,0.000000000000000000e+00
0.000000000000000000e+00,0.000000000000000000e+00
0.000000000000000000e+00,0.000000000000000000e+00
0.000000000000000000e+00,0.000000000000000000e+00
0.000000000000000000e+00,0.000000000000000000e+00
0.000000000000000000e+00,0.000000000000000000e+00
0.000000000000000000e+00,0.000000000000000000e+00
0.000000000000000000e+00,0.000000000000000000e+00
0.000000000000000000e+00,0.000000000000000000e+00
6.178292566223358274e-07,5.452508021725266747e-07
0.000000000000000000e+00,0.000000000000000000e+00
0.000000000000000000e+00,0.000000000000000000e+00
0.000000000000000000e+00,0.000000000000000000e+00
0.000000000000000000e+00,0.000000000000000000e+00
0.000000000000000000e+00,0.000000000000000000e+00
7.133431515155017659e-07,6.155464922594536658e-07
9.510305042989306741e-08,7.025415129566634640e-08
0.000000000000000000e+00,0.000000000000000000e+00
0.000000000000000000e+00,0.000000000000000000e+00
0.000000000000000000e+00,0.000000000000000000e+00
0.000000000000000000e+00,0.000000000000000000e+00
0.000000000000000000e+00,0.000000000000000000e+00
0.000000000000000000e+00,0.000000000000000000e+00
3.332234717420934068e-07,2.610028759052834769e-07
0.000000000000000000e+00,0.000000000000000000e+00
0.000000000000000000e+00,0.000000000000000000e+00
0.000000000000000000e+00,0.000000000000000000e+00
0.000000000000000000e+00,0.000000000000000000e+00
0.000000000000000000e+00,0.000000000000000000e+00
0.000000000000000000e+00,0.000000000000000000e+00
0.000000000000000000e+00,0.000000000000000000e+00
0.000000000000000000e+00,0.000000000000000000e+00
0.000000000000000000e+00,0.000000000000000000e+00
0.000000000000000000e+00,0.000000000000000000e+00
2.624723800817289896e-07,1.771818777436603401e-07
1.969983738510245946e-07,1.620394224207580660e-07
3.069315095005389041e-07,2.436778332221772149e-07
0.000000000000000000e+00,0.000000000000000000e+00
0.000000000000000000e+00,0.000000000000000000e+00
0.000000000000000000e+00,0.000000000000000000e+00
0.000000000000000000e+00,0.000000000000000000e+00
0.000000000000000000e+00,0.000000000000000000e+00
3.989873443678021950e-07,3.732978380091352304e-07
0.000000000000000000e+00,0.000000000000000000e+00
6.339166994627104264e-08,4.765271269083691935e-08
4.456120547888697135e-08,3.092090150174584354e-08
0.000000000000000000e+00,0.000000000000000000e+00
0.000000000000000000e+00,0.000000000000000000e+00
3.518277288042348721e-08,5.930502553486555084e-08
4.509385670704749707e-07,3.503078312053256419e-07
0.000000000000000000e+00,0.000000000000000000e+00
2.784535411889441347e-07,2.600609404076331592e-07
0.000000000000000000e+00,0.000000000000000000e+00
1.426479482731438704e-07,9.674143636192805872e-08
0.000000000000000000e+00,0.000000000000000000e+00
0.000000000000000000e+00,0.000000000000000000e+00
0.000000000000000000e+00,0.000000000000000000e+00
0.000000000000000000e+00,0.000000000000000000e+00
0.000000000000000000e+00,0.000000000000000000e+00
3.858531826252665192e-07,4.051664952498289388e-07
0.000000000000000000e+00,0.000000000000000000e+00
0.000000000000000000e+00,0.000000000000000000e+00
0.000000000000000000e+00,0.000000000000000000e+00
0.000000000000000000e+00,0.000000000000000000e+00
1.647165983931574126e-07,9.016787241168222167e-08
0.000000000000000000e+00,0.000000000000000000e+00
2.512124469499034738e-07,2.483566580927489251e-07
0.000000000000000000e+00,0.000000000000000000e+00
0.000000000000000000e+00,0.000000000000000000e+00
0.000000000000000000e+00,0.000000000000000000e+00
0.000000000000000000e+00,0.000000000000000000e+00
8.908175404442523452e-08,5.216596983742353592e-08
0.000000000000000000e+00,0.000000000000000000e+00
0.000000000000000000e+00,0.000000000000000000e+00
4.410650833990941009e-07,3.433720914310617886e-07
1.120299147696908953e-07,1.011766052067225761e-07
5.095355044728990153e-07,4.014598333531459551e-07
1.703675185905463738e-07,1.704156355718560384e-07
1.178538840274517493e-07,1.129556132776697167e-07
0.000000000000000000e+00,0.000000000000000000e+00
0.000000000000000000e+00,0.000000000000000000e+00
0.000000000000000000e+00,0.000000000000000000e+00
0.000000000000000000e+00,0.000000000000000000e+00
0.000000000000000000e+00,0.000000000000000000e+00
0.000000000000000000e+00,0.000000000000000000e+00
0.000000000000000000e+00,0.000000000000000000e+00
0.000000000000000000e+00,0.000000000000000000e+00
3.201769517606424190e-07,2.280338110661803699e-07
2.836194096958940210e-07,2.430094924840000925e-07
0.000000000000000000e+00,0.000000000000000000e+00
0.000000000000000000e+00,0.000000000000000000e+00
2.738164443416455686e-07,2.474629082804343257e-07
0.000000000000000000e+00,0.000000000000000000e+00
0.000000000000000000e+00,0.000000000000000000e+00
0.000000000000000000e+00,0.000000000000000000e+00
0.000000000000000000e+00,0.000000000000000000e+00
0.000000000000000000e+00,0.000000000000000000e+00
8.659406702307551532e-07,6.618377701847749035e-07
2.619617015222434319e-07,2.647237753369148057e-07
0.000000000000000000e+00,0.000000000000000000e+00
2.139389141841652385e-07,1.558571380879895062e-07
0.000000000000000000e+00,0.000000000000000000e+00
2.730129498302851847e-07,1.546747488669305579e-07
0.000000000000000000e+00,0.000000000000000000e+00
0.000000000000000000e+00,0.000000000000000000e+00
5.795276270455897186e-07,3.127664235562467570e-07
0.000000000000000000e+00,0.000000000000000000e+00
1.200617134491062103e-07,9.129309732944121275e-08
0.000000000000000000e+00,0.000000000000000000e+00
1.046243621117495470e-07,6.240369583905099799e-08
0.000000000000000000e+00,0.000000000000000000e+00
6.766823864483821263e-08,3.617066264118633029e-08
0.000000000000000000e+00,0.000000000000000000e+00
0.000000000000000000e+00,0.000000000000000000e+00
0.000000000000000000e+00,0.000000000000000000e+00
0.000000000000000000e+00,0.000000000000000000e+00
1.041422741613396413e-07,9.109285145064637907e-08
0.000000000000000000e+00,0.000000000000000000e+00
0.000000000000000000e+00,0.000000000000000000e+00
2.265215481565911364e-07,1.641618620590068167e-07
1.720190170285493336e-07,1.563308550909362418e-07
0.000000000000000000e+00,0.000000000000000000e+00
0.000000000000000000e+00,0.000000000000000000e+00
0.000000000000000000e+00,0.000000000000000000e+00
0.000000000000000000e+00,0.000000000000000000e+00
0.000000000000000000e+00,0.000000000000000000e+00
3.003556602328323674e-07,9.950090291078668257e-08
5.850728226801394022e-07,6.130372776939859632e-07
5.382972529270393188e-07,4.267776360042714960e-07
0.000000000000000000e+00,0.000000000000000000e+00
0.000000000000000000e+00,0.000000000000000000e+00
0.000000000000000000e+00,0.000000000000000000e+00
2.618998768919568843e-07,1.280625443835260764e-07
0.000000000000000000e+00,0.000000000000000000e+00
0.000000000000000000e+00,0.000000000000000000e+00
0.000000000000000000e+00,0.000000000000000000e+00
3.954510404622135689e-07,3.698823081389256144e-07
4.049474177030066250e-07,3.917645060069737769e-07
8.567862025415087966e-09,8.186169049876248588e-09
0.000000000000000000e+00,0.000000000000000000e+00
0.000000000000000000e+00,0.000000000000000000e+00
3.501879416650541355e-08,2.410135619103849029e-08
0.000000000000000000e+00,0.000000000000000000e+00
6.136786104166312211e-07,4.455660395823631730e-07
2.295776752774908308e-07,2.234982402643996447e-07
0.000000000000000000e+00,0.000000000000000000e+00
0.000000000000000000e+00,0.000000000000000000e+00
9.534331454642067800e-07,9.337839785842586226e-07
9.881118474879485775e-07,9.107771143697774411e-07
0.000000000000000000e+00,0.000000000000000000e+00
0.000000000000000000e+00,0.000000000000000000e+00
0.000000000000000000e+00,0.000000000000000000e+00
0.000000000000000000e+00,0.000000000000000000e+00
0.000000000000000000e+00,0.000000000000000000e+00
1.276432311450354045e-07,1.314141675066124820e-07
0.000000000000000000e+00,0.000000000000000000e+00
2.721531383067370068e-07,1.948730140065241639e-07
0.000000000000000000e+00,0.000000000000000000e+00
0.000000000000000000e+00,0.000000000000000000e+00
0.000000000000000000e+00,0.000000000000000000e+00
9.557730255460852144e-07,8.289918580752414375e-07
0.000000000000000000e+00,0.000000000000000000e+00
0.000000000000000000e+00,0.000000000000000000e+00
0.000000000000000000e+00,0.000000000000000000e+00
0.000000000000000000e+00,0.000000000000000000e+00
0.000000000000000000e+00,0.000000000000000000e+00
0.000000000000000000e+00,0.000000000000000000e+00
1.023753874344229124e-06,1.147425019181882361e-06
5.789842098368776397e-07,5.512222512731467857e-07
9.053163139819016646e-08,7.929372115721435974e-08
2.409621455532128951e-07,1.607663140508682982e-07
2.415013105196746442e-07,2.148253707466347525e-07
0.000000000000000000e+00,0.000000000000000000e+00
0.000000000000000000e+00,0.000000000000000000e+00
4.743543362301273787e-07,6.695944951003239084e-07
0.000000000000000000e+00,0.000000000000000000e+00
1.613826033947176966e-07,1.588789743632738107e-07
0.000000000000000000e+00,0.000000000000000000e+00
1.481455921036568059e-07,6.477847645758418406e-08
0.000000000000000000e+00,0.000000000000000000e+00
0.000000000000000000e+00,0.000000000000000000e+00
0.000000000000000000e+00,0.000000000000000000e+00
8.653255180490815632e-08,6.221990354272645081e-08
0.000000000000000000e+00,0.000000000000000000e+00
0.000000000000000000e+00,0.000000000000000000e+00
0.000000000000000000e+00,0.000000000000000000e+00
0.000000000000000000e+00,0.000000000000000000e+00
0.000000000000000000e+00,0.000000000000000000e+00
0.000000000000000000e+00,0.000000000000000000e+00
0.000000000000000000e+00,0.000000000000000000e+00
0.000000000000000000e+00,0.000000000000000000e+00
0.000000000000000000e+00,0.000000000000000000e+00
0.000000000000000000e+00,0.000000000000000000e+00
0.000000000000000000e+00,0.000000000000000000e+00
9.151684268850695338e-08,8.471567887423440347e-08
1.081151544771720818e-06,7.408765756180872648e-07
0.000000000000000000e+00,0.000000000000000000e+00
0.000000000000000000e+00,0.000000000000000000e+00
0.000000000000000000e+00,0.000000000000000000e+00
0.000000000000000000e+00,0.000000000000000000e+00
2.805633418324954947e-07,2.672888814282910103e-07
2.096635649790574289e-07,2.049502924572612002e-07
7.239908520003680690e-07,5.243423362677396491e-07
0.000000000000000000e+00,0.000000000000000000e+00
0.000000000000000000e+00,0.000000000000000000e+00
0.000000000000000000e+00,0.000000000000000000e+00
0.000000000000000000e+00,0.000000000000000000e+00
0.000000000000000000e+00,0.000000000000000000e+00
0.000000000000000000e+00,0.000000000000000000e+00
0.000000000000000000e+00,0.000000000000000000e+00
1.133330933882596467e-07,1.178584925923642532e-07
0.000000000000000000e+00,0.000000000000000000e+00
0.000000000000000000e+00,0.000000000000000000e+00
0.000000000000000000e+00,0.000000000000000000e+00
0.000000000000000000e+00,0.000000000000000000e+00
0.000000000000000000e+00,0.000000000000000000e+00
0.000000000000000000e+00,0.000000000000000000e+00
0.000000000000000000e+00,0.000000000000000000e+00
1.569454883348658831e-08,9.446481482383576161e-09
0.000000000000000000e+00,0.000000000000000000e+00
0.000000000000000000e+00,0.000000000000000000e+00
7.309220152646927007e-08,4.869992109802654458e-08
0.000000000000000000e+00,0.000000000000000000e+00
0.000000000000000000e+00,0.000000000000000000e+00
0.000000000000000000e+00,0.000000000000000000e+00
3.721952394662243103e-08,2.758441807663502295e-08
0.000000000000000000e+00,0.000000000000000000e+00
0.000000000000000000e+00,0.000000000000000000e+00
0.000000000000000000e+00,0.000000000000000000e+00
0.000000000000000000e+00,0.000000000000000000e+00
0.000000000000000000e+00,0.000000000000000000e+00
0.000000000000000000e+00,0.000000000000000000e+00
0.000000000000000000e+00,0.000000000000000000e+00
0.000000000000000000e+00,0.000000000000000000e+00
2.430406494170458396e-07,2.262806748077946705e-07
0.000000000000000000e+00,0.000000000000000000e+00
2.473145222507312298e-07,2.937628912211142548e-07
9.352930458995132166e-08,8.897734451782068207e-08
5.152471044592216004e-07,4.282917821376134042e-07
0.000000000000000000e+00,0.000000000000000000e+00
0.000000000000000000e+00,0.000000000000000000e+00
0.000000000000000000e+00,0.000000000000000000e+00
0.000000000000000000e+00,0.000000000000000000e+00
0.000000000000000000e+00,0.000000000000000000e+00
2.878220758815868114e-07,3.463672890840160433e-07
4.050884833095599291e-07,3.679048611253857676e-07
0.000000000000000000e+00,0.000000000000000000e+00
0.000000000000000000e+00,0.000000000000000000e+00
0.000000000000000000e+00,0.000000000000000000e+00
0.000000000000000000e+00,0.000000000000000000e+00
2.260359104397132169e-07,1.281321623931464291e-07
2.835272352804484535e-07,1.330537801351427742e-07
1.569115753384088159e-07,1.443297217013650812e-07
5.830077128116912280e-07,6.121790185583763523e-07
0.000000000000000000e+00,0.000000000000000000e+00
0.000000000000000000e+00,0.000000000000000000e+00
3.338114235607634154e-07,2.710008991496092690e-07
0.000000000000000000e+00,0.000000000000000000e+00
1.178766044362341963e-06,1.253635913440445160e-06
0.000000000000000000e+00,0.000000000000000000e+00
0.000000000000000000e+00,0.000000000000000000e+00
0.000000000000000000e+00,0.000000000000000000e+00
0.000000000000000000e+00,0.000000000000000000e+00
0.000000000000000000e+00,0.000000000000000000e+00
0.000000000000000000e+00,0.000000000000000000e+00
1.126191971044688510e-06,6.854000251044098548e-07
0.000000000000000000e+00,0.000000000000000000e+00
0.000000000000000000e+00,0.000000000000000000e+00
0.000000000000000000e+00,0.000000000000000000e+00
0.000000000000000000e+00,0.000000000000000000e+00
0.000000000000000000e+00,0.000000000000000000e+00
3.116519596883016469e-07,2.985700569753436661e-07
1.034280336299481438e-06,7.469240343129646346e-07
0.000000000000000000e+00,0.000000000000000000e+00
1.055883786572555069e-06,1.104924263550950280e-06
0.000000000000000000e+00,0.000000000000000000e+00
0.000000000000000000e+00,0.000000000000000000e+00
0.000000000000000000e+00,0.000000000000000000e+00
0.000000000000000000e+00,0.000000000000000000e+00
0.000000000000000000e+00,0.000000000000000000e+00
3.540665531149743826e-07,2.457907724420062240e-07
0.000000000000000000e+00,0.000000000000000000e+00
3.023971686026012799e-08,2.889682996625752539e-08
0.000000000000000000e+00,0.000000000000000000e+00
0.000000000000000000e+00,0.000000000000000000e+00
3.638488430482854349e-07,4.071736004818615806e-07
0.000000000000000000e+00,0.000000000000000000e+00
0.000000000000000000e+00,0.000000000000000000e+00
0.000000000000000000e+00,0.000000000000000000e+00
0.000000000000000000e+00,0.000000000000000000e+00
0.000000000000000000e+00,0.000000000000000000e+00
0.000000000000000000e+00,0.000000000000000000e+00
1.055474984321946200e-06,9.283449461057776415e-07
0.000000000000000000e+00,0.000000000000000000e+00
0.000000000000000000e+00,0.000000000000000000e+00
0.000000000000000000e+00,0.000000000000000000e+00
0.000000000000000000e+00,0.000000000000000000e+00
2.900550701227972265e-07,2.899423973143669882e-07
0.000000000000000000e+00,0.000000000000000000e+00
0.000000000000000000e+00,0.000000000000000000e+00
3.324324726258426148e-07,1.618324072490831508e-07
0.000000000000000000e+00,0.000000000000000000e+00
2.981050026872744755e-07,1.692940088337533860e-07
0.000000000000000000e+00,0.000000000000000000e+00
0.000000000000000000e+00,0.000000000000000000e+00
0.000000000000000000e+00,0.000000000000000000e+00
0.000000000000000000e+00,0.000000000000000000e+00
1.255651106859144181e-07,8.128007261020229071e-08
0.000000000000000000e+00,0.000000000000000000e+00
