deltaE00,deltaEOK100
1.505376822088574151e+01,8.946637046504607227e+00
1.014660590417624797e-01,5.766896498591262549e-02
2.084506615869756629e+01,6.836704451044395725e+00
1.659406749463079589e-01,8.335204639033226559e-02
5.659236004929251607e+00,3.555855553778957567e+00
5.680234066135081861e+00,4.661682030915976327e+00
8.023634503865084255e+00,2.514057596599827971e+00
5.530588327035104612e+00,1.390307121328450135e+00
2.022395061286704276e+01,8.190232064477848795e+00
5.178355996881228940e+00,2.486309368343600834e+00
5.532514344487421631e+00,2.904890516503304099e+00
1.379946343704365086e+00,8.540373894156950696e-01
2.192901399597198875e+01,1.208908879309572093e+01
2.958587825495991552e+01,2.286343586006691453e+01
3.041700556964681626e-02,1.971609055339636554e-02
3.888244066859666836e-02,3.173317108657063707e-02
3.630620135887909217e-01,2.457810613599469285e-01
1.418706153245151214e+01,1.374904897632968570e+01
2.429851046145050653e+00,1.273427472945568795e+00
2.486732848435035237e+01,1.884745756299773589e+01
2.684523069834729725e+01,1.047756547433886709e+01
3.767611421370615776e+00,8.425883373233480356e-01
1.975208831174887791e+01,1.114017194052882509e+01
3.724931911368608439e+01,2.000730272618708483e+01
1.269724739912136524e+00,4.038669762449459411e-01
2.747630115279572904e-01,1.482876402146623696e-01
4.384144047029949753e-01,2.515843706552917114e-01
1.473383226099312004e+01,4.876537688921049885e+00
1.758163837279535713e+01,1.331478399240675969e+01
1.488339381834485309e+01,8.484478913228317154e+00
1.314303192377362706e+01,4.962939363791778469e+00
1.743551121960444661e+01,9.997052487208383909e+00
1.693603236053656502e+01,1.119018274553818237e+01
3.996444966456154546e+00,3.456835429116038139e+00
2.502749300848542902e+01,2.471329846247411410e+01
1.429610556551394396e+01,1.079750419450961729e+01
2.504660214120099937e+01,2.142959703743803956e+01
2.792148378423777721e-01,1.580377725095851171e-01
2.718900216898610367e+01,1.747331557049039574e+01
3.877913514180584720e+00,3.514197433662995085e+00
9.523444192266113717e+00,1.050468140709196874e+01
2.187786601430263378e+00,2.012039365955745396e+00
2.905398167612942006e-01,2.378033319719944361e-01
2.984406537455587838e+01,1.968578553670501208e+01
1.265522632024953609e+01,3.610592036636512070e+00
2.747534193068416997e+01,1.952585420454615672e+01
2.379894104095173546e+01,2.041587444345707070e+01
1.911641089340530186e+01,1.105948431271628429e+01
1.176615040196888673e+00,7.532468366653608527e-01
4.926032685373576747e+00,2.456727857181451924e+00
1.415738076575613036e+01,5.028091440378560151e+00
5.847128755924639598e-02,3.293123343785042678e-02
1.122491535474364177e+01,7.544976527868437977e+00
1.378627670875553690e+01,8.674379024154770690e+00
4.722363489338660791e+00,2.334540625673568126e+00
2.421490307050949919e+00,1.938576678616137361e+00
2.955866710886728477e+00,1.176796216851480059e+00
1.329273011371302715e+01,3.916580587502507260e+00
1.758382588202418972e+01,6.174547522561091739e+00
1.845724301565652681e+01,1.008328882399105630e+01
1.091900243015449412e+01,3.544398213454626134e+00
3.799042084899553751e-02,2.891075377122119192e-02
7.763883242143367447e+00,2.980391156206199099e+00
1.314596287470406744e-01,5.148688597295757868e-02
4.426194982331712602e+00,1.419426575844749516e+00
3.372908842450305505e-02,1.703761981791697758e-02
4.585294369979833640e+00,3.774640823045858351e+00
5.843708826925508859e+00,5.671557456737773784e+00
8.505945202375672642e-02,4.743591204913438081e-02
7.524498616309835408e-02,4.822093156528043517e-02
1.826019045158671616e+01,1.038150349299249697e+01
1.286191603764159419e+00,6.059741269281009313e-01
5.783374196000170553e-01,4.163051641702972261e-01
1.587603021588838703e-01,8.234309708722427346e-02
1.589196524072223760e+01,1.035048383349544743e+01
3.499405938355585111e+00,2.776264832159071272e+00
1.168785809243697127e+00,6.804824169153836921e-01
1.433764588974812604e+01,4.981313010625913584e+00
1.227162163724031751e+00,5.126740124011980315e-01
2.027698189887891633e+00,1.269903459037127202e+00
1.961316262677954469e+01,1.376890426398705891e+01
1.126292584252654905e+01,4.571107832893092748e+00
4.841538278763751535e+00,1.880325843501536642e+00
1.571344552976761477e+01,9.080348727588141600e+00
4.836120959167023337e+00,2.669684063859565359e+00
8.547704513502058177e+00,6.806265783592986729e+00
2.165169882666186041e+01,1.154067819450013133e+01
4.425074733457002307e-01,2.377051110525547351e-01
2.689610961304497394e+01,1.539448546763260417e+01
1.542888578239205088e+01,5.419585755925543147e+00
4.083489768146553622e+00,2.038219828677888756e+00
2.793480480168397762e+01,2.345653722790154916e+01
4.028616184219062368e-02,2.951879053514902193e-02
2.998825595642328068e+01,2.084050804599874596e+01
1.531639611353751984e-01,8.818422327134527172e-02
3.785478276408388609e+01,2.035797955039938856e+01
2.770887189557478791e+01,2.467412381369598862e+01
3.289552140324853102e+00,2.450717040906893018e+00
1.147104090447623470e+01,1.002430545139963769e+01
2.617411563002397656e+01,2.064564646482189048e+01
1.128000086958629034e+01,5.540469866335120841e+00
2.250725591529770853e+01,1.107805544806749865e+01
1.722490885541112238e-01,9.411513663731624346e-02
1.866953106569530263e+01,1.223747024062351052e+01
8.222899948495280498e+00,7.114112683208004384e+00
2.426815448901971806e+01,1.222910092815299521e+01
2.555846774109954467e+01,1.472076604603948802e+01
4.018255022553586464e+00,3.703674024151766719e+00
5.913036436842320498e-01,3.082523234660330402e-01
1.090059848019213185e+01,9.294195090704022277e+00
1.936314096731357282e+01,7.274776516228609324e+00
2.432400684128522528e+01,1.087316835260441650e+01
2.473373760157392098e+01,1.456646244150686975e+01
1.799750738495400171e+01,1.005139339680603605e+01
2.596201969529717601e+01,1.948157051068911372e+01
7.916481474029493981e+00,2.524027165916209459e+00
8.739955841219387844e-02,4.878165365714397239e-02
2.758681426329061637e+01,1.426467692749463190e+01
7.610606165006442714e-01,1.985970727811283976e-01
1.708146674633807649e+01,1.051386980455318643e+01
7.420900228066546589e+00,3.698645401657650655e+00
1.402107357887328210e+00,7.763401688557061142e-01
3.121571619467782693e-02,1.792991841697057914e-02
1.496572745913314861e+01,8.119432713146306213e+00
2.361365637497027947e+01,1.957494271508789652e+01
1.159058669586383150e+00,5.875849141863535019e-01
1.794081190642834223e+00,5.431412018072184766e-01
2.676058118036115729e+01,2.198652933283379696e+01
4.647583168409875398e+00,2.420378214363583691e+00
2.267297930480467372e+01,1.514996333759806291e+01
4.357583783121979693e+00,3.211898329759065529e+00
1.909543461262784803e+01,1.098864063574559857e+01
1.438399760220866064e+01,9.064329902319970600e+00
2.659211770948304832e+01,2.444108454555695786e+01
2.010095505892333989e+01,8.204205571214195913e+00
1.578462893875455866e-02,1.416467331393920885e-02
1.356415349646272972e+01,1.325080218271405563e+01
2.272995052889430490e+00,1.438687789989753885e+00
1.025633229788913958e+01,1.014086805294680538e+01
6.985389312077243673e+00,2.239562053398227892e+00
2.778630895039827209e+01,2.523520306755834852e+01
2.656585773364368208e+01,2.110144202216479670e+01
9.437402325056678976e+00,7.676569078717357719e+00
5.163933086470140488e+00,4.844379996950711309e+00
1.192479357524696226e+01,3.691701367631317954e+00
3.255982083543866423e+01,1.499888946988189531e+01
1.538648360880338073e-01,8.934063305841276337e-02
1.812759211933060755e+01,8.647857934071353725e+00
9.676888628300059025e+00,6.876734683306755080e+00
3.123952124566446287e+01,1.445565744762904181e+01
1.427291543866826018e+01,9.621443133839340689e+00
1.526090068572728242e+01,2.313924665649169299e+01
4.624136800251169716e-02,2.936080549671419432e-02
2.946468386538913009e+01,1.476028415933348015e+01
4.620286898643835571e-01,2.336914442359755983e-01
1.461403602481788333e+01,1.259830822832947206e+01
2.307463832721211652e-02,1.609734463261220175e-02
2.712533856712093439e+01,2.242250618993183053e+01
7.953190261908030578e+00,8.127250084605053715e+00
4.302372337598980162e-02,2.791832767684580482e-02
1.887210577520214727e+01,1.550513314485099059e+01
2.852377988468031944e+01,2.018262907984779631e+01
5.196782286094369319e+00,4.666639805176093780e+00
3.110827778807822019e-01,1.405312545367864985e-01
1.562032635203359554e+01,1.485665919629515841e+01
1.070788449989992265e-02,1.035720058336688301e-02
1.187409757928446163e+00,9.659935147793192733e-01
2.009035845487741057e+00,1.689758965349974940e+00
4.830246126669921619e-02,3.400364976260569772e-02
1.259980688896403400e+01,7.967251142011432030e+00
8.920944959411676589e-02,5.261672959146966588e-02
1.563653345298005704e+00,9.595734268563903546e-01
3.067393451099853507e+00,1.928580474038482651e+00
1.484080132962873888e+00,1.243866653359229302e+00
5.707782326512389481e+00,3.268237611348935090e+00
3.093583158227582430e+01,1.284854406648380198e+01
1.417882905039695093e-02,6.489692273968228342e-03
1.291909078858672011e+00,8.628525146145263891e-01
3.430202017794218516e+00,1.973608554436744100e+00
7.489154751930501952e+00,5.212405356211657903e+00
7.419438411326516603e-01,4.639245032699566562e-01
3.526878524378409452e+01,1.668210416547043096e+01
2.556669999016620309e+01,1.796946075262736287e+01
6.791824534769298261e+00,1.516423587146887852e+00
6.502519066844397733e-02,4.177947832995411448e-02
2.455973755782696166e+00,1.587968012024964626e+00
5.291481820224492455e-02,1.551268598774301066e-02
1.376985084656301872e+01,8.241114584649874786e+00
4.231036833481979786e-01,2.813980036848057198e-01
1.593875351210828073e-01,1.097348122654479563e-01
4.710727837176010624e+00,3.971777413493135622e+00
2.487317660408681164e+01,2.517270281717604519e+01
6.758686263509449788e+00,3.027352932282323383e+00
1.029646154116540124e+01,6.564616542152713841e+00
7.975877443918130139e-01,4.726734229062178883e-01
2.143641271079634592e-01,1.300250946167118282e-01
1.531033651872296453e+01,1.238349485007883288e+01
5.602076146743927509e+00,2.330656281917836470e+00
5.943250621261373823e+00,5.762374264244250810e+00
2.916530222574461817e+01,1.949389744930858726e+01
2.892460911956431374e-02,3.107227949162776406e-02
1.595900026178588327e+01,5.844158500079538854e+00
2.052879839720632305e+01,2.011677296843249252e+01
4.748140693569749549e-02,3.925855322212350867e-02
2.589481893916213906e+01,2.204911347769283481e+01
3.026489692184333791e+01,1.590909746643115241e+01
9.146562210126417014e+00,7.923335742618989208e+00
3.695311378515039991e+00,1.815054973097763202e+00
2.687176383324895212e+01,2.267757352020343831e+01
8.797638337553691512e-01,4.742508279180717157e-01
1.935314339914213733e+01,1.005745055688941569e+01
1.696589246185755329e+01,8.554538828848690102e+00
1.548050091942548434e+01,5.039566952050393844e+00
3.957019317797577651e-02,2.369995056969373404e-02
3.005189775088666693e+00,2.778842599186444495e+00
2.333210481003601089e+01,1.209416680899975027e+01
1.215293391542937584e+01,6.255058716257691387e+00
3.442529783324347115e+00,2.930046833930817662e+00
1.827168931301192600e+01,8.987053898244717232e+00
2.384402750700038640e-02,1.361454289747985637e-02
1.986119153277340343e+00,9.390465530565947905e-01
2.059916680257640564e+01,1.395263425345802055e+01
7.976105042152668856e-02,4.979161017479673962e-02
7.250184537487435854e+00,7.291558810232784182e+00
1.377687652918089967e+01,7.447787249519352670e+00
1.439580340981051165e+01,7.880495898202553917e+00
9.506569948525789293e-02,6.259056388496643530e-02
8.250784103188470553e+00,6.903502358389077109e+00
2.294524540899737630e+01,2.281863113780510233e+01
9.440683141428458935e-02,2.729311408847271900e-02
1.002093969328193701e+01,5.250853493113747383e+00
1.575904837753110144e+01,6.592664141299247049e+00
2.851424680063293593e+01,1.185626493973586193e+01
2.254109775489378720e+01,1.767625772558898589e+01
1.078191407949876668e+00,6.275162188755323278e-01
7.792051335298926240e-01,4.226018121314572551e-01
1.543187258137294826e+01,6.735195283203562866e+00
2.638373871889946187e+01,2.011521554551013580e+01
2.746397101097574137e-02,1.058203414914046445e-02
2.251386675130892101e+01,1.053152654948879885e+01
8.000589264922670196e+00,6.118769070845615943e+00
2.800085324431353229e+01,2.454241566409180564e+01
2.481663461443514862e+01,2.371052279286631048e+01
9.931436914050198461e-02,2.363944312696193359e-02
1.789198972393387521e+01,2.128165568990825918e+01
2.027760538685474145e+01,6.981097742363487235e+00
2.350071960307269237e+01,1.661416702698199899e+01
1.757955103807810815e+01,5.267178894840092163e+00
2.453354809782710433e+01,2.392444962541783582e+01
1.360159566034196743e+01,1.150164574589866717e+01
1.326354368190061273e+01,1.048270751763012854e+01
7.615810959423007453e+00,7.116796283052580385e+00
1.168749912187950635e+01,1.048359872285519856e+01
4.663832510052713931e-01,3.759523206770604142e-01
3.851274574338421797e+00,1.929803267011797052e+00
1.521059845092574569e+01,7.100781080447969629e+00
2.217925525170664258e+01,1.123211976321268324e+01
2.597592689062403792e+01,2.544466357249741151e+01
2.853782404409586526e+00,2.379068930710063867e+00
1.685694812392198039e-01,1.350569680109858228e-01
9.669770322781641170e+00,7.788666528722271387e+00
2.190611100011871371e-01,1.248155555899017749e-01
2.828369504084354702e+01,1.376095380387367939e+01
6.484366815943867657e+00,4.722178217802933453e+00
2.369084145684718834e+01,1.739272490012162464e+01
1.270503616976069450e-01,9.554098959797537038e-02
1.375933843727455308e+00,5.140825839854810120e-01
2.389633739829229597e+01,1.509224915963821267e+01
2.611424749727165562e+01,2.056913318481088737e+01
4.894612951840072057e+00,3.027794636241845083e+00
1.131692976636329950e+00,5.692837581338382469e-01
1.864003063111843161e+01,8.903843845247767064e+00
8.512071443785899305e+00,4.897183466623827641e+00
2.575099156436649217e+00,1.035157963484215848e+00
1.589173142354400703e+01,2.151182898059901660e+01
6.156925195201037759e+00,5.074509774075841584e+00
2.595962707855236928e+01,1.989033481246363522e+01
5.535580776633000077e+00,2.849294946382929794e+00
1.622128797753449758e+00,1.472519157384935440e+00
1.842384320473050607e+01,9.411007364208028747e+00
1.148474544787429075e+01,7.417181603057229289e+00
9.321381822659754235e+00,9.210955374169827792e+00
4.618616881487962900e+00,4.192184344838031151e+00
2.548139076256533286e+01,1.702281854197138600e+01
7.503547082793235568e+00,1.763577066499932178e+00
2.477773850098749620e+01,1.472500844924387309e+01
2.501132343320599105e+01,2.581692144451444193e+01
2.504764725161264582e+00,1.108135464420376470e+00
1.923895969863830402e+01,1.182567997493715595e+01
2.449928922225734595e+01,1.529923951803125703e+01
1.588441700882981256e-01,7.871351525683865924e-02
7.860069043372836184e+00,6.630382214847709399e+00
1.202528192689899633e+01,7.719967495873058638e+00
1.294844015344628474e+01,8.706729595002132172e+00
1.252978420728500808e+01,3.487623852801793767e+00
7.896542637405083720e-02,4.340988964187616345e-02
1.828395939258363467e-02,1.871656551224275961e-02
9.892957728546202034e+00,1.090755932826531449e+01
7.819725839180954097e+00,7.830780226256756293e+00
3.653875684287361675e-02,2.304566098183302367e-02
2.746886983530578874e+01,1.176926882999927848e+01
1.038379402770231330e+00,7.854857566320677664e-01
4.859027367617624327e-01,4.459014241784264310e-01
1.851850324419358174e+01,6.532687663641326026e+00
6.799492596755931650e+00,1.909008264851427494e+00
7.014928270967682344e+00,5.542462541462571224e+00
3.186588873453769288e+00,1.981542353329617701e+00
6.932982508486402295e+00,3.601004229646409538e+00
2.678509729022153962e+01,2.389931922391622265e+01
1.424696330544441766e-02,7.558932790923187164e-03
3.933913626631081684e+01,2.126490147002434483e+01
1.476996077433951271e+01,1.055647811524588420e+01
4.703956669382101552e+00,1.453059519299329416e+00
2.579156382056488686e-02,2.287875836386848299e-02
2.444991685319241714e+00,1.993222967193640782e+00
3.578575900031379575e+01,1.816807357110242904e+01
2.032401536172089251e+01,1.957548956284773567e+01
1.159723186579533660e+01,6.260804745158591977e+00
2.764771501674075704e+00,2.350261111666523739e+00
1.477796662570658004e+00,8.687502143134172572e-01
1.681476222273446197e+01,1.566763576242942158e+01
3.829933605081308201e+01,2.018260524839137915e+01
1.962379685648112826e+01,1.726176435382568997e+01
1.489713932261757101e+01,5.423719092923000140e+00
4.725581748826103434e-02,3.065646458269735003e-02
2.265092275705340086e+01,9.883350105205762404e+00
1.515535990655981213e-01,6.708239103780291868e-02
6.588204457460389740e+00,5.686537339988944062e+00
1.726351761238397842e+01,7.458654242198764273e+00
2.213014824908423961e+01,1.742910666677892806e+01
1.091320774006916139e+01,1.032064911967687237e+01
2.726531763227125182e+01,2.438439025006491789e+01
3.183827010810724722e-01,1.136740924078108173e-01
2.057911973805072403e+00,1.096347484392534266e+00
2.366588944520290383e+01,1.833149817179993946e+01
1.182643894720852806e+01,8.457760291763753102e+00
8.957132723722184053e+00,8.422474262335741813e+00
1.482313669485074481e+00,6.004398837327381555e-01
2.744543006570898669e+01,2.683517205861903321e+01
2.183643590650074628e+01,8.987959563509178906e+00
8.506080106879878144e+00,7.189812283402084780e+00
2.970285111963684344e+01,2.636657423330012762e+01
2.014629769831479322e+01,1.463257480314009484e+01
1.159330845155760237e+00,6.821088612468664270e-01
6.119990173982507997e+00,4.774638931382805929e+00
2.721583592075085889e+01,2.367910228950947982e+01
2.506373797180969731e+01,1.127938334737863180e+01
2.720770486183002390e+01,2.312511124237520121e+01
1.722833444048579210e+01,9.125131005005544083e+00
2.424252187203260434e+01,2.076268852517818431e+01
2.464306851173022039e+01,1.523015404895416225e+01
9.517523450682467967e+00,8.152655249890367273e+00
1.564499001312217447e-02,1.528778234279136797e-02
2.153302127289820689e+01,1.033720690375691298e+01
1.152997895875484424e+01,1.164655600158976334e+01
2.398587016029124896e+01,1.812505385803667579e+01
1.957243293519830374e+01,1.530974529565231279e+01
1.068706807675375892e+01,1.128274789000143663e+01
8.291902872016873260e+00,6.202160416702381163e+00
1.744617012362505770e+00,1.045794201678427404e+00
1.593869157868247122e+01,1.554566785103051707e+01
1.742759216010417944e+01,1.131544966210333492e+01
9.778066954432455660e+00,7.920622555348109550e+00
2.261814816219254176e+00,1.172912067808142833e+00
8.979045678537255881e+00,3.049644524245938459e+00
5.109628261387185511e+00,1.505531203160942022e+00
4.818321608994089594e-02,3.946818617385532829e-02
1.817640221631313580e+01,2.432109718182087477e+01
1.899926438667477768e+01,1.113565202079146843e+01
3.690805266240881455e+00,3.032544374876218640e+00
4.598196878439329893e+00,4.186104346045711466e+00
7.121701887793027375e+00,2.622349989588463881e+00
1.402944332787629023e+01,1.054953633802044344e+01
8.801599872781819656e+00,6.033380997097713916e+00
2.305132152769393628e+01,1.084404863303234379e+01
1.583171432398685496e+01,9.285924507339508693e+00
1.208774818917161831e+01,6.284091700260729496e+00
2.870231698300661094e+01,1.965662164729453920e+01
1.556345830637178684e+00,7.866849430021631839e-01
8.879790029999623968e+00,3.747139882345495110e+00
7.056378193519139863e+00,1.565607982977021084e+00
5.811913322525851910e+00,3.725651883395392883e+00
3.004062933680077307e+01,2.045623566529308590e+01
6.458408356529945493e+00,6.375239130209281235e+00
2.902864097416792788e+01,1.283031863989332066e+01
2.101201151001725975e+01,1.702156640804470555e+01
9.683298559306688702e+00,7.195540930923916001e+00
1.397118316111967218e+01,6.577757915323181770e+00
1.656184515638551247e+01,5.345792521715285517e+00
3.864142250490741226e+00,8.596642617439596012e-01
9.919174842293811523e+00,5.793698415987895700e+00
5.452695130363613973e-01,2.557864014914276729e-01
4.208321054241440429e+00,3.679080210008933705e+00
1.290833619704886415e-01,6.929331803432779713e-02
1.263557530797563590e-02,5.525099667573151602e-03
2.122363309400881803e+01,1.214034494633826000e+01
1.913943792930561472e+01,9.983380655520219804e+00
2.694394599580177641e+01,2.143657841757840998e+01
9.564359473304330450e+00,2.621648780813999657e+00
1.632733974588337911e-02,8.440565399622403445e-03
9.574129575963445937e-01,3.161377154324575001e-01
1.008011347426787374e+01,1.014429537693943573e+01
1.218753298401068896e+01,9.692667324323897660e+00
5.721295177048244668e-02,3.962134925098735605e-02
1.381265094323744114e+00,1.251247627364306725e+00
2.632778120736192307e+01,2.252091355207523549e+01
1.552539407343030575e+01,9.257112516993910134e+00
4.438300609057804075e-02,3.203801135451757320e-02
2.043328146876983453e+01,9.907534033569351806e+00
2.859479422815402128e+00,2.594181897071499598e+00
2.784283319219845509e+01,2.432449382798871440e+01
4.644684087149756557e+00,3.504651059785292233e+00
1.031746925786430502e+01,5.627027695276072272e+00
2.244974230372341228e+00,9.119803410287974366e-01
8.455667422344060213e+00,3.269983059353483767e+00
3.476875495626566703e+01,1.686645776434811594e+01
1.736223032443308512e+01,8.954036430652902112e+00
2.988862938471814057e-01,1.746299444632132547e-01
4.310210159624305870e-02,3.150084805224804413e-02
2.254130921869896387e+00,1.553074668565452177e+00
7.817943388753320733e+00,2.844185614026967901e+00
2.376432129633646184e+01,1.286932536935852234e+01
1.712582711596243357e+01,8.487769932533408834e+00
1.602925394821744476e+01,7.572030236614990528e+00
5.270082577876555874e+00,4.308578833702862099e+00
6.010819821372730826e-02,1.496486170254691071e-02
1.375598780765022733e+00,1.041617473744864464e+00
1.623399062852420016e+01,1.036082584438208443e+01
2.917683891821692654e+01,2.532227164579682821e+01
1.481852018585912534e+00,7.207040513136304671e-01
5.513680141029475124e+00,4.667553088028342678e+00
2.278686892747498050e+01,8.574739886448238479e+00
4.798642044099935000e-02,1.055421816219087421e-02
1.368503457547013857e+00,7.401289529236774190e-01
7.910345035117974710e+00,5.213613053701542377e+00
1.862227690032248972e+01,1.182362992349277064e+01
2.248947956037349982e+01,1.943235426477048833e+01
1.296396424270987069e+01,8.276465918079468409e+00
3.644177830360903592e+00,1.757883833508451898e+00
1.413693292769641507e+00,7.215381995724193809e-01
8.538048521961139059e+00,3.993432777135200951e+00
1.944897316081059202e+00,1.454324591270558020e+00
3.403090407313944521e+00,2.432172692434829919e+00
2.876769140598365443e-02,2.438669708980687953e-02
1.602234170862233142e+01,1.158592130423720157e+01
2.069547150236988031e+01,9.072320413496344216e+00
1.158633270575016994e+01,1.309759468940406890e+01
2.019831337203007493e+01,1.541945820222941066e+01
3.709278966880336537e+00,3.269310900029768874e+00
1.969375314338370231e+01,1.024139554247902950e+01
1.900838645357742426e-02,1.828875751528113297e-02
2.663389781722403526e+01,2.277258948441658859e+01
9.000628261658990326e+00,6.203138417203946098e+00
2.299807746314721957e+00,1.304957611598684952e+00
8.774018138468928085e-02,5.222297453924704125e-02
6.195257893432391860e+00,5.774484204403352194e+00
2.499428874170274639e+01,1.577170850306615435e+01
3.858802211555387857e-02,3.013822103212677322e-02
2.664455565139514803e+01,2.193466548468690647e+01
1.254515594022393543e+01,1.094839648450381553e+01
1.653079219173390157e+01,4.822827790190831188e+00
1.782155580765317637e+01,1.129341538544923829e+01
1.548081468163128582e-01,9.413944329614816475e-02
1.081352093956747806e+00,2.507258097047294076e-01
5.376991388292718277e+00,2.427401131798203160e+00
3.279038173146861368e+01,2.853174405261642477e+01
3.159864909358769847e+00,2.185255068203205919e+00
1.937921930070954701e+01,1.693278096687537015e+01
1.041419643155966135e+01,8.799533661681236296e+00
1.785962702214294850e+01,1.023904477171610772e+01
9.930734443495412123e+00,2.391200554059717653e+00
1.832096720377677102e+01,7.138738273914029264e+00
1.719865224227617162e+01,8.191453334251894702e+00
1.785796384780507040e+01,1.198363421611622925e+01
1.053032672016386861e+01,8.412099659132643126e+00
2.951521604095390106e-01,2.571954706752680453e-01
1.172637823168427040e+01,3.226495413719115302e+00
2.293457435521291998e+01,1.457883087865025828e+01
1.885435142946964149e+01,1.448114882812971871e+01
1.050375067339419566e+01,9.856665931780298706e+00
2.444756554758598455e+01,2.034693010441595007e+01
2.813324684039427126e+01,2.233134421747638854e+01
2.335885724367271266e+01,1.995007123314073638e+01
3.907067579502833399e-02,2.271482832224019921e-02
9.665584240900708224e+00,6.105260182115578971e+00
5.736256467077720245e-02,2.525974317203404790e-02
3.074170694897821932e+01,2.052188824685841340e+01
6.981291638972502156e+00,4.738582813284314632e+00
1.247608959359698177e+00,6.767259697370814342e-01
2.596034658228818870e+01,1.933589216564727664e+01
9.226042036624236553e-02,5.719518052549539544e-02
1.858914233382958159e+01,1.019709627468906810e+01
1.150278727240898569e+01,5.427803419493508308e+00
3.384216593646390686e-02,2.214727147840487784e-02
2.263577857053549280e+01,1.910965615162082898e+01
2.762193112453684041e+00,2.266810527332021596e+00
8.608300231900981592e-01,7.141464436800798454e-01
2.551863219951692230e+01,1.840093795635649343e+01
2.276379798148436606e+00,1.885241754305033712e+00
7.342293247364293229e+00,1.958409786227572447e+00
3.580140669601659248e-02,1.379412779541275627e-02
5.895484231145142751e+00,1.277503146382067634e+00
4.321838344842927060e-01,3.177616651298891259e-01
1.517268317529118171e+01,9.592997099698671093e+00
7.347738101693258805e+00,4.064103537395070909e+00
1.328514932026862105e+01,5.118313256976956716e+00
1.716049353788325860e+01,1.000605225888484640e+01
3.171420665993913257e+00,1.862198023041249817e+00
7.114535928208647053e-02,3.940439122674238570e-02
2.889798796559236993e-01,8.593245834846058306e-02
2.988613738866297345e-02,2.211100392236388379e-02
4.148467337605764804e+00,2.802496983084481030e+00
4.865239781982490186e+00,3.568028217138517810e+00
3.833781312359993088e+00,2.776322162126259929e+00
6.206169510280013651e-02,3.795118881803794669e-02
1.598763389358518161e+01,6.140395941308337768e+00
1.740341847472324943e+01,5.839400484249774870e+00
6.315378400723349550e+00,4.144098446844544981e+00
1.847049818797618315e+01,1.757811232693374848e+01
1.676546016677947115e+00,1.300258640916386321e+00
7.306832232593766463e+00,4.791998339072983448e+00
9.166927399781870989e+00,5.757222519886359358e+00
6.340949132262496679e-01,1.362032187379283998e-01
2.475421422359638157e+01,1.587729552753381945e+01
1.732064466045979501e+01,1.498943341383018613e+01
2.882515058810587760e+01,2.322678616343085878e+01
4.098297395452134562e-01,3.133454250422084142e-01
5.744654704818860091e-01,4.725948468423458726e-01
5.651029486198821061e+00,5.714569543823352582e+00
5.958820676583418852e+00,5.139402646589051216e+00
1.320967285043037620e+01,8.123421800449696306e+00
1.066552564726660712e+01,1.145040799994354686e+01
4.685182098974099985e-02,3.590256809896279905e-02
1.330866054118766861e+01,1.210238371940633328e+01
6.240878634113899981e-01,2.633519745290091030e-01
5.268837630643172787e+00,2.681587738054702630e+00
3.016527897964318861e+00,2.763813881277214168e+00
1.938426101474371066e+01,7.639549890108076724e+00
1.059581357235240384e+00,3.743692912641733983e-01
1.146391451887054913e+01,8.120542710734547143e+00
2.141228335072048949e+01,1.944250285222945251e+01
2.391614865049745475e+01,1.010519049336919295e+01
2.518580701481254991e+01,1.693621518891827549e+01
1.559005361952858326e+00,1.062153066713085403e+00
2.319832715348058372e+01,1.375459651728957766e+01
1.303653786467424247e+01,7.335481048813227822e+00
1.508550885653638396e+01,5.740779635566978456e+00
6.503515542821234341e+00,6.439764150084588579e+00
1.230301624736090726e+00,7.886060682639430830e-01
9.744011969630140158e+00,2.626148886484478862e+00
1.335373765520634359e+00,1.184240306334052750e+00
6.235458808996486441e-02,4.033052170631882399e-02
6.360094599163593210e-02,3.864305569214467051e-02
2.861512506002171463e+01,1.932083252613455571e+01
1.829974225706736135e+01,1.765823420002078947e+01
8.887820099805948004e+00,4.494591853702210038e+00
1.344931393241993178e-01,6.953155779289384164e-02
1.123577630651814019e+01,3.336111173788040229e+00
2.353680336595888889e+01,1.895146373872766432e+01
1.728319257390269570e+01,1.168297075297387977e+01
3.055398863958854960e+00,2.503592714530380459e+00
3.745690038054771964e+00,1.999335873674202180e+00
1.550138648046475254e+01,8.003276973360293312e+00
2.471509556786545403e+01,1.150714098324557710e+01
2.427264676589435766e+01,1.135829287097597096e+01
3.802059670145575776e+00,1.955510410334893479e+00
1.658010922013454191e+01,6.187634020017950931e+00
1.409991585226311628e+01,8.557403759179566194e+00
3.658821313643337986e-02,2.965911703013056344e-02
3.521455835204745366e+00,9.496676489088443640e-01
7.123369174718028329e-01,2.842044069600183631e-01
9.061861450322473033e+00,5.978049746384337837e+00
9.404576735767554041e+00,5.440294023108000587e+00
1.980538297616413956e+01,1.282919495428610546e+01
1.751348378998735811e+01,1.029769378099710941e+01
7.182659852233781728e-02,2.402847312401360652e-02
2.611537864084151339e-01,1.105979197370046963e-01
3.503314459340597237e-02,2.910111329283057019e-02
1.262966687759742301e-01,7.102643182087266249e-02
1.861540887668456179e+01,8.185579311135574798e+00
1.209490768476455180e+01,4.399857205081788791e+00
1.646274313402264558e-02,5.796352548869074597e-03
4.935223376644517934e+00,2.410838725607948430e+00
1.989527625002757460e+01,1.994550712585544261e+01
2.133171640661491608e+01,1.230686555309877583e+01
2.610972475370003920e+01,2.343810359716895420e+01
2.264682646065917027e+01,1.464468607511379439e+01
4.586572649741071039e+00,3.699324190197314621e+00
2.172856946626537678e+01,2.071212687958511722e+01
3.642131557488014620e-02,2.344435564171456002e-02
1.793404597204351347e+01,8.237106205749723742e+00
5.161380178814398145e-02,1.948524144903488950e-02
1.822816729224848231e+01,1.651282613021146162e+01
1.236210346492130618e+01,4.486688023052803231e+00
2.550379281668487508e+01,2.176224650051183573e+01
2.682295637342854988e+01,2.147840411001286753e+01
1.296418277581718392e+01,4.505735772209922274e+00
1.388528547956973469e+01,8.533226618471305258e+00
1.457006580972699261e+01,6.557974630199052690e+00
1.830193155435118157e+01,1.052206624927199208e+01
2.253228719366317634e+00,1.134053202796647453e+00
1.888667361995710792e+01,1.391216990182424240e+01
1.919683704965503424e+01,9.075435384818318241e+00
3.522816768295264467e+01,1.670452936653223475e+01
5.682053906156478984e-01,3.340875783346779482e-01
1.395986307493221545e+01,7.456788521937158798e+00
1.450798298691786448e+00,6.825214804684103242e-01
8.367371797579460591e+00,8.655318887837285757e+00
1.930331531750817931e+01,5.933657576893345720e+00
5.789968987530142996e-01,4.424538920655480267e-01
1.125201778338561498e-01,6.474938515710246256e-02
8.126629172207263663e-01,3.358631447442900209e-01
2.044081314031491559e+01,1.516109349409942375e+01
3.239127338925300303e-02,2.234088358658312123e-02
2.370573923685019935e+01,1.128879022084243466e+01
4.476188249889192505e+00,1.628216676685766862e+00
2.531592479635873261e+01,2.188182863397988598e+01
1.061300214562107591e+01,1.027616540404308410e+01
1.290070401479542078e-02,4.516942435584697137e-03
5.212311620683965016e-03,2.126134672400297344e-03
2.905792630672514676e+01,2.494100821493696429e+01
2.381103662748444805e+01,1.352059914598097912e+01
3.109652146023392127e+00,1.130042447337717526e+00
7.057175761945877923e+00,6.455645825913471469e+00
2.406448674604875748e+01,1.041788928572696271e+01
6.041895228151498820e+00,5.314217045219039370e+00
1.586261408895905389e-01,6.040521183098974956e-02
2.837139258243774975e+01,2.229114150496348401e+01
3.512076837065369883e+00,2.783952056478755654e+00
2.715417914148767053e+01,1.207953050596298361e+01
1.232585025828714720e+01,1.082861298024001329e+01
2.671255190888626885e+01,2.238745518829606951e+01
1.135512581836721857e+01,7.973136398486821541e+00
1.772146960244817393e+01,1.242967671282050546e+01
7.038503190401644183e+00,3.322433396267279626e+00
6.959044010688825388e+00,6.753335193724689489e+00
5.904302023650068953e+00,2.218049548883163524e+00
5.754134520640283995e-02,3.682018591328996976e-02
2.337380076070121149e+01,1.203306599235368246e+01
2.664841604683416776e+01,2.185656125086332580e+01
2.740286464696907842e+01,2.225118839900009249e+01
3.744498812656917419e+00,1.517844303825466534e+00
2.386282582243289241e+01,2.151726499625288724e+01
2.305813351585475957e+01,1.263706425636321207e+01
2.105874117679805124e+01,1.336403851776545260e+01
1.279151833087074586e+01,4.083234703204507987e+00
1.459858950506727308e-02,9.353389084162564218e-03
5.934057246669440649e-02,4.831820844838451146e-02
3.338883826555075274e+01,1.524169207791869773e+01
2.090954366018257016e+00,1.234911058326789046e+00
1.383675224535578785e+01,4.798644829246794252e+00
1.378918854655960402e+01,1.681335182205858914e+01
2.853744796574412135e+01,2.310971327316816115e+01
6.109203843747286200e+00,3.458995326073007082e+00
4.801944335058920821e+00,2.375074427432168456e+00
1.917230569772559789e+01,7.169292696179524249e+00
5.308218185655384086e-02,3.240808012157685158e-02
1.600361725306823857e+01,4.654847318974045578e+00
1.132776824264146853e+01,6.081733162992610353e+00
1.067392506749984626e+01,1.191177054804140489e+01
1.526107723649115400e+01,1.448853700204875139e+01
6.007739475856822331e+00,3.809481789344269842e+00
4.956016555251118727e-01,2.215245346077350519e-01
9.324945685411474727e+00,3.451819377987830340e+00
9.411287264020035792e+00,8.863347869170198123e+00
1.348424545458634327e+00,7.281490727846617883e-01
2.155237049971011487e+01,1.674182875470078358e+01
2.106040821511607675e+01,7.731277531598906627e+00
3.361340444886529610e+00,1.296505529224269537e+00
7.520736772573431317e+00,5.446985491507719601e+00
1.050374713925248571e+01,5.919480531686565961e+00
2.528983714217184278e-02,2.226359260352778896e-02
1.241605379909837686e-01,6.270256280935533610e-02
7.964297301450049105e+00,5.349287062432077633e+00
1.455970774028890347e+01,5.425378690864750553e+00
1.121220293750300812e+01,5.583456319719680039e+00
4.518530493781506507e+00,2.281482198603073108e+00
2.911592123599239912e+01,1.367670567009395910e+01
1.898668130818174404e+01,5.720537074993254478e+00
9.082118577730293296e+00,9.136381028970491869e+00
7.060163738341808326e+00,5.323021434442479993e+00
5.210119032320904786e+00,3.380778179414642537e+00
1.383343052831518705e+01,4.079611288648870016e+00
1.947208487862274140e+01,9.698247895325431855e+00
1.573133205125893663e-01,1.049090077754664119e-01
1.089526109574685009e+01,1.090568422919112912e+01
1.926357821957056871e+01,1.464059338177566616e+01
2.150687285356049117e+01,9.194340501031222246e+00
1.355439937606345424e+01,4.015164156650180338e+00
3.387718071055347835e-01,1.626001768848216733e-01
2.328730130557419287e+01,1.193837479431197401e+01
1.737780197610207591e-02,6.255869933279121359e-03
2.219210071272018081e-02,1.483529374351206902e-02
2.395501042466533903e+01,2.244806178265120167e+01
2.830059916995847757e+01,2.349065569132341480e+01
4.414526143051615392e+00,3.659943454336605395e+00
1.571159746004177826e+01,1.500864168876199578e+01
1.504478621080583167e+01,8.556670938019623307e+00
4.745536913960052061e+00,3.417899478990570561e+00
2.714535347254744124e+01,2.230305548044266928e+01
5.390631777770870769e+00,5.282027028788924383e+00
3.668284889518496783e+01,1.762186357572061013e+01
2.576565431271932827e+00,1.910048267711986547e+00
1.956265028807712980e+01,1.797902399223220016e+01
1.295572963958877288e+01,7.920440191073875980e+00
1.803838186246690256e+01,1.266982464865509250e+01
2.188102503176160951e+01,1.213791159536594577e+01
1.098606443291163437e+01,1.042403937512914958e+01
1.234430732688896093e+01,9.138495493399165781e+00
2.044177601228549435e+01,1.950677839882596842e+01
2.516029370037091084e+01,2.544512663435854449e+01
1.290022252961024662e+01,9.557262298750087481e+00
6.874504294049561537e+00,3.924318137216578517e+00
1.889798058247396284e+01,1.092630683475319664e+01
3.925340413543682710e-02,3.162712799303855904e-02
1.077369366314535348e+01,4.174648979155305639e+00
1.480848174954811469e+01,9.405657472483186510e+00
2.330003907347517256e+01,1.556773297074476581e+01
6.443682823869259835e+00,2.184807756162011394e+00
4.865849247088573470e+00,1.050824452496725847e+00
1.910266387538545274e+01,7.530161992867292042e+00
7.891706699524743129e+00,4.813718465563397331e+00
3.129247647498264229e+01,2.136942695549248228e+01
2.107912417681144035e+01,1.331877050391017470e+01
7.607714385723021167e-01,3.813084253279960256e-01
1.076196974332384215e+01,8.981934981751940938e+00
1.383162459346064521e-01,7.204958392076743490e-02
6.525024391368785537e+00,2.512816264582355519e+00
6.804264933158798989e-02,4.093502858524860483e-02
1.088299413552544365e-01,4.167262116397150301e-02
2.463565324422027203e+01,1.883584228419918816e+01
5.560415064477831848e+00,5.063339809148375892e+00
2.516752582008133032e+01,1.044435895765720446e+01
2.382345859976966906e+01,1.600958190893083355e+01
3.023280512136633291e+00,1.587431797700276315e+00
2.608281247744104192e+00,1.581307684623581622e+00
4.200863947069387372e+00,8.866243799107297319e-01
2.781306948699360149e+01,1.294891655078582993e+01
9.850049483069419409e+00,9.452219312636094273e+00
2.627858390719107762e-01,9.859027464410746733e-02
8.389073926931022385e+00,6.632918539063855867e+00
2.301052195836945202e+01,1.509825161975009955e+01
5.817509046735537537e-02,4.405040139107366942e-02
1.307152144339310063e+01,3.819450216652112040e+00
2.386255068433677096e+01,1.157556828912228042e+01
7.365340903553761365e+00,3.184723919869804298e+00
1.020024505801719883e+00,5.358750657752290314e-01
2.567833371064039483e+01,1.837659397936654315e+01
1.226491700653900452e+00,5.333589251355499439e-01
1.464373781638521159e-02,9.507329201546833169e-03
2.206770329445255641e+01,2.264325929631968037e+01
3.112034834284288820e+01,1.474939724405239261e+01
1.484301719065368808e+01,7.100679199858824120e+00
2.381525897260126357e+01,1.782415164876854874e+01
2.358790807974563464e+01,1.715564835536238419e+01
3.927850934450343612e+00,1.792567577813801716e+00
1.976232422833765057e+01,7.102992028610671582e+00
2.322219068564185918e+01,2.033434288779716681e+01
1.079971526085323347e-01,3.066349781365997756e-02
8.204808745757370680e-02,3.002138863754839210e-02
3.245285312100300246e+01,1.548953217380736547e+01
7.809600335754356137e-02,2.910772161572866210e-02
4.318100526473736878e+00,2.109162835518560986e+00
2.767499983377291883e+01,1.830952994583119775e+01
2.684824716115008414e+01,2.632972457741444927e+01
8.205737024431723370e+00,2.785545642237690078e+00
1.540201546567365964e+00,5.932179342629722019e-01
3.656561967584019079e+00,1.773965691755154506e+00
1.649845350583306924e+01,6.181286365916237813e+00
1.368355347266524724e+01,7.311141084117355859e+00
5.460543298409056945e+00,2.934917734629932884e+00
3.283026022464355709e+00,2.407473484433519051e+00
5.373513993710223424e+00,4.729740705450593552e+00
2.483741968185598026e+01,1.384179705492518053e+01
1.737715629138770268e+01,6.167216012203652120e+00
1.660126400283653680e+01,7.979561242430771806e+00
2.159088258414724137e+01,1.674164921083272262e+01
2.785482673071817317e+01,1.306981188784468806e+01
2.547259395910547752e+01,2.161197939961539660e+01
2.083220969210795204e+01,1.677290501165595060e+01
3.669773933573315383e-01,1.413785048343129402e-01
5.341302443797633970e+00,3.895587125125270056e+00
5.029952775395861941e+00,3.740930173986694918e+00
3.908382220399615747e-02,2.599295856338845398e-02
9.919502760088082738e+00,9.498743067024841835e+00
1.810556452424701979e-01,1.226985556096811120e-01
5.021115687683609385e-01,3.116830164060445663e-01
2.595545040953822635e+01,1.065218824966933120e+01
3.047977192005084657e+00,2.454954695433373413e+00
2.546636548377919240e+01,1.806704976117996253e+01
1.527301858044361538e+01,9.574069305950750675e+00
3.940683801465594271e+00,3.543114863713344498e+00
8.437254003771672839e-02,3.512046255520141769e-02
6.800867259617960237e+00,4.068887413398888597e+00
2.941150759755591787e-02,2.444301132047449476e-02
9.169179465989978794e+00,5.183357278225758868e+00
2.418368218064073361e+01,2.067286622193554990e+01
2.742252371108883091e-02,1.905603960669297048e-02
8.583857412093079731e+00,6.614380391892195732e+00
2.674696325796973895e+01,1.715552882772881205e+01
2.779130914803183217e+01,1.972402159574170355e+01
8.677075050059745109e+00,7.925149782304896640e+00
9.517825778885766752e+00,4.113648324826936431e+00
9.122105123388264403e+00,3.035835302967665683e+00
1.446117303232211349e+01,1.164219419794731891e+01
5.907903357626187457e+00,3.638012176827189137e+00
5.686527960037436102e+00,1.762187889640391081e+00
1.937500531239173318e+00,1.375434844494297426e+00
2.082247218887719242e+00,9.361525006318172082e-01
4.299307448749223326e+00,3.447259098273875111e+00
1.721589639898111912e+01,8.998316099234299870e+00
2.665635745910523013e+01,2.186329280310772916e+01
2.718163443520880307e+01,2.529257675539934169e+01
1.105793914926700339e+01,2.944500891862069647e+00
6.803560880741718719e+00,5.172526589846739853e+00
1.985549512332394073e+01,6.137014103870290782e+00
3.386288677273112224e+00,2.708760214950288958e+00
9.912949062599160754e+00,3.571769099769651845e+00
2.595399051975476823e+01,2.465061319421644725e+01
6.584236554765979577e+00,4.615640650146816348e+00
1.730580451025930344e+01,1.621257839394390388e+01
1.821597298933291142e+00,1.655289579548145040e+00
2.963779897149743547e+01,1.947569149331275185e+01
5.346099658497580620e+00,5.099737396417289403e+00
1.244852102445603315e+01,5.338477414713826086e+00
1.006408357877633364e+01,1.116816014171737237e+01
6.063278372360175084e+00,5.916572226200836226e+00
1.172554908491209719e-01,5.294014168913620949e-02
2.852329972763638821e+01,1.885718488618171662e+01
2.707080267120709482e+00,1.588804400467685563e+00
1.117732041384764258e-01,6.430652085516296024e-02
2.161592005556721219e+01,1.671032080422002863e+01
1.524953783727050517e-02,1.173962703545459833e-02
2.501467559306588040e+00,1.879696192323133674e+00
1.913026505954040246e+01,8.247516085042033041e+00
2.399967031392793299e-02,8.455675802679821218e-03
2.585681182915726950e+01,2.027700991672464781e+01
1.116733193981621075e-01,5.200772098256350312e-02
1.817823693889168535e+00,9.261855587213067009e-01
1.062793088986389856e-02,6.297935138468939605e-03
1.461620995023508174e+00,4.089282491839036360e-01
4.020146119287788977e+00,3.702818771079000815e+00
2.531974311429808111e+01,1.743769819753687855e+01
3.962395014677432825e-01,2.048438298644855160e-01
2.031016890106704054e+00,1.205523879113603591e+00
2.525800497279280776e+01,2.146707547378863623e+01
1.062765249381323684e+01,5.181329599344095982e+00
1.603218114436820230e+01,7.883459383221969041e+00
2.427318042531181330e+00,1.054514440244614271e+00
2.529406979189207405e+01,2.579255840422566237e+01
3.866382462475216553e+00,3.725072768079904062e+00
1.681566052294229674e-01,6.307602653961874584e-02
2.890815698974202164e+01,2.515453486395245974e+01
4.290274543874620927e-01,2.226090402755336040e-01
2.191026832962557691e+01,1.406478290304981016e+01
1.624886303858906089e+01,9.507741773943951813e+00
1.729908100359173773e+01,1.097920260864333919e+01
2.392366249732675598e+01,9.711151854920061055e+00
2.657772654215699859e+01,1.035959936419319405e+01
3.899184847944258081e+01,1.989716705331872504e+01
9.584137486068728506e+00,5.817033099181012190e+00
2.465209621887206382e+01,1.720022194436264940e+01
1.633613093595950028e-01,1.343004225370545146e-01
8.886885769630628928e+00,7.498494639220989910e+00
9.189578120302760444e-02,5.306115996073784702e-02
3.087065614501316099e-02,2.821701847145191566e-02
3.290018949227782930e+00,1.011229664068618916e+00
1.347345760630906319e+01,3.769384457601077987e+00
1.529082255792906686e+01,1.578546273683837420e+01
2.411903296799853536e+01,1.777709515341569713e+01
2.136244945334560086e+01,1.006898031221015621e+01
2.577655986931739207e+01,2.440695111456863842e+01
2.240492275037988179e+01,1.450101831674589725e+01
8.603180411835767982e-01,3.260131856948325080e-01
1.526623968377387452e+00,1.074997371299348359e+00
1.238553064898281347e-01,6.831507885509018052e-02
1.263053498816777598e+01,4.418329568278800856e+00
1.897830108236154345e+01,1.844511767569884242e+01
3.650934013090311847e+00,3.005903750567597843e+00
2.100575807652992211e+01,7.588118795041401299e+00
6.479286661995496743e+00,2.108884909264857388e+00
2.091875418569360789e+01,8.476255329203052469e+00
2.432690491898483387e+01,1.034027484799594632e+01
2.274467248846877254e+01,1.082777086315813619e+01
1.168011546335967071e-01,6.303661430289596301e-02
1.878421663519307927e+01,8.744131837167378407e+00
1.317884877892404738e+01,1.164985001966602063e+01
1.480317529291531320e-01,7.378744890017997771e-02
7.168663459422235817e+00,3.202617708393045604e+00
1.333622597360287543e+01,1.499435349485488622e+01
2.167350620612415568e+01,1.065363734643251270e+01
2.705467348632396504e-02,1.909524375922767511e-02
3.275950220588844886e+00,2.740760069334598814e+00
2.503311197867899907e+01,1.729803221875668839e+01
1.912044253310850905e+01,7.329335826327715075e+00
1.552632632002037605e+00,7.603416103287675698e-01
2.589570950250851311e+01,1.073914664307448774e+01
1.773003375675326865e+01,6.594058049337646388e+00
1.067410573820125386e+01,7.004960694285062850e+00
2.197499638775358921e+00,2.057120519334292297e+00
1.880799917699473411e+01,1.762060143483997621e+01
6.395095885643627298e+00,6.387806132981880936e+00
1.318834626117754497e-02,5.464789821892996648e-03
1.368112831836425691e+01,7.988260509936026210e+00
2.663779973976627602e+01,1.297131793999685101e+01
1.381482597156294112e+01,6.516694601846554136e+00
1.911962370965203037e-02,1.831223497356656085e-02
1.864564441852552545e-01,1.700777245030322682e-01
1.766348895693699461e+01,9.223420010576946382e+00
2.856158900197048212e+01,2.632914195494550569e+01
1.537370415881178864e+01,8.371701843990866365e+00
2.888316423617775897e+01,2.572319829009532910e+01
2.476092256783284284e+01,1.662930347196528658e+01
2.449607651006510878e+01,1.666856611713553704e+01
7.783303979054304378e+00,5.267056146431902341e+00
2.520431590689108603e+01,1.789928991199423791e+01
2.102170461554620573e+01,1.183888121778422509e+01
1.973546045093850410e+01,7.136529427801827197e+00
3.832425451983473952e+00,3.476285162729984890e+00
9.376367859708482300e+00,3.527055907885999542e+00
1.138865517975347963e+01,3.924049437674760110e+00
2.177205476526225425e+01,8.538395249785788010e+00
1.026186276893935201e+01,8.473915000188112501e+00
3.264811438613355460e-02,2.779475040439896572e-02
2.599063705684433501e+01,1.960440450183228833e+01
5.870118299634159875e+00,3.821141512454987677e+00
9.470030132346169083e+00,1.005059036595310573e+01
7.896926571075540302e+00,6.393987273072545996e+00
5.619595357662057644e+00,2.910351025355426557e+00
1.649908627177719467e+01,1.030302533791581077e+01
1.716132293921172547e+01,1.546892281715975237e+01
1.864786567679783502e+01,1.397789738961376926e+01
9.639871755614120019e+00,7.602325287879780014e+00
9.738972282751662490e+00,1.005328967571603194e+01
1.597370513336370301e+01,1.400233508396709148e+01
6.398339213504879552e+00,4.391194100512816334e+00
1.852048290454124313e+01,6.651176783848073093e+00
9.545475287022872735e+00,6.605956353801801129e+00
1.489425045214169074e+01,5.361069972403527117e+00
9.644014470474663980e+00,8.699420697824468363e+00
4.315517669522137001e-01,3.632562054834362897e-01
2.981153463256178782e+01,1.515283769687022186e+01
7.459632833525223217e-02,4.527548852157742276e-02
2.003949455586577244e+01,9.882931470125488005e+00
2.690687610886322290e+01,2.143192587274946703e+01
3.176189882567760914e-01,1.256300312380096429e-01
2.035982402570781957e+01,6.770392466514348229e+00
1.596997443841591924e+01,9.241633010933568926e+00
2.437731800326544018e+01,1.331849303416939279e+01
2.233755629684954513e+01,9.820449399352668252e+00
8.700917988627105970e+00,8.383726799783319805e+00
1.458773626271909052e+01,4.276483347846705030e+00
8.982642891104648086e+00,3.586834322305466394e+00
1.254790250387092954e+01,1.282444960890570584e+01
8.896300259189215964e+00,5.168955212900292473e+00
8.513429783867760392e+00,5.597423151422363574e+00
2.677383228636808710e+01,2.190576487640102243e+01
2.417843983729964563e+01,2.516606884558157375e+01
1.110112222518122138e+00,4.093990011191006029e-01
2.321483117821961173e+01,2.130930260958162137e+01
8.535580938693069442e+00,7.369168090147135253e+00
1.853234105405513432e+01,1.262837615425262960e+01
2.533657873383582881e+01,1.787779391524896155e+01
2.679339879159585180e+01,1.948922429468781914e+01
8.389280842059246623e+00,4.924881712627869668e+00
2.970363523708291709e+01,2.013808222858585850e+01
2.920350192190227290e+01,2.430721043923231406e+01
2.243463167441809070e+00,1.968054964054890998e+00
2.764741294686712259e+00,2.574469966989482383e+00
2.073288967451605913e+01,1.717869651900995720e+01
6.680890762557285534e-01,3.827663672946813866e-01
1.414271088013508759e+01,8.357050664229193515e+00
2.671346635325244279e+01,2.445295541268395922e+01
5.482960755703967237e+00,5.493881486843378070e+00
1.772013009520994498e+00,1.325758808043700387e+00
1.851553379513793374e+01,8.473671541416418762e+00
1.571189362167222292e+01,4.491011012290718085e+00
1.847541281467016105e+01,1.185574400518163607e+01
2.129167700388785001e+00,7.642306923215589354e-01
1.533910270126017217e+01,7.686385409528203816e+00
2.330596685543618207e+01,1.184392701805136916e+01
2.728699795870342948e-01,1.635513954974713025e-01
9.306745878980175135e+00,7.496331815332476722e+00
2.644667086391922339e+01,2.628974234635774110e+01
1.606545903891689164e+01,6.003929986133085706e+00
1.834815349321252853e+01,1.113977862278478348e+01
2.176137794527988889e-01,9.160789462018788243e-02
1.120542120191850266e+01,6.220858916782236570e+00
5.134851314292025570e+00,3.090014799172249305e+00
2.306406600735283163e+01,1.664968104090460344e+01
3.574143207155294100e+00,1.241344578824578937e+00
1.872007490006130581e+01,6.198887142526065652e+00
4.210526110588103110e-02,3.319362571067453055e-02
6.425569928835317413e+00,3.484525779382061650e+00
1.766047405166727913e+01,1.270344551030012958e+01
2.681946934464104615e+01,1.558286637403657160e+01
7.291954989079719063e+00,7.339407075822131254e+00
7.043942495911585056e+00,3.917702025032551827e+00
7.161928240583376848e+00,6.515322974989840255e+00
2.398137625765829117e+00,1.977285394818036446e+00
9.482707234854087730e+00,7.058623104174385432e+00
1.495367958021062549e+01,4.045085611312689622e+00
2.250663513151552664e+01,1.768184863806075668e+01
2.837038978507543163e+01,1.980899041688607554e+01
7.580093592197152397e+00,7.765179043833479788e+00
2.645135598325366644e+01,1.330542463215060778e+01
1.855043061531291171e+00,8.200539017489612004e-01
1.773476941157274211e+01,6.762458969458860381e+00
8.317926633490174027e+00,7.913305293813572838e+00
2.183574484923121517e+01,1.709047840694663023e+01
2.187560215720599643e+01,9.383935554599821316e+00
1.723955703068644096e+00,1.130645749745035067e+00
4.039572629555620686e+00,3.883012690010371859e+00
2.997160209999240621e+01,2.083630112352332375e+01
3.551047517931041142e+01,1.791829235263299225e+01
5.158389267935463429e-02,4.423476093883248889e-02
1.940025869897638033e+00,1.432509172240552298e+00
1.988639070466206249e+01,2.033076207421120074e+01
2.909102619187825312e+00,1.467211194127710172e+00
1.007565919862902248e+01,3.537914315503341900e+00
2.527930260495261550e+01,1.857501940472746327e+01
2.541956544001783058e+01,1.817483948293161689e+01
2.009986692124137875e+01,1.768823010347680125e+01
6.893039728953025858e+00,1.803247157877607032e+00
2.566847305119689437e+01,2.021932842262152974e+01
1.300750949828249015e+00,6.951430932926843109e-01
1.560844646197371954e+00,9.548111038863210664e-01
1.213596567015251182e+01,6.368138815836421607e+00
1.493728302067164826e+01,7.242158123873249309e+00
1.375225979476050320e+01,8.379663329416716877e+00
6.903233670894498575e-01,4.323818223474003020e-01
1.786458369693812287e+01,1.137811460421044529e+01
1.432126347087241314e+01,8.273116123123877230e+00
1.050798903386906402e-01,5.953798992972287457e-02
2.741535439009404840e+01,1.705259308615885061e+01
7.988386283282428835e+00,7.308543300677805554e+00
1.104487541303035947e+01,5.494244682013266434e+00
3.464976387059425633e+01,1.699571755244046400e+01
4.995357348587283752e+00,2.738093277943536297e+00
3.166171067549765183e+00,2.400475042773738021e+00
2.516801518275517680e+01,1.621794852053271896e+01
1.892611547660881044e+01,7.074536507492819482e+00
2.995399746738976887e+01,1.306064623396740743e+01
4.350068216882295502e+00,3.756127694049703702e+00
4.198271908644668038e+00,1.991338623404985020e+00
1.785049146138432263e+01,1.145009387239368337e+01
3.901833583189102950e-02,2.299274671565920691e-02
1.995187467667500414e+01,1.404484663043254677e+01
2.331284285624377262e+01,1.158791399862766980e+01
1.112906114868567053e+00,8.108408443136424504e-01
3.096637296487079194e+00,2.506093448017176151e+00
1.173379231235528009e+00,9.714370415187332242e-01
2.927038929988115878e+00,2.379301018571819526e+00
2.060018473917427095e-01,1.082629599005000692e-01
1.665570854021502356e+01,6.909871600440204098e+00
1.542771698762667842e+00,5.314034743422915152e-01
1.887814738338266096e+01,1.268549877965040551e+01
1.507632630473411742e-02,1.369692935995076369e-02
1.482109820279283417e-02,1.543828551624230536e-02
7.276460418067258740e-01,4.553552804326791437e-01
9.471597937491729624e+00,2.643643994787520768e+00
1.284259322618265742e+01,6.146147573677456677e+00
1.112829478197890909e+00,8.922944734024094160e-01
1.112681786902229142e+01,1.039039356492567379e+01
6.540800611817942922e+00,4.639545639615367811e+00
2.741787502841791735e+01,1.306197942493153796e+01
1.212478692629103572e+00,8.570627024029855434e-01
9.359880837709161350e-01,2.374609342444146953e-01
1.306006134911960359e+01,4.849807577913450629e+00
4.974689315847533599e+00,1.898301832177459403e+00
8.149608469292884960e-01,3.071568197811806455e-01
5.286874529673269762e+00,4.923587741303584231e+00
1.985543037021326063e+00,1.661459100471932793e+00
2.520931294985441085e+01,1.234999890538850131e+01
5.435884745291871489e+00,4.261332675899326183e+00
1.598922745115858568e+01,8.797968383318318430e+00
1.596909429402392178e+01,7.356568710437008995e+00
1.449807071924625879e-01,6.596124211490865530e-02
1.004319933326508441e+01,8.131950158588447053e+00
4.753231314854525991e+00,3.581644421719702542e+00
7.131890178083226672e-01,4.375225215075776442e-01
5.868510950426621131e-02,4.321902752306604201e-02
1.606008078627479740e+00,9.752349879091921636e-01
9.938418907543504766e-01,5.316476701502460545e-01
3.103776133377159141e+01,1.463849034533445881e+01
1.912920282854688381e+01,1.552011766141438365e+01
7.799361090333224666e+00,6.921258278303707101e+00
2.800208307439601185e+01,1.134318177349862999e+01
8.349979486373078075e+00,8.720304746605203050e+00
5.146847560740914346e-02,2.721716103865283107e-02
3.261158668447324605e+00,1.467517493147509455e+00
7.370126146291950064e+00,4.615622884476469956e+00
3.617138260082469969e+00,2.851204516036485614e+00
2.451047730575542971e+01,1.948978751488886374e+01
1.009910151589121341e+01,8.871263557888193318e+00
2.638683826703399049e+01,2.347895028803178619e+01
2.460293660438503593e+01,2.104255013800006680e+01
1.503534371532851965e-01,8.104535569066516343e-02
1.616825720516598608e+01,6.259956793341688197e+00
6.896271322612812504e+00,5.889267034383078858e+00
3.950884185471405186e+00,2.182305800805406815e+00
6.428786281410479475e+00,1.770029322144001771e+00
1.804347474828265874e+01,1.660947151211921735e+01
9.806372520627576250e+00,6.405121038008823930e+00
7.366638407892343920e+00,7.493142141318148930e+00
7.514314633745089012e+00,5.123164202819040725e+00
1.847980876737249575e-02,4.960028519378482936e-03
2.211227875682263289e+01,1.321603004951381344e+01
1.508917118526710011e-01,5.965688676503599908e-02
3.265433428202775545e-02,2.258901440046814924e-02
9.436021062281902516e+00,8.959342661848596734e+00
2.038930939846318680e+01,6.623002637686148830e+00
3.507862550160754100e+00,9.541765625379646787e-01
9.872365127365092974e+00,5.452700496094839089e+00
1.164748431007100571e+01,1.056280688547538382e+01
1.773753836742269385e+01,1.584575679173405582e+01
1.610115334930620179e+01,6.287289188003695628e+00
2.381914216014356656e-01,1.296891491191575485e-01
1.198351522968004446e+01,4.504765176988454911e+00
3.803058145159315728e+00,2.418927977971303989e+00
9.341287957177627277e+00,5.413024507279002862e+00
1.098221475751060883e+00,2.194206952998606908e-01
1.461281907282705461e+01,1.425595666807766904e+01
6.402386025882970344e+00,5.019323794821805684e+00
8.093887802400804077e+00,7.889921152149305783e+00
6.533762539593743313e+00,6.086769735545943583e+00
8.217565025673145840e+00,5.296347278946407222e+00
1.785384674302676444e+01,6.883086323228399195e+00
2.904660842030648027e+01,2.242393190993624685e+01
2.748017951590741248e+01,2.446158477170108370e+01
2.736313763894116402e+00,2.178296575199419660e+00
1.981542804541088776e-01,1.018770610578144109e-01
2.399874130893355328e+01,9.071586889830848932e+00
8.448133892729914329e-02,5.074398449596997929e-02
5.661184233637646557e+00,2.538626726496659991e+00
2.152879035446026634e+01,1.191344918721174118e+01
1.163094164134652386e+00,7.126415080661330226e-01
2.350931972855713425e+00,1.390015646173336172e+00
1.997415027199191684e+01,7.814895280543677991e+00
1.262102094226429472e+01,1.257945815436751502e+01
2.975024150147760893e-01,1.431102784366552749e-01
2.343213193467297373e+01,1.489042154371716897e+01
3.321127821603929164e-01,2.195307091377581843e-01
2.056000990299258646e+01,1.495617195901027330e+01
1.527207009850919661e+01,5.326279472857161856e+00
1.739049899702427027e+01,5.135003227509909784e+00
1.408595940602265006e+00,4.639998421982430843e-01
1.801396341794101019e+01,2.461254454246077827e+01
1.737248533251815630e+01,9.171348418970543648e+00
4.633083799009821035e+00,4.459191256089895639e+00
1.986830395238517255e+01,8.688723279640329977e+00
1.767496310707491247e+01,6.258013120523591155e+00
2.033063552653997164e+01,1.941736307215171919e+01
6.917418095834944047e+00,5.543560922172794392e+00
5.505583456818023969e-01,3.141029807363803772e-01
3.062026403598972379e+01,1.471392118066244770e+01
3.207142855336417853e+00,2.256963482084228367e+00
1.802831348353170826e+00,1.426285609772155460e+00
2.083482091080953680e+01,1.210205849915181808e+01
1.929334627729998175e+01,1.116949482737312849e+01
6.958595975742518647e+00,5.832614502912141674e+00
3.554493751839243654e+00,1.996699744152367284e+00
8.105436024255520122e-01,4.276393400434979064e-01
5.636897613187066280e-01,3.415193152661631926e-01
1.529713404909853081e+00,8.125978143851658730e-01
3.109497027119210652e-02,1.530517999931702358e-02
3.752127079558149614e+00,1.846484345294636009e+00
3.524459931975798987e+00,1.320036608765330355e+00
2.051840422667206454e+01,1.047018284795609055e+01
2.105000112059217798e+01,1.499326346848064695e+01
6.314770089892857818e+00,6.322377273402538300e+00
1.499322598938089390e+00,4.300273637379360414e-01
1.536842716941391185e+00,7.378561924921620552e-01
6.540651700925634415e+00,5.804610899839348193e+00
9.606511759743046497e+00,5.829223567591809818e+00
2.163594969884433672e-01,1.379972247053892764e-01
1.274345530179899200e+01,9.365283766724683545e+00
4.826599053557752844e-02,4.968433042085958901e-02
2.361874232118866147e-03,9.015687455560648543e-04
3.570558426820298337e+01,1.805795157118580008e+01
2.502167677312696140e-02,2.024372417549681613e-02
1.865538069244705710e+01,9.847677434463911084e+00
1.696545088079846053e+01,8.292193351322692862e+00
7.722757958005932899e+00,3.607660050793809248e+00
2.443312563435196338e+01,1.908236835788758512e+01
2.745935651178200132e+01,1.899129583393703768e+01
2.071239920523917988e+01,8.700192691924282684e+00
3.280835791810810420e+00,1.206305473820101559e+00
5.857243146101260400e+00,3.482724827727280204e+00
7.881112280292923877e+00,5.901435097008043584e+00
4.082673475151231024e+00,2.453064006355036408e+00
1.597161427588068072e+01,5.704733684741260191e+00
2.161893481810962214e+01,9.711385475422922298e+00
3.811545287839078533e+00,1.834131229327450763e+00
5.155164945630346524e-02,3.067580583612042333e-02
2.080091512931648623e+00,1.123980560263679429e+00
1.742288130678467084e+01,1.597530120618224636e+01
2.647929948977363068e+01,2.249255172316800966e+01
2.559226248330525699e+00,2.275814041732434845e+00
9.434420574064995790e+00,9.231272080743472941e+00
2.977332914541460429e+00,2.382842322172916472e+00
1.019742068190390683e+01,6.624033207702810344e+00
1.679923511767811206e+01,1.230001729964459933e+01
2.731379065588461330e+01,2.043248139366125571e+01
5.099398253442989137e+00,5.028774308734664800e+00
4.874915959618433270e+00,4.272970647986167769e+00
1.560504785638372194e-01,6.055358052214304676e-02
3.135885296415390211e-02,2.293678835639171437e-02
2.453355414475489127e+01,1.496485349914480345e+01
9.785354892135041283e+00,6.254690096279411193e+00
1.877042723407283731e+01,5.951064976667353790e+00
3.551288655673166539e-01,2.806157131781846781e-01
2.327678022220487009e+01,1.312029979800598589e+01
2.320461501051810857e-02,1.561634289304363564e-02
6.652722509479477075e+00,5.333232680260953096e+00
2.544677428623950632e+01,2.132350477199210204e+01
3.292214092292382155e+00,8.068860409119096300e-01
2.678731428866052866e+00,6.538378205554715716e-01
3.646433234017358416e+00,1.735157412631045615e+00
2.733474510413133274e+01,2.515531426374784729e+01
7.976080567500477836e-02,4.631977606504906336e-02
2.009368725406101674e+01,1.260085334734350759e+01
2.168163965671515925e+01,1.402583837090075569e+01
1.694030811823792249e+01,5.904291388675377839e+00
1.720647696612968502e+01,5.463641755166951164e+00
2.517541715532002300e+01,2.177577343456256642e+01
2.716186176661248552e+01,1.815237422427973968e+01
6.308693589609144503e-01,3.756843511525382318e-01
2.371449446038704778e+01,1.791744260827385915e+01
6.354246563626481326e+00,5.881127449925581452e+00
1.324579415358083878e+01,5.139252758818139810e+00
1.052682498841674175e+01,6.288981398094442454e+00
1.367230925231026184e+01,5.271914291883289749e+00
6.141402848396073505e-02,3.971195670080599621e-02
1.219629287894839209e-01,6.831771387510521265e-02
8.011473100882119391e-01,4.300843779437664716e-01
9.498759958880082621e+00,2.688420816531613688e+00
2.614129762881465879e+01,2.046871965569012275e+01
4.915484894945482353e+00,3.465865708346075547e+00
7.083861884163368539e-02,5.203289212480403242e-02
1.297796799187969619e+01,4.433865734057656383e+00
6.120576316773886916e-01,3.452180722899900189e-01
6.985622373196263446e+00,6.024195224846494057e+00
1.680628662163217601e+00,7.368102756707584078e-01
1.949178526024820357e+01,9.659812412001981485e+00
2.010724907643440140e+00,1.434433309299280257e+00
4.787234912494654493e-01,2.610535603522629033e-01
2.522016640047635860e+01,1.152922485336387659e+01
1.390005195327722820e+00,6.899844711809111075e-01
1.008855461271867260e-01,5.457518914224167988e-02
6.861852487238159770e-02,4.122850177239781311e-02
1.526074065591659368e+00,3.151989961360512349e-01
1.716783426445522176e+00,1.188390436606232115e+00
4.683097138981088925e+00,4.014473091332555477e+00
1.170344284946329338e+01,4.296193704493831866e+00
1.489801242947702997e+00,9.087106803183965242e-01
3.902801058933436540e+00,3.261988696904590590e+00
1.523921236622295261e+01,9.559446943130108565e+00
1.099669286908231958e-01,4.689993935825671062e-02
1.562094174601596830e+00,5.311487812007217313e-01
2.246609078938170256e+01,1.823856371674347798e+01
2.618224964212670258e+01,1.809541447891154675e+01
1.711899218518427546e+01,8.947047586730441537e+00
1.343815737912141017e+01,9.326806429159898215e+00
3.475071887861114206e-01,2.189453489397295005e-01
2.329869553934818782e+01,2.304034798364801162e+01
1.089698388396748108e+01,4.149019819088181293e+00
8.532166573805341159e+00,2.245896849695330655e+00
4.028057203922772583e-02,2.904682818222094343e-02
5.870841295575534025e-01,1.486045125621632823e-01
1.674508349612341007e+01,6.661694313601228323e+00
2.020330193857722634e+01,1.215651511496007764e+01
2.234212399021396830e-02,1.936054450500229729e-02
2.028695009484389544e+01,6.393838207457312350e+00
2.770281014948081477e+01,1.877559591196382982e+01
1.331777397165853527e+00,5.437624404447610749e-01
2.743670845080165566e-01,2.069519357496297784e-01
1.858595463557998428e+01,2.521593135797172636e+01
8.872979765406487473e+00,6.426424065981671596e+00
1.619308407122759164e+01,6.084160317106956484e+00
3.494206565840400625e-02,2.201425310546331615e-02
5.408617341606757056e-02,3.263267585259576470e-02
1.279965931501629052e-02,9.078569606055285693e-03
1.729043034925053135e+01,1.313144920306466013e+01
7.949597497080622688e-01,4.373823771682377459e-01
1.458891766248871669e+01,6.898365860596064714e+00
1.370541614803493236e-01,7.390903762801449839e-02
9.995942353489644105e+00,5.351912807098707425e+00
2.952238908216462931e+01,2.359862431714780939e+01
2.665892655636891462e+01,2.515062800291883605e+01
1.849973110607464122e+01,1.595138556333848534e+01
7.637940063300053595e+00,6.320412127819968973e+00
1.501102427170390818e+01,1.027601652558095324e+01
2.459217047928273850e-02,1.656964457767847940e-02
9.203557253752226330e+00,9.273624149694200014e+00
3.264983026746941963e+00,3.059043413036377501e+00
2.552506860890424792e-02,1.620821592306960143e-02
2.009239123390887727e+01,1.765789696688745281e+01
2.419193747097573777e+01,1.988640717417831638e+01
9.977739542097609160e+00,5.863724201409180381e+00
2.432770225052841795e+01,1.503232080044440444e+01
4.754634066956160865e+00,2.806299963447974832e+00
3.171273286335264951e-01,2.464006290439666458e-01
1.024167619896897463e+01,7.247099595759731727e+00
3.884026214473573546e+00,3.025959261366932385e+00
6.040668597753747759e-01,3.452545442333159187e-01
3.051416737260131615e-02,2.303757905665837838e-02
2.387755396478948811e+01,1.261552754367037465e+01
1.424095776695641913e+00,1.107343082406336165e+00
1.654267601222108031e+00,1.545655367688567816e+00
2.305057098129606530e+01,1.637163320475643502e+01
1.005445698069533433e+00,6.014402670381967519e-01
1.020050911958249706e+01,3.065585224832490407e+00
9.466978381417766597e-01,8.091060334253411535e-01
6.136918335536137858e-01,1.491556817905255461e-01
4.931017726963487391e+00,2.214256377936165698e+00
2.019619686551409748e-02,1.730259505792751049e-02
1.999815416854142436e+00,1.709903763247389019e+00
1.578931186858851987e+01,1.109854577312471946e+01
1.914209170569842300e+01,7.280751845929610333e+00
2.574656997752639853e+01,1.701617847044077436e+01
2.312090626842884333e+01,1.186038317588282354e+01
2.589787133664099184e+00,1.807474512547055046e+00
1.215669457942214393e+01,4.435339933040748583e+00
4.603331135552196862e+00,2.315313684235088321e+00
2.994432698989108843e+01,1.409786514002465374e+01
2.142996170828184432e+01,9.463633557656436324e+00
1.002312351680595448e+01,6.504958628971584389e+00
2.620933273664905627e+01,1.607402935990523574e+01
8.723090331420346288e+00,5.497576196040320440e+00
1.799524392654714333e+01,1.101747171139306403e+01
2.721266633975959337e+01,1.989521988910107098e+01
1.626963675056151715e+01,4.537398172072885316e+00
1.178109907010897572e+01,8.388746702937037725e+00
2.630017988578252996e+01,2.077940417049777722e+01
1.154406008290958674e+01,8.721647855435227470e+00
8.416834061823015745e+00,4.962363335199661663e+00
2.423592692450065866e-01,1.566141073973079945e-01
1.493919249297700702e+01,7.141329954476612230e+00
4.180570603305042154e-01,1.957335872870510085e-01
5.246485628967978876e+00,5.231468824811598139e+00
2.677978013589926931e+01,1.701639072402131347e+01
1.513955259824820132e+01,7.334288550658701666e+00
1.926657858139740886e-02,1.584038530927359134e-02
3.626873916205995130e+01,1.779600762719482887e+01
2.341766868681650493e+01,1.804448006640800983e+01
1.532177423702073327e+01,5.935679123882324326e+00
2.478117772022722676e+01,1.223715990876447179e+01
1.630115788733297677e+01,9.143541362367214376e+00
1.756322992273074490e+01,8.446595757012431704e+00
2.103811420215872374e+01,1.432224168390133201e+01
3.523473395217370019e+00,2.464320590427837576e+00
2.777225257940265735e+01,2.128620007982350160e+01
1.708657319753918102e+01,1.581524413204973811e+01
3.461785634687266494e-02,2.559410407020180217e-02
2.160870827386957238e+00,9.396283277883908935e-01
5.921955565298945956e+00,5.860112835773543694e+00
3.422960619683021122e+01,1.848593817674694506e+01
1.544120868947697112e+01,1.916950125350298606e+01
2.150962681277715305e+01,8.963490776706638741e+00
4.676003614161681338e-02,2.764658311876488223e-02
1.161379845893614648e+00,9.026057512013411221e-01
2.698183905349939238e+01,2.415822707032400629e+01
9.994928583696570001e+00,5.303380812671561806e+00
1.355650979895010622e+01,4.761051431278366941e+00
2.354408713779547924e+01,2.054919815822853479e+01
1.770054605156317251e+01,6.412839979941040269e+00
1.886811931762178984e+00,9.385236296484680274e-01
2.189145976611436595e+01,1.126916313353028620e+01
2.037596156731961372e+01,1.253190745292371489e+01
1.422055860166668406e+00,6.698092276612406248e-01
2.516461816447826649e+01,2.485587459159707890e+01
1.007256893147119303e-01,2.748288382981385614e-02
2.566076907978796839e+01,2.081683008473010332e+01
1.649904111791245498e+01,8.758768756885666917e+00
9.904507678786971248e-01,8.427847770510671355e-01
5.040483831005112769e+00,4.384107357636874980e+00
9.904530514871253688e-01,8.327242996178645384e-01
5.250314874236948981e+00,4.403288230714885287e+00
2.505652966094571710e+01,2.062406104177187771e+01
3.186848627584657923e+00,2.949318938671481760e+00
2.326557800717256086e+01,8.340328392007991809e+00
2.769069923294700697e+00,1.958548299186456010e+00
1.541883023912449957e+01,5.001523820994100866e+00
2.829265804124662509e+01,2.341786559023677583e+01
9.388749854878165380e+00,9.440537980327237122e+00
5.892339379450935166e-02,3.748611780491530737e-02
4.732386161024392912e+00,3.667394418750238305e+00
3.322994817215531999e-02,2.116425580385037850e-02
2.424016551659233443e+01,1.163211083152906866e+01
1.835368604216946808e+00,1.012033752348265425e+00
3.412324412400460716e+01,1.598307082537421309e+01
1.851004484502663772e+01,8.326002008401678367e+00
1.833091255898870742e+01,1.432177331479075555e+01
6.068510888021430016e-01,3.846486738589119381e-01
4.122658528739010819e+01,2.317713920584853327e+01
4.814154085314239495e+00,1.783899910089138396e+00
7.406085458316080228e+00,2.484288541750056201e+00
3.064603602959091955e+00,1.286444555099048648e+00
2.944273294474914593e+01,2.441556610500291313e+01
2.428543872504701895e+01,1.433079357560803579e+01
2.789276105080362456e+01,1.818939639731813429e+01
6.930546397797582303e-01,4.675498171528059133e-01
4.134412659705788973e-01,3.059367731190390516e-01
1.144563944188901283e+00,6.759959219016931087e-01
1.589770514533896062e+00,1.076046989559697575e+00
2.357400450943725900e+01,1.869798972510599100e+01
9.234292503331666957e-01,5.258825237069204572e-01
6.770444522935295417e+00,4.554968507010161538e+00
2.630131950082833825e+01,2.106160634974233048e+01
3.204152690022472427e+01,2.116009313695007776e+01
5.746319654394879350e+00,2.107104437352692372e+00
8.762482581415232730e+00,5.368723492751440673e+00
7.817915040941464611e+00,5.075038362174233875e+00
4.581931459529024586e+00,2.978538947339802956e+00
1.772605795085756952e+01,6.770001321867090027e+00
2.692979246055302056e+01,1.822276801003155811e+01
4.189536060831470010e+00,3.325240925647160672e+00
1.721790504605758798e+01,1.392828421278085571e+01
7.666538981953109622e-02,4.343593897259626774e-02
1.827009435146165472e+01,1.121285099527746709e+01
1.139972052300040062e+01,7.380500670740612890e+00
2.463365960347681849e+00,1.290907888310164342e+00
8.574821799499908470e-02,2.661637414179083422e-02
1.889780337131452015e+01,8.060927751916183936e+00
1.233860132695377310e+01,8.985016421670893649e+00
8.422765783284274832e+00,5.988305938385948046e+00
5.866948132972814811e+00,5.914504631313826977e+00
1.377267749956144094e+01,8.317023729733321602e+00
7.126934088070157713e+00,6.688972224119892118e+00
6.038931031129820326e+00,5.222846495868324723e+00
1.069912346087770194e-01,4.358130966043086835e-02
4.547319679458246000e+00,4.344761008407562741e+00
7.208168975157736025e-01,6.148255847658519180e-01
2.774484329882572542e+00,1.937776558052780373e+00
1.788556383213454115e+00,1.402412414615704650e+00
8.151075311902612475e-01,5.207822105524912981e-01
2.042657068365519635e+01,1.116964572141713674e+01
4.653261592420938897e-02,3.678034692657563415e-02
2.813592820566118391e+01,1.962681640718482612e+01
4.657330381177867906e+00,4.581676702366880072e+00
3.233927444528183770e+01,1.504047092304820232e+01
2.743225303913116253e+00,2.257832808535362723e+00
6.179682209479331334e+00,5.035287891021432038e+00
2.527424573262745611e+01,1.768766846892339473e+01
1.979335297884871281e+01,8.459068121756576630e+00
1.365098573567150275e+01,9.586357081042711670e+00
2.666374426541026565e+01,2.217739491222697623e+01
2.294838619233206245e+01,1.172527119736314916e+01
1.020199759531293382e-01,6.166073540466369962e-02
1.335886158054887396e+01,1.147376154158352080e+01
7.688557276975011234e+00,7.454171941023957082e+00
2.554288625441680693e+01,1.116679663803463640e+01
5.450330090878217959e+00,5.363059955276202828e+00
2.812340228826672472e+01,2.448029336172156079e+01
2.299602775179882030e+01,1.779347889522842152e+01
2.927361434840404186e+01,1.686154623203772118e+01
2.339671831136814362e+01,1.768765072456447029e+01
9.999529459597917835e+00,8.419535538548441167e+00
1.160541162135058535e+01,4.640064438082718290e+00
1.039282382088689438e+01,1.727499958138917435e+01
2.397310549496652499e+01,8.733161965995755338e+00
2.449191123850518181e+01,1.428817569716560065e+01
1.611107330112031022e+01,9.624818606755242811e+00
2.044574467221048764e+01,7.813743829531145657e+00
2.631176995098699223e+01,2.018760407449096661e+01
2.702938899632293257e+01,2.632176272607364353e+01
5.604084768749316048e+00,4.297897917482004893e+00
1.139735420654706261e-02,4.343682268655282668e-03
4.086976162464414641e-01,2.918523035209396599e-01
1.158069246188001600e+01,7.001635099158000308e+00
1.372600812275259408e+01,8.628401015744579183e+00
1.785964643525301909e+01,1.110329112264787810e+01
2.251230633772023637e+01,1.331898711847437866e+01
2.612636115985249674e+01,1.531849228054737111e+01
8.933257651392185750e+00,3.486927278490724813e+00
6.879277486251429430e+00,5.577218060256523557e+00
6.348004797774843944e+00,6.466059871893503619e+00
2.411038862396631188e+01,1.339938161748734302e+01
1.060005118141965674e+01,1.195228989993102253e+01
1.781800915622523718e+01,1.488225092602727884e+01
1.104833356985530646e+00,3.248426363752507928e-01
4.792680274401400986e+00,3.645690024408857699e+00
4.707702350807778657e+00,3.530218327543272583e+00
2.681413772279244156e+01,1.239222056434250518e+01
1.874044465920211167e+01,7.007559939579301123e+00
3.599948247222209119e+01,1.722822702412029727e+01
3.070934785452066151e+01,2.037687840005869688e+01
5.666005051791824343e+00,3.480175116581330830e+00
5.337123082027957821e+00,5.180104685433189360e+00
1.473492712634503476e+01,8.339923400247911900e+00
6.908545752428564557e-02,4.202618716573341962e-02
1.095144551560504098e+01,1.123257179349834800e+01
1.942465120726221128e-01,1.002114293427065761e-01
3.258203280856947970e+01,2.185455816063172207e+01
2.166553064019560537e+01,8.390051795832102144e+00
2.501202416730099909e+00,1.339515742348952765e+00
9.005999521688742959e+00,3.732675205693609222e+00
1.466315059282554678e+01,8.179872808529152550e+00
3.297233771614536957e-02,1.370360077464244548e-02
3.106535520231187064e+01,1.299619466129637324e+01
1.509410343638801222e-01,6.959999349126655410e-02
1.673775097588027450e+01,8.961644017257402339e+00
1.796565308450586329e+01,9.511753748858723156e+00
1.013180513962343454e+01,9.469801561886018959e+00
8.976809197077848523e+00,6.467916476533716263e+00
2.684756853544715582e+01,2.227750122346824568e+01
1.587208860304021030e-01,7.195764538903245966e-02
1.497221365970503548e+01,5.454279018031287229e+00
1.131448500316032391e+00,1.046388427198355675e+00
3.012839213981874043e+00,1.484931326077741920e+00
2.504530675327514899e+01,2.159497346624132419e+01
1.759171584046171688e+01,8.459635211237634067e+00
2.008885968043840364e+01,1.087331225288066605e+01
6.951029570612410780e+00,5.436905932269501918e+00
3.511706589420379027e-02,2.389490451012947492e-02
1.076583689251148002e+01,7.170580843782023095e+00
3.757938724071872905e+00,3.666433707136750098e+00
2.298028860427991305e+01,9.855736455847990740e+00
4.955245305966847091e+00,4.846063199906258667e+00
2.375707271952107735e+00,2.123268304744517998e+00
2.886832462407747357e+01,2.188245142932861853e+01
3.032609235102185608e+01,1.997833820214672329e+01
5.296095340276904651e+00,4.159348169147764729e+00
2.793153460928258625e+01,2.571910375512289448e+01
2.259031651035602328e-01,8.937698621184889114e-02
2.058484820049739739e+01,1.604133935405111089e+01
4.282949062563836229e+00,1.817131207272271842e+00
2.883294293567341526e+01,2.346691462336215395e+01
3.006293872992162264e+01,2.470620655594120763e+01
2.273942370740132901e+01,1.560626911611091039e+01
1.969792837931768759e+01,2.016155707345216541e+01
2.690055751888090185e+01,2.544736015750469349e+01
1.380095126969287378e+00,6.436372080879737556e-01
3.689871179656765143e+00,3.543824857056407485e+00
1.143396670282421645e+01,1.065873013649141576e+01
1.042784392210920252e+01,6.839010084152756797e+00
1.326076988884505248e+01,8.000437701420576531e+00
7.549107898460086119e+00,6.182326545727605094e+00
1.840349703398613812e+01,1.682468051956425370e+01
2.300686430447799680e+01,1.181429124032405831e+01
4.589485428162498160e+00,2.622889307395342762e+00
2.736236236833116564e+01,2.372145735908793185e+01
2.118045383621653954e+01,1.880048084947021181e+01
2.501190655013523667e+00,1.110936554073066240e+00
2.080189131867496144e+01,2.011787804451802231e+01
2.521065730208816191e+01,1.019017165891971288e+01
2.480279218094474558e+01,1.764874231313079989e+01
2.350229693668334718e+01,1.177043697971986980e+01
1.918321289227068149e+01,7.307791229918005449e+00
5.344849764479835119e-02,2.247135365193719814e-02
7.243747393420472136e+00,5.663803823180316499e+00
1.097006735433030622e+00,2.927197695669495614e-01
3.416813637887465394e+00,1.302290778643029778e+00
7.057515515738373324e+00,4.229143654065927294e+00
2.784385233337745547e+01,1.918927026162470639e+01
1.089746638026685233e+01,8.011036700705497893e+00
3.205361908003896865e+00,1.599707694525998480e+00
2.286825926975506462e+00,1.202487783051558123e+00
1.964425877956809430e+01,1.794421297507654245e+01
1.992904668598396434e+00,1.442864909045446620e+00
1.656028029552840053e+01,1.396681987338712894e+01
9.017985217863451475e-02,5.188039050554198173e-02
2.624014113743486831e+01,1.147484289362944665e+01
7.391216535470534588e+00,3.795375904550208013e+00
2.739768997399015760e+01,2.414189664609547492e+01
8.617968529442224579e+00,8.007048055770434658e+00
1.043868550574218901e+01,5.063040248612179717e+00
1.917023183818828969e+00,7.685904507524243812e-01
9.808055912501877360e-01,6.456585580127908175e-01
2.582015943307747818e+01,2.190277483961188310e+01
7.561288815587720258e+00,7.611805367326825333e+00
2.224285214765329144e+01,1.019875887023736638e+01
3.653554075366761822e+01,2.086675467155585295e+01
5.483940012403439868e-01,1.230082867211547554e-01
2.078098896618460131e-02,1.327380039100903818e-02
1.750249843297823071e-01,9.414724273086866324e-02
1.622518726855656368e+01,7.596048911553765492e+00
1.263924847724770650e+01,5.987541541397919609e+00
3.633191456190004165e-01,2.348208700541465077e-01
4.899440647711822194e+00,1.543931327045957591e+00
2.294480250625285223e+01,1.099939290248404511e+01
2.049973352949064775e+01,1.257283386326058228e+01
8.235384085767220697e+00,3.074455357150231993e+00
1.460584158841015334e+00,1.156112962380046794e+00
3.180562731788445091e-02,2.136464692118826905e-02
1.775717885610793301e-01,1.032808478649257927e-01
2.757971678966974594e+01,1.745335264453257551e+01
1.097423042384988889e+00,1.009434069350462204e+00
9.694745491904418699e+00,8.628549271749225369e+00
1.293073962453242798e-01,7.180994666110827873e-02
3.830927330291454069e+01,1.990719058661297325e+01
5.681300246108460961e+00,4.069557393601891171e+00
1.001682725529660506e-01,5.502046552456684586e-02
9.026092425121352500e-03,7.050574068630571269e-03
7.631879639409989480e+00,7.470556859493136415e+00
1.380058845788219468e+00,8.328310613116455263e-01
1.210017073367475327e+01,1.089521948435812426e+01
2.001158001973144973e+00,8.132689130572428038e-01
1.028660700149098872e+01,9.211211529898788442e+00
2.884696670590845141e-02,2.562863815881894630e-02
3.125182053625393142e+00,2.721861675423143723e+00
1.638658805470935320e+01,6.505131527093037214e+00
1.916986975531904891e+00,1.540940625087328320e+00
5.169751458133455380e+00,2.737922956428031185e+00
6.666221272203494141e-01,2.538312554883638272e-01
1.047625362270093774e+01,8.170282349002674138e+00
1.991842536782378303e+01,1.163857855537408703e+01
2.180659657721536249e+01,1.483373188188454250e+01
3.956812222286875347e+00,1.343925552553538516e+00
5.243718495419653181e+00,3.294963063292591254e+00
1.354109838617794992e+00,1.134495902445009197e+00
2.646177364590319669e+01,1.888472813674762207e+01
3.041245075195111447e+00,2.594004691882593416e+00
2.177983011346941922e+01,1.696793616584076503e+01
4.914703187107322124e-02,2.572309299267176025e-02
1.959896034480077986e+01,8.473306098096799133e+00
1.911069266731187447e-02,1.169583002960100995e-02
2.656178256123855519e+01,1.311972894073064033e+01
1.356860417662771745e+01,9.094149063010577905e+00
6.780988413547907712e+00,6.040814127167664971e+00
4.796615659588780028e-02,3.461251451755669589e-02
2.134988029419609745e+01,7.903077814191666661e+00
1.820408374764561898e+01,1.235517311495173587e+01
7.549975315447385427e+00,6.355538588689486623e+00
1.036213119096839641e+01,3.244932228838953048e+00
6.800108022378471340e+00,6.990695670039776211e+00
2.662713357373569423e+01,2.297365098854691112e+01
1.771489603405714375e+00,8.170333700836265312e-01
3.775061976336590241e+00,1.402433382869546996e+00
1.524862440179025036e+01,6.810903610533874719e+00
6.000196311727415410e-02,4.115899819411303340e-02
1.215312899039009942e+01,1.819899842383017230e+01
1.556242729933999769e+01,4.623954463169845930e+00
1.949283135883396745e-01,1.404269628421083160e-01
1.753374321034612393e+01,1.245363928217458493e+01
5.814587939869905853e+00,2.446042482406482588e+00
1.858294958397973318e+01,1.654701019530445905e+01
1.450451214087599006e+01,1.005843447582379824e+01
1.221241611871148613e+01,1.153411463736915188e+01
1.008778295282398396e+01,1.115275753747100040e+01
3.023182116455526702e-01,2.560191564050623980e-01
1.316830019642430472e+01,7.798427949472184650e+00
1.430018270764975563e-01,9.273070222483276170e-02
1.959400249613947598e-02,1.569321246275356616e-02
4.862733630231100612e+00,3.930778854699013003e+00
2.003907372546408716e+00,1.144355526833891856e+00
3.065399665880674362e+00,2.158635412328576031e+00
8.021180740475522195e-03,3.562430744081987542e-03
5.783063868219109338e-01,2.917867680048533141e-01
5.568629672984712897e+00,3.131804608714512828e+00
8.813712919186877937e-01,7.914431369744783229e-01
1.729178198261925559e+01,8.743832779826295365e+00
1.014315844500472252e+01,9.473179506424662222e+00
1.799635542464182691e+01,1.667027454845376511e+01
4.218040914801515662e+00,3.307733954337548798e+00
4.270449935811689302e-01,1.945373738521653240e-01
2.651627263034430015e+01,1.319858748948102267e+01
9.128404582838763659e+00,4.357492936807807027e+00
1.676989749845652966e+01,5.489883122163664808e+00
5.788710754182555540e+00,4.169143234479395055e+00
8.949835012667811895e+00,8.578457375592758893e+00
7.186614551014335994e+00,2.719047585371930253e+00
2.690290082099124902e+01,1.782790087970139581e+01
1.056539486609304035e+01,4.066842739550953212e+00
2.509658947282677488e+01,1.632611611502394311e+01
2.776981356338766194e+00,2.655509499257919348e+00
5.393809711152652397e+00,4.759215551152392365e+00
2.069348261450643989e+01,1.375333479116932978e+01
3.884821053007299962e+00,3.273275024394744381e+00
2.593056489808482823e+01,1.774377802659120107e+01
3.078259858131526627e+01,1.461533736194378896e+01
6.013438779943266255e+00,5.355455519337022352e+00
7.566003387241216238e+00,3.695691423506244799e+00
1.369372060162702631e+01,4.121754401396215073e+00
2.369679098956229968e+00,1.987961705747890218e+00
7.620267795150747148e+00,2.300377461155604486e+00
2.137634259871532194e+01,9.137261523714247602e+00
8.625307627910489217e+00,6.589344169395368489e+00
2.199254901349157620e+01,9.572463416084826093e+00
2.070959860017464738e-01,1.157107184432198538e-01
5.154717161166460393e+00,2.597631160368204295e+00
5.308475603945549182e+00,4.489253799976990145e+00
2.928086395027711952e-01,1.271581277573407553e-01
2.135112900264419622e+01,1.326752257422353942e+01
1.227757253870604792e+01,5.143607993525820099e+00
8.451295404716421267e-01,2.826940514238182045e-01
1.213175987099653463e+00,7.357715012600044568e-01
2.787594467680681376e+01,1.333554209150435099e+01
1.699382608285579632e+00,1.441084479008276631e+00
1.680082465714379225e+01,1.031918687219086728e+01
3.439558486333639031e+00,1.826097769004682903e+00
2.704053338753239188e+01,2.315692806929889969e+01
1.457035805742185985e+01,5.454380491312341483e+00
6.721145495425048466e+00,4.210987642631438987e+00
2.602691316529206003e-02,1.901797482582639337e-02
1.477297870927585244e+00,8.594443701873889507e-01
3.178606868436521182e+00,1.567006265999583814e+00
2.062271290285320191e+01,7.020985313803961070e+00
5.571665340507248043e-02,2.099701672502710115e-02
2.174467035587515795e+01,1.573765892927417909e+01
1.401444088750582129e+00,9.218338218324848565e-01
2.014586030607343048e+01,1.555213017153012345e+01
1.852107026960965541e+01,9.746425412589024617e+00
2.999141716324627893e+01,1.406907858941955958e+01
1.195696295661175057e+01,3.688273907940651242e+00
1.519085306168691751e+01,6.471989331590285666e+00
2.642976942607682744e+01,2.052289693548854643e+01
2.044939796675703292e+01,8.260847225796828397e+00
2.508251108003481633e+01,1.651862738230120797e+01
5.605009488348385027e-02,3.881613883774786417e-02
9.747147402997525134e+00,8.477822106937560775e+00
2.851460784384764580e+01,2.313068056949767026e+01
2.834297484447001025e+01,1.284125665859986931e+01
2.923398720570320464e+01,1.535300441930288784e+01
1.907875276330362269e+01,6.729524716437699006e+00
2.343248633307914730e+01,2.184702633219128387e+01
8.395281292147499741e+00,6.010209523170651380e+00
9.591026347418791786e+00,3.152273468118391708e+00
2.282146792479315331e-02,1.539961550502087773e-02
5.226361627003294430e+00,4.120483344675948345e+00
1.423191169584438853e+01,8.410316422188584440e+00
5.156911857372682206e+00,1.831223133173849993e+00
1.377568224500004668e+01,1.251471484271640122e+01
2.901520814090323341e+01,2.589051238905516428e+01
5.542753172846977883e+00,3.601691019200175425e+00
2.122456156464444632e+00,9.065653167966005732e-01
2.976801036687065505e+01,2.499473659390847757e+01
5.510192709742988137e-01,5.042092654127944273e-01
1.815245078858078642e+01,6.055279125837759402e+00
7.857761153743914484e+00,5.293024872924335433e+00
2.649300197614260721e+00,2.219294952709892854e+00
1.360486688735038641e-01,7.624750851641765026e-02
5.499296884768695826e+00,3.755085414981677250e+00
9.089420121567949096e+00,4.575808260035536534e+00
1.521210188513939278e-02,1.394162408956685535e-02
3.766601129924415403e+01,2.313677586958037580e+01
1.903803378540315450e+01,1.367134427697881094e+01
9.217334279597661606e+00,8.855330715243137973e+00
4.982967625964192515e-01,2.953017152128902256e-01
1.901301120229367120e-02,1.742244134342284256e-02
1.196278615869196571e+01,3.147832588228907547e+00
2.454998256416221736e+01,9.094145245448771675e+00
4.884288804158200215e+00,1.942125882515352231e+00
2.559265710207554179e+01,1.423723895118489047e+01
3.228839537388910230e+01,2.262241660394877130e+01
2.739437207579693379e+01,2.126882339945899858e+01
6.086548878936860474e-01,5.086384591059898153e-01
6.234004243698004072e-02,4.386675631823302307e-02
3.132517774285839551e-01,1.080957638039168611e-01
2.778796846223511086e+00,2.402791892846374733e+00
2.085471363982405890e+01,9.379381152245699127e+00
2.980772915334332396e+01,1.361434197081478636e+01
2.543696051878647224e-01,1.446896573253896590e-01
1.970585016177212045e+00,1.304274361669881088e+00
2.113605961125902127e-02,7.483666737465766335e-03
2.287251755673794307e+01,1.450991604671401980e+01
2.703233535153820810e+01,1.934797538069733847e+01
1.415874598726590783e+01,8.958975726778517057e+00
1.151830021660374515e+00,8.234308793123072956e-01
9.637349987659092621e-02,4.572039800805299120e-02
1.795628791088916643e+01,1.024266357955755247e+01
3.988898386846917443e-02,3.424163996627327400e-02
2.187750611380653254e+01,2.168577218905731385e+01
1.666306036747116304e+00,8.281631338523403052e-01
8.587368076604370515e+00,4.202540854786020574e+00
1.661522926112275755e-01,9.021670422491999408e-02
2.916693014186328980e+01,2.449089610302556608e+01
3.003983361226445936e+01,1.222798358713949263e+01
4.140589057795482830e+01,2.285409993263235862e+01
4.709621345659501301e+00,4.679057572283499056e+00
1.310873758207236328e+01,1.271346657723406182e+01
7.021662405004249763e+00,5.816906335587466614e+00
3.450515662243884663e+01,1.678851549742967109e+01
3.718778108602849297e-01,2.155424546885115755e-01
7.353783625205402963e+00,6.707145921122995347e+00
1.702597948805518868e+01,6.376470764329730478e+00
6.366349772713328359e-02,2.272847691526643996e-02
2.487827863976765030e+01,9.469136821112501323e+00
2.259996904949750629e+01,1.757356700779945768e+01
7.030261070081935237e+00,5.365438419794822167e+00
1.244875234124102371e-02,4.799470771223730836e-03
1.666648587569008910e+01,5.591240558470851774e+00
3.193306863442097465e-01,2.451781982168840801e-01
2.026723063904924516e+01,1.038692054420638833e+01
1.750084429115730345e+01,1.505202659307018820e+01
2.399330318380147631e+01,1.258183473053618506e+01
1.134904568337726349e+00,5.947066919066408275e-01
4.863372583138001914e+00,2.467254978806018517e+00
4.596811960409168951e-01,3.071009522404640757e-01
1.683020911392426200e+01,9.971378065143433389e+00
6.224986622562643568e+00,2.452330402742828763e+00
1.162423158952971747e+01,1.315398521190437897e+01
1.265087582003863176e+01,5.170178678757070934e+00
2.592888135440373887e+01,2.366590352657980034e+01
2.088407667314531224e+01,9.889173619848525831e+00
2.174016869590398926e+01,1.241269362786132291e+01
8.999010857089265736e-01,4.467444060513600101e-01
6.201005573140903948e+00,6.228416461479358013e+00
5.347680227526899893e-02,3.762479332481851596e-02
1.247808188800383533e+01,1.087165427224643821e+01
7.079237893473651511e+00,7.131528055908431085e+00
3.082598104774178172e+00,1.667570554905503988e+00
1.097469354334828194e-02,5.033017645985892255e-03
6.788602979377857949e+00,2.399892696573809214e+00
2.411679423119132792e+01,2.080282617494590625e+01
3.722373349349675564e+00,1.622755335234518537e+00
2.299411602356273843e+00,2.032949005163914080e+00
7.425762911411280420e+00,5.785235279564001409e+00
8.937109090631983888e-01,4.574261522853972362e-01
1.370623226615285972e+01,1.220179039832164669e+01
2.995938187068695413e+00,7.656124434396780476e-01
8.577776677945886386e-01,4.966281536084244941e-01
4.135484752681178655e+00,1.684154907210298813e+00
3.166488475835287086e-02,1.696871845366746887e-02
2.637045317746992978e+01,2.048111508372745604e+01
7.772715384182492748e+00,4.620397633976460305e+00
1.420995894316618013e+01,1.102632252701946136e+01
4.732233843984537280e+00,2.390078152496586394e+00
2.053886402801393188e-02,1.485289894233270472e-02
8.148542635908890830e+00,8.358044750077329610e+00
3.446153309878521309e+00,2.190840334378881593e+00
1.115720508712357839e+00,2.433660339829669395e-01
1.248940488068658361e+01,6.323351936507474846e+00
1.730114072112823820e+01,1.023544305133639654e+01
1.733722415461420496e+01,7.721685553427319881e+00
9.986128943073740771e+00,3.187117592372051611e+00
2.533575573428473504e+01,1.709067198125555009e+01
2.999353918188072043e+01,2.002631492390355916e+01
2.256284407182203466e+01,1.023924641052943407e+01
1.722170180460103950e+01,8.223857184412389998e+00
7.100956426549685785e-02,4.988308403581297873e-02
9.184219345132696333e+00,8.899911202950185896e+00
2.453325979075817592e-02,1.534026108641889548e-02
6.873189364105795063e-01,3.022263169995987320e-01
1.670914248007416419e-02,1.459806510685152971e-02
1.956285237618477879e+01,1.261157693811464142e+01
1.014892137523224314e+01,2.763995186029223117e+00
4.087436177786707980e-01,2.146266891549293565e-01
2.562063195281819716e+01,1.455736886458506874e+01
2.623406964579374900e+01,1.647511194548090074e+01
2.065056203895948528e+01,9.289206202639372023e+00
1.280265484633406459e+01,4.497212958299141583e+00
2.510017074261378411e+01,1.933008656321160146e+01
3.842625796140995309e+00,3.376846500239464532e+00
1.175432051710185988e+01,3.187398238574233655e+00
1.570344321178295743e+01,4.823178655455818031e+00
2.821625896063338246e+01,2.146203978427471171e+01
2.692905122285779029e+01,2.185959052826630966e+01
1.022977587254306009e+01,1.141632995761190017e+01
6.713788637020269512e+00,1.776651107653186346e+00
3.389231904759255798e+01,1.639755678967297570e+01
3.346366883981574336e+00,1.468152946302769157e+00
6.226777468264065085e+00,2.207858845003900949e+00
1.964084904117058550e-01,7.486991919919229466e-02
8.489970209539539070e+00,2.436157150000292315e+00
2.421289097494940989e+01,1.463806345036562995e+01
2.770155573176650421e+01,2.656780920135875945e+01
7.619896769002983739e+00,7.835658082950692993e+00
9.984331183055358827e-02,2.741451434527994446e-02
1.704975622010975655e+01,1.146439853833329359e+01
2.002026622644429921e+01,1.851632678260810039e+01
5.712192319542666041e+00,3.773403666985706284e+00
2.311518669116286162e+01,1.415867101989904953e+01
2.220607485234727108e+01,1.908881834612373751e+01
2.304834501819475889e+01,8.572616236410995683e+00
2.336355852144991196e+00,1.161760958976069569e+00
3.642898185558034907e+00,2.631955666648638115e+00
1.629471229605906757e+01,5.922704387725906905e+00
1.021652555930906203e+01,6.955825900164308351e+00
4.782519204096465082e-02,3.003067406386600649e-02
2.248526713253261633e+01,8.618339805241399532e+00
2.440147542929667424e+01,1.255494042015509493e+01
1.289847962332562048e+01,5.614221528547154172e+00
1.624342938124716440e+01,1.571718102479377777e+01
3.507666441416249642e-02,2.516096176430592662e-02
2.506151372471509209e+00,2.045317518948553737e+00
8.438439971861695810e+00,6.587845289679609806e+00
1.609005878933914602e+01,6.070636360375831764e+00
8.502863627329805274e-01,5.208749059118280567e-01
5.560039848137435570e+00,4.303239777396773214e+00
1.720343988037110705e+01,9.061552247332263832e+00
1.633674281919747173e+01,6.176179412596560780e+00
9.203833772385728196e+00,4.510631029233787004e+00
1.203512152463429530e+01,9.585428960876228643e+00
2.128453513185517565e+01,1.034442462029632637e+01
1.010529412649177616e-01,5.690195178712127710e-02
3.218016652018582113e-01,1.374635021795313217e-01
2.173701034680247801e+01,7.808874014138962316e+00
4.034173102347939771e-02,2.526313973693938147e-02
1.944372177066830520e+00,6.518248480595225658e-01
5.703581572132131683e+00,3.401546342723248184e+00
1.456392486491717619e+01,4.956149291417169422e+00
1.062494436913276497e+00,5.301134081242989682e-01
2.649039676750322059e+01,2.491237850586754021e+01
1.512362941351467427e+01,1.508221468504859430e+01
2.030835948336225272e+01,1.365955875321746049e+01
2.627172507275642488e+01,2.186770920544698527e+01
1.052540129900529919e+01,3.943717465076622908e+00
2.537894327453802390e+01,1.513968023334259527e+01
1.742655439650111759e+01,1.725239673020224629e+01
3.335873457282227506e+00,3.197613571669651655e+00
1.219531071366430552e+01,1.176449916678917518e+01
1.174524695428680543e+00,1.058428406310353287e+00
2.374717038544691050e+01,1.136112460455807671e+01
5.340488875335253072e-02,4.015115357583867728e-02
1.051050265022885233e+00,5.230283823275281296e-01
3.389268758933604797e+00,2.785217511721906902e+00
2.150846552811881551e+01,1.329674231395177131e+01
1.522496914460093609e-01,7.007629431645770457e-02
1.286130474071220853e+01,3.778398131355715339e+00
2.298455036075043978e+01,1.262968528546375069e+01
3.681507466326343803e+01,1.796606626393815276e+01
2.495235950937103198e+01,2.174640341984255443e+01
2.750184438191448422e+00,2.100232856640482648e+00
5.579266884274237448e+00,2.881362175511419821e+00
1.949739759931273397e+01,1.144527314007631524e+01
1.898197821854127199e+01,6.129647259343316001e+00
2.182704701386958490e+01,1.381397555753365047e+01
2.374423394880139071e+01,9.259320513185191004e+00
1.658784635517473660e+01,1.080882243168668921e+01
7.319135719542305685e-01,4.485483088417748787e-01
4.880463590083414793e+00,1.832287724626491920e+00
1.387432902395429402e+01,8.531432932795038226e+00
2.436609173716162857e+01,1.600792678005975134e+01
6.762412523199320624e+00,6.342710356240440106e+00
1.815432677717978294e+01,6.924522168669853706e+00
2.704588308389875095e+01,2.101249501529621000e+01
9.080793159439635998e-02,5.302012553496147917e-02
6.521395085701797711e-01,5.269043464100197083e-01
3.766297417369954270e-02,2.971358011681508177e-02
3.357338345881755726e-01,1.361204429577775321e-01
1.099898798921790188e+01,1.247734691164418486e+01
7.661626200108497819e-01,4.167103709711421633e-01
1.774374445488917118e+01,6.426385500451384125e+00
5.174942269382414750e+00,1.842402632740346879e+00
2.601560154199353292e+01,2.012803533853122318e+01
1.698726663575967066e+01,1.056739618949502457e+01
9.925762890242610936e+00,5.072394403555308351e+00
5.857644901722344422e+00,5.937112199291338932e+00
3.652253158009180822e+00,1.425736512450726634e+00
1.434242251059749673e-01,7.353293743359727574e-02
1.221499279244036629e+01,8.106374967180451918e+00
4.254066802525779956e+00,3.837011839745194663e+00
6.080857629366547279e+00,5.985594206184765120e+00
4.887988717640852521e+00,4.130674211365336745e+00
5.196478841481984468e+00,3.926933011485717273e+00
3.865896542465352415e-01,2.360485611292478803e-01
1.345997212525095676e+01,5.725447019356763256e+00
2.317920366426364964e+01,1.576824210052915554e+01
1.224835241633632066e+01,6.928700837185457040e+00
1.785743778001297599e+01,1.099829193500580971e+01
6.671866733800702498e+00,5.787123155054869628e+00
1.216783963021167203e+01,1.100790231300290145e+01
1.271855209972219392e+01,3.364732084765129638e+00
1.801901008365509327e+01,8.126098516107466807e+00
2.697934166519458188e+01,2.133854803793750321e+01
1.623356862924387967e+00,1.228181591207212486e+00
1.247179415916955136e+00,1.043484374229566081e+00
1.108699016993486453e+01,3.954692591933265611e+00
2.831848210824889733e+01,1.354367017353993674e+01
7.457701914816347255e+00,6.646604226814760707e+00
1.085111936907225072e+01,9.509677523794362486e+00
1.785306093538435945e+01,2.449980648650248582e+01
3.196620132540351822e+00,3.062651203975727210e+00
1.241766924942069927e+01,4.358392243934336996e+00
9.667886964867358657e+00,4.999495363874937759e+00
2.622626139309871540e+00,1.382287800414273571e+00
6.422798952824208818e-02,4.393463485118066086e-02
2.554772314801128275e+01,2.272606173877248636e+01
2.449066659369833232e+01,1.824837085851915930e+01
2.726949777789117491e+01,1.769929647583408538e+01
3.701912244329528257e-01,2.656982281660353329e-01
2.450433442631808134e+01,1.387048804319325157e+01
2.689919137978465002e+01,2.535281369761219139e+01
3.906117145161244864e+00,3.257919779563214213e+00
7.281566164438426192e+00,3.322049434190645911e+00
7.459226331641498342e-02,4.498458999129470448e-02
1.703780180814472800e+01,8.258529185702427000e+00
2.376861374486864520e+01,1.555834638277609727e+01
1.657664320961856674e+01,5.653667738490075756e+00
7.819645482757486832e-01,3.503792998313940976e-01
3.063745365943840504e+00,1.674871389980890246e+00
1.315104051214845349e+01,8.166482220513259449e+00
2.647165644325880507e+01,2.394490550644596283e+01
1.913821540323419867e+01,6.516673035784006807e+00
2.827871283282884107e+01,1.377919162306278977e+01
8.566041289221379529e+00,8.732150915357982157e+00
2.522982629441743185e+01,1.696558762862049718e+01
1.249403959324867142e+00,6.520303431422439511e-01
1.072848985923711806e+00,1.000660005963848631e+00
2.416353737338278407e+01,1.409118301254331840e+01
1.456579530872580719e+01,9.588030113841089275e+00
1.076417313718808977e+01,8.376178779034725963e+00
1.147762534220819752e+01,8.201629046246198484e+00
8.170761964830727919e+00,3.900782382362570022e+00
1.681460014630020794e+01,1.297419244099760149e+01
1.243588783498710804e+01,1.185893666508838606e+01
1.688480192596486518e+01,7.595739642705927608e+00
2.488926622210442807e-01,2.067152807731486852e-01
2.587074876678456548e+01,2.144559804138218695e+01
5.378637582597761008e-02,3.442301595957813348e-02
2.521473784594185030e+00,1.078360190940443664e+00
2.552055297611824258e+01,1.478827125907463369e+01
5.729473709598726039e+00,4.492977654429966883e+00
2.567545867528606607e+01,2.503069990044897608e+01
5.887464993796414525e+00,4.104176909888648694e+00
1.004655996575909249e+01,9.509612886806435128e+00
3.644848917893158102e+01,1.809785464591846349e+01
1.841345587113275073e+01,6.681728684133752871e+00
3.122579357473297623e+00,2.112753895322375008e+00
1.901339245687296842e+00,9.718701246245053937e-01
2.242436925077048215e+01,1.214598363067324627e+01
1.860094839465957861e+01,1.733189491741115162e+01
7.778305076337066915e+00,5.013439223133938860e+00
1.752650376684967881e+01,1.185320570535527196e+01
1.270278292211774129e+01,1.256839348681826252e+01
2.840212726736182969e+00,2.313878721519105230e+00
1.071175382740776350e+01,3.530689136959675789e+00
6.309171483214718990e+00,4.768456202850058112e+00
2.622779363829491572e+01,1.779377674202462600e+01
1.952542638905958583e+01,1.182051560579713012e+01
2.056191462027663874e+01,9.558649101549164584e+00
1.707635052061700875e+01,1.168656360177095976e+01
2.083684946517421110e+01,1.697741436319142139e+01
1.277533389989893520e+00,8.359058251368700621e-01
1.211731225556144942e+01,7.748925494167053785e+00
2.947879447009798426e+00,2.305748760366676198e+00
1.492988405255228912e+01,5.584903955007503029e+00
1.482378352213008554e+01,8.380610603219301069e+00
1.093890028337105669e+01,6.438924390711693313e+00
2.523591353826720152e+01,2.153294528144277820e+01
2.653517537698837714e+01,1.119574596857291304e+01
2.647203989226245824e+01,2.125607762245866894e+01
1.540400790915761675e+01,4.444938711689507826e+00
5.202237000754045937e+00,4.756356850189837893e+00
2.416279691145751940e+01,1.826660191211670536e+01
1.036280970751905173e+01,3.075616038572603905e+00
2.782175014071068020e+01,1.347946180723345933e+01
7.768256761863291615e+00,6.025721153441020661e+00
2.222638474531672870e+01,9.754460800096719453e+00
2.912427269971536248e+01,1.363829646122244910e+01
3.332579812794897123e+00,1.261831900900888703e+00
4.184647950706451014e-01,2.598805131036369676e-01
7.328963852258469025e+00,7.474288926009482914e+00
1.281278552512545188e+00,6.483001115449541496e-01
1.150895487438688525e+00,3.932601382453256300e-01
8.294709889850090390e-01,3.788025337999151865e-01
1.008147240395365962e+01,1.119069404529587253e+01
1.231616604139033555e+01,5.063207485589598988e+00
1.391621848489404201e+01,4.599105867389807756e+00
2.506502928077390635e+01,2.079297777602207375e+01
2.409676294711356093e+01,9.406681360471546682e+00
1.222608119997538489e+00,1.122470454432744180e+00
9.950794033821980022e+00,2.745186642117911635e+00
1.320249026965448635e+01,7.741450396581242899e+00
1.040967806981996446e+01,3.098438660606015471e+00
2.092816914771043102e+01,2.024638086694905681e+01
2.626248500494358851e+01,2.276622196805792342e+01
4.980299500251672562e+00,2.407288787076359515e+00
3.964060119325981124e-01,1.972604996433114655e-01
1.356902748487143384e+01,6.860424626787733793e+00
7.734754076800125056e+00,5.024860443057591830e+00
3.143939603835091035e+01,2.060763558679060026e+01
2.184361713818784925e-02,7.566115898099842751e-03
2.768102906893871662e+01,2.487952410822380500e+01
1.012565349571450213e+01,8.331436629200581478e+00
1.850101572248330273e+00,5.773852166003812236e-01
2.996485785476081176e+01,2.000903144502344944e+01
3.964393673941748464e+00,2.940534848610088847e+00
1.193211271164893450e-01,7.337632650879252760e-02
5.712549050837422371e+00,2.363054251441682574e+00
8.022760778624469680e+00,5.732873977552985778e+00
1.110965566452943420e+01,9.503664374366890044e+00
1.588192789888171497e+01,9.981106768075436619e+00
2.368705134381649202e+01,1.287935164212256289e+01
2.771181303203599899e+00,8.827086245542934417e-01
6.148339001734726139e-01,4.046318824429621097e-01
1.088106256451378862e+01,1.045959876621077456e+01
1.827265732446116075e+01,1.103320901579086843e+01
2.765500836494074477e+01,2.476257993250859002e+01
8.129948071687897126e+00,7.032955287594788274e+00
1.410225605091719103e+01,4.982743902759136922e+00
1.185261619907179664e+01,1.360838173966011588e+01
1.770210386575816131e+01,5.510549576281930761e+00
1.762511522504317796e+01,1.888304325696689645e+01
2.238182658718357843e+01,1.023043646558024378e+01
7.205419565838139029e+00,5.074381296579010048e+00
2.877633672831478653e-02,2.226009948388903148e-02
1.860637023764106956e+01,1.154655549586422225e+01
6.046502568382645215e+00,4.150962216755120338e+00
2.332798876587624903e+01,1.777712830670531119e+01
4.214544030654865381e-02,4.633670466036644842e-02
2.578622325847566188e+01,1.967804471980026548e+01
1.767612042674842621e-01,8.286045668970916378e-02
2.623984200136756328e+01,2.217049535449779185e+01
3.409796490877354813e+01,1.734230646109986296e+01
1.986350310403918584e+01,1.574556164846381634e+01
3.107183445201892624e+01,1.469685762423287834e+01
3.296061590719407075e+00,1.610797562971290287e+00
2.656339836256526965e+01,1.731705134968023074e+01
5.457120745207346246e+00,2.961828058707271172e+00
5.390281773595790860e+00,5.036059832059266661e+00
3.918870942729535045e+01,2.043648993241811596e+01
1.728324838380096151e-01,6.971486828863564245e-02
2.087005368488172152e+01,8.774069677556935787e+00
1.987702210126883173e+01,9.205777587724824684e+00
1.126193589771221681e+01,1.056506272121307255e+01
2.331420494985350444e+01,1.098195864952440992e+01
2.423160892057108029e+01,1.836344906391279608e+01
4.071846079251029149e-01,2.175151972218812013e-01
2.206405098758790118e+01,1.046800895799565545e+01
2.351679165723314213e+01,1.203377253477188624e+01
2.119878595392218656e+01,1.773922833915393227e+01
2.717113064048968596e+01,2.276416821013672731e+01
3.046506033243462497e+01,1.973519750718579502e+01
5.232924549469407438e+00,2.336845710363746775e+00
6.327013231243204527e-02,3.545798309237917917e-02
1.548332354185187576e+01,7.453870388565237093e+00
1.678879746686924435e+01,6.784944288529596967e+00
2.399309003696960119e+01,2.001446277573041144e+01
1.521777539297129955e+01,7.174799161679958459e+00
1.639042873134794603e-02,1.563393702278618319e-02
1.138690633948124820e+01,5.695903307327694343e+00
2.020295962427712055e+01,1.128922485202637560e+01
2.672691830401073076e+01,2.011622762890865701e+01
2.717944214136870684e+01,2.639753994988967634e+01
1.576982516006804858e+01,1.103895348190912529e+01
1.321465131768155210e+01,8.504734454371391195e+00
1.553205902847678033e+01,7.627639430954973321e+00
1.806655603803206667e+00,8.678242665482777118e-01
6.404131659458928816e+00,5.487458253593911373e+00
1.200514609174728520e+01,4.083388770251543676e+00
1.175019252031327710e+01,1.338979366061254161e+01
2.344638053403484079e+01,9.207316970979821491e+00
2.267456237080545023e+01,1.655462296812220657e+01
1.997206054578524848e+00,1.487675886447221263e+00
4.865415815857836689e-03,3.940700294165421294e-03
9.374245121627934552e+00,4.813439038720255247e+00
2.401527824018566903e+01,1.324293604580352124e+01
1.744938435720251846e+01,9.023023777703743420e+00
4.713275894094095975e+00,3.847549890777999249e+00
2.916594026575122811e+01,2.270039838186831815e+01
2.306685499010598761e+01,9.727707816364214111e+00
3.584853141081518313e+00,1.599309920734943713e+00
2.806824774345291207e+00,2.167964630449318086e+00
2.149897630625135747e+01,1.062771933895769649e+01
2.814867739999723728e+00,2.465039525646110619e+00
7.579806842579515924e-02,4.678945361075406706e-02
5.597997408001985420e+00,4.852398237846596629e+00
3.430784751973740831e-02,1.352171586824289957e-02
5.252286831800171557e-02,3.214383733238865976e-02
9.203607809135436191e-02,4.759203222298324931e-02
2.746381565743407194e+00,1.188210413985125058e+00
7.553809681294590739e+00,4.225197197236995272e+00
2.239531460585767686e+00,8.703983461124569221e-01
2.612671125727861465e+01,2.019313990231335509e+01
1.760041828277594433e+01,7.673133704361932317e+00
6.310684879711585538e+00,5.416407591304462699e+00
2.100086569484400201e+01,1.218025436466498235e+01
6.905423738424479874e-01,3.702474795488870374e-01
1.888077268497992378e+01,1.202564144775201171e+01
1.594637274489759093e+01,6.706328700011411570e+00
7.018120521927873057e-01,2.229830846450870652e-01
1.303779620674813877e+01,1.121889429082829892e+01
3.686923571965871615e-01,2.076536187418154267e-01
9.338948399550538682e+00,1.006458137855274870e+01
3.465026101251683643e-02,2.047483965222077554e-02
1.095092352596922325e+01,4.627324451582210507e+00
1.708763859006259267e+01,1.183618860763058578e+01
1.346885873936228784e+01,5.571179663210515720e+00
1.295151174038968556e+01,9.747097045865785958e+00
2.299438529964476530e+01,2.292666956674715095e+01
4.291545176621834656e+00,1.123622100192091189e+00
2.392838926601738336e+01,1.894944040074198099e+01
2.381158938091401467e+01,1.163337266083072308e+01
8.571604154617595839e+00,8.619025576998042837e+00
1.137363285559624543e-01,6.077441331594284762e-02
1.808087973420787264e+01,7.040329975277508368e+00
9.466375672964220556e+00,2.547437361761204500e+00
1.446591243903543766e+00,5.971430250348428448e-01
1.065161418359321033e+01,8.759958386239677708e+00
1.093994323782277078e+01,1.739221147886982521e+01
1.454581267633951569e+01,4.508313136921464626e+00
8.759207384129373608e+00,3.568338817469259183e+00
1.013126608948566698e+01,7.236079180907307951e+00
3.604910534593264604e+00,1.944161444035943820e+00
1.358336793501492323e+01,4.566545957595207206e+00
6.973172473382234671e+00,3.933263589381922554e+00
1.208417891725881077e+01,7.553566390438465561e+00
3.803470201846975929e+00,2.305644126037511565e+00
1.610364956299466499e+01,8.490831560181765880e+00
2.479947497785123645e+01,2.050161467048513231e+01
1.772569190454592558e+01,1.305003739405303165e+01
3.078454085844089527e-01,1.705058171293533098e-01
8.337646835314625804e+00,2.239500681630821166e+00
2.688319650285166118e-02,2.195180917870119541e-02
2.023024238495564475e+01,1.301654072070299328e+01
1.401165492665951140e+00,7.673969377952499782e-01
1.422988037813304452e+01,1.324365868360007070e+01
2.379377973230219379e+00,1.975712634576412885e+00
4.218169307039956628e+00,3.368191087190799404e+00
3.348237241422038490e-01,1.697371582996637651e-01
2.332380423415593285e+01,9.788238080161040244e+00
7.755665004352872316e+00,4.423477252061779552e+00
1.493107313653094614e+01,1.393860041221426016e+01
1.782264948070541166e+01,8.371257297376558881e+00
2.998826764961051339e+01,2.231396284091162130e+01
9.764278444247327826e+00,9.659736610246980604e+00
8.500574209007559778e-01,7.232329083287305505e-01
1.730573917011221496e+01,6.586348796486030110e+00
5.803722428731250549e-01,2.525958854029365375e-01
2.152283132138307575e+00,4.364092830466395068e-01
3.355344554969616588e+00,1.695410269401378844e+00
2.357183532269901605e+01,1.025659959466627846e+01
1.089307551868165369e+01,9.808123444772158805e+00
1.817641626654912557e+01,6.733402804337335290e+00
2.865016424064544864e+01,2.293525634114499212e+01
2.689277719900693212e-02,1.539243637735153783e-02
1.830260723344888518e+01,9.773336848237693886e+00
2.604181357298603672e+01,1.959917446076279290e+01
2.171608502032141530e+01,2.117838240344781298e+01
2.781864619546706763e+01,1.972575444496353470e+01
5.696968041100253011e+00,5.061756691184869261e+00
2.506951925367479816e+01,9.571170104446006022e+00
8.484419590349198681e-02,4.160471295734999297e-02
2.726970610308237752e+01,2.198218805514533969e+01
2.535549701545273749e+01,1.611776449592830218e+01
1.235855343503062720e+01,6.290738341194320071e+00
1.227635281740551809e+00,4.502125242066672417e-01
9.772795505156871287e-02,4.043924001805970780e-02
6.761177321237750448e-02,4.339438614560274521e-02
8.584088505478531417e+00,3.628928456836050920e+00
2.645499271310060507e+01,1.955782966849282545e+01
1.314627443477409674e-01,7.601487721138470988e-02
9.493655976696026288e-02,5.375399354086748266e-02
1.753665156173873996e+01,5.956084666858743049e+00
3.029505118399342223e+01,1.473502042728133432e+01
8.434352582378702223e+00,8.432212249764312162e+00
6.951760955312608070e-01,4.015574603334514103e-01
1.326886804865181269e+01,1.136962753210494803e+01
7.008595241516246688e+00,3.461999732742620406e+00
2.172205066147207120e+01,2.193451942953721456e+01
1.142208279176628238e+01,6.452052309415170939e+00
1.398894266368744602e-02,9.650342955429993055e-03
1.171568883362822433e+01,1.152271199501211996e+01
7.790725157563293202e+00,5.892093304747649363e+00
1.848478217073400387e+01,2.375183211004506134e+01
1.649019016227990164e+01,5.879054102479089217e+00
4.095955401002234986e+00,2.657363358707454548e+00
3.317391244043109422e-02,2.909365598966458591e-02
7.326072301245734941e+00,3.310438267462003648e+00
1.987622701857651819e+01,1.110047887248252430e+01
2.925341152146159374e+01,2.547350418155816598e+01
2.070523986954558282e+01,8.289403274206739169e+00
9.272358402939460120e-01,6.838217727992886852e-01
2.159304046382542097e+01,1.069342573013858733e+01
1.072697151868918342e+00,6.765750311951108653e-01
8.387292376587103526e-02,5.500139017348357889e-02
2.841930455414140022e-01,2.085325969421608361e-01
6.635239139634674377e-01,5.541862162712384299e-01
2.336562357443005764e-02,1.322386345157450932e-02
3.121809298399352883e+01,2.050334956958927179e+01
1.037624480428734408e+01,7.111256450628128611e+00
2.365440026512029448e+01,1.599483915463076578e+01
1.341816790038665808e+01,4.267850029170134896e+00
1.680080085379529109e+01,1.374972719946471678e+01
1.437818226042348657e+00,6.320431359866480747e-01
1.079626587764406409e+01,1.013510418423214254e+01
8.619649939338961397e-01,6.959106009891138367e-01
2.172433745973889074e+01,1.556812635803714784e+01
5.728617043551682109e+00,1.445078562299676461e+00
1.337395197532715407e+01,1.300635425264126432e+01
2.273092694337688258e+01,1.455481870576898551e+01
2.362488138466784093e+01,2.052644416161379226e+01
2.279937321514652382e+01,1.091022828728014638e+01
6.847978449825144587e+00,5.471305556260980474e+00
2.575183105017452068e+00,1.630512498227494333e+00
2.987944566655924117e+00,2.374413564213104788e+00
4.006821222298905028e+00,1.457601467515731164e+00
3.914843942375837216e+00,1.597096408575827242e+00
1.752517724914902786e+01,8.102599649282202776e+00
1.976548347635166181e+01,1.038251731157692781e+01
1.663545291198960038e-02,1.393916813727772916e-02
1.247967315926882215e+01,6.800894072115576172e+00
2.991610961566729543e+01,1.947231677909548964e+01
1.102423257886655961e+00,8.917182033187728285e-01
2.295376698188113807e+01,1.887802730646311744e+01
1.567420834938606689e+01,5.524234147777475457e+00
2.325042870470152567e-01,1.296353554354490456e-01
3.933947819186295547e+00,3.178207896693397760e+00
6.307172225169195734e+00,2.256203302920813947e+00
2.225366855180156023e+01,1.087538926992142585e+01
6.097928938547347855e+00,4.893042984164762466e+00
8.166329266036950751e-02,4.670458090136694190e-02
1.489322562139636652e+01,4.325373347692079484e+00
1.830415871206659162e+01,1.253133105916181478e+01
2.308608378394219329e+01,1.875182400155923190e+01
8.612240816584945668e-02,4.410493119898431513e-02
2.381214635285816428e+01,1.140195997815567353e+01
2.732064279227824563e-02,1.982017563377241887e-02
2.819622538473397455e+01,1.899437515403602106e+01
2.533003107050761371e-01,2.155769099484351747e-01
9.769900444817670504e+00,8.998871637353724751e+00
3.729414481473077814e+01,2.047293887555287029e+01
3.080229290592098934e+00,2.892251441191023176e+00
2.856404303116729082e+01,1.338232752134478964e+01
2.325834472528764607e+01,1.501750389155928644e+01
1.318538825490188082e-01,5.578193214846501741e-02
4.019286707040313544e+00,1.614836227873222674e+00
9.622958045202474331e-01,4.874980222452922618e-01
8.649671029888930107e+00,6.803347584260348135e+00
2.559215117136881901e+01,2.017161681147064556e+01
2.581473306586002181e+01,1.672902160394389526e+01
2.045058346132251259e+01,1.052166183063450511e+01
1.604210533365142766e+01,5.890528262988961039e+00
2.113330577784876141e+01,1.480341271798556235e+01
2.340911839465297817e+01,1.144675045421248072e+01
6.494565422825605339e+00,4.882166743345471183e+00
2.122757774718016677e+01,1.890584867198567665e+01
1.946028386723905657e+00,6.206158295743000597e-01
6.190841899066280796e+00,5.011424792516652182e+00
2.498372655371354867e+01,1.685764283691644749e+01
9.540406347753791483e-01,5.603911633952112226e-01
1.652447720799811393e+01,8.838815171418538341e+00
1.314046471957495132e-01,7.745165360897654505e-02
2.145720252442525222e+01,1.588672793232595915e+01
1.948413198259479273e+01,1.064562476981630113e+01
1.556742303079284406e+00,9.519350885579607180e-01
8.381912119059331090e+00,3.922089352651261240e+00
5.157730405687972031e+00,4.466042773023616519e+00
8.012264425288114111e+00,8.172681954362474244e+00
1.187116476429148429e-02,7.637288586873968582e-03
4.479242509636249814e+00,4.346239004547093998e+00
1.123096762849979502e+00,6.106350654980006176e-01
2.275073589340118829e+01,1.212216759944421263e+01
6.243842719249092177e+00,2.377079592700303223e+00
2.014385795973245408e+01,8.023312386277311248e+00
2.537903195327307904e-01,8.795917007754562589e-02
3.690592710865143733e+00,3.071736762514267749e+00
3.874950477863876169e-02,2.594123375380991137e-02
3.828374714760912667e+01,1.982803127705022206e+01
4.007612857890200525e-02,3.104986282960349106e-02
6.492819910169845166e+00,2.313790484584055562e+00
3.478032935378467982e+01,1.589349110515305341e+01
1.726325116955258060e-02,5.838449446691994053e-03
2.806753784788550021e+01,2.622861450234712422e+01
3.968730377282313704e+00,1.980530142140388916e+00
1.144052912056464200e+00,7.716466160196497892e-01
1.263006199420303055e+01,5.353106149109088996e+00
2.888924706243073404e-01,1.484352172268532388e-01
1.441848497036887444e+01,6.353831187159777016e+00
1.411708009092684124e+00,1.029191405914010593e+00
2.647186693968561144e+01,2.143962489517724279e+01
6.110000533842868897e+00,2.089694314733941738e+00
9.021830602939761690e+00,5.705427084088636747e+00
3.328941292719854772e+01,1.568730178545597553e+01
8.574860647465635921e+00,5.739920897047046111e+00
2.749789921456037955e+00,1.373444067919746381e+00
2.199230608816075261e+01,8.084709352210110112e+00
9.468394505697274033e-01,8.361054458641831166e-01
2.109777405382294635e+00,8.248738759526949016e-01
2.768729313543082782e+01,2.123367461913286292e+01
2.610904622626456728e+01,2.224181769846146040e+01
3.597810342664398586e+00,2.951232674660179800e+00
4.229945855489540385e+00,1.353816849472763817e+00
2.890657531465802066e+00,2.731497827868951234e+00
7.446208095184908560e-01,3.986027585230302317e-01
5.905369382851856308e+00,3.814772966513056751e+00
1.543972271243343819e+01,1.486849526261145904e+01
1.048526713022702950e+01,4.894828449595238773e+00
1.496819738764182173e+00,6.103394176870116095e-01
3.754659891523384196e-01,2.388494500680691801e-01
2.019178478407287614e+01,1.624312541439701008e+01
2.856621168361025198e+01,1.214535915199085103e+01
1.579774469034248008e-02,1.239962517140259270e-02
8.414059219762147990e+00,5.497604363635319125e+00
1.557527650622368931e+01,8.381312091054779145e+00
1.438851335579856716e+01,6.820449572112094572e+00
3.285802911971463658e+01,1.621702694316478599e+01
3.065947439169167676e-01,1.420683078398690680e-01
2.172378369686257571e+01,9.887277968473288325e+00
1.534094420383386748e+01,6.925662081036130679e+00
7.727426075992033461e+00,2.886651246131679116e+00
3.785709859278919787e+00,2.867316398880682460e+00
1.240513082076242135e+01,9.298058172947914812e+00
2.752954417176605606e+00,6.472554466995605882e-01
1.525123529551451540e+01,2.321299455137987167e+01
4.261407898442652886e+00,1.595499365242681211e+00
1.183901446124405510e+00,5.365968832202523409e-01
2.695716158121360806e+01,2.214988170786770993e+01
3.865695931819786324e+00,2.939728423242395916e+00
7.530946368563315119e+00,5.962653200056588609e+00
7.847301369071955968e+00,3.225189245407261929e+00
1.958536861033406851e+01,1.440971736427462879e+01
2.323540424611065802e-01,1.253115859416815969e-01
6.879799720618081649e-01,2.289523437039601150e-01
2.736089532593139140e+01,1.798941885751219161e+01
2.650827777550920317e+01,2.568761327900108782e+01
3.086539271396992676e-02,2.654380545255897658e-02
5.627632535668817049e+00,4.921591669106605949e+00
5.765424212108093194e+00,4.182598105601568861e+00
1.061214962897339298e+00,6.266309673076309039e-01
2.416225142653949121e+01,1.731253082524440501e+01
1.115864877418595213e+01,3.737028350986653535e+00
1.915302864140467420e+01,7.361144870724596778e+00
1.654331648112540876e+01,7.008814950822338297e+00
7.182421318495634921e+00,4.301297665998248476e+00
2.775730687201859936e+01,2.386865549940859310e+01
1.297412340836960531e+01,1.064155113605160707e+01
2.151295902609678290e+00,1.501998323558272341e+00
3.722680721397014558e+00,2.312008201215319136e+00
3.875822184404212334e-02,2.201998616651627133e-02
2.405498594975382431e+01,1.907328688482440526e+01
4.720915151548480543e-02,2.437478435011635955e-02
1.563178330110530645e-01,8.103780783469237414e-02
8.838662993970977766e+00,3.443980470384131465e+00
2.125432243231217910e+01,1.524702323656345015e+01
8.165493648154264150e+00,5.862131198211556260e+00
1.522986313697657934e+01,5.766553172345620482e+00
6.277670888271733585e-01,3.301473551531530770e-01
1.153054145439477374e+01,5.637399232569022089e+00
7.525657854711398365e-02,4.640246276605743125e-02
1.576954151050528985e+01,1.664244982944715545e+01
1.557618169424067567e+01,1.118105327307756802e+01
9.316353162741311422e+00,5.936517866648896913e+00
1.190527163344285849e-01,5.666759639632775597e-02
7.869754171419121924e+00,7.692456549323006598e+00
2.164240070679029060e+01,1.401188125628635461e+01
1.323076991726286344e+01,5.205006335758678659e+00
1.281921112216973135e+01,9.416435936302738341e+00
1.226870041749133833e+01,4.249655982052567893e+00
1.214051475967977967e-01,4.623102856092468904e-02
6.666994426029402732e+00,6.685194493482842226e+00
9.255789108268437815e+00,3.444745086167686487e+00
3.747937555702248069e+00,3.320558807507838939e+00
7.155325478659103844e+00,5.487409316816907356e+00
2.057305024375340352e+01,8.246370605547781452e+00
4.852435361423944049e-01,2.660889019816902179e-01
2.399377090586973349e+00,2.209510293982927198e+00
1.441862549191223941e+01,5.352642214983694302e+00
1.658997555726184814e+01,8.414923320720856026e+00
3.494559953337924441e+01,1.602821784046451370e+01
1.603949573770739789e+01,9.641352213368280744e+00
1.634782076325674893e+01,5.476101422950934605e+00
1.806927087713483360e+01,5.491342779804346819e+00
5.436393905913016411e+00,2.937417347479776897e+00
3.762668150652969529e-02,9.464730273748266434e-03
8.635572073597549969e-02,7.037551641243680600e-02
1.899688553296292426e+01,7.559977539928248724e+00
1.533851561099461192e+00,6.261317397505001825e-01
1.228100571080047582e-01,7.518394959022997592e-02
2.277464041359305114e+01,1.058928953523141914e+01
3.892811165689532005e-01,2.223250596971172999e-01
1.855593431874113008e+01,6.282233254529623778e+00
4.179109190706323140e+00,1.232698938279328749e+00
8.905965233605677156e+00,2.965266445977894794e+00
2.768534184314300717e+01,1.820467914884074290e+01
4.222742200847048544e+00,3.442990809814709507e+00
5.939343423908846731e+00,5.901304256563090433e+00
2.628624060096822923e+00,2.018483423953330469e+00
2.016241284450615900e+00,1.419766368246698107e+00
1.092425679926532389e+01,9.954482696895217586e+00
9.273816287790886292e+00,7.015755667662459949e+00
6.137711858094163198e+00,4.786436340205566964e+00
8.141642859577936930e-02,4.774321108381450462e-02
3.185889592147282556e+01,2.436106692158781328e+01
1.796162634644412037e+01,7.152753192076122701e+00
2.849276223418083731e+01,2.469745712610352939e+01
3.623513589797785345e-02,3.084542578695164197e-02
8.580500396068291735e+00,8.994975910113170769e+00
2.593754073323247811e-01,1.022064940499078228e-01
1.322590513588778194e+01,1.132517869051909010e+01
5.899877371147575822e+00,3.897334212796613073e+00
4.201142423741103471e+00,1.568316773175105983e+00
2.550863133748100878e-02,8.546911313859300446e-03
1.163048156449471238e+00,6.373380075620160845e-01
1.694773858931474209e+01,6.483618011161590644e+00
4.775857539775810956e+00,3.144223039638810668e+00
2.086485092844070702e-02,1.070081412418281280e-02
1.754474880020585881e-01,1.325648693611331252e-01
1.499423281470095293e-01,5.857719918558850630e-02
2.127284551652935463e+01,1.225282582838903522e+01
2.304874214567176693e+01,1.485925109411239653e+01
1.101627495897349041e-02,5.903388021882440169e-03
2.568480866076477653e+01,1.569329759169500527e+01
4.406443527553150830e+00,2.157669160963616939e+00
9.335598980107450373e+00,4.872891044631036728e+00
2.287867518234773176e-02,2.184622157085064353e-02
2.393193763729784251e+01,9.274295240817497898e+00
2.438189337056782335e+01,1.302545897794360741e+01
9.297594798347599721e+00,6.943795749186964628e+00
4.587669671294200557e-01,3.140828301756747876e-01
3.184947749271461181e-01,8.279578252323503695e-02
6.288753984813661990e-01,5.224057222330347194e-01
1.695300251236075084e+01,1.318077647222185611e+01
2.420568384754527358e+01,1.492968105243680021e+01
6.053142443479400114e-01,4.185476464676360364e-01
1.079221421250756291e-01,6.014348351858242459e-02
1.981194587914717431e+01,1.108209017151694020e+01
1.627863997471484936e+01,1.096875522819172133e+01
2.923418844210623746e+01,2.556943908609329341e+01
1.907775203470890232e-02,1.151409961570560962e-02
2.003146902110466598e+01,9.070206456336174838e+00
3.489533521540227223e+00,1.798910878571593264e+00
1.511189118700607814e+01,1.910854333310302167e+01
2.570836365749648422e+01,1.624345737435391257e+01
1.859329338035794166e+01,1.584482021584198996e+01
2.346558086595263859e+01,1.081189065888278122e+01
2.444127504687729768e+01,1.182812864319223678e+01
2.863061708117015058e+01,2.368768321785562136e+01
1.285458274929065325e+01,7.602560445729884542e+00
1.635585257830187800e+01,1.026585762068942032e+01
6.879778929667831333e-01,3.516961887693744182e-01
5.174405855627715045e-01,2.325192432618700678e-01
2.642475530471984246e+00,1.909894279567413866e+00
1.035104161699094938e+01,7.804116433562772848e+00
1.241892754634108531e-01,7.742544275076113092e-02
2.154326869319725191e+01,9.515144154608158544e+00
5.452209132813460535e+00,3.894626379287687179e+00
1.853956802234494461e+01,9.519215857088338950e+00
3.363265685877855571e+00,3.199382699789321549e+00
3.443481923494246644e+01,1.634420800330300949e+01
2.049253488469085127e+01,8.095808252439480768e+00
3.364977431925051943e-01,1.692714909477119889e-01
4.390607001255441427e-02,2.964959017009469525e-02
1.091538240087065148e+01,3.920513594620284259e+00
2.716698884331815833e+01,2.153779862132475387e+01
1.490436393436455509e+00,5.699319549166365073e-01
1.757372950141998791e+00,1.499985575792049053e+00
2.073653263076963427e+01,9.287088675341006905e+00
5.540089930588104394e+00,4.457871229129581003e+00
2.499294580785099473e+00,2.119230428403257260e+00
6.080799668787715412e-02,1.785219958314991640e-02
2.619478114465483642e+01,2.252009338971272712e+01
1.225937978486248303e+00,6.491555057377405014e-01
8.962937056000276626e-02,5.342512314085384045e-02
2.983015643540535417e-02,1.932868942318302641e-02
8.085629736780497012e+00,4.502346360162994721e+00
2.635934780925265741e+01,1.807459966774476001e+01
1.840286472096584092e+01,1.031245743173688467e+01
2.504474136331153455e-01,1.880059194080430096e-01
4.336583195288869208e-02,3.211508773609832168e-02
1.356778806083008071e+01,8.398886721555244961e+00
2.595565873254841804e+01,1.634129276455971436e+01
2.490243888648638659e+01,2.142664443655425188e+01
2.491073945308980644e-02,2.492751274763125094e-02
1.067596951217197265e+01,3.932750647994499360e+00
2.874024672059783736e+00,2.442053298698089847e+00
2.238255363016020283e+01,8.491799845155025395e+00
2.054939355894532937e+01,8.330836290293706980e+00
2.413060494065992856e+01,1.729811647061983848e+01
2.195593598991114545e-02,1.383189569703929117e-02
3.672861470023393693e+00,3.430345146693131841e+00
1.677441969089328566e+01,7.633580165734445089e+00
3.678919306565547664e+00,3.587995742727244419e+00
6.250460790149321433e+00,4.506665202536484394e+00
2.683417061365226530e+01,2.018386765026502516e+01
2.073303415629894886e+01,9.322566162305108151e+00
4.563622943000130050e+00,4.044063285873611413e+00
2.555164637690214846e+01,1.755294341592292895e+01
2.324417720382331254e+01,8.556292521865128009e+00
1.572575622270057494e+01,4.919657399534270503e+00
2.049006221626214597e+01,1.708808664429926694e+01
1.897791470881378828e+01,9.556097284058385100e+00
6.413607657417324859e+00,1.433129341866177464e+00
2.792888200325259085e+00,2.117466243302549067e+00
2.316530062792614836e-02,2.192925884028337422e-02
4.582169116264840802e+00,3.651714016843606192e+00
4.389873356396272186e+00,2.595792047804742708e+00
9.845777556642808293e+00,3.279989212279078803e+00
2.311310496107725498e+01,1.978853414498357921e+01
3.963272687047110221e+00,1.438450717601179374e+00
1.742631260260214177e+01,9.259717376181319182e+00
3.377964101490882332e-02,1.377465632846395019e-02
2.679777885871760024e+00,2.209831544738186437e+00
1.324039524773668486e+00,5.531882419027320807e-01
4.946665062435500637e+00,4.522001853503019753e+00
2.216380447289259337e+01,2.223668879700044343e+01
6.655008361408874862e+00,5.758433498741247547e+00
2.656672851978092353e+01,1.924109429722343378e+01
1.072694360359011334e+01,8.688123503932899894e+00
1.638556511720703668e+01,5.482537685021648066e+00
2.158157152756348296e+01,9.529516477191398494e+00
1.663842022729685155e+01,6.114744569141533859e+00
6.930023992439097391e+00,6.352564745184316131e+00
8.430209519912690297e+00,4.500698564386573786e+00
6.456332230948262640e-02,4.021200155447372110e-02
2.382477646701772045e+01,2.017004440916189267e+01
2.929098589631869837e-02,1.885206171284120602e-02
1.285444722339971646e+00,3.487855716223837721e-01
3.658739984131333806e-02,2.323493193207310653e-02
4.731580645143153241e+00,3.518920322329187389e+00
2.025594514795617140e+00,1.135486213226153396e+00
2.730833062482837192e+01,1.110996225463333253e+01
8.647665129923915117e+00,8.044012997321257075e+00
4.377185622382238905e-02,3.157087775058109447e-02
2.594749364806551029e+01,2.580169268202645583e+01
4.018780618601631716e-01,1.389180312354117985e-01
3.821173828920849047e+01,1.947175533264508474e+01
9.479049910999048478e+00,6.851808801432834883e+00
2.096166250285111943e+01,9.432362947881092197e+00
7.505852767086385491e+00,1.809367432801764153e+00
1.326665930237311830e+00,1.176024025728823030e+00
2.343907355108922630e+01,1.207859881482236730e+01
3.425616718689120876e+00,1.852492474403269807e+00
1.697978994129310593e+01,2.400653787398519157e+01
7.223735463129145273e+00,6.933669694436709996e+00
1.736896060862586211e+01,1.504736257287946444e+01
6.400637845572248352e+00,2.782235330536541262e+00
2.253384741167974425e+01,1.016849225026608572e+01
8.744762318899435005e-01,4.630338536782792058e-01
1.011173983627491113e+00,5.583960825838588660e-01
4.946423309240952082e-02,2.640832725720891269e-02
1.401953132391213552e+00,1.104382861721942222e+00
6.157693370397786303e+00,6.121017658645374837e+00
3.212671254864373771e-01,1.726797004407867042e-01
2.482492225604421510e+00,1.709216519831676440e+00
1.845646403841849192e+01,1.972669326689201341e+01
2.571422794862802519e+01,2.077830767303402126e+01
2.966468000416660900e+01,1.588298244675084625e+01
1.615353431217397273e-01,9.287635160018392622e-02
2.600623674753666847e+01,1.836757175324491342e+01
6.778616091075747363e+00,1.584338955761749990e+00
1.451578828760840345e+01,7.073339248530538192e+00
1.444558919824487475e+01,7.789005861043913015e+00
1.237162798814371989e+01,7.582066159067315958e+00
2.676774617159946246e+01,2.240047556341321311e+01
2.491729534662994894e+01,1.704324418900891658e+01
1.896925586831873289e+01,1.088725322115538496e+01
2.684749985527483673e+01,1.137859725940497313e+01
1.764492328598267790e+01,8.867233070940025996e+00
1.415157763924833745e+01,4.695920756484326830e+00
3.086980558265024044e+01,1.349630549570700566e+01
2.589315924344777287e+01,1.691617275799670139e+01
1.940882536382430246e+01,7.686040487825055223e+00
3.998983367544030898e+01,2.128956572874915310e+01
2.921912621342718808e+01,2.414162973505382226e+01
1.852488087383062876e+01,1.271465254956703816e+01
6.791281137464598494e+00,5.775534927742233648e+00
8.526342396044434224e+00,7.268024511881297833e+00
6.717639297570014101e+00,3.812349114405399142e+00
1.651784053244936246e+01,7.406228362002159393e+00
1.270865275649809689e+01,1.066009543628306844e+01
5.258666279121357867e+00,3.569416691299540201e+00
2.478096727960856072e+01,1.004861403918273233e+01
2.966420929042291876e-02,1.568775137424814614e-02
3.725424903835553581e-01,2.145783597289365185e-01
9.273159834907065413e-01,4.223287312206498445e-01
2.325294422680423523e+01,1.117767268527362567e+01
2.384220149564815117e+01,1.195450164627781042e+01
1.985369748730871819e+01,1.141991143659447161e+01
2.438997698009577775e+01,1.414998351168780566e+01
1.870641752554688952e-01,4.157724222971981992e-02
4.322584795813791736e+00,3.910664828094959855e+00
1.898329702952374021e+00,1.112736012530119556e+00
4.458951449407449807e+00,2.030723824239816011e+00
1.430082566819340428e+00,7.078332181666093792e-01
8.466577316736946912e+00,6.791007316515497827e+00
1.875296896586888140e+00,7.954694192264191166e-01
4.444343178617027323e-01,1.178146407080853386e-01
1.093709716907329765e+00,8.309892516450547717e-01
5.279042747456094808e+00,4.713663585422132485e+00
1.457104901276053077e+01,1.404962646426979056e+01
2.270144628315456359e+01,9.116343632316581846e+00
4.518092619341862459e-01,2.322716347374701451e-01
1.262017250413989089e+01,1.184105680768160340e+01
2.372393234791227812e+01,1.486770550281046610e+01
3.918911139498436613e-01,1.404329596965587790e-01
6.578144346371874285e+00,2.569067387604271335e+00
2.588904801322777516e+01,2.222452191624275386e+01
1.213301817661169046e+01,9.078716080268476318e+00
1.773989978616775876e+00,1.546393949731210471e+00
5.698410468976158327e+00,3.276594792088718844e+00
1.906714596329863909e+01,1.448613118245294373e+01
2.483545939656224633e+01,2.553363298916699975e+01
9.020130070564690294e-01,7.717824363782688213e-01
5.955052819521419183e-01,4.878402519458085451e-01
1.117264291315072239e-01,5.524482078294068454e-02
2.294591086267038804e+01,2.069012575229473327e+01
2.129837586687566287e+01,1.417486860389535153e+01
1.331777661313606753e+00,3.778991057598004577e-01
1.765573959693729478e+01,1.751181626755382226e+01
9.438836875414798655e+00,7.510930304061050222e+00
1.444125997906013836e+01,1.005606892383385187e+01
3.347667762473303110e-01,1.381143117012981480e-01
1.387126773336470009e+01,1.176483461731399593e+01
2.512089663421123475e+01,1.462517368426971309e+01
2.179381496393553164e+00,1.258672262903950845e+00
2.400285996977410363e+01,2.441379353331025825e+01
1.879965735050128828e+01,7.329153603589648291e+00
4.913955850750089560e+00,2.431119781746568620e+00
2.570498349981796338e+01,1.858605343977593449e+01
2.672875768281353359e+01,1.648328811574740271e+01
6.228911588012222111e+00,4.525330525598673326e+00
2.145121364034827227e+00,1.466326790030882066e+00
5.138812976300548979e-02,3.516960913532919675e-02
2.227879940703220640e+01,1.635360651656511521e+01
5.919045979017622194e+00,5.606306747678982738e+00
2.437885957814569723e-02,1.816887707504571611e-02
7.626086821690891249e+00,6.856995626931293053e+00
5.879499415393087958e+00,2.826133243060217737e+00
4.503644927315895996e-02,3.035050178931567727e-02
2.828183982717913025e+01,2.455307540973489111e+01
2.216835446077886829e+01,1.972832751693146136e+01
2.810419976641719231e+01,2.526337099470439185e+01
3.568682126797727339e+00,3.190910193200596101e+00
1.397908708255417819e-02,6.314045465022653097e-03
2.409248656637661412e-01,1.242943625554410875e-01
5.976682251421672198e+00,5.405576593956777920e+00
1.456283084029714203e+01,6.942265821865483133e+00
1.717567201196554905e+01,1.709339076488980069e+01
1.203699403939573892e-01,6.363932453725605620e-02
1.015210188611238529e+01,9.806922115377469495e+00
2.221759918200652439e+00,1.791505516884674076e+00
2.707120731634398147e-01,2.362435605572993924e-01
1.620574127147084553e+01,9.526282487248675324e+00
2.509327000133214014e+01,1.115350462906895324e+01
5.294704289603431313e-01,3.448746312855894836e-01
2.788339216796632769e+00,1.930795983767376267e+00
2.155956484033626808e+01,1.012547930537877150e+01
8.926486322330727530e-02,5.434530304614600127e-02
2.887503721387357913e+01,2.277855819680188887e+01
2.141697826839994087e-02,1.697091385806477962e-02
1.650135431794427987e+01,1.306405294577334075e+01
3.235858856414070006e-02,2.752478651257186937e-02
2.277772425542450918e+01,1.104969373650351372e+01
2.332235881323255988e+00,1.413476129546165083e+00
1.366213819129811746e+01,7.632060171080443212e+00
2.291998568248556012e+01,1.072676569060369012e+01
7.075999397219190357e+00,5.450359794417551917e+00
1.362286648477390649e+01,5.538387696409973415e+00
3.641382372183325083e-02,1.611545086943168975e-02
2.202094100844247748e+01,1.151769305682634403e+01
1.898372005169627030e+01,6.904386896987042554e+00
6.466200566153500695e+00,1.715012798045127740e+00
2.500510671698466178e-02,2.001291756223188764e-02
2.108154250524860629e+01,1.820012398956535904e+01
2.424573536234646198e+01,1.962727620483452995e+01
2.223965773771298515e+01,8.665507242350528827e+00
2.845156166336895609e+01,1.684083770825126436e+01
1.732773441531583103e+01,9.453029237891128034e+00
1.148929551130802551e+01,4.106929790112692658e+00
3.865859066556427692e-02,2.269327898491773493e-02
3.765534666416856169e+01,1.968517985087491695e+01
2.299599866673827364e+01,2.014997909570719159e+01
2.808113748130802989e+01,1.105748744441569542e+01
5.096605679671107475e-02,3.162701213475963002e-02
1.558493581981904574e+00,1.254574065214957956e+00
1.685227193101376386e+01,6.619779542745455991e+00
1.327741790039751901e+00,6.748739026091657989e-01
2.640578195742916634e+01,1.682351386550998029e+01
2.233998762929839188e+01,1.010868367114329303e+01
2.990105708241014781e+01,2.623292449427043849e+01
1.288610011888266094e+01,7.390537526155996240e+00
1.253011582248606892e+01,1.053076406478867355e+01
2.889284481506514124e-02,2.555891777272236570e-02
2.761373798935082036e+01,2.519570755090507674e+01
5.380284739710167186e-01,4.287648095071179832e-01
1.861895514868083268e+01,1.641240105039608821e+01
1.462806370736085881e+01,9.621338508728548788e+00
2.045031409084064222e+01,1.615631801335995732e+01
1.056809665221947547e+01,7.189164192380002483e+00
2.221001352374379678e+01,2.108187751336922489e+01
1.854838968951043679e-02,1.306953156350800123e-02
1.330544537781821912e+00,4.967445566276547098e-01
3.215851381855018509e+00,2.683108345548435469e+00
2.845962103315017623e-03,3.048327127585165938e-03
3.217150376919701404e+00,2.998979656098439861e+00
1.866545835745592186e+01,9.120315043577004843e+00
2.720814598245395999e+01,1.673063156848996869e+01
2.915777223349323322e+01,2.559639624410300485e+01
2.782475221043793301e+00,2.536996852424010740e+00
1.581706249636011741e+01,7.146901114353215512e+00
2.340470795154485018e+01,1.850761809809792879e+01
9.081155221346165263e+00,3.964377546765811999e+00
1.810400690887129471e+01,1.593861472062569362e+01
6.989387741644829788e+00,4.839135040297148471e+00
3.652097831857097798e+00,1.985145506212933730e+00
1.920571000017193830e+00,1.321593477904056346e+00
1.345444396516227670e+01,3.944863738348417748e+00
1.873097680416722574e-02,1.732880026907935092e-02
2.143404704776225245e+01,7.613392113864144939e+00
1.720119576918550308e+01,1.466529565934766310e+01
1.023394451251145654e+01,1.008148692380036415e+01
8.821487136304979160e+00,6.758625988658730321e+00
2.540364367298552500e-02,1.834062745351134477e-02
1.373475546552718463e+01,1.195658956787455729e+01
6.976324974519909627e-02,3.940577690013845336e-02
8.482768192249443007e-02,5.279629972099292995e-02
7.643428881332062774e-01,4.206083281249236028e-01
6.979364284255971940e-02,4.061936862153197464e-02
2.623070369081771247e+01,2.294394971832165453e+01
1.496916068920544340e+01,6.571396262153891499e+00
1.174101553357390237e+01,5.863497381007301890e+00
2.350762800160393340e+01,1.643619255185634387e+01
9.491394093086947592e+00,1.031745064997111960e+01
2.612242053827140964e+01,2.225750648579073498e+01
5.660926553408315298e-01,2.103753373721386211e-01
2.040054569314586885e+01,8.024317178713227250e+00
2.231352817733740679e+01,1.093874057417823842e+01
1.682828746887495441e+01,1.455352005252698078e+01
2.107387117524066866e+01,2.197042868581812058e+01
1.798225382664686478e+01,7.959911974602978724e+00
7.451417081845211676e+00,3.738010405630613597e+00
7.842543121078068835e-02,4.881234813996301186e-02
2.066942227771036045e+01,1.496085997121026878e+01
2.023992218313506086e+01,1.580644900972420430e+01
6.333260600265017359e+00,4.966467477240546380e+00
2.283190447025818415e+01,8.719384365548124904e+00
5.145989888834552772e+00,3.267787209260564207e+00
1.397158007250147438e-02,5.715397551347183719e-03
1.616227504621083333e-01,5.898942741817944646e-02
4.469499160314467645e-02,2.266898085159027923e-02
2.359430877296827767e+00,1.252898915737649777e+00
1.710876584093129438e+01,7.943509555779998621e+00
6.554615057621029806e+00,1.974794613413654698e+00
2.442350617722355111e+01,1.260446783191131992e+01
5.433909833946501400e-02,2.652983870288259591e-02
4.758599759379396055e+00,3.594893548331217659e+00
6.696153548353500184e+00,3.619888500908901463e+00
3.699999357351333007e+00,1.124702174217150796e+00
8.970126245599843173e+00,8.787057222029643455e+00
2.183856822729059033e+01,2.084083863900163180e+01
5.234060645956692959e+00,2.100086222259609503e+00
2.451903050255631911e+01,9.686830591967577675e+00
3.512852329814749197e+01,1.725985695600193992e+01
3.838398840008056201e+00,3.358802666322861619e+00
2.061065448493430452e+01,1.346421797404057585e+01
2.189416809311832066e-02,1.800257286110447386e-02
1.492356048996448514e+01,1.425309197227570834e+01
5.265562448981360610e+00,5.110412133843167837e+00
2.651021730287031986e+01,2.066277341446288318e+01
2.187328748823878843e+00,7.453291753740822756e-01
8.817308361408448647e+00,2.052366673870408498e+00
2.559590228814636959e+01,2.331860376823103209e+01
3.858338915105095968e+00,1.590091451186910865e+00
1.839922207413842514e+01,1.411489223152063666e+01
1.902703885601001232e+01,1.888727783373700575e+01
4.463619912927258682e+00,3.408466802477466473e+00
1.029763352281168842e+01,5.193053837452150212e+00
1.278889900166008431e+01,1.233961649995707432e+01
1.507917519094865177e+01,1.091957008832344656e+01
4.591337376300429263e+00,3.720111219941451441e+00
3.679727584043274380e+00,3.329293116468904579e+00
1.819168392265687606e+00,7.584118380150545180e-01
1.187036658362174180e+01,9.044243045265890402e+00
2.824317652043191629e+01,2.234398162926608578e+01
1.118483642508271281e+01,8.651682867704387547e+00
2.949959365095747854e-01,2.321126938959963693e-01
5.821983124117424246e+00,4.556845809595264640e+00
2.382793317651408316e+01,1.341661641980554442e+01
1.348203223130925776e+00,9.560160035634998055e-01
2.490095278962994030e+01,2.010132344735365706e+01
1.577518214900742954e+00,7.427227599261747581e-01
9.276554802942199585e-02,5.702773974692376679e-02
1.886721382148068216e+01,9.475365123339472007e+00
3.204560701339257550e-02,8.682881512406034202e-03
2.456439113072059893e-02,1.513266747016318164e-02
2.651263959262238856e+01,2.604632525358192652e+01
2.367734485738181086e-02,1.830735366006456741e-02
2.956026187412945561e+01,2.597516811808857540e+01
8.935674483628823495e-02,6.166717308387608537e-02
1.021121740844650322e-01,5.255214805626987062e-02
2.876101144560386302e+01,2.327352660225393421e+01
2.930340983587027637e+01,1.226321454699343683e+01
2.125392116007650145e+01,8.538952331459544354e+00
4.820726669649341711e-02,2.982370093318482615e-02
6.214691844163508172e+00,5.462850042451307786e+00
2.256989076952008233e+01,7.948688111186319460e+00
2.711755072247031606e+01,2.097389571921575069e+01
1.352664019938699802e+01,8.965929485817143885e+00
1.377987827404338408e-02,7.240698370744072868e-03
1.092045295393175186e+00,4.014829157107238644e-01
2.293106094649837701e+01,1.153283914441019853e+01
6.185990147124012850e+00,5.215252932083561888e+00
2.704493977246429282e+01,2.106118280543573462e+01
4.107189144403419867e+00,3.912929837575023662e+00
4.411839285450897541e-01,2.601902972125455515e-01
2.514626884996972223e+01,2.142010382089813803e+01
2.559598019863429741e+01,2.409685131343340814e+01
2.842776559725128749e+01,1.866207141392417057e+01
9.053381908770279096e-02,6.139075832680962463e-02
2.099631222517299278e+01,1.296659988811065567e+01
1.655375702060465315e+01,6.707132886716863140e+00
7.353470739360087882e-02,4.536356963914451451e-02
3.550357961993639577e+01,1.740779464607723881e+01
7.885464381472831796e+00,6.159725944666231356e+00
2.506768946405360765e+01,1.797092057128728726e+01
2.543914392997875851e+01,1.622786897294490061e+01
1.073971325199756244e+01,5.317669962301900810e+00
2.701230289850343880e+01,1.798865899789331735e+01
2.156770468597604662e+01,9.038714395101674626e+00
1.190532362516908194e+01,7.907293031007466055e+00
2.697989449355215896e+01,1.619071305858758691e+01
1.015378863236463980e+00,7.638116899259455028e-01
2.531660646786016144e+01,2.409072686662032226e+01
2.578106488440574395e+01,2.497577943863175065e+01
3.701973502442900354e+01,1.828218341594413232e+01
8.843208693681431143e+00,4.654129856183232938e+00
1.191815308109702620e+01,4.104165128390197204e+00
1.331310787208468938e+01,5.635806243942453442e+00
1.892997779112711498e+01,9.497962005762691007e+00
2.011343148305045503e+01,1.364739386972203050e+01
4.638019789390373404e+00,1.892383381998361092e+00
1.883461833372563632e+01,1.106032260910156673e+01
1.436299522531194661e+01,5.901166152790500163e+00
2.336298276753425895e+01,1.889583308664932204e+01
4.035824476558542706e+00,3.734821360189372719e+00
1.684432040121010665e+00,1.122302938531512861e+00
2.635653989780628592e-01,1.350665330463281522e-01
1.082969648673656415e+00,4.472283032641856670e-01
5.852700183744368623e+00,4.661862652118873740e+00
1.264559666909306657e+01,4.960174551126677933e+00
1.860298980035917893e+01,7.086907069760557398e+00
1.581217790983293847e+00,7.040589065476492436e-01
2.300544636172382695e+00,1.929719002663126126e+00
7.558194107882103274e-02,4.610680306365945447e-02
1.756776315333519989e+01,6.801027099521736119e+00
3.719499670140816172e-01,1.876433996148976768e-01
1.264711525825320260e-01,5.206043298578223733e-02
1.583602695942472316e+01,7.076378880238035407e+00
8.479682192988878597e+00,8.327359318790499287e+00
7.929989782690587852e+00,5.427093096893996105e+00
1.157045437798297272e+01,7.818637887544807263e+00
1.770405482879734982e-01,7.287651394312086306e-02
1.629529049738068558e+00,6.287206242070466633e-01
2.701250635658754007e+01,2.219287629108167437e+01
1.689450907695255211e+01,4.819967835357738650e+00
2.422275325376064004e+01,9.165153344314591166e+00
1.135227405092395081e+01,6.995032053987550569e+00
5.681954100034088739e+00,1.456568444569926735e+00
9.924827538806061611e+00,4.325187688283338439e+00
9.129055268485492647e+00,6.154876440740980392e+00
5.194295456164502944e+00,5.057302052778292811e+00
3.136934062672052193e+01,2.121772570480860409e+01
5.127714838766401328e+00,3.233986552792458724e+00
1.135425238676943227e+00,8.374852573929912891e-01
9.920551342227180991e-02,6.143855920054141356e-02
1.178351918378438556e-01,4.640789688644241656e-02
1.802889730873792828e+01,1.303032649055711545e+01
1.747749674576727807e+00,8.773125192086120849e-01
7.932937950691631990e+00,7.591655799735895549e+00
2.248878331382282525e+01,1.493997252536118303e+01
1.096755162979799136e+00,5.420505095284998687e-01
3.436366262785047976e+00,1.419121408578117416e+00
1.397825082466057411e+00,7.547873217769907050e-01
2.148699015944232826e+01,1.020541801400315229e+01
1.871235352958257181e+01,1.044665941863741665e+01
2.455364366358142592e-01,1.203455704429011869e-01
2.716465990964933042e+01,1.233846247061724455e+01
2.068462314158580639e+01,1.598891943067482480e+01
9.434131252659202715e+00,2.499026226789865301e+00
1.758131345777225185e+00,6.604993775161493996e-01
9.884323281472884304e+00,8.998823308983777025e+00
2.237791963490941782e+01,1.053355241590914559e+01
9.210510362567326581e+00,3.518753687355422155e+00
1.349168549167422881e+01,7.955597279877718364e+00
3.376524938398750564e-02,1.805585221030484369e-02
2.453077150650587157e+01,1.396092651898651127e+01
2.039382655742886641e+01,1.666383550501542743e+01
5.856134515755226921e+00,5.135173491047405392e+00
1.603909830915217077e-02,1.070406829582674392e-02
2.150094611814004353e-01,9.500520302238106563e-02
1.962676087436501460e+00,1.451805785682300343e+00
1.819658010948550092e-02,1.985965384732716471e-02
2.729529419423880299e+01,2.263651166747382604e+01
9.767009318212615199e+00,7.741505880482972834e+00
1.357318549950964348e-02,6.935148154537866365e-03
3.077013800412259670e+01,1.403814747741815872e+01
1.524209945529382182e+01,4.937565231605097971e+00
6.278179848077620306e+00,5.246148154288938770e+00
2.149140786766036015e+01,2.069601742896431062e+01
4.417117941144049098e+00,3.397809659714046138e+00
2.546329020537613630e+01,2.181097119073863411e+01
2.627720957131597856e+01,2.091470008916983403e+01
2.945729199851147229e+01,1.954673620231119102e+01
8.360303590756690273e-02,5.196032198286607701e-02
2.513711833795027883e-02,1.874625306396468863e-02
1.364017130025554181e+01,1.149020944734228600e+01
3.618759223765671135e-02,2.252298332190261904e-02
1.866294559197989145e+01,1.328040085341556065e+01
6.932109589381997949e+00,1.628206488417877740e+00
8.421400436258466016e+00,6.523706415901749267e+00
7.278371617708348396e+00,1.882694181813224343e+00
1.026343177111036509e+00,6.809543373610504879e-01
4.353568251838206837e-01,2.773856563164915912e-01
1.554228823151537675e+01,1.220586114235600839e+01
3.203407157506198644e+00,1.823480673322465995e+00
1.299757721310088776e+01,4.028950679577970817e+00
1.337165415988075523e+01,6.124501107683914647e+00
7.676657642338002852e+00,6.691516853861405600e+00
4.494100358701622611e+00,3.463518442974657052e+00
8.702692961514902237e+00,3.939244628254843228e+00
4.740226156790257939e+00,1.870558961215747162e+00
4.461914296237568855e+00,3.223157190381732651e+00
1.609088059916925939e+00,6.196488602556693426e-01
1.448928183087481436e+01,1.342985471616797177e+01
4.523675685052181983e+00,4.461919043824797093e+00
1.595592143953488673e+01,7.280846098652461684e+00
2.612235019609916620e+01,2.086414509043388676e+01
1.910170927042229749e+01,9.013422735034975375e+00
1.469528339092046387e+00,9.392675578182145824e-01
9.537888779267648331e+00,7.747225092289294679e+00
9.261493737904208601e+00,4.396917383714433747e+00
7.044564444517440016e+00,3.732532998319735285e+00
2.395247887952726273e+01,1.577689948066879566e+01
2.312030791292685450e+01,1.090546260211825924e+01
1.159899509667437734e+01,3.621949293829062277e+00
3.906291838521552506e+01,2.175477829649965855e+01
2.632292742825617182e+01,1.947020921916888270e+01
3.517838236745546965e+01,1.628716713277552586e+01
3.573981848080531432e+00,3.314298548982055781e+00
1.702946287178334117e+01,7.437161584728364971e+00
2.699150866393619896e+00,2.407243754716895889e+00
2.087094786838529714e+01,7.838196527393311186e+00
2.032347555924232196e+01,1.395737903034729221e+01
1.762019799864797065e+01,1.728924629881527864e+01
2.313855998077620413e+01,8.806479908465803419e+00
7.574960679181973688e+00,1.951955509327046867e+00
1.007166066951125760e+00,4.815783601433153982e-01
5.781315807868549150e+00,4.895548454808254846e+00
2.379492348646272148e+01,1.505637753781981480e+01
2.535742274158484832e+01,2.499208673728666597e+01
2.428864553251436931e+01,1.459399802720966477e+01
2.878007295890620210e+00,1.221109266663816584e+00
1.719241464900705196e+01,4.998674069183783431e+00
2.643174786723824152e-02,1.791414391941888173e-02
2.738232231882027534e+01,2.168354554966347436e+01
1.141747381577451703e+00,7.131557153242643610e-01
2.453987625032412723e+01,1.441887161992647926e+01
1.136247041963128340e-01,5.920804557670408808e-02
1.876069156357425882e+01,1.132808243070554255e+01
2.823167969677414391e+01,1.885115001622070352e+01
2.952787182598056859e+01,2.676556008176304147e+01
1.962872602291973223e+01,1.858049544153584520e+01
8.285346372065433007e-02,4.561828712503768896e-02
3.954192369014344166e+01,2.086415998697651730e+01
6.193367363648357049e+00,4.589465278142651705e+00
2.184981018107631789e-02,1.948107425889354302e-02
2.414003755048704392e+01,1.358432671996537877e+01
9.293748260198947619e+00,4.157676488320315222e+00
1.772126862333616923e-02,1.626220991052128306e-02
1.473226711568537084e+01,1.555838675095605161e+01
7.975225193151393166e-03,4.369013060784129182e-03
5.566023316079301786e+00,4.431302086363056780e+00
4.592975068317503573e-01,2.108568774433993431e-01
7.483488054838342229e+00,6.268382167216780765e+00
2.226028049534984632e+01,1.375165303996202582e+01
2.191882353332241795e+00,1.217981246853542920e+00
2.782447319819633691e+01,1.216272584837836668e+01
1.840298392924987425e+00,1.305049028009047429e+00
1.436969969704573469e+00,7.185481820392234376e-01
1.036329296488486662e+01,2.862821537734638433e+00
2.367420294753553378e+01,1.285761959357705742e+01
7.094628722620768713e+00,5.910929997810473679e+00
1.855407044986069920e+01,1.472494707387855328e+01
1.070047890282365977e+01,6.655340801311321108e+00
1.023259596244709790e+01,7.778022632547222592e+00
1.461813466105336445e+01,1.339055556801363522e+01
2.888518770357799070e+01,2.418297766697483908e+01
5.717313124018978954e-01,3.596584412956752019e-01
2.675502937260281300e+01,2.150299173011909915e+01
2.623121488054263750e+01,1.247492029984680784e+01
1.744084509960170237e+01,9.567302331117685910e+00
1.037510280535962970e+01,2.862079661667249919e+00
1.060305430416804384e+01,8.577687156463678519e+00
1.337403020965947931e-02,7.775638864244161126e-03
1.896733452305153733e+01,1.906079640793369379e+01
1.810883267589676038e+01,6.946841431885535378e+00
1.551202192555644999e+01,5.662661286312493658e+00
3.497264589436976240e-02,1.246559503069533462e-02
2.520511321787573777e+01,2.190566020929920299e+01
4.883378954792258142e+00,2.318285036447104375e+00
2.093477405407660186e+01,1.176604671001969216e+01
2.621812465544984150e+00,2.476701781944581349e+00
2.093604972709057677e+01,1.897280693133825835e+01
9.934578659096995890e-02,5.953887584629624641e-02
1.864384922298355818e+01,1.153381974862258197e+01
2.708779157131350956e+01,1.749513972765404901e+01
1.055492885334902153e-02,4.494960839596742058e-03
9.983200911488319562e+00,3.462310838526547307e+00
9.435126734215232958e+00,2.549707430346886738e+00
3.320570105785584758e+01,1.573962413198439236e+01
7.781625427242523152e+00,2.873518395094698974e+00
1.634072007972730489e+01,1.161189284582676073e+01
2.620406188963279348e+01,2.145426996933011310e+01
2.642098071489962763e+01,2.272074793987525254e+01
1.360425373910212343e+01,8.640594290738231820e+00
3.159614607334664882e+01,2.086951135770761923e+01
1.379843644065788233e+01,4.143297496947757175e+00
1.901521146897231418e+01,1.309829291837180421e+01
3.084528972282093662e+01,2.028488675762739746e+01
1.869211689465608117e+01,8.982636961449877333e+00
8.676124003513963068e-01,5.199939284031219744e-01
1.056918632131270286e+01,6.295065482938502655e+00
4.960170445907140291e+00,2.410193681188240511e+00
1.649497482443736018e+01,1.586968984553001683e+01
8.047885358622252738e+00,6.592363190195883682e+00
2.783539156040254170e+01,2.013102459612483131e+01
2.868051691731582054e+01,2.553596249000831975e+01
1.244304377050758070e+01,5.087042348736980024e+00
5.327683214752802598e+00,3.001085682504281316e+00
1.874301405203274129e+01,6.159869255692573375e+00
3.062216320777153555e+01,1.391505812427352495e+01
1.489303695838975372e+01,9.573614312972580365e+00
1.081019941319371291e+01,6.996282182752786127e+00
2.395132486347174705e+01,1.268686767415174188e+01
1.206976972751567523e+01,4.564301994877829394e+00
1.769583190630747893e+01,1.022734436099322153e+01
1.420773520266518197e+01,1.113202649505782738e+01
1.994151562308744730e+01,1.261805950428903067e+01
2.352082538158330749e+01,1.259040242957034650e+01
2.578651780739867672e+00,2.072883244520068224e+00
1.980463551393419408e+01,1.440113881583087974e+01
2.417463744955647975e-01,1.250572783458427928e-01
6.675575964336071699e+00,3.846943677805920281e+00
1.122616859830216196e+00,6.263050412466938388e-01
1.035984204881377005e-02,9.790329470379686982e-03
4.810982665189275309e+00,4.013964307547279731e+00
1.130871780070824073e+01,1.127623650966650715e+01
5.697754937772843420e-02,3.109322689985835261e-02
1.791889362859539592e+00,1.137084018921099782e+00
1.168407091797723041e+01,3.662010654761727935e+00
1.839934593383852501e+01,1.381260784657716201e+01
1.574631253142482556e+01,6.465982996792396520e+00
1.716201365076729246e+01,6.114870103332456175e+00
2.055885033542413698e+00,1.845949861525086888e+00
1.676300599061673324e+01,7.592189950587247438e+00
7.344592428470682499e+00,4.083440808260608179e+00
2.189081069490147513e+01,1.199659494945292870e+01
2.135704849812394812e+01,1.221802369993306669e+01
1.439998316152131252e+01,5.360568048660285356e+00
5.569580407992343218e+00,5.032916714813794101e+00
2.367353777193376274e+01,1.240714954445078710e+01
8.344900472378810719e+00,8.642536908999996825e+00
4.544845355564479661e+00,3.274443933247636718e+00
1.075198011428908096e+01,7.095400868478073164e+00
2.238465110864105156e+01,9.173368342249464291e+00
8.578061016206396161e+00,7.196572199654969637e+00
2.242259491148688966e+01,1.186845440917421257e+01
1.082546407925782006e+01,7.378597284776909682e+00
1.594225305207501009e+01,7.173642730670064083e+00
4.298548612913098310e+00,3.226784127376835176e+00
1.709297711461982772e+01,1.090813431652532728e+01
1.471991068174394712e+01,4.864688937512799960e+00
1.783954179297332132e+01,8.609902710337072662e+00
7.241309368189460249e-01,6.159434298377669537e-01
2.422666970635338402e+01,1.550610653351020218e+01
9.516668704886870334e-01,3.065051448219937580e-01
2.069535606652894799e+01,8.531285275150962022e+00
9.391204282991322927e+00,6.866907961038036134e+00
1.525742280737894063e+01,7.836135097543525774e+00
2.128413526360225916e+01,7.318480076398614642e+00
2.471675262183162047e+01,1.848300452918341819e+01
2.212281383340616081e+00,8.957848022242294039e-01
2.079921191007628423e+01,9.692082848817284102e+00
2.709338506740970587e+01,1.225732406364356208e+01
1.836232504191421810e+01,1.247137370994727945e+01
6.623322551177785122e+00,5.699906406554056559e+00
3.065119345540125195e+01,1.286861367455134975e+01
5.077097300068190933e+00,4.695394278581406233e+00
2.672208958103851728e+01,2.222223043229683270e+01
3.116920461339122567e-02,2.636669109561915261e-02
7.686878023513468605e+00,7.797801250858634070e+00
2.363925766602198664e+01,9.360825605208129119e+00
2.731510080279868191e+01,2.382147937342231003e+01
8.629554057446089388e-01,6.672902104689603098e-01
1.864875898568415380e+01,1.170889325853824658e+01
1.495438418684143222e+01,5.909016878050465493e+00
2.330985549823039094e+01,1.123732913536051470e+01
4.467466417712618210e+00,1.837698712736068440e+00
1.656956607397082593e+01,1.353967066696431587e+01
9.836221359089293514e+00,7.860722185032365417e+00
2.046078970256641583e+01,1.941627791467295694e+01
7.620245714122457770e+00,5.393514600229395661e+00
9.205740828669796372e+00,6.198389438696037423e+00
2.886436695912897576e+01,1.256859987027160663e+01
3.060532572765228920e+01,1.475037621935787158e+01
1.614017494419210408e+01,1.139510036889810252e+01
1.276805377805562358e+01,4.132476130870315068e+00
2.427529521863312212e+01,9.282401113589564545e+00
5.351119653418694000e+00,4.952564797053904400e+00
1.685665959862940610e+01,5.102319045109000584e+00
1.270284738094500199e+01,8.799942424596967072e+00
6.971254368484865183e-02,5.152293541049600412e-02
3.889599531190942455e-02,2.605986648429034491e-02
3.614232991328697464e-02,1.861184724276806687e-02
8.118206894042568900e-01,1.970852624804906861e-01
1.217475181485990071e-01,7.879344359019012367e-02
1.266458842160238163e+01,4.328458552381474256e+00
1.921933261756116409e-02,8.280739544155884049e-03
5.981509125142307148e+00,4.128197148685830875e+00
1.811858388832408551e+01,1.763899279718455659e+01
1.899543922404691582e-02,8.636452148550986807e-03
2.441005359519011719e+01,1.063864094475267841e+01
2.461417415164934397e+01,1.923261280899819070e+01
2.257069221909916834e+01,2.298060460752983403e+01
5.194420792796312192e+00,4.757704234335177418e+00
2.838487609691631719e-01,1.438382749554638906e-01
1.238916367293552057e+01,8.006865961083274641e+00
2.520049015329022524e+01,2.039119913629833292e+01
6.567869923582702718e+00,6.745745855528594070e+00
2.157135856998342760e+01,1.101163158313537060e+01
1.925164319867176843e+00,1.755746034978551418e+00
2.277056773673495016e+01,1.935950085966636181e+01
5.265146889958170817e+00,1.774745218923976076e+00
1.145581067660643093e+01,9.990765997993236169e+00
1.733598338059121247e+01,1.427506877034599242e+01
1.023451123146496222e+01,5.321390384698720943e+00
7.197079434532998476e+00,5.283455246712046360e+00
1.143440798788298629e+01,3.572171696310979971e+00
1.215036922681693987e+01,5.691061921417039038e+00
1.554850566563551162e+01,9.225917404219346807e+00
2.377881730777712832e+01,1.964900396372348368e+01
1.577844270516681746e-01,8.308453826951676946e-02
1.587202252124790469e+01,1.405206040048826388e+01
1.573764236191404209e-01,7.739329911393584560e-02
2.003178221472671794e+01,1.040329908202391884e+01
1.235919620202992064e+01,1.056526361467293817e+01
7.773616118694784305e+00,2.744025941843549532e+00
1.895044447441264523e+01,1.011693970215793037e+01
1.593026729548138043e+01,6.177016153186182024e+00
6.129184043925788750e+00,2.755796410377243433e+00
6.149002828491627604e+00,3.008927653741933383e+00
2.567318269323185476e+01,1.159455084527741775e+01
1.021504361779748749e+01,6.190614245482501055e+00
3.225548948764537727e+01,1.512626286930032471e+01
1.242204652174380186e+01,4.365723814303745343e+00
1.800516440341447932e+01,1.506721444017089517e+01
2.410214973558610652e+01,1.269181186260165362e+01
1.554157487154594541e+01,1.277046818851060550e+01
2.891243594638244485e-02,2.133225522306865865e-02
2.723392193347000756e+01,2.260174742371654588e+01
8.509168510401172725e+00,6.856976245171731321e+00
1.743645993350863321e+01,1.310672549129152031e+01
2.520771327275300777e+01,1.460611046516309486e+01
5.957759429020715203e+00,3.931458331639050563e+00
1.623162412073417471e+01,1.724552411616422987e+01
2.141024926257783534e+01,9.152981938882884805e+00
7.822858836647204051e+00,4.011938176720752480e+00
3.885141296510314507e-02,2.381873049868436787e-02
4.627547535293886072e-01,2.598293876436739147e-01
6.959179069748656410e+00,4.012489866808746974e+00
2.535310324860088116e+01,1.651255572270657979e+01
3.583482872990589180e-02,2.271088043635011502e-02
2.110253768944219388e+01,2.037993190492208129e+01
1.868565098662704571e+01,9.457123222648561978e+00
8.646298531313858504e+00,5.287582039030584546e+00
2.057982629285377740e+01,1.674594406496231613e+01
2.306840746151389610e+01,8.490600178392684327e+00
2.050036583282716407e+01,1.087113297365329601e+01
1.049719591726397816e+01,1.181215274549499306e+01
3.315042939894732399e+01,1.610155452249878039e+01
2.849298654974076861e+00,5.912309676443893158e-01
1.482898213230294715e+01,5.284449609996066499e+00
2.237854223240958618e+00,6.070293521545786497e-01
7.721036772439839879e+00,7.788601160506017251e+00
2.517546741034403723e+01,2.073506718577735697e+01
1.604824480263928521e+01,1.140715732424946083e+01
1.212076148922575536e+00,8.289682052571881732e-01
2.651676836387558822e+01,2.351297014354183545e+01
6.446623099591206163e+00,6.244709841824848340e+00
1.154064496589132816e+01,5.956389528249679266e+00
2.221271252721018286e+01,1.587129106699873837e+01
6.417218342407824849e+00,2.779095143755482500e+00
1.738535775580333009e+01,6.603667096367499489e+00
1.020333313136691800e+01,4.156521578971926978e+00
7.873161879861412693e+00,3.670761659193166881e+00
2.621217208867052406e+01,2.169276770292430356e+01
1.141376142931158100e+01,7.303152779973630437e+00
2.207046237207755368e+01,1.033354355925803603e+01
8.234582479715372827e+00,4.733475938128426819e+00
2.636457259560367561e+01,1.883272740078799146e+01
1.389906999608972704e+01,5.857425346893617046e+00
1.544093254994225184e+01,1.117636102109003815e+01
8.622574702703584393e+00,5.636147174292458928e+00
7.260193738986945533e+00,2.320351220697108197e+00
1.629084688268725500e+01,9.469340453380413081e+00
3.841014485332043371e+00,1.877776574787620723e+00
2.350833472219944298e+01,1.232188773893492062e+01
1.557252781216630666e+01,7.313214018837832953e+00
3.904082316182450746e-02,2.640782911272551714e-02
2.539168103998785853e+01,1.699987824722915875e+01
1.765276667078607176e+01,6.266802491371676886e+00
1.864795029677166482e+01,7.010098197420097321e+00
8.322337360763983227e+00,2.699013029887013637e+00
7.073044480902870745e+00,5.287668801517141581e+00
4.355023227196867630e+00,3.794828716799967250e+00
3.222382641352292865e+01,2.183636686326993370e+01
2.770234176585868013e+01,2.631174106434709259e+01
2.295812005488077290e+01,1.036633511509877614e+01
9.025509703201077372e+00,3.536839125846914289e+00
2.438631096456617797e+01,2.526994361841975945e+01
1.798459250954513422e+01,1.282346009092982797e+01
5.694436756086544982e+00,3.104972377386103766e+00
1.320247647012772613e-02,5.527769488945532585e-03
1.942238018515629250e+01,7.351296527245906987e+00
9.567671622986027913e+00,8.369737931262948294e+00
2.919650478344085442e+01,2.522516419179354230e+01
7.391484946237811826e+00,4.932943750270986527e+00
4.792435749051592725e-02,3.646660648670994875e-02
5.440341091177709476e-01,3.344382829291002723e-01
4.169020997953393204e-01,2.115876433371619847e-01
1.835667739551464228e+00,1.124776534027401409e+00
3.279525070946471416e-02,2.416910347163300429e-02
1.691711411601271564e+01,7.746359177354665171e+00
4.162556350336906519e+01,2.399677814958015176e+01
4.779988426681975433e+00,2.565645677425618665e+00
5.319031423744942366e-02,3.327890673667344840e-02
2.031283216295259919e+01,1.443857851818218307e+01
5.373828785864368740e+00,3.710060548838452377e+00
1.697779869353339421e+01,1.716048607688410499e+01
1.723792505859303503e+01,5.441777791658271468e+00
1.468983028322213968e+01,4.645680247332899526e+00
9.481424891993731618e-01,5.146290330359168941e-01
5.394360090682334352e+00,3.618389846984113589e+00
1.249507128091980590e+01,1.086686238139872884e+01
2.674817994517281505e+01,1.110613274716334864e+01
5.404258724774537725e-01,3.189210620442907151e-01
2.174863678403272882e+00,1.125979184331566518e+00
1.480065750454327933e+01,5.094038491927280532e+00
1.551360968615686353e+01,7.614275127320856207e+00
7.916575697140775247e-01,3.606922033325609678e-01
2.783120633686451129e+01,1.871393986151427313e+01
6.234862761062172076e+00,4.273591684626253162e+00
8.723308123100339984e+00,2.192389902693476333e+00
2.204873711933242220e+01,1.753718698235643103e+01
1.770201413034238058e+01,9.846789159506325717e+00
3.386653763576770615e+01,1.621380977154758440e+01
8.456165834226783695e-02,4.874575226686358315e-02
1.066774760764086594e+01,3.232011891012381177e+00
2.367888757848824000e+01,1.349188051768678065e+01
1.430053777754004862e+01,6.404847309662923927e+00
2.538091010585554486e+01,2.296841383124115410e+01
1.674921662469462902e+01,1.168737591865047953e+01
5.476075171250783136e+00,3.606540920744950807e+00
1.282986983712685713e+01,1.268228085705092845e+01
8.604022427431584630e-02,4.903274058236031796e-02
3.518534593341858807e-01,2.780451657315988756e-01
1.373388799759572798e+01,1.338006595569538959e+01
1.419368461789769853e+01,6.282849176601374985e+00
1.779930360030973091e+01,1.372682924870830234e+01
1.872874272489676883e+01,7.292126337830421079e+00
1.186905947059612565e+01,3.985595111653361666e+00
1.913020071749028592e-02,1.249430040741889882e-02
2.985758690421839390e+00,2.316745282742928680e+00
1.809063604528156066e-01,9.095396580835440892e-02
1.227003257116160650e+00,1.146270018215850062e+00
2.636516105413901911e+01,2.252580000357830414e+01
7.257179401888766535e+00,7.297014389426879966e+00
2.475220903102535175e+01,1.651403467018737814e+01
3.982470579698696445e-02,3.194949287228787682e-02
2.862019427384750528e-02,2.334323638651133320e-02
2.895298742089343946e+01,2.195748932239586182e+01
7.910837431730179115e-02,5.300239776249354717e-02
6.155394606775341337e+00,5.233515049938801234e+00
7.291027053642907596e+00,3.983972664614618520e+00
2.649855845330927195e+01,2.586066164784613264e+01
2.678985866004155980e+01,2.175553834113244989e+01
3.866391163004150311e+00,9.402853191123603516e-01
1.291634892158247716e+01,5.038120719639322509e+00
1.149459784638910165e+01,1.170301583233076670e+01
1.015517640892241502e+00,6.546041857050208801e-01
4.325868711598639393e+00,2.044894276678610012e+00
4.105537544635610714e-01,2.766285017554807046e-01
5.745740918861957924e-02,3.858832761764577346e-02
1.526562204463142614e+01,7.481322927657635624e+00
8.726478268357551471e-02,5.246357053316449276e-02
7.893346290528789666e+00,6.285390237016155623e+00
2.257583812146987512e+01,1.065172713124037962e+01
6.169349206062356039e+00,3.497279390042323577e+00
2.552730081915007077e+01,2.042053398616145543e+01
2.601914982058945114e+01,1.301589193385250454e+01
8.219563665001189179e+00,5.775089096482129314e+00
3.097735092208093663e-02,2.089445011549642683e-02
2.297477265233208144e+01,1.488813994390553397e+01
3.153374728991082776e+01,2.160518720703141682e+01
2.948288477846312094e+00,1.981254704478637274e+00
2.343055086681664889e+01,2.040580224638357976e+01
9.294720317586721237e+00,9.860018852605913153e+00
3.725115272236631636e+00,8.656228816296698270e-01
2.749172685344865741e+01,2.608826077561102608e+01
5.225703928501954643e+00,4.041250155196228100e+00
3.500974510615998980e+01,1.709151482955556389e+01
6.767840907448430698e+00,2.740899988864345715e+00
7.952417379859074487e+00,4.611214863822441501e+00
6.708402803394722724e+00,2.274844689640049378e+00
5.244402595182136473e+00,4.564875180279962308e+00
1.651986126346302441e+01,6.164098625789979025e+00
1.273335224326294579e+01,4.581764760504979606e+00
2.380160167103715452e+01,1.143576733313515881e+01
1.720060941303879076e+01,6.622736179088676955e+00
5.733033384347492323e-01,3.371926194689542355e-01
4.801979726579788554e+00,3.819259295612775773e+00
1.200291171013472408e-01,5.780190821514650384e-02
1.942966112231830467e+00,9.767698723874701505e-01
8.055543216476916513e+00,7.018825692494076840e+00
5.113795248055447162e-01,4.079852039120345220e-01
1.799410399007509653e+00,1.657789423968319520e+00
2.827779164230260989e+01,2.490678107363654803e+01
1.111879462590689843e-01,7.107710394068258997e-02
2.169345997023439110e-01,1.208834879390446038e-01
5.123903742184006127e+00,4.862404950967301076e+00
3.818360136902460011e-01,1.878697232618483093e-01
3.293463606205519767e+01,1.683889484601708375e+01
4.133042643475736355e+01,2.228650161200550528e+01
2.509328213613788350e+01,2.294474306183375134e+01
2.226500514806899389e+01,1.618678124306759969e+01
6.746811333398129717e-02,4.396907332934447271e-02
5.695319351381581185e+00,5.183603532685205906e+00
1.986278761210258992e+01,1.623865289947906376e+01
1.840526487402214806e-01,1.019468240596813485e-01
2.873768498994058618e+00,6.759177730332259770e-01
3.196019456766032008e+01,1.517265530647180860e+01
9.946460477528630051e+00,8.116457378128187017e+00
6.122278499274246499e+00,5.137968597730650622e+00
8.222010176895828693e+00,8.243085057242858227e+00
4.879443045283340830e+00,3.877822793776568133e+00
2.071933769499938904e+00,1.714491087172884898e+00
4.986883921201789444e-02,3.594384641476672249e-02
7.701541823588057945e+00,4.935217951778521517e+00
7.088538092796642154e+00,6.225866508520886633e+00
1.845259232790688841e+01,1.494192793500386784e+01
1.619956072671061120e+00,1.468076093284829353e+00
3.277353084760365465e-01,1.794600055889247758e-01
1.277877404656579508e+01,3.883615757752091113e+00
3.018164399534042364e-01,1.563804586101761596e-01
5.737532127403470739e+00,3.299179764939412340e+00
6.075454471049604344e+00,3.868503721341623347e+00
9.126733568412479514e-01,3.903185398210725632e-01
2.270947134418079116e+01,1.348959612384948947e+01
2.731836700766647041e+01,2.117646231321451822e+01
2.623602204564293316e+01,1.947430267866655385e+01
2.390112281464281807e+01,1.715292114805436086e+01
1.702381264909680425e+01,1.630503933204550648e+01
1.961879251990313122e+01,8.318103995318674393e+00
1.624042478308516024e+01,7.624625782670989338e+00
7.488154007607187523e+00,7.275252759365463895e+00
1.043251615444039615e+01,3.935054118354185171e+00
7.834956927683511818e-02,4.755246288876379540e-02
9.853001904055050275e+00,2.459466778302189294e+00
2.487620543957732622e+01,1.783952455801336612e+01
1.840612722092251907e+00,1.030008537381459588e+00
1.351807629412795109e+01,4.806782965041598743e+00
1.199938000756953294e+01,5.927820579656466471e+00
1.017526111866847993e-01,6.666997914522027058e-02
5.149747486932011675e+00,4.092257955391592539e+00
1.361186299588211845e+01,1.262236997093209645e+01
1.990722448156832802e-02,1.202894009536460869e-02
1.236645271436352189e+01,7.884416290518856840e+00
2.811053098813323103e-01,1.647267661185480014e-01
9.188951211185859835e-02,3.734037489598022314e-02
2.954265076602780837e+01,2.532300818848018409e+01
1.419342747615809053e+01,4.693173529050085335e+00
9.856834268505736130e-02,5.406224190885405845e-02
9.342503108383944266e+00,3.081701388348610404e+00
6.649253269217282949e-03,6.218997202087774012e-03
2.448181271049919161e+01,1.688347781873068953e+01
1.970494224157141261e+01,1.124782216647591326e+01
2.578144610032127915e+00,2.462851878809566131e+00
4.517248291880081368e+00,2.456844679768722894e+00
3.584563042713066583e+00,1.447783218541622174e+00
8.377248591869875582e+00,8.719613263822740379e+00
1.197059268428979451e+01,3.862990891308000663e+00
2.340825039941636376e+01,8.922563963485576011e+00
1.410834954035682820e+01,1.274032741057731144e+01
4.999834899847546588e+00,4.908709023341476296e+00
1.146318203285150616e+01,7.968903461885552986e+00
2.251957243010896192e+01,9.381090727099135052e+00
1.269655684974555143e+01,8.839366812145874164e+00
7.648070457105421438e-02,3.240736529837179303e-02
2.324952304627510458e+01,1.060493508890985837e+01
3.757339720013348067e-02,2.584645434106903200e-02
5.695103873532782190e-02,3.525221974818353032e-02
1.301383918572715004e+01,3.674218314464661184e+00
1.369782445132548787e+01,7.596516415652486032e+00
4.966847445693933771e+00,2.055133752281481652e+00
2.235995240299436659e+01,1.475677567488261843e+01
2.497290868119468946e-02,7.857669233538810971e-03
2.814519511301909915e+00,1.083768051027569790e+00
2.424353545773085727e+01,1.489121026298654549e+01
9.853983546186919185e+00,3.113089079983464735e+00
6.709087434926361837e+00,2.571951181409650733e+00
4.905247003730808103e-02,2.961036712381242067e-02
1.834976217617521943e+00,9.973184009820399432e-01
3.093267953405711562e-02,2.204928540686943925e-02
2.715857847557241911e+01,1.963375431503209967e+01
2.578716272168232848e+01,1.702809200160441350e+01
3.873743422546060966e-01,1.887539091984153095e-01
7.919256687577488130e+00,3.520531244307267826e+00
2.381948019254386750e+01,1.288402957842817642e+01
8.441129663891258517e+00,5.659430533078734449e+00
9.803182608969895906e-02,5.759162483166890140e-02
2.504539038027083464e+01,1.971994050547301214e+01
1.546164665016094375e+01,1.077125891815348169e+01
2.463327332144785586e+01,1.840634647865968887e+01
8.713264738023561051e+00,9.351544265495615349e+00
5.512360144293962705e+00,4.673808308170311676e+00
1.409498108755774082e+00,9.265352090165089871e-01
2.058863892493168635e+01,8.192974988745840292e+00
1.040251410656322983e+00,7.034109799681995678e-01
9.169483822402657580e-01,5.178884605140842146e-01
8.541292552243442415e+00,4.591138094766201050e+00
7.974014830822586664e-01,1.717960476972228701e-01
2.379328698294789390e+01,1.191739478200295110e+01
1.298824907155130326e+01,4.714558097956204286e+00
3.440283321694119323e+00,1.703782636147516794e+00
1.228078394985702282e+01,8.654055418814715850e+00
1.734981295521333067e+01,8.130469710777333603e+00
2.185243041986885348e+00,1.555354051705696516e+00
2.938290682326851666e+01,1.323258240957536636e+01
2.083098816201743730e+01,7.761869001785701272e+00
8.745579623827841598e-01,3.326591455819394860e-01
4.625722315426291087e-01,2.403285209546471013e-01
2.757854189356358887e+01,1.773716434802228292e+01
6.775468270502258861e+00,3.665767615471036134e+00
2.029283543789437871e+01,1.547173359066709786e+01
2.615373006527028465e+01,1.502469236228635907e+01
1.360826532849108794e+01,4.061654643231711326e+00
5.598841920581334453e-01,2.986280987150951027e-01
2.315714728107658438e+00,2.109707845591527242e+00
4.075241138504797633e-01,2.409285244666146963e-01
2.254428514909463388e+00,1.138087166557979257e+00
7.056358376231456120e+00,2.297889675894849937e+00
1.355833756095269926e+01,8.680770674143376553e+00
1.760299197424427392e-02,6.214699022700181756e-03
1.094155860819361475e-01,6.101580636817102721e-02
1.064743639464085057e+01,7.015165703859612911e+00
2.228316594215263430e-02,1.691457498227300071e-02
2.157447262192648196e+01,1.100834010564745746e+01
2.351470023573924983e+00,1.105360065213153442e+00
7.201019468162426662e+00,7.344289259032220407e+00
8.950001573804945210e+00,8.426514902212009162e+00
1.243731999842843372e+01,5.600933994064530630e+00
7.571454236029442342e+00,5.773199716887682520e+00
2.993286430294871625e+00,1.494536154639896752e+00
9.372926922613066480e+00,5.409460927043478584e+00
1.465733419966038298e+01,8.885574351833829709e+00
1.191599260093115786e-01,6.750651484863687268e-02
4.976417672564955375e+00,1.963496331016139074e+00
4.201801584354271091e-01,2.580291241806635938e-01
6.043829414758282503e+00,4.383062329537692037e+00
1.570323727149191662e+01,8.478897651165766547e+00
2.246729895218631867e+01,1.008501421134741172e+01
8.816585973199222437e+00,8.529847034561106156e+00
1.501751671740370675e+01,8.780662014795247217e+00
1.081593898496232242e+01,4.260247359327895111e+00
3.237580371325585182e-02,2.723284534557531694e-02
4.942241336232899407e+00,1.593119227753797107e+00
1.731878783225983653e+01,1.390921324484086696e+01
3.152665581255246252e+01,1.401629519741841889e+01
2.008026659040532902e+00,8.454996290944208903e-01
1.776415729231947793e+01,6.376468794792167216e+00
3.979395177902249336e-02,2.499261942492165753e-02
2.295736450280944396e+01,1.287877760058922050e+01
1.955208237821491224e+01,1.685506270059021006e+01
1.283812962880861719e-01,6.744156902374628948e-02
1.578118466484578519e+01,4.969060064390553144e+00
3.727389349133002128e+00,1.244905111788457308e+00
1.916161380777689516e+01,7.537946901479410045e+00
7.483642695858956806e+00,7.719747079725027383e+00
8.686473598676620889e-02,5.217592249879741267e-02
5.615492160768485036e-02,2.550827040859448766e-02
9.408993151630797414e+00,5.579705177402900951e+00
2.093605469727753032e+01,1.490019683168352849e+01
4.308339745736785353e+00,2.308755440863400565e+00
3.621034097025937371e+01,1.901714021610570882e+01
2.412689193201433824e+01,8.807832764580803442e+00
1.715162371227418703e+01,7.654521760876302316e+00
2.387821630041661791e+01,1.564927619528372560e+01
1.033590064768592320e+01,6.385034235949431647e+00
1.439043379704057202e+01,9.675203200080757071e+00
1.244052730767733728e+01,4.675096319576336867e+00
2.516755347245310404e+01,1.232792927893453161e+01
2.622336753115697050e+01,1.001914008744034668e+01
2.680248474492070443e+01,2.204428500152259218e+01
9.121531911189137976e-01,6.441390075729521714e-01
5.918536067434965880e-02,3.708404942951771394e-02
7.962872060481785752e+00,4.517602033431839637e+00
3.065095498537228025e+01,1.459063848211257231e+01
3.547989273079862471e+01,1.754426854821530668e+01
1.100813748695089345e+01,1.205601245930695065e+01
1.470992830416875785e+00,6.012637746350548706e-01
2.511970000453266039e+01,1.206407323977943413e+01
1.365259629975342648e+01,6.666162179528215326e+00
6.042285754976139955e-01,3.735994949614461769e-01
2.373397108980445580e+01,2.083640400617493427e+01
1.821697228604482119e-02,1.162683768890021736e-02
1.052401511074730145e+01,8.231064287641524757e+00
3.435555074032498046e-02,2.100840889374290879e-02
5.612425573147191926e+00,4.484915332925925036e+00
2.550280503891223560e+01,1.419011169745635037e+01
2.596079599237365976e+00,1.980701585848412494e+00
5.098939657750296561e+00,3.599961273689252561e+00
2.346638082247480384e+01,1.270934855254055051e+01
2.334253483836734588e-02,2.163572843809402277e-02
1.615146035097225052e+01,8.588008575511288711e+00
1.031021800250751630e+00,7.191450492198471212e-01
1.548103105138562796e+01,9.093680530276017748e+00
1.002260490143006777e+01,5.790914841218847364e+00
1.693548432979551777e+01,6.241021581396734241e+00
1.765099623291608921e+01,9.429953144777552865e+00
1.832019275278517867e+01,9.373834744847712841e+00
9.471512287944351627e+00,6.540133776293107104e+00
6.424511140362691997e+00,5.657055234175533798e+00
7.224459082587822434e-02,3.509904413794662920e-02
2.315118745973119374e+01,1.739360674656206385e+01
1.214356628236303770e+01,1.176469650980212833e+01
1.029610763702432763e+01,7.235628510386137080e+00
3.195757221516196900e+00,2.073396039515009726e+00
1.035505841766602941e+01,3.715407453266320825e+00
6.430781243977091499e+00,1.624097662174603718e+00
5.574085271230119765e-02,3.254961801686253459e-02
2.321614900335478993e+01,1.071881723649489082e+01
9.958087917062254490e+00,8.177075196222567399e+00
2.066574740565013002e+01,1.349319340810174417e+01
2.965122479175319459e+00,2.812165728027923084e+00
1.452401078120511890e+01,8.367528446856391966e+00
1.470307569372581824e+01,5.122727064054993562e+00
1.220497335767468350e+01,3.411804028810094813e+00
8.808728955296928120e+00,9.082220928718513164e+00
6.781295730030000968e+00,3.158868866549239929e+00
1.171582677830491548e+01,8.564385910176635974e+00
1.254248112948190386e+00,5.239609088356119715e-01
1.767645116494488633e+01,9.861612832179581289e+00
1.213605328923303794e+01,3.532576154697170345e+00
1.764491976792080763e+01,6.042106880113755629e+00
2.444051161270117589e+01,1.795274057004907320e+01
1.754711122937966650e+01,7.798113109345399252e+00
1.204444063779628138e+01,5.324176652571095403e+00
6.280084934738082048e+00,4.621021491352708566e+00
6.065805022465295959e-01,2.888855654354024471e-01
7.695289123984643265e-01,4.195385145322430565e-01
2.592066696806277193e+01,1.541734753229936672e+01
7.240401128740296066e+00,6.847152093530286088e+00
2.110839603419658062e+01,7.594697473695729784e+00
2.914038513638744082e-02,2.195720501715132597e-02
2.932268935744124150e+01,1.914603886012267608e+01
2.312838874573973058e+01,1.410814147676258123e+01
6.034509124692607251e+00,2.837614036873101764e+00
1.454103904389070046e+01,9.640053453050473564e+00
1.402095513104583979e+01,7.806689271364651184e+00
2.302507007583774978e+01,2.254554336434854278e+01
3.054258298293425433e+00,1.470864090133393365e+00
1.669431921306303934e+01,1.497031622760048641e+01
7.834908220850731908e+00,3.455890565158951766e+00
1.719746897719421241e+00,1.189411819296290362e+00
1.166911111830552100e-01,7.706463808987684683e-02
4.044014471033653635e+00,2.268139452125758293e+00
1.965864433015141133e+00,6.053659252971567151e-01
4.992445190205876848e+00,3.993986087349945535e+00
3.065322326124024599e+01,1.444624848149501872e+01
2.031103747164845430e+01,8.786584176877370922e+00
2.775781414750499110e+01,2.507939406382711667e+01
6.241077487543595481e+00,5.583289094306698175e+00
2.686457345018783371e+01,2.223014666567679853e+01
1.317109079164789520e+01,3.681428976854353330e+00
1.840221182015314483e+00,1.148652392506436914e+00
2.500848535354170465e+01,1.540909462229705618e+01
3.543116628511250976e+00,2.876057052063290875e+00
2.841212876489555939e+01,1.389982253118879285e+01
8.929260570121733132e-02,5.462104319394989194e-02
3.504579806343390003e-02,2.112618604518170726e-02
1.132101433032078930e+01,7.990171430797700758e+00
6.279055944605896222e+00,6.104776748326404601e+00
6.400239795516927011e+00,3.038581036178850336e+00
1.133747224940062281e+01,1.036192592166928783e+01
2.170735041646385355e+01,1.546283858303226566e+01
1.231664229956789570e-02,1.181572090591867866e-02
1.678246246672705055e+01,5.935833275455160596e+00
1.541934426199358299e+01,5.032627337602945339e+00
6.630189136438752184e-01,5.490803747607129193e-01
3.124446636649111042e+01,2.064599182469324390e+01
8.019856388293727933e-02,4.747211907637362976e-02
2.417799362813181085e-01,1.349450559471316036e-01
4.925710933127296354e-01,2.823465220123639874e-01
7.676287319454390357e+00,4.189508785305251948e+00
8.308496386187909977e+00,4.679978678671379733e+00
7.959310062793073515e-03,3.219595476250855601e-03
2.721909089786353064e+01,2.134554365651062824e+01
6.680256008094537457e+00,6.281563064030297738e+00
3.006121675026953571e-02,1.806355989750744670e-02
2.076598864793309518e-02,1.649781696893591262e-02
2.703733962674257849e-02,1.727586558475910014e-02
4.261018090159120475e-01,1.234827239012572797e-01
2.117828173364094013e+01,1.657668252631026462e+01
1.072121626197197841e+01,1.058566552683643636e+01
3.185310097562291176e+01,2.114976533177003404e+01
1.383689110237726894e+00,6.090640716246077391e-01
1.368613417920832731e+01,7.734498780315149702e+00
4.095517554317907455e-02,2.919054503391814437e-02
1.627911389425711164e+01,1.613696230876238502e+01
6.126011211290035563e-01,3.823890832985011312e-01
1.144530041370639850e+01,1.102988005154432471e+01
2.734857698783005375e+01,2.372448366389336272e+01
1.430438905973087094e+00,5.433595673265125825e-01
3.933269382096943989e+00,3.119037145295528113e+00
6.061947979093953304e-02,2.869010883866920589e-02
4.515690209493614660e+00,2.248114307585958649e+00
5.177477645569285691e+00,4.572582701528532745e+00
1.820624102897506091e+01,1.072599217233045898e+01
3.114697475083624489e+00,1.535030473619820590e+00
9.750356686266014705e+00,3.344359185942423984e+00
3.374072817187757922e-02,1.802790590606525092e-02
1.242166823243915985e+01,1.016421706786829660e+01
1.393459852753727191e+01,1.544591163938024714e+01
1.076640186273898125e+00,3.846643529005322470e-01
1.771218029556310114e+01,1.189182181125532800e+01
1.309126747887464859e+00,7.282220642907526464e-01
1.742903773399762102e+01,1.135280096558149054e+01
1.660589590513545044e+00,1.131246144516311336e+00
2.921936007980916905e+00,1.450268752213854206e+00
5.867885597294317357e+00,2.836763895900174859e+00
2.637007432650799288e+01,1.609061880704653191e+01
1.540531789844570554e+01,4.373738379236749907e+00
2.616587763304622527e+01,2.146219667048215740e+01
8.921684247132722234e+00,5.674140523023756266e+00
1.859078006632699287e+00,1.264424326973765611e+00
4.585764770040157701e-01,2.195463851642799613e-01
9.441976801097062832e+00,6.712773669036542046e+00
2.973089540401123898e+01,2.012972351702222085e+01
2.612444996479955961e+01,1.229317735144220514e+01
4.372105621590931968e+00,3.428897517299113407e+00
2.487343206380234406e+01,1.193676807164740161e+01
1.448687653859016500e+01,8.992139128580015850e+00
2.737619436270974660e+01,2.472710816395380817e+01
9.664362189913898504e+00,2.652325503586534960e+00
2.062791909217679631e+01,2.204766996488438480e+01
1.609468503836100350e-01,8.632119589764403189e-02
6.913666088027540901e+00,5.791031254683655760e+00
7.057055431812527813e-01,3.518562618643319984e-01
7.022703087152108559e+00,6.860522017406905704e+00
1.004753742566103547e+01,8.101404194329074215e+00
1.054841558064329021e+01,2.889291125455097031e+00
2.490622594902754017e+01,2.110917787072462204e+01
2.312393353159353282e+01,1.971318323604468503e+01
2.406347139915340705e+01,1.418146761684050716e+01
1.148890481937026697e+00,7.848758208689756710e-01
6.475155162461038172e-01,3.983258155834890069e-01
1.008573792720729667e+00,5.668187940237409128e-01
6.429561435037465245e+00,6.473420054022030357e+00
2.000551827232731061e-01,8.554060919976338995e-02
1.199514945201658023e+01,3.758272139635567832e+00
2.841720426615363948e+01,1.796980341447375551e+01
7.234029504271985545e+00,2.353137509292745122e+00
1.906241153248155129e+01,8.103508115039202764e+00
1.848699670478621471e+01,1.363908589652353065e+01
7.664611675221392417e+00,6.648333972719005835e+00
1.400146767851804253e+00,1.140294094654542345e+00
1.350009064698599204e+01,8.983421854269296958e+00
8.003142434399018512e+00,6.127021913616362170e+00
2.399613015847441844e+01,1.335097910561348833e+01
2.661902309139049017e+00,1.333390991749300092e+00
4.852740476209759457e+00,3.132882025467045750e+00
1.902124292794859173e+01,8.570967651113972963e+00
1.064099160883606210e+01,9.897662307703868123e+00
6.022140296446758079e+00,1.542972414730725994e+00
1.357649654295098252e+01,1.234089143295235758e+01
1.070746831565219281e+01,3.826383227059784176e+00
1.783936616640235684e+01,1.192954112097292985e+01
3.756447766245997466e-02,3.075758797076471457e-02
4.133394456048335996e-01,1.400181071819230072e-01
1.137587071977850783e+01,8.032420309239320488e+00
2.937084247924015656e+01,1.308771008139929037e+01
1.136148640023493250e+01,1.072159023194127414e+01
8.947219440788821698e-01,3.319066136430618430e-01
6.231786710460224255e-01,2.488673019754310822e-01
2.461730016108308661e+01,1.462017563841741463e+01
4.158695550044210210e-01,2.491939406722608052e-01
1.967196687873399696e+01,1.279900745146204954e+01
1.932236811997450898e+00,1.675844817642051510e+00
1.419613770710320999e+01,7.081961342872947540e+00
2.502375712505389593e+00,2.131784381172730392e+00
4.472340290000635377e-01,2.410667554759637898e-01
1.216018368056476895e+01,3.864403207441817312e+00
4.994515381775316065e+00,2.994994051942522439e+00
2.457183426663972270e+00,2.334317828607791245e+00
1.108644344535550097e+01,7.089856503245408170e+00
8.643068980925313838e+00,7.138605727666649692e+00
3.359786914119774343e-02,2.214230790226213302e-02
2.463309853350391165e+01,1.517420967612721228e+01
3.979875391687905051e+00,3.146311672242741775e+00
3.157633148541450829e+00,2.845757628195957789e+00
1.935529567163212050e+01,1.031957604442509968e+01
2.476685323128227978e+01,1.020569460744255252e+01
1.793652030347031023e-01,1.242151059209555819e-01
2.895642757619498298e+01,2.659065955505423062e+01
2.147371155685306832e+01,1.979889481901939163e+01
9.329095092580116599e+00,5.589679183684465258e+00
2.154804183966212605e+01,1.711685356017605031e+01
1.167195421598006710e+01,8.706685001271672775e+00
6.130241958905300770e+00,5.735308887152521073e+00
2.335179418086068637e+01,8.835848977718859132e+00
4.774280283432521976e+00,2.344576350240541895e+00
8.346455488002609613e+00,8.566124806398065061e+00
2.572066400071861339e-02,9.151127561189961040e-03
7.804029730138015153e-02,4.177240708344203551e-02
4.005958698589385847e+01,2.176069416428087067e+01
1.936936205057011362e+00,9.939260438852530744e-01
1.901256704535584513e-02,7.777040769615058136e-03
5.029631719057703343e+00,1.252815667040797054e+00
1.220456918620764952e+01,1.212176231001446247e+01
1.738193709624148298e+01,1.892479377687297770e+01
1.288802461519645615e+00,6.711336601294278781e-01
1.805496660545142379e-02,1.568874450589833811e-02
1.182174808107844255e-02,6.314870544489859655e-03
2.586323658662899305e+01,2.578162368016626615e+01
1.599564724818562134e+01,5.944822896399298173e+00
1.584514556867421486e+00,6.435393214074603963e-01
2.466276240173121082e+01,1.415000164988685150e+01
9.294194033211036654e+00,5.000690726082344995e+00
1.102414327665321991e+01,8.733417403053744366e+00
2.763900081992920832e+01,2.654321021349458931e+01
3.761178606435532146e+00,2.034942229014632620e+00
2.996388010992054429e+00,2.850045620311600469e+00
1.317147676314313109e+01,1.094472654319037730e+01
2.451119971552554588e+01,9.774721387799235828e+00
2.169579643169049987e+01,1.712954429769972720e+01
7.303221694352708682e-02,3.444260290913132849e-02
8.049780618908956242e+00,6.806635750314110389e+00
2.648733010814568800e+01,2.050743940592181858e+01
1.366809327768692649e-02,6.485742073685838750e-03
2.677810015740510252e+01,2.201411022150921681e+01
8.131186146409799420e+00,8.341699233698042448e+00
4.206092569987644747e-02,3.265362357669913257e-02
2.606966559930087257e+01,1.775652035288343100e+01
1.080610932431128379e+00,4.623680030777456151e-01
9.068993093162103225e-01,4.586783886937489951e-01
1.429535720363285023e+01,4.222195967132617689e+00
4.190857481966993703e+00,3.233362426463765260e+00
8.959296620675928580e+00,4.265063145005570711e+00
3.655798693301790081e+01,1.890038864403392793e+01
2.181343492288947861e+00,2.020771429647450379e+00
5.625171371125992970e+00,1.485250525464421933e+00
2.646122243938646434e+01,2.026540465359301635e+01
2.690067910520699002e+01,2.360295792213505806e+01
9.288926585483603393e-01,5.622796963104552681e-01
2.010049962798155221e+01,9.214839047998815147e+00
1.250446342372470154e-01,6.759072715040004287e-02
1.915051685372829127e+01,1.129816805649788058e+01
2.307446492357332701e+01,1.095112847880756846e+01
2.079160499261545780e+01,1.118127159744152976e+01
1.998626257267429196e+01,1.538090753786157983e+01
5.868381708622462112e-01,5.104049620590608294e-01
3.059078535538040455e+01,2.028801277300830108e+01
1.854935593794309412e+01,1.117214463551194115e+01
6.788132692749440977e+00,5.525434356949938675e+00
1.166059603394813848e+01,1.076575852099564301e+01
4.020655014637105396e+00,3.309178145796841441e+00
7.019435737346791271e+00,4.606184325434458771e+00
7.055104067863727790e-01,3.341227855397898572e-01
3.617244141727815077e+01,1.724871390291600193e+01
7.133085630185530768e+00,7.339626796192971980e+00
4.861519552935052779e+00,3.634389131188282107e+00
6.594348048953837527e+00,6.574312778678439884e+00
1.411859177130798226e+00,1.077015311723430679e+00
2.636649701178763650e+01,1.544866894146003666e+01
2.014528849064534199e+01,1.882790103588324726e+01
1.580803477687309844e+01,7.630665734257188859e+00
1.145515046216816657e+01,5.306999449550633408e+00
3.709124523037021781e-02,3.277771641845077938e-02
2.572198245408519601e-01,1.141399222200390057e-01
8.727944212184450379e+00,3.431712921300583474e+00
2.076759338211121853e-01,1.241777963540302843e-01
6.547175674708262783e+00,1.715053584127521180e+00
1.357834410434559658e+01,7.819544022679532524e+00
1.070086188456763482e-01,5.668994601545233880e-02
2.652986256125707243e+01,1.025360216183761253e+01
1.440164470203345592e+00,1.199049159183012803e+00
3.338360513714146854e-02,1.747441698443680941e-02
2.736720578223629374e+01,1.350824334573385244e+01
2.653882098798348821e+01,2.134738474371138039e+01
1.426716383515877484e-02,1.234572670686164518e-02
4.220124212337599268e+00,3.049453010856972845e+00
1.832144249199590402e-01,8.856145955045287288e-02
1.744104728215263522e+00,7.855774222046653099e-01
1.615648841516053105e-02,6.484918728482836660e-03
3.479082805901706266e+00,2.368045506213969809e+00
2.290616098935807443e+01,1.678048587328470731e+01
2.065243539136978779e+00,1.066984528836852020e+00
2.841177972698323728e+00,1.063236830649219478e+00
3.134811997829363595e+00,1.262738381730562409e+00
9.770433442138154234e+00,5.027573880993595701e+00
1.772236169403979744e+01,1.861718733811138904e+01
5.568811817002586650e+00,4.347829974152266352e+00
9.888807300318864790e+00,8.213395915369597233e+00
7.635779161354808164e-02,4.265215680343636961e-02
3.011014445780787696e+00,2.578247420047751870e+00
3.295324753645511606e+01,1.495976716199830037e+01
2.587666066719583657e+00,2.128229307808103155e+00
1.191459792893588165e+01,4.263639206171164098e+00
2.563731143716271177e+01,1.731300012881232675e+01
1.785678815366573247e+01,1.125266500437222739e+01
6.120921712432577877e+00,4.874978723185301455e+00
7.680971604446212853e-02,4.202542828101553385e-02
7.190193362151976686e+00,6.654185909336305826e+00
4.895722547918595069e+00,4.079091606248857360e+00
7.269244567838752114e-02,4.162488068945414260e-02
9.419502327981136292e-01,5.861092362658397725e-01
2.407642358249696102e+01,1.062840199396921825e+01
1.832477505368376031e-02,1.322839832225180916e-02
4.381718264594632650e+00,3.716277603674270846e+00
1.862277232218475831e+01,1.149202563424580426e+01
3.991316775105350878e+00,1.586662430084782471e+00
2.337006761433176294e+01,8.768641451621217442e+00
5.031690742557913154e+00,2.995048256688018551e+00
1.572762802222923106e+01,1.009205525983067453e+01
3.093967422219959240e-01,1.542172977118587973e-01
2.190659119929553089e+00,9.667654740436707472e-01
1.022599875447715156e+01,1.141065454479000785e+01
2.089585450905974184e+01,1.636878188882899465e+01
4.723264227517054437e+00,3.641172835085934700e+00
4.019245700319360992e+01,2.335605446723530321e+01
4.193010104363234625e+00,2.732872909023559505e+00
3.223352835366846136e+01,1.371740824680975379e+01
1.397279718138813998e+01,1.095941701085937225e+01
6.486752132908542912e+00,5.499330950036532606e+00
5.346420034990736481e-01,3.166693661673380955e-01
6.004116401042589146e+00,5.862999798038618593e+00
2.237898018412032997e+01,1.217917581702767293e+01
7.319918420616497556e+00,3.261003687708662113e+00
3.593209549166950900e+00,1.244651348003496416e+00
7.824353597749674094e+00,6.119790297746536822e+00
5.477004232314051535e+00,5.474159738331494829e+00
8.987276194771705029e-01,3.359180070770187432e-01
2.202483937685760296e+01,9.741429270184069011e+00
2.398936990572300587e+01,1.401425565005729368e+01
2.378023775128268369e+01,1.950573470670216381e+01
8.657574939224266686e+00,7.620812999013098832e+00
1.589406992809192065e+00,7.661481911156375890e-01
5.813991926196938609e-01,3.785444719311706896e-01
2.681319564073032780e+01,2.322873282437079467e+01
3.928690904939013073e+00,1.957148748127881976e+00
3.687803179361286154e-02,2.668120046661228567e-02
1.100923979812059628e+01,2.675405574795133301e+00
1.482035978148585542e+01,1.341884696010165179e+01
2.418428088739248594e+01,1.026177799782884392e+01
1.465163255590581137e+01,1.003710905040795076e+01
1.816113550953656386e+01,1.096749153466531723e+01
7.773161787705552328e+00,4.682223829000165871e+00
5.394103925346811046e+00,5.187425541555266584e+00
3.454593086510628908e+00,2.630206450371617599e+00
2.307236206694135916e+01,2.355505271075068308e+01
1.635179702167933458e-01,3.616489015459099093e-02
6.619690762011194884e+00,3.341384694620055384e+00
1.105724016424617595e+01,3.875256709907511699e+00
2.353401505279762063e+01,1.294874228624404644e+01
9.158932907572593152e+00,7.872827626502688858e+00
1.246197003299388539e+00,6.642915886764033662e-01
7.101649496319747179e+00,4.675441419301055390e+00
3.070477679163834495e+01,2.121228908104509969e+01
1.646178774607805195e+01,2.129858865613406138e+01
1.045074292671344385e-01,5.877623340466622132e-02
1.225608247931827677e+01,4.104839760759401379e+00
9.391462603353556204e+00,5.335686442994127532e+00
2.125892532694007997e+01,9.033337546574610855e+00
8.846232395388101133e-02,5.354660803707219502e-02
2.310857756720359646e+01,1.004727679721857037e+01
8.697912655826258721e-01,7.050086346780741753e-01
9.169183759805186185e+00,4.373727061857998422e+00
2.597595842965957047e+01,2.033907986078701668e+01
2.715131978126176193e+01,2.374297784457548133e+01
1.853171625509522524e+00,1.006268385971790913e+00
7.673917620558741604e+00,2.666045496821744187e+00
7.819430887401380481e+00,3.732656813603102641e+00
1.862666856496466039e+01,1.743877285028694146e+01
1.204127110143054935e+01,3.396322830954446648e+00
2.973571379752995222e-02,1.720110823335933500e-02
2.731726163868446733e+01,1.117546738635541104e+01
1.452455113659645392e+01,1.348411140748560477e+01
1.747139789023481216e+00,3.849321935105575743e-01
2.690068977999902700e+01,1.261904068162441561e+01
1.411468486124538302e+01,5.359163248872687468e+00
1.756621888702699508e+01,5.781276466864937902e+00
3.910335766077193576e+00,1.697643448910336694e+00
2.657287943747299863e+01,2.580143912111329385e+01
3.647298381769342041e-02,2.651909471931960388e-02
4.608527057261761151e+00,3.570605995276555866e+00
1.737419219112030078e+01,6.859005145952538740e+00
7.167626451540067833e+00,3.393140398978294670e+00
2.722543889499643299e+01,1.896793597374233187e+01
3.056817559762227354e+00,1.655724746918743939e+00
2.323056203887154947e+00,1.040847705551766644e+00
1.572868779150923046e+01,7.964886856770039714e+00
7.724254058251617261e-01,6.943679258431207924e-01
8.206080853836610345e+00,6.558348381677900463e+00
2.238810447298790507e+01,1.386103761670952572e+01
1.087407888691848434e+01,9.754833299217398945e+00
1.895598083379569232e+01,1.249058157111054257e+01
3.316283650418785101e+01,1.519434854282375191e+01
2.282621715645504423e+01,1.101991208517509868e+01
1.782740840445514507e+01,8.035771670281977919e+00
3.088947124810960787e+00,1.540879258210810843e+00
2.787144199373295095e+01,2.317205140555120835e+01
7.277005396388266156e+00,6.087563641492011790e+00
1.499072234649054103e+01,5.063461872498623784e+00
2.183622614981940213e+00,1.940020821306433607e+00
4.152681798631432247e-02,2.124629997335492418e-02
5.658134076588710926e+00,2.792354760289871507e+00
1.322114917065853135e+01,3.824958536457456759e+00
7.740551284168550872e+00,3.049676580242752788e+00
6.598623952949585203e-02,3.982862535017146072e-02
2.546995795096641757e+01,2.230448491761453766e+01
3.762460861849620253e-01,2.114461968590218288e-01
4.957627760944808948e+00,4.136704378704783913e+00
2.125853949868030313e+01,8.551309715228477160e+00
7.360176822724974199e-01,4.223272486322947605e-01
1.613316425289903211e-01,8.284663287444325730e-02
7.262609431457456743e+00,5.212812827575751484e+00
5.878165228698741807e+00,5.171960347872100350e+00
1.764577989729964358e+01,1.107953764772611294e+01
1.430467138657108350e+01,2.104356102911807014e+01
1.194072494949855567e+01,1.044201554298072665e+01
4.209742714094817650e-02,2.289717733510070879e-02
2.232541992874881487e+01,9.091288583810605672e+00
2.646096425373222621e-02,1.365691386483652674e-02
1.902069530066672698e+01,1.073617116434010654e+01
5.272354724740467624e+00,3.819702742047117461e+00
2.555554313250064169e+01,1.929151571949519806e+01
2.761129551100035773e+00,1.251732831622044184e+00
1.377736016759735627e+01,1.238760774947429155e+01
2.601401997253138632e+01,1.192470526951734655e+01
8.995409954085014093e+00,5.965022045023768982e+00
2.486489914272411994e+01,1.661567527829140900e+01
2.208694048082599437e+01,2.128409344911971246e+01
2.036859737253346836e+01,1.845228339441652921e+01
2.484362065433471045e+01,1.917295853739635447e+01
1.639180041907390084e+00,3.524433068929352375e-01
1.000451568675065595e+01,9.058646816045913042e+00
5.978609604636909047e+00,2.901808165468394485e+00
1.070659374506936068e+01,8.825222997392073054e+00
2.496921036940515648e-01,5.682415802936211652e-02
7.337470999741696476e-02,3.143199967770191755e-02
1.936658645718743443e+01,1.705421355373063363e+01
2.831132191854998226e+01,1.313850675582453320e+01
3.366097368672350765e+00,2.759615182045913606e+00
1.967093382862410422e+01,1.771713264306463387e+01
1.412921198941917700e-01,3.689535806784680766e-02
1.229185286980397152e+01,4.215447346691089336e+00
2.873534729050835068e+01,2.662043208513139092e+01
1.403626799201407593e-01,7.592590082272056284e-02
1.850992117476588206e+01,7.761422999565368741e+00
1.196145060962688217e-02,7.928773006485617669e-03
7.953602625931877057e-02,5.266888528333690117e-02
3.168318289323544812e-02,2.740653591347978410e-02
2.211219034840338438e+00,9.497118634093058009e-01
1.106875981367329981e-02,1.112552196753751471e-02
2.681113315849406220e+01,2.402400350015726005e+01
2.296499891869169829e+01,1.160045116431128953e+01
1.372528093987936870e+01,7.489718788062731392e+00
1.796440700351786646e+01,1.096721148844131477e+01
2.327460138543974821e+01,1.153482658020551099e+01
2.359114994999762516e+00,1.187095859273401999e+00
4.509727141756999735e+00,2.036722596673966379e+00
5.558974866716734020e+00,4.305815843876258597e+00
2.341854765889424783e+01,1.801046282977662827e+01
5.706236384112525428e+00,3.918476346930067855e+00
2.412005217226515300e-02,1.744772885250954822e-02
2.196758418332424995e-02,1.575574692489144571e-02
9.458099229749180381e+00,3.765610982467399559e+00
3.064524508821956594e+00,2.493936980280028415e+00
4.507315319313758728e+00,4.353909094656476242e+00
6.508887331144399546e+00,5.797133190856174068e+00
2.492222295087924522e+01,1.172666531413279678e+01
2.380082146950112776e+00,1.178626328303577386e+00
5.859866803717695305e+00,4.992544896358414697e+00
2.244265311902617199e+01,1.366515374683605621e+01
1.752576505552389108e+01,7.184370908020482283e+00
1.191041996377173035e-01,5.413550180043828763e-02
4.680817769600930767e+00,2.303442385807407788e+00
7.481190339983100068e-02,4.500764771194766534e-02
2.599350945226267307e+00,1.029797170325879030e+00
1.537955479798883696e-01,1.025767147929124434e-01
1.845621881995977631e+01,7.913372728353968100e+00
2.042260105493287625e+01,1.110988596999028921e+01
2.434120254273132389e+01,2.087829272904050981e+01
1.643399521607468716e-01,5.821015338430243768e-02
2.422029929155547734e+01,2.009387898303111086e+01
2.124057430147072978e+01,8.769831039127632621e+00
1.351650447944367883e+01,6.495338265896196006e+00
3.051026411436717112e+01,2.005018878514675507e+01
5.502051687001445757e+00,5.516042775583864355e+00
3.186285923675660769e-01,2.436259679938592992e-01
2.483053438318834072e+00,7.159270021044155108e-01
4.976250272572903199e+00,4.792769573429560559e+00
9.866659381857873612e+00,3.625667575999228731e+00
2.854325863018548048e+01,2.236742196095306667e+01
5.277530103778028447e+00,4.955582163104614857e+00
1.076713492869775468e+00,3.110921392267578245e-01
2.771978474834068251e+01,2.181144665516949033e+01
3.627164072927181593e+01,1.724685073253236922e+01
2.411389946086692859e+01,8.965775119715118535e+00
8.017923755425531596e+00,5.110957418829956467e+00
2.973716844088080435e+01,2.036586824584838240e+01
8.631815157757150914e+00,7.958352164649576288e+00
2.619916613533602856e+01,2.176769309861814250e+01
2.868249858833818777e+01,2.588498451806660228e+01
1.203847375392074781e+01,9.736909896402517361e+00
5.138467906261021234e+00,3.051360853296587017e+00
1.924576417169807374e-01,1.025756556697418748e-01
2.396499991418341224e+01,1.721755375236720553e+01
7.613137626699870708e+00,7.400893782369314167e+00
2.262806800972127164e+01,1.385769553594430903e+01
8.720752155615761225e+00,8.554268467222838623e+00
1.499212350347078804e+01,8.349717757030452603e+00
6.533325595861290580e+00,2.573953063912852279e+00
2.602488838154459216e+01,1.997659946577343604e+01
3.143076801372869600e+00,1.973493243349159654e+00
1.860162639061176293e+01,1.391504244027826864e+01
1.739556509899530923e+01,9.885162408519178712e+00
8.691020075637721776e-02,5.119485994158282094e-02
1.832349733336861775e+01,1.322768036391031288e+01
8.777464916775432613e+00,5.676687885287170054e+00
2.182591557028489149e+01,1.312874680502794611e+01
5.322326576474710746e-01,4.410524031730633787e-01
1.599508151574688952e+00,8.016657727774271214e-01
5.820487960978707465e-01,2.343878736514964367e-01
2.164642377597552070e+01,9.559587984166212138e+00
4.995895345541270238e+00,1.959652879002559134e+00
4.936527745661347666e+00,2.536631339871219026e+00
1.194622581207182677e+01,6.707535393772001697e+00
4.730522640998003681e+00,1.934541022842332536e+00
1.350232928478818195e+01,3.731377249167354471e+00
1.637229487820405183e+01,1.446702599300502534e+01
3.132766372846602465e+01,2.160021905098482620e+01
1.898736600922722673e+00,1.067667639276576041e+00
1.538435013028373710e+01,1.726060719291186629e+01
2.726770502660784246e+01,1.949244900034363326e+01
7.231264163173901416e+00,6.679334998028350512e+00
1.127298583522632625e-01,5.106282533366809234e-02
2.787419245209170526e+01,1.999672302706030536e+01
4.331597709371704852e+00,4.112143550565634520e+00
1.950888629088817083e+01,1.008491472921904553e+01
3.647988395678709028e-01,2.273450350496775407e-01
8.823494718410575255e-02,5.185152708043257869e-02
3.671798034428420898e+00,3.100310994567271994e+00
7.108639334868874116e+00,6.081844643240365222e+00
1.488748143757133491e+01,5.277845392669685332e+00
2.470493004227580158e+01,2.144681600325808546e+01
2.547420213820833368e+01,2.519852857551007119e+01
3.725218874099102684e-01,2.017311162816995407e-01
1.843792136404859860e+01,1.217806698635928520e+01
9.913142496737149756e+00,3.876962956282910877e+00
2.043502087422606550e+01,1.778547091356449172e+01
5.175647632185625291e+00,1.777443765258532427e+00
1.680317400212384626e+01,8.619744397042822470e+00
1.166621044892856851e+01,1.093088679912844619e+01
1.176572177864736668e+00,1.038796740334063884e+00
5.844256377259892526e-02,2.806944296336848221e-02
2.840121798377876416e+01,2.435073445346773724e+01
2.646698564154079492e+01,1.016512880988396716e+01
1.598495318215986494e+01,8.288661426464132731e+00
2.509703804658429860e+01,1.264043975723160784e+01
1.287252617817735079e+01,6.107800181102433612e+00
1.629991921079854578e+01,5.798272374855274691e+00
2.907937731703166495e+00,1.445582296461212390e+00
5.074567007463582691e+00,2.108854232866677947e+00
3.800117000988307292e-01,1.659445858267857843e-01
2.392863719434096537e-01,1.284557013933475822e-01
1.945340259471288469e-01,1.104781785201513350e-01
1.427468368485782690e+01,6.998639751524122765e+00
8.062055370322390502e+00,8.204005419125733667e+00
7.606445223312719328e+00,4.828838946086489337e+00
1.000366513919158962e+01,8.257840262910555396e+00
2.612309032776152407e+01,2.345523676428285853e+01
2.509260728264671414e+01,1.691920644215173297e+01
6.342947395931671117e+00,5.462453172916213795e+00
2.598571880796210110e+01,2.137540521188295983e+01
3.337992307662193525e+01,1.638681999576145643e+01
6.525853709334611175e+00,1.553326948079167158e+00
2.168701987016965660e+01,1.280064224689389007e+01
2.023345164448093314e+01,1.351727886249898880e+01
2.173635532109944890e+01,1.166282261371194195e+01
1.717025168688232029e+01,7.813858552318538209e+00
1.055067299254019453e+01,8.089205537782454769e+00
2.947979357116696519e+01,2.519914629122909489e+01
1.225074978988689622e+01,3.042245453905328745e+00
1.494381775565736536e-01,6.536648656827624693e-02
2.103060331323049148e+00,1.791480459930625102e+00
1.480593763881570979e+01,1.349917212539657108e+01
4.249027079786064920e-02,2.567807382599769303e-02
2.448375440711090434e+01,1.755005595224533721e+01
1.145153848969720084e-01,6.412882136195754978e-02
2.443196096941727546e+01,1.741279448314894296e+01
1.402433919108417548e+01,1.169418702353797634e+01
7.723400378996749804e-01,4.201783983702706560e-01
1.353570290954270305e+01,6.808845270547275952e+00
2.645196879013864333e+01,2.367093339217829850e+01
3.033273393136498922e-02,1.536400816143576598e-02
2.459148718728717853e+01,1.948796200988523353e+01
6.283215282509100774e+00,6.337731675263805542e+00
8.894844956464913466e+00,9.451064900870983720e+00
2.224558157920807488e+01,9.530954754268776696e+00
1.481167657431955043e+01,5.749946800890212373e+00
8.670246565753970458e+00,7.156204417724953970e+00
7.118852562395602490e+00,3.567556209262444433e+00
1.491994868011148334e+01,8.123610439713994325e+00
1.909376843430081649e+01,1.774737698197771252e+01
1.714025458230440613e+00,1.491396617343259789e+00
8.559491583052663444e+00,6.802332088002340349e+00
2.971057501937130141e+01,1.423261238919173088e+01
7.778631958574991678e+00,4.132591208972343111e+00
9.542356709057846942e+00,4.131352814747344837e+00
2.045541942329619900e+01,1.445560118490423207e+01
2.523377230466115895e-02,1.645833696337227134e-02
3.359318319933228825e+00,1.654805119451099538e+00
2.978969231470762313e+00,1.919551042500041271e+00
6.964209032376484920e-01,2.697288399816247795e-01
1.133389311634037666e-01,6.420744814067425033e-02
2.590686120246213875e+01,1.893276354813250961e+01
9.695692718208500163e-03,4.026010899098633224e-03
1.355022302270695533e+01,1.169055736717525740e+01
4.006001102236020905e+00,2.001926975527464236e+00
1.715613346649985615e+01,6.944742467401231245e+00
2.133021645762880425e+01,9.085577925613405270e+00
3.625411741062571735e+01,1.803787264895207443e+01
6.853587762943686990e+00,5.397485323700972337e+00
8.977353606445325207e-01,4.801333834218747265e-01
1.811027296536379083e+01,1.007489567868138636e+01
4.105762646026276941e-01,2.142905921363627286e-01
5.676746887755741433e-01,2.827427570468581397e-01
7.894641025333709372e+00,5.936783370730175591e+00
6.764993318176730774e-01,5.145351497728080092e-01
1.342259467550121954e+01,1.331448862304525882e+01
1.669252267449432026e+01,1.296226097744054861e+01
1.818354407295982256e+01,1.814679321696002745e+01
3.000895381481020863e+01,1.972646951346370159e+01
9.433624302973341036e-02,5.554035776595252216e-02
7.240299573366331121e-01,4.375608349961877530e-01
8.140815174585403824e+00,7.198699299711670996e+00
1.786773099714163493e+01,8.638845039454643882e+00
1.445629948483821714e+01,5.196244011428953868e+00
1.194000628794089636e+01,1.133742601018745333e+01
1.488431367629047841e+01,7.467761304624040086e+00
2.861826275117230267e+01,2.637521073973702457e+01
2.233215351548532723e+01,1.030057717302296894e+01
1.695189401328272538e+01,8.848396000119828742e+00
1.813546267703063819e+01,7.568539965639333289e+00
9.794695022217423386e+00,5.301083682436861899e+00
1.948090482723040395e+01,7.451285366923658948e+00
4.620607267884759395e+00,1.847973768444155063e+00
1.783922958471107023e+01,1.869474443176790501e+01
1.095254443213017481e+01,1.242308778739799102e+01
2.497832556881471788e+01,2.575832561820835664e+01
2.371662105101147588e+01,1.013282134110442634e+01
1.063106443936080758e+01,4.688638376243346784e+00
2.000987971167026203e+01,1.246214127246091330e+01
3.733966571871552453e+00,3.239527924515202884e+00
3.215472891663131438e+00,3.043584525051600931e+00
2.600770991607852523e-01,1.319039246869898596e-01
1.339957604738257479e-01,6.961486133984255698e-02
7.223491172134554716e+00,7.004699946644070252e+00
2.460090129674303405e+00,2.186069134463336727e+00
8.342129553632341654e+00,6.332156275425923297e+00
2.098943327455235064e+01,1.720153614560068789e+01
4.583441202917007296e+00,4.275639202801157168e+00
2.142558850969180284e+01,9.214445653774090417e+00
2.751786673077052825e+00,2.341478197510424852e+00
9.979927972737353770e+00,4.887234338587561844e+00
2.338638927704287870e-02,1.465699178479519180e-02
6.796879867091099037e+00,1.748186547861451778e+00
7.847246533891542697e+00,2.440874475617687001e+00
2.453389037629796476e+01,2.165283243010435044e+01
6.975458058554749208e+00,5.399968193457305610e+00
1.632321894581245303e+01,8.248133997487544278e+00
7.379971638992303795e+00,5.104102309269475946e+00
3.997976376125691456e+00,2.698473903753886294e+00
2.740360978604106634e+01,2.102668876983888069e+01
1.213745924688553607e-01,4.452194106658279721e-02
7.880240702638013905e-02,4.667834833682591583e-02
2.440242546767746390e+01,1.060509786157922107e+01
3.358696638450147276e+01,1.689480698296554806e+01
2.176246595666622241e+01,8.774446653932018947e+00
4.564440988256952991e+00,4.043159684896627581e+00
1.068397951181501959e+01,2.551652323979154868e+00
2.359392496156351626e+01,2.036585822277142555e+01
9.515673562331734558e+00,8.335598426349831058e+00
2.044457648188104670e+01,8.546757502524560124e+00
1.182559913565809584e+00,9.529923192672318244e-01
2.098608460678243404e+01,1.304289225628842352e+01
5.473092461008952636e-01,2.509219281054220763e-01
7.377561371535415802e+00,7.594470946680155876e+00
3.410756642754981982e+01,1.689545353282708007e+01
1.597291429580172561e+00,1.493976773955383530e+00
2.506323225857583825e+00,2.013557357201742892e+00
3.789120513012100844e-02,3.175433313692817283e-02
7.835617125097418811e-02,4.752511549900989563e-02
1.802379669264232476e+01,1.097980254730820171e+01
1.831118393074670792e+01,1.624256357339558576e+01
2.135802450250043338e-02,1.816492224076644846e-02
1.321978357024967110e+01,7.731445479835376666e+00
2.239139247721786319e+01,1.906885249405404537e+01
7.658904825224159829e+00,3.520631291608402602e+00
2.443514504183923108e+01,1.309297093643683674e+01
3.252510145903587446e+00,1.856523680687317102e+00
2.344013341790498828e+01,2.028527152658358190e+01
9.416973459686731829e+00,8.219473073508257954e+00
1.178557117796904974e+00,6.893719018164995438e-01
2.631789127878571577e+01,2.048489195927745854e+01
8.803617495085584110e+00,7.190573595302045540e+00
7.612463256488002372e+00,1.742269677631312019e+00
9.160719140082635548e+00,9.087311964502031714e+00
9.771754656540760919e+00,3.521398079007797222e+00
1.828890655067649007e+01,8.470382823438681541e+00
2.176593679172620455e+01,1.674320135406721732e+01
9.215766411441364880e+00,3.735505682055274779e+00
1.806709278022508158e+01,9.995518758341109589e+00
7.887749512629961934e+00,6.326250606604648219e+00
1.486324722591170655e+00,8.658074091081151558e-01
1.756353866791210550e+01,1.094437417835381154e+01
1.596609932166853874e+00,1.070470381324798437e+00
6.079966264924251823e-02,4.830524947952408166e-02
2.329919069520323660e+01,1.302198606427182881e+01
9.808993495831439535e-01,9.132683087312031267e-01
2.232319140429289916e+01,8.023941533449491459e+00
1.954359058931865434e+01,1.087172856522750664e+01
7.824229767954075321e+00,5.963459462617683116e+00
4.497777771115132772e+00,3.612095801977325493e+00
1.146236596610434511e+01,6.399871516778131486e+00
2.468064781082574655e+01,1.080607451419901466e+01
1.111528485776971564e+01,6.068223114416991137e+00
4.904984079766120608e+00,3.656385869407036360e+00
2.425403126452188030e+00,2.243248232721978042e+00
2.470075215619845466e+01,2.054671859883411855e+01
9.381727894584749095e+00,7.184400464542450848e+00
2.648086995089542484e-01,1.376942184051352103e-01
1.224215302143869755e+00,4.379668062233583736e-01
5.855431094446686968e-01,2.497586004009918204e-01
2.599490593384969372e+01,1.746096298511434597e+01
2.024638575351307779e+01,7.189349713671748354e+00
1.005934422402527773e+01,3.816713698283607403e+00
4.681020413878038411e-02,3.078622180786618617e-02
2.366033513095812069e+01,2.032275570489488103e+01
5.856050122893485116e-03,5.198400219385609228e-03
2.091476446664424316e+01,1.898291051133947249e+01
9.421823660006845458e+00,7.354416824668147612e+00
4.442140110067460235e+00,3.428208955109161682e+00
2.271634245657961626e-01,1.254795385344187886e-01
2.816429596586280582e+01,2.560770518418453889e+01
3.951233842296246745e+00,2.250614439711208448e+00
2.463288832602128409e+01,1.029068649051354356e+01
2.615625429252852285e+01,1.741991254913176590e+01
2.360708573239702623e+00,2.201044391043156523e+00
2.234961331156758391e+01,1.859348368395254880e+01
3.005817223854866427e+01,1.992995549983018577e+01
6.769957363993683863e+00,4.435132229832705164e+00
1.595288930061118293e+01,1.562408765445676728e+01
1.748821010744142868e+01,5.885383991559065997e+00
2.525484422791037531e+01,2.536929398743358277e+01
5.858425219071960316e-02,3.566595553941463714e-02
8.315148834222652052e-01,4.857081299081582593e-01
6.404996870784153806e+00,5.218947769053521313e+00
2.959450586003005412e+01,2.607153816164558080e+01
1.021273438247533916e+00,5.823960558971968959e-01
1.295171407509576156e+01,9.664683704159381605e+00
5.830932162340286773e+00,4.849937201457191982e+00
2.366043418440195012e+01,2.079988270075920553e+01
1.253538539480455150e+01,1.241300450724253857e+01
2.801279795473591250e+01,1.829354988936625048e+01
1.880522892808541568e-01,1.108874830953266583e-01
1.193149188736773780e+00,6.570947573774638117e-01
1.725105312642090638e+01,1.023872726643976172e+01
7.154143333357012580e+00,2.116448796882640870e+00
9.043824031926071427e+00,7.393141240282146143e+00
6.925640905108242096e-02,4.936634649114022416e-02
5.666174871052911399e+00,5.419453151084095310e+00
7.818540200198078161e+00,2.290025672618625219e+00
4.024304307166763905e+00,1.827528780970878675e+00
1.424417669197415748e+01,6.284082212240766019e+00
5.906512451516380047e+00,4.900361846394687859e+00
4.312112852334435864e+00,2.435352213881678107e+00
2.122387231101929217e+01,1.637259920544034486e+01
3.629676188219847432e+01,1.809032269898818868e+01
2.779184712883877850e+01,1.380028334131588608e+01
7.376076406530806651e+00,2.452261900460150024e+00
6.896351028650143711e+00,4.084733626667276241e+00
4.031317365792134844e+00,1.693115167893339379e+00
1.630829945400902758e+01,1.253041612324230414e+01
1.985872508369197575e+01,1.402820253922190474e+01
6.171390224568694682e-01,4.250189272469547253e-01
1.108424262024038931e-01,6.353311054530395852e-02
6.496374022699505701e+00,2.564799912060315545e+00
9.864244067846360542e-01,4.721454881750403731e-01
6.953009682289203575e+00,6.403151633218502781e+00
2.501134941590347793e+01,1.459590943496578141e+01
6.974078898760204481e+00,3.353443231295742510e+00
2.285608749554173968e+01,9.473602323878932197e+00
1.647554460730273007e+01,1.404884852878227974e+01
1.941316320790812355e+01,1.949876065073359754e+01
9.203324381438273250e+00,4.589693927601419254e+00
1.069466310498048500e+01,1.208833037898042662e+01
2.655927044757991595e+01,1.850621324065661000e+01
2.647598033039586340e+01,1.815549638676076327e+01
1.755519099618399537e+01,8.489158098979231681e+00
1.522168770479856725e+01,6.740277693510320134e+00
1.263495631965463051e-01,6.827360722491686296e-02
6.966716386661627736e-01,4.364018704107308633e-01
2.452372891762198748e+01,1.971033561830418535e+01
2.225145459209971932e+01,1.433177954052501590e+01
1.531608513114181558e-01,1.059335063213365374e-01
1.376519381262624719e+01,6.909292042213634133e+00
2.712809136134053745e+01,2.422346058653415568e+01
1.902860981701786613e+01,1.292249665706093076e+01
1.758274211853630575e+01,9.453283997641491965e+00
7.080609975614342133e+00,7.155211814839875117e+00
2.686837037606571243e+01,1.765300480690843798e+01
2.909335123517877975e+01,1.169275605830747544e+01
4.975374712640592278e+00,2.444768482030672985e+00
1.870773285719879908e+01,1.238249543724172064e+01
2.986547253174920979e-01,1.559377588312724494e-01
1.605642841533200382e+01,1.514769886119234599e+01
3.553408715692205178e+00,3.416457474069511058e+00
2.837334209712351196e+01,2.161768093188392825e+01
1.487228616174678564e+01,5.525228463708740101e+00
6.191991346873416013e+00,3.934207113862981053e+00
8.135159316441976429e+00,5.851690758536094883e+00
2.934504125970198163e-01,1.811564456709263693e-01
5.849272436026110356e+00,3.479996341074594657e+00
1.296435400861312814e+01,5.837910617532717339e+00
1.084692773506256458e+01,4.496292005667858582e+00
2.361979018729059376e+01,1.309163971876930788e+01
1.900436709887346609e+01,1.225108019936894266e+01
1.596699922379636039e-01,8.739594519801884009e-02
5.697096614048965946e-02,3.614787293364079418e-02
4.487768967757894134e-01,1.188664174741687063e-01
3.379457258628762339e+00,2.847829498042892649e+00
2.697594429680712835e+00,2.419800014940342248e+00
7.818417808913237010e+00,7.531492169253247937e+00
5.515348579630605791e-02,3.481746949011661069e-02
8.643912397541797521e-01,4.498109421652145556e-01
4.079668032528978305e-02,3.137062962578188868e-02
2.487024490219643269e+01,1.916737352428159369e+01
1.096030244629956130e+01,5.060042703922488450e+00
2.302434121933849276e-01,1.072101891491898801e-01
8.351250225077071931e+00,7.759959969508896549e+00
1.604058133029349875e+01,6.124348280817419443e+00
2.864500283679777937e+00,6.357866304945477554e-01
9.179348620999780439e-02,3.893242821510826956e-02
6.070246002784111639e+00,5.165942751972138147e+00
1.072546188474542639e+00,2.212958324145858635e-01
2.150007129897091218e+01,1.977716059948070537e+01
2.629217274524130524e-02,2.231527301861998061e-02
8.167648696445160839e-02,5.132870465505251500e-02
1.350090536366273762e-02,6.041826376102046349e-03
2.465578486212626075e+01,2.050034493705673810e+01
2.073810532398394457e+01,1.630109075312753930e+01
2.171076798306103584e+01,1.529722250336842038e+01
1.245239350212113370e-02,1.093599926791781647e-02
4.343339705395942829e+00,1.770208383682768449e+00
4.304424731814717298e+00,2.784384429076188550e+00
7.980675332399475019e-01,4.295951257627192987e-01
2.442869976067846949e+01,1.781109766764110702e+01
4.702067843566717226e-02,2.924617173605977699e-02
6.239409655097309937e+00,4.604755869555414272e+00
8.731564023821543341e-02,4.973092079311510622e-02
7.135975629764299000e-02,3.049067614649568839e-02
2.597821491239567493e+01,1.306531614961914123e+01
2.037401208750160109e+01,1.614061193392033999e+01
2.460805897647095827e-02,1.775010812072182545e-02
5.945565565547841942e-03,5.450969448428412412e-03
1.013182100811146902e-01,4.059047617838765915e-02
4.753817169705828322e-02,1.896328782008283032e-02
3.961281175387715986e-02,2.676148008755738564e-02
8.239786513138300350e+00,3.443162378287862424e+00
2.724019574725876636e-01,1.306676630930629079e-01
1.734406964034894827e+01,1.171394216318551251e+01
1.917648434444465622e+01,1.121742746708152971e+01
5.479567499551919241e+00,5.336928794875312576e+00
1.775863339720079992e+01,1.013134032493764103e+01
3.363085044263966594e+00,2.852079032826433380e+00
1.441131067470316474e+01,5.583689533608385602e+00
9.081892149827291760e+00,4.829924862118378570e+00
2.742140066884693184e+01,2.474779299625085827e+01
2.653877477098895987e+00,1.313565302449306360e+00
3.037810140899296574e+00,1.131358848864965072e+00
2.924039521284614551e+01,1.388611329038431386e+01
4.451166691732522551e+00,1.314019372899061233e+00
1.365401905812414363e+01,8.800751243067907126e+00
2.344379849091471613e+01,1.262806784471778343e+01
9.958279383479972324e+00,6.990796962236515810e+00
2.751296348801060532e+01,2.576222449929799652e+01
3.240596590659321929e+00,2.209344575240878683e+00
3.222831649870978055e+01,1.522981752851589654e+01
9.863458263417877347e+00,3.813791642249066971e+00
7.350497776099602643e-01,3.519480412850418682e-01
3.567357542421902838e+00,3.228892085112167187e+00
1.162196735746083931e+01,6.788430228587567505e+00
7.127871627796260157e+00,3.574022787083128705e+00
1.302460049255167895e+01,1.102325695128225114e+01
1.788589549487455965e-01,1.296666322148010975e-01
7.179808976711028023e+00,1.878711372072330521e+00
2.080111497069483950e-01,1.141058429064954333e-01
1.618101662982159894e+01,9.747621016853463161e+00
3.739578311440782538e-02,3.367915220224537709e-02
5.374239410589496391e-01,2.874584620570415638e-01
2.570450044306635107e+01,2.301813685133219778e+01
2.262198290208437257e+01,1.101374240168290797e+01
3.649669485453278384e+01,1.792731050532764314e+01
3.437468929877967838e+01,1.646964847267821597e+01
1.808156185909798452e+01,6.944949841456840467e+00
2.287115317578473750e+00,1.851979506434074718e+00
4.854565010089963856e-02,3.561790214437094565e-02
1.653814922861695180e+01,9.375045910581745190e+00
4.346352703446753729e+00,1.585625057702211960e+00
5.475343819173451365e+00,5.223944309296248534e+00
5.419436749462111180e+00,2.130444924035436394e+00
3.784508531307123747e+01,2.015079377046705744e+01
9.301077565494463073e+00,5.522818036760787308e+00
5.908965478932872273e+00,5.351793508982884084e+00
9.442438232298497880e+00,8.491313599350178265e+00
2.762332074451505903e+01,2.187534959534144363e+01
3.633887003131557769e+00,2.633071515434911358e+00
7.526172197226085991e+00,5.311198407438920022e+00
1.010816876791932906e+01,5.985174634089267975e+00
3.293714918278084980e+01,1.513054845866690457e+01
2.008468900409958735e+01,1.535566660114811377e+01
1.657326320832558819e+00,8.396000351074792700e-01
2.377759356452984818e+01,1.148735169483841112e+01
1.883574594395927804e+01,1.054571901153047087e+01
1.329630856096514258e+01,8.642279145374454075e+00
2.471046934840995490e+01,2.176178239631459377e+01
8.501419559947347437e+00,2.976644854380539051e+00
3.016478573404227603e+01,1.429085435685649941e+01
2.116379738644293074e+00,1.116747181302507164e+00
2.486873936116707284e+01,1.360634448530350937e+01
1.554193616236219277e+01,6.684466997517787945e+00
6.378354518126860828e-02,4.329797327881234476e-02
5.156182757858064569e+00,4.806559234455420437e+00
3.761131092932715081e+00,3.574154415115679662e+00
1.397329384679711239e+01,3.818969426759382557e+00
6.951777309927497761e+00,4.642217326798534494e+00
7.231360691085964909e+00,3.525130231394680624e+00
1.272809106182643535e-01,7.009386443100060204e-02
2.259238885675828001e+01,1.493137035467876927e+01
2.634721594692421220e+01,1.705719384012953199e+01
1.473640361233183960e+01,8.456121294890731832e+00
2.222835595679810083e+01,1.032580126484751482e+01
2.395206373970442826e+01,1.926094612277595886e+01
1.324426448279128476e-02,6.124910415125972563e-03
1.353515153605794108e+00,6.775849240575910759e-01
2.281656274706784870e+01,1.618342126834964390e+01
2.717299177715535308e+01,1.992581179960489735e+01
1.006252784756391172e+01,6.220916315773805216e+00
2.047215129190080063e+01,8.810486475197693679e+00
2.027021629736207031e-01,1.185907762517215691e-01
1.501006327869450629e+01,6.556367133670057079e+00
2.376226535167180032e+01,1.275222972496680107e+01
1.359300563798270645e+01,1.171864357477556595e+01
5.902568117799805725e-02,2.951283259756675922e-02
1.522252654348646494e+01,5.993548200502519130e+00
2.007647749535177084e+01,1.621800512597672395e+01
2.408743302607470582e+01,2.260700805238903399e+01
1.229785438320943136e+01,4.779432890475209028e+00
3.583036972905011552e+00,1.418332498011733556e+00
1.191265346427763916e+01,1.176467313596933195e+01
3.170815229460627993e+00,2.443414123784528158e+00
3.228567850806522532e+00,1.827156232032971506e+00
2.105848446250537265e+01,9.006783356666179685e+00
2.363121882880778912e+01,1.987828076493905627e+01
3.417296717466349054e-02,1.686829746508222705e-02
3.041021713750479805e+01,1.431145568347436736e+01
1.999268957914730194e-01,9.146589642010220789e-02
1.570198196621119990e+01,6.540893788772346618e+00
5.807591462799673643e+00,4.053218301561056336e+00
2.634999080651038161e-01,1.892548924779224873e-01
8.094837012235608142e+00,6.618865025865878771e+00
9.626619411559456552e+00,5.800432158723434206e+00
1.321244704093398059e-01,6.672049712672822874e-02
8.751184964172303182e+00,6.187765406808141577e+00
2.747724134459392431e+01,2.219431907088285527e+01
4.704333308305069794e-02,3.228869139918386089e-02
1.868213799842860165e-02,1.627991088574690104e-02
1.653196297994469488e-01,8.132429244463187934e-02
1.703081778278115266e+01,8.034069258923109302e+00
6.335543405130683592e-02,4.295130593684416687e-02
2.366401382468485276e-02,1.060495737475027414e-02
6.944418670726476783e+00,5.260591217185731416e+00
2.491230555153268611e+01,2.170674084479987442e+01
2.115260993136091727e+01,1.435144129985694761e+01
1.048599273189852743e-01,4.503221099295933588e-02
1.128841877037947228e+01,4.313325035571008215e+00
8.691929761702479884e-02,4.877063402681009602e-02
2.211387667318565420e+01,8.063725457311949896e+00
1.269495863151677284e+01,8.683862366844298464e+00
6.480485259721306512e+00,3.410062189024213541e+00
2.749576557616120809e+01,1.326414568000400784e+01
2.300595126640718036e+01,1.430993418513353177e+01
6.779458904720596368e-02,3.913394922822954064e-02
1.336629027373830603e+00,8.499855579074271361e-01
2.258375745059331763e+01,1.198413176841128980e+01
4.542302596572594275e+00,4.180926615587114981e+00
1.936473538052452037e+00,9.430792623327725055e-01
1.583310219848522316e+01,1.000612014401657923e+01
4.641831895467029429e-02,2.977655119310256351e-02
3.092386051593855711e+00,1.216455928296718447e+00
1.734348288298794005e-02,1.798951582390182630e-02
9.398504349956964266e-01,2.918589274810963752e-01
1.535152740449003694e+01,6.688714624377372076e+00
1.746295327540221720e+01,6.151009348318719816e+00
3.013629799182983504e+01,1.429938331531518614e+01
1.833154351026423257e+01,1.632564100920118477e+01
2.368981633166361078e+01,1.693184436017304151e+01
6.569913027907543501e+00,3.630669231649320317e+00
2.853655871299971380e+01,2.400092297522753881e+01
4.413715349567950974e-01,2.407555663958942660e-01
4.829590841861317152e+00,3.743800140453157344e+00
1.909383900913006116e+01,8.922500516225595035e+00
9.155211202827836514e-01,4.949180199960491744e-01
9.045898643032403541e+00,6.907162471316083519e+00
3.692616695635448032e+00,2.758426783200276233e+00
2.263088845347354194e+01,1.049230712398728649e+01
3.020456338846080513e+01,1.228644775661963173e+01
3.217776943194313732e-01,2.090810162108267256e-01
3.693006466583534486e+00,3.236186881717360908e+00
2.460952413769912894e+01,1.698449772373404443e+01
2.379237345458419250e-01,1.430417983240235003e-01
2.938534629766395412e+01,1.345669422718842867e+01
6.990296867596062391e+00,7.118000520529882635e+00
1.080642105178285561e+01,1.194706618597258974e+01
2.503806598225754598e+01,1.519485838056492355e+01
1.333091931422285770e+00,5.250833231708651461e-01
1.864724484705788754e+01,6.958935789798488258e+00
4.811955226941896591e+00,4.753207505018055556e+00
2.446722781831884674e+01,2.282915528100721403e+01
2.500980744622557950e+01,2.575733734863322866e+01
2.526557500704043235e+01,2.583086840852014632e+01
1.291012879066404606e+00,1.187995978620860260e+00
2.843281437891884256e+00,2.219791339415830844e+00
2.208502457772741678e+01,1.007366003366392349e+01
2.363145924087387328e+01,1.982238528111369291e+01
2.507906486108908339e+01,1.409320309512952463e+01
2.686188068651620142e+01,2.234709124639694267e+01
5.161266623014834631e-02,3.346584188817060962e-02
3.781728061299547972e-01,2.598431616828565938e-01
1.181442899074198394e+01,8.660903351779765558e+00
1.685319240484296799e+01,1.289313516832294404e+01
2.757033025741392507e+01,1.354556547119646837e+01
1.538754442570116510e+01,6.677355192965542585e+00
1.071017032908523792e+00,5.633306630515572122e-01
1.315979339497535205e+00,9.487405143163318844e-01
2.886810499055471602e-01,1.559201749897999589e-01
2.593892748005916360e+01,1.888937227731734936e+01
3.244296667206687523e+00,7.016640172679241561e-01
2.701567076803785383e+01,2.120998264461706384e+01
2.555869295077718917e+01,1.739176951946399896e+01
9.706775474957776151e-01,5.212864579540660293e-01
2.257761220964185911e-01,1.142832348927329128e-01
5.463509129473690606e+00,4.995947973430822309e+00
1.300458679407889484e+01,7.954773843594749039e+00
1.145175964798339230e+01,1.027332703216983489e+01
2.534497268795141522e+01,1.763314860877375168e+01
2.569683047797631570e+00,2.138005384075464033e+00
4.765053555125612128e+00,2.962816951390616182e+00
1.440208128425573797e+01,8.191681580574622146e+00
1.230835344311946855e+01,3.544307030513064838e+00
1.180679616055101278e+01,8.134910909981842408e+00
4.082408497052331775e+00,3.868746595320709858e+00
1.716123847583325812e+01,8.026153540451510082e+00
2.056722477980797947e+01,1.188496211098194699e+01
4.471541413310524682e+00,3.819779655819413478e+00
1.440036212750179168e+01,5.564743338597074818e+00
4.499904945126670941e-01,2.280935772304697740e-01
5.470024378813869603e+00,2.121254857322267817e+00
1.392760488429221688e+01,1.329535456426711981e+01
2.436634662168055598e+01,2.114653401340898853e+01
3.778105576060882820e-01,2.518526533943885037e-01
1.732239771385296057e-01,9.783054300744982446e-02
5.714429965627929597e+00,2.908344904757126592e+00
1.461404312019455531e+01,1.449002540615215473e+01
6.505426494113119018e-01,3.485336575232062528e-01
1.998382613633972582e+01,8.609015478274063327e+00
1.005511853721577609e+01,9.519231187098348812e+00
3.373487917230574146e-02,2.365690573440846697e-02
1.313385547343227655e-01,7.443331397701337393e-02
1.569677399612964663e+01,6.230637417094325947e+00
2.261766953964747273e+01,1.817558162306876923e+01
7.232073358269334840e+00,6.195587648499230937e+00
7.232902468803324991e-01,4.527117661157437634e-01
2.001458343530041262e+01,9.554969498406487460e+00
1.913843337946616319e-01,9.952813014015894633e-02
2.727911961559916776e+00,1.603036135011483010e+00
7.709421675434835475e-01,3.687142666776673239e-01
1.609744473355235073e+01,6.414687564422694166e+00
1.891984571837676432e+00,1.769745107742628942e+00
1.339009535074257906e+00,6.658343304273084406e-01
2.197730810034356219e-01,1.420074510488026076e-01
3.071310960772149351e-02,2.157429010248415949e-02
4.180940453615072983e+01,2.311845244243291475e+01
6.916842472759632265e-01,4.526437880151404358e-01
4.257836271905414804e+00,3.796033062931072344e+00
8.648463037395033581e-02,4.972597923008303944e-02
1.040624173186031620e-01,4.472306719019971538e-02
1.461534256451691149e+01,5.159708855084117474e+00
5.595195687804848994e+00,4.418215125159917100e+00
2.631573078015314948e+01,1.183178045334866368e+01
6.435541407985151174e+00,5.146176653803681944e+00
1.308140235632815696e+01,5.748152242546841428e+00
3.129488038213984424e+01,2.107555900964315754e+01
4.116264089310129748e+01,2.230895359396956934e+01
2.305836490957302587e+00,9.782644136199503127e-01
8.935802720966268708e+00,9.364072118840285341e+00
2.084185657016554671e+01,7.347799586786915249e+00
5.100186573241260492e-03,2.281830351540639797e-03
1.448154735902583745e+01,7.688691765183930826e+00
2.222517149962599703e+01,9.960834144868915274e+00
5.763669087060744545e+00,3.338724388418259803e+00
9.536487609173157409e+00,2.865804230398591557e+00
1.365273169031095746e+00,8.439012010182739276e-01
3.219921031721576554e+01,2.216436728877627260e+01
1.558620457431976192e+00,9.869698324949053303e-01
1.256772469303344941e+01,4.187460106413432470e+00
1.540690299261781959e+01,5.916682120235835285e+00
8.274210744130224171e+00,6.987878952803305843e+00
8.505752614035060749e-03,3.489710955331385648e-03
1.074924160801541362e+01,1.060513106796197214e+01
2.251473485936539287e+00,7.882501787351109401e-01
6.374922437897641292e-02,3.826078353957904771e-02
2.307411880374618462e+01,1.737293094044953889e+01
3.591149978007452059e+00,3.165970049244977602e+00
1.168915787514372279e-01,5.228684240699632557e-02
2.496334370370722056e+01,1.713120717122076542e+01
2.170366963507856628e+00,1.779441629870117225e+00
4.500304329312871943e+00,1.691613113083223041e+00
2.879477607976948050e+01,2.164851458738645462e+01
6.067721698671602222e-03,5.422598536926631456e-03
2.881008198893717775e+01,1.357270235261658087e+01
3.094150262303658039e+01,1.357017239983981050e+01
3.010201997850999248e-02,2.589286385191824288e-02
7.258746629890562296e+00,7.337522220161836195e+00
3.089664134764138925e+00,1.674623036062470094e+00
8.620613093262910809e+00,6.888869539325763292e+00
3.099592422895947053e+01,2.029633811311469671e+01
1.909302530182065638e+01,5.786016985194764040e+00
1.459902930703408153e+01,6.209654954601742993e+00
6.945532121684838689e-02,4.300032994894793792e-02
3.167040021285940199e+00,2.673590129149432393e+00
2.062604438859839615e-02,1.345356306048767214e-02
5.715972056356698694e+00,4.492224927987602534e+00
1.886613527629038956e+01,7.637927796536196468e+00
5.933326435950940336e+00,5.703775922782477359e+00
1.457694387582727202e+01,5.760286151264804033e+00
2.753586756245784528e+01,1.970870183489635963e+01
3.398152893091162863e+00,8.895831953319064400e-01
3.671472737001485243e+00,1.551681116372952030e+00
1.821492410184339761e+01,6.512148243970200312e+00
3.752792846533190563e-01,1.865873468170127225e-01
1.727828692463103266e+01,1.632719727373450880e+01
2.716859428522343478e+01,1.870997242319214138e+01
2.384603827996850445e+00,9.140773478045075562e-01
1.249527489479502407e+01,6.858644413791263439e+00
5.797521810417770594e-01,2.899414384585617954e-01
4.058789842397294123e+00,2.804780487325591487e+00
5.067379273707102172e+00,2.858242646417820776e+00
3.253124083487654694e+00,2.665641651504004450e+00
1.982708081980429082e-01,8.877776664617241520e-02
2.808172704235626682e+01,2.119766970880191437e+01
1.706149633318306869e+01,5.723329747995052230e+00
2.161806329372055746e+00,1.062481344137945927e+00
8.964299789699998744e-01,5.936641316763812126e-01
4.063781981477481153e+00,1.388052983954559449e+00
1.017192402407005680e+01,8.234252848441013128e+00
1.399552460871862081e-01,7.547329206449723826e-02
2.001815897599300113e-03,1.606635607974588780e-03
4.487756639774405976e+00,3.677726586327530356e+00
7.783687204850334718e-01,4.598019339239186043e-01
2.690910869199400679e+01,2.074859597891295593e+01
2.069621901565515998e+01,1.648042440623373039e+01
4.116702234603030419e+00,2.113624995381367722e+00
1.997570527663039996e+01,7.790376842775188493e+00
2.901782729767517832e+00,1.987179406718481589e+00
2.085947655762161190e+01,1.387990978708625889e+01
2.915768771818011373e+01,1.151968268331568446e+01
5.403110522461466309e-02,2.493286094495575020e-02
3.599898708646195544e+00,2.349214721207531831e+00
1.427126473620855940e+01,4.518565087110392398e+00
5.063826356666474737e+00,1.663391274028998223e+00
1.114453504315191168e+01,1.003008092904282300e+01
2.503611491587386340e+01,2.022834638987533040e+01
5.509150027167001085e+00,4.285362894052211935e+00
3.261441209490893556e+00,1.202891404561573507e+00
2.527379642231630363e+00,1.279506772847912366e+00
4.794972791381469257e+00,4.549880428332681248e+00
2.612031200545808218e+01,1.195054208629484549e+01
2.571680712002019753e+00,1.338055924775855443e+00
5.911888792663230419e+00,1.856975110558179320e+00
8.739078668770776659e+00,7.428270788353698251e+00
2.875179671512556823e+01,1.970940279224529590e+01
8.801604147187916283e+00,8.637340010832469162e+00
3.187716668420362165e+00,2.045550233301394183e+00
1.201804513098237237e+01,1.027457551166271799e+01
9.222136893813667413e+00,3.486428660669329993e+00
2.860348356808833925e-01,2.013269223611514058e-01
2.350476586457989114e+01,1.213856713401852083e+01
9.856253009636445128e+00,4.198004909901750459e+00
1.706389369947354240e+00,1.415305262907161632e+00
1.457681812071434280e+01,1.098305788359271062e+01
6.706659599938588623e-02,4.073330011218658647e-02
7.145335447668731133e-02,4.748934221675912143e-02
2.454070635353484420e+01,1.342974243138912982e+01
7.663056310587003317e+00,3.718406015781789531e+00
1.243339911518417651e+01,4.845449004692206074e+00
1.273950023651719207e-02,8.102183576589372382e-03
2.624370997969101182e+01,2.421320076146778888e+01
6.494160002051089009e+00,2.318520664096006545e+00
4.827255112827365302e+00,3.594568515209649817e+00
7.200480477930037981e-02,3.023814410377298478e-02
6.034149454460367323e+00,5.484001061791600407e+00
2.018129686350519369e-01,1.650312497567649195e-01
3.334038758597893448e+00,2.910893309209853452e+00
4.594260014729841579e+00,3.971215487677195899e+00
5.050257006679741423e+00,1.654111214866182289e+00
1.889270205352106657e+01,7.290282868688626294e+00
1.059993095438199795e+01,5.751000100638589352e+00
2.229343365993726422e+01,1.582926310442454110e+01
1.354389844780948593e+01,8.060001825262700592e+00
3.616025422866224748e+00,1.037973367450814921e+00
1.408549508345353551e+01,9.713728433816193331e+00
5.343316783309076001e+00,4.349361144644936061e+00
2.300076412294666284e+01,1.862629945393121389e+01
3.129575270845126411e+01,1.439489747755365023e+01
1.962397080386724468e+01,1.294560472286189956e+01
4.050265387784940385e-02,2.829974844539819706e-02
4.849851451314713735e+00,3.853545517679128007e+00
2.132970982394393999e+01,8.149861227444961997e+00
8.724307094630434634e+00,8.996380292997709915e+00
7.385401167525207367e-01,2.322127938902288080e-01
1.635564832785055955e+01,1.125146136863406099e+01
1.473817660263788909e+01,4.407180531382088873e+00
1.446165289452506331e+00,8.892648187200236087e-01
4.677618198254888782e+00,2.303908574878679172e+00
6.679079360300828938e+00,2.537679180400770562e+00
2.821081087939755605e+01,1.945634435095412940e+01
8.405402374161489998e-02,5.249553120827638031e-02
7.485107591737720334e+00,2.737570068218590613e+00
2.853686160591237098e+01,2.319751025676227840e+01
3.282331224477259468e+01,1.577581748714953136e+01
1.365007369472079546e+01,3.887670362842182925e+00
8.830756876870204053e+00,2.262686735920777181e+00
7.404133515503272811e+00,5.267115250193405984e+00
1.249315645937515384e+01,5.598315210105718087e+00
1.873029311996518231e+01,6.670878985751627077e+00
1.924428909105078844e+01,1.151333665188310995e+01
7.068595750181107640e+00,7.054832157308728036e+00
2.242762024372459972e+00,1.220149327609535872e+00
3.017557036998315123e+00,7.181198919410495263e-01
6.988411684931661760e+00,5.830246331207681543e+00
3.675864168966008805e+01,2.046930886782695325e+01
8.369609298399646846e+00,6.683170401829818807e+00
2.668021270568586178e+00,8.920767047818465301e-01
2.461923557861433665e+01,1.795023067454900101e+01
5.730739213695441592e-01,2.584957666101300178e-01
1.550570772417112764e+01,1.338966742968336554e+01
1.214135434667019675e+00,5.972410467549064128e-01
1.940959141517132025e+01,1.154329610548082563e+01
3.369632750536852228e+01,1.564083632263884560e+01
2.923998003509846200e+01,1.360912122275685121e+01
2.211129770671144357e+01,1.526647502253700495e+01
1.017381442930464175e+00,5.992399879401590912e-01
4.191072103637940582e-01,2.101812198684208655e-01
2.779117358514028169e+01,2.574268963888305350e+01
1.035033497398364644e-01,4.889674909211500636e-02
2.405820320040748328e+01,1.936272361928509511e+01
1.203069637521782864e+00,5.539648982895999385e-01
6.541945820140093737e+00,3.651740494935796555e+00
2.476517888326035077e+01,1.594438042661435162e+01
1.330693694742676136e+01,8.372383706398238701e+00
2.238219874556171618e+01,1.010086072791402856e+01
2.485352163566768269e+01,1.963702320840114979e+01
2.742267622007402039e+00,2.240316044698424047e+00
2.636896713781266044e+01,2.088088754999128938e+01
2.492762587121677420e+00,1.080815976343243001e+00
2.478764553398959514e+00,5.243563901582813935e-01
2.121459447015077160e+00,1.069398552230044430e+00
3.179410730135143126e+01,2.261315717970427741e+01
2.514190208614250110e+01,2.227321671810958037e+01
1.300102324902994155e-01,9.446706367357744771e-02
5.015613592735369330e+00,3.209981690824316392e+00
9.564646701338382684e+00,3.572222417790817950e+00
1.764940881540657358e+01,6.129692771079193747e+00
7.941616652048685943e+00,5.097193486877895197e+00
5.675676755865605161e-02,2.526078014437803387e-02
1.279657336929520461e+01,5.109472547278796739e+00
1.664210584024721773e-01,4.763021901797935553e-02
1.205228514923238947e+01,8.193068148185325583e+00
9.658510338386395944e+00,1.095860744236357220e+01
2.235840618675749170e+01,1.002073222889046455e+01
1.308496290159474107e+01,5.832061679600491821e+00
3.769404684815155004e+00,1.574553768873095505e+00
1.348609373481175666e+01,1.138874551885431963e+01
3.148933048069409851e-02,1.355163910978296818e-02
6.563584127380406481e-03,2.530481268440128422e-03
2.376776276041704161e+00,1.354477982047250340e+00
1.792323397168531507e-01,9.428763148215228707e-02
1.792554974439019588e+01,1.374828396153109722e+01
1.913427285779850662e-01,6.618780364100500246e-02
2.280752636574237613e+01,1.068674254939990043e+01
3.806394436970815254e-01,1.985053124179664008e-01
9.159056807122166466e-02,4.186977685375925518e-02
2.215676690269524074e-01,1.419008445798058127e-01
2.112093149079369070e+01,1.122017863586227904e+01
9.766800143227609254e+00,5.233906765486094237e+00
7.193874759475110459e+00,4.333505267970840791e+00
1.065882930753263846e-01,7.344367481583413682e-02
2.531626877201335191e+01,1.539186729540154275e+01
9.073640731913696911e-01,4.556261614096787094e-01
7.577444583930004640e+00,7.561141949411565477e+00
1.220148976615741176e+01,8.340341995287996468e+00
1.910992874080409365e+01,1.446539375548031536e+01
1.956698658914763911e+01,1.860097082665406631e+01
9.208550856818986219e+00,2.588374600655147351e+00
2.755955145735630296e+01,2.093207059405719406e+01
7.357635268414224050e-02,3.584856578295485957e-02
1.178965400166683075e+01,8.041017169019406552e+00
1.818649591130510146e+01,1.397124489686920512e+01
1.824986167350339139e+00,1.325429892594127690e+00
2.112792646748478020e+01,8.201060848271044534e+00
1.407342675222048456e+01,4.523550046490080412e+00
1.563905077871545046e+01,1.021309351470591587e+01
2.634205289355590907e+01,1.653774425301332585e+01
2.681298006360501063e+01,2.347453608438238248e+01
7.553867098680863701e-02,4.340797128733074606e-02
1.003871464596123531e+00,3.655050520033986117e-01
1.787258983978998828e+01,7.503229389130428473e+00
3.130258843558228476e-02,2.655777800441453534e-02
6.570595153735431460e+00,1.696624665019356382e+00
8.802847646680397986e+00,3.185086782782368786e+00
5.045280024607608216e-02,3.508900846642371008e-02
4.051133601459227407e+01,2.151223064844576527e+01
1.494541002954722053e+01,5.942819841636423739e+00
3.302755134656918301e+01,1.623673065064130228e+01
1.078104180706471027e+01,6.407957134306487390e+00
4.662296736092195637e+00,4.347626783146658624e+00
2.000225153333752459e+01,1.928466982488272663e+01
2.463692605867792551e+01,1.524058436894807578e+01
7.140607911708829469e+00,3.471158831987544158e+00
2.273182581551185422e+01,1.061367381271416654e+01
4.873637864610176784e+00,1.225716323569372657e+00
2.528598168734596738e-02,1.856341376046550737e-02
2.620047675705997392e+01,1.898662521564553884e+01
4.113911928633027237e+00,3.557460393887808880e+00
2.867253021122832735e+01,1.240625816753376753e+01
7.694953323607436779e+00,6.539288159833585468e+00
2.673108978269770120e+01,1.087649546467504003e+01
6.692512046671277304e+00,4.629796972211906336e+00
8.434141542787938761e-03,3.571409923721399066e-03
1.676601638747290579e+01,1.255978686865537952e+01
1.481404919191684932e+00,6.137295586957747240e-01
5.906641771190063395e+00,4.585880404820881218e+00
5.678666998415582867e+00,2.497360610134622405e+00
1.219776624251414354e+01,1.185009823798632667e+01
1.891800819601102246e+00,1.146658924411430691e+00
7.636065234884264363e+00,3.905027402376343826e+00
1.780765337302095119e+01,9.784085539438850176e+00
1.558519760543954824e+01,8.622258472454575440e+00
1.071209638471841696e+00,7.642857474965415454e-01
3.842849801707626245e-01,2.099474076060267869e-01
2.406579731120677898e-02,1.981207346435113342e-02
2.775467937957520803e+01,1.368010690073002777e+01
6.191788371104798294e+00,5.318981487298394484e+00
1.860143285082840947e+01,1.235156924129194245e+01
2.071603891288783927e+01,1.613403782564162015e+01
1.606586540586146583e+01,1.047065489288147511e+01
1.778284250551859813e+01,1.261518579209006674e+01
1.801010015454857505e-01,4.556547298429134557e-02
2.301909916496440189e+01,1.093323309615526817e+01
5.550702092567497026e+00,1.194872295417951591e+00
4.033118741678961783e+00,1.980640314348109277e+00
2.336723031641977855e+01,1.247260890229937225e+01
2.558103685029730912e+01,1.654926264344125997e+01
3.651537621685740365e-01,2.950611507598654981e-01
9.181981176943406098e+00,9.233269978334664785e+00
1.283062319376093718e+01,1.108067813394312040e+01
6.578008170608107275e-01,5.069900213946553214e-01
5.407894029727985163e+00,4.462846822351173692e+00
9.538350878426861357e+00,3.882010541173533280e+00
2.666997877153938390e+01,2.420404303248012567e+01
2.400666215384967828e-01,7.636149298408409503e-02
1.087514381243715000e+01,7.791369259638125655e+00
1.005903553156168329e+01,5.947210220304558703e+00
7.370803543376577061e+00,7.488479269022960239e+00
5.230527621196528337e-02,3.759530019044193122e-02
1.753906393253258500e+01,6.735163746963518605e+00
1.416795534380354549e-01,7.880521415744179414e-02
8.954756437254371426e-02,5.580829543918111590e-02
3.692606211471491980e-03,2.712414624989051195e-03
8.400681097572828548e+00,4.711013133986796220e+00
5.431322137167411412e+00,2.798731650668477400e+00
4.200997087174140887e+00,3.884370954938235698e+00
3.077768710024479049e+00,1.211194307130876169e+00
1.961638603181707197e+01,8.933114221200511906e+00
4.513013323124673987e-02,2.146728259129088850e-02
1.216690628436959365e+01,3.493707330023765323e+00
8.349590526762989739e+00,6.489732154455787771e+00
2.229435285736660077e+01,8.494387320499010130e+00
2.469457199769930966e+01,1.751135413059294876e+01
2.790373644941568365e+00,2.673919432574057620e+00
2.931573120315811298e+00,2.760891310498839957e+00
1.297651673226351221e+00,7.077130212710793788e-01
6.843298749224251409e-01,3.386190304286142427e-01
2.470395986360157181e+01,1.587749758791782462e+01
1.840597514711584992e+01,6.794345661088780020e+00
1.965445535418408696e+01,1.772587363549339656e+01
1.992239677206567375e-02,1.562197971432655909e-02
7.915628332800194400e+00,7.322356968529191157e+00
3.138217085260160299e+00,2.612564445705538141e+00
1.876337751098847306e+01,1.088956084617354492e+01
1.434901320502626021e+01,5.748184002819636262e+00
1.025536716288737971e+01,3.168643692396043932e+00
2.799932325690678780e+01,1.827811079656079940e+01
2.557405068389920544e+00,7.598257639034771138e-01
2.459942265913744563e+01,2.089596148344622506e+01
2.818928803836846697e+01,2.427542198471827817e+01
4.711785305005631308e+00,3.064496464705031453e+00
6.870811931260052852e+00,3.813544307470865480e+00
2.046151367034812907e+01,1.055629595282162292e+01
1.902988559997660992e-02,1.214807036802716990e-02
2.832315995760156824e+01,1.868175594981201826e+01
8.877038722431885853e-01,4.736297449754415800e-01
2.724338018826717445e+01,1.852137177488540942e+01
8.387269624175670568e-01,4.619353673358350676e-01
2.302524606590565862e-02,1.394123784448881610e-02
1.991069315329464828e+01,1.997888279905125941e+01
3.295990026205160017e+00,3.107202840659000653e+00
4.106295185632191647e+00,3.231682120924816104e+00
1.726947128874485671e+01,1.575728564334767690e+01
2.287201833755483804e+01,1.368457868459791449e+01
3.480746714323133539e-01,1.407563978468747146e-01
3.614347317597805254e-01,2.185925780165196286e-01
9.136529518050799936e+00,2.700632118345416277e+00
6.495105680711722229e+00,3.902828985607430301e+00
8.049442453066342651e+00,5.248144072553129647e+00
3.149067767013392682e+01,1.363711797644109858e+01
6.164627580271987206e+00,6.163851299632574943e+00
1.921455357299745970e+01,9.694854241440719278e+00
1.825787503235577924e+00,9.163679269877288425e-01
9.494662967130819808e+00,5.937048572195620544e+00
5.512617330314738773e+00,4.543211616274647646e+00
1.572620969672156699e+00,8.118190877221882484e-01
1.963510129255210046e+01,9.011435375848549256e+00
2.626615632405260570e+01,2.098471069042598813e+01
1.108880535203195095e+01,9.824268446793658072e+00
2.561166213416336390e+01,9.453279914646493864e+00
2.887896675179659667e+01,2.587189137669341221e+01
5.695131288026086480e+00,5.476893211500229341e+00
6.664871358179227379e+00,5.813387362825732652e+00
1.596473205442162069e+01,5.180065455809657493e+00
2.886713756933970743e+01,2.275013103348600652e+01
4.375017736491630949e+00,1.894349974820781712e+00
1.321337613086947904e+01,4.946980993065315246e+00
1.856614341613233066e+01,1.417349288596629897e+01
5.087241990908895950e+00,4.301635744896669777e+00
9.411436528750185104e+00,2.570809266483006450e+00
2.328995109048627654e+01,1.090697131421680588e+01
1.884873544407559010e+01,5.775409336717367559e+00
2.434248676895319718e+01,1.907637497107819868e+01
8.314019491875507484e+00,2.465637048446735591e+00
2.886227165448415274e-02,2.076442060375483303e-02
2.638822809097560196e+01,2.529591048672224929e+01
1.065897214257421483e-01,5.033416189566834731e-02
1.658338767813040704e+01,1.045773259553848789e+01
1.934423735343862916e+01,8.068541734993372572e+00
1.432972478750992096e+01,7.749052385293247802e+00
7.484358117677707867e+00,4.348589705802504035e+00
2.327485796480508995e+01,1.525464247763968295e+01
1.029117822791956877e-01,4.525339783219549383e-02
3.797570949264023277e+00,3.483206355129311760e+00
1.730497249274430516e+01,1.132324227373489123e+01
6.340598835769351460e+00,6.409500353178877674e+00
5.178212723485716928e+00,2.606937115135869121e+00
2.127910639442232466e+00,1.717514422679648378e+00
3.232799190167605730e+01,1.499695575472937215e+01
3.179397182588018467e+01,2.197994139739704877e+01
1.001667792780937383e+01,6.723073957477865292e+00
9.675086209177777619e+00,5.548385845807106698e+00
1.247257537887739076e+00,5.762619518839263710e-01
4.717948987963316299e+00,2.432622236741211807e+00
2.807685237429813085e+01,2.393688509455768099e+01
4.123531486069095031e+00,8.693043237286763869e-01
1.106518733035308344e+00,7.858203484657685367e-01
2.458566475045538269e+01,1.091420381577488996e+01
5.230076237451799503e-01,3.042185971124578558e-01
1.241288837527887523e+01,4.286473350165366014e+00
1.357804613628555090e+00,4.506966779273998691e-01
1.206664515822114758e+01,1.132113696242756085e+01
2.377004129921242104e+00,2.076853798794960682e+00
5.801366746372353667e-02,3.835817445507186396e-02
1.526408485765008705e-01,8.221607815345532977e-02
1.471784216848032223e+01,7.007236623637913553e+00
3.123815706971196704e+01,2.798615337918083767e+01
2.626178711975518709e+01,2.580862620597427082e+01
3.225923790422044846e+01,2.294229144717698077e+01
5.551626890047920426e+00,4.050217690923694214e+00
8.066961017062922679e+00,6.215477125679732318e+00
8.300030319277786006e+00,7.770442684322574678e+00
2.888847392829095995e+01,1.427561711154576507e+01
2.777455857022419394e+01,2.393749894662781585e+01
1.649006371553359784e+01,1.174964269367829317e+01
1.927122651376791040e+01,7.476073170838459347e+00
1.162515364554746800e+00,6.548814667829001568e-01
1.269601374775803926e-01,3.637514997540074874e-02
2.327419632241985781e+01,1.858705501508811864e+01
2.608400220862134589e+01,2.531291643396044222e+01
3.961675481846409219e-02,2.890992296630665731e-02
5.689789653776841760e+00,5.751835279488166641e+00
3.897626434554674058e-02,2.639843992085529750e-02
8.612834812099290360e+00,8.145923782194948615e+00
2.630009918746334385e+00,2.486259573775075893e+00
1.134110760480212754e+01,1.024143394502175575e+01
7.599601177042764277e+00,6.621521567199771141e+00
2.472919444706685255e+01,1.995635567721100401e+01
1.914769684034236974e+01,9.429315095575804051e+00
5.197267328100911854e+00,4.200943643306989550e+00
2.600358669423131630e+01,2.038363960939933861e+01
4.433290153109076037e+00,1.146494658427739122e+00
8.173443651653111708e-01,6.474275886759282006e-01
1.702370187188430251e+01,7.994984411073968289e+00
1.820054790259236555e+01,8.291398688570451370e+00
9.064944959274149824e-03,4.328081658393427567e-03
2.307333257527767856e+01,1.559190780033662094e+01
3.515346379496847584e-02,2.622171156738604958e-02
9.948007148147259837e-01,4.389767271647933566e-01
2.675630033755825821e+01,2.131919567087259892e+01
4.691821540971716220e-02,3.068522718771649754e-02
2.203616500634083408e+01,1.054092838998656667e+01
1.451911594396622547e-02,5.841264476361589589e-03
2.244894022038416992e+01,9.210742480001393062e+00
2.673273298826622479e+01,2.206500341890340167e+01
6.996642639568377398e+00,2.011427133069141782e+00
5.534699285679184122e+00,2.572257933790873086e+00
5.695504577519188566e-02,3.877597518106944835e-02
2.747942342184780529e+01,2.502594306208712993e+01
1.651299598809295333e+01,6.905075999585993607e+00
3.133327053450693511e-01,1.078067088796597905e-01
3.493473143148284166e+00,1.232431067933406510e+00
1.752865623657275052e+00,7.204740666171525199e-01
1.418963736886971638e+01,9.324628640866725604e+00
2.938385423035631305e+01,2.660376254478114078e+01
1.790258523290786385e+01,8.454563642866151696e+00
3.954936817803901050e+00,2.016920436570958319e+00
1.507361582694496249e+01,7.894045613506622594e+00
5.886708660497019796e-01,1.880537177867536158e-01
1.603381193130004254e-02,5.720203493283211246e-03
2.115395222638458606e+01,1.714519532906545152e+01
5.928585026488822352e-02,4.524697803068906260e-02
5.610596397448157191e+00,4.215126685068438128e+00
1.366438295306349993e+01,5.219543869453413976e+00
4.948034379303848512e-02,3.126902208947174300e-02
1.499404593398255159e+01,9.524422029086258235e+00
2.348292803634669212e+01,2.100733614047237907e+01
1.913602372095934534e+00,8.614339679813440842e-01
1.949364034880071728e+01,1.501744873103113775e+01
1.699232883281461548e-01,1.081720257294342957e-01
6.352281543648031104e+00,5.318728063328216571e+00
2.213512937425272042e+01,1.167951887791739907e+01
1.508133338628617093e+00,1.234548736602887331e+00
1.052986344191697343e+00,9.071987615662819859e-01
1.154078579838809127e+01,7.884149789699877786e+00
1.152517270166824703e+00,9.466433382931677132e-01
1.133063746560354623e+01,1.285760967985408421e+01
2.133736642612305090e+01,2.022891620669838275e+01
2.399778277766860057e+01,9.293508675625766102e+00
3.021214084519593390e-01,1.998504650723642306e-01
6.338834303585985985e+00,6.246171762756842050e+00
5.502448814027236956e+00,4.308771326404100321e+00
8.505749143503599896e+00,2.924087707902336852e+00
8.335351923635332838e+00,6.216814417195095643e+00
1.086610102368445219e+01,1.868035449770625434e+01
2.848864799934526815e+01,1.860189373850916184e+01
2.588187089936752727e+00,2.170098442936074346e+00
6.161025309733710209e+00,5.146422646957828029e+00
3.264771370588805510e+00,1.564621575523550856e+00
1.139167253605502061e+01,7.789958454109157771e+00
1.505803274679529125e+01,1.436517533706281569e+01
1.880526621259114251e+01,1.844767026141535382e+01
2.243789514993061474e+01,1.159222397272816707e+01
1.757971667910506142e+01,1.625897405775795335e+01
7.368209268005466939e+00,5.402092805846975487e+00
2.633069387473489797e+01,2.095733926450822437e+01
2.944457280592482462e+01,2.010741197200257702e+01
2.712103432890082289e+01,2.280772753569224420e+01
3.162275575633356761e-02,2.601083899386275392e-02
1.188675723129902634e-01,7.303322888104199495e-02
3.105452552575343006e+01,2.128492777871609931e+01
2.721386931371569773e+01,1.041088103290846512e+01
1.581307167379455425e+00,9.327008228122447564e-01
1.037130287576608356e-01,5.959532469326259130e-02
2.737986729601652236e+00,1.668105140363287164e+00
1.317811204392457469e+01,4.239939844979373262e+00
1.592633897382750519e+01,1.567988489302407018e+01
2.616777908500256800e+01,1.818229764238496671e+01
6.015469783056816233e+00,4.918760537388693344e+00
1.470455076873877553e+00,1.384753670138187287e+00
8.301990544541261841e+00,2.009293841366017297e+00
4.371948923428829736e-02,2.968060705659146536e-02
9.549885830147703203e+00,2.601459301289587245e+00
9.529562669715165413e+00,4.372561430897309975e+00
1.104828665087260475e+01,9.404716342987406108e+00
7.024981049167027258e+00,4.275345640202280251e+00
1.014476285122461618e+01,1.133863686463195464e+01
5.040366822726250362e+00,1.395810712390932240e+00
9.041922499871162699e+00,4.876397310846540378e+00
3.035444184287329961e+01,2.098570419420599364e+01
2.784946816806638381e+01,1.252998274984417826e+01
4.564126649020028292e-01,3.311808500155401513e-01
1.368495853387103611e-01,8.611816493699925301e-02
4.261927299193287944e+00,1.307169810075836880e+00
5.937668340951621104e+00,6.022009290150407423e+00
1.027119054424078692e+00,5.973667678040849305e-01
4.378358342710712142e-02,2.777327280328897863e-02
2.523434604226072508e+01,2.027584067572201576e+01
7.696060409379472667e+00,4.098193153556985990e+00
1.282826131892630839e+00,6.142707875287765074e-01
2.902617663469857234e+01,1.964490520151708708e+01
2.735005943395117711e+01,2.349488658334082203e+01
4.808135771758444421e-01,1.729659776903721413e-01
8.258648560720192044e-01,4.642867573188411701e-01
8.108132692883710746e+00,3.912437255266464131e+00
1.722242567987293693e+00,1.156827416081855464e+00
5.202256204090792480e+00,2.355825515550741045e+00
4.683244308497790942e-01,3.126300825935124372e-01
1.362034501355365856e+00,1.141244962600088231e+00
6.459523309069313157e+00,4.476349963869913573e+00
2.849134098493702472e-01,2.290712449971472608e-01
2.364262843600773323e+01,1.153451609775980558e+01
1.909544514495278378e+01,1.146297453422654122e+01
6.578434223154754790e+00,4.350523781788430355e+00
3.055458825691896932e-02,1.178595656343036507e-02
1.421599235272054962e+01,9.586912140076247368e+00
1.604151618347057351e+01,4.498463744572229750e+00
2.553346477443860962e+01,1.565455715188616104e+01
6.721106780185266694e-02,4.007260551700978640e-02
3.805528649913862971e+00,2.967851681252857254e+00
8.642593083685605471e-02,4.447408825827148943e-02
1.179233615452468165e+01,1.067477396607047702e+01
9.403328336196477011e+00,7.928413747239372533e+00
2.531918494870413028e+01,1.058236079556283471e+01
3.197952256534890125e+01,1.450508515021162737e+01
1.458835147491616802e+01,5.412765377678075751e+00
8.524891559348347914e-02,5.126962034963820913e-02
3.242132464030949990e+01,2.294914679055836260e+01
9.454190531889812732e+00,8.668071360481986787e+00
2.673189482966694897e+00,1.289848968431938525e+00
2.947752112041850392e+00,1.733049568844432287e+00
5.724949857365674077e+00,5.710659488268377437e+00
2.483575648059519914e+00,1.225719496971514610e+00
3.076285424172948701e+00,1.994430023466275959e+00
4.818472071607317053e-01,2.012988658110171636e-01
1.340583541396611178e+00,7.122137458979171942e-01
2.435647519601055050e-02,1.052191858427919263e-02
2.569441795552488728e+01,2.518059581139054259e+01
1.635219681126022095e+01,8.361696440225463434e+00
4.844956649423026285e+00,3.032709219079341434e+00
1.655889732549375992e+01,5.879427873392764958e+00
2.411548540750170133e+01,9.289754607409662412e+00
2.213000471311205075e+01,2.020837389835649489e+01
3.991123970135268539e-02,2.903111885136023043e-02
1.537875474738094361e+01,4.615418978847336540e+00
6.871277192975786541e+00,4.620996660772616949e+00
2.649760008855252735e+01,2.628853778791243556e+01
2.792758712007815600e-02,1.540160998832710432e-02
6.904609107298573356e+00,3.345479174879437689e+00
1.307821838234519474e+00,6.882414429470447015e-01
1.088310347359285224e+01,9.867692317171373517e+00
8.437431792096743155e-02,5.719255916932730610e-02
3.553692611570543392e+00,7.420391076325182356e-01
2.117657107147627116e+00,1.687556427709177242e+00
6.893407456707410785e-02,4.346475003457718478e-02
1.612406238272036108e-01,8.464608012431293349e-02
1.658077929864307265e+01,9.718377873818688784e+00
2.951572790945049096e+00,2.090674064298152501e+00
2.333149840849337367e-02,7.451413625232562385e-03
3.455405863929737753e-02,2.367873171023460524e-02
7.678671442607174491e+00,4.520139466380345361e+00
1.385748929779207295e+01,7.771649954675571514e+00
1.509293377969650507e+01,4.133702761610990706e+00
9.263462119452004373e+00,9.024575999237621104e+00
5.128186868137667886e+00,2.081953658219414027e+00
1.739949613393447850e-02,1.545466498379659097e-02
2.571035900124956441e+01,2.255159616569677894e+01
9.378435057988481205e+00,3.316888526563287698e+00
1.568541482158711098e+01,8.190280951347322258e+00
2.356839900519581121e+01,1.656429280752665179e+01
2.859887761831907227e+01,2.375239807713174045e+01
1.013510773065222104e+01,5.500768853882966880e+00
1.874036404986841120e+01,7.788756056363920877e+00
1.990222047973091790e+01,1.574484330908868301e+01
1.589111908365156545e+01,6.078229124376498760e+00
2.241986520039082365e+01,1.021346683245290343e+01
2.176436396188821831e+01,1.138927010396711736e+01
4.468580445309044968e+00,3.587410298702470968e+00
9.258205848825691586e-02,5.173335971099392305e-02
1.107889134244962742e-01,4.043022256994308061e-02
3.014237416451186746e+01,2.684237431882942104e+01
7.176625795822547893e+00,7.086081919768168369e+00
1.373795639311144257e+01,6.061093611289024352e+00
2.443624266789876032e+01,1.319142280589614202e+01
6.428949383792379457e-01,3.787045817672207715e-01
7.961875118615873603e+00,6.451473721131851136e+00
3.268331506533395725e+01,1.476537447598381370e+01
1.337832803103205848e+01,6.097749485481602782e+00
1.971959890456120412e+00,1.003464950719030524e+00
6.760147985249407299e+00,5.221751434512448498e+00
2.934419155323571893e+00,2.006957221692188931e+00
9.182703617916903482e+00,5.111619289851478953e+00
2.441317229305467507e+01,1.500123177236626937e+01
9.466052331547977872e+00,7.375860133297930332e+00
3.502670334526968077e+01,1.653695224530922658e+01
6.833610092354756915e+00,5.259349417259290504e+00
1.462041448238839747e+00,5.961108011219050651e-01
2.546972699967210474e+01,1.133281110082401177e+01
9.050400600867063439e-01,6.892425855659387590e-01
1.196234389594736314e+01,3.631523540013072981e+00
2.005729884721089817e+00,9.565932775364222040e-01
1.304318734904102717e-01,6.946096355526794330e-02
1.615111152321592636e+00,8.169992716906585573e-01
5.145746134835842867e+00,5.151517580850317302e+00
3.218728240765373477e-02,1.588097847300993029e-02
2.892444848876557728e+01,1.181053424573205213e+01
7.211351498073754307e+00,7.379308901987932323e+00
3.402997736707352033e-02,2.511127588714149803e-02
2.706974506672574332e+00,1.905387105058974129e+00
1.719880850463741595e+01,1.339098918211973377e+01
2.607262043484803371e+01,1.708142082474848777e+01
2.103748322839283702e+00,1.907099798941270130e+00
2.947704540048934874e+01,2.681716737470117451e+01
8.814687324561123916e+00,6.869760653754683588e+00
1.296795441123101966e+01,9.794799994090654494e+00
3.937602115541655401e+00,2.111436268238956249e+00
2.712171997199538964e+01,1.495920482057335832e+01
1.757330368139378507e+01,1.300134932096000639e+01
6.838740612728143320e-02,4.789983784892636737e-02
2.508156050252287272e+01,1.249698483369558666e+01
3.430195173247882146e+00,1.707771058537643327e+00
1.336797849234725177e+01,1.143420817274112977e+01
1.233403225351723620e+01,3.526313817842193110e+00
9.672894673724366399e+00,8.769042738483477706e+00
1.092707473960714548e+00,6.546622786955621498e-01
4.010439661363538910e+00,3.363504628276350772e+00
1.277139106539650193e+01,3.328663523666530732e+00
8.634188391102735949e+00,5.731970570371551332e+00
1.488777946467798596e+00,7.662307126565319759e-01
1.980052673614390812e+01,1.300459166034679015e+01
5.011036829219006172e+00,4.976783014001890493e+00
1.881149792976964719e+01,1.742039005467019663e+01
8.423069736163922572e-02,4.574891460277367983e-02
5.087517106923814536e-01,3.206308590664223024e-01
1.716178612755823352e+01,8.274598371024575627e+00
1.366309395448743658e+01,4.377270743429204636e+00
1.802277374471044358e-01,5.887401297678014622e-02
2.845199579907241016e+01,2.386368787609880115e+01
2.609258614705122881e+01,2.347305655752698783e+01
6.467243759960780380e+00,3.324664108240034555e+00
2.525355662465693385e+01,1.679592809605643566e+01
2.741380014768463269e+01,2.132552880774430193e+01
1.142843266627943805e-01,4.948546064163757141e-02
3.707878370604762719e-02,2.911549197579631557e-02
3.434577844824595871e+01,1.571350365301447027e+01
6.343149008297744196e+00,5.889499487236037112e+00
1.972758967436581656e+01,7.744840462866486419e+00
2.964714021216710549e+01,2.052386245118237440e+01
1.012098759551043692e+01,3.812546326313945855e+00
1.911199615687796438e+01,8.834808010534407785e+00
1.989548877735611754e+01,7.326027078665954484e+00
1.068697904340310423e+01,7.127765397347120668e+00
5.374868057952285838e+00,4.351707489775590076e+00
1.633037025921170615e+00,1.127216218931498926e+00
1.368230930949273905e+01,1.352443174286371352e+01
8.458618814248055173e+00,6.040791424542567789e+00
9.168147032984990119e+00,2.464494221853146261e+00
7.273575478813856243e+00,3.397489578564039991e+00
1.707122251667625087e-02,1.536386485001528523e-02
2.171958487696151607e+01,8.107657382729131612e+00
2.873303613472723939e+01,1.886757337395492229e+01
9.587086163787276405e+00,3.339916560547247837e+00
7.602973571366119288e+00,5.004345723805953661e+00
6.852041667688121507e+00,3.110928947426888413e+00
1.123180693055069135e+01,1.249490020041696603e+01
7.241739821153810874e-01,3.897861695574946772e-01
3.292942137653722767e+01,1.541444322558873381e+01
4.200092136871600701e+01,2.405351351440449292e+01
1.839702382118797175e+01,7.361978037778102113e+00
1.058243822428204695e+01,6.481626386127764761e+00
5.115964944297335393e+00,2.869761945552860016e+00
4.226694772696643732e+00,1.568181056707767640e+00
9.846747786199745445e-01,8.432118959471466280e-01
1.235389561597400210e+01,1.203129809228471991e+01
1.829868461711160066e+01,8.548963912602891568e+00
3.062145625671787386e+00,2.957061968252960416e+00
2.393532317262327425e+01,1.503633275558563831e+01
2.880174143826149447e+01,2.331553708080675591e+01
9.559387741315489961e+00,7.966692848638453839e+00
2.266645532186539569e+01,1.647169147936932276e+01
9.520974761330242231e+00,6.241842869300350927e+00
2.930963933031248914e+00,9.780909538933737490e-01
1.176257809238299146e+01,4.139648328455840520e+00
1.096978901726737021e+01,5.807039228194329716e+00
2.109346463425782758e+01,1.133882324678631903e+01
2.124188339591402297e+00,1.565836336643261939e+00
8.793817331257756109e+00,3.436028954324522378e+00
3.777878691672476208e+01,1.960909663739843722e+01
9.197180699446272367e-02,7.063431221720190001e-02
1.226469491876883744e+01,1.156484299288519146e+01
9.994264749913041257e+00,3.166635116919509940e+00
8.740064143536740993e-02,3.318137170343301440e-02
7.838178038974691120e+00,7.473629379552880536e+00
7.221654932198452725e-02,3.941540930545259919e-02
2.724663873961025473e+01,2.070280178361085177e+01
1.840479821606170319e+01,1.782651907947931846e+01
4.395613179280688065e+00,3.510069558930004163e+00
3.291399543806694528e+00,1.126034021734639623e+00
4.919886248805478424e+00,2.860557020274844042e+00
2.014498483500998915e+00,1.328697961936514460e+00
2.548512905188795941e+01,1.147692420532783686e+01
2.354219855961280139e+00,2.059086834223698315e+00
2.482936602023921324e+01,2.155161297664907494e+01
2.239637786236636430e+01,2.081059050417952250e+01
2.670195103541210457e+01,2.186014433455285300e+01
3.122424589282414686e+01,1.315417716010957250e+01
1.275387084369039670e+01,4.842807609421340587e+00
1.179127601801609027e+00,6.265580728170230262e-01
1.290641820872223400e-01,5.863577137943472295e-02
5.205154328825323695e+00,2.782578877078656809e+00
8.637934165771637751e+00,2.149241254184360184e+00
1.760380412711155174e+01,9.133601468325043271e+00
1.762709326120782194e+01,1.222613904308173893e+01
3.867319614752872781e+00,3.205371887419784294e+00
8.363912991153101828e+00,7.507156795938799476e+00
1.944464976585976146e+01,1.305197644244785771e+01
4.099742696602261560e+01,2.227522814404952811e+01
1.965318813549151500e+01,1.144416451929039980e+01
1.108339400354139359e+00,9.122231221051999572e-01
1.599678032247320580e-01,9.480636580167553507e-02
7.178404356418415233e+00,6.655969844813518499e+00
2.436565006697355074e+01,1.469881336604426103e+01
8.056944215945075483e-01,3.155321949296155393e-01
4.332233329482361839e+00,3.518082202765258071e+00
3.721218136649481067e+01,2.115520423644305481e+01
9.600220884712459934e+00,2.359261390388124546e+00
1.913576609699217101e+01,8.668522610114639093e+00
1.055447355747216065e+01,3.785275686221297509e+00
1.691075237065985171e+00,6.980647171273841600e-01
1.717683978403756084e+00,9.156276269988703476e-01
9.902163030683457379e+00,3.588576755298773957e+00
1.985709600355975724e+01,1.312615110762587278e+01
8.915277981426889653e+00,7.520566847712520264e+00
3.124869891936219238e-02,1.967095750907088894e-02
5.501940978113581959e-01,2.651096020017640886e-01
8.658471013889981194e+00,2.318019845492258035e+00
1.802561759648399331e+01,7.069070687412821741e+00
9.681842274348391453e-02,5.566019525451693789e-02
1.283141917059651149e+01,6.130129153650303309e+00
7.332014785442193539e-01,5.542877488580738587e-01
4.008536562560154337e+00,1.716747012053977617e+00
2.470330143513702481e+01,2.132929569267153269e+01
3.826931855287173112e-02,2.757902875360171077e-02
1.255501202772671299e+01,5.067082906464380976e+00
1.775667101182815699e+01,1.094468590213690362e+01
1.001882574198609613e-02,4.573687522456729680e-03
5.916165095490176995e+00,2.514276691726222257e+00
5.139077737090266274e-01,3.066905394330363688e-01
1.479340681295691162e+01,1.189069170697563216e+01
1.687260164206054824e+01,9.351151237966204732e+00
5.917569380467243567e-01,3.857810680029631900e-01
2.394567565123883190e-01,1.103922913114715326e-01
2.386751365674502878e+01,1.091016256535179529e+01
3.003888960412258413e+01,1.241116000778526107e+01
1.046204158031007969e+00,5.794940451190371267e-01
7.185729841355614766e-02,6.404379125217581070e-02
2.043924987770150992e+01,9.267601506917678478e+00
1.555479400175114257e+01,1.340377052254252987e+01
1.083238786699587308e+01,1.489174330925242629e+01
1.661829132524622610e-01,8.316233478044329774e-02
3.057560529283435358e+01,2.057549003079205363e+01
1.511304139586591155e+01,1.047720765012726751e+01
8.468059911617925595e-01,4.385249425063886819e-01
2.348207474694941510e+01,2.050948499407072134e+01
6.624972375650910017e+00,4.560205024191231082e+00
3.502000417726535364e+00,2.865076473919137889e+00
2.345296927892016825e+01,2.267696045018512052e+01
1.051363610271063509e+00,3.909564266803746690e-01
4.349062050184745232e+00,2.382620120016617715e+00
2.710805826533441731e+01,1.311197671733141412e+01
2.652427990074107012e+00,1.290223297978332795e+00
2.471839945494124535e+01,1.717157339112022996e+01
1.826685570607788356e-01,9.748818137392258054e-02
3.439215109834445894e+00,1.458610719460553984e+00
2.893293321154676789e+01,1.925453287872544905e+01
2.585953782293685776e+01,2.078105298493643360e+01
1.413204159328057408e+01,8.349592983601439755e+00
2.891903146100373334e+01,1.401456992087860343e+01
1.705531108869200452e+01,1.294041010310245099e+01
1.524922923408885822e+01,1.420591266920195572e+01
2.294140654438243487e+01,1.224475704031901024e+01
4.424788424422886557e+00,2.229393828449875770e+00
1.820068573902576858e+01,8.761252196245624901e+00
8.099818831083631654e-01,7.505413316916993427e-01
2.420309498437092444e+01,2.011338733556578973e+01
1.711624216832418810e+01,1.640788296281036907e+01
5.271533597152224360e+00,1.807211324259594409e+00
1.159320202950367001e-01,5.867878920851420793e-02
6.453117151093181292e+00,3.113630527073862009e+00
2.677557968114792075e+01,2.058030958017573653e+01
5.285761113655744303e+00,4.207629722767912916e+00
1.677530050111599635e+01,1.293775966604479777e+01
1.527189874351582333e+01,6.394204147748568268e+00
9.340601328198399500e+00,2.806205930378784075e+00
4.025234896086318237e+00,3.395660365914801027e+00
1.441475991066264672e+00,6.823669252883601821e-01
3.185083278915032956e-01,1.015247199128745809e-01
9.036515093621247274e+00,5.862753957100965252e+00
7.530170989531366210e+00,3.220118130376322441e+00
7.060126529582215760e+00,3.167855598569397024e+00
2.295279607797706589e+01,2.228963715535460466e+01
1.510371724723416520e+01,7.144009699684734649e+00
1.141224733270742309e-01,6.400018314474126280e-02
1.968630269074606787e+01,1.895701247591251715e+01
4.128064082274881530e-01,1.575311419605810725e-01
3.333950510351143398e-02,1.888795189159793095e-02
1.399838962198271197e+01,1.371061796723349069e+01
2.890255258309545189e-02,1.284180049109603233e-02
3.036236430926822649e+01,2.030463930050133925e+01
1.937888260297545795e+00,7.953316210710797973e-01
2.543340630191832652e+00,7.874184825033261337e-01
1.873686912826330442e+01,9.615982262427101190e+00
4.431790797467325960e-01,2.804644945343359175e-01
2.325977867500914176e+00,1.188079852326931363e+00
1.083705016087828277e+01,1.169880127599612152e+01
5.036523608370377048e+00,4.373710466455514201e+00
1.923348608165646212e+01,1.204797285078635483e+01
2.815973721103677274e+00,2.320515415779244250e+00
1.282603948407954775e+01,3.913237935578036009e+00
7.580778416319850166e+00,7.681813291585010361e+00
2.317019380911361637e+01,1.817336281058664937e+01
8.686916429473168222e+00,8.623931561242086374e+00
7.203567946680563772e+00,5.254992125397881964e+00
4.439489021849087003e+00,2.598831845674332897e+00
2.592545732534391334e+01,1.630851948280826491e+01
1.482155495785423716e+00,5.549331652390742109e-01
4.186862577661213530e-02,2.712140723933841382e-02
6.629399371009828457e+00,4.189802936119982668e+00
3.298551764028501143e+00,2.693277551705716366e+00
5.422124775471893338e-02,3.057642345853326879e-02
4.352572988995532383e-02,1.639228036433467220e-02
2.627258060169410925e+01,1.479588559894385114e+01
1.752925514827390785e+01,7.064241573527478835e+00
1.534576798343734438e+01,5.099534309815639155e+00
1.150487444844108115e-01,6.758347735891731545e-02
6.532000482699444888e+00,4.775780956466284977e+00
2.119206211019979591e+01,1.243067618351379977e+01
2.568390084228617454e+01,1.732958061022765861e+01
4.922396052977402736e-02,3.381727229505557958e-02
7.395915893259068064e+00,7.019344337356718810e+00
9.956176321797721940e+00,3.705989538286918794e+00
2.400262734077675475e+01,2.367519816396447752e+01
1.022726300725200543e+00,3.362747367728292636e-01
1.567697101898112777e+01,6.230445863044526966e+00
2.766450787542467094e+00,1.318716244536254578e+00
2.246131656325045256e+01,8.354440775185885570e+00
2.547243492434470369e+01,1.733690398553655498e+01
6.261452500327959747e+00,2.525472481891700927e+00
2.128336329354846157e+01,8.386868710343184929e+00
3.599069802033450644e-02,9.356319414457575992e-03
1.436089436973894529e+01,7.415077631113269341e+00
5.469442689231239996e+00,4.750616666494046569e+00
5.496965575035784646e+00,4.702375413697383877e+00
3.438245804343350809e+00,2.741297911415184974e+00
8.351450516320781503e+00,5.342782608735237027e+00
8.696104271105998151e+00,8.331860883347513180e+00
1.799421518120357533e+01,1.580666073745013733e+01
2.472593024470444689e+01,1.982609369973873470e+01
1.307281869557224807e+00,6.793380197129008646e-01
1.052591470781457872e+01,2.846395429805052224e+00
2.523678564861710072e+01,9.575842463511682112e+00
1.257785613195733010e+00,6.898383810989746623e-01
5.621389661501421248e-02,2.744278787215674587e-02
7.222190103376693315e+00,7.463296741960756542e+00
1.397082716632609412e+01,8.915989381922797108e+00
1.569418757742334947e+01,9.326020819583085597e+00
6.040272448108795267e+00,5.115812877915764112e+00
2.514591848627999227e+01,2.090438353627588342e+01
2.148342029869912650e+01,2.031071437611490538e+01
1.167264750200874168e+01,3.665681648449538255e+00
1.898347049581620372e+00,1.076648187541575208e+00
6.288310562594352504e+00,3.081043964014021697e+00
2.647877867202063751e+00,2.043665821557117734e+00
2.188298355593339295e+01,9.650285131173827580e+00
2.977189989037776030e+01,1.433758608828560099e+01
2.495983803776248067e+01,2.367840070291168786e+01
2.884600788116755865e+01,2.165161104566261585e+01
3.036567848489181998e+01,2.024084917660372440e+01
3.970481594504687184e+00,2.100715473386947973e+00
9.325390222788167982e-01,4.146804994803350297e-01
3.295295859305407693e-01,1.526160355760348142e-01
2.830249622316806679e+01,1.135736322807655085e+01
4.351930105316768188e-02,2.859514487227717700e-02
2.815067754934749544e+01,1.831912583184309185e+01
1.415512887406442932e-01,4.166268983672260368e-02
2.575339415303338697e+01,1.910765249031875612e+01
2.394035814966760101e-01,1.492075705832269783e-01
8.051395769136529879e+00,4.375281799149606243e+00
5.356566053534211669e+00,4.211021362386979661e+00
3.224709623785695811e+01,2.146647669892797339e+01
5.830578622052327020e+00,4.911289660362204934e+00
2.815346286602854686e+00,2.501900396016686567e+00
7.077139919374567434e+00,6.914349909333032507e+00
8.144294126777269938e+00,6.990319448331497654e+00
1.383489358859246110e+01,4.643431188879144855e+00
9.461124497745627970e-02,4.839794200036700439e-02
9.711004710059054190e+00,7.149925477490127079e+00
1.199755873342363977e+01,1.034129523256039462e+01
1.255831109195722206e+01,3.897532125587828578e+00
1.007536391394604075e-01,5.717679906035584569e-02
3.808045238596659487e+01,2.040361124282528849e+01
1.842551787175919609e+00,7.492151199192972344e-01
1.304748801117793988e+01,3.363385800082441257e+00
9.954709582548018632e-02,6.424101023271265587e-02
1.127924742773367051e+01,8.570969831675283146e+00
1.814450729356058556e-01,1.038266288669170145e-01
2.523737560077284670e+01,1.234075369322876270e+01
1.508528129712558119e+01,4.597146515832173819e+00
2.976715109936799220e+00,1.357378777369785183e+00
4.980578587950793334e+00,2.673809597555665274e+00
3.107907560187542106e+00,1.672340978106712672e+00
1.600534586932556635e+01,5.924622847421838756e+00
7.597462071161288577e+00,6.351693678559971801e+00
1.814213989595728549e+01,1.499035812378380861e+01
2.874283468565921495e+01,1.983872688084790070e+01
3.990152994323709068e-02,2.242483089276072969e-02
9.184962984992635526e+00,9.324694261892828351e+00
2.652594070719299424e+01,2.286400812356845691e+01
1.842532218013596079e+01,1.094184041394066398e+01
2.942713989257572038e+01,1.337471406687935094e+01
2.422848893091262071e-02,1.667228373650532502e-02
9.257811099507222252e+00,8.708259927163499725e+00
4.582137494413366929e-01,3.869660940599268795e-01
1.983365102578140338e+01,1.172767339254327723e+01
8.333000133625075634e+00,3.782597680364593984e+00
1.406618555774899448e+01,5.363978902266564930e+00
4.592042344146106458e+00,3.310795336930518751e+00
1.850402571036150334e+01,1.320278003495658581e+01
9.168309541982146982e+00,4.314640142234721587e+00
2.086989768765620212e+01,9.002872532572162356e+00
1.279361023201509262e+01,4.979583518948489385e+00
1.150954141274494802e+01,1.173248399610740123e+01
4.972467886638430201e+00,3.726180036530661432e+00
3.754846786430268590e+00,1.481573627444034758e+00
2.529077983200766866e+01,1.171745913640817527e+01
9.045957021318452584e-01,5.374766081219531921e-01
2.319832042653200688e+01,1.791673910949683091e+01
1.713438345175909150e-02,1.135976399120573743e-02
2.152318063677387272e+01,9.235309181407059143e+00
4.273311853023275653e+00,2.018701573401438853e+00
1.338655903115783197e+00,9.009819926470559182e-01
2.314936422225079227e+01,8.416547805111799008e+00
1.349568588327579732e+01,8.160827789446027936e+00
2.622662797329762796e+01,2.153944804500413568e+01
7.199713738976040389e+00,4.683750288795953232e+00
5.565071487502899039e+00,1.299788298287442689e+00
2.740462270514598675e+00,1.416194048333193845e+00
1.021106257917941562e+01,8.429262265486524797e+00
2.555210563679668212e+01,2.272262239125513261e+01
1.549643613439135237e+01,5.827083569612867109e+00
4.663777542806919751e-02,2.532357178983343435e-02
6.114766963652434190e-02,3.139908677641983781e-02
1.280254309261060364e+01,9.034455232378601153e+00
2.291037172805110700e+01,2.027690824823637072e+01
9.657657857201957796e+00,9.717258695233470078e+00
1.365072111671944199e+00,7.055538572307605838e-01
7.605112754135505415e-02,5.201975583625998573e-02
2.597995880062651253e+00,1.122245268006547114e+00
1.151468010997072966e+01,2.935864616167597863e+00
6.160301791507895253e+00,6.155149630965865093e+00
6.729234228580785349e+00,3.764221844628526270e+00
1.924822349553400258e+01,1.789297418327146261e+01
2.797496721372052164e+01,2.413972463537317736e+01
2.937269690419462620e+01,1.211989468350987487e+01
5.613381835605789405e+00,4.970119084978047219e+00
3.963398554149751701e-02,2.882165060997814859e-02
1.803736151344798344e+01,6.987377587470226636e+00
2.148970690565546704e+01,9.120295305231662653e+00
2.129741081376475276e-02,1.684683696824142846e-02
2.413358430320231562e+01,1.649204214744899133e+01
3.041454658735450511e+00,2.353853374655181518e+00
5.307646759396517783e-02,4.764405024228384605e-02
1.465500173696018260e+00,7.517172193798358215e-01
3.289082318398984484e+01,1.469270892977166909e+01
1.933095612555783660e+01,1.070232908537067829e+01
2.001275442571150620e+01,1.013034519728818594e+01
1.801794751471546974e+01,1.281202441443697637e+01
2.380340352605409748e+01,1.360817849312445560e+01
1.591930443165542641e+01,1.019052511243143222e+01
3.900748047097103710e-02,3.117202810274729077e-02
5.397716175197653676e+00,5.105496521290896261e+00
7.424097940428189824e-02,3.489548190084943574e-02
1.451408880399646661e-01,8.042008622888055513e-02
7.926610477987990677e+00,3.157486657853504131e+00
8.957189255459613308e-02,4.467015644494998911e-02
7.791596082488416286e+00,8.044451179288621745e+00
9.016151803034411216e-01,4.593370044536742580e-01
1.413058232502587863e+01,6.738609587336321205e+00
1.665738150319907973e+01,5.490003083861762612e+00
2.131194505600316091e+01,7.811114969080040993e+00
1.585137652440373301e+01,1.098790162758827549e+01
1.722637093338548753e-01,1.262223170161770047e-01
1.629288785625693947e+01,7.471945206709186493e+00
2.725572799262599588e+01,2.364714760944056238e+01
1.489968900207797908e+01,1.377398940925072601e+01
1.546213106014962362e-02,7.060164012461532523e-03
3.747732943068511346e+00,3.117876761375541594e+00
8.081318581186920369e+00,3.000456622898146630e+00
9.530019694888562043e+00,5.665739705150254046e+00
1.330766227481583464e+01,6.205579423229635516e+00
2.998384319093675998e+01,2.079512533375649852e+01
7.233595267547298313e+00,6.880296981872366047e+00
2.059721689889058016e-01,1.633158058607042940e-01
1.678402371426684425e+01,1.026244102204967668e+01
1.758209932481151938e+01,7.435997505201459745e+00
4.899601938761899866e+00,3.922168833653004505e+00
8.281842472739986860e+00,6.382455398733738683e+00
2.416938858318712136e+01,2.219111264924954341e+01
1.343474653903613358e+01,6.663314313462824323e+00
3.530531868537729423e+01,1.754512547201040462e+01
1.953023950907122774e+00,1.469081443050230140e+00
2.875083827353224564e+01,2.668247352709886044e+01
8.367434859631730504e+00,7.997349253082316700e+00
7.749734034105463243e-01,5.055605471645865379e-01
4.279315821522433616e+00,4.062740106400791085e+00
7.994765349251414799e-01,4.063437169348265154e-01
2.319009958079976386e+01,1.619240371619121177e+01
2.141067324944429728e+01,1.178245881007341822e+01
1.512150337279020462e+01,8.668459054571236777e+00
5.528652399630440861e+00,3.856107762872824196e+00
3.214549525349378456e+01,1.472959479070748934e+01
2.466137191446665966e+01,1.694247209356514361e+01
6.813076042035425273e-01,4.114227130114142539e-01
2.271808037414847270e+00,9.511776871278737611e-01
5.209550966236376368e+00,4.544165053612441163e+00
3.346836272062573947e+00,2.569081420713278607e+00
6.151901878052168371e+00,4.709878130482381131e+00
1.474894250750243252e+01,6.850425408364838376e+00
1.423507613680625639e+01,8.213131011400811587e+00
7.570139680085931744e+00,3.206758594802431972e+00
1.034729517360889162e+01,1.053263329936693005e+01
9.658435855879358989e-02,5.106566361681613014e-02
1.908382640015668485e+01,1.158485414858067486e+01
2.626074853961871369e+01,2.057183027255558727e+01
1.151440738566129163e+01,3.651505615233405777e+00
2.512273385012366589e+01,2.162924099810424750e+01
2.631874784428514502e+01,1.241230686318089660e+01
3.294345741759743706e+00,3.036366841488393753e+00
7.636951852367241500e+00,7.007283757202939611e+00
1.726193179597698091e+01,6.150177027803532148e+00
3.998455037027475623e+00,1.293312337541616897e+00
2.240334648405748030e+00,1.180761568577006981e+00
2.182680512020538366e+00,9.150556929858973954e-01
2.190518371219269955e+00,8.855540126351747476e-01
2.076044982791918514e+00,1.117530999542901249e+00
3.973797501814099187e-01,1.725358552177447824e-01
1.514984267540866840e-02,1.362524016484719866e-02
1.900146998016520428e+01,1.238512270003180049e+01
1.633857818589406108e+01,8.739538197662961139e+00
2.171985874520046433e+00,8.691555768780673263e-01
7.972818762209122667e+00,4.818416909854168928e+00
2.470488882937403829e+01,2.336564590925351226e+01
6.424891366868167530e+00,6.003923758761199991e+00
1.494179606105047675e+01,9.578007089727121226e+00
2.109854952892757396e+01,1.585812193877229070e+01
6.928121270021253331e+00,6.903287167664632129e+00
3.190636604707955293e+00,1.431767309969504076e+00
1.485318893170639498e+01,5.086998944617097784e+00
2.878237598127486407e+01,1.372336890644873542e+01
5.777531692980555217e-02,3.600403385075624102e-02
7.899659695243295587e+00,3.507594059357441729e+00
2.212019758001927627e+00,5.007426309651171747e-01
1.715159772751454526e+01,8.698386864166792520e+00
2.623218578697417702e-01,1.394051556585304552e-01
8.652482311679232652e+00,3.522510800324517355e+00
1.453195037373427390e+01,8.683529170287224375e+00
2.720205220978151672e+01,2.194521051285094160e+01
3.802703187505420690e+00,2.651166807922830770e+00
3.272732505755779897e+00,8.448986372255761212e-01
2.000967135891190907e+01,1.454473119156508076e+01
3.393458585681697670e+00,2.278910460291132090e+00
7.883746214987922052e+00,6.192551356388849904e+00
1.054949232425203887e+00,5.605572789580750559e-01
1.542426612675793862e+01,1.630043311967123643e+01
9.559951283804632438e-02,4.764322276429990705e-02
1.898442855032401511e+01,1.406592424431961597e+01
2.158721966570294887e-02,1.651018052270353600e-02
2.343799972920890609e-02,1.373279330127518717e-02
3.645363099599933931e-02,3.242192566595970132e-02
4.231738422838021707e-02,2.533958927403452688e-02
6.251208229867220856e-02,3.932187656075589177e-02
1.052880297754252581e+01,5.650821551399229037e+00
2.088398585223575576e+00,1.552006438613259709e+00
2.653858699677557453e+01,1.735242052956149550e+01
1.059136501150692844e+01,1.184379289838439497e+01
6.947697223279571510e+00,2.848835750333022165e+00
3.199265207947332268e+00,2.753227210587051221e+00
1.212285400808395114e-01,8.406000283997576428e-02
1.689247603725131386e+00,8.803424437548865722e-01
1.130546321847608127e+01,1.093001807253251911e+01
7.221192461980990629e+00,2.050031086544167103e+00
2.352186436031960071e+01,1.210338922488017310e+01
2.612130627757611734e+00,1.187610620443533493e+00
1.464157010325267461e+00,8.143171545562808422e-01
1.405393547928748532e+01,4.838216925815991942e+00
1.813983747184011719e+01,9.530641388500800559e+00
4.604088750389577989e+00,3.884829803789578762e+00
1.196060909095223934e+01,9.825110270911970645e+00
4.399734625157786461e+00,4.266098081220494720e+00
2.243587239090826557e+01,1.480275830499462053e+01
2.006404857232298444e-01,8.649496140413413803e-02
2.322285522298874483e+01,1.249919313932605647e+01
4.971427080748467731e+00,3.807448360574267721e+00
2.239839203829323111e+01,7.794467296603432516e+00
8.512889703974813926e+00,3.262153710260901285e+00
1.469541595572895432e+01,1.431719380227605676e+01
3.947333805124434214e+00,2.242987321331409323e+00
5.482804486700252472e-02,2.611387725688828557e-02
2.459975238551387378e+01,1.678697001285996748e+01
1.851252210953384036e+01,2.553445539550264698e+01
7.041661725981061437e+00,5.618249188118965343e+00
2.508147776888087677e+01,1.465651291351194274e+01
2.672102481352151671e+00,2.065171476729428246e+00
1.651120570134542720e-02,5.953870968039873951e-03
4.332397721410129243e+00,3.846174683999362909e+00
5.560675617182333497e+00,4.369958155859981375e+00
1.855982575983333405e+01,8.794672976326605607e+00
3.804855054077161736e+00,2.633987163411582344e+00
2.662894653179093130e-02,7.227385514932995782e-03
4.729787065768975118e+00,3.908839322937598393e+00
8.208647480016826314e-01,4.823176620307091378e-01
3.351250291496818789e+01,1.541259745192459008e+01
7.885214823382246330e+00,7.903423306136843074e+00
2.363176952220273819e+01,1.477299768593577944e+01
2.152379189830349659e+01,9.993359875640390300e+00
1.412586087291223613e+01,3.781988565773828359e+00
1.096033734597735787e+01,1.112866392834191664e+01
2.343171562319995616e+01,1.252411416565174029e+01
1.618007368643611343e+01,1.334633687820332426e+01
1.459575445120514559e+01,1.092287811305413037e+01
2.680469932018027990e+01,2.224356193424036121e+01
1.420598456930924947e+01,7.349389890874720166e+00
2.094794072105552019e+00,1.829008769980702054e+00
7.822209262844864952e+00,7.503042177623744813e+00
2.883390484377479979e+01,1.183862427554491070e+01
1.790980670296967503e+01,7.679432665405070857e+00
1.022532125095455768e+01,2.494096409525137226e+00
7.115474724259666317e+00,6.710114901071841054e+00
4.918024060605195869e-02,2.914512975860710300e-02
1.801811946246230534e+01,1.072348791684597380e+01
1.406496537784373579e+01,9.897898932693216523e+00
7.469449036887767512e+00,7.511431619957111394e+00
3.487698207294624098e+01,1.630893298122953894e+01
2.981209185214461765e-01,1.151693383804388016e-01
2.583202417408882567e+01,1.915504995691951606e+01
2.009057422323733480e-02,1.690153657000753595e-02
7.524388671529818495e+00,6.427517463131010800e+00
8.773899009159107365e+00,4.550050886309210618e+00
6.257686009661893312e-02,3.895938779533007768e-02
6.058923635792152318e+00,1.321499569469267277e+00
6.648278683824193180e+00,4.745540266796532514e+00
1.898712319897793321e+01,1.152809962812836631e+01
2.874554379104819546e+01,2.580611810349050117e+01
9.941170400400816121e+00,9.309477142042704045e+00
1.126108912148997199e+01,7.669782369955415291e+00
2.501420790062393351e+01,1.896266922882494654e+01
1.369467352750161737e+00,8.393768061437791861e-01
1.662272001053847248e+01,6.510614092984994272e+00
2.484532467060843430e+01,1.677573868180119376e+01
1.888696656807286445e+01,7.461010305497659090e+00
5.783092477371053697e+00,2.597299253911415473e+00
1.395237221085007207e+01,4.422839409137558242e+00
2.335330261050690481e+01,1.116668974422134752e+01
1.747947471242208195e+01,5.065001390688112615e+00
9.765669910362163364e+00,6.272176759918682620e+00
9.839613015394474971e+00,6.227828016303754488e+00
8.373605971738948384e+00,5.250711482245826289e+00
8.680526622110583901e+00,6.911766992698847645e+00
4.320893625886149114e-01,9.154171422787844847e-02
2.220729016443157011e-01,9.873302628688235272e-02
1.456111251514413008e+00,8.214194247468532550e-01
1.408457003495420801e-01,3.880913745392523817e-02
3.660894618135025258e+00,1.123461338145813615e+00
1.177483907253735473e-01,1.053184908075786019e-01
7.198387218343742511e+00,7.065989617706644133e+00
1.445081491637533055e+01,5.452878340565442628e+00
6.308809689358167994e+00,2.258081816748091164e+00
2.374094884019981677e+01,1.410374501564539784e+01
5.136514687527576201e-02,2.985764522654622832e-02
1.264380978146432710e+01,6.604777987428110286e+00
3.070900589638791978e+00,1.114629411722867447e+00
9.724258708433797693e+00,7.504414242457523088e+00
1.466776693617673111e+01,5.141015520821555107e+00
5.161997140613888924e+00,4.486225593261422340e+00
3.340577937711735945e+00,1.847567686637548112e+00
1.179240096088461343e+01,4.401746215639492199e+00
4.156457648335356581e+00,3.016438918599863683e+00
8.023566810580428310e+00,4.135274896994657112e+00
1.164258766106559317e+00,6.054332961613828612e-01
1.047474127533248023e+01,8.500920780111673736e+00
2.210289872812071721e+01,8.616248990654890250e+00
2.467949165491901908e+01,1.939555754541066790e+01
2.418629711055398346e+01,1.991305516740304427e+01
7.962127642908057856e-01,4.705558232573687216e-01
1.230611407445381822e+01,3.797521662141619014e+00
2.492828703044684957e+01,1.760858610445855277e+01
6.351193854029253849e+00,6.411624457704120594e+00
2.890369491039963634e+01,1.842028362979150202e+01
1.861147885845480943e+01,7.754148954860448306e+00
3.327409969854162181e-02,2.700205418209572841e-02
1.231601292152668137e+01,1.116017305190057485e+01
7.982841411582904112e-02,4.730849384217621079e-02
3.063865281909043392e-01,1.374381907480239084e-01
2.994580378645515406e+00,7.767193042711849627e-01
2.843491330099810099e+01,2.728034715772011864e+01
7.684703134179443618e-01,6.522019938353631474e-01
2.655698180166027456e+01,2.290753305857497324e+01
3.234311987279490930e-02,1.066938805447447715e-02
2.446848664484942759e+01,1.783079195954411134e+01
7.025075730853403977e-01,6.276764465572405305e-01
1.748801526872263779e+01,6.325505713682474607e+00
3.440312849926308481e+00,3.117651922120300512e+00
1.059538972020217784e+01,4.054247594697816481e+00
3.492958782116745908e+01,1.645251127749320474e+01
2.841609913418682609e+01,1.939673024138908630e+01
1.847102457070132076e+01,5.638366116954475871e+00
1.867249536723112868e+01,1.061979884459698731e+01
1.495629574030526321e+01,1.083770840916648481e+01
4.732771991967463787e-01,2.036282975780563109e-01
9.300500970508100096e+00,3.617719338303202470e+00
1.328276712774419721e+00,7.485418087101490814e-01
6.376060421387543364e+00,3.511745029963067033e+00
4.996896378892370233e-02,3.010719776535874040e-02
6.246875012932701310e+00,1.368175553709416015e+00
1.463456393245319953e+00,1.202808144335934415e+00
1.575888020597742845e+01,5.585931429317171570e+00
1.436589261060947287e+01,5.238225995111448263e+00
3.143461998072762142e+01,2.165439174403146083e+01
1.716650665197990921e+00,8.833453552173378132e-01
1.672575017049234003e-01,9.881588803935181797e-02
7.192985550407178685e+00,1.845968202549891357e+00
1.229756498191116343e+01,5.396403320920162727e+00
4.593687928316554370e-01,2.256097027516690279e-01
8.670259055609804477e+00,2.125720216898542958e+00
9.081369419791103681e+00,7.017814530740556833e+00
6.330699145545085060e-02,3.756349053353322254e-02
1.200376245550554799e+01,6.760630883180539286e+00
7.662266421230126134e+00,6.852650323858106240e+00
2.566872400264435683e+01,2.168966500959238530e+01
2.154535141618666216e+00,1.997819344104899475e+00
2.962313976024271600e+00,1.465555762205101864e+00
1.616934755086285946e+01,8.235302056965979389e+00
1.375265890782789435e-01,4.669123735270448716e-02
5.332124720851643573e+00,3.438773392851826483e+00
8.459269762214015387e+00,4.110055701063674682e+00
1.279473430341247209e+01,1.058555006101726192e+01
3.310363050032488275e+01,1.464618573928418144e+01
2.582013815283439939e+01,1.856039529105680685e+01
3.224454186134041578e+01,2.003391501835643851e+01
9.195081127442537028e-01,5.275775901544751401e-01
2.620654715334356788e-01,1.491552763795360170e-01
2.884859754659725439e+01,2.101157150262374174e+01
1.048201860955262887e+01,6.952843953179067782e+00
8.217264488176253323e+00,2.871891300269469038e+00
1.948988592552177224e+01,2.377244628996481524e+01
9.436195946854788019e+00,1.017598005915334802e+01
2.781257752185874921e+01,1.927702939842279406e+01
3.690403363594429109e+00,2.094045930846808012e+00
1.788535529465189100e+01,1.217697249896948009e+01
6.250221782841774321e+00,4.906957677095559411e+00
5.033871839193585274e+00,1.963442251658057192e+00
1.204020550357292407e+01,5.724218005969879286e+00
9.237088010614883382e-01,4.393328384836159839e-01
3.016436569074263119e+01,2.056088081713208027e+01
5.866408428223675919e+00,3.690038249091202260e+00
2.516910913201324007e+01,1.102762858467790430e+01
2.960205667563832410e+00,1.477883650536076621e+00
1.037003184930384458e+00,4.155778932077459076e-01
3.336019626348194578e+01,2.746823902779127025e+01
1.849750877975705166e+01,9.327765455100520242e+00
2.509849722198787347e+01,1.880219885620002529e+01
1.103420478120587106e-01,6.360269410239506593e-02
2.581190256403865391e+01,1.165028962785854638e+01
3.207445457429792413e+01,1.433490915324544801e+01
7.318080463181213524e+00,7.322409196169529899e+00
3.720412222779759759e+01,1.920023374513062819e+01
5.057693209773251874e-01,4.109646224262294423e-01
2.591654782207526608e+01,1.494317017774992351e+01
7.156165461539977457e+00,6.463493297457244324e+00
7.142099082147823630e+00,3.529253311818185246e+00
1.260033504416239225e+01,1.219266144858641709e+01
2.639805751353112573e+00,1.821162426848068172e+00
1.547239554588069588e+01,7.026155083836500559e+00
2.533129296958780685e+01,2.219974821760164829e+01
2.243000761478264948e+01,1.008669588811968154e+01
1.394702596543996442e+01,6.024238068622577380e+00
4.075719547750513705e+00,3.486953476571945210e+00
8.431163918164973126e+00,8.191678249324398919e+00
9.645911052045240908e+00,2.837770886475396992e+00
2.092401500995261188e+01,1.173621838810404583e+01
3.803774798560309200e+00,3.718751527701069648e+00
2.687072877028489515e+01,1.956382188669230970e+01
4.734625837419538463e+00,3.663488578976983323e+00
5.474756282401865848e-01,2.781064356322464071e-01
3.737737234404673980e+00,1.346919015809611153e+00
1.473444302947319251e+01,8.978008412536965466e+00
7.321770946870613805e+00,5.665475312572517907e+00
2.459486520214159810e+01,2.117842748203203485e+01
7.014915625819027944e+00,6.647897036155526962e+00
3.808143432367656622e+00,1.877445680505514192e+00
3.753411715838154805e+00,2.894958984072952823e+00
3.107598368128463662e+01,2.155249379617602301e+01
1.402749747113671008e-01,1.169498824687740801e-01
1.521083786076230515e+00,5.669050694423518610e-01
1.728694087993263295e+01,9.732112282221962118e+00
2.759478307653634488e+01,2.593855310584424601e+01
2.454158873933817020e+01,1.173060484103331014e+01
7.939250366067286180e+00,6.293641937962833666e+00
2.646235218540031187e-01,1.419499981388339660e-01
2.664276050928733497e+01,2.077571502640403622e+01
2.274854375287639741e+01,1.279796849252592139e+01
4.067983443857304593e+00,2.342268472445935945e+00
5.564091178956959149e-02,4.218904360427057354e-02
2.773532980024267722e-02,1.768506740100973806e-02
6.658355875442144300e-02,4.047185235701288714e-02
3.122775874250379058e+00,2.727262188727234360e+00
3.173532655675161823e-02,2.053761309933234067e-02
2.651617153121180337e+01,1.015973563790383061e+01
1.023528717413146660e+00,5.397322321005870727e-01
6.918463910274030404e+00,6.161702683892650079e+00
2.070794257150345707e+00,9.105682648269367574e-01
1.945149534397438629e+01,1.158604224523291570e+01
2.117457471629841237e+01,1.732614806465832658e+01
9.331459905270264699e+00,6.441652094854971367e+00
4.980959850375862863e-02,3.047507225307003256e-02
2.193694086882344862e+01,1.032372249455082702e+01
1.950056764484678951e+01,5.957144655019141588e+00
2.333379140503182736e+00,1.818173382086203382e+00
1.892302263203790025e+00,9.939602023472472458e-01
2.998071041603891929e-02,1.951202211921668900e-02
1.945086359662239417e+01,1.503327464860735851e+01
1.316799546411734134e+00,6.806675179146759458e-01
5.364084346001500414e+00,3.518837320192464091e+00
4.401595093293383248e-02,2.609674111627894449e-02
1.320096276686421000e+01,8.583156653874839392e+00
1.630148340194516976e+01,9.606291452304168033e+00
3.749385499762556417e+00,3.342444409351773338e+00
1.590879022951278010e+01,5.296523511843672871e+00
1.808228730739316614e-01,7.202678946349466704e-02
6.954008334712894701e+00,7.163873272364594591e+00
5.108778504087347905e+00,2.858574709575571582e+00
2.447123641595802823e+01,1.458457304931529741e+01
2.342132905583340019e+01,1.269794503784952866e+01
1.384598649060020570e+01,7.160671125094696166e+00
1.276698048627730842e+01,4.900350825534348864e+00
1.628613100255548929e+01,1.620489302798701203e+01
2.424801310936668841e+01,2.264902140374826445e+01
2.889842055880732374e+01,2.687765974151237813e+01
1.142724778831140098e-01,6.292108953627564838e-02
1.154988999104763359e+01,6.018990092268704295e+00
8.472494290365858646e-03,5.440808246274540794e-03
1.965118463040528241e+01,8.630818200783890504e+00
2.405758942190614480e+00,1.896373963748822833e+00
3.792282791542502363e+00,3.464027534488542504e+00
1.730814099751354718e+01,6.729632504391128478e+00
2.396767823685271281e+01,1.193361902775133743e+01
1.180887552132191054e+01,4.659440973040822165e+00
2.390758709034636809e+01,1.622587863174297240e+01
3.760039149577619089e+00,3.331333284875499956e+00
1.508917091516318010e+01,5.051376846319405090e+00
2.568813178833888600e+00,1.279683701413659502e+00
1.418559857542663138e+01,4.543499699530220148e+00
6.043156160263508880e+00,3.046572489672827455e+00
2.781147278561535430e+00,2.275129328722791833e+00
7.658834290686693080e+00,7.771773777414427542e+00
9.634285109235525557e-02,5.893695602696931435e-02
2.308826596506137641e+00,1.413228159352826419e+00
1.018755429257988077e+01,8.224887171189147139e+00
1.195504205273434906e+01,3.265339858454384903e+00
1.243567412362132529e+00,5.714184550456969935e-01
3.234419213564562057e+01,2.177904039649574486e+01
1.713225491809703982e+01,1.673147074175846072e+01
5.547689643277082361e+00,5.260297937235418608e+00
7.299160112114746468e+00,5.217653093148800991e+00
2.525390239604958609e+01,2.592446312125524344e+01
3.564680822344138189e+00,1.998999495127298021e+00
2.452141950637638246e+01,2.069110861021359682e+01
2.095827026538794868e+01,1.387985665978271044e+01
6.054048730182711502e+00,6.125491646209217045e+00
6.852904636201696320e+00,1.599431705432936779e+00
2.124391531130928357e+01,9.013331718962829697e+00
1.037539584802247994e+01,2.704119730405103894e+00
3.602465636218621370e+01,1.790355330263828293e+01
8.554105065281044418e+00,8.244632018562599640e+00
1.201980618288460145e-01,5.732532347007616991e-02
2.647529723570991678e+01,1.835411134635846508e+01
1.146416768299145739e+00,5.224193130667454943e-01
1.847546091225832132e+00,1.456684571498022551e+00
7.375271691352771608e-01,3.430515308760223592e-01
1.142426759244106016e+01,1.212111743712033807e+01
2.241828029027500335e+01,1.259575870744147608e+01
4.263667723336916460e+00,3.648900208052053618e+00
2.328563458823908405e+01,1.184265970020304337e+01
1.857927370348571117e+01,1.108446627514755534e+01
9.410479927433014424e+00,7.947084575318519306e+00
5.950627446313101032e+00,6.029917329415340532e+00
2.155658324150382110e-01,1.204658015960500400e-01
7.029048904846466606e-01,3.754656293658462651e-01
1.819443517141159164e-02,1.346285924244022651e-02
2.305621418087159569e+01,1.801351731906841991e+01
2.299331397085548900e+01,2.112647358213983040e+01
6.823828606098818028e+00,4.582572334830439686e+00
2.555789731049669911e+01,1.870490292388221931e+01
9.867615421954431199e+00,4.449974845099163190e+00
1.148905747342718620e+01,5.962178388656712791e+00
4.899038019285392731e-01,2.319846116898634514e-01
3.003372856208549280e+01,2.311287575009800932e+01
2.907621009980430671e+01,2.502604473589520495e+01
1.826100616381324926e+01,1.327134027533493033e+01
2.589888145857813839e+01,2.528254790642741767e+01
9.613415764075293524e+00,5.097902115300851023e+00
3.595196058892792479e+01,1.709097762965789613e+01
6.928835649811125597e-02,6.633679455641931788e-02
8.521840752302480837e+00,2.089509735512126820e+00
1.232348737271612116e+01,8.424802299774450276e+00
2.236461852146520712e+01,1.862083303626860697e+01
4.927606716500019246e+00,4.112814537505366630e+00
1.011932546477247641e+01,6.546912113682079593e+00
1.227247106663187370e-02,1.189727143348828960e-02
1.341463620204967677e+00,1.212002692112095881e+00
1.774043407468347544e-01,6.079129500889497717e-02
2.669092480790891386e+01,2.365792491005543496e+01
1.535221014343860446e+01,1.782306283824475912e+01
5.030790558960871905e+00,2.437058360330914830e+00
7.263727165835932809e+00,5.038865808542398739e+00
4.587368439487143235e+00,4.392309431466673075e+00
1.069904129472228245e-02,1.022437495613721069e-02
8.956469844461308227e+00,5.967570979010988985e+00
9.028440067831317251e+00,7.372115789471597402e+00
1.315508508668914223e+00,6.334156351728414958e-01
3.239063528925408164e+00,3.089242165541072449e+00
1.733328118578621613e+01,9.810373350214131705e+00
7.678461646424513454e+00,7.089150592117151817e+00
6.967983735684831537e+00,6.894868058473877959e+00
2.665370017996264806e+01,1.824081787979794811e+01
2.031851743873935234e+01,1.569334396536246601e+01
2.591851644316448855e+01,2.574791967911992785e+01
2.956577383740130927e+01,1.444160125859880139e+01
1.480380794371668751e-01,7.782680527524005187e-02
1.060284845320055069e+00,9.344925976191671424e-01
1.637765715268275812e+01,7.086614947471233883e+00
2.360530765177793455e+01,1.639229481620504103e+01
1.166104463227885013e+01,1.170174847990316991e+01
2.439780216574503768e+01,1.508619687116532226e+01
1.239148326302515102e+01,6.159354144679094922e+00
4.700785163926338051e+00,4.356103945594600901e+00
2.628772946783591635e+01,1.540573661109479175e+01
1.084824722906997246e-01,6.205970511587401844e-02
1.736327758210162386e+01,9.489423307997785884e+00
2.638652391763650229e+01,2.174807255379390725e+01
4.562785666616849589e+00,3.719579680802126198e+00
1.840276652895683895e+01,8.399286531539544853e+00
1.160562866789323344e+01,4.229873132334908803e+00
2.191500292992911270e+01,1.529336653319123762e+01
1.783761346629730582e+01,5.561152288007467526e+00
1.756108357133097930e-01,1.437527248533860824e-01
2.365054317433445874e+01,1.477649956919188412e+01
1.707649733164600292e+01,7.734106575689965624e+00
1.005422446657713564e+01,1.120210445735094495e+01
1.524833720920458768e-01,7.210860078724658229e-02
2.247063791888445294e+01,1.087031595439324683e+01
1.038622245507951208e-01,6.982345429683975424e-02
6.931729318915776095e-02,3.687331772146813097e-02
2.565876360057743444e+00,1.872336713648242279e+00
9.231400426452470498e+00,7.153626062987767043e+00
2.574699625370261202e+01,1.795188338454862276e+01
4.610527210498942957e-02,2.712975360203104952e-02
6.866755440926559650e+00,4.086850276811547111e+00
8.341895354487625980e+00,8.440327388132519815e+00
4.226111346277484415e+00,3.006217729797149296e+00
4.927672215987002891e-01,3.251841119833688287e-01
3.398632215665244871e-01,1.519936840683339951e-01
1.556623509724589915e+01,9.349958964282469864e+00
1.656841401738759212e-01,8.734368928428846990e-02
3.868584114042135091e-01,8.584637781055863559e-02
1.782921902216401477e+01,6.769838156048782807e+00
1.244497299845148675e+01,8.105954367880201517e+00
4.607742410078953910e+00,3.695013202165091215e+00
2.110267584945993147e-01,6.284240105310394398e-02
1.870919771110017393e+01,7.537135411473798285e+00
2.974356818086776322e-02,1.397513900417759677e-02
1.529252702329422853e+01,5.638280046444240412e+00
2.167380848197732135e+01,2.059668929640148960e+01
1.036475298892253344e-01,5.688118692942932542e-02
1.121143256679740352e+00,5.939213416217004049e-01
6.525305295173745357e+00,4.936625793458030209e+00
1.636293372703705984e+01,1.534974779606879736e+01
2.620769418474307244e+01,2.047266856957122982e+01
7.666912212506304947e+00,4.872597821361559944e+00
7.078237762711264480e+00,6.705388951374738227e+00
2.614843684548920066e+01,1.912225792754406939e+01
4.158775746249924410e+00,3.260317301932682987e+00
2.197470879618912321e+01,1.163334526483281373e+01
4.588506222709471949e+00,4.187102949595203683e+00
2.198537051451125990e+00,1.143485974614989464e+00
1.205741141466615751e+01,7.730900684285268554e+00
4.340467569763933220e+00,3.426159044588704905e+00
2.854419601149464114e+01,2.101358939663432324e+01
3.340905439616991046e+00,8.609302431047812787e-01
2.036978464255086507e+01,1.185896823941249956e+01
3.722211688692268761e-02,2.181646508686062649e-02
1.107961270450450719e+01,4.005760520493544696e+00
7.495024984510353150e+00,5.587485438667588511e+00
2.400065482302430198e+01,2.318572575925324486e+01
2.593654399202873151e+01,1.040061987207978333e+01
1.925774530490344461e+01,1.813965920209897931e+01
1.309325336189196776e+00,1.118511485358812285e+00
1.159855796099326319e+01,5.232873273355723498e+00
7.796264106428852259e+00,7.773543217583784859e+00
3.354440495715576898e+00,2.839721072182052719e+00
1.468781152277991353e+01,8.943455049860734363e+00
4.629426340472805990e+00,3.496967160243986239e+00
1.531400546975922161e+01,9.064708964805632263e+00
2.316794824687475884e-01,9.686670422646367906e-02
1.866665239457734415e+01,8.799630263398992014e+00
2.393790693390115365e+01,1.300000920477377697e+01
2.265587751881725964e+01,9.859672321257374250e+00
1.790617206564789754e+01,1.348479499716731844e+01
1.464665822166969633e+01,6.692356726477449946e+00
3.071428605489288088e+00,2.436635706562765957e+00
1.269902059350364043e+00,9.728541375611181596e-01
3.352289040686580623e+00,1.494180240589980446e+00
4.498219025726473141e+00,4.220514518864431075e+00
2.863495559783513755e+01,2.597765062841819628e+01
1.756079830514592643e+01,1.356586590654525537e+01
6.881779821852362922e+00,6.060556596972696219e+00
7.159764210980758214e+00,6.027753303555315689e+00
3.327673819495037488e+00,1.435770926604094777e+00
1.800960370567312196e+01,1.023372070477384277e+01
1.430278319397640496e+00,7.689180521110233757e-01
8.038715951699711981e-01,5.669669839911426479e-01
3.949939060472533736e-01,2.145492411641274078e-01
3.742420781139752517e+00,1.141043020026910826e+00
6.112516813719732767e+00,5.355589680239438266e+00
5.264104282210568808e-01,2.343590423692143987e-01
4.542853941637473025e-02,2.532834104166395081e-02
3.555719395507996733e-02,2.745379956611443406e-02
6.845771028495961641e-02,3.928290268277545572e-02
2.088795626581893217e+01,8.231903029270728922e+00
2.435362112442264859e+00,1.607312050586264585e+00
2.028623371154216670e+01,1.558340543658138166e+01
2.631969727966484207e+00,2.244635540838236132e+00
1.850124923376646890e+01,1.009762660978236326e+01
7.276713962207008279e+00,4.702691908193151527e+00
5.330591476462714695e+00,2.040612596143946078e+00
2.817168581418288270e-02,1.536736995798554731e-02
1.027398263433215320e+01,6.998571579193084702e+00
1.575571587142610497e+01,9.786295525609906676e+00
3.078886849292971917e+01,2.038706149284922375e+01
1.264972786604925847e+00,9.618077372178405193e-01
1.182401877363261811e+01,4.737620150730720958e+00
1.264707924832648800e+01,4.848342300952982242e+00
9.084428382469461383e+00,8.724401164834366895e+00
7.889205420165407823e+00,7.164526218486757081e+00
1.536113243376932935e+01,4.769721963645255691e+00
2.653787326988232387e+00,1.692323226377818957e+00
1.844862306445303091e+01,8.526793532197615377e+00
6.715159629069522573e+00,5.340785780229977853e+00
2.690965895110180384e+01,1.978725813295536540e+01
5.098685256687780082e-02,3.327407225526438084e-02
9.450106061596359908e+00,8.738578300968434576e+00
2.027450698940735097e-01,1.694399545842528720e-01
5.888883542686706996e+00,4.838495831572318551e+00
2.067903196272397892e+01,1.660159518676242385e+01
2.299996879934368366e+01,8.738511175084147098e+00
2.047584471676733742e+01,8.448377803893372118e+00
1.234472223637287161e-02,5.329138825241590965e-03
1.429245784716230361e+01,5.077331504436141785e+00
1.444752467262409645e+01,4.695200815623165269e+00
2.783976701568526479e+01,1.088332791532081778e+01
7.346265456050774745e+00,6.397748761776152371e+00
4.637357996121911796e+00,2.220215869287809785e+00
1.091072244893237553e+01,4.055744621265061411e+00
4.697593605663471727e+00,3.867112816077650894e+00
2.191443337336292443e-02,2.100896428252953252e-02
1.645398794217029348e+01,1.126587651236717491e+01
1.057553735943975859e+01,3.974702946861681685e+00
2.373594400129996984e+01,2.261429610790555245e+01
5.596395994374563365e+00,4.545887678064674198e+00
1.008199209410703609e-02,9.980276027488830387e-03
1.278887372003218381e+01,4.548072501444208271e+00
1.664187587509769273e+01,1.261826659690039598e+01
1.137546864149976189e+00,4.913866066707958113e-01
2.592901672951934344e+01,1.694667992565059222e+01
2.594462331428941582e+01,2.442361887139092147e+01
2.462265989748504325e+01,1.055114530536308060e+01
1.090945155710229919e+01,1.074101157320570188e+01
1.958377350769296044e+01,1.255794048187263989e+01
5.386853131986002463e-02,3.871608283363390385e-02
2.910574021134248923e+01,2.670349107260445720e+01
2.849428424934364656e+00,2.334391986562548649e+00
2.973143586491860724e+00,1.537270348199954784e+00
1.866532601697039695e+01,1.705181545515872088e+01
1.797690181017526001e+01,8.009443684324198287e+00
1.842194810417262119e+01,7.717147498569086217e+00
6.029251768863200134e+00,4.079330572500521335e+00
3.169955000186955019e+01,1.395554059691567161e+01
1.517573450845214111e+01,1.034855979174963281e+01
1.031521789361469071e-01,5.859595836030426913e-02
1.312885023802498097e+01,1.278504428495329748e+01
2.843864979068570081e-02,1.825100052714795362e-02
2.396713516940171118e+01,1.450449583811516696e+01
9.241470174038147078e+00,8.175713480954604151e+00
2.088177578107773158e+00,1.715408736469059559e+00
7.121220730856002490e+00,1.835549103380331282e+00
1.798842672328897407e+01,1.249980798982818442e+01
2.545286576143675461e+01,1.644692504315104742e+01
3.702461723414168793e-01,2.278650687042641232e-01
1.043400656569427554e+01,8.442865770595535224e+00
2.735308502925409258e+01,1.474959266346376729e+01
1.961530416332772830e+01,7.902069312128663370e+00
2.114569443982789565e+01,1.285316678630709397e+01
3.863680031589718927e-02,2.607337061102637729e-02
6.821964140717436287e+00,5.770396155945455519e+00
2.892472802458900816e+00,6.143162662175776223e-01
1.937790908482149632e+01,1.162445893280487041e+01
2.341087463572452954e-01,1.547442819370995759e-01
2.716015902954238825e+01,1.858907125320875764e+01
2.360073693652992244e+00,9.657323022998746120e-01
2.227422099997929550e+01,9.998199888225780541e+00
3.308341154534237827e+00,2.204692522861570136e+00
1.569555117510540754e+01,5.298964000726400947e+00
7.159382566952076310e+00,6.014706630640337615e+00
1.089595420540098125e+01,8.784861495240013696e+00
7.945380109307567551e+00,3.561937044803588304e+00
8.764330524258257427e+00,6.247008729103246338e+00
2.782173403526742916e+00,1.432844821127570833e+00
1.850570406440616766e+00,1.715214660011818770e+00
6.534768724536431372e-02,4.116713248187652691e-02
1.299522809191499562e+01,1.859827849371293595e+01
1.923670799768251882e+01,9.002838360668933504e+00
1.026437950508079844e+01,8.653222485693753185e+00
1.737826224615708526e+01,9.442060436381110478e+00
1.561376830699210849e+01,9.006198413462270125e+00
7.338752365649712672e+00,7.608645606474523149e+00
9.962382795496177446e-01,6.523864083533977842e-01
7.763250347704249599e+00,2.034485623632473317e+00
1.636955162718666479e+00,1.309651365481377505e+00
1.508313672845365438e+00,1.218736930737529311e+00
1.735845344686259040e+01,1.192251297459862158e+01
1.231482053735533455e+01,9.102218556351775902e+00
1.870355741159708884e+01,7.552607814136663933e+00
1.603105490256549004e+01,2.408790580191768171e+01
2.484606778458574539e+01,1.046838093391447444e+01
2.358536749305324864e+00,1.385311421354064043e+00
1.491236841663396984e+00,6.342742617671371930e-01
1.085195948641453967e+01,2.876943870192428587e+00
6.705998421277903354e-01,5.101586572039679135e-01
1.819436576839582287e+01,1.140121068403218274e+01
1.765804339576502002e+01,8.188438300130785663e+00
7.590928558313088992e+00,6.052783713213795380e+00
1.659095271918108594e+01,1.429130535364473431e+01
1.084203334945755159e+01,9.179480912642512536e+00
9.798419238860280045e-02,6.182549981363966163e-02
1.442378818610703028e+01,4.323929588505879273e+00
8.347304399897048199e+00,2.826498244683094629e+00
1.085292596852084834e+01,6.436300386342291624e+00
1.577691918770724941e-02,6.160313367967163410e-03
3.678475839308318740e+01,1.807748665401912191e+01
3.078455501383878712e+01,1.348752824147576312e+01
1.474045545271259705e+01,6.611872697339371996e+00
1.234979560862440806e+01,9.188486756470423344e+00
2.083806796820164564e+01,1.163190270976429908e+01
1.370398116365892260e+00,7.265303591789763482e-01
2.461075873231099109e+01,1.380356642209057760e+01
2.533156471056086545e+01,1.960949521067713874e+01
3.701733433939880413e+00,1.357520938181459247e+00
2.156980502077072426e-01,1.761536523606726246e-01
1.777124114522514375e+01,1.951001112976693008e+01
2.478339660145324430e+01,1.873688456819238723e+01
1.831175797759717477e-02,6.556584722150602187e-03
1.137618636858524468e+01,9.941089184822345715e+00
3.954412547054694471e+01,2.075143477025146410e+01
2.417785341425540224e+01,1.799336202639719318e+01
1.072234205998956114e+01,1.210387874512048079e+01
1.024298073106080897e+00,8.903140893966990932e-01
2.413664946718744631e+01,1.347007870965500054e+01
1.154117217746029667e+01,4.699513351657915727e+00
1.330542994212662578e+01,3.827121356167355160e+00
2.446999964101707337e-01,1.262323429916880069e-01
1.093945318106410980e+01,4.670307661423247936e+00
2.223210869248627120e+01,1.047574136309938453e+01
2.443015184092903169e+01,1.374649610450251203e+01
2.904259773173725634e+01,1.400463649227905094e+01
2.136846101642968232e-01,1.191648127104105448e-01
1.097236305269678169e+01,8.487147051382262219e+00
2.942814650182278058e+01,1.444844448491724798e+01
1.708136322725997402e+01,1.050931826620361420e+01
4.634546150651936536e+00,3.487451505947360086e+00
2.869114999567790747e+01,1.890345914068459621e+01
2.156693576309347993e+00,5.360088100565491009e-01
1.854181590430276216e+01,7.307169907579227797e+00
3.500110856313731755e-02,2.842087281051364905e-02
1.891587500054708570e+01,1.064111886068148038e+01
3.716516738570004308e-01,1.158606817221295576e-01
9.121519013457522362e+00,4.002375698129383430e+00
1.092950419860432731e+01,4.273676267879319646e+00
2.217106372601302411e+01,1.743086671279210975e+01
8.499062066269592819e+00,7.167539962886794846e+00
2.850838958573021387e+01,2.310366044050924472e+01
2.077495846706707994e+01,1.028905776057606580e+01
6.902181837892215732e+00,4.128983507196033464e+00
6.744437260885161045e-02,4.196980230879531620e-02
1.784378660582829923e+01,8.874169776212612604e+00
2.097827595793701505e+01,7.241148132318402375e+00
9.774110269098166270e+00,8.014535555662053667e+00
8.129083287734731322e-02,1.764168879115350294e-02
2.264717136495790939e+01,1.911007752633898349e+01
2.448713722812730609e+01,1.583487797739770997e+01
8.240537834123855987e+00,3.768893633893105388e+00
2.650672100141369469e+01,1.906470793914473916e+01
2.083751526149225874e+00,1.804617816975382150e+00
9.010839086944806911e-03,4.460034309602243889e-03
1.012080769969899841e+01,7.777612744724406113e+00
1.294009735198741851e+01,8.374702462344039589e+00
1.239573319083075020e+01,4.530264831744710285e+00
2.450582260071556107e+01,1.892612258262577285e+01
1.276375074610988847e+01,1.308687633130202244e+01
1.573887412948416775e-01,8.710894192819984561e-02
1.770515338569854791e+01,7.317743403445215122e+00
1.437799910958556460e+01,5.742486995772224212e+00
1.470030047748856106e+01,1.219295491504807671e+01
9.450651398173452122e+00,7.046247611813112321e+00
2.818057525815369502e+00,1.992186404751078443e+00
8.334734107228951305e-02,2.133793070462048150e-02
1.316420523741183679e+01,1.295612078718908577e+01
1.411678308765199397e+01,2.230361105640580632e+01
1.828903046649595154e+01,8.339665328656103327e+00
1.122756642370844560e+01,3.599283779331122979e+00
6.242672877244125340e-01,1.745520195821196330e-01
4.465511617235636166e+00,2.250500460955199955e+00
1.008609415110130580e+00,5.526309327820981832e-01
2.564324455784261403e+01,1.397073429582534843e+01
8.486958716537528202e-01,5.831809556532916439e-01
1.548222209676377137e+00,7.922200995965028580e-01
1.810918834559746893e+00,6.958104683555116354e-01
1.073164235902649838e-01,6.277114952716122964e-02
1.157568131828314861e+01,3.652072087276146739e+00
6.274918550778914306e-02,3.958675162636191708e-02
2.748685064391638377e+01,1.607699034949942885e+01
2.488024712886787171e+01,2.150321646308620416e+01
1.920136640920444648e+01,8.027124042337193899e+00
2.000838003339260388e-02,1.247895658004032592e-02
7.858913319327593960e+00,6.184838178344093329e+00
7.619128986009047644e+00,3.312940659661482101e+00
6.885421078354378110e+00,3.318549908437899099e+00
4.431730375919452847e+00,4.255267495241761289e+00
1.380984086260875898e+01,8.824841163846519621e+00
2.696220796259498087e+01,1.298300587801986872e+01
1.942649181715407636e+01,1.824994818128776686e+01
4.582747127450411462e+00,4.120973110421952690e+00
1.942521438668033440e+01,1.208847219367078374e+01
1.695813889305216815e+00,1.405240158389324145e+00
5.615548778802788910e+00,4.374882624523344532e+00
1.990071032830707765e+01,7.728099239545604959e+00
9.275334066953515588e+00,7.314378891463397814e+00
1.679659742367719488e+01,7.299759450880023870e+00
6.853434951524493890e+00,5.682310774601553760e+00
1.625407523116287578e+01,1.025865070458077533e+01
8.988914859511279332e+00,6.626429664312917467e+00
6.266637164163724183e-02,3.837650976440419581e-02
9.467403628769957891e+00,8.192865412877893050e+00
4.805903632751391541e+00,4.692845814774939228e+00
2.776083372650989478e+00,1.426420682107101712e+00
7.500550694013606058e-03,3.601332800642788236e-03
2.256988900031472411e+01,1.427105022108752586e+01
3.239045411944704300e-01,1.560826085783580397e-01
2.237722598824990072e+01,1.357822389080115499e+01
4.701534357186552826e-02,2.991551233638262142e-02
2.910195180238639523e+01,2.426423346689036009e+01
6.095408884062059940e+00,2.783935581457816610e+00
1.089253705058163213e+01,7.026982133504949601e+00
1.532502976657546256e-01,1.007399866178596698e-01
2.586124209680568242e+01,2.350537543378293748e+01
5.987214881407644462e+00,4.315104314219937010e+00
1.819809778431621794e+01,1.710564694769675143e+01
2.303287418744059067e+01,1.249057527003448520e+01
4.331765189248907966e+00,2.886074716397603712e+00
5.410544694625910367e+00,5.331712040362135419e+00
9.553809258105167013e-02,6.042431315188868945e-02
1.250006536422649539e+01,7.980329679184674063e+00
1.524624652546382642e+01,4.904463862794735896e+00
1.092198486330914164e+01,9.668476099566664317e+00
2.359703363851263802e+01,1.271268657987700479e+01
2.144035962466634615e+01,1.832700691805501947e+01
3.757545403983769461e+00,1.485082903961443268e+00
8.922174251954890778e+00,6.267446497067825639e+00
2.458199545040794121e+01,2.416227568215365196e+01
2.214782326931880263e+01,1.593405506383038528e+01
1.537852305842053546e+01,5.642684231487084645e+00
1.790130839037997190e-01,9.442233357021329043e-02
3.226359500482175457e-01,1.168033926425670055e-01
1.523521426801085177e+01,7.244016195402965153e+00
9.957892743481997044e+00,1.075836564835907438e+01
6.032493494790634792e+00,6.131563576203561183e+00
2.856389637634462630e+00,9.707700942069361627e-01
3.662923759080859298e+01,1.762402469247068026e+01
6.289822508763152520e+00,5.710227845378272882e+00
5.128860082906205875e+00,3.277040783654084688e+00
1.188458440416942352e+01,1.036305268649552325e+01
3.366443370029601034e+00,1.737244334078790642e+00
2.594525259781771398e-01,1.371221205022518097e-01
1.828653479707164564e+01,6.128987368913602296e+00
1.946087204195217168e+01,7.864171881319133028e+00
1.090005522019215078e+01,9.023962795119647495e+00
1.617602707089808300e-01,8.220855918028693865e-02
2.768922614341814636e+01,1.315108838278109893e+01
2.302889966595564530e+01,8.557318149420044762e+00
8.471957599343536316e+00,4.590273875006539051e+00
2.490476950776719101e-01,8.001567858401759104e-02
3.299363310948746353e-01,2.194389258293476530e-01
4.296275980758178292e+00,3.823594528482236132e+00
2.387460452776572950e+01,1.833792207984997447e+01
1.165350378596452252e+01,5.509976147953441483e+00
5.294040159782777838e-02,3.872674679954141164e-02
2.269908764878582730e+01,1.131871397011662772e+01
5.772081908745549939e+00,3.095867111538407546e+00
1.252319190383285274e+01,5.675026170331471498e+00
1.875664757819437867e+01,1.086151701442811834e+01
1.337467726806630708e+01,6.769840605071745010e+00
9.265813453753510287e-02,5.380794279757698806e-02
2.893227263837626850e+01,2.390115206712734164e+01
2.279431696254567541e+00,9.694478598672473524e-01
2.301805479592723458e+01,9.116546985358256805e+00
3.350476875631466095e-02,1.154452421868899098e-02
7.617232892848917913e+00,1.713526299524414265e+00
5.175047556288503436e+00,3.806261987067490526e+00
2.720889962177246990e-01,1.325794582082506778e-01
2.300159920699964999e+01,1.619292206607073226e+01
9.049185865496868139e-03,3.994947419075872523e-03
6.182968469100913467e+00,5.148050871042491039e+00
2.634278613874646169e+01,2.543967808189440660e+01
2.203346814444514834e+01,8.105082402976306000e+00
2.709031967184458156e-01,9.551574481211040635e-02
2.854143565543572336e+01,1.352578955726313481e+01
1.715194350988273442e+01,9.921462244356927584e+00
1.853229684502235131e+01,2.565418538952057759e+01
2.586084601265931787e-02,2.380640395011065710e-02
2.960574006792456636e+00,1.895846585430561948e+00
2.316604967725034570e+01,8.572677904818885253e+00
7.218493321011090202e-01,3.702456832355640604e-01
2.077010339397675054e+01,1.553723114074980138e+01
3.119605580354622543e+00,2.523210540450012029e+00
2.949668771973218995e+01,1.398078370732829256e+01
1.784631385360727052e+01,8.895073304805277914e+00
5.556939452349374253e-02,2.616997774206084038e-02
2.392212587403814794e+01,1.617159433797992918e+01
3.333991127535814947e+00,2.770806029713210883e+00
1.418331272376502916e+01,5.001876521465060677e+00
1.676730477714271217e+01,6.419367125731874069e+00
1.012120575838530812e+01,1.129286499654323705e+01
1.441928636083570403e+01,4.593420258313170024e+00
4.872027329354167158e+00,4.564617743447129783e+00
2.371731717407676143e+01,9.485201513947915331e+00
5.753846774282902921e+00,4.929329156626445219e+00
6.028181882835359495e+00,5.971520744414203108e+00
1.547439704373149105e+01,6.696174615961542287e+00
2.387275186347050493e+00,1.602158306526749065e+00
1.839639630072669974e+01,1.049629303397158786e+01
1.672122288074850616e+01,1.422728120245279015e+01
8.138770059066516849e-01,3.481156093172164678e-01
2.958531752142769022e+01,1.397140340149701032e+01
9.738767841016604532e-01,5.760828102551993624e-01
2.141233237261208622e+00,5.900708721763369136e-01
3.402021869880516580e-01,2.123255414521646733e-01
2.999182004079836705e+00,1.415628668290980219e+00
3.231125731225011677e+00,2.714198241908908571e+00
1.761025008248967794e+01,1.106979396634051227e+01
8.404837285734826358e-01,6.738943714451778311e-01
1.680746246328101279e+01,1.527771689854262860e+01
2.513321476180073688e+01,2.055031265819344810e+01
2.899416187563304348e+01,1.391085345379038607e+01
1.161649012460922492e+01,1.126533899614347867e+01
2.046803568264749185e+00,1.372124044534311471e+00
1.256942496578108692e-01,1.036844332907899402e-01
7.380129818940829589e-02,3.347270745666396097e-02
6.807827854068722040e+00,3.639731122075931413e+00
1.605657023091793256e+00,1.297257295676443878e+00
2.191283719534790109e+01,1.732264486020801186e+01
1.574039659369911748e+00,1.231953667355015991e+00
1.983754472161557869e+00,1.833098075773395674e+00
3.774267815032809892e-02,2.514976864527610975e-02
1.886940170441704723e+01,9.326922750931544215e+00
4.732134427781286234e+00,2.395242486100338741e+00
1.113568202348677316e-01,5.792329567697857701e-02
6.913792203487854060e+00,4.245383671822015259e+00
2.538534883125961628e+01,1.746514353720656487e+01
1.777578687037420124e+01,2.482511622351974268e+01
2.364357182149787207e+01,1.975702874680248300e+01
3.830603343791542659e-01,1.953272448411765561e-01
5.101765643005792272e-01,2.804774997452101903e-01
7.012885755527069165e+00,2.726585127830824185e+00
1.898564737281099113e+01,1.135304803060805057e+01
6.447057538036971014e-01,3.431774564295916874e-01
4.958797517365761548e-02,3.346895362974089405e-02
1.569108413653394485e-01,5.240134500808345253e-02
1.328731330308288960e+01,5.406863680381372994e+00
2.720188175105894146e+01,2.378543985041067899e+01
2.327682487769554953e+01,1.085922372203074637e+01
3.082202843350334476e+01,2.772545833105568036e+01
1.776496170490311854e+01,6.694473247623313306e+00
1.367040750892368628e+01,6.386445058369168315e+00
1.486424135133103697e+01,7.531820151932327789e+00
8.197797824832219860e+00,8.038935288998494855e+00
1.021672505303917178e-01,6.757320490574156291e-02
1.216165716036170252e+01,4.701547148608883120e+00
2.243469294874518383e+01,1.006711793355913365e+01
1.948993345448888448e+01,1.478207753569006400e+01
1.938820106358506123e+01,8.740935967062837264e+00
1.173312638974860178e+01,5.138472760342214229e+00
2.420515148677191775e+01,2.378019732651709717e+01
2.754201524060942430e-01,1.506438274661934806e-01
3.511035142581226509e+00,2.683737941288958151e+00
2.072528921376285638e+01,1.012366635245565760e+01
3.523414542666791771e-02,2.365597811603981429e-02
1.022603507492661734e+01,5.746052497370097711e+00
1.226644749606944451e+01,1.099546153147440641e+01
5.904804470045298181e+00,5.985952712787516283e+00
1.483541699107568590e+01,4.772026811903618437e+00
2.948369989238862621e-01,9.714637293907976701e-02
3.710294753476209850e-01,1.923517600704034991e-01
1.180091638489721539e+01,1.108476712730804259e+01
4.268425394675647022e-02,2.573570416348954643e-02
2.716185047659597629e+01,2.341267418842544146e+01
3.602347267781924600e-02,3.034316429306510923e-02
4.570489421954326836e+00,1.061579499461009490e+00
6.388276084600308380e+00,3.188384283622371029e+00
4.131147083586462543e+00,1.508860473211074860e+00
1.685553065022700991e+01,6.683486471690995856e+00
6.969508838090066050e+00,6.130935511547409789e+00
3.865268386792699573e+01,2.024750180926312382e+01
9.827072895040575573e-02,2.269621589091801173e-02
2.710195434260331027e+01,1.263923339270848700e+01
9.635497796174157248e-01,8.144647654514267643e-01
2.017933961873665538e+01,1.840893113316345975e+01
3.301033740357803392e+00,2.766641289355149524e+00
6.614490529570451471e+00,4.355625304448009771e+00
2.556416602090026302e+01,2.207089591135184747e+01
2.509976868475565226e+01,1.641866112292115432e+01
2.052482696277091279e+01,1.413510931898002632e+01
4.774797247258962152e+00,3.058070787949624059e+00
2.750177662866450934e+00,2.161118695189895522e+00
7.254146830455214356e+00,4.502162725637800733e+00
2.458940945720075599e-01,1.654311723464975681e-01
1.434049588318923707e+00,6.933052079282802094e-01
5.710415369711064670e+00,3.461729772556410012e+00
1.283914622213757184e+01,5.286126067701609976e+00
2.456941788319793929e+01,9.035513617972339873e+00
8.945741260805935013e+00,3.249116587930807487e+00
5.505908970941522540e+00,4.369010556557509695e+00
2.142736063488825593e+01,1.051065750149534139e+01
9.871084837794796840e+00,5.800465794252625429e+00
7.999791919032272602e+00,5.794786125432404233e+00
1.985817104839139091e+01,9.223154239631629281e+00
4.523219297175344877e+00,4.471283260976856688e+00
3.035040004588585028e-01,1.990526481755383326e-01
1.979337093637549927e+01,8.209030686292589252e+00
2.407901214812771329e+01,1.411270284921497264e+01
7.316362234131688957e+00,4.203962113116210375e+00
2.164802663338469202e+01,1.740886307099726693e+01
2.684298078739931626e+01,2.223331018782331370e+01
2.906429915288328766e-02,9.946289504158392636e-03
2.112869385890101626e+01,7.525688292791215872e+00
2.340474752904486522e+01,1.913057474353984233e+01
2.658383468516224468e+01,1.236316702134711143e+01
6.154337957059722974e+00,5.192695253337591410e+00
1.769524971208199204e+01,6.677477670588757519e+00
6.844772360065648265e+00,4.073656327012892930e+00
8.859597222937307115e-02,5.417165427890241469e-02
1.864615432843132226e+01,1.523980873823582627e+01
9.045224796560410452e-01,4.695385762236314875e-01
4.663165669579997008e+00,2.168294930847368018e+00
2.663322343028735537e-02,9.150525236745879476e-03
5.609250520951778896e+00,5.318593389314008490e+00
2.067101519877711269e+01,1.133079995736303580e+01
1.358108649218750763e+01,1.001813489362577414e+01
2.543750370577205544e+01,1.367319025811422328e+01
9.154715020045866680e+00,3.417362453526874511e+00
1.190924108032426654e+00,7.829859162717049959e-01
7.410784264233267749e+00,3.822946633230876134e+00
2.416572691393887595e+01,1.338319034217364845e+01
1.284332937992488688e+01,7.313772611615725339e+00
1.527887876867916006e+01,1.062218090932152847e+01
2.188561376243734480e-01,1.810646475017212986e-01
3.115811155477173244e+01,2.159251970527700948e+01
9.036277397983773219e-02,5.190185663708311858e-02
1.547755318622606957e+01,1.327530072753492441e+01
8.966812617514184625e-02,3.513918049768591234e-02
1.462050688729273773e+01,9.441033533573127912e+00
2.210006758944428884e-01,1.291188347302077155e-01
2.476398224344611165e+01,1.762777508752095557e+01
1.626203734323890870e+01,6.165038851907030271e+00
2.613888100437530682e+01,1.762855440839293664e+01
1.094470147680333127e+01,5.848858135550369042e+00
1.054984756462625101e-01,4.026860669465778808e-02
1.303850102877170680e-01,7.105359537805881753e-02
1.308680887211044563e+01,1.227052971991622776e+01
4.739639816915270032e+00,4.371032688999900273e+00
2.419435359345649772e+01,1.272418508812061866e+01
7.972044500592286198e+00,6.264878169922869056e+00
1.142897815402872164e+00,5.317998148260451030e-01
3.028480229579209926e+00,2.378623123458165622e+00
7.672532756909881124e-01,6.120697132114411021e-01
8.799083407298065040e+00,3.248340406423853022e+00
2.532421465989962428e+01,2.056587970366657458e+01
1.771290689865509249e-01,1.383572032530328288e-01
9.709078937357610295e-01,5.780656371434729213e-01
4.054999556514180092e+00,3.379219223805599803e+00
2.791006533588980432e+01,2.353365072960949078e+01
2.550235906359668459e+00,2.233871091975034417e+00
5.253158065823439540e-03,3.091720356289894781e-03
6.941632757897707506e+00,3.311189953671378472e+00
2.111840952125592352e+01,1.689264866609633842e+01
8.451700923317588821e-01,4.438466161547049427e-01
1.510817042875514815e+01,5.119378221130703288e+00
7.457415569827269053e+00,3.859689495229408518e+00
3.589706609429402229e-02,2.418771340981782508e-02
1.237144949434838770e+00,8.126728276193188050e-01
2.348142232034811983e+01,1.221410835040584253e+01
1.562610257840438877e+01,5.549975004726824146e+00
2.926243597318538114e+00,2.104856859886976128e+00
2.540061847975684728e+01,1.411032202465860230e+01
3.900794553168013046e+00,3.129507596501021727e+00
1.392430527529654016e+00,8.643129492693724103e-01
6.786606551958773714e-02,3.951758227654180583e-02
4.597269044273951444e+00,3.943151207808455627e+00
2.860796319430462376e+01,1.126630952280801701e+01
4.090024687393228192e-02,2.959178068925176139e-02
2.570960803673340678e+01,2.024332721265781032e+01
4.178453254559609142e+00,3.637010096863618092e+00
3.023730367771815697e+00,2.683582533290566730e+00
2.996391138174290347e+01,1.394565467764636324e+01
1.580759495949030047e+01,7.257873253887728637e+00
5.094676621265099847e-02,3.413832275767550439e-02
2.437075827080899515e+01,2.051816078161026624e+01
3.608208396822420561e+00,1.496526125083833536e+00
1.988607055575621629e+01,1.461492545335114634e+01
4.572615681316638536e-02,2.956956851421908145e-02
2.267210182966240239e+01,1.858902904491058194e+01
6.941000904185244735e+00,6.975875613644697104e+00
1.091961449457958722e+01,1.238090454413209329e+01
1.833451553163099490e+01,1.247238536871039294e+01
2.703424200337567385e+01,2.520140194360539354e+01
1.152927048047933312e+01,7.214750751414433338e+00
1.165433443118825407e-01,3.869854582884872662e-02
1.218317572600449239e+01,5.453610927379868301e+00
1.839911441736335007e+01,1.728968505579468129e+01
6.487093244009507487e+00,2.362909844565452389e+00
2.352237972996187665e+01,1.852179474894802169e+01
1.721003936774271992e+01,5.207057071821905581e+00
7.563258634367284183e-02,4.059742838289316647e-02
1.883815715204296382e+01,1.473628648862453439e+01
8.738427183024002787e+00,3.132774501186511795e+00
5.522739597598128825e+00,1.321125411891106216e+00
5.931812563906969871e+00,5.045270371406983756e+00
1.502268797466110417e+00,8.701752037839355358e-01
1.452926858708658120e+00,8.013542027508874233e-01
1.805039917034608976e+01,1.103413291766878501e+01
2.349508908845060517e+01,2.300864925059953947e+01
2.511297950022076364e+01,1.995225448385551204e+01
5.056518456807500783e+00,4.001926267701560569e+00
2.000739673813678010e+00,1.154193371291943881e+00
2.666916334384956855e+01,2.194885044472102820e+01
8.292408852505502637e+00,7.974459696436072775e+00
7.058206469337499622e-02,3.835943162469455242e-02
1.043011834352924883e+00,6.127058278232854205e-01
8.819634044633634096e-01,5.472222590189119718e-01
4.077121441063729534e+00,3.483336895664673527e+00
2.346321228628252342e+01,1.025110782704866175e+01
1.183809971399499616e+01,4.772340486167446549e+00
1.427990037868216966e+01,6.288885067984153032e+00
3.072822271645664571e+01,2.055966695589529536e+01
1.295457369204173936e+01,8.748850036829262322e+00
6.773266273785166547e+00,6.490945216875513957e+00
1.474946014862011090e+01,5.499119986968594276e+00
1.675151777064981573e+01,7.675947676658558372e+00
1.411338212357377486e+01,3.803196468245976458e+00
5.050376895663555743e+00,5.049112152753257199e+00
1.671082843592981249e+01,1.189583144225608002e+01
1.213911906293535026e+01,8.920993496348822660e+00
5.107216876044852860e+00,2.161539398536192369e+00
1.393450494709854715e+00,7.774171200912785018e-01
2.877701655564164440e+01,1.987780132598771488e+01
2.511234965460593216e+01,1.441509523826758254e+01
2.616282027691981815e-01,1.363159897423305567e-01
7.731379276000414080e-01,4.531874188994021169e-01
4.908262935318925990e+00,2.453304929328556483e+00
2.217234479383662205e+01,8.696885449858577033e+00
2.540685758147955298e+01,2.079077077393335315e+01
2.480763132773553892e+01,2.358513727347408917e+01
1.317505776605280410e+01,5.187037173782776733e+00
1.090931595427440115e+00,5.881469051860054309e-01
2.171334186355994333e+01,7.818701293232230398e+00
3.509542534222567678e+00,1.595792106463826743e+00
1.645412558588881780e+01,1.018498566815056527e+01
1.437562316955373554e+01,1.213550859982055385e+01
4.830723674690181463e-02,4.066471628007446715e-02
2.179546374830931299e+01,1.409408801465613870e+01
2.629582839061222188e+01,2.618679976149059385e+01
1.379870737288313975e+01,1.343632690691223885e+01
1.443965624279650140e+00,1.233781406937285219e+00
6.649354746302331698e-01,3.411749839472449919e-01
2.616148319424403823e+01,2.229195370747489946e+01
7.025010569399687377e+00,2.226258341857048073e+00
2.160781102818338795e+01,1.435071647937491335e+01
1.123516805414442032e+01,1.065971908409521340e+01
3.656305786478613040e+00,2.876276088513011420e+00
7.859044645217331926e+00,7.984759201203692314e+00
3.477855797101943036e+00,1.557918068410115708e+00
2.199045428543152525e+01,1.798199415584106475e+01
4.508818834419149546e+00,2.170443766581386935e+00
1.907408063404647791e+01,1.163952659001715517e+01
2.604685497282095863e+00,6.790622053067736363e-01
2.645999962257962324e+01,1.818646797355415856e+01
3.888574811898760686e+01,2.052857061939398164e+01
1.856448738743594895e-02,1.546741381011192303e-02
3.037629617691888217e+00,8.421378181226023552e-01
2.425512153313859887e-01,1.278177377649689639e-01
4.242557496116978299e+00,1.529140602548004768e+00
1.317879939816113399e+01,6.386115246836620685e+00
1.555494692268334234e+01,2.002882374086762240e+01
1.719914110908087740e-02,1.632260899762473169e-02
1.041621795223448999e+01,2.719212767549929133e+00
1.938632102677501834e+01,1.017650451373776477e+01
2.335045430181477682e-03,9.259874147056857763e-04
8.258808077398979819e+00,5.429496848767242589e+00
1.195897780100290575e+00,4.564952269471747592e-01
4.963791485260050929e-02,3.793944496387669646e-02
8.133672658870834127e+00,8.268979757770138050e+00
2.744108542681646057e+01,2.556208873280091964e+01
3.204942848521725551e+01,1.588852052489279565e+01
6.879798412409388497e+00,6.082728205862234283e+00
2.318476763537177732e+01,9.084550644211216053e+00
2.588544496584765753e+01,2.035331015055516701e+01
6.333499208338113640e-01,2.022877906064478037e-01
8.992067659126480095e+00,9.324005592484448712e+00
1.350414925805734967e+01,5.665871994379566345e+00
2.359453668337402377e+01,1.235636387518909096e+01
5.038004908266875859e+00,4.222038712928948279e+00
6.197666832642842571e+00,3.070132750793081122e+00
4.620815292567495014e+00,4.046188716072864011e+00
6.711309666559064802e+00,2.361183886118801922e+00
2.397583016228118424e+01,8.644505357863781825e+00
9.080517552066394771e+00,3.991733200088146916e+00
1.864840657912634470e+01,7.172416374968328512e+00
1.067722730949560095e+01,5.315870045436275504e+00
1.856705040170813703e+01,7.705358235657771004e+00
2.564902110143587066e+01,2.567313168978660443e+01
1.669424144316929670e+01,9.046229659799953637e+00
3.587685311087288054e-01,1.021304763706106372e-01
4.653347454111793624e+00,3.691405477430726556e+00
2.572301732584564959e+01,2.150377430804998014e+01
6.215345276072647973e-02,3.606197157630058187e-02
2.492407479960509775e+01,9.780697954952275452e+00
9.507705641746479586e+00,7.466520810646811057e+00
8.193676683049716303e+00,8.368144240095865882e+00
1.168110539537941861e+01,1.224198102507826036e+01
5.110055692092029034e+00,3.808154609199361662e+00
1.381223046898736595e-01,7.636795438400251212e-02
3.229317869224649140e+00,1.276434829983604136e+00
1.862511809607891067e+01,1.742591359338633339e+01
1.143875742818524976e+01,9.478474347456300464e+00
1.376160083986571792e+01,1.036823380046446808e+01
1.228388746223527228e+01,6.856819261942876054e+00
6.417495617967074573e+00,4.024691679270443245e+00
2.231383563818562621e+01,9.873155488431802240e+00
2.732345838272193905e+00,2.239490568426651951e+00
2.163414260313410153e+01,1.468528269282655963e+01
1.379670230252596497e+01,1.230716544245012400e+01
1.191965071931920228e+01,5.864002296991735363e+00
1.270195334289286014e-02,7.752591672535816616e-03
2.663259867117143287e+01,1.224796889683962675e+01
4.754364552151706391e+00,4.132513223732297014e+00
3.868398016072004619e+00,3.083852968220478274e+00
4.197915830529242998e-01,2.189683492686391730e-01
4.883903310291930894e-02,3.176261012191156780e-02
9.747263442901479280e+00,8.457391170943733272e+00
1.822932525338842780e+01,8.064899358231212290e+00
1.782003234332843178e+01,1.314822758076295628e+01
6.786040192961899364e-02,4.028196863360040264e-02
2.016258901110645496e+01,1.491627876232846717e+01
1.703998830454006708e+01,1.314703719621306632e+01
2.136291460932622144e+01,8.963004866246363278e+00
1.794669773476478269e+01,1.998799302029006952e+01
2.621470600136408535e+01,2.285058659351490107e+01
1.732193740857523778e+01,2.161645983108854452e+01
1.843817769820813024e-01,9.073223108379790958e-02
2.491634054979349600e+01,1.177988743084275214e+01
4.547960741370690840e+00,1.652275760537000426e+00
5.668909239496454866e+00,3.907733198194773827e+00
3.753383025336532786e+00,3.060582161873093288e+00
1.661258084911940003e+01,2.031646907779121491e+01
1.322998562892466978e+01,1.144598796088382109e+01
1.457103035955997328e+00,5.368829063743848495e-01
6.341834404573107875e+00,5.940350050979498420e+00
4.330457154475357562e-02,2.673385862373432731e-02
2.121238229442635159e+01,1.417235099479807126e+01
1.605962679601062604e+01,5.159924444498132701e+00
2.828514002917297532e+01,2.226747354217373953e+01
2.003887302191624187e+01,1.650283638308247447e+01
1.896179964618546876e+01,1.633544270960543443e+01
9.174616694571170683e+00,8.304675475533091600e+00
4.079768063664105604e+00,3.480190294204738688e+00
2.853077657316219984e+01,2.186008183546945105e+01
2.089747808696930775e+01,1.869170073709873492e+01
2.646618935949873394e-02,2.100812268183580370e-02
1.222136085260891569e+00,7.439806928939418640e-01
8.843265603885079429e+00,7.788954852706980958e+00
3.087794454600160332e+00,2.614751722805765954e+00
1.773314214635463681e+00,8.435091324440319172e-01
7.825952232754060378e-02,4.686543027613798706e-02
1.343444828600607721e+01,1.071716360866690820e+01
1.731777208375128296e+01,1.154571852930784281e+01
4.159483592940151198e+01,2.462837340653009477e+01
7.901670174927281742e+00,8.036026040769698398e+00
1.286401867453082204e+01,5.510318077714151386e+00
1.049297318712811983e-01,2.604452161107385574e-02
2.481118162191529919e+01,2.129559011455692996e+01
8.293260802003294074e+00,5.342535561416779544e+00
3.710262035455248242e+00,3.355696621947098279e+00
1.370950865980252686e+01,6.917319445703751235e+00
2.590639401092067828e+01,2.321144906131966934e+01
7.869959437100916277e-01,5.004944662076517004e-01
5.494863731527933615e-01,2.769656074793304668e-01
2.642276941714101768e-01,1.103275891182775303e-01
1.135340480924016937e+01,7.128217646228325322e+00
1.349912787226273814e+01,9.445181784531357039e+00
6.070893584268666210e+00,4.851074014342227514e+00
2.370769375840334803e+01,2.284990841316284360e+01
2.383327284110238864e+01,2.319874650680889872e+01
2.227324668538069830e+01,1.452018786355061586e+01
2.932188635742819471e+01,1.396623631147224032e+01
6.273188760016548571e+00,4.407042324372953956e+00
2.474432702032771214e+00,1.717754940224526239e+00
2.769966258855706798e+00,2.186658244685413699e+00
3.151321160928588938e+00,2.721839203316308353e+00
2.234322957542228139e+01,1.157730842861329634e+01
2.246750532043379778e+01,1.586296590671585349e+01
1.059907684776697057e+00,8.466739317944035337e-01
2.412325364974294395e+00,2.002424548073491462e+00
7.850876855134930610e-01,5.048121213366947302e-01
7.275754954529677576e+00,4.109110991038253502e+00
2.315461808876038319e+01,1.599950752886543626e+01
2.671697418282392178e+01,2.128061508108156019e+01
1.703077861053671205e+00,1.039234832767311767e+00
5.404258411227879755e+00,4.400845277654543253e+00
2.827669058617161113e+01,2.159228723394095084e+01
1.269127798803222440e+01,4.987228533211342629e+00
2.471595671384951398e+00,1.991209258767451695e+00
2.799146170373325582e+00,2.272971496325809859e+00
3.632689556506834005e+00,2.853220002269388100e+00
1.606901254738338380e+01,5.816337585798026844e+00
2.873118897694471841e+01,2.664136820559473051e+01
1.455572133224523057e+00,1.196143102951234161e+00
4.932867130184357407e+00,1.665282451175903455e+00
1.718312897893563118e+01,9.862496511348338046e+00
2.779542479216225104e+00,1.217374646446358399e+00
2.686010658672175921e+01,2.385677581058000385e+01
1.440098125460106404e-01,7.567820436813078866e-02
9.378851673790801868e+00,4.083751880197442397e+00
2.357709097941802057e+01,9.936925035116889404e+00
9.456623850681900034e-01,6.644686325911132174e-01
2.494877824129154931e+01,1.427613101828603881e+01
6.599024703929535773e-01,3.487766723540769442e-01
2.747767215201502822e+01,1.200688888337232818e+01
2.286627419025954921e+01,1.757306977228769185e+01
3.107076012857456604e+01,2.044439149728281180e+01
9.901716477733932820e+00,4.956907936748076615e+00
1.166267115052611736e+01,7.748083832459011333e+00
1.210705514782113745e+01,1.021995856891766863e+01
1.571680668976196404e-01,8.658113021615951310e-02
7.972876299964218316e-02,4.761276107228807480e-02
5.322513961756066614e+00,3.552476238064378844e+00
1.483637959679683149e+01,1.051915708139338257e+01
3.552823711327661449e-02,2.500669785566242420e-02
1.836162182423235256e+00,1.448167712252679262e+00
1.661006356001048800e+01,4.782147386008710477e+00
2.258688630643121767e-02,1.401969750496438218e-02
2.957845303491846156e+00,2.636199979199954857e+00
1.104512986367743310e-01,2.917769423437092946e-02
5.381320063347447974e-02,3.283811015240217096e-02
8.907081151056834400e+00,2.114402294771270618e+00
2.614747277105959000e+01,2.243394348211513289e+01
1.223063171012150541e+01,7.874310219237154129e+00
2.213818701663929467e+00,8.591038575006527678e-01
8.662644438242114830e+00,8.229553902444051161e+00
5.334082580514203364e+00,2.531188212504744683e+00
2.488585794957741903e+00,1.695244730878843864e+00
1.103873689324226914e+00,9.000839330547574235e-01
1.239958567469965089e+01,6.797684617404857299e+00
2.602190948310882135e+01,2.065572221134486597e+01
8.643444051907868408e-02,4.850133361205059834e-02
7.171378897554155252e+00,4.003532242495198012e+00
8.562742455968652688e-01,2.918573306721175542e-01
7.445994190649566136e+00,4.684748084318925976e+00
2.142115535608063226e+01,1.004449956945929578e+01
6.336559386497490287e+00,4.557840240864713621e+00
6.149303005796956434e+00,1.939094300726929676e+00
1.454238976192838884e+01,9.338318892538250537e+00
1.583649440812081144e+00,3.870323433791504897e-01
1.440077751596082933e+01,1.333744429109578533e+01
1.478556319226983717e+00,1.262777688374024487e+00
8.127091852912140979e+00,6.342653797864134191e+00
6.824945956953705206e+00,7.038979277910177856e+00
1.841567895144618561e+01,9.256677703331414264e+00
2.200784633305254534e+00,2.065013624200447317e+00
1.734427258825191331e-02,9.547721505603963543e-03
2.183890780469835491e+01,1.475456317416200314e+01
1.952577924966923462e+01,1.429563742888021416e+01
1.334073906963097400e+01,5.841273645700063355e+00
8.968440822193480599e+00,7.552446854878149374e+00
1.679494244103357659e+01,1.052145901912663106e+01
7.911321531469419632e+00,6.001314506438655272e+00
1.761108148257168438e+01,8.458534784602584011e+00
7.538295260342573911e+00,5.923739284582880238e+00
1.343562663610751429e+01,1.116664353289914402e+01
1.084504728740311341e+00,4.852979636670737285e-01
1.360052741103010732e+01,1.240811188120627051e+01
2.390667103138785166e+01,1.683308797187622829e+01
1.766189144308002312e+01,7.592161011287769767e+00
8.055669582102464865e-02,4.092501800518923843e-02
4.827634720246575917e+00,1.894208807747682188e+00
2.268639295336082284e+01,8.471614175745900255e+00
1.508215125717092775e+01,9.030271239441853837e+00
2.787697739623840221e+01,2.072843066080270091e+01
2.073282092161904444e+01,2.090863297761197614e+01
1.798634555639852906e+01,6.881892091111555310e+00
3.519320956248628979e-02,2.424864838774882028e-02
4.576180838059548783e+00,3.911355626898195492e+00
6.364078015802757449e+00,3.933866082466412450e+00
2.112897379329989178e+01,1.612193380304152868e+01
1.867228509615502219e+01,7.650914603340059905e+00
5.309734077612684899e+00,4.265036724505306687e+00
7.068922953196716819e+00,5.878372289414814489e+00
1.774980915075751398e+01,1.346393639628925776e+01
2.321267443271267439e+01,1.627206844564931743e+01
2.355111343891664877e+00,1.183982493985695772e+00
1.476929534480440687e+01,9.103427548740830488e+00
4.995668534652848436e+00,4.192853104090762173e+00
2.930524700072259847e+01,2.521332684068216423e+01
2.729607432403822642e+01,2.205491595401553440e+01
3.098651748676973128e+00,2.110840217858257262e+00
2.782722156455722029e+01,2.507797945859873678e+01
2.833841630480021223e+01,1.976688180917721738e+01
2.096676577966864130e+01,1.019756331156499662e+01
2.782198191849093050e+01,1.804925852641187944e+01
2.019691822141652437e+00,7.284181270381520079e-01
4.142448746415040794e+00,3.514562955211047335e+00
2.438440665047712130e+01,1.018558305467216130e+01
2.615513020793509824e+01,2.218281628696591312e+01
1.632266837678839400e+00,1.161114000567517568e+00
2.540652561736382609e+01,1.732299913399346636e+01
9.308505613304147275e+00,3.371693739749443530e+00
2.383231973183173125e+01,1.343774174302509472e+01
1.450833371478240430e+01,6.465195903067630034e+00
3.547115717842699212e+01,1.976046937981039164e+01
1.700721295008010614e+01,7.482200935476214454e+00
8.992798115771162060e+00,8.950189278132432591e+00
2.918821037036355981e-01,1.852716866847841093e-01
1.049734775852064139e+01,6.541991558971608889e+00
1.998784975218930171e+01,1.399068764788204966e+01
1.665715164534780968e+01,7.235601528184757214e+00
5.143807904188616220e+00,4.690031941805600901e+00
8.963169136523251979e+00,8.452934486742845976e+00
1.520473495745386719e-02,3.934401037116051249e-03
1.657364078787630035e+01,1.220980149525473912e+01
8.738296626959733970e-01,5.288140692654386132e-01
1.117604869359305614e-01,6.673685853644142907e-02
6.796271317038582449e-01,2.455711234057951498e-01
2.422490657130985880e+01,1.978522929953706821e+01
4.699762888842971442e+00,4.656958989680292760e+00
2.708008620689901136e+01,2.292644362579072492e+01
4.633326339501141256e+00,3.894184945870755143e+00
2.843929840071288823e-02,1.514877142893048846e-02
9.590866769831196237e+00,5.116830062536712909e+00
7.287615267663881014e+00,7.410325454301033510e+00
4.260842996914381703e-02,2.833943784505882010e-02
3.251267464781955141e+01,1.520402083435843110e+01
1.408956750526299651e+01,5.206762171735180189e+00
3.259231885825737862e+00,2.596751939815223675e+00
1.117866833798477266e+01,1.130812910202449295e+01
3.038849686646804571e+01,2.045065954158318178e+01
6.484048379563261966e-02,3.800421262429041352e-02
1.809691101897608334e+01,8.094821868950250021e+00
1.308865979330920126e+01,1.066280453178156762e+01
2.871332073286474085e+01,1.869805028256137547e+01
7.581733189005201545e+00,5.723864312407302535e+00
1.882772110925945874e+00,9.419968308527801870e-01
6.490061356684552474e-02,3.756532580078423417e-02
1.886545388383975919e+01,6.490547771332967564e+00
6.757877553402344972e-01,4.827505942082198076e-01
1.898398976447201347e+00,1.152538976373163493e+00
3.173313382100112490e-01,9.298170273790501428e-02
1.695005300050916119e+01,6.058348426963378941e+00
1.143316771412180799e+01,6.502882404684402928e+00
1.194557606695920171e+01,5.912646623846238292e+00
1.976453246501136363e+01,7.805530961070063611e+00
1.682915388847654725e+01,8.245449291112787904e+00
4.908512905181590391e-02,1.536210916889166854e-02
6.084276743107005281e+00,4.858946918791820835e+00
1.678008196793306439e+01,1.270739470633406576e+01
1.336786159056170931e+01,3.988574846987000377e+00
3.576654404184608449e+00,2.384004487626420143e+00
8.072144698239553051e+00,3.013407201640494470e+00
2.391711100590007888e+01,1.182023704952381316e+01
3.914517012675813312e+00,3.344448103845290454e+00
8.787379433549059871e-02,5.121646233984347013e-02
1.363695273860205859e+01,8.987001047684739063e+00
2.933477514775237882e-01,1.562226246159946763e-01
6.550933927766405596e+00,2.574171682489168056e+00
1.750400171730990806e+01,1.144740901153966384e+01
2.553847657210910782e+01,2.457308191344988302e+01
2.694324539858783396e+01,1.535021517563096616e+01
2.394424151709566928e+01,1.287659249545004769e+01
2.934545094614930605e+01,1.459247040134040141e+01
1.620581818816717146e+01,6.721033953319131449e+00
1.914214415906765865e+01,1.020775112004186269e+01
8.117265062767234918e-01,3.454654746971929091e-01
1.981606626274898253e-02,1.111595591813067246e-02
1.150141542780004217e-01,2.563146868511849072e-02
5.983743969855148670e+00,3.030540648981354224e+00
3.155661418145032826e+01,1.433738344138673071e+01
5.004938131908586385e+00,3.393252329365249231e+00
2.692235046954965724e-02,1.617637685230653016e-02
7.477418669288266706e+00,6.407088183619697119e+00
2.845338036455062891e+01,2.536455863053962290e+01
8.640925592236440522e+00,6.129324753404614690e+00
3.854225441862981683e+01,1.997953489839111896e+01
2.896947483848657523e-01,2.071809557717454175e-01
1.284117793198085700e+01,1.047042381059089067e+01
1.103930642525520511e+01,2.952808708329578646e+00
1.266369740610150174e+01,6.733931961053217563e+00
1.708869796670608732e-01,4.728857714284834951e-02
2.533400507367016274e+01,1.365295532828369396e+01
1.518706705246635558e+01,4.802626283882123204e+00
5.730084262630534830e+00,4.516688254095377886e+00
1.186392938830532628e+01,1.354092971526949007e+01
1.253565194285519091e+01,5.504262689485067916e+00
2.885675266435244746e-01,1.767434689858743690e-01
2.709558173333229547e+01,2.159421608529661896e+01
2.361416776565176079e+01,1.450645699677208000e+01
8.020127518978537040e+00,4.432790563408259388e+00
4.350271041521517473e-02,3.596123586310651793e-02
5.218111930526561082e+00,3.878562100850377892e+00
9.156419609041477337e-01,4.328783327882962939e-01
2.740249139467418260e+01,1.851158155402285033e+01
8.850260667047152197e+00,3.816720982729013389e+00
2.280534802124713067e+01,2.302865159986312449e+01
7.132849787142154341e+00,5.979054207358249329e+00
1.140264089096794803e-01,6.088054418407769924e-02
3.143479258230651663e+00,9.974688701169832639e-01
1.663402818596961907e+01,9.887288127576926655e+00
1.080046868964974704e+00,5.859276681015204158e-01
7.016396345016605585e-01,3.529489495270946575e-01
5.933066565555850325e+00,3.130394708802250570e+00
3.874066056407136638e-01,1.949382962590271162e-01
1.392315651277646182e+01,1.373865036298214193e+01
1.016209356259774599e-01,5.532763759662467223e-02
6.590006934519506032e+00,5.400861336204288321e+00
4.058884732987181110e+00,3.355456203725561970e+00
1.052850014284072849e-01,4.445524004162720866e-02
2.541099649282021478e+00,1.177142502498085719e+00
3.018676451378615155e+01,2.084606901329958717e+01
1.695068743446205062e+01,7.270802840833217040e+00
2.620380931806188940e+01,1.780180330836438785e+01
2.304903796879650968e-02,1.783421483628630858e-02
1.513952278736906010e+01,1.610966010835364060e+01
5.378464502146486081e-01,4.462920864635509521e-01
1.253401709870071201e+01,9.504740237661515323e+00
7.276362807785489162e-01,4.625708428268042738e-01
9.460830938703871373e-01,4.789052289966208575e-01
7.940396115477615702e+00,1.843410305829414453e+00
7.478761575599640610e-02,4.023309552837699837e-02
2.168222588559748942e+01,1.178479819788928040e+01
1.679240040348069840e+00,1.437699739363886620e+00
8.432170806831235765e+00,5.036847887207803964e+00
5.757763951959314674e+00,1.960965494757805461e+00
3.138971101138259279e+00,2.614352828266135909e+00
5.234627338883495185e+00,4.913543585772409905e+00
1.174861851815180813e+01,1.347534099202436764e+01
6.950584366694823935e+00,4.843582868056970803e+00
2.324093715802795668e+00,1.161261976905276549e+00
1.484973298576586132e+01,4.322684630493729863e+00
3.979582491793063892e-01,2.093375068651073256e-01
1.171334022497915228e+01,9.316620674543040437e+00
1.074493615900092180e+00,4.103633622584846319e-01
2.010931159512415789e+01,7.758394369763367493e+00
8.301653589058705443e-03,3.966358777155244361e-03
5.196395290961606683e+00,4.083743500434669826e+00
1.225222005051567642e+01,3.946110061194838092e+00
1.815777186040652191e+00,1.080175797625405831e+00
1.003219026758015175e+01,8.710227219000593379e+00
9.365689083524802783e+00,7.624954921734326874e+00
1.946250014178754739e+01,8.322979020430670616e+00
1.067037599137279713e+01,3.029426968563028844e+00
3.138204339110016861e+01,2.067074752568108309e+01
2.820542449000117191e+00,1.531190912155867112e+00
2.314796719645292544e+00,1.930515086633996180e+00
2.380389350108812963e+01,1.847634362818223863e+01
6.568733778178640570e+00,3.679841665687531904e+00
3.027634711201244500e+00,7.119326533559983128e-01
3.224224971056804634e+01,2.138173626156752505e+01
1.866119456120525300e+01,7.286924663680601100e+00
1.132828259816943406e-01,6.036929228627840871e-02
5.924617425462124665e+00,5.151710649540460984e+00
5.912668630219620525e+00,3.033762354752407742e+00
7.054635059095867078e+00,7.096753631326004452e+00
2.222418111848342548e+01,1.291886257816221928e+01
2.460349107478497999e+01,1.716056362115321221e+01
3.274630464337810132e+00,1.680555779322765009e+00
8.322614685602145457e+00,1.147127802110376216e+01
4.885278362215048631e-01,2.529442207617640381e-01
1.051960439930418545e+01,7.005591918856913125e+00
1.401047156524044190e+01,4.571226310153323702e+00
2.364343318950736794e+00,1.970970023397389692e+00
5.525933640506630606e-01,1.519561402463162347e-01
2.176619987314131754e-01,1.176905530073490136e-01
4.653357182463190966e+00,4.059886131152277144e+00
6.962760954814753434e-02,3.834991489263178677e-02
2.588235094456582530e+01,1.149059826920527883e+01
2.323259060632366513e+01,9.177939095267866776e+00
6.390451400359801859e+00,4.062194448859882456e+00
2.078622953675758822e+01,1.736982141757500742e+01
2.311820865097660160e+01,1.006005378513036419e+01
4.010668378712416882e+00,1.464710733795628883e+00
7.141971677352437986e+00,5.137212948105667643e+00
1.531896197866046627e+01,7.439932297400877914e+00
2.877968978218701679e+01,2.541740870802557239e+01
1.193558790984687645e+00,7.427776263148719860e-01
1.839514466812400784e+01,1.093125477631949138e+01
1.300315091809027734e+01,1.620392482687842062e+01
1.658177951249024604e-02,5.792636981992367942e-03
1.692437513270749250e+01,8.111916837615742892e+00
1.247272588924577086e+01,5.695919793552352672e+00
8.514084809950778876e+00,5.783886466110358171e+00
6.164102717906668083e+00,1.416796524189501527e+00
1.573664024722352472e+01,1.078052875507438735e+01
1.546163919530331476e+01,9.731528705769511234e+00
1.601898828588209511e+01,9.923671126361147898e+00
2.083143788820313702e+01,1.010669041231033738e+01
2.614928829748652817e+01,1.638604069903808735e+01
1.357529590269625963e+01,5.619813504170052987e+00
8.023263324994397649e+00,6.157158328595391694e+00
1.935944051208825789e-01,9.447238248328843069e-02
1.474515907400076387e+01,6.198124322874785541e+00
1.517931481681444339e+01,1.023832156148059624e+01
2.762106617760063898e+01,1.802724679766687288e+01
3.173404083655168506e+01,2.114291840643641862e+01
1.756764695922028718e-01,1.420510964131695419e-01
2.608721330649362358e+01,2.517168288060982917e+01
3.033823590969474182e+01,2.793416215576711181e+01
2.118425188600030040e+01,7.171475656503129237e+00
2.731830532455509886e+00,1.308615446513243574e+00
1.024691504592820124e+01,3.844498976922335221e+00
2.313450707970639897e+01,1.884812954271548691e+01
2.026580101076746132e+01,1.778855315045320395e+01
1.928009043015578072e+01,1.359572477536327106e+01
1.019190139092902847e-01,6.147600461224642793e-02
1.742380839474418153e+01,1.180537496990548973e+01
1.818296129507003300e+01,7.306316052946011830e+00
4.054289304555063644e+00,3.264076252864490879e+00
1.065797988589001122e+01,9.526562795522915295e+00
1.111755326061970450e+01,9.811379821227923514e+00
1.172775820951740933e+01,1.154337933855137699e+01
2.985582039519796993e+01,1.967360130024054143e+01
7.482221217141256098e+00,5.286725542480375850e+00
2.303417652728816734e+01,1.053562451791061605e+01
9.311764915079921712e-02,4.214656487776139576e-02
2.615852081472537805e+01,2.016143468017314078e+01
1.527279165932794491e+01,1.248338514632265550e+01
1.725787056943295994e+01,7.010752457852500896e+00
2.416008842905943865e+00,1.776791108053587642e+00
1.256354996431268134e+01,5.615438502127158671e+00
1.651611596496212897e+01,8.828161485163322553e+00
8.511737393463979728e+00,8.704858300436359997e+00
1.292927635423606958e+01,1.333042320088651778e+01
9.610485428253969786e+00,3.728138112691192774e+00
3.516968788811530189e+00,2.045687003815844118e+00
2.375009502930803507e+01,2.020028862261658986e+01
1.011847304907176515e+01,9.334431003590282216e+00
2.510188265125914953e+01,2.233380453920653963e+01
1.196969130158419681e+01,1.085977436820882325e+01
1.227056620405562093e+01,5.972556130998219359e+00
6.682376269657928525e+00,2.096839035322695111e+00
2.678241437930864421e+01,2.584909567243742856e+01
3.089163876484899163e+01,2.041253843184798100e+01
1.994126638367409998e-01,1.300212299007764416e-01
4.869144012512357511e-01,3.771708615355183203e-01
9.291378232922623326e+00,9.405169663458492479e+00
4.888922027451578223e-01,2.883742492484007713e-01
9.541431656540735884e-02,5.466286145935569940e-02
1.860945743010013942e+01,1.067405959368691093e+01
8.816972431197686033e-01,6.877820446078245498e-01
1.224227620237528669e+01,3.551614409971093345e+00
9.248961291652427974e+00,2.554003242255807216e+00
2.002298868351078909e+01,1.794183563108530777e+01
1.557209334230280628e-01,7.718178343020032361e-02
2.653829752649875218e+01,1.830488882041753484e+01
2.460358147784123162e+01,2.399417900326582753e+01
2.829995012872688065e+01,2.686051008019339648e+01
8.490392139233795987e+00,4.160571570501731209e+00
8.494981801971656310e+00,2.687864589399791448e+00
1.068545498508833624e+00,5.120648631929761718e-01
1.475705054752421752e+01,1.519891848256675537e+01
7.978265490272845595e-02,4.557429871077032374e-02
1.625455495370684744e+01,9.885884269340865060e+00
3.126871913557925708e+01,1.433763847457545282e+01
2.707518869965814545e+01,2.432502868216781522e+01
4.412525162335962925e+00,4.050896164550222167e+00
5.385355953065904977e+00,2.630687042668519826e+00
5.139752719290072491e+00,4.927977154649991753e+00
1.142291415873821947e+01,5.495987003962166106e+00
2.801876625758793793e+01,2.239219713507030818e+01
1.347460238420405787e+01,6.374554027242175458e+00
2.756481988182622089e+01,1.322687237955608452e+01
6.312760804268316983e-01,5.416390824417433025e-01
4.655638550887249150e-02,2.103340433738522253e-02
1.266041769315799481e+00,7.953063482679030294e-01
3.326425688195307373e+00,2.241500806293552639e+00
3.475610459319782297e+00,9.580638673436314701e-01
5.295040975639858871e+00,2.061804787562192320e+00
1.992214556690529648e+01,1.459162671307467285e+01
1.530310638017709168e+00,9.745600238578024932e-01
1.822290595015625314e+01,9.538942732258922419e+00
8.485056617945984314e+00,3.254103437833305357e+00
1.808634059032152663e+01,6.679319343454485747e+00
5.093400567131269874e+00,5.010133138534275332e+00
1.650116122990906220e+01,1.079085747872603207e+01
1.196304470346118265e+01,1.139265061662323397e+01
2.198367086496720901e+01,1.010148978794580721e+01
8.811710112257301830e+00,5.580083843527307685e+00
2.309528826854068484e+01,1.503876390187054746e+01
8.994385622931098112e+00,2.295068495841651846e+00
2.262476801985448205e+01,1.673997855303914051e+01
1.806860304209017798e+01,1.288421132766916166e+01
1.066493705701929606e+01,1.139021385077321291e+01
1.796328860128782878e+01,1.811518149112981035e+01
2.334529690781680245e+01,1.481011985595095481e+01
3.973670283644241241e+00,2.215922018129443227e+00
1.685162191793046216e-01,4.325136843440387235e-02
7.764963501835695503e+00,4.496204590095022269e+00
1.476567393650462634e+01,8.833628154512126684e+00
1.436087986148377382e+01,6.369127907643975739e+00
2.547922430971433627e+01,1.602166175509538704e+01
1.416287362575687858e+01,4.531332243455804765e+00
8.383501387009342665e+00,8.461865648989133959e+00
1.146927879219195923e+01,9.085341343290528116e+00
1.162315138948850857e+00,6.773894571725175284e-01
2.605098688669605878e+01,1.600330624131387225e+01
1.019025016131766925e+01,6.073390182859391473e+00
6.947644830520492754e+00,6.027696253600470122e+00
1.301449830709176858e+01,4.725545691050818675e+00
3.288713575825645563e+01,1.598314794900476876e+01
2.333462772489486881e+01,2.290564295301996012e+01
3.926487303669358830e+00,2.602985229443683934e+00
9.306700611990370575e+00,5.893771691766072074e+00
2.888540733173796671e+00,1.481228314650312461e+00
1.990653985858551911e+00,1.401523287884041791e+00
1.229034291618788188e+01,5.228162816538817204e+00
1.115472538963498650e+01,7.984342759998945382e+00
3.419604560295945284e+00,2.325476275976305018e+00
1.685403693240450096e+01,6.489004008794429623e+00
6.440502664755404894e+00,5.141207567573743198e+00
7.543278913924988949e-01,6.410755081966504898e-01
1.082615432094668328e+01,1.076280800756235756e+01
3.749099373499791277e+00,9.210358830203914104e-01
1.362888362495799699e+00,7.326596480396843081e-01
2.259101483201681404e+01,8.050462877512032378e+00
1.625194697114788767e+01,9.309563964487722387e+00
9.692112517352580170e-01,3.736368629706694477e-01
3.084963588787703159e+00,1.515012761774961358e+00
5.553680909524900261e-02,3.721549980682097025e-02
1.397899658423062696e+01,1.018193112388121868e+01
8.351604945651818213e+00,6.144365826770120442e+00
2.024643253014022370e+00,1.692539522268774022e+00
4.649626640121939047e+00,3.157047122476679846e+00
1.968602398339390769e+00,7.116285991943124278e-01
1.826616310221350048e+01,8.182003168564881079e+00
2.741030208534841250e+00,2.416873879127892533e+00
6.573305902791991784e+00,5.145951050940865912e+00
1.174720624167536087e+01,5.543199528938402842e+00
1.135952133029381095e+01,7.082870837289561017e+00
1.070346986792927169e+01,4.438652095705986511e+00
1.520318540980754740e+01,2.278905415600200257e+01
5.133493838925708985e+00,2.557586408938448130e+00
7.280225402362617837e-01,5.185759069504592977e-01
5.973521404416660019e+00,4.993087222472397890e+00
8.133615554300540396e+00,2.163398293868342037e+00
4.629171381484357362e+00,1.130948396199368045e+00
7.737239446918343644e-01,4.130186833460453566e-01
1.375573728873546031e+01,3.714701724267457372e+00
2.931578638273849791e+01,1.931067391908868203e+01
6.460837911278333401e+00,4.751628468650468839e+00
1.123121992878945008e+01,1.681890424820732477e+01
2.580427665039545104e+01,1.235769591633454034e+01
2.363724759071084591e+01,1.955528781936448013e+01
2.053414310813018062e+01,1.521993970367005744e+01
2.836386456329004702e+01,1.342404592603083557e+01
9.361951601006932022e-02,5.426008880882914748e-02
1.919986018199260902e-01,8.916699688551300851e-02
2.099917358274188928e+01,8.295239199974592026e+00
2.366481623488149388e+00,1.356369606824204599e+00
2.275367507716387003e-02,1.520313494618193845e-02
1.585559992746929758e+01,9.694268866925135342e+00
8.309333833528151914e+00,5.273028535546735007e+00
5.626699134001757197e-02,3.837941354911410946e-02
1.751902076335251834e+01,5.181962289512273223e+00
9.363587041066086247e-02,5.650228764404444798e-02
1.154685029871004609e+01,5.434712063500455770e+00
2.855073278798992220e+01,1.307478717983866545e+01
3.869742729324108232e-01,2.114745797775594571e-01
6.681804496412795835e+00,1.709290785414491642e+00
1.655767016346084120e+01,7.826090843759166304e+00
1.162103888232235072e+01,4.664183189273026997e+00
1.276226225090808519e+00,9.582568211252349144e-01
1.715547869844939655e+01,5.776349373376509000e+00
8.625729932797801425e+00,6.495085564675679102e+00
6.688565124779662086e-02,4.365598098458039339e-02
2.277976301945848192e+01,9.746610387569891287e+00
2.726399734003575759e+01,2.512140284145012359e+01
2.040377365107510599e+01,6.873226092155411138e+00
1.775144768986469401e+01,7.714514259940527197e+00
2.366211787301539804e+00,1.251551394414255114e+00
1.000865268523215157e+01,6.885481182383873744e+00
1.779385610243812366e+01,1.354947475113539213e+01
9.772037406726461484e+00,3.861316530591215379e+00
2.491503253071031310e+01,1.701352588241835306e+01
3.020786461904456655e-01,2.455388814598171709e-01
3.198326885391794772e+00,1.664400803269285412e+00
1.089249991107999138e+00,6.820656840059502457e-01
8.864435617312455662e+00,7.695899968050203377e+00
2.978775347443158594e+01,2.580178797620863307e+01
2.287850213284100676e+01,1.867744924631719172e+01
8.283496267223688037e+00,5.563699708258818433e+00
3.732075621101567986e+00,1.414621102888581561e+00
7.888516296891281976e-02,4.654735188867747259e-02
7.755338377069625366e+00,1.958724684277970196e+00
2.305594373179873924e-01,9.328111217544843292e-02
4.409751525729310728e+00,3.713283775652383767e+00
2.474188125761351031e+01,1.919581692013468555e+01
2.207337735315722682e+01,2.137404964242031724e+01
4.261045651860503547e+00,2.146468840778411380e+00
2.040105729897173870e+00,8.058648669035005652e-01
5.305074202583996090e+00,4.127227066517847653e+00
1.859980117090135820e+01,9.356435638634943430e+00
1.055943789189887916e+01,7.501988690097682877e+00
3.407768663378774932e+00,3.034187932343443972e+00
1.440309599570909782e+01,1.610183159877359671e+01
1.037708678420393227e+01,3.108268571947504277e+00
4.489085878440707944e+00,2.535987875647320422e+00
7.881769138934701324e+00,6.409374569958112389e+00
1.890276413173356262e+00,4.731263040602511349e-01
1.398159839102173052e+01,1.664154020861236205e+01
1.484566520265751255e-01,1.126858477825657678e-01
7.663556440212300203e-01,2.664203138652613267e-01
1.953205180012540509e+01,1.907074282504929030e+01
6.738386301263532552e+00,5.247560264351781356e+00
1.102073545461194293e+01,5.546761462662701092e+00
7.829430625849804315e+00,1.798663623135367207e+00
6.974235774418929168e+00,5.231704223295023048e+00
3.369266819018053027e-01,1.924126846512062283e-01
2.756347083343698490e+00,2.337988315447757426e+00
8.549351132367820350e-02,4.986872238261944035e-02
1.713071162927047586e-02,1.437434179390317986e-02
8.959573972456754201e-03,4.038607722828075654e-03
8.586917829200178473e-03,3.651723630731061078e-03
2.065197846638422163e+01,1.453456067077535074e+01
2.748379957809343743e+00,2.559886266152696432e+00
4.612480667776940879e-01,3.983798345790589002e-01
9.360710674229038020e+00,8.701536274389164660e+00
2.340084092994185738e+00,7.631754430569214209e-01
3.215851365277946172e+01,1.369640464533742552e+01
3.490003944807549630e+01,1.598599924727776589e+01
1.096592782412084155e+01,2.849918627739886912e+00
5.448176566812377164e-01,1.946879771729656539e-01
1.291245067444209971e-01,7.554607313289500581e-02
1.005555909896225675e+00,4.455384239037312177e-01
3.833260679742006793e+00,3.494832236238791356e+00
1.535852928335532575e+01,1.059602525828533182e+01
2.147118382549531646e+01,1.329264958387520679e+01
2.332014095073264670e+01,1.762734457594048010e+01
9.640492141264740411e+00,7.859500866539489650e+00
1.945699769871944440e+01,1.007297688004605085e+01
1.658440376605806321e+01,8.650198693257852511e+00
4.304913315366238891e+00,3.555798694098916357e+00
3.103540806378030315e+00,1.483116780543856317e+00
1.252519461573333492e+00,5.310612452289856789e-01
3.037171583523916307e-02,1.786501230766537884e-02
1.101127966756909515e+01,3.264617464037573136e+00
1.907070138784899491e-02,1.658162354698151236e-02
1.701660942831157541e+00,9.517644643824565431e-01
1.526397570271196891e+01,8.291974714802266888e+00
7.791217672781811099e-02,4.631024798136318399e-02
1.002041734026491504e+01,6.359494531234741288e+00
4.932188012600232874e+00,3.323341687811935508e+00
1.542450612093670292e+00,8.331371908578855123e-01
8.004534199663950744e+00,5.080484127147203210e+00
5.592819107692277747e+00,1.413166192020176348e+00
2.249229321258959402e+01,1.312516676642177060e+01
2.178919422603358669e+01,1.957463148515121176e+01
4.031130225422071556e-01,2.867054326863860414e-01
2.250580529710860489e+01,1.466529015681243209e+01
1.709686853258357075e+01,1.017362778617416197e+01
1.268237880262485717e+01,3.858174319034518795e+00
1.170879422615547227e+01,3.341109737687528725e+00
2.167926372537719004e+01,1.255816291881239266e+01
5.354912492031395743e+00,3.541664558408876839e+00
2.914637245511222829e+01,2.484564051715380018e+01
2.180880845767915588e+01,1.742437512685225087e+01
1.141344794204132285e+01,2.948137079655590576e+00
1.828517096734686476e+01,8.661416156819061740e+00
8.084403561709400776e+00,5.278892723235227180e+00
8.093451305338712487e-01,6.239611915040390588e-01
3.858361663505323946e+00,3.234455098291690867e+00
1.699992234482295209e-02,8.582191080442830647e-03
3.888338587051182182e-02,3.147353714958896903e-02
9.943128283421406977e+00,6.721146870811517182e+00
6.287709459805937762e+00,6.394083852239726085e+00
8.239716770875403995e+00,6.484997057145465149e+00
3.014190663574098025e-02,2.231500504248277658e-02
1.721965832994809986e+01,6.064515111049248119e+00
4.396415981668645723e-02,2.580127165999268266e-02
3.669284828558364575e-01,1.977998774203429677e-01
3.975013689945572359e+00,3.419589921568570556e+00
2.784664846888658118e-01,1.470452158764111172e-01
7.892553497855901712e-02,4.487552159098028709e-02
1.971519405230751687e+01,9.948103830646449097e+00
1.784949063639166411e+01,1.110038141257080824e+01
2.499737297105257738e+01,1.077689339130267143e+01
2.948120408931066549e+01,1.381113093861252850e+01
7.772740944592501089e-01,3.128547121498064243e-01
1.914173358639226308e+01,1.594564482553177598e+01
1.323505306435496998e+01,5.175159879694427367e+00
2.223091069439162482e+01,1.321753586653579227e+01
2.518740873921924361e+01,1.344139323109037321e+01
2.904652434604021849e+01,2.342344998129338407e+01
2.576831861482274988e+01,2.068031477831429754e+01
2.351173576007145627e+01,1.239770298166724771e+01
8.401940362478379498e+00,4.979616945773553738e+00
7.533995034768536492e+00,7.457451651702072581e+00
2.283672891847249886e+01,1.126771849950728033e+01
3.772988672139716115e+00,2.957682796781655910e+00
1.552692462777121740e+01,8.827504679222675676e+00
1.822407691560463050e+01,1.509863898650194969e+01
2.950605913720995233e+01,2.483300187319738228e+01
1.981426808943359319e+01,1.855045387148839708e+01
4.005216420807793298e+01,2.136692041175918533e+01
2.250770432387137632e+01,1.045200059189400399e+01
1.886551447287803640e+01,1.142094614626140725e+01
8.854285974293166217e-02,5.165541572906979378e-02
2.264126219984838873e-01,9.780961153738061686e-02
1.000405811163883385e+01,5.598549009972296986e+00
1.508161540081552765e+01,7.879404032689342863e+00
2.317495602385613296e+01,2.040364742989358859e+01
4.838910069907798928e+00,4.209258266093700129e+00
4.468169602271649055e+00,2.442000951982905566e+00
1.256659575697489407e-02,5.057493218149946602e-03
1.610857317666602029e+01,9.083710506620530367e+00
1.976270860067814183e+01,7.549381393723868072e+00
1.389265613899002716e+01,4.038097122729034538e+00
1.318268369133962636e+01,9.702706506946135789e+00
1.713331828937797496e+01,1.488007585562873203e+01
2.156618139642019472e+01,7.674127595158136472e+00
3.688705706162978881e+00,2.076168452901637096e+00
2.628465105323845208e+01,1.686156283130719302e+01
7.511577008822884594e+00,6.669190252669003449e+00
1.908573602075137288e+01,7.914394255551204793e+00
3.118113240667734321e+00,2.653769076691623319e+00
9.079296191674517402e+00,2.887514026465226813e+00
2.211104622678246301e+01,1.003916764617216373e+01
2.417240271589018263e+01,1.761343703673538386e+01
3.966633769340425886e+00,1.116988478640301041e+00
8.990013876966280293e+00,3.520842448684772918e+00
2.477815432578860566e+01,2.122207707184712433e+01
3.135905125496314394e+00,7.148062031237366609e-01
3.762696330690251223e+00,2.126821285557804142e+00
5.672101075269671278e-02,3.531148456626780757e-02
1.674705234307349855e+01,5.585965941501624954e+00
5.596548845786474047e+00,2.641329550973672280e+00
4.363342991351523148e-01,2.272105634490618475e-01
7.789854428844984469e-01,3.934605031008794329e-01
3.892341242958050174e+00,1.312178191952384498e+00
5.358128387068539666e+00,2.851329624021365028e+00
6.461170045819747187e+00,2.516280581487494672e+00
1.481024714287785038e+01,4.417842204072591095e+00
9.912335592085781855e+00,5.596732159811175222e+00
1.422609018963238370e+01,1.291127548524555202e+01
2.796809546648858458e+01,2.399496361137135381e+01
1.531507574685113937e+01,7.132594235622454981e+00
1.050309914006791878e+01,2.890894745362213136e+00
7.819347921787592526e+00,6.573504260295716328e+00
7.602433356499224359e+00,7.576549995897834400e+00
1.326673086313568117e-01,6.534865566644817991e-02
2.441060628525434950e+01,2.048598943110501835e+01
1.180227146339403177e+01,4.373161969792651149e+00
1.912723025813438937e+01,7.641140751910913131e+00
1.874413349132709428e+01,1.729328503788955373e+01
2.478903422689401381e+01,2.114495945572815216e+01
2.813265643267157046e+01,1.140876835703494407e+01
1.940339844827362274e-03,6.295785461736878690e-04
6.898506259548141450e+00,6.189373637077716594e+00
2.939706540471382112e+01,1.412443536829203516e+01
8.389555052500076826e+00,6.428223702068391887e+00
1.045838342620651495e+01,9.073916456010969966e+00
1.773782610914613045e+01,6.202114928924577164e+00
5.493882101000078677e+00,5.015806782894852489e+00
2.846210048470098286e+01,2.290737220400939478e+01
1.201462364811419015e+01,8.446161242419314874e+00
5.324409062701823681e-01,3.555863902222698991e-01
6.883308250857376187e+00,6.369620439300225812e+00
2.296226242167883314e+01,1.630063015792333303e+01
7.205268297259414645e+00,1.852087473448509325e+00
1.637807646129942896e-01,4.741242399939181451e-02
1.813203116690655392e+01,1.336204125237002494e+01
1.803162324257934879e+00,9.132829466230192317e-01
2.278246706680113931e+01,9.743177774001782865e+00
4.075297331162206049e+00,3.510690721386546809e+00
1.579180271309126304e+01,5.251911684659156698e+00
2.184761222214139664e+01,9.957841294330226134e+00
1.177913025324997953e+01,1.104669451350280696e+01
1.751931529700840073e+01,1.091563066039147678e+01
2.918964740408954128e+01,1.388439411479248164e+01
2.522705297196982954e+01,2.063717880649053527e+01
4.769971060083278758e+00,4.509358309895096895e+00
2.357093913066522362e+01,1.988247208549931599e+01
8.106860257219191013e+00,7.101219624371876371e+00
2.549459126460486402e+01,9.991792976889987798e+00
3.574631846630645526e+01,1.710628917429153972e+01
2.304086728982561283e+01,1.129424229831585080e+01
8.853377089324368399e+00,5.730843985173947885e+00
1.847025911635400774e+01,1.339637854802938399e+01
9.036765525540758404e+00,8.802145258359765023e+00
1.775587096403437926e+01,6.286308756212152460e+00
3.437627704641494503e-02,3.464149093742308061e-02
8.255286958321198298e+00,7.515700283667019477e+00
5.994601388730021796e+00,3.331175680426524899e+00
2.365984951763677735e-01,2.010363323663493795e-01
6.996648549861100186e+00,5.832620452939509370e+00
6.636668066190339665e+00,2.102777239819219712e+00
2.018378907396390254e+00,1.021515392009660239e+00
9.106629620006446046e+00,3.246628818240925529e+00
6.640697053313203924e+00,3.177633434556222713e+00
3.966725798707536832e+00,3.143086102823924755e+00
1.300369611908645640e+00,5.410960909858610890e-01
1.181440397161355804e+01,3.430958413832881693e+00
1.963374479725245703e+00,9.630392437415326023e-01
9.462062004861010678e+00,7.605815616864912698e+00
1.043606775663659825e+01,6.364919841409475865e+00
1.324761877528878529e+00,1.028963725225743309e+00
2.686901761375607833e+01,1.858743383031551488e+01
5.509909964394250181e+00,4.482859190122382209e+00
5.682419855346814153e+00,2.167531262701044348e+00
2.023283022147520072e+01,1.353842823169541276e+01
3.367607876328454353e+01,1.625336420624763178e+01
9.235092367573772165e+00,2.424693264220578293e+00
7.507439933470227089e+00,5.001536965639575172e+00
2.727568432729257975e+00,2.241690195838241806e+00
2.947440435675152415e+01,1.373375591506747284e+01
9.116077766827041629e+00,5.954399533240930076e+00
6.288585482531123816e+00,5.495453336258875332e+00
2.443023050046911493e+01,2.069163848989371246e+01
1.405306797050593026e+00,6.992773678975749974e-01
9.562085475272420254e+00,7.637150840156317955e+00
4.009291425226529232e-02,2.920631218112336447e-02
8.745428609003891296e+00,7.286236841409253095e+00
7.711931240791090048e+00,7.506772706813653606e+00
1.600231279584402380e-02,5.820887994477824158e-03
2.197145351633403010e+01,1.110528868592654383e+01
2.396944330137419088e-01,1.218731975983880084e-01
1.524645806450677377e+01,1.016684954568236954e+01
8.491121843803099978e+00,2.234969924424454746e+00
1.503457438836217422e-02,7.339649650644220098e-03
2.478404690295334589e+01,1.114581886167891156e+01
1.819083839147904280e+00,1.349582931344260661e+00
1.559910433294475318e+01,2.404035706068498612e+01
2.218323859954043797e+01,8.833680374957593173e+00
1.861161746858168486e+00,1.483528132690615564e+00
8.882929958655385594e-01,4.655454572446415806e-01
1.088464297044101059e+01,6.780868408669311620e+00
7.524463453061374985e+00,7.718812687607250034e+00
5.187235436876779238e-01,2.973921643550989646e-01
6.642301212644527553e+00,4.927004526861926692e+00
2.765600480229057823e+01,1.882376872398541323e+01
1.369532713154304027e+01,1.235402852758480741e+01
7.005863840825273137e+00,4.066309154815265892e+00
2.725229299966070773e+00,5.948356627474736813e-01
1.349258409964386174e-01,6.741657766462041956e-02
2.304307415077313692e+01,2.272727339635326871e+01
8.387723473090241910e+00,3.346517358554341293e+00
2.145569207062865758e+01,1.483883875225175331e+01
5.666690905259558875e+00,3.658983467424233194e+00
7.285933499594762885e+00,6.924311644037457469e+00
1.116778295881209893e+01,4.340789005340109696e+00
5.853381591293268293e+00,5.674793037287122921e+00
1.223055163708624549e-01,6.990841588871023193e-02
1.725638366607897822e-01,1.355377072018101037e-01
2.204338684049808705e+01,1.865716135006695708e+01
8.929178095878526733e+00,7.221027185661875514e+00
6.842630241842386773e+00,3.287145650314866163e+00
4.314691176221439189e-02,2.052107870263572553e-02
2.068654006724195682e+01,1.303913721096473566e+01
1.650368512205252769e-01,7.855435066971533375e-02
2.412848438349072211e+01,1.603760583629596681e+01
2.396568774446304673e+01,2.022126903896780448e+01
1.948381861714220120e-01,1.000473653471581764e-01
2.930198471467372912e+01,1.333938288097657221e+01
2.390850202955141768e+01,1.376533800126794382e+01
1.992949948609456373e-02,1.550726650537914177e-02
3.828887625037997317e-02,1.041509068138647687e-02
2.717306753302872480e+01,1.799900150015599820e+01
2.030720982208463710e+01,1.612304085846834667e+01
1.789896511191558304e+01,1.740638583574801146e+01
7.022688491520241882e+00,3.324651524538073222e+00
2.518355737032968023e+01,2.558828964038895037e+01
4.312989298933216920e-01,2.982690092188527986e-01
1.997394933795585414e+00,1.584577434054429412e+00
1.755291081711050083e+01,1.074680091964567374e+01
2.600258586943926886e+01,1.657329643045291334e+01
2.577919993338244353e+01,1.770609778234423715e+01
4.467604845043666312e-02,1.707860788964860738e-02
3.134632857612380530e+00,2.123204839910459718e+00
2.802785736964393237e+01,2.028666461137741095e+01
6.173669226235271701e+00,4.196706960362632799e+00
1.014875210400803418e+01,1.030993318725188779e+01
2.104478154303044946e+01,1.750637207101556925e+01
2.169142335827206480e+01,9.638704773757922339e+00
4.663243533023686549e-02,2.887635556849665192e-02
6.364614347922773266e-03,6.685362557964965279e-03
3.600552322228750057e+01,1.941586445811182315e+01
1.535090234123986097e-01,5.871307101122710120e-02
1.869964267041378747e+01,1.114662823657722690e+01
2.484021173247427683e+01,1.411379918953594625e+01
2.412066082293533142e+00,1.277544482863326891e+00
2.230928415869015247e+00,1.312110681881774266e+00
5.735817599087601054e-02,3.684465776209087245e-02
4.279636850814210192e+00,9.334123734182483423e-01
2.337973147756977710e+01,2.113077203744319021e+01
8.586060857998782936e+00,2.627269483910081860e+00
2.530559531199518375e+01,9.567212132862419338e+00
1.690995987285835866e+01,5.832055200153077656e+00
2.440648126361259784e+01,1.028224987287760683e+01
5.529606300819401438e-02,4.105123229298142384e-02
2.632962486120940859e+00,1.492423497421020206e+00
4.381721117909268770e+00,2.376113525741482491e+00
1.288676238981187794e+01,4.754368610673025408e+00
2.790338290940638188e+01,2.321838798449370245e+01
3.386419285691837189e+01,1.660860111714751852e+01
1.714329298162883575e+01,6.006374996898411922e+00
3.457253825170588435e+00,7.407772792105917770e-01
4.022504991177361156e+00,2.127469480676982716e+00
2.453783467168113575e+01,1.160107962950127991e+01
1.504169903290003774e+01,4.204925183884211215e+00
1.792438754261092271e+01,1.538720898146511118e+01
4.070613261899905244e-02,1.633080035614148731e-02
4.938110175892336251e+00,2.185175044312325898e+00
1.155082119963960530e+01,6.896203782559593876e+00
4.143121354365463915e+00,2.793372030113283166e+00
9.388187359266832177e-02,5.471544284653633711e-02
2.638423057828575224e+00,2.039130500266976398e+00
7.675458598243237729e-01,3.798991678185069665e-01
1.925290496970063359e+01,6.415649384293491408e+00
3.366141892862819507e+00,2.739211324210641507e+00
3.265822420669183401e+01,2.167233127532575665e+01
2.280589939602020877e+01,8.723805554083298830e+00
1.157324328597739260e+01,6.655283374987249978e+00
2.349632093863735349e+01,1.589599852685138259e+01
1.556886781447058254e+01,6.044501530502508047e+00
2.340802740926991987e+01,1.139680963221359811e+01
1.162311058298456423e+01,7.826426213050314828e+00
1.189567543966012393e-02,6.849370973307001426e-03
1.288995050098376671e+00,6.609291284817419010e-01
7.834901452674350453e-02,4.077470390561622332e-02
3.132753664561225193e+01,2.113460447685357479e+01
3.024737808914637682e+01,2.035852292831188137e+01
9.863480976126730582e+00,6.008138878294023044e+00
3.827529961068060427e+00,1.465126132257583702e+00
2.497985843926510441e+01,1.315156801349928806e+01
6.110603658308796926e-02,4.146274470056073719e-02
2.040749720758359587e+00,1.086964289929612137e+00
1.144566760183271803e-01,8.878305784995106642e-02
4.188042848174063915e-01,2.008616703390113944e-01
7.992660679269538271e+00,3.879480219159682441e+00
2.569888584362830031e+01,1.202245101792725279e+01
9.385085828396684704e+00,4.158664635305225232e+00
3.525255992490477830e+00,2.402290268998082290e+00
1.010257311073649333e+01,5.542617267748107146e+00
1.000023241190692719e-01,5.443654903559768526e-02
3.697526690010981554e+00,3.351004050065577111e+00
8.080526729132321506e+00,8.402052494572604502e+00
3.012298048871334122e-01,1.682411629797409824e-01
2.495914709246269680e+01,1.474383724948761198e+01
3.170550194635429059e-02,2.358355041999479415e-02
4.226368678604664808e+00,3.295038799365151760e+00
4.368943327455652614e+00,3.201995176687432387e+00
1.434897745152285253e+01,6.958644924127776576e+00
3.722323606756181569e+00,3.262718927662751955e+00
8.444021867879701659e+00,2.729003124264091529e+00
4.503168319504511352e+00,2.621362029539739069e+00
2.315288327773080113e+01,1.029433603590641333e+01
1.463904400462998368e+01,1.429940296043567827e+01
1.539073361627343139e+01,2.138541913765935476e+01
3.200144139120401832e+01,2.224846130902349728e+01
2.548313936150912795e+01,2.030790882983155399e+01
1.689073201234484856e+01,4.821169763195871205e+00
7.510220206229910600e-01,6.091373961897277312e-01
1.588002155951193828e+01,8.916038745205272065e+00
2.558479516774262308e+01,2.068598089574853915e+01
1.609544569081169740e+01,1.049204723914952453e+01
1.678695843606059768e+01,9.547703203061113086e+00
5.438282586549744169e-01,2.851051268075996958e-01
5.967021763300728310e+00,5.021119269003731844e+00
3.028745610758468487e+00,2.588122684196161316e+00
2.332585139415845887e+01,1.424945277513447550e+01
1.531822796219224792e+01,1.003300558182425384e+01
2.432062622445808131e+01,1.065262498905064703e+01
2.617005779912481245e+01,1.604094253250588764e+01
2.328071104189777252e-02,1.800276446198343164e-02
6.669321453282996082e+00,3.401777263847050037e+00
2.182819461811892481e+01,1.113840290827526047e+01
5.809880956093075532e+00,5.845879860370483350e+00
2.009498412067435014e-01,9.968734553787254871e-02
1.269103064474903420e+01,6.632155929477512757e+00
1.928090899397619040e+01,1.484268562055414442e+01
7.710043863122919561e+00,2.077307963234637622e+00
1.180493182054491025e-01,6.075778809460724572e-02
1.048076623372026006e+01,1.051691230089586782e+01
1.927432968696359339e+01,6.793258284408691949e+00
1.035217276173405843e+01,6.195168987183348186e+00
8.000735730819101832e+00,7.950043586220528979e+00
1.878985532386905177e+01,1.097067127264242181e+01
2.366088507895923598e+01,1.327026665322202170e+01
2.763841327868899000e+01,2.153085055412278592e+01
3.262167329071654631e+00,1.108460730023613783e+00
7.028665416564380486e+00,6.981568908867967771e+00
2.850817080658807967e+01,1.610240792893629802e+01
1.112043763650925721e+00,7.568268852312088901e-01
1.020609371724233583e+01,3.956052322815347022e+00
1.113517573355376911e+01,1.064585452668919885e+01
1.041646517477327016e+01,7.431297580665323643e+00
3.185219465039130426e+01,2.111793684583243191e+01
7.368582657304859618e-01,4.554075431085734538e-01
1.616620239212811327e+01,1.125913228665270438e+01
1.652458249118453892e+01,1.224824980934010910e+01
8.575663349835334515e+00,8.263880373019024006e+00
3.143195569778292864e+01,2.107110986379396422e+01
5.011007307094815566e+00,3.169243698435458612e+00
3.384842177953358089e+01,1.620191243015930027e+01
3.390844847645340110e+01,1.572870817305220292e+01
7.589221297683498846e-02,1.849915024357999191e-02
5.873920879498842673e+00,4.653484907873144394e+00
1.838189214452641718e+00,5.186657698300665142e-01
2.089537588598998141e+01,9.907706333458300207e+00
2.703158849561346955e+01,1.816368836922431385e+01
8.279666091714242171e+00,6.932623019339216874e+00
9.196746569021065909e+00,6.286149369576909507e+00
4.219959143019155867e+00,2.805918532426558532e+00
1.984076321016575717e+00,1.653278272514134839e+00
3.827120943575051371e+01,1.965617628164310915e+01
1.458430311225443887e+01,7.402651264713361101e+00
1.310954743849448079e+01,7.750527577333099494e+00
2.234393857531340899e+00,2.124205513009220780e+00
1.706205686549830602e+01,1.199457642832671489e+01
2.389907286548230658e+01,9.711380347523173029e+00
8.738673628325249965e+00,5.698660492712453340e+00
7.698758380370208931e-02,5.042658123550407268e-02
8.533115311490696797e+00,7.097015641927123752e+00
3.253931653181546313e+00,2.812144041914056647e+00
2.198495991935472205e+01,1.465723701526109224e+01
1.891090211941181920e+01,7.645125148119199743e+00
3.129487400239606698e-01,1.213576060434412157e-01
1.698640567144204994e+01,9.261217042194887838e+00
2.586534826683807964e+01,2.176597196110951060e+01
2.390600446843216886e+01,1.268263148475430313e+01
2.432177938007435714e+01,1.405133823104161905e+01
1.680542766633010743e+01,1.466007109317175860e+01
1.000482765369850036e+01,1.099934122342011911e+01
1.451980249019840352e+00,1.160258660458147739e+00
1.648834957164468307e+01,4.570288449658718832e+00
2.024460699815287867e+00,8.077917048253184795e-01
1.194071896818845779e+01,1.049903138140832937e+01
1.577721526195772483e+01,5.918646480348547456e+00
6.315767693588136389e+00,5.998919668751963030e+00
7.437686046869245615e+00,6.045415416767147221e+00
2.178011923549979745e+00,1.654946734907270400e+00
4.581222365118588491e-01,1.252466053157165471e-01
4.370542352792451624e+00,3.721674122703448440e+00
2.327451080204681233e+01,1.721377458833989849e+01
1.273412465891789935e+01,9.488668487930207007e+00
1.391925340449549786e+01,1.357662404076057072e+01
1.542575815132104111e+01,8.224408667449239374e+00
8.208138858467741272e+00,8.211384702657939627e+00
2.220740412107591599e-01,1.778644631625121708e-01
6.049228992278176120e-01,2.514774461614598389e-01
1.436005217797617384e+01,1.342284527776248026e+01
2.223892988683872574e+01,9.804998789163983375e+00
1.130929855847250742e+01,7.436776853730830972e+00
4.116291532054820457e-01,2.265129871216793878e-01
2.295504682198297530e+01,1.179478882379895666e+01
6.647632213729920636e+00,6.569552469651651627e+00
1.681360722809695574e+01,6.304332754809649941e+00
1.659170219702167870e+01,1.057452457683870506e+01
2.382594913520331303e+01,9.224713246443547732e+00
1.139735877067574599e+01,1.166850683524383392e+01
1.910845180926872189e+01,8.137838971365228602e+00
2.932686507825108535e+00,1.390931227376112300e+00
3.066849908815818537e+00,1.528821907804875035e+00
1.269448221408078936e+01,4.603180948899551872e+00
1.633866999212964899e+01,1.403109244511419362e+01
2.736152063888216901e+01,2.421855537159028415e+01
6.115340934539954532e-01,1.891129237382843942e-01
2.176620552038051670e+01,1.798056609750402401e+01
3.886124705921062628e+00,2.257595671555017613e+00
1.341184952367235061e-01,7.145976203824469519e-02
2.471739894216591793e+01,1.463508451986013625e+01
9.480884010638424897e+00,7.713852935569754266e+00
1.484332731666402871e+01,7.659228564934071670e+00
3.522485898229466894e+00,3.211304958016885536e+00
2.665648745216220306e+00,1.320721826744724048e+00
6.265933787883666284e+00,4.032870737486017987e+00
5.502677211849082539e+00,4.032624534639602132e+00
5.376642745347595564e+00,4.251736995135465769e+00
2.751389869632677687e+01,2.356101215326222942e+01
1.024004878070136210e-01,6.056302269166033425e-02
2.824385430537078800e+00,2.555274770138512341e+00
1.739572761729937511e+01,1.078660579089916105e+01
3.159797818638946509e+01,1.419322881403346770e+01
2.407418307008597225e+01,2.112365841850932924e+01
1.864720890601457626e+01,8.455525362190693173e+00
1.703167621836274748e+01,1.054996216015813104e+01
1.475919929056845703e+01,8.993339685546551721e+00
9.709408799384708355e-02,4.228757797475366648e-02
3.879695339665363463e+01,2.006922474790370359e+01
1.328988641247558178e+01,1.188636601107363688e+01
1.459721125412444032e+01,9.839119485199107729e+00
1.748889765498394055e+01,1.394917589947037584e+01
4.505556367515059613e+00,3.464591266678411330e+00
1.186954613293236172e+01,7.925701372839393244e+00
2.103904921960670360e-01,8.680707830247177959e-02
2.449104654179578944e+01,1.661356837363471683e+01
3.937448015678861157e+00,2.176402855721727647e+00
9.485588250441164604e+00,3.943316185031991328e+00
3.043096417921240082e+00,1.270059278170632133e+00
2.363828236497265678e+01,9.438993250399509094e+00
4.519423816590426135e+00,4.237783612753631246e+00
1.894827487565067159e+01,8.281383370994976900e+00
8.046151635788447720e+00,7.265499286363177767e+00
6.867656232790106396e-02,4.494750690338693289e-02
4.614322067933193772e+00,2.149421985940549007e+00
4.159552410877482842e+00,2.672996075029411944e+00
2.577394051804494168e+01,2.306541852533677428e+01
3.163602438291237412e-02,3.297124700166496197e-02
1.413586697720545793e+01,5.157628311376702968e+00
2.962964003626087806e+00,2.551956049113788261e+00
2.335935036034062939e+00,2.019640383237213399e+00
3.091065269603525323e+01,2.063476766112090388e+01
7.444426226318440198e-02,5.081725767916131509e-02
9.261450890526068846e+00,8.098552243611193191e+00
2.699311637441261524e+01,2.221806979633743495e+01
3.760977634590904728e+00,2.007946094663553893e+00
3.087667227163310457e+01,2.046395883415169692e+01
2.551488233887106460e+01,2.394346165321786302e+01
1.508261523402017268e+01,1.109363660918844197e+01
2.575381266179422468e+01,2.060221689255628874e+01
2.701057802273582809e+01,1.870713106709455076e+01
3.889355822568605703e+01,2.021401765467940947e+01
1.886670671445440561e+01,1.736538936038011371e+01
1.123410896064608977e+01,2.994624130997195710e+00
6.273382568978507656e+00,3.584172634910279154e+00
1.867251540653558362e-02,6.463625345973533429e-03
2.318036445424053582e+01,1.394322077481793620e+01
2.119593447842237310e+01,9.379351504718190569e+00
2.502568366747313178e+01,1.632963065695135185e+01
6.690679687647558715e+00,6.272291817824458882e+00
1.880594322744933677e+01,1.207167728043624599e+01
1.638586886809032350e+01,5.554019920929083476e+00
8.495496344558839397e+00,6.800817209028046761e+00
1.780414860532238208e+01,2.152519453777726710e+01
1.867092951974543524e+01,1.726722345122931657e+01
3.298614748954614839e+01,1.556432069576482924e+01
1.194910773548552907e+00,6.229498298148298252e-01
2.526397935081716639e+01,1.840647946680810065e+01
2.544161643766810244e+01,1.662222896644259862e+01
7.421760909726183186e+00,3.817772320044241496e+00
9.013042261877943773e+00,3.728075205688848204e+00
1.071714230602431428e+01,4.491384732226039844e+00
2.221167531043715115e+01,9.449470764475439211e+00
9.346447163717868989e+00,8.546036222762728229e+00
5.627176642724993072e-02,1.606480485904088207e-02
4.551948637378609774e+00,2.563380840640154812e+00
2.402829692520384253e+00,1.571508661366227688e+00
2.308772685556500548e+01,1.991158113622484649e+01
3.787216361158798200e-02,2.615558157682145932e-02
2.398475621904702848e+01,8.953762091924804878e+00
9.751498098800894354e+00,6.352749876185574962e+00
2.291958236736996568e+01,1.355775599611999027e+01
2.505844836513512064e+01,1.614724563127111523e+01
8.632828649956509892e+00,4.638179320468655220e+00
2.154484835517686547e-01,6.807802816443889182e-02
1.336913159591239797e+00,7.947309189888026593e-01
9.139625352287058746e+00,8.093758721290152280e+00
7.500240137410513874e+00,6.856783134301029925e+00
2.557647832315306680e+00,1.060659359044491490e+00
2.938792861763546682e+01,1.403994661146816014e+01
6.011418350214834838e+00,3.572093391608846424e+00
1.325495948956862513e+00,8.776721429265267327e-01
1.299663327441122362e+01,5.982584965888506190e+00
1.457595271990626884e+01,4.686070224028487274e+00
5.768571412082386551e+00,2.459543684182135870e+00
2.425611596207926723e+01,1.223745436288149513e+01
7.868626160001074288e-02,3.706773731709821912e-02
1.094365503226853065e+01,3.285064188201510582e+00
9.780500364803101476e+00,8.539597681411832397e+00
7.861530350374637877e+00,4.360585921493671080e+00
1.310675683398994984e+01,1.063712761362076620e+01
4.957327278819566807e+00,4.012740822283692665e+00
6.455409754471430617e-02,3.962565696937763587e-02
2.167992690286866697e+00,1.953577896101734490e+00
2.054699098104910249e+00,1.410201558388664678e+00
2.120887258035090817e+00,1.063609718968531404e+00
1.818506358218661134e+01,1.374406312303163347e+01
1.423275448071560589e+00,6.916135401142683437e-01
1.616304939950303066e+01,6.915728717697308348e+00
4.154833870806323048e+00,3.453281840744280906e+00
1.116132353198497640e+01,9.885341855137024680e+00
1.482314329526040364e+00,9.263535168200746073e-01
2.573663085103378734e+01,1.775748858188885038e+01
1.548413099691305561e+01,7.116761227639632814e+00
3.692251355882200103e-01,2.585487877086085629e-01
2.148202309690783807e+01,9.063468605882361473e+00
1.026129490790368237e+01,6.239432774738000731e+00
1.638900235331048227e+00,1.148750250791480410e+00
2.486585163521172959e+01,1.184738083459744651e+01
1.401319729589140017e+01,4.690507662071476958e+00
2.306453932313861088e+01,1.550628733813432270e+01
8.459128964749647039e+00,8.269929170825186304e+00
7.267766672817183249e+00,5.320950514067771309e+00
2.132953712517724298e+01,9.283676032483544560e+00
2.599818541068289335e+01,1.629707778647664185e+01
2.853067384101093396e-01,2.559400166240036745e-01
1.595924116700821530e-02,1.054856586864272652e-02
2.436228704948763735e+01,1.027191221024009948e+01
1.115563054481915950e+00,5.028471035331935068e-01
9.103568192681112947e+00,7.210870649115483033e+00
2.844174949395324958e+01,2.413951241280350857e+01
1.390820506800327649e+01,5.987955127564822178e+00
2.665862711587893674e+00,7.020094809738222086e-01
6.502669383150715410e-01,3.437342510472916612e-01
2.089430905691065732e+01,2.003498804688572577e+01
5.546438728373958682e+00,4.452182334222467119e+00
3.689054918093405355e+00,2.599009854201372871e+00
2.574854847703493377e+01,2.135854121443046694e+01
7.804223031206109162e+00,7.289296358059389469e+00
8.359708019589209727e+00,6.851999385425950884e+00
3.605306440480237740e+00,3.168383034033860568e+00
1.682580787906401909e+01,1.077103900049503693e+01
3.684716487013859787e+00,1.261510625277644015e+00
1.992972007532039669e+01,1.533230498284927634e+01
1.135668037889185378e+01,8.727572785000498712e+00
2.862334955251904134e+01,2.546868268574072403e+01
1.547726185070338900e+01,4.750596523086461076e+00
2.538722518802017802e+01,9.850853877637764100e+00
6.115936513364180094e+00,4.631415191405025666e+00
1.586946108720390924e+01,5.679651801422800794e+00
5.624114689386505717e+00,1.573279740040472330e+00
9.484343179884416886e-01,5.079820476077134828e-01
9.597334180926747393e+00,5.435694264937753317e+00
9.915947633770898051e+00,1.006628405327193931e+01
4.318872313864307699e+00,2.230256109005266385e+00
1.196590213097683275e+01,6.221722073479214465e+00
1.924311790289840474e+01,1.742170849114915399e+01
4.902331029099052273e+00,4.316586136347953406e+00
1.930627282759041208e+01,9.035931326841021516e+00
4.705787944859246785e+00,3.884267414725074641e+00
4.357522417411586330e-02,2.730635090718170829e-02
8.074839286046497477e+00,4.672499701191152433e+00
1.348229046088903260e+01,1.052708385872505481e+01
1.684118059648822197e+01,1.029583258742584029e+01
8.487834720194136651e+00,3.080012332916914897e+00
1.638354795732181657e+01,9.961659728727676466e+00
2.184636565391449636e+01,1.420358734401738765e+01
1.307959305540054729e+01,4.116177365727729409e+00
2.114739604688866681e-01,1.469611701977454887e-01
2.631488252774997605e+01,1.588613003442759997e+01
7.860214661842971573e+00,6.847403179602644663e+00
1.888352572237537075e+01,7.752720958378392702e+00
2.391689141466428836e+01,1.284379398650400717e+01
7.594248015438280763e-01,3.839599102649739470e-01
1.441789090656856764e+01,7.403993386837023571e+00
1.757239644315408356e+01,9.513333356271470365e+00
5.468672656606299753e+00,4.412474378393235419e+00
1.971812243355152461e+01,9.236829570572613335e+00
1.872408879682092220e+01,6.066409926069900038e+00
2.022832713334182486e+01,1.142870714802429255e+01
1.174879273303743155e+01,3.411456886771172758e+00
1.535721882093599788e+01,1.206012138325329630e+01
2.712441430672429021e+01,1.765869141038873380e+01
2.888471701646407652e+01,1.560626339845002164e+01
2.996292409040824367e+01,1.958329466882371150e+01
3.173422361041603068e+01,2.165583194629867236e+01
2.254290254640811852e+01,1.845201017947789879e+01
2.407445663589354723e+01,2.068347040024012529e+01
8.445680115789310216e-01,4.465567391747832238e-01
5.132616224656349341e-02,3.686367992355326501e-02
1.436945721136860321e+01,8.558343564974538964e+00
2.506679374283537154e+00,7.245919386117469774e-01
2.268855313923451433e+01,2.074125479096016633e+01
2.170992079352670245e+01,1.117592914242921331e+01
3.203727459614434991e+01,1.512190649180547908e+01
1.893326930988623502e+01,7.310587023960121833e+00
1.239875659564473409e+01,6.877625984014196447e+00
5.363494675084916175e+00,3.037653377723479320e+00
9.239282417594949948e+00,7.734496192611538312e+00
3.309281314039786981e+00,1.412408579178320966e+00
5.006179789815630166e+00,4.657057897433537264e+00
1.477704507056568239e+01,1.070931569395803784e+01
7.697637440227778072e+00,6.025634357126532059e+00
2.689277776443120871e+01,1.985951913770875876e+01
1.283001238148821166e+01,3.944071661364833226e+00
1.976350219762309957e+00,1.685273216546958386e+00
2.667556199876649359e+01,1.692797640049224128e+01
3.193011124572293724e+01,2.179852268210195376e+01
2.743938992804399390e+01,2.616782176341260069e+01
7.011943899205919095e+00,6.791424241400958906e+00
1.945818036256618200e+01,1.696025754073561487e+01
2.812559280491208824e+01,2.191164439784623497e+01
5.340341430101095632e+00,4.961820781487307208e+00
1.008591354614395286e+01,8.253605122616118450e+00
1.471598553931899644e+00,8.391688800721046615e-01
1.777191158884243904e+01,8.822591691584982243e+00
2.357309193088711297e+01,1.198639732753670017e+01
2.258861230161058220e+00,9.855070013638526083e-01
2.453256176583736803e+01,1.445743795404882093e+01
2.525240331007071148e+01,2.584801642884478312e+01
1.992512383784875851e+01,1.342111493942442557e+01
1.808946803298764294e+01,1.087635084998931490e+01
3.345831741642196278e+01,1.651763760816007220e+01
1.159328546146660255e+00,8.307396641253301794e-01
2.505054411457741281e+01,1.038897198899142182e+01
1.165628116858708152e+00,6.078126352472339455e-01
1.189369371275248000e+01,4.394411182375668190e+00
1.642622771350048083e+01,1.404682723926579158e+01
1.700441247586106597e+00,8.981951339447095117e-01
1.658212147003341741e-01,8.465987334575374168e-02
1.252751370693242494e+00,1.071866074673736957e+00
2.821724506875977667e+01,2.426614880616657288e+01
3.849751431173012772e+00,2.882922027313630231e+00
2.498505837580464828e+01,1.401995718166362259e+01
5.137360980059753501e+00,4.250306619958761800e+00
1.358627531772694352e+00,6.359505781013322645e-01
6.485052441995201811e+00,4.939552751626680838e+00
2.054973927194606276e+01,9.702300244455672740e+00
8.825139497538817324e+00,2.384883274064033554e+00
2.575765499888519727e+01,2.066550240908075864e+01
3.453457084760001849e-02,2.203691586074162448e-02
2.572107600663393612e+00,1.250931164211623647e+00
2.929682761541717539e+01,1.894727405064599779e+01
5.206761838601987158e+00,2.342371601845218088e+00
5.538666674274447033e+00,4.904125107331222644e+00
2.615275552530356507e+01,2.068137761700594979e+01
2.262953191361684802e+01,1.377686734599810947e+01
2.095355266662906946e+00,1.560766638596890576e+00
3.953605998364154495e+00,1.562342165038359987e+00
2.449059698779059246e+01,2.373788047574921833e+01
7.731491753427695457e+00,3.293098113375456215e+00
1.649589601717056553e+01,6.419128649384750140e+00
2.708767251080854166e+01,2.189774472897954283e+01
1.370692044125458239e-02,1.229249492907002507e-02
5.284366824053875256e+00,4.011586041487410270e+00
1.304846912519154500e+01,1.277485197915045134e+01
3.747039574017744901e+00,1.476458325766161650e+00
1.806590007469495163e-01,8.988540663829304445e-02
2.756252323706426210e+01,2.188682706711930237e+01
8.174256628593271401e+00,7.219540073070787933e+00
2.638256122696266104e+01,2.535021486296788495e+01
8.070092866218116612e+00,6.726527290258251135e+00
2.977122722519272102e+01,2.039567016962401524e+01
2.254762330999713171e+01,9.821119684203761580e+00
2.294622830243720912e+01,1.365490568880001732e+01
2.406678056642271457e+01,1.993385977026342815e+01
1.337454358009851074e-01,5.775045152307869273e-02
2.314499551113866005e+01,1.163438437418948368e+01
2.541928650226728337e+01,2.095057256085133801e+01
3.897427136277012760e+00,3.685023979596461441e+00
9.583997638871856850e+00,5.467849629219795560e+00
2.413852079333042866e+01,1.874154550136721298e+01
8.171561108729088474e-01,5.219261239143384579e-01
5.328837031257686263e+00,3.731894640008694086e+00
4.563570912363132948e+00,4.518484117353738228e+00
2.656414038609502271e+01,1.908532961518521986e+01
1.430209392221983400e+01,5.610495248056100337e+00
5.639606121057728849e+00,5.358123334450951347e+00
7.685466642130680093e+00,7.092857999635480581e+00
1.914641917455310605e+01,1.262282915968909691e+01
5.701795685143392411e+00,5.114612170213909792e+00
1.236506113044850430e+01,3.217872537363934082e+00
5.044946557175581603e+00,4.479048103806008818e+00
1.493211627793153795e+01,9.669988853727423006e+00
1.180175434935749390e+00,3.111968419888256898e-01
1.167251059246612321e+01,4.901973969262353847e+00
2.525162398059676780e-02,2.149521265855363142e-02
5.406000595270969100e+00,5.348182511463418720e+00
2.836666997888673336e+01,2.183665795732083126e+01
5.779256241711664410e-01,3.070731228199041207e-01
2.536115689016223973e-01,1.349844239552813463e-01
2.718434986930055786e+01,2.108803294713099774e+01
1.123351366108364502e+01,4.853635776878896024e+00
2.576402476388817836e-02,1.403161792439266628e-02
7.212752836676306067e+00,5.861041563413270872e+00
9.895480403765915867e+00,3.553657382668287124e+00
7.242616538373477297e+00,5.805970007862170768e+00
1.461743426694357240e+01,1.338626978958478730e+01
3.708248033868136506e+00,3.258641757730234900e+00
1.889481497308173630e+01,9.365979919192605863e+00
2.811099985301018123e+00,1.453977963771418302e+00
8.488561449213873900e+00,7.999394284071434491e+00
2.846507200739940657e+01,1.929000160330835101e+01
1.257139507371910980e+01,6.317601544210404541e+00
9.453134274423833361e+00,3.207266432065411621e+00
5.403103139791396003e+00,4.165730531090257038e+00
1.512738533149653719e+01,1.282212014957890567e+01
1.897990627194105073e+01,6.948905806848344469e+00
2.171104353437538137e+01,9.825973608551468175e+00
1.365895061730475568e+01,9.629146099361381772e+00
1.413486405067549523e+00,8.342152453486103569e-01
7.922074054608102545e-01,6.174130613382285970e-01
5.876428794741084261e+00,4.668200203844529383e+00
1.887789474548598534e+01,1.643259799550074263e+01
1.480899662803592953e+01,6.216479736253487154e+00
2.044861977392227459e+01,1.073672734749032465e+01
2.953634476023430366e+01,2.001348901540815461e+01
1.030405827029650778e+00,9.219906388255469931e-01
1.694192102298373115e+01,6.219561039719278206e+00
2.520869726013391698e+01,1.785255967343662320e+01
9.825350237040213486e+00,6.010713054627499830e+00
1.161287607175871761e+00,9.556620496044468949e-01
1.344478584427514667e+00,8.029065450823991146e-01
8.782956813000121488e-02,5.275767762362629926e-02
2.635992176816411359e+01,2.020468167512431279e+01
4.504424730224728002e+00,2.220202979164340729e+00
7.161357583846131192e+00,3.461726706988920377e+00
7.880349118722015156e+00,2.142069100951469629e+00
9.078921677606807350e+00,9.143669302417674061e+00
2.842303841777095030e+01,1.394471521203509390e+01
2.722110933851819325e+01,2.570487058480885878e+01
1.396580208075109120e+01,9.454361803232149697e+00
2.408533687445340732e+01,1.075044803159477524e+01
9.298518631138544266e-02,4.657840269841938968e-02
3.195833083449820533e-01,1.879888426710830118e-01
6.865465435681891826e+00,6.286670387030107499e+00
5.293871044879204568e+00,4.808134811134015862e+00
1.140138705317866119e+01,6.417524698430836061e+00
1.421874038019191600e-01,6.626727320152579759e-02
2.544331296354930316e+01,1.167288081334921301e+01
2.693479572281706869e+00,2.229285804972759522e+00
4.217656295352024465e+00,1.476653201003661264e+00
2.468303939502276378e+01,2.313758857303897898e+01
5.713246941116992272e-02,3.811472733312003952e-02
3.085854581909647010e+00,2.592952151266737726e+00
5.731196107029806974e+00,2.239755506018557440e+00
2.236880457588745941e+01,1.246279118630566707e+01
1.481319489159667047e+00,7.835647239470536762e-01
1.178784953576903227e+01,1.340684014687439962e+01
9.596498780808920159e+00,5.362339766810499064e+00
2.423956702898158788e+00,1.189735410500194268e+00
5.150345149506972753e+00,5.086342265831507170e+00
2.739489264737909835e+01,2.071412915182489911e+01
1.149197843475530334e+01,1.159192228142582515e+01
2.215494454626013265e+01,1.023012947922597782e+01
1.910987533785608150e+01,1.602876404788623432e+01
2.874101046206287080e+01,2.332391003186427270e+01
2.382236241102778607e+01,1.195699398166979144e+01
1.884102335099210634e+01,1.363505665871239891e+01
1.101148819797191614e+01,3.133023996520710952e+00
3.062932023217131983e-01,1.649816228077718439e-01
4.127711837860324806e+00,3.514815780455752936e+00
1.047987334542678539e+01,1.591043656403298989e+01
4.247117421287716965e+00,3.177980747551422347e+00
2.621330659492945259e+01,2.183270820056509720e+01
1.236471611851517771e+01,4.023295758049934001e+00
9.396155766008254417e+00,3.253792843748267050e+00
2.328994404222918035e+01,1.120107621186923552e+01
2.468387700847057076e+01,1.577842957461420248e+01
3.270062858029821484e+01,1.476260221292284847e+01
3.118320004106528431e-01,1.245930625465491853e-01
8.455065470772916633e-03,4.118932355900807585e-03
1.227962330049290784e+01,7.715513139963793954e+00
7.672161492798832381e-03,3.640409012581725424e-03
1.310561482976074288e+01,1.217062476441018504e+01
6.122400786446378973e+00,3.819337317374885910e+00
7.938058568856891206e+00,3.215933277825768766e+00
1.011326981246863793e-01,5.957259694815453255e-02
2.184398821855417694e+01,2.147582493067037390e+01
6.237090467418171524e-02,3.849606715849421268e-02
2.057529220312534690e+01,8.068349260436171733e+00
1.164907874190733850e+01,3.403832010954061627e+00
2.848860315768382634e+01,1.326675348177505320e+01
2.353513268527439450e+01,1.185801057022351479e+01
1.978670563639043678e+01,1.730026014676826307e+01
8.609809660300297152e-01,2.768479230727735607e-01
1.816655275832355088e+01,1.454010832055192637e+01
1.721802399054872623e+01,1.372861763101886368e+01
3.801650519796201166e+00,2.133938320341134176e+00
5.939783633615899200e-02,3.720307797016220858e-02
5.814380857885630416e-01,2.128186722847516532e-01
2.333113268477853097e+01,8.896294343850765785e+00
9.926224881155498281e+00,4.695725171735169567e+00
2.035632383154351288e+01,1.469430104761446998e+01
2.826971898586927878e+01,1.846070958799852590e+01
4.206965109382299617e-01,4.290293393676024580e-01
9.735518726530177913e-01,5.346586852005995594e-01
1.133273131435391434e+01,1.255453546114820007e+01
9.804245601938404775e+00,8.499680869247812964e+00
7.112311334126325768e+00,2.396717603400917440e+00
1.780374381587528276e+01,6.963108742028818909e+00
1.210484111278598007e+01,1.217247632370378874e+01
1.489778373683335921e+01,2.465363370792845998e+01
3.155584524318246054e+01,2.113088734068817232e+01
1.892547394961568585e+01,6.686781440117749220e+00
1.375085730254654859e+00,6.765405501957536538e-01
1.275296047554423851e+01,9.006989064392316280e+00
2.615316468259227634e+01,2.170046366664050197e+01
2.291981323280272420e+01,1.282654146667162287e+01
1.748008708864568916e+01,1.475089662334677598e+01
1.988691182659670098e-02,6.578927841432497502e-03
1.681647934228810634e-02,1.004679964368736592e-02
1.127373246978735111e+01,6.074426460108775849e+00
1.707090473036144118e+01,6.828533060550472378e+00
9.207347282392759624e-02,2.148509121175036160e-02
1.374839837899597761e+01,5.662360878963458966e+00
1.357639556831321759e+00,7.251558023099333727e-01
2.902888970820500703e+01,2.413788524624174414e+01
2.770397689579504164e+00,7.040611511814525159e-01
2.171314294768384912e+01,1.734407257317338136e+01
1.557206108317969218e+01,9.734907569703263874e+00
7.789027423472253631e+00,5.482943434362473667e+00
4.066599521750328705e+01,2.347031487961844221e+01
2.220593417001373737e+01,1.120021394741834975e+01
2.281813257903840508e+01,1.909890123307438614e+01
1.878228528481797402e-02,1.574221735240557279e-02
2.362458273422883792e+01,1.730900232261621241e+01
1.608779712863550815e+00,6.033092060744699170e-01
9.409412232179781288e-01,2.978296019986431675e-01
2.475484857427863261e+01,2.199633598467325157e+01
3.252437729430181435e+01,1.536982479143339297e+01
6.260760774281774133e+00,6.181930620066556692e+00
2.468754587740194140e+01,1.887603319568609450e+01
1.175289722594582198e+00,2.824722104610869478e-01
3.032867370281170594e+01,1.503975674443044319e+01
7.860751212846770031e+00,4.019538623970434266e+00
2.193677039273053408e-01,1.118025204849016352e-01
1.587602738589543172e+01,8.105987493963796808e+00
1.733470457722605218e+01,5.827904202083989738e+00
3.845659699032052264e-02,2.167570938053918830e-02
2.243102609566144778e+01,1.473847538863223328e+01
5.279666888568953276e+00,4.205552675943265761e+00
1.659891266696760326e+01,8.574432295769570445e+00
1.513596720992654576e-01,8.882681552870301533e-02
2.517739452211466555e-01,9.436781998341399469e-02
9.035005192890919190e+00,3.733778290696000202e+00
2.431122295233715391e+01,1.036465533699112029e+01
1.441214206600687575e+01,6.304359481991900438e+00
2.115640789542599237e-02,1.217390009773039114e-02
1.261030794041928438e+01,1.154697121684539418e+01
2.650839223522841692e+01,1.100160590554105156e+01
9.976506661678321564e+00,1.278170229563709803e+01
3.618487505254181502e-01,1.560974968713517985e-01
1.054368403408793498e+01,6.597133004515868926e+00
9.613392546594941024e+00,1.065266393408003154e+01
2.585829375968327781e+01,1.514990335811479660e+01
4.290954833862091533e+00,3.482061241399065032e+00
6.792779588673093782e-02,4.845643609132995605e-02
1.092890570731806649e-01,4.839492811380344262e-02
1.723047560848003457e+01,9.374788273206910105e+00
6.295199112952320597e+00,4.940895715425259738e+00
1.820132660112385636e+01,1.682369640353514839e+01
5.443652264051429546e-01,2.236418114545769553e-01
1.327226013621477518e-01,5.337822238276933307e-02
1.315251655292685729e-01,7.353365168419123687e-02
1.256797235358391385e+00,1.158072821528833174e+00
1.815430707270409982e+01,1.693725914307017177e+01
1.285180042919071397e+01,8.833327131448843517e+00
3.369278262954367875e+01,1.608890489257190382e+01
1.723085681115921730e+01,9.187973997658092529e+00
3.144667559663836265e+00,7.077792454881086659e-01
1.294608940312187073e+01,3.413676815905062334e+00
6.919838738644080500e+00,4.842947805792259253e+00
2.432325141168161764e+01,1.034386258395874592e+01
2.275018325283933862e+01,1.130742996387637866e+01
1.266432750137889052e+01,5.556518090608875582e+00
1.814112090230929297e+01,7.673722040367998432e+00
7.048771177171888169e+00,7.006363215629765939e+00
1.100565459774794164e+01,1.199264287756915337e+01
3.576359697665102644e+00,2.809644521597837397e+00
1.201273104938799641e+01,1.168398197412193618e+01
3.625252826495068970e+00,2.745201840249821057e+00
1.604366581851661522e+01,6.887235598818226556e+00
3.673874090953309857e+00,2.975319065906311788e+00
5.782375038234163434e+00,5.353677897672817210e+00
2.283707461907862779e+01,1.130215473605486132e+01
1.262008307980257538e+00,7.124372931155017463e-01
1.657830296976527507e+00,1.180258256643291537e+00
1.903453122241788620e+01,1.744857422513313239e+01
2.775282830362976583e+01,1.103344993091851656e+01
1.635864882472809256e+01,7.569458826852611288e+00
3.404257989333010770e-02,2.406336963142844884e-02
1.446271316308672183e+01,8.699013964380112540e+00
1.805396293249994244e+01,8.160607494942732743e+00
1.197609328923771865e-01,7.167023668167928074e-02
1.706336816790286548e+01,6.588126976317059125e+00
1.087776926238797487e-02,1.064730611474239835e-02
1.830230828725872527e+01,9.172235308024507816e+00
1.386395811693084923e+01,1.176304035825732797e+01
2.325744189589826050e+01,1.600375087939612229e+01
1.225021162854160117e+01,5.200021667993222074e+00
2.841029293743979522e+01,2.287492754388307503e+01
7.344047157512861856e-01,4.369080666186030970e-01
2.691341636268727910e+01,1.307741752545206992e+01
1.811923471844366418e+01,1.190189020181654733e+01
1.256521520547304860e+01,1.254408838358607703e+01
7.671168548540925336e+00,6.840141851051116717e+00
8.032074231390256003e+00,8.352228878033844950e+00
1.507721970614467466e+01,6.983546503270831707e+00
4.521426188708931093e+00,4.000828525744297259e+00
2.295712939091353044e-01,1.160722800576656916e-01
1.448092570584669403e+01,7.927009703585636835e+00
2.149147927645858047e+01,9.074708257192662941e+00
2.479454268917580251e+01,1.781713156948971744e+01
1.156150704428874576e+01,1.018097464730500157e+01
1.966873840284817598e+00,1.213251130930921073e+00
1.676292566415222041e+01,6.519480271047882525e+00
1.377513807656949529e+00,6.988738244466026206e-01
6.653279880841341587e+00,5.573852246807771138e+00
1.746369602830538881e+01,1.212807504926128921e+01
2.319522107238742947e+01,1.099106615413451493e+01
3.570283039090157207e+00,1.176446893973053687e+00
2.613215389286577661e+01,2.183344892930356806e+01
4.998319345014773596e+00,2.951685607656988619e+00
1.530397728634621091e+00,1.269279136300486943e+00
8.848333868641326816e-02,5.213005798045382971e-02
2.064340461637524271e+01,1.972992760074069096e+01
1.869611998293200017e+01,1.040311425301609738e+01
1.035507525516095129e+01,1.118313896290898590e+01
8.695050447214317302e+00,3.845691244470312409e+00
2.193700266774956803e-02,1.484851928559722742e-02
9.856776090170933813e+00,9.522504134436056589e+00
1.944801961667356593e+01,7.489896444819517107e+00
1.219271520846300483e+01,4.544721613937883653e+00
9.602418316225335815e+00,5.311671298725794799e+00
1.829476371901916210e+01,1.111528115631939606e+01
2.328007262325450633e+00,2.208228766356542305e+00
3.512576328528119879e-02,2.943961282251588221e-02
6.111482525241156427e-01,3.367179608363056742e-01
2.107788746208409669e-01,1.159650554252154575e-01
3.791777659144715540e-01,1.563869403810620728e-01
2.545111862780491663e+01,2.449775651764686657e+01
3.178409400915352401e-02,1.908866519706752668e-02
9.853213419080919522e+00,7.038185424126022660e+00
2.227802297168934942e+01,1.844910292485408121e+01
5.461736518996712642e-01,3.306528428599950775e-01
2.521174848097707510e+01,1.903123881454366995e+01
5.893915811193281229e+00,2.183034962326803718e+00
3.327612654073729970e-01,2.144511616284033861e-01
1.793576910891475862e+01,1.350015885111933223e+01
4.719275619581470710e-02,2.935182959103684042e-02
2.039125099169648792e+01,1.199086731324751476e+01
3.912389392030015500e+01,2.060130291949482739e+01
1.234836649108097983e+00,6.436136083156335230e-01
6.557521588404331692e-02,4.037742144556070306e-02
1.014656872966765433e-01,9.142724827708728630e-02
8.442533846734773917e+00,4.506199806937524421e+00
2.499205895642533370e+00,2.024567222841056946e+00
7.808279273704532564e-02,4.712589768277544028e-02
8.499014009362437783e-02,4.871226716099669868e-02
6.916032699274711204e-01,2.607489394307981878e-01
1.282308073180962005e+01,3.366966159005377879e+00
9.902109586778280459e+00,2.702424054735122372e+00
1.980510099045783123e+00,1.841151084243754177e+00
7.716585963397850634e-01,5.097325868265865090e-01
2.394819905926676995e+01,1.901141784872588758e+01
2.828369222254809023e-01,1.717971357245156594e-01
1.458502340952616549e-01,8.512585648007184314e-02
2.451862005785192622e+01,1.777560999484648363e+01
1.267672909228342970e+00,3.746881618758078902e-01
2.713589883199304964e+01,1.946259177737318069e+01
5.967535804738252070e-01,2.234570057579174374e-01
2.031587276395935859e+01,8.892148789760142336e+00
1.069747455454974983e+01,4.456354317957799793e+00
2.323262080930982520e+00,1.864775862178100319e+00
3.876211397401443381e-01,1.489105544560745120e-01
1.750772361782438580e+01,6.192283806654804934e+00
5.953938838896607466e-01,3.150588595229327771e-01
2.037795291927686137e+01,1.542008686594975231e+01
2.709641792116419268e+01,1.213553224112867390e+01
2.662929803571650211e+01,1.630666982135845799e+01
2.285304182775946913e+01,1.304247451327240270e+01
9.749496683934886221e+00,5.585375348160934728e+00
4.282055951843702246e+00,1.576516345847580824e+00
2.250997707538162018e+01,1.638031662413749245e+01
3.990347728020497087e+00,3.240051617782291338e+00
1.516152095595785509e-01,7.818936078550677016e-02
2.467371866974205830e+01,2.309352981661633919e+01
2.613717876419161673e-02,1.694734245389089081e-02
2.383979552038755223e+00,1.996412692291884339e+00
9.456617904785202811e+00,7.392140783423090333e+00
7.317490614193973286e+00,5.221552529043806956e+00
2.846521995022229490e+01,1.827454457329828585e+01
1.595795694717161081e-02,1.483579092982100292e-02
8.084017345885870398e+00,7.302497445728217684e+00
1.082705522109481500e+01,5.560198379637859567e+00
3.471996163697872007e+00,3.212162296491463120e+00
2.046381769790679073e+01,8.812923394031537683e+00
1.982239549865938422e+00,9.901027536130454498e-01
5.420164345096289082e+00,4.573717087997402508e+00
2.634566859865110189e+01,1.088463895250250779e+01
2.449595313711623937e-02,1.794446649282083542e-02
6.312868857143738577e-02,3.751475842111993975e-02
1.488936033485783739e+00,8.563345142998607384e-01
5.732239629109368850e-03,2.328037937927815524e-03
9.252292432116952792e-02,5.519196835575834736e-02
2.718039052521190158e+00,1.162611889866647319e+00
2.021095498234732091e+01,1.113790392407155494e+01
2.881344522487111134e-02,1.684387589840440416e-02
6.268378552159243000e+00,4.339897771432641882e+00
4.932802204864759510e+00,3.493866148657589932e+00
3.980228058006382952e+01,2.134318325542493255e+01
7.158377297188118327e+00,2.611315003923104783e+00
8.362258805425847541e+00,7.011035942776337571e+00
3.922779377546345425e-02,2.647384251811061434e-02
8.557208498694464371e-02,4.966410962345353675e-02
8.007871010266640610e+00,6.927096398228446361e+00
8.710476872003244941e-02,4.442433770929556797e-02
5.314647570726685366e+00,3.093157420683795955e+00
2.392181451488297839e+01,1.297183332607376371e+01
9.516961729248730961e+00,7.650738097997672682e+00
2.940134940099924155e+00,1.870096337818972998e+00
4.499312622484134216e+00,3.419358820894093931e+00
1.132761493639850237e+00,5.951983986521008907e-01
8.902784554799965389e-02,4.873268501029612981e-02
1.798849892891506386e+01,7.072350698060676955e+00
3.705498051701309747e-01,2.115013913036107862e-01
3.096634772495119758e+00,1.350122023230552415e+00
1.723887302951568756e+01,6.676997879576303419e+00
1.113671927937559047e+01,2.950266128700941071e+00
2.686834484423877001e+01,2.435310044828411336e+01
2.545460205367860596e+01,1.394241614510355021e+01
1.506696476640983207e+01,6.728192790752958174e+00
1.612689532435144102e+01,4.444518731977571413e+00
4.097712188862668858e-01,1.440211933417142598e-01
2.416848153987087855e+01,1.607790622241398637e+01
8.015131011446547937e-01,3.112010889900841404e-01
1.721285820903204478e-01,7.453639064315410734e-02
1.488989646112735876e+01,6.185676418500715812e+00
1.500049260727244649e+00,1.296186069674958308e+00
2.466595017061014872e+01,9.738911097120599436e+00
3.496261893671360976e+00,1.367624040475511116e+00
1.070270972508803986e+01,9.029086738001602441e+00
2.015012155722625664e+01,1.342907298609488898e+01
5.384107276652200014e+00,2.137522249457048940e+00
1.956920176265613875e+01,6.749594443466326865e+00
1.007683753774032270e-01,5.859896776902518561e-02
1.993632925104421005e+01,1.046332252714336697e+01
1.857152917825496985e+01,1.547999881654118504e+01
3.747658999913259376e-02,2.438313295876881961e-02
1.639686605328041225e+01,5.773180441198025648e+00
1.185543955007526762e+01,4.488952758618077965e+00
7.461441324436631994e+00,2.349645368771434928e+00
3.129770776999113124e+01,2.053394566641612684e+01
5.858448477997330706e+00,2.710936897799993250e+00
3.906186737858435176e+00,3.184573042245348429e+00
3.234162575638315218e+00,2.119339238356671817e+00
3.842909216432936148e+00,1.689245759542613801e+00
2.236043406505664777e+01,2.051390571337509527e+01
3.125747149552802751e-01,1.661095536642862025e-01
5.862329564607112076e+00,2.216254995579630016e+00
2.483418830729186411e+01,1.563579812736399433e+01
7.042568585473842901e+00,6.297814577924828683e+00
1.338478918315948896e+01,4.367331590889246939e+00
3.023811014395285568e+01,1.358894475946398295e+01
8.247344709559010667e+00,5.796945647937006285e+00
5.814650060558562705e-02,3.098611971030235113e-02
3.431976455767344003e+00,2.901777280211221832e+00
2.185538732522937977e+01,1.171813702112529043e+01
2.475218467825139254e-02,2.395883755257693926e-02
1.214150871491963990e+01,7.681833946050536710e+00
1.328531394789896680e+01,8.989846132168068493e+00
2.238098035360346572e+01,9.983632524160231725e+00
1.626202829184844845e+01,6.988691607458006771e+00
1.831733237423941674e+01,1.196431442996997951e+01
2.681778000036961274e+01,1.746109303843728355e+01
2.743266127307594715e+01,1.128829773546018167e+01
8.583418140198679325e+00,6.865951327952374506e+00
9.103280020533889072e+00,7.609343267176569725e+00
7.209972114207719329e+00,4.087525560307534001e+00
9.658671308767922126e-01,7.598021504511436319e-01
3.690883199300678985e+00,8.909568819065599721e-01
1.918213423280256080e+01,1.469438625577420510e+01
1.647168429477905205e+00,9.594842008061367222e-01
1.193157345553723836e+01,1.174597788039402069e+01
2.845796581743365472e+00,2.198939028786687899e+00
3.127487251340056229e+00,2.590188843324158441e+00
2.287213375819319694e+01,8.170002033479518033e+00
3.025656063756632541e+00,1.863164998934918604e+00
5.948990410931263462e+00,2.873882213203002856e+00
1.165377558550680170e+01,9.719747759484093308e+00
2.688985169929089736e+01,2.242859009063639064e+01
1.568251281977378397e+01,5.320437795172830775e+00
1.546135625782205913e+01,1.901856912915236819e+01
1.363958353346425945e+01,4.668190937596167878e+00
9.610878911275465342e+00,1.064640383461367890e+01
5.135466411087580063e+00,3.376326572812167637e+00
6.488892012014822741e-02,4.031570889731584534e-02
1.217886732125026406e+01,7.899745131682507804e+00
1.118006738271076550e+00,5.274013935156789401e-01
6.167542617571792007e+00,4.412554410046552356e+00
2.468200983094165579e+01,1.585403572653354942e+01
8.202899205836784446e+00,3.398136488167240898e+00
1.610087042425274362e+01,7.938697632736714915e+00
6.731944518178716308e+00,5.742626123778320490e+00
1.572921344999827831e+01,1.105358299034391933e+01
2.341410132777433262e+01,1.482339763029336943e+01
1.081920294292233820e+01,3.897838509130952644e+00
1.569004083374800551e+01,5.266819138825607816e+00
5.563076098879195241e-02,2.321835852572167597e-02
1.974820943211684821e+01,1.261480483197997060e+01
3.203271565215748851e+00,2.726288769912657006e+00
9.509422417093725599e+00,1.050907009705750106e+01
1.592235363417633742e+01,8.753284102826361490e+00
2.099573164206665865e+01,1.560324990059840644e+01
1.262349758285225221e+01,1.016522879851312844e+01
2.851765727956718877e+01,2.139875767287286124e+01
2.575620176650018678e+01,2.096937770749529761e+01
4.802326037602702019e-02,1.111434338327764448e-02
7.021694270785401315e+00,2.397471976395272097e+00
8.572899882654439807e+00,7.627501094520075853e+00
2.521829482522167432e+00,1.087445929332874872e+00
9.275991647137416862e+00,2.421558683579946081e+00
3.221945459120849620e+01,1.474929873828572902e+01
1.551991000376017027e+01,8.591164259069747899e+00
1.022358428312649714e+01,1.004798228155874540e+01
8.612642701804854029e-02,4.661098487139769819e-02
1.388739884863262475e+01,1.067894712146788727e+01
3.607299454584190546e+00,3.403632357070150771e+00
5.508288176869815977e+00,4.976847348962475159e+00
3.997518587642683724e-02,2.498913354782086524e-02
1.415029127321342672e+00,8.117651400568411946e-01
2.117454287905792754e+01,9.090574869758833998e+00
8.465669058465744357e+00,5.131802059755294465e+00
1.159055012469992185e+01,5.276400266528039396e+00
3.230446843371218080e+01,1.487679412503124787e+01
4.719153246076668751e+00,3.306955193334530030e+00
3.838075819555071266e+00,1.452595005031871001e+00
2.569306307206741735e+01,9.953472471096175056e+00
1.443444667298280137e+01,1.355483441520558863e+01
6.167085625105972468e+00,4.302472640372518420e+00
1.564785676645346513e+00,7.445458270950396917e-01
6.852182872513453704e-01,2.692342750525872352e-01
3.135659096160876302e+01,2.074610446368879124e+01
2.521233726516315699e+01,1.764415811457982386e+01
6.129614115087490767e+00,4.999303968125548003e+00
2.318952170197057328e+01,1.585453279607369126e+01
1.882753589881811962e+01,9.242767966512031919e+00
4.967462818285115628e-02,2.400025121769999020e-02
2.835814983017537472e+01,1.122043183500746544e+01
1.058379339947503084e+01,4.330160369146607735e+00
8.754772219963701474e+00,4.796990345304056547e+00
2.525727324288231657e+01,2.065844483567377310e+01
1.417194940196940500e+01,8.691408874808187690e+00
1.926524260030865743e-01,9.807394268041909335e-02
6.852253141980553686e+00,4.742398348129117203e+00
3.519591262603450232e+00,1.771299834918637517e+00
3.945365823141106620e+00,1.731994181135052102e+00
2.532027457588656816e+01,2.239108171724416962e+01
4.192677386410538887e+00,3.349311597598034318e+00
1.969970541543039744e+01,7.810728423052128555e+00
1.931748662453573129e+00,1.237004357060421000e+00
7.236919190404246471e+00,4.838918766811428185e+00
2.046148108901892360e-01,1.063887484950120088e-01
3.339034330609617074e-01,1.931593199388444149e-01
2.462929996886153994e-01,1.610567670271216556e-01
8.374546357076154024e+00,6.720250239723617014e+00
2.960383055544299480e-01,2.282919562147654735e-01
1.259525109090823047e+00,1.017444303645996806e+00
1.678506781296620431e+01,5.856475315849555052e+00
1.587496465952573388e+01,6.400921201418720230e+00
7.167996944798329384e-01,3.053070238406851988e-01
8.033952071732093358e+00,3.673741498417485651e+00
1.552750131613911044e+01,1.163862741775007059e+01
4.819799013343608468e-02,3.177789029263092951e-02
1.369611050973299449e+01,7.415461888602270513e+00
1.386312966391794710e+01,5.593325969239623774e+00
2.118604789793110399e+01,1.727607939869285403e+01
5.278737562640800185e+00,5.154323428486120129e+00
1.236117511377610789e+01,8.686153359829871690e+00
3.226195878438696540e-02,2.658008035339122846e-02
4.571955494249495544e+00,4.146124751020738408e+00
8.240294039137861404e+00,5.428127872101415008e+00
2.643012933099071304e+01,2.026224040787850811e+01
9.743163809664142860e+00,4.226847160458993891e+00
2.595156876630579390e+01,2.114069917588613734e+01
2.926147491231854136e+00,1.638479679467125250e+00
4.196022888031249565e+00,3.329208558401566265e+00
5.013750409407673025e+00,2.339705817037386115e+00
2.176281466503773576e-01,1.349256025825538163e-01
2.813120286122608249e+01,2.749055686871964710e+01
5.417545053229125968e-02,3.318381284562753331e-02
1.312063626910089198e+01,9.332463267970583232e+00
8.993174900281770967e-02,3.678767265414906867e-02
1.048693937042476820e+00,8.518826212407768494e-01
2.231879289643617170e+01,2.066661754912890459e+01
1.192431898492441356e+01,1.205586004857419269e+01
1.073998445546601843e+00,8.771127591633752774e-01
2.043998515074513733e+01,1.235470634101085352e+01
4.718151689896466827e+00,3.880168502933944996e+00
1.961001891442305123e+01,7.831155369948579192e+00
5.465416399894265531e+00,4.491447696749169438e+00
1.473654577162266388e-01,7.463420334382889210e-02
2.283599876006225493e+00,1.026431309111986767e+00
1.186745441506604415e+01,4.819946452514956903e+00
2.291677975398654254e+01,9.041835977534894653e+00
2.463583372196447385e+01,1.521495585182145938e+01
1.509594128483265907e-01,7.216750525374876490e-02
8.803479152384772632e+00,7.332697410908610713e+00
4.425904301100876403e-01,2.263347534751436463e-01
2.156852186626731083e+01,7.504346014505886231e+00
3.511413262666850804e-02,2.434114810732642895e-02
2.564327631080936420e+00,5.555685705679478392e-01
2.508394245491607322e+01,1.301944814552089191e+01
1.498976749335119596e+00,1.253638370295215410e+00
7.106242665334548292e+00,5.286963747805209834e+00
7.007352693608820404e-01,3.356601644173266008e-01
1.170992952164393308e-01,5.940460717105112282e-02
1.823647676701200027e+01,1.908317407529370868e+01
1.062811042626797686e+01,9.981946347844996126e+00
2.415504283989293555e+01,2.129385940406680788e+01
6.716806057732637392e+00,2.175215706689332507e+00
1.527505075788272437e+00,7.759699052051389767e-01
1.439735487798611580e+01,1.007516508927923304e+01
7.296981116566210623e+00,6.061148953675265183e+00
2.352535134446025822e+01,1.464857107877941900e+01
1.833302496995863962e+01,1.659552567039922621e+01
2.841406549735730280e+01,1.177366478824965057e+01
3.186982596236995313e+00,1.421632882376784313e+00
1.984210473862433233e+01,1.832800974114597992e+01
5.602575245858743891e+00,5.072663374643585854e+00
9.298599507897497674e+00,6.364620790794929484e+00
1.432965919397246601e+01,1.173300107861908437e+01
7.436809316159235905e+00,4.928767778719168824e+00
1.020580480394861667e+01,4.047343681074804245e+00
3.115125147598373090e+01,2.155680073817536169e+01
2.399674987345494870e+01,1.666335846602146731e+01
4.257737162515349283e+00,2.160875661233589096e+00
5.394135487782881100e+00,3.679649811088705924e+00
2.366635321415521886e+01,1.496792617638003975e+01
2.815712972150742388e+01,1.858891418353485037e+01
2.282420979297218011e+01,8.722775627749321359e+00
5.387918696039490030e+00,4.313182959368566216e+00
2.416627896132849074e+01,1.866906614358660832e+01
9.808918933947932572e+00,2.859671135885813786e+00
2.350676915487623830e+01,1.809936053782171683e+01
1.839069332290118552e+01,2.407607820258880338e+01
1.232543415338887272e+01,8.970201440261995174e+00
1.075201369441979260e+01,8.234902634594064352e+00
1.797827499660888861e+01,1.175551657322127141e+01
1.150839024401679644e+01,3.218488190657060155e+00
1.213476685686123657e+00,1.009836635038806385e+00
1.819059340832127347e+01,1.690433217901852814e+01
5.607730824747107157e+00,4.274035220875987306e+00
2.543733173841713935e+01,1.419903657886239756e+01
8.468080577712076007e+00,2.815439142074855905e+00
4.432735378195014952e+00,3.972416051943541859e+00
4.315597260259557144e-02,2.888407675644326031e-02
1.085635806408159887e+01,6.353435564469549490e+00
7.641343222136645963e+00,5.974626829043932830e+00
3.390503086758941631e+00,3.140383149998362544e+00
8.949384022340246825e-02,5.161894355761702941e-02
2.769782498039250473e-01,1.192809103313473562e-01
1.127148377091243409e-01,6.432041412750552634e-02
3.965509621054829292e+00,3.433896975266739204e+00
6.452892861311794181e-01,4.305917330280502608e-01
8.627341557605520350e+00,5.003623370321092168e+00
7.379958162388111198e+00,5.048810643017268340e+00
3.520086018810424378e+00,3.079345555873238105e+00
1.335927530778076111e+01,4.188325688924040335e+00
1.877801286790078095e+01,1.988092223016757032e+01
8.231922005968204559e+00,3.707981933191976331e+00
1.777023956563856810e+00,1.127412054927921403e+00
6.629644386175398196e+00,5.519529940147917202e+00
2.832616130433318702e+01,1.894298522118764083e+01
2.461945384557507666e+01,1.600207408433294276e+01
1.856331598202407918e+01,1.797118806599283758e+01
4.329143440062717119e+00,1.845535485603290393e+00
1.434850039412053913e-01,7.416264191473906364e-02
5.698664067284665846e-02,3.579151242166226515e-02
2.823959901718385221e-02,1.642461124157999081e-02
1.792299083027646134e+01,6.620649391264373129e+00
4.543976507677133903e+00,1.104048679831034940e+00
1.134269920576104651e+00,6.067854164077240986e-01
1.845675198006711071e+01,1.335570293268542663e+01
7.445815946420085041e+00,5.377918424371856965e+00
6.713126871210215896e+00,2.814325969626261692e+00
1.492252684907913185e+00,8.528324108411087234e-01
1.015600755708063119e+01,1.008223389405230819e+01
8.657007343545023659e+00,5.744237771030186401e+00
2.569857436240114268e+01,2.290627926083736554e+01
5.806700465358110463e+00,5.279211731716719314e+00
1.738732361616710742e+00,9.833409437333178182e-01
6.459690081578062237e-02,3.703909276167188097e-02
3.836340677853345565e-02,3.203474954026273858e-02
2.306120333635972486e+01,1.109471991609205332e+01
1.015581984787353598e+01,6.280822612800436744e+00
9.151922836005230266e+00,3.152958425047941660e+00
1.971169853988095966e+01,6.802677596786925740e+00
2.000113989279528681e+01,9.157152935214767808e+00
8.306712122390207398e+00,8.640255651397827918e+00
1.177399572494505975e+01,9.488441610897304201e+00
1.522642701300612167e+01,8.231276692113258520e+00
3.735086202189349169e+00,3.645712109568653769e+00
2.373229027908135791e+01,1.951647967218901414e+01
1.715872086215281200e+01,1.399471566834487035e+01
2.363006802090718494e+01,1.821990816082655940e+01
7.851018294240536655e+00,5.592788129765462024e+00
7.791441778019727593e+00,6.663305137857751248e+00
1.689956191549048942e-02,6.056983637337862332e-03
2.933463019349096612e+01,1.348984199123844618e+01
2.255883505764523989e+01,1.134050663808491599e+01
4.603515184295236651e+00,2.266254004505945385e+00
2.642767291080334521e-02,1.715692270368383149e-02
5.592501511476524634e+00,3.985305613324710450e+00
8.108529228988434756e-01,6.640369459571997535e-01
2.961925498628158948e+01,2.480110987622045471e+01
3.723329186858376477e-03,1.886837377059954373e-03
8.869456070247849766e+00,3.179506861801424833e+00
8.551246897243846012e-01,7.599362485059054650e-01
7.673420649200068056e+00,6.334527095642732419e+00
2.193879555131545800e+01,9.516914725472076952e+00
5.815523050847887454e+00,4.690111271581970165e+00
5.706287372493177301e+00,3.800228139189481436e+00
2.002846796493379244e+01,1.856687290403199597e+01
1.576245020061259261e+01,1.038426160813879484e+01
5.042798682843233071e-02,3.534567301630109348e-02
1.096906137366145284e+00,4.110980766722292512e-01
1.792100865401513232e+01,1.645655982390526262e+01
1.377398789004544932e+00,5.906005333426692649e-01
2.022970887737636156e-02,1.632839829349952421e-02
4.948743421905884565e-01,4.005053447853381687e-01
8.231424865564104465e+00,5.405167345755914177e+00
2.250204816390123597e+01,1.872133780840482942e+01
1.671966418509853014e+01,1.029099634498132687e+01
4.710985412882368606e-01,3.036824168079528818e-01
6.568859909247750650e+00,5.191251859906317101e+00
3.223090165852749989e-01,1.571836232192700133e-01
2.709542803159888891e+01,2.271221749117122712e+01
4.867250491262192086e-02,3.733882651874291525e-02
3.000127606284521065e+01,2.745284643811696412e+01
2.287756268684534433e+01,1.789370306110108189e+01
6.623481296017504683e+00,3.804270857250883431e+00
2.778426913999591719e+01,2.386172776227746439e+01
1.818371634792458380e+01,1.033816865156078002e+01
1.651152011480204251e+01,1.943644778664954487e+01
5.300398737384805159e+00,4.534461135892248862e+00
1.980404965890727809e+01,1.828265487804473111e+01
5.784292961788707998e+00,4.599223714401099450e+00
1.355816243872646076e+01,7.286476392704750893e+00
1.042703292296042784e-02,5.495619792694492710e-03
1.887788065385687455e-02,1.011883833801035561e-02
1.847105226391372312e+01,1.288031357144203071e+01
1.317831085133844660e+01,3.397048298675829692e+00
1.045699484341390928e+01,7.144818871512055303e+00
1.747227143297190821e+01,1.294860733852122792e+01
5.155483120170412104e-02,3.168986614507463689e-02
1.753756650609652112e+01,1.302224966738501344e+01
3.637559530209923508e+01,1.771374631855923454e+01
2.870458124441243042e-01,1.588931717432128521e-01
5.342896794890304335e+00,2.129251285601085009e+00
1.730624260948374271e+01,8.586981595533368150e+00
1.386495150326267467e+00,3.996853402525899490e-01
1.383646726924459003e+00,4.430054773947826319e-01
1.377566562014102303e+01,9.405933811597400052e+00
1.319410161956906613e+01,4.621697050420447539e+00
1.764262845163053095e+00,1.278680551948238042e+00
1.417360670697167713e+01,8.423993883699935736e+00
2.871336995955260374e+00,2.321093745810884013e+00
1.586449028760828606e+00,7.896040009198532772e-01
8.623300645421801747e+00,6.350446535195901632e+00
8.349644886901272045e+00,7.827013064714309465e+00
4.866377826555771335e+00,4.085295667090961480e+00
1.098348553223628572e-02,4.526163479792302824e-03
3.095109412424291051e+01,1.558525264586889669e+01
1.406382227275530461e+01,7.721739142928915278e+00
2.618250455314055980e+00,8.752950301422199875e-01
2.029808031012855438e-02,1.608444980739990454e-02
1.657391428549457402e+01,1.231489875727158534e+01
3.114095347658834356e+01,1.359569677521782971e+01
7.791217323136989670e-02,4.656794030920742566e-02
8.040266989596995373e+00,6.705686279145144368e+00
1.773528490086782128e+01,1.028544102155714768e+01
4.869031091739733696e+00,4.125654335553849528e+00
1.861586330866856898e+01,1.156798578534629485e+01
7.231132855442842455e+00,3.300090503469994996e+00
5.021340397053109861e+00,2.967977702525710804e+00
2.259279025429863363e+00,1.335300494315010411e+00
1.036836983456356265e+01,1.165555385844606739e+01
3.133023420207598608e+00,2.005254036038644827e+00
1.497726970606277774e+01,1.998773567695697295e+01
4.645496265406588776e+00,2.590583756124974713e+00
1.346393905810177394e+01,6.216243059781683122e+00
4.898653173788027892e+00,1.420691159423577155e+00
2.220934029070512850e+00,1.997005202598419960e+00
1.691524067522755193e+00,8.544020434821726351e-01
1.738164910188900070e+00,8.817474381685521667e-01
7.991453192646229553e+00,4.057681550947676463e+00
1.752684061063186416e+00,1.530849043747472216e+00
2.096233849111967729e+01,1.723414231154668386e+01
2.785014889156682827e+01,1.195798457287148508e+01
1.093257973755289436e+00,4.523126160051699762e-01
6.910625360268658035e+00,6.418432992399754511e+00
3.494266053990503079e-02,1.994911964146095507e-02
1.572606883304704795e+01,1.396406596345218887e+01
1.331558491408186162e+00,6.883941425356832067e-01
2.677562136337560617e+01,1.860023447432530119e+01
1.440761317328878732e+01,2.182202145742098054e+01
1.885318636306390161e+01,7.439942870626683913e+00
2.409185462392478527e+01,1.711642055088864112e+01
1.195857360053476315e+00,4.784784297649025686e-01
4.669168353427648022e+00,2.345030268498174308e+00
1.906526841143757034e+00,9.302680750966405565e-01
4.539403150675238030e-01,3.056156297688394363e-01
4.179908475838669979e+00,3.899434474802290218e+00
1.061244823798193870e+01,4.238039579846470062e+00
1.986514583487527474e+01,1.270500663359256599e+01
1.633583053123322770e+01,7.315298524489402432e+00
2.167433756730857652e+01,1.615194462166708433e+01
3.783679035089705156e+00,1.874335480712585156e+00
1.274115237079580787e+01,7.902532374177212660e+00
1.946775293080365010e-01,1.077987630276704828e-01
2.037097168452282503e+01,1.080803666906336780e+01
5.651132205499454386e+00,5.033917571544263225e+00
3.447690225119630636e+00,2.539056674925624701e+00
3.305864411199804787e-02,3.084599534851013847e-02
1.701485853517011293e+01,1.252939074080476090e+01
6.929509616382013348e+00,5.218026754467303796e+00
7.617180418254599239e+00,3.344677424828947032e+00
1.640751273798763066e+01,6.470148816524447177e+00
2.715795031045924901e+01,2.203930045547351568e+01
1.084508802105152014e+01,1.024141325271553704e+01
1.287912343828145545e+01,3.295100001216376917e+00
4.436064168767900329e-02,2.846432469228340686e-02
4.728230932396821490e-02,3.045916013284954982e-02
1.880603045181379329e+01,7.660371325674317333e+00
3.021919340211913863e+01,1.985900166704708880e+01
7.448415283955666100e-01,5.632382495579987269e-01
2.633921742158069890e+01,1.773298593762926600e+01
4.805534337702368486e-01,3.064800510719526971e-01
1.041257842434846026e+01,2.994483379761047281e+00
7.648078809758041885e+00,6.072021915483441390e+00
3.436885926858559981e-01,1.762400413172695024e-01
3.708858302953244923e+00,3.574034884365010711e+00
7.780448384946074825e+00,7.988385187394030140e+00
5.506367725139928559e+00,5.550346148735613383e+00
9.942058602528936362e+00,6.408055721431171747e+00
1.853073516201880722e+01,8.320132879948143767e+00
6.450606639594671066e+00,5.420757731401551816e+00
6.619692130595163704e+00,5.560735915291789233e+00
2.844518721970320740e+01,2.613654636279758492e+01
1.163938237755335869e+01,7.397224326691913099e+00
1.340179230390808840e+01,4.557281881720296468e+00
1.336295346617679947e+01,9.351925134237241366e+00
6.863067989666516766e+00,6.898610240602834232e+00
2.613694313604155184e+01,1.244242618353240637e+01
2.193341199058934521e+01,1.957397326420172234e+01
6.828323609254820237e-02,4.067085905566494158e-02
1.852642847384662517e+01,1.400214864705093021e+01
1.161199699408805941e+01,6.454762064387184139e+00
2.584778848483018976e+01,1.985007905960770458e+01
6.456697682716810993e-02,3.947233216897293867e-02
6.720898271376815281e+00,5.675284935806539366e+00
4.684334715424060686e-02,3.193730393770713438e-02
1.504054880382237336e+01,2.149942788238517721e+01
2.868326571080916487e+00,2.198909678466837381e+00
2.602594840794325393e+01,9.964666091416432891e+00
1.147018026393522794e+00,9.006558518016976045e-01
1.070012972866212497e-01,6.261474819787761492e-02
6.257504221000720346e-01,3.724453733081913298e-01
2.321727113715439828e+01,1.140856692445834497e+01
4.226933523919066182e+00,1.735286968543053865e+00
8.827558886599154775e+00,5.586064181650812976e+00
2.057826479010715559e+01,9.344994578606412361e+00
2.139988667933493360e+01,1.963186983394450991e+01
1.873668174294288846e+01,2.096995370685404581e+01
2.583415332068084780e+01,2.356371105650730513e+01
3.489021606680411391e+00,3.233843728720992683e+00
1.378211949003374848e+01,4.513232937832438729e+00
2.630076332683416851e+01,1.298338271985139158e+01
2.179777341594912876e+00,4.573067863301882308e-01
1.178579318663434705e+01,1.335193358384251816e+01
2.527683098416882146e+01,2.544460047611882914e+01
1.697499827028205033e+01,7.510632657472228857e+00
2.942328634853944802e+00,1.401777974084621459e+00
2.051491836375870292e+01,6.858805027096921414e+00
9.574230331995963184e+00,7.766047278895101158e+00
3.114474397323792942e+01,1.368367792861418231e+01
4.933327329430641228e+00,4.861487263904037626e+00
3.252692053276728945e+00,1.627385459246557753e+00
1.889565461131569180e+01,7.600126598126047739e+00
8.489005099422717748e+00,2.908721831022884619e+00
8.176141240713297176e-01,5.915063921844211370e-01
1.372814581371126152e+01,1.361589294760127622e+01
2.789161869229651522e-02,2.025713660731683075e-02
7.551651218410672328e+00,7.555367019088087055e+00
1.188357694596017033e+01,1.008920571826215706e+01
2.452294802092882975e+01,2.039959277944621263e+01
2.102098184098075961e+01,7.654011163286353003e+00
6.060574788333404628e-03,4.727242205884462679e-03
1.401675258712431216e+01,7.672151047392583578e+00
1.334377121952870393e+00,7.620030962198515168e-01
2.946455100250565096e+01,1.322514423290920860e+01
1.326605227180866464e+01,1.236613415103931324e+01
1.616398048286641131e+00,1.362714169972367495e+00
2.925263545584596159e+01,2.734702094776261205e+01
1.064568389410694493e+01,8.944164974396768386e+00
3.384430424096992596e+01,1.596571298219459578e+01
1.979591806810559618e+01,1.251474156247955527e+01
3.118429703273005060e+00,1.336755703597244160e+00
6.886643779100380058e+00,6.136738785033083232e+00
1.760305515921191244e+01,7.121563905954653606e+00
2.810750179102236501e+01,1.156689864749551155e+01
9.043503205551729707e+00,2.629994247342614333e+00
2.324710978957097396e+01,1.664205930890410912e+01
1.934974838859374557e+01,8.372403215320282754e+00
1.888845560916969291e+01,1.001597156604789518e+01
1.574893934128458106e+01,6.654971935226431157e+00
6.975636182992567491e+00,2.525552193663424649e+00
7.096131040057176875e+00,3.473190414281804195e+00
1.450632956584012589e+00,9.953452334238314103e-01
5.814333653381062561e+00,4.632312935110743268e+00
3.130814627052794230e-01,1.890880976028890548e-01
2.694596002229009102e+01,2.564755075857597788e+01
3.468507020981709132e+01,1.680627310936852581e+01
1.519743341307967954e+00,1.120587189431578867e+00
1.857623216367256092e+01,9.979129585073115649e+00
1.740089967547790550e+01,1.325212963381060582e+01
1.521716094488561666e+01,5.228050423792362622e+00
1.989937108137150901e+01,7.919091106247004852e+00
8.810534997386557099e-02,5.269960273879681356e-02
2.144976216787917167e+01,1.413372825012731404e+01
1.944823848277526190e+00,1.645242994617267973e+00
1.442919181728946221e+01,1.076533201788843819e+01
2.588733118652759657e+01,2.589040225517827309e+01
2.224447288918200982e+01,1.744735040107136825e+01
1.578454642557761467e+01,4.809160839776531304e+00
3.488188309487522343e+00,1.725103492094647306e+00
1.499794800037236264e+01,9.808392562010542548e+00
1.820979342073010798e+01,1.318557889485556878e+01
1.258253754895190291e+01,6.110246652840886306e+00
9.063340319879857887e+00,5.689574699348982634e+00
1.232670171775593815e+01,4.544248202993669494e+00
7.686817077687417843e+00,5.225367724039926998e+00
8.047755499004017210e+00,7.185295063041105657e+00
7.281166714761146075e+00,4.079187153231047525e+00
8.823581834818117642e+00,7.415514255963865153e+00
1.521358011291900603e+01,4.662991736715277113e+00
7.242687284501028722e-02,4.304875261135365783e-02
3.392751661037628708e+00,2.816652435069700200e+00
2.449756114388118355e+00,1.936238791399801373e+00
1.744390679235494801e+01,1.247885134558521081e+01
2.248782399673837862e+00,1.076756949202885671e+00
1.502653415578392782e+01,7.003699352790055954e+00
2.918073079381662538e+01,2.463559045525530422e+01
9.290426418570763900e+00,8.387432356013878376e+00
2.888636122563947861e-02,8.922452576286961715e-03
8.056837002991533936e+00,6.232087583402663000e+00
4.757136387526616161e+00,3.899429371947249479e+00
1.099947249330483068e+01,9.464667590554990184e+00
7.304313989862370349e+00,7.125182063370030683e+00
5.885469686141081347e+00,5.924260003496049087e+00
7.052781429304351590e+00,4.240672311878068257e+00
2.571646297379199808e+01,1.097069511294492195e+01
2.536440166130054052e+01,1.511732880338999507e+01
1.136193383475543683e+01,8.477210211321811073e+00
1.353034579455186837e+01,8.729510630843915209e+00
9.573859669107299908e+00,1.029156267560618865e+01
3.586380337352693459e+00,3.045545976485393158e+00
3.897856253406527305e+00,3.225139599488591191e+00
7.483753085148908468e+00,7.685250064252263869e+00
2.877847587454453659e+01,2.214989059822986661e+01
1.932286650741966127e+01,1.009225777656029344e+01
1.579582656437674615e+01,2.300706927889829956e+01
8.086598988515209641e+00,3.881773251244877265e+00
1.293892949761842814e+01,1.072494370948393794e+01
5.722377654352312604e+00,5.602143037169066808e+00
2.497923235512266096e-02,1.407838946905898628e-02
2.064998135650848710e+01,8.072548126702365323e+00
6.938786609331915933e+00,5.731268878108689790e+00
3.923244519726742485e+00,1.428873413724519148e+00
3.884398124800080154e+01,2.131994759921179039e+01
3.661702433098250054e-01,1.937327398073478146e-01
1.223375728912942861e+01,6.890721193975021919e+00
2.685021088078665485e+01,1.263914189995196935e+01
1.803318847330872998e+01,9.042852597215182087e+00
1.272291763566397371e+01,6.715851217628745928e+00
2.465921408651680480e+01,1.659872589663670439e+01
7.358048681611064623e+00,6.807329648347379525e+00
5.503945169547173055e-01,4.576689914928194769e-01
5.271127087941391842e+00,2.839224662639370678e+00
1.286809521994846772e+00,6.156385657795192534e-01
4.311398620751556443e+00,1.854497526199469615e+00
6.283250403140564266e+00,4.184356647029569665e+00
4.331579308013784768e+00,3.848418646387973041e+00
2.786803900805845657e+01,2.418197894341037113e+01
1.176502499479929398e+01,7.748283693725010579e+00
3.753396623986772485e-02,1.776406567053994551e-02
6.892271585095312680e+00,4.381939398853350376e+00
3.148044855004024090e+00,1.271655939295633253e+00
2.869220117635945311e+00,2.300100961061023241e+00
9.151445889383091892e-01,6.439364837216629001e-01
3.138630105760333855e+00,2.703785047323763013e+00
1.005610280463946182e+01,7.392345737039783593e+00
5.878382450800543474e-02,2.493989040764483731e-02
1.955496773594876458e+01,1.121955080810345784e+01
1.507902728578937612e+01,5.183103560186906655e+00
4.926848231560281732e+00,2.679638935199306626e+00
5.971447005245562600e+00,5.590066761573527110e+00
6.887836904546769112e+00,6.368929119724477061e+00
6.084685475903170548e+00,2.453745145893872603e+00
3.259018522447929556e-01,1.822629810729537725e-01
1.279143160581368122e+01,5.917973695949077850e+00
1.108472863335178138e-01,6.024712540911342229e-02
7.016202578274826962e+00,5.799747515937188957e+00
1.142249146649984759e+01,3.229385227295749949e+00
8.869384528464157924e+00,4.850806203793968763e+00
1.074805927418705578e-02,6.313298258678601282e-03
7.716464335244364037e+00,6.565214867109293806e+00
7.591871842571078055e+00,6.651978397649971342e+00
1.124509990125347336e+01,2.811021125600781545e+00
5.593438344701394449e+00,3.005252829801246861e+00
3.493332345320631305e+01,1.609547873228262915e+01
1.668818043905494555e-02,1.172033559491674967e-02
1.117882125631507151e+01,1.071522895468618941e+01
1.060815639644878594e+01,5.817598051392443459e+00
2.027271689024481915e+01,1.356812982199701523e+01
2.227136337349945805e+01,2.086403438079111439e+01
8.374989132777960421e+00,2.938991369310369084e+00
1.152361183278730050e-01,7.313952961536314412e-02
1.736091262568584526e+01,6.087079326895020515e+00
2.115267282120547776e+01,1.154255887947461012e+01
2.365873955754168634e+01,1.666659373831079094e+01
2.558044073387427986e+01,1.880736061200366649e+01
2.208029766943902672e+01,9.846814207632807125e+00
7.931015990878974797e+00,5.988187596588801398e+00
2.092179177810179169e+01,9.906521449134492840e+00
2.756686487875930425e+01,2.404784818183406614e+01
1.880444656346492849e+01,9.638605881280135179e+00
1.167858003615026341e+01,3.729188630236906388e+00
7.740781963138586796e+00,2.948705108002761754e+00
4.245714003961834071e-02,2.976383809042921352e-02
3.416906617416589853e+01,1.566769669856925518e+01
3.853115043652130112e+01,2.040246909216782001e+01
5.559589149153326915e+00,3.458657875836455009e+00
6.122495238859159805e+00,3.087714849665208927e+00
1.046169131913064376e+01,9.140158642953215562e+00
2.222983555527544297e+01,1.872058668599939679e+01
2.845173626824044621e+00,2.589945375005324735e+00
1.338080907636467254e+00,8.259825219867791279e-01
1.438045044172529607e+01,4.234140351358590237e+00
1.877519376606201718e+01,1.360791202184573834e+01
7.210038601887589493e+00,5.557005848428119954e+00
2.460482140431609821e+01,1.937990714287353811e+01
1.399097806237038810e+01,1.249988611727676080e+01
2.159139523273514172e+01,1.379127288286752240e+01
2.549466481829484721e+01,2.236563884033754945e+01
2.415621373203324751e+01,1.879279063242733017e+01
3.773662942412737031e+00,1.860682515705737394e+00
3.215599794634483288e+01,1.937198535029435220e+01
4.177751134435605529e+00,1.959517832440494933e+00
8.333622647003816053e-02,3.264285799226795959e-02
1.555971682490012498e+01,9.063905109791773995e+00
8.872418100061334911e+00,9.324864280468814215e+00
1.957109682860571809e+01,9.070842479956835902e+00
4.663601722262113447e-01,1.505819053535941976e-01
7.287483034055892261e+00,5.896937679070686222e+00
1.941093544906008006e+01,6.955410037450278082e+00
2.933336266903644329e+01,1.403285973722568869e+01
1.847777863092841200e+00,9.103617576202818196e-01
6.690511114718395547e+00,3.370048650246275201e+00
7.551269968227424023e+00,3.152810339093231384e+00
3.942613891879370946e+00,1.506507835577856502e+00
2.025928974232485658e+01,1.542685925476795283e+01
1.987583795611191570e-02,1.108169462194274861e-02
5.641258485819196977e+00,2.268500080427343413e+00
9.738290137915878830e+00,9.658003524773725701e+00
2.980423236075070292e+01,2.749285849707224827e+01
1.948642828759410506e+01,1.045854239629566607e+01
3.794513561721179595e+00,1.350610968069615003e+00
2.165735675109109337e+01,1.260236144974887829e+01
6.009465062148974468e+00,5.379885954324532094e+00
1.859630943099969957e-02,1.600696087980571503e-02
1.667908866815512781e+01,1.046300857782624583e+01
4.925255857736935639e+00,4.844369473369894763e+00
2.215770202608730699e+01,1.098351117973054869e+01
2.216602554302775374e+01,2.146658348310662490e+01
2.739223952634249670e+01,2.427945995319379691e+01
8.034098771051698673e-01,2.447180029500117260e-01
1.769235253280178810e+01,6.131444054660377674e+00
9.743291034341858392e+00,6.593038566634266573e+00
3.027626460884953730e+01,1.281732248333046442e+01
2.733271477382762882e+01,2.350937901642896577e+01
2.127396226306441651e+00,8.025225573511889365e-01
1.678885971183887094e+01,1.338577421281838298e+01
2.657884160173671262e+01,2.086287125964179978e+01
7.544044528353189172e+00,3.030493138998395342e+00
2.353985254039680441e+01,2.432971821741463003e+01
6.064103641639988496e-01,3.560133644328137836e-01
5.847811808869310291e+00,2.909668845931765890e+00
3.813632239806066337e+01,2.447637733275708527e+01
1.785987938107238193e+01,6.978701527093438273e+00
2.068303947038254975e+01,8.967318100472825293e+00
1.077963820455345711e+01,6.294738600855409594e+00
1.344692203144619214e+01,4.922176042420621123e+00
5.406664304344327432e-02,4.157407082434679685e-02
1.160011455255391688e+01,8.122086080992961143e+00
1.404602862319790546e+01,8.455101288846396557e+00
8.442651694151125596e+00,8.498456712498562382e+00
1.127189414555071423e+01,9.486410179471391757e+00
3.315342771848880687e+01,1.609495769769710805e+01
1.569190056104475595e+01,1.371727391109498839e+01
1.498314713951666022e+01,5.416333063717694962e+00
8.410665254372912125e-02,4.677947365589718576e-02
2.141375411425968167e+01,1.994428545161316890e+01
1.533565788341775082e+01,5.922131734761680200e+00
8.893591264066190050e+00,4.802598076646363623e+00
9.344237785039965161e+00,3.299502134359561634e+00
1.725163293656585495e+00,1.118848599923777165e+00
2.126896741362570964e+01,1.205287593252741907e+01
9.257151690888152373e+00,8.874551576739515113e+00
2.678167582975786587e+01,1.984273024128282970e+01
2.240734733779335741e+01,1.874731389742727572e+01
2.304196186279230929e+01,1.955831990301691192e+01
7.644788794954617828e+00,6.473406291741475194e+00
2.217469608349207633e+01,7.548397807411200588e+00
1.310576726631808597e+01,1.108165083758812308e+01
3.687730326109700307e+00,1.926644796321180353e+00
2.054744545251439902e+01,1.370018234227851828e+01
3.083221770779838167e+01,2.063545871537350962e+01
5.832246052308018985e-02,2.309594663700045153e-02
2.387889717202442696e-01,9.246985873100720121e-02
6.608773187333235377e+00,3.374246537431335735e+00
1.230857360063099470e+01,8.036022165383485572e+00
2.536240602158005686e+01,1.746385021605394883e+01
1.682293917681390383e+01,1.094494133980499129e+01
3.049838042224777368e+01,1.462228164265647656e+01
1.390419648947866271e+01,1.202228395174181941e+01
9.491451118019465838e+00,9.902795315657497710e+00
8.012067275266531396e+00,7.024876903047391430e+00
8.077609362998192211e+00,7.063786964482075881e+00
1.000752820217072347e+01,3.707381897058904308e+00
6.469073918713259985e+00,6.478175745554244358e+00
2.447446995635292666e+01,1.812958624373699124e+01
1.734428840641012215e+00,1.363138585972862193e+00
1.324257313917323309e+01,5.244498108265267078e+00
1.750798209282376661e+01,6.440146421692947598e+00
2.682341102279741207e+01,1.303751306558455525e+01
1.988817068973930802e+01,1.299748575161493136e+01
3.091150037338595169e+00,2.927161161683772050e+00
6.709483121580841036e+00,4.152090354826237117e+00
2.568956718559727648e+01,2.527979802258997211e+01
1.244386731120749445e+01,1.020993633862005012e+01
1.478318090367959137e+01,5.596455784676649614e+00
1.158609702959803728e-01,6.118089315395339178e-02
1.033322847245252141e-01,6.296730411594421428e-02
2.585561555736371986e+01,1.595385567637693036e+01
1.101082789771817394e+00,6.672699773567474235e-01
1.219288453570423147e+00,4.900838514116899747e-01
1.511945229329004192e+01,4.601502889046829914e+00
1.316764852171039735e+01,3.914808681201754403e+00
1.499431647900559550e-01,6.714920361363992118e-02
9.652330872280174390e+00,1.043758898227820353e+01
4.672465133893149297e-02,3.480448460231588825e-02
1.235696377119262301e+01,8.894211019053802403e+00
5.525527578096275150e+00,5.419098966199046075e+00
1.735432793841813748e+01,7.977279613857675145e+00
2.896926951959120444e+01,1.977490678561694892e+01
5.990474881062853030e-02,3.665793649323936809e-02
1.403502330395363629e+01,9.565502545934764456e+00
2.434617917036297996e+01,1.233905818007848154e+01
1.571168284687383299e+01,5.137447577499817619e+00
2.174281029765185025e+01,1.728909392557031666e+01
2.944322657676148225e+01,1.949197146464999975e+01
1.601290212755462861e+01,5.936753619276585958e+00
8.194112502921258923e+00,1.934021746216949778e+00
3.419303623705371997e-02,3.110313946426315410e-02
5.225398203883724335e+00,2.050887070018873271e+00
1.745738378469425101e+01,7.539990061925156084e+00
3.244545225826008128e+00,2.804375129779910214e+00
3.617901707999041649e-01,1.952919118220467765e-01
2.872922396032612014e+01,2.092820890367666919e+01
1.161963976655962516e-01,6.822093621206894165e-02
1.475190818122415948e+01,6.171969857614135080e+00
1.860524265335666561e-01,1.258577149317454402e-01
1.251683377961173171e+01,8.888639217539981985e+00
1.999708342892649071e+01,7.385066060354053441e+00
2.351871089108469981e+00,1.611423661442424216e+00
7.139187569350283979e+00,3.224300539376803609e+00
9.490947085668855365e+00,6.878434119635754129e+00
1.048562806339536380e+01,3.927659970387119337e+00
1.982204847737137143e+01,1.384063971627896628e+01
2.718763305465517277e+01,2.190297464548538997e+01
1.121830594540269743e+01,1.048052184713987067e+01
2.708050472916858098e+01,1.318281517927884572e+01
2.171885392690292349e+01,1.129159070751567029e+01
1.212087229759756468e+01,4.056098795332775175e+00
1.623606224590621849e+01,5.411308032539227320e+00
3.586698026872543466e+01,1.681088675393249687e+01
2.324394479647503431e+01,1.607745111918394798e+01
2.134992033393093891e+01,1.698280069604291853e+01
2.795417832012422821e+01,2.484605008355112332e+01
1.767641265949282570e+01,1.055832135814974038e+01
8.057340322788290266e+00,6.113702331857205685e+00
2.600241522609207223e+01,2.093979030102014605e+01
1.466677032752821042e+01,1.022637114842977013e+01
5.261038109228437065e+00,3.974788110699361443e+00
1.352443687217592005e+00,8.397909834254144723e-01
4.133161827625830398e+00,1.248857276737650013e+00
1.580851883872160890e+01,1.189605197412648607e+01
1.337983548702642404e-02,1.195841376671004375e-02
1.420490460420039014e+01,7.511988065265619241e+00
1.201387276419296946e+01,1.220080559854882729e+01
1.356491417214358641e+01,3.999168627835220757e+00
9.392027976800399358e+00,2.230659525496456741e+00
8.214162122482582262e+00,5.938267524750663107e+00
7.017292020111611350e+00,1.915406983684990072e+00
5.615561590040866413e+00,2.171017817457993271e+00
1.039997272398268002e+00,5.259012318955645915e-01
2.345248668267195313e+01,9.629645194553095422e+00
2.260895790603091271e+01,1.024601313590864571e+01
2.340891832425929309e+01,9.239771065527985883e+00
5.961985694183385753e+00,6.036454768633576329e+00
2.977496511724006201e+00,2.544857180233635052e+00
1.056200145293308967e+00,7.296048003681069316e-01
6.293155834626010248e-02,4.643810876019967976e-02
3.319144001207836681e+01,1.522968072448836985e+01
1.931986473551723549e+01,5.865904564136852350e+00
1.570689216807325828e+01,9.295503918499431251e+00
2.072870462599820485e+01,1.608516444460160955e+01
2.926133322939812587e+01,2.317586904367556500e+01
1.226806949897295240e+01,5.173653132422407097e+00
9.222554591497488019e+00,9.324959105304172269e+00
1.142985009755184400e+01,6.797523311427395853e+00
3.259924226144364923e+01,1.472841086919976306e+01
8.965207080550129604e+00,5.646800999928682785e+00
1.696738631307316503e+00,5.627747688360122957e-01
1.868001418066763364e+01,6.795414885938763305e+00
1.662546478029511121e+01,7.368485250273224096e+00
2.424018734985721224e+01,1.361988859638679195e+01
1.317924365145899124e+01,7.452070086906122270e+00
5.311882217897846203e+00,4.606178927097710485e+00
1.683120717683464149e-02,9.571138209632491789e-03
7.190404215060456572e+00,3.406544021050947446e+00
1.904206029546628187e+01,1.349459040834838319e+01
8.853116117911986882e-02,5.258758250167318987e-02
1.095613100202124102e+01,2.783802415969669930e+00
2.504241492694144355e+01,1.427744211458580637e+01
1.793990805352855489e+01,8.689142779847882636e+00
8.641158873091422166e+00,6.014278642646925022e+00
1.370518041576910817e-01,7.172407415191066338e-02
7.317724235177789360e+00,1.737336602662826746e+00
2.245058557850849823e+01,1.582427273435025050e+01
1.817053013492180469e+01,6.324025078322616622e+00
1.087592818457270738e+00,8.593451477331096600e-01
4.009290760988758195e-02,2.491035875869735197e-02
1.160347635159833324e+01,6.695168126974893497e+00
2.471384143976377246e+01,1.157668701855368099e+01
8.584620665757647373e-01,4.676028222658556999e-01
1.533695372972290194e+01,7.100779939931513240e+00
1.906299491545790659e+01,8.147556109785519141e+00
8.168147921006017054e-01,4.426739267007294698e-01
3.855438806737555846e-02,2.592903406079637152e-02
1.209688154575255759e+01,5.729635342050725555e+00
2.706184532699861123e+01,2.136959146586454139e+01
2.163197261112380332e+01,1.515075087692757094e+01
2.844822587378338596e+00,7.005584159566470293e-01
3.255623562542032090e+01,1.584201428121935251e+01
1.447424684701776165e+01,6.842312804917251690e+00
1.173633122902143988e+01,8.314062839862277343e+00
4.844662092548259302e+00,3.964660371479420409e+00
2.998689615740451897e-02,2.556715148797680803e-02
2.261337149966023002e-02,1.582561072214462225e-02
4.959661783080446362e+00,1.492692560783594802e+00
2.971210237147327859e+01,2.404010655857668510e+01
2.753249181021725533e+01,1.898004294394198865e+01
5.756445003777626468e+00,1.465078922313392651e+00
7.274237740124778639e+00,2.708938172750811724e+00
3.957804982895252621e+00,3.781217876328983429e+00
4.747314291630480909e+00,3.569733128173374404e+00
2.707658428029843245e-01,1.540532976919618269e-01
4.025307819255951358e+01,2.239350074989283002e+01
2.696012752059197481e+01,2.242501540467900867e+01
2.226444174993882896e+01,1.520520981898424751e+01
1.603379391246307506e+01,2.184034790107837409e+01
3.269840209209923465e+00,2.561117424391972097e+00
2.364273359013500198e+01,1.944132977916606819e+01
1.116717258241991084e+00,6.839520264551027795e-01
7.906758640887012746e+00,7.325361258799564901e+00
1.358718811651894676e+00,6.685154245831220754e-01
2.071081398286548136e+01,1.485314924101244571e+01
9.295311760530260869e+00,3.665182327556129049e+00
1.741555630484622341e+01,8.664679214397111195e+00
4.577508647723647961e+00,4.034532735714797091e+00
1.200713379644233886e-01,4.029744160737804698e-02
2.016055264935329561e+01,6.982301408751499849e+00
2.174715322846132892e+01,1.340430070416862662e+01
2.444688223387424486e+01,1.437416355480763741e+01
2.783325009702855013e+01,1.238226554622726638e+01
3.051711899829953722e+00,2.115913444207459193e+00
5.589889219296392930e+00,3.807715898542256117e+00
1.032766663248383815e-01,6.097749678402029222e-02
4.477301546304862101e-01,2.642622962482869542e-01
7.408948404937955701e+00,6.309743501510982178e+00
5.789020646377793788e+00,4.729887749164884525e+00
3.182445698390946021e+01,1.549381534574520636e+01
1.390794977550817990e-01,8.257737512841406557e-02
6.564648563161388672e+00,6.712164699570374538e+00
1.607685366365798341e-01,8.529781403085356928e-02
4.109507826610777487e-02,2.886697653054930840e-02
2.504426878798490108e+01,1.226860954293075778e+01
1.211753537976986594e+00,7.978252250730963890e-01
2.812799626242660977e+01,1.768762773578656677e+01
2.664528509774858733e+01,1.521472324283330835e+01
1.733261606193242210e+00,8.965506227378990944e-01
8.539680465427176514e+00,6.606540787462290787e+00
2.765308676141407407e+00,2.325628854636377252e+00
2.131322711891566257e+01,1.125498551101681599e+01
1.180096170817880719e+01,8.311881063391405533e+00
3.149695150363739926e-01,2.192825910594007610e-01
1.391314794868617710e+01,4.518195702146414305e+00
1.754545755458613598e+01,1.131481615305172994e+01
5.510763540853553799e+00,4.575967174465003673e+00
6.076902118751038806e+00,1.728848285230980775e+00
3.543847268732091038e+01,1.727836202936952503e+01
8.426900702345031746e+00,6.617304555379435627e+00
1.449765662562117008e+01,9.675426110537612701e+00
1.784063612138320210e+01,1.057951887931947077e+01
5.647491484364997039e-01,2.994135392165416798e-01
1.709914306330561118e+01,1.158784703440693242e+01
2.860790761217301181e+01,1.130467647987625490e+01
2.426187287068844967e+01,1.220920496625700657e+01
2.505698181321557971e+00,2.151713462058236548e+00
1.162127739467255505e-01,6.754033164458152216e-02
3.044825210925998782e+00,1.202188791531583423e+00
5.637755421661025501e+00,5.189753538366142394e+00
1.422972518148325527e+01,6.315248136056347938e+00
6.140090708842215861e+00,5.112287753106692811e+00
3.000420564507032539e-01,1.899133250112877425e-01
2.816297187019313597e+01,1.362638629684579428e+01
8.650190772799660976e+00,7.168168984168772795e+00
3.011950423855337533e+01,1.971191784720856433e+01
4.998221008923775521e+00,3.004491545183439083e+00
4.669818884941971504e+00,4.611109709943978174e+00
3.246666760115871853e+01,1.566488629424194201e+01
4.009372678822393965e+01,2.164163783010820552e+01
2.066058469986598567e+01,8.224089614760444533e+00
1.860968166775937860e+01,1.379978584651728823e+01
1.035650997801540107e+01,3.912073268574162377e+00
2.081123647436177748e+01,1.337450740784836078e+01
2.552079798102966635e+01,2.102703685449768400e+01
2.818595594702074081e+01,2.299631024684919822e+01
7.449032585771793447e-02,4.272992522643669078e-02
2.951139857573402381e+01,1.309519398577549865e+01
5.852546954675117874e+00,4.622684272199736988e+00
1.200274307133302010e+01,5.345352051738425203e+00
1.925071844566388179e+01,1.027126664989026850e+01
1.534594924737632660e+01,8.446697419429362697e+00
6.718358067930329192e+00,2.524523647245152436e+00
4.295939172090063707e+00,1.937001044399410787e+00
1.154497512954407590e+01,8.042966626169228306e+00
1.434865235439274755e+01,7.325754005902618715e+00
2.699278728040671638e+01,1.106620259915704096e+01
1.351349052832822473e+01,3.488303419060964750e+00
3.131287428561009278e-01,1.788620581781782404e-01
3.455058580047634109e+01,1.749704170145817272e+01
2.320327919329067257e+01,1.135745515951120765e+01
8.550807491994023124e+00,8.580183832298731161e+00
1.294634213520791377e+01,3.787498485860043562e+00
9.464041260746799411e-01,2.711004562707533538e-01
2.241390453130076210e+01,1.891861599622206569e+01
8.477166933098487789e+00,4.816945344829896669e+00
1.081636296680065179e+01,6.279206081742880308e+00
2.552033433603074358e-02,7.541315736395672563e-03
2.117538617199195272e+01,1.692456224186805613e+01
1.764210143051930108e-02,9.539892954825780411e-03
2.277421017736478603e+01,1.071828363447010624e+01
3.326650660352568206e-02,1.578064019877874549e-02
9.412008140692940117e+00,6.296976839206901211e+00
2.579879737561830311e+01,1.661691853093699223e+01
1.060544835327352686e+01,7.396331871505869238e+00
7.806661294124697115e+00,4.747301797477308405e+00
1.297000038377946370e-02,5.850862052604551868e-03
7.164695022652780132e+00,5.584999035654745647e+00
2.042561721869865465e+01,1.797045168744203636e+01
6.445396350478341807e-01,4.739184069793052623e-01
5.587422380719756637e-02,3.695958879487028920e-02
1.402581352581166030e+01,1.590538051152146615e+01
1.770062530096697984e+01,9.154188687313958184e+00
8.788076633670362625e+00,5.531923363523043591e+00
2.632800401588676564e+01,1.988493793007793897e+01
2.407871370513352360e+01,1.306536123452582920e+01
1.300155249761626486e+01,8.593245701020135741e+00
2.867391237961745887e+00,2.436841619121087099e+00
2.489196673229627166e+01,1.441798847735237032e+01
1.568244123040535010e-01,1.228577236253642763e-01
3.391122313921413500e+00,3.270519002703033085e+00
2.388630003141443936e+01,1.500238973240694840e+01
1.352862512273916629e+01,1.042985817342753307e+01
4.095255688115206211e-02,3.449292425399839990e-02
1.400050120784164243e+01,9.642082543724969312e+00
1.714103755735047230e+01,1.167226120920327759e+01
4.779144988950190687e+00,3.776128559581244826e+00
4.707857875190825381e-02,1.912834905160476495e-02
1.003771834624318515e+01,2.696342408787582468e+00
5.229773910750804333e+00,2.410523853157264806e+00
6.686248573280325402e+00,3.094943313687056996e+00
8.869832656782124403e+00,6.542704062000526122e+00
1.032507524216322636e+01,8.493915684300585411e+00
3.697057866446938235e+00,3.181092341799656609e+00
8.055958829372779073e-01,5.793707656993368760e-01
2.514156658047602377e+01,1.614219024931656321e+01
1.213350183636831758e+01,5.581484550014338630e+00
6.351926700020164851e-02,3.952451261144653005e-02
7.991789301899977771e-02,3.514874081495786978e-02
3.352117085022807141e-02,1.814453133177859959e-02
3.320518812172540635e+00,2.721658640338638246e+00
5.618313415502763641e-01,2.965285210008936634e-01
5.232433510208940597e-02,3.380140464254194343e-02
2.115034769359316869e+01,7.246358199444317805e+00
3.791101355046556876e+01,2.037015485228771539e+01
1.341787260531220660e+00,6.744867241482220832e-01
9.688895141348616846e+00,9.043780271113762481e+00
1.958807222902743916e+01,9.203145729957501686e+00
8.274131875744797915e-01,3.235808556550913706e-01
5.911000340505083273e+00,2.661119919968962577e+00
2.549742218751476130e+01,1.756931996255664785e+01
1.429597880426253553e+01,4.390273187970185731e+00
1.354484260418236374e+01,7.134885948715410819e+00
9.538856031950039560e-02,5.599962442383713684e-02
6.414535269110137328e-02,3.916333937852538999e-02
2.475093474617861133e+01,1.527339593837452014e+01
1.878019952476439158e+01,1.879478631052479187e+01
3.724035246695065382e+01,1.820688067815106592e+01
9.473051616708799472e+00,3.859680323349315323e+00
1.341721729739151492e+01,9.462650046043110663e+00
2.841037594587168158e+01,1.880144274902803403e+01
2.817082380304618550e-01,1.424830139511941152e-01
7.633381952409793669e+00,7.913075452051933745e+00
2.139061073076140929e+01,9.906155874114206838e+00
1.590187340955567841e+01,6.626717792813420438e+00
4.662491069958714651e-01,2.900153425840688026e-01
1.906083468320272090e+01,6.975515266549908944e+00
7.614944049870500997e+00,6.793364998736067584e+00
5.108762683952288164e+00,3.617062053157941826e+00
6.142519771722865229e+00,4.046258441155112351e+00
7.755113190396643041e-01,4.605675412210371578e-01
3.838697131168371968e+00,2.618372627340194381e+00
2.760653969673759889e+01,1.223875159181326389e+01
5.595858430404395539e-02,3.291805772408414044e-02
4.151313478318368944e+00,3.787837429783478260e+00
6.153404460774501317e+00,4.955906749828368874e+00
7.695216827983577979e+00,7.252385734155534003e+00
1.165865151379350628e+01,7.680055934623997160e+00
3.354718452564563691e+00,1.365110202938049522e+00
5.971748168467260420e+00,4.904605100101062654e+00
3.407373714204990023e+01,1.607812109803144196e+01
4.716317166336163047e-01,3.770181173165648714e-01
3.009969550629732993e+01,1.248110583398807627e+01
1.459110906480892389e+01,5.342845260008326491e+00
2.194735907475487835e+01,1.569583022821699281e+01
1.765572261311822544e+01,1.506935767154866568e+01
2.395421052674925022e+01,1.989749337478794899e+01
3.975947710330701490e+00,3.387074050195517660e+00
6.979455075350235127e+00,2.956050116417814788e+00
1.575647800049303449e+01,6.230633304172795484e+00
1.520725854016708389e+01,8.848146261556514958e+00
1.870469462219178425e+01,7.034802018063820661e+00
1.659756749491884520e+01,5.078390006978750648e+00
1.824685228548617033e+01,9.825136610393821357e+00
2.476842591745506361e+00,7.104327625906986521e-01
8.675070303226364299e-01,4.428130769900333608e-01
3.618205754793513584e+00,3.048373686107215264e+00
4.672632616931327476e+00,2.071557783040890222e+00
1.053235671114919114e+01,4.264421618373176237e+00
1.368798188967666896e+01,4.130001979583738603e+00
1.924791357731062647e+01,1.620944753722897858e+01
1.049650567083757202e-01,5.845934775675939998e-02
6.951264143076090640e+00,5.850215339025001349e+00
2.076659489920760038e+01,1.808892680012933241e+01
2.485781428980864760e+01,1.475049885696138574e+01
1.968709380968019929e+01,1.518429617444452617e+01
6.586313221941337837e+00,4.494322157820016095e+00
4.547901731269201164e+00,2.265457515357697904e+00
1.488296970708959499e+01,1.136603979958186628e+01
1.767948775939646922e+01,6.978847782465784633e+00
1.475491382563192677e-01,9.306145753315056557e-02
1.291328736639317576e+00,1.190024735398614197e+00
5.687469842767066019e+00,5.280943092533113337e+00
2.879594690700942317e-01,1.634764933524881503e-01
2.631966757298208393e+01,1.219503316847536745e+01
5.263665001825666018e-02,3.877195565006971711e-02
1.122411303104213509e+01,9.759304575550583394e+00
9.633703068378785872e+00,9.917962792504161129e+00
1.872049297958796998e+01,6.661677846706215433e+00
2.646410175579942248e+01,2.043253960887209786e+01
2.516881046038341196e+01,1.637660782887718369e+01
1.282123151270364581e-01,8.131459896213069638e-02
4.837585532108255038e+00,4.597051846446055912e+00
3.853317810695052081e+00,1.924070670524354654e+00
2.462756884126774892e+01,2.144007056555761892e+01
6.689271369436163184e+00,3.446487580336853540e+00
5.812416664846468350e+00,5.226476225886028892e+00
5.311900873060084294e+00,4.782198904918660176e+00
7.933167138570831334e+00,6.044901100479644462e+00
2.787840083100439159e+01,2.438353948456861175e+01
2.609573009840547897e+01,1.942891830770560446e+01
6.814214424469946962e+00,5.604527296375735546e+00
3.592075529865043304e+00,2.036033365007454243e+00
3.964158026740590562e-02,4.421962263179468611e-02
2.367529582707534530e+01,1.141835993443532438e+01
3.610737627728272781e+00,1.809685579663914190e+00
3.900083300043386458e+01,2.004096606302854511e+01
7.124724027212826494e-01,3.630327342676456515e-01
9.662746019118456653e-01,2.204379699333076092e-01
3.060245288910161676e+00,2.179940192517375142e+00
1.894227584958088784e+01,1.086020180952090186e+01
8.031524151514487286e+00,2.406015353456594230e+00
1.937389362183870389e+01,1.120024371048206113e+01
2.586943042770488432e+01,2.527522019724856150e+01
4.453933240953453776e-01,1.928724832450606774e-01
5.428266351212705093e-02,2.474581138662339599e-02
2.515097536325174588e+01,1.540913255476338506e+01
1.195275331357119053e-01,4.559770851829784977e-02
1.237291907428496707e+00,6.425925934937212203e-01
6.495534110405520867e-02,4.242199009194019127e-02
2.327825164078861775e+01,1.990336869988745150e+01
3.845084116756853465e+00,1.831103645730637552e+00
1.266557790657593863e+01,4.663742701699220561e+00
2.439614688271089094e+01,1.409228084119921931e+01
2.246477935274756987e+01,2.091294988072254668e+01
1.194922340962179952e+01,7.532947552639292610e+00
1.233381410525246125e+01,5.134448315330376822e+00
5.463234744178414176e-02,3.576792397209552915e-02
1.056803244157402943e+01,4.052642879952798260e+00
1.715526446457280807e+00,8.164244299398665250e-01
7.707557179198360586e+00,2.972935975562134292e+00
1.330792067529788181e+00,1.073018997016411680e+00
1.570289756727470731e+01,9.672609647194644111e+00
1.688903502405808155e+01,8.533633699652916960e+00
1.996623046132126689e+01,2.005743918750896171e+01
4.329070690011351807e+00,2.820257340813864921e+00
1.033487470272067069e-02,6.148614213862660383e-03
2.887827226566708561e+01,1.978010234165586212e+01
7.685450982743048665e-02,5.245592228633856602e-02
2.529494528812341869e+01,1.437615330940764657e+01
8.573428826818486614e-01,4.402211606679347633e-01
2.163481176095988570e-02,9.596396539093882475e-03
2.258579377162865143e+01,1.625693274426023294e+01
4.641974989326894452e+00,2.282811736649127177e+00
3.070098110246658241e+00,2.599283770647355052e+00
8.763431732697119614e+00,3.380136526466888558e+00
2.910932546631330720e+00,2.410026648539373539e+00
1.684042732783365182e+01,1.101124031515526802e+01
1.390461821040408452e+01,1.332524118328927187e+01
1.479674668783945712e-01,8.582636305689611556e-02
4.616701323117827549e+00,1.149293157015431888e+00
4.742091330316942077e+00,3.744987901844078149e+00
1.772170812024177167e+01,2.092916629431577746e+01
1.050180855336659391e+01,1.051534964419023055e+01
6.127811005316002868e-02,4.499700012483422162e-02
2.538983711917999417e-02,1.018578434267603666e-02
3.618948849449202948e-02,2.352033098414496939e-02
6.013808107037236894e+00,4.820392962197331599e+00
1.189179623521141593e+01,1.082816062388908485e+01
2.405914839763801183e+01,1.721665479873436411e+01
3.887952999686727029e+00,1.497570927034996169e+00
6.537611228692513876e+00,3.957416466440984326e+00
4.305720565541852451e+00,3.751018593600705220e+00
9.551758708269089126e+00,8.843345982608816769e+00
1.299459185768561298e+01,4.598097467449652420e+00
1.581603157266951165e-01,1.129007906308469034e-01
1.563862272287774191e+00,6.307539007380881246e-01
2.225918432797752189e+01,7.939987627600854303e+00
1.213177491936754926e+01,9.609531647531493803e+00
3.527306788997570663e+00,1.917673634996404974e+00
3.027108941928291586e+01,1.342291226906472623e+01
4.249778721566187301e+00,2.089806348608554298e+00
2.486642770142934111e+01,2.031872101639068262e+01
3.077015869522223279e-01,1.518511046605570958e-01
1.522370354820969673e+01,2.100170024811501079e+01
2.444460803112376368e+01,2.139878726045841262e+01
3.052931361027904633e-01,1.033197453622005380e-01
7.091115931331873234e+00,2.617413253552185015e+00
1.764081946530331280e+01,1.137005037503473126e+01
2.414388455042251747e-02,2.109542517452198812e-02
2.947374616400473712e+00,2.633017185485030609e+00
1.733453740698750067e+01,5.181900815487269440e+00
2.474108375843867691e+01,1.151699504410109931e+01
1.876721860121038787e+01,7.434833376596829524e+00
1.420754873726611578e+01,4.368622580726768234e+00
1.113403604917226986e+01,7.391284328674749382e+00
3.977641432749755811e-03,2.026233578372167114e-03
1.534320402427472807e+00,7.677281391265070587e-01
2.119866051594065492e+00,1.746181594013498595e+00
3.289885223924619018e-01,1.666970546924173013e-01
6.242142233594329959e+00,3.347666380174830536e+00
1.886908818446348945e+01,1.525277616092440880e+01
3.905931784332514756e+00,3.205556559628223390e+00
2.386407047766051548e+01,1.277159232184796345e+01
3.058924375879571400e+01,1.983191256143162207e+01
1.779322214938755664e+01,1.895179503856111225e+01
2.024975881727202776e+01,1.276347753644434313e+01
1.888411040244371009e+01,1.018522975449186418e+01
3.182055489441346641e+00,1.816334398268042882e+00
8.069324500037209802e+00,8.488812982633943349e+00
1.456688441865188199e+00,1.095595690655997823e+00
1.058837747484422742e+01,9.638395414135418449e+00
2.066454967740405380e+01,1.093505317289445777e+01
1.738427902252463397e+01,9.727284004717155597e+00
8.135706688479819704e+00,8.029098337722802015e+00
6.421362271987113957e+00,2.772867280683757318e+00
1.009838209893372607e+01,8.437425029641296703e+00
1.919725002673517977e+01,1.685718840081990422e+01
1.809733795654565114e+01,1.345994062134117186e+01
2.224772753165003891e+00,1.832620959547975881e+00
1.165357589663096505e+01,1.122635556242706478e+01
2.900679513831493084e-02,2.144225606849698568e-02
1.155213168163037274e+01,1.101911503325035824e+01
2.047018076197793945e+01,1.509189968694517248e+01
1.533696934826454417e+01,5.336614808267571064e+00
1.584187525046465775e-02,7.899638391887019856e-03
1.732059523416106528e-01,7.101924716640491131e-02
5.154189275616554156e+00,3.597059167063693330e+00
2.682850057057881443e+01,2.184500908041791689e+01
1.153752535904795806e+01,3.025356585814043875e+00
2.022065617590075703e+01,1.186055321074597835e+01
1.216341532531816227e+01,9.624648804203213004e+00
1.059257437887443487e+01,7.653360410636652844e+00
6.100758597326803923e+00,3.598942791187344170e+00
9.664888649434994150e+00,4.572969378618230607e+00
1.463783548693027114e+01,1.438257444425092224e+01
5.624289841304437765e+00,4.816780849507794393e+00
1.209094972007318303e+00,9.743754451565750374e-01
7.330970857860679146e-01,5.098911408183337546e-01
2.792356019804347511e+01,2.619179300161383495e+01
5.296029873515649022e+00,4.990424635472624715e+00
2.191788194713335614e+01,1.734583643401096253e+01
2.260994948680565031e+01,1.837814790787955133e+01
3.079758603704846820e+01,2.013157708036946403e+01
6.848160273135014187e+00,5.549959115364791806e+00
2.658903214666601400e+01,2.055315999888220091e+01
7.361185680776459961e+00,5.783674398539900174e+00
5.465524561743297483e+00,4.569473578086375554e+00
5.763642843115643899e-01,3.617863905558180715e-01
1.958878095707191846e+01,7.258742258244148537e+00
1.507854711692464633e+01,6.092674243113976651e+00
8.719686881851951288e-01,4.601671223300792812e-01
1.579179748568661346e+01,9.471540908014306481e+00
5.679660587955172313e-02,3.255008457362038726e-02
1.437949289106249529e+00,7.670257722871608452e-01
8.920059319843355539e+00,3.955088794550410736e+00
1.920691670309400934e+01,1.112085963041963943e+01
9.715481644001913608e+00,6.049467114991145422e+00
4.221149962050245452e-02,3.057890136620832963e-02
1.879929577378439731e+01,7.069632039613500396e+00
3.011540032372531073e+01,1.438518543102923530e+01
1.282672191443778031e-01,7.330498471482801981e-02
2.222215781922511013e+01,8.488186380781476359e+00
1.321160857155901702e+01,4.229050104456179682e+00
3.102817999492607282e+00,1.215092740458565856e+00
1.987077560583686875e+01,8.652894511991190640e+00
2.296619960733023191e+01,1.736147829179245505e+01
2.627489776385164078e+01,2.560053712671821913e+01
6.945536838268190349e-02,4.907423234168604292e-02
9.626499164106180118e+00,1.055845423478734091e+01
9.066081937787947354e+00,4.049304942315483657e+00
1.377997803734965920e+01,1.291116114342599808e+01
5.738156950940773854e-02,4.217290736218613778e-02
5.847793386446166475e-02,3.764338182989544757e-02
4.433100548123650952e+00,2.452989079461850075e+00
1.247351985544400321e+01,8.470529758898745598e+00
1.137922909491420675e+01,7.780803519509715827e+00
2.685279798481222890e+00,2.547966958213855104e+00
3.811521428068075146e+00,3.602700978777580776e+00
4.719227634549969075e+00,3.178770288132545918e+00
6.606761609003592106e+00,3.765758741324254366e+00
2.000914632908462920e+01,1.503840625086688654e+01
1.339378184002840300e+01,3.977499496127558043e+00
1.508330851165094266e+01,4.202992083211197105e+00
6.820608071380661386e+00,4.487707537571282934e+00
1.397710366305285135e+01,1.016540199950353518e+01
1.255194652619715612e+01,3.684732597143522970e+00
1.622451200473592792e+01,7.836477956879238427e+00
5.958653222722741560e+00,5.656323720054183823e+00
8.693654425291477139e+00,8.309145465185403978e+00
2.705060044007066566e-01,1.458906097514233169e-01
1.259489382934873891e+00,7.575467241559865617e-01
2.179352169140087447e+00,1.759923538693800804e+00
1.450469180252370371e+01,1.324659659825219471e+01
1.226191345542288857e+01,8.323642535389199182e+00
9.399757102511511420e+00,4.581700145746727237e+00
2.566145315681389150e+01,2.551919508284928284e+01
2.416716095984458335e+01,1.112433513473133395e+01
1.621053172728590752e+01,9.814107856043879252e+00
1.870975047380473555e+01,1.756801334966797512e+01
1.967164622156298748e+01,1.802694779184614404e+01
6.565213917030567004e+00,3.397796292588890932e+00
2.355333728067805776e-02,1.530121179891002353e-02
1.526157284014628246e+01,4.309201046451413220e+00
3.696110464923885175e+00,3.481614384181939137e+00
2.863330940708511818e+01,2.379564069633166312e+01
1.680079650889698684e+01,1.129791838370000079e+01
1.091607234632328982e+01,9.279370431759167204e+00
5.486156516552306156e-02,2.164987510449605315e-02
6.741995857021772232e-02,4.054288712015716861e-02
9.025149865126527615e+00,6.198601507812832700e+00
2.692775262554675919e+01,1.729517899046524221e+01
1.293800127737894989e+01,1.218976117037379936e+01
3.574431923297435532e+01,1.822659009571005839e+01
8.593760446198679404e+00,8.200591231095815559e+00
7.597581398304943612e+00,6.694194551647965064e+00
2.582539154304459217e+01,2.334362224512409156e+01
2.113710171362473034e+01,1.647920455432776166e+01
1.110566339546351955e+01,8.185974956624747279e+00
5.308103221461256405e-02,3.273903321050843779e-02
8.039545555297734625e-01,1.873968362608367244e-01
6.544830699258856466e-02,2.805464515217753751e-02
2.845969609434135794e+00,1.956455265212763583e+00
2.657708175108627557e+01,2.165076887944633199e+01
9.975102371410018876e+00,3.577782577424671651e+00
1.675078139005877986e+01,9.646146651404595929e+00
4.697167431601617094e-01,1.050093768417456608e-01
3.365991842285443791e+00,1.250792341564038068e+00
2.720382589380394833e+01,2.091807848860648278e+01
2.300452400175544554e+01,1.131088981644259661e+01
3.969858059518474591e-02,2.066787510824722243e-02
2.737155203462431530e+01,1.898952383509920239e+01
8.703940950309050351e+00,2.735308666436266467e+00
1.563785070472528638e+01,5.934686242496917785e+00
2.440182594511381531e+00,1.884291104825083440e+00
3.436578421632522362e-01,2.249838522210676761e-01
2.511113654061948708e+01,2.549484995353695638e+01
2.484449939896576254e+01,1.964267122521449593e+01
5.960969702857529917e+00,5.264443768838273030e+00
2.519658783621267162e+01,1.378867303415421652e+01
2.692948617471663653e+01,1.693407493653062090e+01
7.983871111123344022e+00,6.150107271496797701e+00
6.790208301205410635e+00,6.490693690116954073e+00
3.041801249702039200e+01,2.111737600255391101e+01
1.013222317570172254e-01,5.948925373331997307e-02
3.952537013199458471e+01,2.074573931759952927e+01
3.179903580185343248e+00,3.031688777104807553e+00
2.621711692931433024e+00,1.207427748242253074e+00
2.015664877742367622e+01,1.497137318026210195e+01
1.767699014421684822e+01,8.993166934812625968e+00
6.733931377686025677e+00,4.229335428975857347e+00
6.248710928575509804e+00,5.634124002813935661e+00
2.137930636434741682e+00,7.563644457749761907e-01
9.645040853807566039e-01,4.890200604491179992e-01
1.640229381189559987e+01,1.258445526648351098e+01
1.704016762726894996e+01,8.405907827870750637e+00
6.619284219859952745e-02,4.198628906446801728e-02
3.908395365341002403e+00,1.923522892366075210e+00
1.178728525706616281e+01,7.721217893601038718e+00
1.496024744671894613e+00,7.649925005229696318e-01
5.291748881553587358e-02,2.022457975680867076e-02
5.216106032936989045e+00,2.007954382792386472e+00
1.049759284611659460e+00,4.158058270516405974e-01
9.717212409060227429e+00,8.951302188497852086e+00
2.064698290197370056e+01,1.606783447744756543e+01
1.723072646192394530e-01,1.315812905659955734e-01
1.579625861786802510e+01,5.793468529912251697e+00
1.503346463800867738e+01,1.036257351144713823e+01
2.338651388357733651e+01,2.080057558644627136e+01
1.170570972664005893e+01,1.337629700781469921e+01
1.441556772935224373e+01,1.396387421450492639e+01
2.056440382791051036e+01,1.117634249537517022e+01
9.789458860960486009e-01,5.720609735388104689e-01
4.796349384579342789e+00,1.981639706535028411e+00
1.079297957187793505e-02,4.582655170715546449e-03
1.223952476462447514e+01,5.408471955000419662e+00
3.723747049893196159e+00,3.008876234351782308e+00
1.041719618819902493e+01,6.581880618779771375e+00
1.685848979299239403e+01,1.684539561865477708e+01
2.725102605429636782e+01,2.156358110997778255e+01
2.143903371625329513e+01,1.381389157757392283e+01
2.378242659894579702e+01,1.268994692207931685e+01
1.975738789559504105e-01,1.082783358774960653e-01
2.729586406458629000e+01,1.170871646347413275e+01
8.471923667948527026e+00,3.323497069899160827e+00
2.521227617211015737e+00,9.570842662507874632e-01
1.772148646669921845e+01,7.086418554890101973e+00
5.698227220120668512e+00,5.702355113785239737e+00
1.408377355903548400e-01,7.140366149123467121e-02
1.297838086097038990e-01,7.388679992567839805e-02
1.090902681830294618e+01,9.269043130316291013e+00
2.049280267118375320e+01,7.132846962800419632e+00
1.828712191319003466e+01,9.826771821579500354e+00
2.362919250073295885e+01,9.718792147928938974e+00
4.488562004530262328e+00,2.210536820238066635e+00
3.719796227431741709e-02,2.239955602096806164e-02
4.955992529189894746e+00,3.731500602157082014e+00
1.505920114588557679e+00,9.615611105993161489e-01
2.248923168305952913e+01,1.891251065332378900e+01
1.569257266117836114e+00,6.170357084275710502e-01
6.909972651240056329e+00,1.787251615868836296e+00
8.840468365905051584e+00,5.993916069955988135e+00
9.023246689520235009e+00,3.431972266713819053e+00
3.205330391096629228e+01,1.460839919931561681e+01
4.701816365981448809e-01,2.356124998199482512e-01
1.568036902582226055e+01,1.485396060341289726e+01
7.342287169276357162e+00,6.251418852078138855e+00
2.404007182471032067e+01,2.110961971382041824e+01
1.772948720641606968e-01,8.904046263603268563e-02
8.330776144653409543e-02,5.090449149465144096e-02
2.990198368130002060e-01,1.273365712145459738e-01
1.016448399494300503e+01,3.595636382604385783e+00
2.564461535624747412e+01,1.601756622010337949e+01
1.781809436830340232e+01,1.148621492401312949e+01
1.055126693329123633e+01,9.690970699598382865e+00
1.880020315628280869e+01,1.275079341209442418e+01
1.237622412538732064e+01,8.956824326966950522e+00
6.065189624171443139e-01,3.661575930339294183e-01
4.292191046367366952e-02,2.870275817844655103e-02
5.920648790524450256e+00,3.842784786873338465e+00
7.088402669227627406e+00,3.539830098402855452e+00
3.249079745373838790e+01,1.521723407426283892e+01
2.716160191678401858e+01,2.567075408788444690e+01
9.608081956324564743e+00,8.416727640410256228e+00
1.377491067237973077e+01,8.389322730445702092e+00
2.284545294086986544e+01,1.115493136871409874e+01
2.195384362324136163e+01,1.393701760893533681e+01
2.064941174492945564e+01,1.881001599149598746e+01
7.602359438271804493e+00,5.461833779776916309e+00
7.097863315451008459e-02,3.969035328850208794e-02
5.570890502434505898e+00,2.162763348477134251e+00
2.450905279402702774e+01,1.429378999505768277e+01
2.183723380666060976e+00,1.674420835953196018e+00
1.575852909535123761e-02,7.505690047614813759e-03
1.407978742646582759e+01,9.319681655907805506e+00
7.882603557162006780e+00,7.144824207941533167e+00
1.059483432379449752e+01,6.157123926279709281e+00
1.639713816756112408e+01,1.030485097319301602e+01
1.150878699019227192e+01,9.947215782420945729e+00
1.858938137602675766e+01,9.351573404654608623e+00
2.452578042763840571e+01,1.456704662373571857e+01
2.048454782722691903e+01,1.614718263061983450e+01
2.430543234812527764e-01,1.616537281051835251e-01
2.726999701898803607e+01,2.611572278806086800e+01
5.458362243738044267e-02,3.496397578720410182e-02
1.075845545675137432e-01,6.260018322612360964e-02
2.764358481536855483e-01,1.377384089575388604e-01
1.862383160011669858e+01,1.630604788836521024e+01
2.996255739605357959e+01,1.948791491470580439e+01
2.589518728114450496e+01,2.169367766047143320e+01
3.684423117652153856e-02,2.472885838571669409e-02
1.194108135532578530e+01,1.147214009430066994e+01
1.889153198017145741e+01,6.831263073400744013e+00
6.012213014446243786e-01,3.935025299577070701e-01
1.761958834877236413e+01,1.095456794481327378e+01
6.167705987802317935e+00,3.632284602561139941e+00
1.719664519820605308e+00,8.592332026019934288e-01
8.611190206401685643e+00,7.256327497849573760e+00
1.426058856230362082e+01,5.045800606234520203e+00
8.184764702579306217e+00,6.822569491763472271e+00
2.707352510826348604e-02,2.229691995015455758e-02
1.838991698555809506e+01,2.353426401324758643e+01
2.185392437450738967e+01,9.695983256410720230e+00
5.156708167195627190e+00,2.673764105725460194e+00
1.752241207044640481e+00,9.202548398215170122e-01
1.039607103481063533e+01,6.672938602774837413e+00
3.736977975612908409e+01,1.894031043060352104e+01
3.293511410889895075e+01,1.992126006216528467e+01
6.422040638977725813e+00,1.734649036613085338e+00
9.486689538799797816e+00,5.821075343788946199e+00
3.188492848077103314e+00,2.446751290056505823e+00
1.017411200146743511e+01,1.029796566330229091e+01
2.095135640025560519e+01,1.188659954201162527e+01
7.072344368836494533e-02,4.276807162598562917e-02
2.067032687797208368e+01,8.764206635338105400e+00
2.073474970260911210e+00,1.209701815547139958e+00
7.722473885451480946e+00,7.522863681622816046e+00
4.759805982863241525e+00,3.005421944673110524e+00
