palette,source_row,role,used_for_new_base,original_km_spectral_rmse,original_km_spectral_mae,original_km_spectral_max_abs,original_km_delta_e_2000,original_empirical_spectral_rmse,original_empirical_spectral_mae,original_empirical_spectral_max_abs,original_empirical_delta_e_2000,anchor_km_spectral_rmse,anchor_km_spectral_mae,anchor_km_spectral_max_abs,anchor_km_delta_e_2000,anchor_empirical_spectral_rmse,anchor_empirical_spectral_mae,anchor_empirical_spectral_max_abs,anchor_empirical_delta_e_2000
old-holland-1-2-3,1,pure,True,7.258340236917172e-17,4.8348422040127785e-17,1.1102230246251565e-16,0.0,7.258340236917172e-17,4.8348422040127785e-17,1.1102230246251565e-16,0.0,7.258340236917172e-17,4.8348422040127785e-17,1.1102230246251565e-16,0.0,7.258340236917172e-17,4.8348422040127785e-17,1.1102230246251565e-16,0.0
old-holland-1-2-3,2,white_tint,True,0.007307496787563058,0.0055370160801124614,0.016753012912946202,0.5189445684764482,0.005437725945227074,0.004170204319604244,0.014507437186956545,0.41518951086527156,0.005952365545309332,0.0037275998886128277,0.018314875842327938,0.34250627200522576,0.005338548100120199,0.0035162862617690418,0.016818880646218365,0.2838891450099449
old-holland-1-2-3,3,white_tint,True,0.0034326650203224756,0.002427790918921254,0.00876997304302718,0.16875283631622232,0.004158872246399889,0.003202370165390018,0.011486188557727983,0.18342063868215275,0.0036461981880727802,0.002976688917890336,0.007959218080576036,0.17613243125493236,0.0038613653254812655,0.003084758982008361,0.008099867387641568,0.22135232201215288
old-holland-1-2-3,4,white_tint,True,0.004569297620927746,0.003143820589298937,0.013179795113585913,0.20059756562211595,0.005189987080678211,0.0037357738288945476,0.014660481727556407,0.23547271532588532,0.004220018658092098,0.0032485993420010616,0.009900445363029253,0.27844723397740195,0.004507455687951264,0.0033949206458633863,0.010731829727608777,0.2924236476465018
old-holland-1-2-3,5,white_tint,True,0.007929836295742131,0.006884944070631725,0.01609730564355505,0.4628885467967357,0.008158704297528614,0.007145519182417634,0.016664401937716677,0.4588133997590105,0.007895570801960024,0.007053899017917232,0.014446242901479722,0.4427057443859187,0.007961845137225953,0.007077939050430562,0.014792934523287837,0.4468370981899981
old-holland-1-2-3,6,white_tint,True,0.010251464065682173,0.008200123649345708,0.02330581740499249,0.866340536111867,0.010223875805470756,0.008148999557099926,0.023235957305113186,0.8696821888034088,0.01023584068169755,0.008166163351115455,0.02318996182147448,0.8721653362461643,0.010227133722104044,0.008162724818251161,0.02313119297236277,0.8725651810369791
old-holland-1-2-3,7,pure,True,5.379176911490105e-17,2.8427081477297354e-17,1.1102230246251565e-16,0.0,5.379176911490105e-17,2.8427081477297354e-17,1.1102230246251565e-16,0.0,5.379176911490105e-17,2.8427081477297354e-17,1.1102230246251565e-16,0.0,5.379176911490105e-17,2.8427081477297354e-17,1.1102230246251565e-16,0.0
old-holland-1-2-3,8,white_tint,True,0.015593550538908799,0.01364158421265165,0.026268046034835457,1.5137732876373597,0.01028459446803856,0.009349380738935707,0.017127207018224677,0.9443829305234416,0.013129055175292054,0.01223837177363776,0.019063807582307468,1.3500465459496844,0.008860811199695817,0.0083677520970728,0.013128170771488076,0.9956936922467033
old-holland-1-2-3,9,white_tint,True,0.008333771117609022,0.007741363183977824,0.013620698186247782,0.4756452104566009,0.005090038294909349,0.0041315915976009795,0.009458207985976963,0.05064664798675608,0.005491647186156754,0.004779252815465819,0.009620554790072344,0.3786594500017359,0.0036037189197872356,0.002858728927114345,0.0064936463736557926,0.17430828623283678
old-holland-1-2-3,10,white_tint,True,0.00791965922856933,0.007050494418692983,0.01293900251317523,0.5562401154306699,0.004896408182965727,0.004218329253776682,0.008604922133855553,0.23668629072426015,0.007109359703489195,0.006055038199713354,0.01294828667484657,0.5039850831033562,0.004843739067790125,0.004389701409432583,0.0074404793787513634,0.33147677624292965
old-holland-1-2-3,11,white_tint,True,0.014773360516415214,0.013773262507255404,0.021592118910144065,1.018514427628805,0.01657265917405056,0.015278844969338758,0.023768025807822668,1.151840383198908,0.01476445533159196,0.013950754555244452,0.021847295417989243,1.064286295073301,0.016615783081143864,0.015511793758870717,0.023831392719988242,1.180474806645548
old-holland-1-2-3,12,white_tint,True,0.01752514262874143,0.014936005861364949,0.028724820701157783,0.8160784058589772,0.01759257296031075,0.0150112869795456,0.028230720620672556,0.824394868486226,0.01741382541940049,0.014863413774906008,0.027413165824800134,0.8371971124108094,0.01752830888076348,0.014945015870293054,0.027523803170776517,0.8475289873935946
old-holland-1-2-3,13,pure,True,2.3148291771671806e-17,7.834235052798484e-18,1.1102230246251565e-16,8.828579614359399e-15,2.3148291771671806e-17,7.834235052798484e-18,1.1102230246251565e-16,8.828579614359399e-15,2.3013707539344673e-17,7.386564478352856e-18,1.1102230246251565e-16,8.828579614359399e-15,2.3013707539344673e-17,7.386564478352856e-18,1.1102230246251565e-16,8.828579614359399e-15
old-holland-1-2-3,14,white_tint,True,0.02528718827927361,0.019070283295076568,0.058680857665910025,2.099925912575935,0.021892407496130063,0.01681066471744351,0.050830407502721775,1.6590627540880534,0.02524502262034036,0.018859612227765228,0.06058280643766145,2.1632294330055046,0.021876421382546776,0.01683404502137241,0.051513769934592946,1.660161059781925
old-holland-1-2-3,15,white_tint,True,0.02055321777789451,0.018368709335765756,0.04440301530126234,1.9833757018892095,0.012641318762910081,0.010534003446447589,0.03165699480502107,0.9751275752349042,0.02072641827687969,0.018249369704946266,0.04670321353356002,2.0185542395163707,0.012817201230295538,0.010476528654606737,0.032514778537346245,0.9714916336644118
old-holland-1-2-3,16,white_tint,True,0.021236589548515705,0.019850233782629057,0.028141190900546786,1.5696447792847419,0.01821531395417913,0.015327166540038774,0.03470601013060881,1.0139795977706147,0.02158049013160331,0.020231357845647904,0.03119219764921094,1.6035876767721797,0.01828706474252088,0.015360395086379645,0.0345789738048593,1.0152865228803738
old-holland-1-2-3,17,white_tint,True,0.02626235873152067,0.022330972399468612,0.045219445022531835,1.3007259992593476,0.027953636103550988,0.02322748950728145,0.0500568969677444,1.2723851368370798,0.026165202930908626,0.022184219357269108,0.04345848573830158,1.3361227323717113,0.027816932717778048,0.023112367767106522,0.04907747172889321,1.283636658719611
old-holland-1-2-3,18,white_tint,True,0.0331420166930398,0.030798262401671387,0.05148872462280174,1.2452206007050273,0.035342367675093495,0.033596166999490806,0.053963668808074905,1.3491416188265521,0.03289223283806539,0.030627185766170687,0.049444834653721736,1.2264138359845393,0.035149638545608874,0.03349421205296284,0.052275727329422095,1.33154627585371
old-holland-1-2-3,19,white_tint,True,0.016587150874772322,0.015027179600404728,0.030767522285769178,2.143058642711472,0.016970961475062978,0.015388902661059797,0.03146136658267551,2.1667320357469,0.016296717984400383,0.014956537608766087,0.02893803942635198,2.0676942428821232,0.0167064561221816,0.015327181082331453,0.029513717487231195,2.0967345253497696
old-holland-1-2-3,26,pure,True,5.0944537656090266e-17,2.6188728605069218e-17,1.1102230246251565e-16,9.77164657471164e-15,5.0944537656090266e-17,2.6188728605069218e-17,1.1102230246251565e-16,9.77164657471164e-15,5.0944537656090266e-17,2.6188728605069218e-17,1.1102230246251565e-16,9.77164657471164e-15,5.0944537656090266e-17,2.6188728605069218e-17,1.1102230246251565e-16,9.77164657471164e-15
old-holland-1-2-3,54,chromatic_binary,False,0.021415073637736984,0.016977901819662015,0.03464078096090217,1.288803304624541,0.002476648275548648,0.00180123084373778,0.006878828997820496,0.1130689429437505,0.021536991576349546,0.017093803220640722,0.036334558269703776,1.3711959453899238,0.0026166007826938,0.0016221123388472686,0.008065848231343667,0.13544215928426034
old-holland-1-2-3,66,chromatic_binary,False,0.012489755814148995,0.011418145114494248,0.019709956823752317,2.608213220157815,0.01058814363153987,0.008237245679911145,0.027727403530917516,0.7301458040533271,0.012911643864548138,0.010797637110418411,0.028343672779592655,3.0403864622676795,0.01096769584362978,0.008684687628972364,0.030466455855805208,0.8734042869335229
old-holland-1-2-3,69,chromatic_binary,False,0.009231373411495339,0.008125448295589971,0.015736629840183647,0.8091914519779129,0.011866480753540503,0.008341699013083816,0.03074700506142669,1.162105617065782,0.012004209225604424,0.009297770622122834,0.026673949555783172,1.3564542256375387,0.014237311706301494,0.009764014746974232,0.036157838931709874,0.5084279479709898
old-holland-1-2-3,71,chromatic_binary,False,0.01756903831344808,0.017394161663837227,0.019882305446600912,3.2472049022333325,0.01081943064343751,0.00986465106727125,0.016159071646060355,1.979472227138863,0.016996242024678414,0.016587945200112125,0.022679994079555565,3.264377603087885,0.012454504607801786,0.011173809023821401,0.020962826454954286,2.125736998969351
old-holland-1-2-3,84,chromatic_binary,False,0.009721348353884891,0.007688185770819818,0.017706584587328766,0.834284156027384,0.012386119816981817,0.010121223209169704,0.02385106968686701,0.8069324529143584,0.016505192579636604,0.013098742922348755,0.0348687204214293,2.7341729359010003,0.017990077186605585,0.014300166960632497,0.03637519377521942,2.4116537430066063
old-holland-1-2-3,86,chromatic_binary,False,0.04092465979289596,0.03430494583498544,0.08257986647663973,5.293410739615634,0.037437399040413655,0.03063762657724761,0.07413508084254317,4.317505787023128,0.040621325037226964,0.03407394087132112,0.08121280399386932,5.328081000702556,0.03814919529293217,0.031363196844068866,0.07602552432545484,4.444333588739883
old-holland-1-2-3,88,chromatic_binary,False,0.017953327824698342,0.014945601173644962,0.03126822400525894,6.809752394916796,0.011198279187358955,0.009018959105971305,0.027238252373377708,4.275233665128097,0.033355870048576444,0.027864161984007915,0.08133388478535991,8.505635263532652,0.017860728516922924,0.01549077704034957,0.0439687433946942,4.110923260701392
old-holland-1-2-3,89,chromatic_binary,False,0.006839122272414192,0.004923594855895706,0.01985165756849916,0.768933694975296,0.007656949176655509,0.00514889554655023,0.022865149876309054,0.42174000219814944,0.016555076392699736,0.010100449422237907,0.05002020712992494,2.362959605830598,0.011200376308361227,0.007396462042662465,0.035336576666034736,0.8664804187271192
old-holland-1-3-4,1,pure,True,7.258340236917172e-17,4.8348422040127785e-17,1.1102230246251565e-16,0.0,7.258340236917172e-17,4.8348422040127785e-17,1.1102230246251565e-16,0.0,7.258340236917172e-17,4.8348422040127785e-17,1.1102230246251565e-16,0.0,7.258340236917172e-17,4.8348422040127785e-17,1.1102230246251565e-16,0.0
old-holland-1-3-4,2,white_tint,True,0.006661710855545916,0.00533291573640535,0.016645282320175786,0.4621098534224994,0.00528433762243841,0.0038924699417281733,0.015258127717761194,0.3562759111294409,0.005952762063982056,0.0037287530975188186,0.01833363168977209,0.3427795429759256,0.0053444867279488105,0.0035154232832077903,0.016787213428080067,0.28502822123948884
old-holland-1-3-4,3,white_tint,True,0.003856306868312509,0.0031402951174618146,0.009307554098151205,0.16395350285924104,0.004037832864028517,0.003057708169493971,0.011191335340536845,0.1969708842824165,0.0036412992710272117,0.002970918848726577,0.007946953627082448,0.175967001119479,0.003859040386364312,0.003087612791166208,0.00807221354352361,0.22044639384873674
old-holland-1-3-4,4,white_tint,True,0.004652436237366379,0.0031929738316331838,0.013217862873099673,0.2283478563726457,0.005158429865801289,0.0037411647483890777,0.014200043335017454,0.2731119715236366,0.004222726421726546,0.0032518182596280687,0.009883140169176019,0.2783812526561432,0.004504104297072317,0.003395930180743172,0.010701246234792072,0.2921542775002165
old-holland-1-3-4,5,white_tint,True,0.008089726308970957,0.0070974027697483025,0.016222143705845182,0.4574504992590389,0.008048424652599697,0.007050155805492675,0.01657277680996927,0.44983642274968016,0.00789635070399943,0.00705381558591095,0.01442907768473578,0.4426158293369927,0.007962418251756788,0.007079114058480832,0.014783511391486592,0.4466676803551257
old-holland-1-3-4,6,white_tint,True,0.010224361369853002,0.008154129807898846,0.023301023628241158,0.86886679046956,0.010235890364514163,0.008165847966124256,0.02327056165869179,0.8735056466263468,0.010236480046466087,0.008166281139787923,0.023208293952503234,0.8722779611429057,0.010227623759059267,0.008162547605576003,0.02315054048845755,0.872676618907061
old-holland-1-3-4,13,pure,True,2.3013707539344673e-17,7.386564478352856e-18,1.1102230246251565e-16,8.828579614359399e-15,2.3013707539344673e-17,7.386564478352856e-18,1.1102230246251565e-16,8.828579614359399e-15,2.3047427275435312e-17,7.61039976557567e-18,1.1102230246251565e-16,8.828579614359399e-15,2.3047427275435312e-17,7.61039976557567e-18,1.1102230246251565e-16,8.828579614359399e-15
old-holland-1-3-4,14,white_tint,True,0.022805368827932094,0.01615532434421928,0.060137914208801824,1.7811213922741806,0.021010905577557443,0.01440753957069489,0.056940305265508195,1.716515688230984,0.025245983555307255,0.018859399554792346,0.06060917643268576,2.163374353675371,0.021857782897324866,0.01681192516155382,0.051508116581117314,1.6584872653288802
old-holland-1-3-4,15,white_tint,True,0.024484328588568353,0.02242024098468365,0.046072928190677764,1.9532596259297375,0.014751942402095488,0.011141628284856972,0.03353985409830609,0.9689681158948082,0.020729154354655426,0.01824895896849889,0.04671589164468748,2.0186077552981683,0.012841059084905442,0.010514382070988617,0.032553293734251004,0.9781452091456241
old-holland-1-3-4,16,white_tint,True,0.030272400752162334,0.02698486708042935,0.04804412121923052,1.6908824758356698,0.016945336744128577,0.013856917466062702,0.03101608490365093,0.8955514310967451,0.02158033726856678,0.020234913897024774,0.031181884244496777,1.6035419953194505,0.018326721505780984,0.015401259520086355,0.03462652053604254,1.0196092142839182
old-holland-1-3-4,17,white_tint,True,0.031939534307756035,0.026248996419666184,0.05088656496137245,1.4134255687186599,0.027733770968411064,0.022765151409262534,0.045869183655137036,1.242437075724206,0.0261628829753817,0.022182518680230794,0.04345310662601898,1.3360104041766716,0.027820040203699686,0.023113124697781054,0.049072994115276214,1.2837319744475968
old-holland-1-3-4,18,white_tint,True,0.03517650495911413,0.03245967860171452,0.049928925030136795,1.2618023933832485,0.035597872090660336,0.034044324569977746,0.05183589237182329,1.3459883869835176,0.032891469777576066,0.03062797544416836,0.049433590034811514,1.2264153384901693,0.03513833178540259,0.033480842117374066,0.05226646917058553,1.3309175765357373
old-holland-1-3-4,19,white_tint,True,0.01666063064700371,0.015333760387185907,0.029350273343802802,2.1043147836289293,0.016928702206110865,0.015486997492570275,0.029858460372460427,2.1487540321234833,0.016298284326741633,0.014957497517379665,0.028929718739472587,2.0680226754895568,0.016704074734690624,0.015324399292564175,0.02950441662393921,2.0968472145316874
old-holland-1-3-4,20,pure,True,1.7358422916209957e-17,6.267388042238787e-18,5.551115123125783e-17,0.0,1.7358422916209957e-17,6.267388042238787e-18,5.551115123125783e-17,0.0,1.7358422916209957e-17,6.267388042238787e-18,5.551115123125783e-17,0.0,1.7358422916209957e-17,6.267388042238787e-18,5.551115123125783e-17,0.0
old-holland-1-3-4,21,white_tint,True,0.026187824144756077,0.018592138870291066,0.06538771464257928,2.7665309657638115,0.013896185300062184,0.00835106011590087,0.04176560695547685,1.725191110597103,0.02353587620000896,0.016497196171581532,0.06282896158994725,2.6215799903447756,0.01394070304157782,0.00811391669550542,0.042410728640778855,1.7414861485281175
old-holland-1-3-4,22,white_tint,True,0.03087469917453955,0.024921629048318024,0.06530693567330564,2.7364564386687587,0.008409165568182544,0.007113731349999506,0.020264842821363815,1.4145597223396151,0.026029332590288567,0.021362884813933867,0.06408120277089016,2.604255855625071,0.009433574256005349,0.007838313433108698,0.024062694559421116,1.3847602914006536
old-holland-1-3-4,23,white_tint,True,0.019657186808450963,0.01714939474680874,0.03885581381109804,1.9895516780910807,0.0231872146370941,0.018857845545319215,0.04970089335064842,1.569011676572414,0.022307985788686358,0.0190730344235939,0.042456834436287005,2.0122321530670977,0.02500277284620491,0.020186035032164137,0.051736162579166134,1.5994069165724238
old-holland-1-3-4,24,white_tint,True,0.025257441969288474,0.020659262159472704,0.044131993306400275,1.3832378525185285,0.029547467699036215,0.02607732458467,0.048830891589518255,1.4059919501333296,0.02729814086720498,0.022031116424678428,0.04677901870326995,1.415645422214121,0.0310145005132864,0.02717939033624098,0.05079307666037347,1.4311796742152603
old-holland-1-3-4,25,white_tint,True,0.04448241796004217,0.042018627845402515,0.06533239949378256,1.551147549238131,0.04589626563491583,0.04371204192334934,0.06575838467903372,1.6231637728158714,0.045221049218217804,0.04259931147113583,0.06713215317405241,1.569297685419266,0.046534233314427624,0.04422025550183258,0.0673099631988543,1.6368141635195168
old-holland-1-3-4,26,pure,True,5.0944537656090266e-17,2.6188728605069218e-17,1.1102230246251565e-16,9.77164657471164e-15,5.0944537656090266e-17,2.6188728605069218e-17,1.1102230246251565e-16,9.77164657471164e-15,5.0944537656090266e-17,2.6188728605069218e-17,1.1102230246251565e-16,9.77164657471164e-15,5.0944537656090266e-17,2.6188728605069218e-17,1.1102230246251565e-16,9.77164657471164e-15
old-holland-1-3-4,27,white_tint,True,0.03370042913006666,0.032345802153057795,0.06147267240872045,4.031397663552181,0.011177988325215996,0.009680396031370398,0.024966132521163975,0.9506205039734846,0.03071856882720884,0.028826801954291065,0.061161649645495836,3.9707679815411248,0.011229037439905405,0.00972175869046193,0.027820741899304058,0.9533481429042955
old-holland-1-3-4,28,white_tint,True,0.036633926027153464,0.03424016774607239,0.051255581337432965,4.590031841461639,0.020365452865509864,0.018721039761442286,0.02987428771677969,2.6846946667166653,0.035212678723352465,0.0313949789717318,0.05101895529805714,4.558824917521692,0.019975114168788333,0.01806548832875726,0.030988097717097707,2.7050608005589445
old-holland-1-3-4,29,white_tint,True,0.03483061010888863,0.028113065762570316,0.06085686798349843,2.4107034603583117,0.03604786794177238,0.02653526868077221,0.06433187448410782,1.9183771293241636,0.03767607195211988,0.029775451607901734,0.06848536460325372,2.4395168659709667,0.03820190775697737,0.02777777113809626,0.0698972248148978,1.9472337145392111
old-holland-1-3-4,30,white_tint,True,0.045252854227462114,0.04382465806490474,0.06094061802342221,1.6470774874425687,0.04721227313143174,0.04601913043748189,0.06149679510745143,1.7652947444222222,0.04610097402049247,0.044518021129509054,0.06317930602574318,1.6637910351427598,0.04793035115327271,0.046616899220756826,0.06341071069672832,1.7772526736839311
old-holland-1-3-4,57,chromatic_binary,False,0.02828622868565964,0.019707185708167187,0.05582970754057531,3.4650199997095874,0.005925528514904331,0.00477572406170035,0.014537917663690475,1.6499592624162926,0.016278671662883895,0.012621033787982043,0.03218562278815168,2.954852778811399,0.006488679126459778,0.005181503429678659,0.020937220423312614,1.3773071763407636
old-holland-1-3-4,66,chromatic_binary,False,0.01398419018201758,0.013413568359872922,0.02028198948173693,2.6726539191168066,0.012019011822090048,0.00901706520312582,0.03228682602380045,0.8929784714999404,0.012910938249776075,0.010793611085684773,0.02833106001840968,3.0406305300562,0.0110080538592519,0.008706459817564658,0.030599431932034127,0.9330651573437013
old-holland-1-3-4,69,chromatic_binary,False,0.006360899466587189,0.0056620920765319185,0.012537781253610839,0.808717252088749,0.010103593998592286,0.006604843186502059,0.031662896070345226,0.7737925049182679,0.01200184413798671,0.009297094705075535,0.026733978854953655,1.3573364287798482,0.014211303076381597,0.00970826487952902,0.03626180532027368,0.4915927040952302
old-holland-1-3-4,71,chromatic_binary,False,0.020101641852287452,0.01950357724113574,0.028461417010204437,3.2890004290619754,0.010889656943428704,0.009665536201825118,0.01647612398920086,1.986246323074973,0.016996938436474963,0.01658904128514503,0.022675612491803387,3.264302123277079,0.01249499699202423,0.011265786075438744,0.020890400899279793,2.1309047654158197
old-holland-1-3-4,84,chromatic_binary,False,0.00727905977919678,0.006131093890872412,0.01345110645723624,1.2864094606231664,0.011201742081792403,0.009352679390676456,0.022389093717714137,1.182840753333709,0.016514696533041502,0.01310037884316677,0.03496646488198918,2.735815673563326,0.01800083215522394,0.01427107074161961,0.036536353236412134,2.4326976329000645
old-holland-1-3-4,86,chromatic_binary,False,0.04232901770753043,0.03523329726834351,0.08346199700654466,5.312705246304509,0.036872244404324954,0.030407873065623862,0.07136597236149567,4.419102327528258,0.04062250569251577,0.0340741949894334,0.0812063604523986,5.32806377498347,0.038181513881256963,0.03141965606212868,0.07599621468943851,4.472747109148408
old-holland-1-3-4,108,chromatic_binary,False,0.07409008422989537,0.04320922378798079,0.17842144060491288,3.4379863976686638,0.00843267978435847,0.005456558887302725,0.018928056537620364,1.5252357108602652,0.0932194246957002,0.05328864625905188,0.21583151685684837,4.203391409280946,0.01183300446100046,0.00771596734564586,0.02940966420574928,3.3525007506292273
old-holland-1-3-4,109,chromatic_binary,False,0.02659446829225406,0.0250228237343846,0.04883496687077532,5.288367933216343,0.01663579145229194,0.015335476519221642,0.02754534317568913,4.630438987441919,0.05216540389185665,0.04090037697323488,0.0988794082909566,5.395567209205176,0.018598891323220824,0.017159976728337075,0.030267097852202662,4.621438059136871
old-holland-1-3-6,1,pure,True,7.258340236917172e-17,4.8348422040127785e-17,1.1102230246251565e-16,0.0,7.258340236917172e-17,4.8348422040127785e-17,1.1102230246251565e-16,0.0,7.258340236917172e-17,4.8348422040127785e-17,1.1102230246251565e-16,0.0,7.258340236917172e-17,4.8348422040127785e-17,1.1102230246251565e-16,0.0
old-holland-1-3-6,2,white_tint,True,0.00952030220389721,0.007776706541138613,0.018650006641311556,0.6317071712514283,0.005619769697077885,0.004273464831038082,0.012753194482822111,0.4538392965967098,0.005952559660292064,0.0037281770419160458,0.018324556263526692,0.34264304932821554,0.005357712903019197,0.003514608832696939,0.016859806442757613,0.2865663734549608
old-holland-1-3-6,3,white_tint,True,0.0035589384722092285,0.0027938167394277315,0.00807818710237962,0.2253300359256535,0.004367187831631241,0.0032973703065005697,0.012598067723427753,0.19506475007092605,0.0036437335117397527,0.002973568803750557,0.007953060654315974,0.1760496396829833,0.0038626031338920255,0.0030915820309192882,0.008041230539187705,0.21921617660417217
old-holland-1-3-6,4,white_tint,True,0.004459434789042307,0.002955743310815787,0.013292674214523403,0.14336089910828853,0.005368470685840219,0.003785786919842717,0.015779920419488502,0.20164394490691506,0.004221368276105591,0.003250225681232814,0.009891513914303096,0.27841427655834333,0.004492397343006422,0.003392529843135323,0.010684992431244433,0.2918324564479459
old-holland-1-3-6,5,white_tint,True,0.007812077027719584,0.0066120221092719755,0.016471586052246856,0.4814286972972868,0.00826872637841975,0.007191326892858319,0.017396838287040084,0.47074009558116153,0.007895959971148695,0.007053857333508966,0.014436974219589727,0.4426606730484928,0.00796105770945061,0.007080540815592954,0.014766297494826164,0.44656605589072956
old-holland-1-3-6,6,white_tint,True,0.010264974078210741,0.00825268262097206,0.023335891024253708,0.8582365842037248,0.010203913720595391,0.00813746795886356,0.023228428039495652,0.8643362252389679,0.010236161492311564,0.008166222429235277,0.023199145565552026,0.8722217861531995,0.010227188968312281,0.008162142919503148,0.02314325866389133,0.8726184055989518
old-holland-1-3-6,13,pure,True,2.3013707539344673e-17,7.386564478352856e-18,1.1102230246251565e-16,8.828579614359399e-15,2.3013707539344673e-17,7.386564478352856e-18,1.1102230246251565e-16,8.828579614359399e-15,2.3013707539344673e-17,7.386564478352856e-18,1.1102230246251565e-16,8.828579614359399e-15,2.3013707539344673e-17,7.386564478352856e-18,1.1102230246251565e-16,8.828579614359399e-15
old-holland-1-3-6,14,white_tint,True,0.02465156476134225,0.01675432413091586,0.06383887869073934,2.2954898792967273,0.022103534898299578,0.01670816727081545,0.050789000332881806,1.6437897405351816,0.025245521641896265,0.01885952384616161,0.06059603381756451,2.1633019906571644,0.021826225634695728,0.01677642168402891,0.05145006291388238,1.6559515523621182
old-holland-1-3-6,15,white_tint,True,0.02146561388840439,0.018696290493019203,0.04794781410782134,2.0900272455253046,0.011897292399957075,0.009956037110836313,0.027324913669750456,1.0620062628851694,0.020727804158959348,0.018249185786609855,0.046709576024154875,2.018580973509262,0.012877329287220877,0.010573204111036972,0.03259981193286024,0.9893625580483183
old-holland-1-3-6,16,white_tint,True,0.025232194293129357,0.023287880591255423,0.04259409839609851,1.667330681161099,0.017488713689844376,0.01486097496690958,0.033155444275597024,0.9156047234159808,0.021580398454219735,0.020233131860053787,0.031187049152634178,1.6035648589025344,0.01839640300110401,0.015473070889148245,0.03471320147275836,1.0271687904722937
old-holland-1-3-6,17,white_tint,True,0.02836922208324452,0.024013203723821697,0.04878320232806721,1.3997091113141347,0.027725747737124443,0.022893624842663725,0.04851553092106309,1.2013487249228334,0.02616402542889113,0.022183358685110267,0.04345579433238678,1.3360666850368323,0.027830204339259684,0.02312641675492354,0.04911239407444978,1.2842287944167339
old-holland-1-3-6,18,white_tint,True,0.03325528302882953,0.030590181037667544,0.047544333520278426,1.2191446532616186,0.03491975526270183,0.03321815695129657,0.05169106527719891,1.310304612531827,0.03289184156412733,0.030627576611483253,0.049439248640054556,1.226414627462206,0.03512046914033765,0.033456430951043906,0.05227275461684999,1.3297788499619907
old-holland-1-3-6,19,white_tint,True,0.015838876912021398,0.014612859880042812,0.02811575633250607,1.9625192802504494,0.016260519101581928,0.014950877457131159,0.028948962168794057,2.0205055132158316,0.016297498281784863,0.014957017472707524,0.02893386384418095,2.0678585402117933,0.01669646404104783,0.015317536639654763,0.029506451104542863,2.0962755352907085
old-holland-1-3-6,26,pure,True,5.0944537656090266e-17,2.6188728605069218e-17,1.1102230246251565e-16,9.77164657471164e-15,5.0944537656090266e-17,2.6188728605069218e-17,1.1102230246251565e-16,9.77164657471164e-15,5.0944537656090266e-17,2.6188728605069218e-17,1.1102230246251565e-16,9.77164657471164e-15,5.0944537656090266e-17,2.6188728605069218e-17,1.1102230246251565e-16,9.77164657471164e-15
old-holland-1-3-6,38,pure,True,4.536462648073233e-18,3.0217763775079866e-18,1.3877787807814457e-17,0.0,4.536462648073233e-18,3.0217763775079866e-18,1.3877787807814457e-17,0.0,4.704536392393337e-18,3.2456116647308e-18,1.3877787807814457e-17,0.0,4.704536392393337e-18,3.2456116647308e-18,1.3877787807814457e-17,0.0
old-holland-1-3-6,39,white_tint,True,0.00841725083247952,0.0063634471409733575,0.017743788972670496,2.1318828690934377,0.007559260178140354,0.006426588626782056,0.01509013788769481,2.188100775550516,0.008426945979437498,0.006355998883046291,0.01704108820020317,2.217215727690611,0.007566597017741736,0.006454740715044762,0.014529382765711557,2.2163233949902685
old-holland-1-3-6,40,white_tint,True,0.02644613774098635,0.023371050692648394,0.05044730174234166,4.69166268335945,0.023772391082730403,0.019184420884761164,0.04419375942833059,4.102731210156804,0.026467835287329267,0.02342901367409034,0.049022489207200454,4.837471216206483,0.023714579166169574,0.019094254687996495,0.04421247506580425,4.110021509683169
old-holland-1-3-6,41,white_tint,True,0.0314037989854431,0.027520112523127114,0.06574387649572547,4.185882519274573,0.013008963490673875,0.01022182705684595,0.026726045097383605,2.4660406843250735,0.03139209574088519,0.02776877141936021,0.06209002451195564,4.407618724208212,0.013371454080743356,0.01035601175523813,0.03019283225044328,2.4279647991840805
old-holland-1-3-6,42,white_tint,True,0.031609848722893644,0.02782832319132165,0.04617337416986106,3.415161264869264,0.012400258178543528,0.009907012787255575,0.028784940185246244,1.214121854146466,0.0317411674926923,0.028122600624229107,0.044033916354435376,3.511627655254689,0.012688699197932073,0.009871497462096273,0.030773373431324247,1.2247828215704117
old-holland-1-3-6,43,white_tint,True,0.02340250133475263,0.019926794051684734,0.03518388724256996,3.0879957065042984,0.015767135231246482,0.011704458601552553,0.03670939495175318,2.0766954561406914,0.023910454962223885,0.020171619231909573,0.037851700047186077,3.0834581282463613,0.016086292398757127,0.012183947944510358,0.03669386933413887,2.043848118839991
old-holland-1-3-6,44,white_tint,True,0.0195489080768003,0.014418060584996242,0.040425461425244724,3.2631741555642666,0.02600966104273465,0.021955658743136857,0.051444123474825965,3.3664741061714363,0.01962906911829581,0.014281014480656606,0.04506459284232878,3.081002453149277,0.025932721805191957,0.021534051516475132,0.05402638467098242,3.2172460327641246
old-holland-1-3-6,45,white_tint,True,0.06670397305590793,0.06439605437465014,0.08093106204653411,3.610211329776746,0.06822162311393763,0.06567483029368804,0.0825150263996356,3.7358760765751335,0.06625216181921403,0.06397482903854265,0.08343781295650798,3.471181502789175,0.06780286353638271,0.06528968330461507,0.0847198615358814,3.6061563433352495
old-holland-1-3-6,66,chromatic_binary,False,0.02035198273858137,0.017022521040781266,0.049231425479984714,2.5113899367813612,0.011716155362968326,0.008969046441931063,0.029436633921863575,0.8273602687495457,0.01291112651228917,0.010795532900174789,0.02833599768713041,3.04049709257989,0.011078156692332548,0.008744537086420184,0.03082124972426159,1.0311710987437352
old-holland-1-3-6,69,chromatic_binary,False,0.010667932044181495,0.00944661855409158,0.02098048032371569,1.1289239584463833,0.007982906520380894,0.006469706837863461,0.020035925072392713,1.4054384791439565,0.012002933636468179,0.009297346480599803,0.02670619948731634,1.3568808464504087,0.014171864472029108,0.009621986164580577,0.0362468288529838,0.47824215355494043
old-holland-1-3-6,71,chromatic_binary,False,0.02424818641610105,0.022589290436481533,0.04434913476779434,3.3213921056827447,0.009688042836828732,0.00864729979274071,0.01630423039923456,1.9349489669195212,0.016996546557307906,0.016588490459995758,0.022677454623956872,3.264338279155379,0.012564316751491287,0.011408906970562623,0.02079247652574645,2.144869539339549
old-holland-1-3-6,73,chromatic_binary,False,0.005437890067026504,0.004455877371840776,0.012419173013512419,1.6581838864381568,0.0043035135600174084,0.003729814275726337,0.008936308810540694,1.2199318493911993,0.012435482995797362,0.009339908464078187,0.03308971266029065,3.966211050806233,0.012057064478985387,0.009870194226008298,0.021841412699558832,3.5235674640755206
old-holland-1-3-6,76,chromatic_binary,False,0.007794374865795498,0.006680117978566742,0.012631409808549904,1.6851571629320348,0.004560215643301445,0.00357095479392217,0.012230630299442408,0.9973258881702084,0.02296905333553271,0.017834421924650866,0.057177951210130515,3.980142891710484,0.007868435789706052,0.0060589674123332085,0.0247346488789634,0.8619974722214134
old-holland-1-3-6,78,chromatic_binary,False,0.007520292282416109,0.006991939433624541,0.014965565543570467,2.1567774768797694,0.00467191416842625,0.0037852454483610068,0.012271899233234934,1.1892285730908188,0.009794975058093115,0.008733500199301988,0.019319445095880197,3.6357835323073835,0.005753005694223336,0.005199752410514322,0.011434161509584026,2.7722071080038195
old-holland-1-3-6,80,chromatic_binary,False,0.018181466167575315,0.014435770969179874,0.0306375317083446,3.346595226705805,0.011572733719973324,0.008979990193652,0.021869984536166703,2.4008867401213436,0.0444695555861569,0.034939392514051024,0.09180335833181838,6.4384036832767215,0.02697079518396853,0.022128197741486774,0.04985516288040945,4.109577492757171
old-holland-1-3-6,82,chromatic_binary,False,0.006846935391354498,0.006695553245300997,0.008396386958572102,2.7341416244034615,0.005753881187026038,0.005529105498460709,0.008436384925381867,2.3286189105279504,0.007504138392727238,0.007376530710717872,0.009550707838217563,2.409462818348481,0.005224787706992547,0.004463425100596562,0.0097231459997187,1.4462949794359679
old-holland-1-3-6,84,chromatic_binary,False,0.00401121032743314,0.0031754895537393383,0.007904301156525961,0.2820723194524029,0.0075610522115297195,0.006320110554048367,0.012752199018763899,0.3707654006573067,0.016509969634633682,0.013099520203155458,0.034917739395433134,2.7349923908865716,0.017996827209641443,0.014224973737809721,0.036578534089563464,2.4607177522879637
old-holland-1-3-6,86,chromatic_binary,False,0.044705475856996,0.03662277692491255,0.09398709145582329,5.303544142384931,0.03575884781549374,0.02962373940420133,0.07007432765349642,4.319394956801504,0.040621903507371875,0.034074046138166024,0.08120934104559696,5.32807099257906,0.038232666464720545,0.03150683910049435,0.07599182063180099,4.516081906854356
old-holland-1-3-6,123,chromatic_binary,False,0.020793825548607585,0.020291371143554914,0.0254403818140407,7.085207792239718,0.005290311478384235,0.004605665285141883,0.008183098689717713,4.501471450164367,0.027321210585279688,0.024006481997192488,0.07980027769129537,6.947112074611977,0.006670232465695668,0.005280297323932836,0.020356983112938883,5.85770983848794
old-holland-1-3-6,124,chromatic_binary,False,0.026272492552919156,0.024259751271144252,0.04863312702712097,5.090850078500962,0.015355845781788903,0.013752389260019692,0.02973940092854349,3.9008705128579986,0.05763314003607408,0.038200023255507504,0.187398869706618,5.055132418425049,0.03658600555006861,0.022975996488932355,0.12256319382031777,4.268112136476832
old-holland-1-3-6,125,chromatic_binary,False,0.003559548966868093,0.0028631957927842872,0.007115656232643507,2.547429032271204,0.004595352161201681,0.004041353397806881,0.007170929740117609,2.4950590911585953,0.0037396653813909914,0.003033356474269247,0.007115262970094925,2.5226445129735664,0.005046375087596042,0.0043672172573470495,0.007376259657772298,3.0540119756385455
old-holland-1-3-6,130,chromatic_binary,False,0.024061044902874924,0.023175341729566003,0.03961240438137456,7.100105325053139,0.008717918141752037,0.007952975810946094,0.01135792447076853,5.3859042183656625,0.04296825801971987,0.03150546417294798,0.15157365250095992,6.904072324376399,0.017194401938191738,0.011530525339838563,0.06527060252009073,6.773067786297676
old-holland-1-3-6,131,chromatic_binary,False,0.006704512940096035,0.0056258266338017095,0.010321112260478542,3.597983219388019,0.005803193397582079,0.005480009116882641,0.007771436627766193,3.420396701655219,0.00890490788588554,0.0070100907801042426,0.027170085546516967,3.4880296864430296,0.006615576009109084,0.0059802600396809185,0.00964513478188328,4.420912034569732
old-holland-1-3-6,134,chromatic_binary,False,0.016492812595130565,0.01584988656317396,0.021641389345655924,6.206363731626174,0.0030162561538116693,0.0026404075801439936,0.005424164537011611,4.632117336637299,0.026088780991035215,0.02054180209840179,0.08908541806717946,6.009479786520989,0.005831378561323929,0.004424394841409011,0.02002213580002935,6.335096260215841
old-holland-1-3-6,135,chromatic_binary,False,0.009780033665835703,0.008818138308252753,0.013560881411476083,4.694678454230008,0.006511964321992226,0.0060559266171304115,0.009944512819580836,4.191710244123142,0.01550155904132583,0.01172427979012799,0.05422334322595695,4.545053381223606,0.007474444227543896,0.006645294298695351,0.01165387904145922,5.6130380101597614
old-holland-1-3-7,1,pure,True,7.258340236917172e-17,4.8348422040127785e-17,1.1102230246251565e-16,0.0,7.258340236917172e-17,4.8348422040127785e-17,1.1102230246251565e-16,0.0,7.258340236917172e-17,4.8348422040127785e-17,1.1102230246251565e-16,0.0,7.258340236917172e-17,4.8348422040127785e-17,1.1102230246251565e-16,0.0
old-holland-1-3-7,2,white_tint,True,0.007393692711209203,0.005853195289031779,0.016570804637532993,0.5649405646134221,0.005376916605552223,0.003972651939739003,0.014447552261898838,0.4117790135730763,0.005952559660292035,0.0037281770419160145,0.018324556263526692,0.34264304932821554,0.005347220540022206,0.003515428663049231,0.016823176968975867,0.2852076882744969
old-holland-1-3-7,3,white_tint,True,0.003854303292781807,0.0031519701393441083,0.009465694641399569,0.17421603427911522,0.00419648320983996,0.003098568400889851,0.012219565864887594,0.18743337590864964,0.003643733511739773,0.0029735688037505776,0.007953060654315947,0.1760496396829833,0.003861025030811547,0.0030880831212802165,0.008070306365974389,0.22029975515096417
old-holland-1-3-7,4,white_tint,True,0.0046615315411090135,0.0030786761657102812,0.013694027644691964,0.19209292412399775,0.005323086311307096,0.0038205022259138895,0.015153660870526608,0.24793785821639602,0.0042213682761056085,0.003250225681232821,0.009891513914303096,0.27841427655834333,0.004501043071223725,0.0033944865175792676,0.0107051245076899,0.29213096631415303
old-holland-1-3-7,5,white_tint,True,0.008069366392357067,0.007028917201454921,0.016308366465939694,0.46428305669927405,0.00808660192186366,0.007045620038491457,0.016844296872649545,0.45541465017646576,0.007895959971148695,0.007053857333508966,0.014436974219589727,0.4426606730484928,0.007961725557346172,0.007079233820441654,0.014775465641053698,0.4466834650307784
old-holland-1-3-7,6,white_tint,True,0.010238878874495738,0.008171485989185373,0.023343535025289852,0.8661859518916307,0.010241659094908389,0.008170783197858206,0.02328839100839253,0.8717995422219132,0.010236161492311574,0.008166222429235283,0.023199145565552137,0.8722217861531995,0.010227315586799696,0.008162462764522345,0.023141737768186066,0.8726209061589645
old-holland-1-3-7,13,pure,True,2.3013707539344673e-17,7.386564478352856e-18,1.1102230246251565e-16,8.828579614359399e-15,2.3013707539344673e-17,7.386564478352856e-18,1.1102230246251565e-16,8.828579614359399e-15,2.3013707539344673e-17,7.386564478352856e-18,1.1102230246251565e-16,8.828579614359399e-15,2.3013707539344673e-17,7.386564478352856e-18,1.1102230246251565e-16,8.828579614359399e-15
old-holland-1-3-7,14,white_tint,True,0.021702402741163952,0.014998184085603567,0.05887466746639969,1.9142508561733376,0.020811944806888652,0.015543332148484303,0.05185532924772157,1.6307965581404564,0.025245518535740082,0.018859520808275732,0.060596033800290994,2.1633019648148237,0.021852583197509937,0.016806702673976128,0.051488652758615194,1.658083158736204
old-holland-1-3-7,15,white_tint,True,0.022013193988227084,0.019451946000135608,0.04623724011866853,1.972812911312018,0.012910581469913269,0.01057397153209463,0.030859273115558777,0.9856579539543522,0.020727801138820348,0.01824918199014747,0.0467095760239753,2.018580967757737,0.0128452850949203,0.010522538088060187,0.03255569118744042,0.9798400048300797
old-holland-1-3-7,16,white_tint,True,0.028269598969449417,0.02565876210847525,0.046881391812449436,1.6773170458557265,0.017321687855052535,0.014574187803055973,0.032972820696149596,0.9243131893733985,0.02158040071973022,0.02023313461534792,0.031187049152702373,1.6035648691298303,0.018337824977192805,0.015412807966396392,0.03464233747120182,1.020803245612259
old-holland-1-3-7,17,white_tint,True,0.03081923731068467,0.025637066034676925,0.0509313866520994,1.4147561148423182,0.028002697327382677,0.02305445446101215,0.04937559583064244,1.2400059835092043,0.026164027656065448,0.022183360377241855,0.043455794355100164,1.3360666948796789,0.02782257300362439,0.02311758559261666,0.04908883198790148,1.283859247145727
old-holland-1-3-7,18,white_tint,True,0.034601029168376256,0.03180316563571201,0.05023934744592584,1.2539993471338549,0.03542712013673089,0.03371194113863869,0.052969070362906434,1.3368218163888888,0.03289184253775424,0.030627577396575116,0.049439248643752376,1.2264146305866275,0.0351358502718096,0.03347679271373459,0.05227199201676169,1.3307283685390523
old-holland-1-3-7,19,white_tint,True,0.016368381174710272,0.015064483857560077,0.029243074620067366,2.0417331383171256,0.01666852361904933,0.015266845815809496,0.029864048579386182,2.089153855534182,0.01629749839803119,0.014957017645056948,0.028933863844298746,2.0678585391425126,0.016702209924190338,0.015322923100343595,0.029508196355301552,2.0966144292692697
old-holland-1-3-7,26,pure,True,5.0944537656090266e-17,2.6188728605069218e-17,1.1102230246251565e-16,9.77164657471164e-15,5.0944537656090266e-17,2.6188728605069218e-17,1.1102230246251565e-16,9.77164657471164e-15,5.0944537656090266e-17,2.6188728605069218e-17,1.1102230246251565e-16,9.77164657471164e-15,5.0944537656090266e-17,2.6188728605069218e-17,1.1102230246251565e-16,9.77164657471164e-15
old-holland-1-3-7,46,pure,True,5.538510076933751e-18,3.917117526399242e-18,1.3877787807814457e-17,0.0,5.538510076933751e-18,3.917117526399242e-18,1.3877787807814457e-17,0.0,6.565093171632399e-18,4.3647881008448694e-18,2.0816681711721685e-17,0.0,6.565093171632399e-18,4.3647881008448694e-18,2.0816681711721685e-17,0.0
old-holland-1-3-7,47,white_tint,True,0.01956878362512088,0.0186738212202873,0.030367299122196684,3.5960338048206046,0.017578847274769605,0.01635278279804285,0.027790325025339235,3.058166201630819,0.019595565470884722,0.018637254001551792,0.031069977281409283,3.633760196340134,0.017685792371030365,0.016467918996513054,0.028379894012509566,3.1007675164231077
old-holland-1-3-7,48,white_tint,True,0.02549786013462914,0.024317177097924268,0.039406562150292174,4.221183210459536,0.02076064872441686,0.018806467476553387,0.031836397454822696,3.132279106194624,0.02550023395303059,0.02420957814199623,0.04025185077518725,4.26852419730826,0.020940258717792988,0.019052805993972213,0.032880928473060705,3.186388885461999
old-holland-1-3-7,49,white_tint,True,0.036594583045379825,0.03384912708062114,0.057567541206507464,4.189249350068325,0.019152746496621038,0.01754397596471269,0.028559822699811693,2.2124506228178884,0.035852465672856576,0.03332297258415076,0.05437789856263622,4.1591846942508734,0.01966336869997302,0.018160385029160005,0.02906756127978513,2.2201084950092977
old-holland-1-3-7,50,white_tint,True,0.03157055195838018,0.0254527447978264,0.04882112927674273,2.9809984610464775,0.014181912714107089,0.011686506757932428,0.028930488220233586,2.001500828238601,0.02945629505567299,0.02392186353065282,0.044218357447849105,2.847443572551565,0.013973442365803015,0.011559744875263912,0.027955821840175088,1.9221895560387297
old-holland-1-3-7,51,white_tint,True,0.025865695049478738,0.023959102315958363,0.04152543111587781,2.1730565551752035,0.027752878430757882,0.023560490075217357,0.049034051958387614,2.0292827355035286,0.02449010195407266,0.022004330998871856,0.04042656911893561,2.0224840940212885,0.027761892148501666,0.02412729704502339,0.04774267087415551,1.94759141528419
old-holland-1-3-7,52,white_tint,True,0.027120684252288595,0.023600334949912552,0.04368051971889153,1.5382603013099758,0.0317339745474436,0.0302664383438954,0.04794313878806955,1.5916993576475442,0.027813311109021424,0.025484336667281417,0.04266696441411022,1.439820872884355,0.032656876578828965,0.03155923181151484,0.04714995584740389,1.5487556825349402
old-holland-1-3-7,53,white_tint,True,0.04548743027299365,0.03909097954105412,0.06636680287348906,2.9690355779895463,0.04702035349766517,0.040254127618279255,0.068871150541851,3.0799756640860454,0.04743612599995792,0.040442000057379926,0.07034291719607022,3.1060727189229067,0.04881684570563694,0.04149540567344569,0.0723897961074258,3.2067792272146036
old-holland-1-3-7,63,chromatic_binary,False,0.009458617322483766,0.007871362936080503,0.026424944383328555,2.0352976260123556,0.004225871672833933,0.003310261554911115,0.01257998858969972,0.8161817265233042,0.01162026623358349,0.009382565007843553,0.027961357476739834,3.3672896693122505,0.006440430165786854,0.005167231509817283,0.01525903077066268,1.4992665042591031
old-holland-1-3-7,66,chromatic_binary,False,0.012684271260440912,0.01167595752997902,0.020045660524921405,2.615463537299297,0.010655051290190431,0.008343746614042729,0.02756668304779425,0.748846764049286,0.012911126667152028,0.010795533806121624,0.028335997670833613,3.0404970945214305,0.011017843212389586,0.008710857813971675,0.030640618312740342,0.9474567921638447
old-holland-1-3-7,69,chromatic_binary,False,0.008717463609276273,0.00773781314838228,0.013957506246827012,0.7981299734547834,0.011571303252379242,0.008180877997878174,0.029392951288471858,1.1122988396602598,0.012002927914379468,0.009297343579920823,0.026706169206798136,1.3568808542739499,0.01420516537563473,0.009694225332151434,0.036235608388941465,0.4884348345513722
old-holland-1-3-7,71,chromatic_binary,False,0.017669532095157446,0.017479579596380534,0.020321147963699437,3.24530713144661,0.010869138418925629,0.009925728030132384,0.01632021298870564,1.9988573896907762,0.016996547530705192,0.01658849149491889,0.022677454792588647,3.264338283245317,0.012505273973617177,0.011287627539195268,0.02088017477388604,2.1324697956207896
old-holland-1-3-7,84,chromatic_binary,False,0.00940783274196072,0.007530220616794631,0.016507914521758926,0.8581519892968072,0.012151016886427685,0.009965930560926031,0.022386444160703456,0.8183687025179057,0.016509966077173345,0.013099517793464908,0.034917739395198266,2.734992402183762,0.017997194202705184,0.014264315808666213,0.036504536711254754,2.436570882125397
old-holland-1-3-7,86,chromatic_binary,False,0.04101229378042248,0.03433883484314556,0.0829769982512305,5.293668406295133,0.03737781435115098,0.030660748655729472,0.07383325492409121,4.348935021279572,0.04062190425098601,0.034074046540474565,0.08120934429571902,5.328070994275461,0.03818952824398877,0.031433235357799065,0.0759978868854897,4.479374439593928
old-holland-1-3-7,116,chromatic_binary,False,0.010797659148146932,0.010132356871648776,0.01528665820839109,5.9454931544068375,0.003938537550272824,0.0035125124479874685,0.0069835203348716235,5.346934225249819,0.016064566291232884,0.013763595789381924,0.04595332964034033,5.291167461885713,0.005749754069691793,0.0047423044474613546,0.010176309969542607,6.863515812798825
old-holland-1-3-7,117,chromatic_binary,False,0.027003194669434346,0.02594125624330748,0.042130162446927216,5.187978012249149,0.019526227160786145,0.01894453669203985,0.029958590502943125,4.343995939796044,0.06406480840514206,0.04430545424124237,0.20128233549133728,5.594286825630682,0.04497076359831378,0.03060842307328859,0.14546044444656248,4.497283242028014
old-holland-1-3-7,118,chromatic_binary,False,0.005096745596087995,0.004526507262958385,0.007274219935914282,4.610327261590251,0.008102796520425734,0.007485070645614973,0.011641676552784752,4.66548533427794,0.004602832468595982,0.004097940503370563,0.007166055690743939,4.54899326663523,0.009124965067166375,0.008367139664712185,0.012753665478892316,5.109703806642704
old-holland-1-3-7,138,chromatic_binary,False,0.014834620191450003,0.014627978638030737,0.016976362792103787,4.910284060863265,0.005797613683387824,0.00492121567490167,0.008581885301129064,4.468971808991549,0.03228107892610406,0.023731699608030916,0.10727200487678434,3.928629125137885,0.011958119094734494,0.008696908871951984,0.04246865712905757,5.536505222282223
old-holland-1-3-7,139,chromatic_binary,False,0.00508844827142237,0.0043682944042958945,0.008033464834081107,4.963826232332905,0.011987273955734597,0.011688577183722631,0.015398902961307422,5.34533321779438,0.0046222716870000955,0.0038622920231362085,0.00805892267320174,4.718875719490302,0.01371456206220469,0.013212583211712136,0.018357073077144893,6.320794766972382
old-holland-1-4-5,1,pure,True,7.258340236917172e-17,4.8348422040127785e-17,1.1102230246251565e-16,0.0,7.258340236917172e-17,4.8348422040127785e-17,1.1102230246251565e-16,0.0,7.258340236917172e-17,4.8348422040127785e-17,1.1102230246251565e-16,0.0,7.258340236917172e-17,4.8348422040127785e-17,1.1102230246251565e-16,0.0
old-holland-1-4-5,2,white_tint,True,0.008390372343001114,0.0070799131506198865,0.018082975656130623,0.39850684589919744,0.00547028831676622,0.003929394330260923,0.015445417325119365,0.30718400652860156,0.005952762064101478,0.0037287530980677497,0.01833363168979174,0.3427795429811752,0.005334734391741561,0.003516139392434201,0.016752282301870453,0.2837449488351109
old-holland-1-4-5,3,white_tint,True,0.003367509943797837,0.0026450032754741183,0.008121310209455834,0.1731548069614494,0.004099442162795811,0.003295463437804406,0.01140455574730559,0.19994581759152946,0.003641299270908117,0.002970918848468933,0.007946953627082615,0.17596700111580135,0.003857633838254946,0.0030843797180714473,0.008099571342055745,0.22147376440967412
old-holland-1-4-5,4,white_tint,True,0.004164085703276356,0.0031410322496089704,0.010503744952321759,0.23149328829091015,0.0048301111158193,0.003497269660691276,0.01227117754599194,0.2634920174779564,0.0042227264217112445,0.0032518182596808953,0.009883140169157811,0.27838125265156066,0.004512196248438457,0.003397485138075529,0.010720331226681257,0.2924221037085582
old-holland-1-4-5,5,white_tint,True,0.007687651595518559,0.006682410345489729,0.014544511489235412,0.45673820186803543,0.00808693530387937,0.007171875638943713,0.015213620271843697,0.4524432126731465,0.007896350703959939,0.007053815585861854,0.014429077684736114,0.442615829338196,0.00796312941922078,0.007077909535132455,0.01479237361173591,0.44678724463550035
old-holland-1-4-5,6,white_tint,True,0.010273413411606657,0.008242515003054516,0.023247931249232634,0.8669682462145497,0.010220065308042738,0.008144568724211822,0.02316546668440833,0.8703390583927707,0.010236480046470488,0.008166281139797655,0.023208293952503234,0.872277961142325,0.010227731316321008,0.008162843600238378,0.023149072740258347,0.8726763177303325
old-holland-1-4-5,20,pure,True,1.7358422916209957e-17,6.267388042238787e-18,5.551115123125783e-17,0.0,1.7358422916209957e-17,6.267388042238787e-18,5.551115123125783e-17,0.0,1.7403103615389775e-17,6.4912233294616e-18,5.551115123125783e-17,0.0,1.7403103615389775e-17,6.4912233294616e-18,5.551115123125783e-17,0.0
old-holland-1-4-5,21,white_tint,True,0.02343990293153267,0.016491933009669925,0.06266996685294235,2.6140730974719997,0.014046876527013386,0.008045777726488332,0.04277976507924888,1.7532679900827535,0.023535878233177532,0.016497198182497157,0.06282896495383417,2.6215801080303507,0.0139692724804101,0.008168695419424015,0.04243395915041773,1.751882422014287
old-holland-1-4-5,22,white_tint,True,0.026069804393327442,0.021392354542069968,0.06360415497788954,2.5970543419880836,0.009684252541958137,0.00787317648527324,0.024485239958638605,1.3989671502471601,0.026029336978392412,0.02136288826977695,0.06408120426675085,2.6042559592914643,0.009505546921990004,0.007950227037759255,0.02402804070672865,1.4159218745316133
old-holland-1-4-5,23,white_tint,True,0.02233492324043545,0.019071028187941087,0.042676434869089674,2.0161421988767465,0.025010471438589702,0.02018815282397752,0.051716993965137736,1.6056095842528506,0.022307983142201237,0.019073032519089938,0.042456829785108896,2.0122321242765935,0.025000418371203672,0.02018129269075487,0.051726098228477846,1.5948798210956099
old-holland-1-4-5,24,white_tint,True,0.02729953300034302,0.022025345553247543,0.04694013508723682,1.4198549241931222,0.03102904640601785,0.027192953207418883,0.050850305445328425,1.4358080905096124,0.02729813894680501,0.02203111517518434,0.0467790152904205,1.4156453896782852,0.031033402565744793,0.027220440901451846,0.050788705688348146,1.4307926812145946
old-holland-1-4-5,25,white_tint,True,0.04521512419317389,0.04259201815235542,0.06649139892528844,1.5700166665447373,0.04653610864875176,0.04422192051321027,0.0667070212585591,1.6367306965766217,0.04522104860094244,0.042599311031788566,0.06713214952324609,1.5692976745962193,0.04654398838991788,0.044231709730175366,0.06731398990810278,1.6374494980807506
old-holland-1-4-5,26,pure,True,5.0944537656090266e-17,2.6188728605069218e-17,1.1102230246251565e-16,9.77164657471164e-15,5.0944537656090266e-17,2.6188728605069218e-17,1.1102230246251565e-16,9.77164657471164e-15,5.0944537656090266e-17,2.6188728605069218e-17,1.1102230246251565e-16,9.77164657471164e-15,5.0944537656090266e-17,2.6188728605069218e-17,1.1102230246251565e-16,9.77164657471164e-15
old-holland-1-4-5,27,white_tint,True,0.030818165480332213,0.028874201544417066,0.061008796096674145,3.9677366786368102,0.011398758833893836,0.00962495587702312,0.028309649504080714,0.923925249291004,0.030718571435260408,0.028826805346432338,0.061161649740620966,3.9707680241715497,0.011137795447582683,0.009591477334791178,0.02772694051936697,0.9258082223172008
old-holland-1-4-5,28,white_tint,True,0.0352701615257916,0.03143445276674814,0.051023716006591974,4.558240701843622,0.019945388633446397,0.017992692607967885,0.03129374958514419,2.7018674108584007,0.035212679752338875,0.031394981649013366,0.05101895528500769,4.55882493381405,0.019843507318575187,0.017967759516594597,0.03089597130764632,2.6857375603690246
old-holland-1-4-5,29,white_tint,True,0.037636709555640226,0.02977885410297164,0.06798004462728591,2.4443461892018217,0.03815731179859729,0.027760431979894685,0.070031606642879,1.9490789501053158,0.03767606912360816,0.029775449932387767,0.06848534861226008,2.4395168309062907,0.038188070254408554,0.02774221936854555,0.06992908459935754,1.9405451907170532
old-holland-1-4-5,30,white_tint,True,0.04609389370568983,0.04450976188548098,0.06271566852091726,1.6639583977619032,0.04793459301579338,0.04662011217730439,0.06303987088088547,1.7771513328212043,0.04610097331030307,0.04451802059130819,0.06317930147177664,1.663791026873744,0.04794398386550168,0.04663170701772175,0.06341595010332524,1.7784089999197015
old-holland-1-4-5,31,pure,True,1.0720752256219629e-17,5.148211606124718e-18,2.7755575615628914e-17,2.5700002571568592e-15,1.0720752256219629e-17,5.148211606124718e-18,2.7755575615628914e-17,2.5700002571568592e-15,9.491249653201783e-18,4.252870457233463e-18,2.7755575615628914e-17,0.0,9.491249653201783e-18,4.252870457233463e-18,2.7755575615628914e-17,0.0
old-holland-1-4-5,32,white_tint,True,0.0399017231679735,0.0381167053527172,0.0655592255923334,5.871109855324449,0.036613961885904614,0.03572703837041846,0.05082833594144698,5.108397112741913,0.04017168894424402,0.038333321034402686,0.06499230338332429,5.903362022754048,0.03665114919803497,0.03574991013600453,0.05067860846822564,5.133637202079393
old-holland-1-4-5,33,white_tint,True,0.029533815809480512,0.026234555944407423,0.05347896357306628,3.687571283692665,0.014276298764687879,0.011369358189352068,0.02706975309528034,1.9674435481666612,0.02973470075868028,0.026513800264835793,0.05299193090298973,3.7340916341351313,0.014399617109810818,0.011632051454293942,0.028039430118497688,2.014823512249029
old-holland-1-4-5,34,white_tint,True,0.02255070630666655,0.02098660934981768,0.031882476504209945,2.445242445234249,0.018336614353207156,0.013545852319859122,0.03932057883423257,1.6031251959859834,0.02234092251097812,0.020855363257578467,0.03045133672594047,2.404495368289856,0.018405690258951696,0.01364318460877404,0.040884149092514144,1.538989928496943
old-holland-1-4-5,35,white_tint,True,0.02665800013574729,0.023930706693165188,0.045871200960487024,1.6789219643526994,0.02611069384477939,0.02137878933674782,0.04735753735107695,1.3726490528276307,0.026397009768172053,0.023767477622848143,0.04303804728790217,1.6374252549675772,0.025979328162250313,0.021287969057935997,0.04514728562925574,1.311372335383606
old-holland-1-4-5,36,white_tint,True,0.029308779137513435,0.02419776272358074,0.059604467796010474,2.393082776828769,0.03329291366426391,0.02783532239901829,0.06011325416826474,2.7489440642351486,0.029103696032163603,0.024050295142864567,0.058043858139903315,2.3292335501932384,0.0331396917452247,0.027705779244192586,0.05891069155758688,2.6880031110492606
old-holland-1-4-5,37,white_tint,True,0.03200292343670524,0.02677544319160015,0.048868056781904534,2.712392281156261,0.03285273886165484,0.0274747035473411,0.04895284271534206,2.8213032843063997,0.031965969728663945,0.026717610773938437,0.04845266601739717,2.70624037234971,0.03281664134775897,0.027412893293074576,0.04857197037044714,2.8140312447153155
old-holland-1-4-5,57,chromatic_binary,False,0.00587398676556063,0.00532026732411344,0.010309869819769557,1.9962266907006738,0.00438175643454173,0.003804546762236485,0.010264110717116567,1.0712355514931104,0.01627867431505069,0.01262103537504626,0.03218562586172852,2.954852888609987,0.006415225530710507,0.005089836008770501,0.020836565381832067,1.320779569022102
old-holland-1-4-5,60,chromatic_binary,False,0.008146088969254922,0.0071397729221605,0.013466482712373301,3.468258018164995,0.005206048365719494,0.0045223893708506695,0.011148731907351106,2.1468036924025093,0.022270214361626895,0.016169876755556277,0.05936342007304202,4.611294899276332,0.007095801714092842,0.005472301844948618,0.021116700312722086,2.5573191375055737
old-holland-1-4-5,142,chromatic_binary,False,0.010896865776619453,0.008169140600184352,0.03915059486568695,2.4691582688532256,0.007872125544517898,0.005973411902503783,0.02150109235552991,2.8645732052324258,0.011936358215512985,0.008603287581958564,0.04438592937714514,2.4899156564257297,0.008537938620860393,0.006369598254974068,0.023963050683248,3.0326611294707693
old-holland-1-4-6,1,pure,True,7.258340236917172e-17,4.8348422040127785e-17,1.1102230246251565e-16,0.0,7.258340236917172e-17,4.8348422040127785e-17,1.1102230246251565e-16,0.0,7.258340236917172e-17,4.8348422040127785e-17,1.1102230246251565e-16,0.0,7.258340236917172e-17,4.8348422040127785e-17,1.1102230246251565e-16,0.0
old-holland-1-4-6,2,white_tint,True,0.011555497779374346,0.009992863456053422,0.019970436817172588,0.6118446716017651,0.005302005325928388,0.004135643645701938,0.013071312176007932,0.36527387070274886,0.0059528663699530675,0.0037290407785820962,0.018337954267750534,0.34284771312738466,0.005347725421095767,0.0035150712210113046,0.016785637530783604,0.28553844685973007
old-holland-1-4-6,3,white_tint,True,0.004026305165404555,0.0036998641113709474,0.00804008623884614,0.2542000822548695,0.004136391338959327,0.0033336742438532276,0.010909981206521424,0.19635076521684344,0.0036400933200579316,0.0029707110482917708,0.00794391846359288,0.17592572733113163,0.0038587371229483803,0.003088906888856871,0.008060177895044984,0.2200406168791326
old-holland-1-4-6,4,white_tint,True,0.003977292498044987,0.0030071963382832328,0.010636416018641515,0.14132514171593807,0.005040578583570379,0.0036430901857192424,0.013898343912365219,0.21697406964265525,0.004223408502394256,0.0032526026713593074,0.009879151633891192,0.2783647088093701,0.0045018369715858556,0.0033958488329033734,0.010690602331858368,0.29203715545762043
old-holland-1-4-6,5,white_tint,True,0.007576852712380396,0.006320098338699787,0.014993442130625811,0.49087311330255756,0.008202908516663106,0.007198344465488829,0.01616241470223745,0.4701471225039088,0.00789654665111911,0.007053794691136253,0.014445219614605653,0.44259349335569453,0.007962453054743496,0.007079624637873651,0.014796554266701456,0.4466061922508821
old-holland-1-4-6,6,white_tint,True,0.010271927277696392,0.008306331633125151,0.023201393760489353,0.8517621650104686,0.010184863415393207,0.008130995770979714,0.0230814879849075,0.8612864257937752,0.010236638488738686,0.008166310357785202,0.023212854473461664,0.8723059460878916,0.01022772371158258,0.008162450015530376,0.023155606290808928,0.8727038366603495
old-holland-1-4-6,20,pure,True,3.311400810612833e-17,9.848752637803809e-18,1.6653345369377348e-16,0.0,3.311400810612833e-17,9.848752637803809e-18,1.6653345369377348e-16,0.0,1.7358422916209957e-17,6.267388042238787e-18,5.551115123125783e-17,0.0,1.7358422916209957e-17,6.267388042238787e-18,5.551115123125783e-17,0.0
old-holland-1-4-6,21,white_tint,True,0.023887385607086104,0.016644768761557648,0.06286316849285856,2.6008152663528086,0.014558700578565703,0.009342660920883195,0.040704511386098735,1.8784106156916405,0.023535759881020055,0.016497138814912517,0.06282835615450832,2.6215923636618874,0.013930608895786883,0.008093415797418098,0.04240266299307552,1.7376272398690482
old-holland-1-4-6,22,white_tint,True,0.02450379134653582,0.019471184539009194,0.0637457448394628,2.589005234622561,0.009605770572592223,0.007951392988219995,0.01841174775603055,1.7501929890870573,0.02602990141883937,0.02136294980420464,0.0640941984603981,2.604293677229534,0.009408908173184408,0.007796467728729856,0.024093211277240234,1.3729150506081396
old-holland-1-4-6,23,white_tint,True,0.02527869010482418,0.02103579432872748,0.050728149164030456,2.0192577993405743,0.026794952143681338,0.021212906318461584,0.05244201230683487,1.5199065256918523,0.022307301387061704,0.019072093290158628,0.04245767155607849,2.012198361598165,0.0250028983848679,0.020188106053029665,0.05174019223788384,1.6011165093361104
old-holland-1-4-6,24,white_tint,True,0.029228077313993624,0.023212117002485128,0.055091350636167324,1.4212656660577048,0.03235772122614784,0.028228252504939655,0.053146890686961545,1.4089858860094235,0.027297705901206015,0.02203134896840785,0.046779632948214966,1.4156250543667457,0.031006821243335925,0.02716358787524987,0.05079507609218903,1.4313162351354025
old-holland-1-4-6,25,white_tint,True,0.04575407287170508,0.04294248493733911,0.07150023235662684,1.5695258886238985,0.04700060990192488,0.04455134901038763,0.07104794404636472,1.646860175612672,0.04522112349989017,0.04259947041994701,0.06713255039061339,1.5693221357941793,0.04653055694976874,0.04421599124873283,0.06730887370325545,1.6365936595107602
old-holland-1-4-6,26,pure,True,5.0944537656090266e-17,2.6188728605069218e-17,1.1102230246251565e-16,9.77164657471164e-15,5.0944537656090266e-17,2.6188728605069218e-17,1.1102230246251565e-16,9.77164657471164e-15,5.0944537656090266e-17,2.6188728605069218e-17,1.1102230246251565e-16,9.77164657471164e-15,5.0944537656090266e-17,2.6188728605069218e-17,1.1102230246251565e-16,9.77164657471164e-15
old-holland-1-4-6,27,white_tint,True,0.029925035503035678,0.027184897307696094,0.06108908967896143,3.9683284533521865,0.009619568749973134,0.008146270439445108,0.02269653744438549,1.0352784381753426,0.03071939993151065,0.028827006464412958,0.06116768550139995,3.9707948608207335,0.011266427911850492,0.009772695881022093,0.027865182974709024,0.9639930648607444
old-holland-1-4-6,28,white_tint,True,0.034945172163532955,0.030375652073765788,0.051005873685560754,4.560808717717563,0.019257452207902488,0.01714249033289009,0.028096784293349414,2.5313464731769626,0.03521272625463253,0.031395154794445976,0.05101212812732989,4.558823297023685,0.020025504622238198,0.018102607563363477,0.0310170385221476,2.7124649674161985
old-holland-1-4-6,29,white_tint,True,0.04089835126358135,0.03147405039428883,0.08951337903602741,2.4477388507299325,0.04038518989247808,0.02869208463572765,0.08625593727721259,1.8926189237758917,0.03767565416284525,0.029774432581126973,0.06848710447532125,2.4394837913305283,0.03820675291821824,0.02779025741505836,0.06988719408287258,1.9497599129453578
old-holland-1-4-6,30,white_tint,True,0.04672236020755516,0.04495126946866806,0.0686677744675055,1.6631220885959956,0.04846908727392853,0.047033982127675324,0.06808444447117867,1.787752909316927,0.04610103591132516,0.044518174765179885,0.06317980150864577,1.6638111569343086,0.04792517042356644,0.04661133483988106,0.06340927159729193,1.7768285035161824
old-holland-1-4-6,38,pure,True,4.745624826600892e-18,3.3575293083422074e-18,1.3877787807814457e-17,0.0,4.745624826600892e-18,3.3575293083422074e-18,1.3877787807814457e-17,0.0,4.536462648073233e-18,3.0217763775079866e-18,1.3877787807814457e-17,0.0,4.536462648073233e-18,3.0217763775079866e-18,1.3877787807814457e-17,0.0
old-holland-1-4-6,39,white_tint,True,0.00865044909804307,0.006494306037746795,0.019525657330159422,2.148747926328411,0.00766013206183339,0.006529344378052293,0.015087074285015961,2.224229098692131,0.008428064214398208,0.006357133700967277,0.017041606972208648,2.217339022657618,0.007588311091997999,0.0064770771487859605,0.014571783848404324,2.221593804011049
old-holland-1-4-6,40,white_tint,True,0.02688558358781768,0.02366808041597624,0.05408009551737254,4.730801842251008,0.023723610083194485,0.01900387203192551,0.044285854811847325,4.152180021274142,0.026468276578887704,0.023429091849188628,0.04902353946407273,4.837527288761507,0.023749444170557923,0.019083665903080724,0.0442561506229677,4.113033920579367
old-holland-1-4-6,41,white_tint,True,0.032907378688671975,0.028423849280411174,0.07523938637422872,4.264928390042825,0.01275346617986664,0.009716638718701836,0.026730886502488643,2.5505197286908112,0.03139157473120483,0.027768238746373564,0.062092703628606305,4.407554397386449,0.013340624351539482,0.010238453288242782,0.030674708415536878,2.43082146493165
old-holland-1-4-6,42,white_tint,True,0.03343548493542299,0.029248444276485337,0.05093381818728271,3.5215114653663178,0.012375313298440212,0.009386063568393234,0.029085460586495415,1.176652322909139,0.03174066555456183,0.02812205931101521,0.04403601735468768,3.511649173594857,0.012506277748941327,0.009674477105831148,0.030596305028055104,1.195302717621412
old-holland-1-4-6,43,white_tint,True,0.024611796288850404,0.021311438310962865,0.03794076450840897,3.1827062876444763,0.015275421499857904,0.011401374996781592,0.036596771110649295,2.0545523983352103,0.023910407713798997,0.02017168982937053,0.03785441621043584,3.0835444270800516,0.015994218701774192,0.012089266043098871,0.036639003648780255,2.0301603192064563
old-holland-1-4-6,44,white_tint,True,0.01770500776033857,0.013057080226589217,0.039773486262308255,3.2593947139893755,0.024546234075003875,0.020841356353674605,0.04352722791364205,3.317821337692526,0.019629519320467352,0.014281082963268688,0.04506123413430896,3.081118864410465,0.025961464693585203,0.021589495910290576,0.05389680764759919,3.2178529475558864
old-holland-1-4-6,45,white_tint,True,0.06541511068906644,0.06328947737049939,0.07916507967637876,3.5301036450567045,0.0670559541170774,0.06467918781387563,0.0809419883732504,3.657284523055388,0.066252245282221,0.0639749083822772,0.0834360048236481,3.471196653728345,0.06781426854456915,0.06529893688653265,0.0846999550812787,3.607690578128418
old-holland-1-4-6,57,chromatic_binary,False,0.012955497495225404,0.010104790497147274,0.03640660872863544,1.722446385337029,0.0039010853823493973,0.0033706309403689206,0.009194742749225479,1.0354476022692085,0.016277047655105587,0.012619850655958668,0.032190819782725755,2.954926851153779,0.006519543752594523,0.005216807284563234,0.020986365905641263,1.3990292890411236
old-holland-1-4-6,73,chromatic_binary,False,0.0039501307045451345,0.002742290016818166,0.011270418835893803,1.2879729715341008,0.0033556428961636323,0.0027593163485312186,0.008626481427872867,1.255050124661482,0.012433794363953017,0.0093380081705181,0.03314070060751967,3.964922707838275,0.012201829512370362,0.009978595965230786,0.021658708701439155,3.5912477331243604
old-holland-1-4-6,76,chromatic_binary,False,0.003088255540876906,0.0026140099226476757,0.007794660659003166,0.3941489792036315,0.0036786569660568653,0.003017524521073309,0.01079474662138949,0.8008441732077108,0.022969857338396404,0.017832632358630928,0.057298645699329964,3.9806070996921705,0.007901255430303346,0.0061752790348890705,0.024657252588174666,0.8994545304602685
old-holland-1-4-6,78,chromatic_binary,False,0.006790047477888025,0.006278817800189614,0.014069408704744393,1.9105405958097237,0.005444132499587539,0.0048674461372475615,0.012847951681547704,1.5992289155355242,0.009793499422094273,0.00873277413338177,0.019303257534560525,3.634223038325393,0.005819790689661992,0.0052706063084366405,0.01141334086078502,2.813721264592251
old-holland-1-4-6,80,chromatic_binary,False,0.006735714576211807,0.005585429945678364,0.014088520638032537,1.09941440740468,0.004537100953538824,0.003709856952481786,0.010003139711003445,0.823780002641072,0.04446975902261948,0.03493689475785617,0.09201878782371375,6.439874024175832,0.026829720136405867,0.02199707148710519,0.049675119982638516,4.081178008230226
old-holland-1-4-6,82,chromatic_binary,False,0.006641631679721509,0.006496764682375779,0.00839256586658365,2.6358060779523225,0.006135795314382053,0.005987625834606989,0.008030271356751335,2.434925923204466,0.007503749654552013,0.007375905949146446,0.009557112071958654,2.409966835988493,0.005223065740835103,0.004442892718066278,0.009762655469171856,1.4504589539668997
old-holland-1-4-6,145,chromatic_binary,False,0.0147398043671163,0.009175015336619234,0.04292098414325169,3.7987399218999602,0.00412894054323793,0.0038085447183958026,0.0065275276967236215,2.6515896809392596,0.025857186599586676,0.012728988490027203,0.10617895364428015,3.9948451965195844,0.008203972525276949,0.005909679671414765,0.03218300894064486,3.2229763760614927
old-holland-1-4-6,146,chromatic_binary,False,0.038066031972823836,0.026795976630260114,0.10454400192404663,6.4199310737204085,0.017378458318856982,0.01284700976697738,0.04509810187852774,3.1164386856316613,0.056873531944905714,0.03328429643925284,0.21232374526987402,6.627421698574091,0.029319400930391024,0.016603581265059345,0.1131464150370635,3.221182936961891
old-holland-1-4-6,147,chromatic_binary,False,0.013608084765937483,0.012659960955987698,0.0284723634199833,4.544784479485143,0.004597819385524982,0.004524624866735131,0.007026493509540956,1.6638173904228084,0.017141713473286052,0.014143010484930805,0.055845588404473206,4.587492150757533,0.006325077607635778,0.005045867542814753,0.02293524725746344,1.4993978378292463
old-holland-1-4-7,1,pure,True,7.258340236917172e-17,4.8348422040127785e-17,1.1102230246251565e-16,0.0,7.258340236917172e-17,4.8348422040127785e-17,1.1102230246251565e-16,0.0,7.258340236917172e-17,4.8348422040127785e-17,1.1102230246251565e-16,0.0,7.258340236917172e-17,4.8348422040127785e-17,1.1102230246251565e-16,0.0
old-holland-1-4-7,2,white_tint,True,0.008491124521168007,0.0072636449280841075,0.017863587501784434,0.4294539113384622,0.005321099752924361,0.003939461212278466,0.01537478902485101,0.32246125639224976,0.005952866369949227,0.0037290407785658896,0.01833795426774998,0.3428477131272751,0.0053363096173214206,0.0035159205110942603,0.01674501953841387,0.28404258129371274
old-holland-1-4-7,3,white_tint,True,0.003358931003570777,0.002541111599422362,0.007963967239332043,0.1864857214798088,0.004057784939519938,0.0032668832336109495,0.011058999160985183,0.19395210706326838,0.0036400933200617333,0.0029707110482994877,0.00794391846359288,0.17592572733121203,0.0038570748078950493,0.003085120606698255,0.008092086306917712,0.221236553341049
old-holland-1-4-7,4,white_tint,True,0.004107479953660889,0.002970706131418117,0.010811923014671154,0.21812983516072973,0.004881530226269929,0.0035651708156095602,0.012579580949900415,0.26118748222506366,0.0042234085023949595,0.0032526026713585025,0.009879151633891747,0.2783647088095394,0.004511285630517328,0.003397739586670918,0.010712823448879027,0.2923529718003513
old-holland-1-4-7,5,white_tint,True,0.007736945907639247,0.006692677026305732,0.01480215033465404,0.46456387829716345,0.008098832643706005,0.0071794996622869004,0.015433131536464195,0.4535269362584737,0.00789654665112025,0.0070537946911377455,0.014445219614605653,0.4425934933556603,0.007963260288838835,0.007078213017434471,0.01480685902938439,0.44674317802059693
old-holland-1-4-7,6,white_tint,True,0.010252568487832738,0.00823308851052232,0.023209437834609048,0.8634039034030189,0.010207588596649804,0.008135842396737975,0.023147412226148467,0.8687621833856825,0.010236638488738561,0.00816631035778492,0.023212854473461664,0.8723059460878994,0.010227852272981546,0.008162796567159009,0.02315390431858888,0.8727042021643998
old-holland-1-4-7,20,pure,True,1.7358422916209957e-17,6.267388042238787e-18,5.551115123125783e-17,0.0,1.7358422916209957e-17,6.267388042238787e-18,5.551115123125783e-17,0.0,1.42095745994967e-17,4.476705744456276e-18,5.551115123125783e-17,0.0,1.42095745994967e-17,4.476705744456276e-18,5.551115123125783e-17,0.0
old-holland-1-4-7,21,white_tint,True,0.023183141410866106,0.015889441902284564,0.06255988975901725,2.606544571581155,0.014018718923093292,0.00842305494270249,0.041891061843619154,1.7724431338960802,0.02353575983325641,0.016497138728804046,0.0628283561190566,2.621592362043848,0.013963034340670206,0.008157115504879606,0.042427477843432315,1.7497174587667943
old-holland-1-4-7,22,white_tint,True,0.02476612110553429,0.020123230471160596,0.06352694498506689,2.5910867970099845,0.009364627825739928,0.007919573674458396,0.022429175757079867,1.4760329953576499,0.026029901234333578,0.021362949648785337,0.06409419844305408,2.6042936758159354,0.009492122727226505,0.007928349635898146,0.024047706241208888,1.4095497268690822
old-holland-1-4-7,23,white_tint,True,0.0231785741714972,0.01972452429797998,0.04282819253134451,2.0178202589390777,0.025574793020541498,0.020563571705970517,0.0521987968623564,1.5812795280826588,0.022307301491928937,0.0190720933746483,0.04245767160509639,2.0121983619999706,0.025000316910298487,0.02017984500784161,0.05172944507113031,1.5957695164706194
old-holland-1-4-7,24,white_tint,True,0.027918241762767443,0.022427205566586988,0.04705145594160187,1.4213602025561767,0.031477273679766056,0.027547332534122927,0.05110473984134212,1.4286430538743309,0.027297705981577658,0.022031349022172853,0.04677963298418242,1.4156250548008529,0.03102925603415006,0.027212227920011423,0.05079041005877183,1.430861288858461
old-holland-1-4-7,25,white_tint,True,0.04540288668890042,0.0427146271379822,0.06870813621942584,1.5706192500146683,0.04670165875811393,0.04433811898676786,0.06872402960706214,1.6402875756526154,0.045221123525480994,0.04259947043755725,0.06713255069798774,1.5693221359298215,0.04654209670361465,0.044229555658509674,0.06731352148508074,1.6373450021799347
old-holland-1-4-7,26,pure,True,5.0944537656090266e-17,2.6188728605069218e-17,1.1102230246251565e-16,9.77164657471164e-15,5.0944537656090266e-17,2.6188728605069218e-17,1.1102230246251565e-16,9.77164657471164e-15,5.092929164717304e-17,2.59648933178464e-17,1.1102230246251565e-16,9.77164657471164e-15,5.092929164717304e-17,2.59648933178464e-17,1.1102230246251565e-16,9.77164657471164e-15
old-holland-1-4-7,27,white_tint,True,0.029929040734015238,0.027641377297514518,0.060986492512028645,3.966206057376336,0.010498801163602457,0.0090950027442944,0.026534922604631694,0.9335998626036952,0.03071939980083321,0.028827006309250586,0.061167685499859514,3.9707948602685015,0.011157143255625968,0.009619141042713412,0.02775125200217915,0.9313971491696259
old-holland-1-4-7,28,white_tint,True,0.03489969224751182,0.030490980829313764,0.05101504968188125,4.557952471388771,0.019581713682453643,0.017538978847322167,0.030262953022680672,2.651151141360604,0.03521272619720322,0.03139515467296901,0.051012128127410294,4.55882329683379,0.019869828689795338,0.017987303437418833,0.030906754193858105,2.68964856502474
old-holland-1-4-7,29,white_tint,True,0.03867631865044973,0.03035103381644499,0.07560789283170433,2.4467497745860265,0.03891281589903752,0.02809266128274604,0.07573032261616408,1.9349463550272747,0.03767565429372495,0.029774432654788505,0.06848710582167983,2.4394837918066736,0.03819049297698264,0.027748582334734952,0.06992395338200275,1.9418787585402264
old-holland-1-4-7,30,white_tint,True,0.046310218696373695,0.04466353690733329,0.06515017988556027,1.6641938148063582,0.048122660256233955,0.0467653860507865,0.06517079916915991,1.7804592371745604,0.046101035940816805,0.04451817478701474,0.06317980189206074,1.6638111570386274,0.04794129773784936,0.04662887082696672,0.06341531888889407,1.7781941668516459
old-holland-1-4-7,46,pure,True,7.132061055695113e-18,5.036293962513311e-18,2.0816681711721685e-17,0.0,7.132061055695113e-18,5.036293962513311e-18,2.0816681711721685e-17,0.0,6.565093171632399e-18,4.3647881008448694e-18,2.0816681711721685e-17,0.0,6.565093171632399e-18,4.3647881008448694e-18,2.0816681711721685e-17,0.0
old-holland-1-4-7,47,white_tint,True,0.019542115893706035,0.01861678736718353,0.0304051103577318,3.593707164844208,0.017641357355419746,0.016420303648917573,0.027879287830961358,3.080826131985964,0.0195957015896844,0.018637349216991523,0.03106900739342683,3.633802099016623,0.01768854290080549,0.016464349399102202,0.028393868254347893,3.099379924724772
old-holland-1-4-7,48,white_tint,True,0.025423013798398224,0.024186265052510966,0.0395976833207104,4.211893950651087,0.020892339771519417,0.01896822624763986,0.032274066868186735,3.1698180576370882,0.025500434985206016,0.024209732831200034,0.04025242652303093,4.26858105847455,0.020948444159491514,0.01904416300010845,0.03288500828110885,3.1839513518927824
old-holland-1-4-7,49,white_tint,True,0.03601383158071265,0.033379632273406123,0.057350157619587755,4.124731731503303,0.01952490754531982,0.01796949559457055,0.0292766320138364,2.2179658549643912,0.035852562544877294,0.03332317610053645,0.054372960538607656,4.159202229439416,0.019626835120473602,0.018121845027951732,0.02888679682411574,2.2119011970439413
old-holland-1-4-7,50,white_tint,True,0.03009584294438871,0.024400383980037743,0.046396309950559655,2.8648011816216727,0.01389213163096353,0.011418078344552465,0.02865231620476505,1.9312118712428883,0.0294561052511652,0.02392109717310611,0.04422599306289329,2.8473943278290825,0.013883780986277195,0.011488859309754122,0.027898583543249034,1.9177637246291668
old-holland-1-4-7,51,white_tint,True,0.024922459845237034,0.022730310141863785,0.04146664954567236,2.064106289400311,0.027736583278425847,0.024068222396456937,0.048551213002818616,1.9702966069408137,0.0244897658671375,0.022003858383534684,0.04042809534117975,2.0224062386367443,0.02776970073789806,0.024175111630225597,0.047738359760064686,1.9479830895813428
old-holland-1-4-7,52,white_tint,True,0.027601286357738158,0.025051609628629616,0.04345203161785638,1.4737306885469332,0.032402961721214284,0.03129791669505852,0.04764333936561427,1.5692312872475236,0.027813186313351976,0.025484430884767467,0.04266551521223072,1.4397611365026597,0.032674928414748096,0.031584286124736544,0.04717534083795971,1.5499192924778857
old-holland-1-4-7,53,white_tint,True,0.04694845674579302,0.040125204633768716,0.06741836773591858,3.0921447015260504,0.048377554608624446,0.041209905679004136,0.07000164573478929,3.1947793561637217,0.047436277755034076,0.040442102023624395,0.07034893936524989,3.1061197978501176,0.048823830395313544,0.041500036089677214,0.07238547498704351,3.20786099037446
old-holland-1-4-7,57,chromatic_binary,False,0.005303986312145803,0.004548688671892365,0.008594290637079505,1.9750790316340394,0.0035416232712538825,0.0028510514427484836,0.009061293801634826,0.9721712623244503,0.01627704754311122,0.012619850591991326,0.03219081975034699,2.9549268497061822,0.0064337568156102925,0.005112710216796971,0.020868285962498928,1.3327095333049581
old-holland-1-4-7,63,chromatic_binary,False,0.0052572732100877135,0.004427850210787837,0.008792730384083139,1.6926027524784415,0.0034012714750311698,0.0029692924328131383,0.006143568605588193,0.9913784057197415,0.011619654389095945,0.009381314003106654,0.0279427854453575,3.3674984713769276,0.006295795372875995,0.005054020415529363,0.014889600312352452,1.4283136895327029
old-holland-1-4-7,152,chromatic_binary,False,0.01813334185280416,0.011484262495996626,0.059893955688653217,4.027101781926548,0.005591810445129398,0.0031617024245573213,0.01957557223558717,0.6074328795370229,0.020653280192670393,0.012321014139450229,0.07501226483470957,4.079778569993964,0.006131837511185362,0.0031787924695197015,0.024409097786121898,0.5483849870563546
old-holland-1-5-7,1,pure,True,7.258340236917172e-17,4.8348422040127785e-17,1.1102230246251565e-16,0.0,7.258340236917172e-17,4.8348422040127785e-17,1.1102230246251565e-16,0.0,7.258340236917172e-17,4.8348422040127785e-17,1.1102230246251565e-16,0.0,7.258340236917172e-17,4.8348422040127785e-17,1.1102230246251565e-16,0.0
old-holland-1-5-7,2,white_tint,True,0.008884419708575364,0.007405106964061216,0.01805512897900774,0.5410855094203161,0.00550960806020291,0.004077656084401242,0.014805208446041912,0.40667313231827495,0.005952559660414574,0.0037281770425559063,0.018324556263550063,0.3426430493329646,0.005331487871027584,0.003516580256255285,0.016766637613560592,0.2831331092712903
old-holland-1-5-7,3,white_tint,True,0.003453318771700184,0.002635137095041301,0.00863327954116433,0.17979737577923957,0.004243668258122404,0.0033048275413362807,0.012656275352658786,0.18287338011011942,0.0036437335116162374,0.0029735688034553047,0.007953060654315974,0.17604963967974727,0.0038587624740060184,0.003082863298906639,0.008114538332766652,0.22196235964151373
old-holland-1-5-7,4,white_tint,True,0.004191045405042227,0.002942792613653832,0.011088509438918148,0.18135728272446758,0.00500328470353229,0.003638326868893526,0.013260250490458314,0.22515205202848979,0.004221368276099391,0.0032502256813192985,0.009891513914281447,0.27841427655438916,0.004514121384420687,0.003396959134159198,0.010736001652590033,0.29256224850649265
old-holland-1-5-7,5,white_tint,True,0.0076808884357380544,0.006633359054892533,0.014577246202885918,0.46687311851211694,0.00811804172576903,0.007167041991491073,0.015400827274769324,0.46053459713482336,0.007895959971101634,0.007053857333453396,0.01443697421959006,0.4426606730494923,0.007962887089399774,0.007077289826453498,0.014789698485955294,0.4468781202100002
old-holland-1-5-7,6,white_tint,True,0.010285137695273177,0.008255421931164911,0.023275958871593616,0.8629577467872527,0.010227100927293176,0.008149090068806698,0.02317490569719005,0.867391973456437,0.010236161492316697,0.008166222429246287,0.023199145565552026,0.8722217861527962,0.010227487836167075,0.008162940646790458,0.023139359375356716,0.872620033049759
old-holland-1-5-7,26,pure,True,5.0944537656090266e-17,2.6188728605069218e-17,1.1102230246251565e-16,9.77164657471164e-15,5.0944537656090266e-17,2.6188728605069218e-17,1.1102230246251565e-16,9.77164657471164e-15,5.0944537656090266e-17,2.6188728605069218e-17,1.1102230246251565e-16,9.77164657471164e-15,5.0944537656090266e-17,2.6188728605069218e-17,1.1102230246251565e-16,9.77164657471164e-15
old-holland-1-5-7,31,pure,True,9.491249653201783e-18,4.252870457233463e-18,2.7755575615628914e-17,0.0,9.491249653201783e-18,4.252870457233463e-18,2.7755575615628914e-17,0.0,8.076701741402097e-18,3.3575293083422074e-18,2.7755575615628914e-17,0.0,8.076701741402097e-18,3.3575293083422074e-18,2.7755575615628914e-17,0.0
old-holland-1-5-7,32,white_tint,True,0.03988854353126056,0.03807419423745779,0.06462621283386266,5.8734798871751845,0.03660398000605055,0.035716292764755464,0.04986611978220601,5.120416053390549,0.040171530550081914,0.03833312603340063,0.06498965076575092,5.903339822410299,0.03665855947363725,0.03575330150642792,0.05067525692744962,5.132363324025315
old-holland-1-5-7,33,white_tint,True,0.0294650896824043,0.026344406380801197,0.0526143098443044,3.6926637730668648,0.014322266791659195,0.011491190914071421,0.02749524710293852,1.9975816925240284,0.029734629947579996,0.026513879186720622,0.05299098730797003,3.734079602362723,0.0143670441355619,0.011597614941814317,0.027998686236134607,2.010822914267283
old-holland-1-5-7,34,white_tint,True,0.02246724398809887,0.021006107910869626,0.03040329107926798,2.43035990505894,0.018453657224609545,0.013712743448128275,0.04069858054630682,1.58425366839934,0.0223410854989465,0.020855123067495124,0.030449551500311867,2.404491600542479,0.01837688575423861,0.013606367937661843,0.04087604557660418,1.5335790341463493
old-holland-1-5-7,35,white_tint,True,0.026632849906589186,0.02398759207717458,0.04402361100845176,1.6645049934845946,0.026118511424183668,0.021392271872797818,0.045738839010629695,1.350868018530217,0.026397141787627875,0.023767131560846835,0.043020157472867804,1.6374230463104227,0.02597668335634074,0.021290555725140756,0.045072904935623326,1.3095730678048416
old-holland-1-5-7,36,white_tint,True,0.029377307629129986,0.024258205984410024,0.05858830093571887,2.371196103390566,0.03333106752936061,0.027842952414922937,0.0591744777600236,2.725571525448241,0.029103682832224975,0.02405014988736738,0.05803396022171525,2.3292255159278694,0.033152776941669654,0.02772024894059103,0.058910763105407105,2.689032201840466
old-holland-1-5-7,37,white_tint,True,0.03205802085470853,0.02680576757835484,0.04859810475573412,2.7117768634120143,0.03289875561839747,0.02749674544143939,0.04869536845007583,2.8197689940310586,0.031965807377484216,0.02671742199883636,0.04845001677369298,2.706234546096347,0.03281985813211023,0.027416079363054742,0.04856610476718681,2.8145320926830144
old-holland-1-5-7,46,pure,True,7.022330495795052e-18,4.8124586752904974e-18,2.0816681711721685e-17,0.0,7.022330495795052e-18,4.8124586752904974e-18,2.0816681711721685e-17,0.0,6.565093171632399e-18,4.3647881008448694e-18,2.0816681711721685e-17,0.0,6.565093171632399e-18,4.3647881008448694e-18,2.0816681711721685e-17,0.0
old-holland-1-5-7,47,white_tint,True,0.019601659939254515,0.01864606544201654,0.030980753727199356,3.6165966134466734,0.01769944353430694,0.01646925355056443,0.028341430160338632,3.0904213989897644,0.01959556581540354,0.01863725431619601,0.031069978252061536,3.633760254991506,0.01769020480407398,0.016462108659045255,0.02840443303770318,3.0984758302233804
old-holland-1-5-7,48,white_tint,True,0.025496500339454255,0.02422188825947071,0.03986300577597343,4.242257520328739,0.02095830244601805,0.01904671621760052,0.03257548295471813,3.1741265030459154,0.02550023449013858,0.024209578690239836,0.04025185195085415,4.2685242769986855,0.020953674211035958,0.019038855506092044,0.03288698153886091,3.1824193321747165
old-holland-1-5-7,49,white_tint,True,0.03581697181014625,0.03333351339372871,0.0546695841025214,4.133832318188768,0.019581606008202055,0.0180974943105359,0.028817145887109263,2.213386988339553,0.03585246612786652,0.03332297349358682,0.054377898757816456,4.159184736824964,0.019605665322063235,0.01809839886874647,0.028771942216385793,2.207031922994038
old-holland-1-5-7,50,white_tint,True,0.029462299866670347,0.023907102265270822,0.0442902178277238,2.8435973156155363,0.013884143919748276,0.011482153679342803,0.02793605155340606,1.93289241522392,0.029456294962211617,0.02392186306389237,0.04421835753752029,2.847443553571068,0.013829722423466603,0.011446774998133524,0.027858593758415928,1.9153092967997603
old-holland-1-5-7,51,white_tint,True,0.024554911465126672,0.02210554846090205,0.04056686142550181,2.0352931106430483,0.02782678754467176,0.024198909570728615,0.04813172772320473,1.9663095045703982,0.02449010129545508,0.02200433049035889,0.04042656759149743,2.0224840527753383,0.027774802257984208,0.024204271286453045,0.04773644004205757,1.9484128074678457
old-holland-1-5-7,52,white_tint,True,0.027847802586967,0.02547317286012255,0.04321267382844596,1.455220707073734,0.03270642461694433,0.03158992545999909,0.04766441288564249,1.5643738687656852,0.02781331067540972,0.02548433626651542,0.04266696368700329,1.4398208430350812,0.03268606525382655,0.03159946475043009,0.04718981026317448,1.5507305711847543
old-holland-1-5-7,53,white_tint,True,0.04740956367455157,0.04042942490519279,0.06998647670349556,3.1067302330825584,0.04880040555426753,0.04149077110292764,0.07205617656723196,3.2083233302982843,0.0474361258775906,0.040441999912307916,0.07034291695803019,3.106072719249683,0.04882788574208386,0.041502709547583415,0.0723727371584193,3.208460781842118
old-holland-1-5-7,60,chromatic_binary,False,0.007149093576683538,0.005909856657752562,0.012521438429104498,3.0668721891073125,0.004351612794222066,0.0032413853566724414,0.011401860684969761,1.782141055218228,0.022272751079175274,0.01617273062414006,0.059307115889235595,4.611755033418898,0.007036930345313523,0.00541949754317869,0.021014900460570474,2.5188981799293453
old-holland-1-5-7,63,chromatic_binary,False,0.004762595893220411,0.003994831307611192,0.008798963192540907,1.58141571919709,0.002532496821927332,0.002140457154639979,0.00496455098972097,0.831209689838226,0.011620266487293161,0.009382565142726328,0.0279613585842233,3.367289734615607,0.006201294889305224,0.004971265500323094,0.014617009523548552,1.382594295001919
old-holland-1-5-7,158,chromatic_binary,False,0.004541987269472808,0.003964334758839102,0.00982932363216097,0.6967638005117341,0.0012895144041695581,0.000869974551651093,0.0029838501685685373,0.07557877598718128,0.004605492766358136,0.004009306152497891,0.010274785032395733,0.6989445498652201,0.0012997827318527275,0.0008697827679989329,0.003244483818805946,0.076152876179136
old-holland-1-6-7,1,pure,True,7.258340236917172e-17,4.8348422040127785e-17,1.1102230246251565e-16,0.0,7.258340236917172e-17,4.8348422040127785e-17,1.1102230246251565e-16,0.0,7.258340236917172e-17,4.8348422040127785e-17,1.1102230246251565e-16,0.0,7.258340236917172e-17,4.8348422040127785e-17,1.1102230246251565e-16,0.0
old-holland-1-6-7,2,white_tint,True,0.011382139392623551,0.009946877980552415,0.01916852793909052,0.5804869779632943,0.005266610706478412,0.004137133329913472,0.013541731193597667,0.35831466475667006,0.005952659826437754,0.003728465193289548,0.0183291672039812,0.34271132544641586,0.005344927469398739,0.0035154962469215014,0.016801867652297214,0.28499719612359836
old-holland-1-6-7,3,white_tint,True,0.004044817402549183,0.0037193639278772137,0.00794531470410062,0.24555687832659778,0.004144810639844732,0.003326259506573679,0.011227712468199869,0.19035916871539202,0.0036425126359897232,0.0029720254363356864,0.00795000095239859,0.17600830374280893,0.0038598928515758114,0.00308754019766108,0.008073900137369527,0.22046960162272922
old-holland-1-6-7,4,white_tint,True,0.004087386033046398,0.0030737735011210016,0.011165579085594457,0.15597971783765496,0.005071967045807991,0.0036299653653424696,0.01414012798756037,0.2270374966346425,0.0042220463214078475,0.003251026028064133,0.009887259534511417,0.27839777436013485,0.004503337866818366,0.0033953689103801217,0.010704911253997862,0.29216849897066993
old-holland-1-6-7,5,white_tint,True,0.00757389927170506,0.006331047353145552,0.015018690771502974,0.4858726761791234,0.00817786803438853,0.007195618218907896,0.01606413021106834,0.46431254530849925,0.00789615514302914,0.007053836467015564,0.014432468084014827,0.4426382226303918,0.007962134948009368,0.0070790591949255926,0.014772797262929016,0.44668640028293066
old-holland-1-6-7,6,white_tint,True,0.010281247785922511,0.008306813377158091,0.02322988457010866,0.8546344415191944,0.010198528724161307,0.008133805321701883,0.023130411452475186,0.8640591882088268,0.010236321049146473,0.00816625183035834,0.023203724263891834,0.8722499079053594,0.01022748062693896,0.008162533371918725,0.02314600690864832,0.8726488914206925
old-holland-1-6-7,26,pure,True,5.095977910374798e-17,2.6412563892292032e-17,1.1102230246251565e-16,9.77164657471164e-15,5.095977910374798e-17,2.6412563892292032e-17,1.1102230246251565e-16,9.77164657471164e-15,5.092929164717304e-17,2.59648933178464e-17,1.1102230246251565e-16,9.77164657471164e-15,5.092929164717304e-17,2.59648933178464e-17,1.1102230246251565e-16,9.77164657471164e-15
old-holland-1-6-7,38,pure,True,5.023843278540119e-18,3.469446951953614e-18,1.3877787807814457e-17,0.0,5.023843278540119e-18,3.469446951953614e-18,1.3877787807814457e-17,0.0,4.86680921932872e-18,3.469446951953614e-18,1.3877787807814457e-17,0.0,4.86680921932872e-18,3.469446951953614e-18,1.3877787807814457e-17,0.0
old-holland-1-6-7,39,white_tint,True,0.008368096848871322,0.0063070451087621085,0.017007537877620556,2.14282698638019,0.007584705434902468,0.006443022287267564,0.015145696158107125,2.1737772128915798,0.008427319152772391,0.006356378228660731,0.017041261861081083,2.2172569962239503,0.0075963547913593795,0.0064852452016351475,0.014584332558657265,2.2237089633796736
old-holland-1-6-7,40,white_tint,True,0.026296607122143482,0.0232811929822904,0.048954571450096934,4.717867718671924,0.023820235865792332,0.019180619053442836,0.04412192392930575,4.058961426523292,0.02646798205261563,0.023429038877822,0.04902284078436894,4.837490001682014,0.023763940596341425,0.019079380166223295,0.044281809761368834,4.114334724268725
old-holland-1-6-7,41,white_tint,True,0.030841210304384623,0.027300157810150293,0.061916816200722424,4.240693984057419,0.013116131768335643,0.010167443305033679,0.030454561596155255,2.362825542621265,0.031391920116201594,0.02776859237841322,0.062090921353326695,4.407597127821184,0.013331163925513704,0.010191354750198136,0.030875978898764145,2.4324046446108096
old-holland-1-6-7,42,white_tint,True,0.031122737354608125,0.027448974080022344,0.04361912397276632,3.4908486484501267,0.012360065854774125,0.009732433853900373,0.028913453531117406,1.2834706095277177,0.031740995119657,0.028122416989578576,0.044034628069561016,3.5116340074355272,0.012431518342046501,0.009590926229162813,0.030529731714506347,1.1828876743464527
old-holland-1-6-7,43,white_tint,True,0.023537504585680834,0.019878805154461086,0.037153830748038574,3.155837178436153,0.01623893714258166,0.012268812866394314,0.03680168001347628,2.1589931528140296,0.02391043207060832,0.02017163769272238,0.037852598004944144,3.0834858673878833,0.01595554548310633,0.01204934715151386,0.03660681022391832,2.0242828853302837
old-holland-1-6-7,44,white_tint,True,0.020423940227040784,0.014887776220771509,0.04528160638566636,3.256337410543628,0.02661739152964121,0.02214217263425338,0.054120777006101295,3.3788379448811026,0.01962922072939102,0.014281038604994514,0.04506346851284271,3.0810407181652972,0.025972799162680447,0.021612371000661722,0.05384535645536015,3.2179606211206884
old-holland-1-6-7,45,white_tint,True,0.06681233631690266,0.06447101506780006,0.0835546197288185,3.546726211189844,0.06832053763040147,0.0657440871690685,0.08481883142484792,3.677187359382151,0.06625219491707925,0.06397486006117298,0.08343720768405583,3.471186985112602,0.06781890066309978,0.06530267812813771,0.08469345619670532,3.6083132580274824
old-holland-1-6-7,46,pure,True,7.022330495795052e-18,4.8124586752904974e-18,2.0816681711721685e-17,0.0,7.022330495795052e-18,4.8124586752904974e-18,2.0816681711721685e-17,0.0,6.565093171632399e-18,4.3647881008448694e-18,2.0816681711721685e-17,0.0,6.565093171632399e-18,4.3647881008448694e-18,2.0816681711721685e-17,0.0
old-holland-1-6-7,47,white_tint,True,0.019695937128449095,0.018708642948204464,0.031480367138352755,3.6625708832453476,0.017734729047551898,0.01649333211458404,0.02867150403928953,3.1142585969827628,0.019595610658738785,0.018637285486032402,0.031069647433165176,3.633774140198149,0.01768632787389921,0.016467213388183046,0.028382459710809604,3.100497483649354
old-holland-1-6-7,48,white_tint,True,0.02566139587989768,0.02433194057315595,0.04069859626953032,4.3086385873325215,0.020976570022666445,0.01906379878148556,0.03306266977225669,3.1947818208735015,0.025500300618581825,0.02420962920897166,0.040252044500333484,4.2685431050426965,0.020941830680620735,0.019051088070922564,0.032881762304536016,3.1859087262745147
old-holland-1-6-7,49,white_tint,True,0.03602275426971638,0.033536305770533854,0.05442573676715734,4.187424479760008,0.019537213877320884,0.018074720560665888,0.028855643614285054,2.1990669544447905,0.03585249682589786,0.033323039214576605,0.054376246631791,4.159190398154533,0.01965597980693846,0.018152733141551053,0.02903231790197694,2.218469864380619
old-holland-1-6-7,50,white_tint,True,0.029528521257330274,0.023904723426292733,0.04439516205111624,2.848911156862106,0.013865260382645975,0.011493967899791969,0.027590640384241527,1.904643489477409,0.029456229307762656,0.02392160623169979,0.04422092524002197,2.847426936280452,0.01395564942948615,0.011545629711323181,0.02794502045631775,1.921289933167932
old-holland-1-6-7,51,white_tint,True,0.024350643876351143,0.021939844697900248,0.03977839682443163,2.009529338189776,0.02768814293606449,0.024083014421157692,0.04746822048536259,1.9336363641235255,0.024489988614713267,0.02200417155460786,0.04042708817331264,2.022457943708301,0.0277634141222948,0.02413676455168515,0.047741775025583744,1.9476500704275048
old-holland-1-6-7,52,white_tint,True,0.027636154637712983,0.02528897936945636,0.04238596647029558,1.4268381872688038,0.032542764565127086,0.03145056502439346,0.046988354110597874,1.5374515527637396,0.027813270555962236,0.025484370622094042,0.042666479486741626,1.4398008584456092,0.03266044107564945,0.031564200242151216,0.0471550496801596,1.5489758723690346
old-holland-1-6-7,53,white_tint,True,0.04731358418350597,0.040338133025822925,0.07028455526202104,3.098463924301129,0.04870986895220965,0.04140682767547379,0.07233681549201432,3.2000015457998243,0.04743617903166654,0.04044203581497553,0.07034493185376844,3.1060886582329457,0.04881824656683297,0.041496336011619075,0.0723898266605596,3.2069978580584655
old-holland-1-6-7,63,chromatic_binary,False,0.005498561978831895,0.005241696397691171,0.008777001489995828,1.1114874958236842,0.0029219957711620385,0.002700296207581309,0.004481197837720496,0.825300726299881,0.011620075794944404,0.00938214893695629,0.027955313098639217,3.367360706082144,0.006412537364653016,0.0051464916950272705,0.015190888089434529,1.4855890442426016
old-holland-1-6-7,73,chromatic_binary,False,0.0036972572674321903,0.0022662646773981927,0.011961159050920211,1.4337002221120763,0.003435024251280412,0.002667645440543414,0.009517832812978438,1.2030327608610134,0.012434975366335078,0.009339290979662431,0.03310771250542398,3.96578066930384,0.012262395589946035,0.010028937034256558,0.02158939401837573,3.622848723156727
old-holland-1-6-7,76,chromatic_binary,False,0.002484852422070073,0.0019442886416687704,0.007204505933112365,0.37441896052043844,0.003509388136960394,0.00287736532966097,0.01122267250013334,0.627413860253243,0.022969423510442694,0.01783384862469244,0.05722055464566511,3.9802980550393907,0.007917008096552549,0.006218292888781145,0.024624069382170904,0.9182341522986625
old-holland-1-6-7,78,chromatic_binary,False,0.006688724257632751,0.006143751906730761,0.014399683998035442,1.9845213586648793,0.005743223458591522,0.005216786137316511,0.012885377286210198,1.660131568212042,0.009794497232419595,0.008733263091624532,0.01931403174746732,3.6352623251849905,0.005847764259832483,0.005299622933660345,0.011419247381848532,2.8334977139997486
old-holland-1-6-7,80,chromatic_binary,False,0.003963450479417975,0.0035816877798029445,0.005823046625746342,1.0206536163693531,0.0032366526437734426,0.002722249824650817,0.005468894218767277,0.8532270511648288,0.044469715302528155,0.03493859443842066,0.09187938919026611,6.438895336081009,0.026774502409970383,0.021945107011195994,0.04962339536095717,4.066792604237303
old-holland-1-6-7,82,chromatic_binary,False,0.0065820188636921875,0.006442810682862207,0.008392036163249857,2.569909223087575,0.006280399109969165,0.0061377960326097335,0.008147851194880505,2.5203969815217007,0.0075040116144362064,0.007376325280623159,0.009552968808304425,2.4096311470960057,0.005222251300617091,0.0044343372103322915,0.009775785749111504,1.4513468699182788
old-holland-1-6-7,161,chromatic_binary,False,0.001207594276344607,0.0011100272441329994,0.0020209208805073604,0.750526180877578,0.0010336791421863614,0.0008616952367458535,0.0019624329687141437,0.5732140660221687,0.0011750394827158487,0.0010804851435383732,0.0019990905314969803,0.6806619476710992,0.0010328307110357652,0.0008655268006298548,0.0019134165490688748,0.5113767336157796
old-holland-1-6-7,162,chromatic_binary,False,0.005579692023249338,0.0055615965142932966,0.006182348468530035,2.077312479197312,0.00421439289694835,0.004187245705617007,0.004944614271296256,1.7951890470141743,0.00556427254309034,0.005547216678827289,0.006158368368998815,2.048752097973211,0.00421897043013044,0.004192477281330505,0.004921214722434165,1.7749228102556482
old-holland-1-6-7,163,chromatic_binary,False,0.0005419840728006467,0.00047416988013749704,0.001245493327696405,0.6452564732209589,0.001466664734504839,0.0012840204043242914,0.0033932652761799603,0.8138220684149253,0.000606248603196202,0.0005051951337752966,0.0015876458918221703,0.7567356474087205,0.0015127955169196665,0.0013000024467399493,0.0036719282866102335,0.9069717617707794
old-holland-2-3-4,1,pure,True,7.258340236917172e-17,4.8348422040127785e-17,1.1102230246251565e-16,0.0,7.258340236917172e-17,4.8348422040127785e-17,1.1102230246251565e-16,0.0,7.258340236917172e-17,4.8348422040127785e-17,1.1102230246251565e-16,0.0,7.258340236917172e-17,4.8348422040127785e-17,1.1102230246251565e-16,0.0
old-holland-2-3-4,7,pure,True,5.379176911490105e-17,2.8427081477297354e-17,1.1102230246251565e-16,0.0,5.379176911490105e-17,2.8427081477297354e-17,1.1102230246251565e-16,0.0,5.379176911490105e-17,2.8427081477297354e-17,1.1102230246251565e-16,0.0,5.379176911490105e-17,2.8427081477297354e-17,1.1102230246251565e-16,0.0
old-holland-2-3-4,8,white_tint,True,0.01893552620558703,0.01668506314811583,0.03228353766185177,1.6827825138397776,0.010141466733093034,0.009218365916421216,0.014434667542314955,0.918701505670099,0.013129913140174797,0.012240302192997318,0.01906312567054802,1.3501591460852416,0.008874063270813195,0.00838158852236056,0.013133245711322752,0.9968710984289406
old-holland-2-3-4,9,white_tint,True,0.009515440180207004,0.00871632136339871,0.015764020653672106,0.6528077608948545,0.0050368266783761,0.004172112771964102,0.00945611408240099,0.024937244293041137,0.0054921093715575905,0.004775573677449597,0.009623014333425994,0.37871989458768857,0.003599423261173308,0.0028612002248615763,0.006491366220389039,0.17414898113085478
old-holland-2-3-4,10,white_tint,True,0.008068032906086844,0.007353548910966752,0.013229034812789892,0.6891494650108432,0.004648382293278281,0.004105090119995083,0.008285942707713434,0.2737414254527219,0.007108847141563482,0.006052343463943593,0.012951961212718577,0.5040147771025977,0.0048447559708342264,0.004392746312852922,0.007439879560410034,0.3317908046536141
old-holland-2-3-4,11,white_tint,True,0.014322505147748226,0.013206018931988651,0.021286292001250484,0.9999591676014393,0.01633140535299815,0.015030832537311202,0.023016508506900457,1.1353793263847065,0.01476433153971901,0.013950991759419535,0.02186236437853667,1.0642699099583242,0.01661078239301442,0.015507901037181025,0.02384111643526543,1.180124380774804
old-holland-2-3-4,12,white_tint,True,0.017261508346753912,0.014623948672858685,0.028631616660895864,0.8250380927398633,0.017463124350772397,0.014833677274500615,0.028239299839362464,0.8332301997460955,0.017413735413787945,0.014862954853297427,0.027421376053554103,0.8371752860240171,0.01752790411324044,0.01494435126387245,0.027532065643150694,0.8474724071741017
old-holland-2-3-4,13,pure,True,2.3013707539344673e-17,7.386564478352856e-18,1.1102230246251565e-16,8.828579614359399e-15,2.3013707539344673e-17,7.386564478352856e-18,1.1102230246251565e-16,8.828579614359399e-15,2.3148291771671806e-17,7.834235052798484e-18,1.1102230246251565e-16,8.828579614359399e-15,2.3148291771671806e-17,7.834235052798484e-18,1.1102230246251565e-16,8.828579614359399e-15
old-holland-2-3-4,14,white_tint,True,0.024020241096618506,0.016978699218744286,0.06413496570123811,1.845359095966129,0.021840602270129628,0.014270156870814576,0.060444891582639326,1.7488827033448027,0.02524599197250686,0.018859407608097276,0.06060917656996734,2.1633744659894716,0.02186742608691611,0.016822752620218862,0.051522935721357965,1.6593104370713754
old-holland-2-3-4,15,white_tint,True,0.025577843023260046,0.0235433657434333,0.04718187802185095,1.9930234901551287,0.015831800965144936,0.011943505807399106,0.03865256586169963,0.9626745568708621,0.020729161218541063,0.018248968516638164,0.046715891646290975,2.0186077801791957,0.012830286318095624,0.01049637142131736,0.03253887000972669,0.974803067814671
old-holland-2-3-4,16,white_tint,True,0.03056029614392479,0.027161307042259473,0.049249646952524984,1.733881058086347,0.01710839087489161,0.013611525372842815,0.033721188250591005,0.9192155410677147,0.021580331305188414,0.02023490714926451,0.03118188424386556,1.6035419538188473,0.018306131292957602,0.015379980388907404,0.034600224323626194,1.017376458008084
old-holland-2-3-4,17,white_tint,True,0.031793022427284684,0.026052595066555457,0.051367453594808876,1.4637204672381423,0.02758708501088624,0.022960752011978336,0.04410323314634301,1.282240322037745,0.026162877470600254,0.022182514576164544,0.043453106461465274,1.3360103640434355,0.027817315811358958,0.02310989993443689,0.04906394442577888,1.28361559217918
old-holland-2-3-4,18,white_tint,True,0.03488517832806842,0.03208071473556569,0.04818650532350377,1.2576668060811917,0.03540272440669959,0.033819106646542224,0.050273396343353816,1.3375591556710422,0.03289146742240212,0.03062797354992812,0.049433590003688854,1.226415325529802,0.03514374078325914,0.033487984126510086,0.052265907404658085,1.3312527771735092
old-holland-2-3-4,19,white_tint,True,0.01632959558597838,0.015133207139089814,0.02862310130581147,2.0023962597999994,0.016621799081397336,0.015312696970007046,0.02916885983859152,2.049143288806047,0.01629828404556078,0.014957497102395842,0.028929718738420096,2.0680226797700225,0.016706105876171218,0.015326306841215597,0.029504987115694048,2.0969647031311203
old-holland-2-3-4,20,pure,True,1.7358422916209957e-17,6.267388042238787e-18,5.551115123125783e-17,0.0,1.7358422916209957e-17,6.267388042238787e-18,5.551115123125783e-17,0.0,1.7358422916209957e-17,6.267388042238787e-18,5.551115123125783e-17,0.0,1.7358422916209957e-17,6.267388042238787e-18,5.551115123125783e-17,0.0
old-holland-2-3-4,21,white_tint,True,0.026291082733286095,0.01864184613580726,0.06532476277136881,2.7595721649206015,0.014198175886843172,0.008514860037419128,0.04251593526405548,1.7240933100130997,0.023535876256281722,0.016497196149726175,0.06282896177964639,2.6215799958878927,0.013951496999983357,0.008135133932939588,0.04241897877795428,1.7455129758962231
old-holland-2-3-4,22,white_tint,True,0.030928111400717054,0.024908704658277245,0.06384283818544123,2.705896138685686,0.007982219706698884,0.006612186904735633,0.020386554195420847,1.3761320395957604,0.026029332549522863,0.02136288476134563,0.06408120285464819,2.6042558605722714,0.009461286665753408,0.00788225397348403,0.024047499330995648,1.3969655519951076
old-holland-2-3-4,23,white_tint,True,0.019108938024005803,0.016463264360368542,0.03894595249764243,1.794168036228419,0.02312997819852793,0.01844085878318176,0.04943272798999676,1.4588072517207968,0.022307985800528066,0.01907303445025395,0.04245683417399382,2.012232151717633,0.02500191394932375,0.02018328673739464,0.051732589313346455,1.5976253291588707
old-holland-2-3-4,24,white_tint,True,0.025435477555879778,0.02064567628923697,0.044198367500492775,1.2727240915702105,0.02988447457322867,0.026884729134482917,0.04986051176710604,1.3645953683441063,0.027298140884277258,0.02203111643872165,0.04677901851080957,1.415645420632009,0.0310219770521422,0.027195599732612742,0.05079152519285646,1.4310281154804634
old-holland-2-3-4,25,white_tint,True,0.04524807105744166,0.04293463526960879,0.06530198163043444,1.6767092809587418,0.046647316695259844,0.04458438216680491,0.06575567300715113,1.7509153338295538,0.045221049223150435,0.04259931147338316,0.06713215353173507,1.5692976848653997,0.046538078713035023,0.04422477579671175,0.06731151133454982,1.6370645131893273
old-holland-2-3-4,27,white_tint,True,0.033371269659964106,0.03210494347951539,0.05836895448823451,3.9356924906405886,0.010818811612388296,0.009450046394041404,0.023076109186821847,0.9844905060316869,0.030718568760784767,0.028826801897378827,0.061161649649903865,3.970767983665304,0.011192592819687841,0.009670592143377925,0.027782756773443107,0.942484954989919
old-holland-2-3-4,28,white_tint,True,0.03593626795410846,0.03372101940320769,0.04760528942648748,4.405445110557679,0.019955765106839614,0.018402473969194758,0.02802823470874008,2.5692377891345375,0.03521267868548702,0.031394978928842375,0.05101895529720413,4.558824918396407,0.019923236012978032,0.018027066159956587,0.030951340877691053,2.697458373985939
old-holland-2-3-4,29,white_tint,True,0.03428464516186335,0.02738889898162923,0.060732060951644073,2.2397100348623966,0.03582419240126322,0.026134888723447602,0.06443277259406732,1.8030438732648062,0.03767607200277884,0.029775451630014813,0.06848536616994882,2.4395168642935694,0.038196490203150836,0.02776388844328447,0.06990946823942767,1.9446078633195065
old-holland-2-3-4,30,white_tint,True,0.04607239524154304,0.04478045161811948,0.060902887845825426,1.7738796214244317,0.04800784503381517,0.046919098608519505,0.06149525255068378,1.892453674830968,0.04610097402626898,0.0445180211328084,0.0631793064719115,1.66379103471891,0.04793572529439132,0.04662274303040504,0.06341272498507944,1.7777077153611989
old-holland-2-3-4,88,chromatic_binary,False,0.03015156876674445,0.02650600212787892,0.051856816188768695,6.37762718715263,0.013126694469481845,0.011139802097896424,0.03179378351070003,4.610807322449825,0.03335634252567059,0.027862085106615104,0.08132373795568354,8.505520714378667,0.017987428720621448,0.015633511791825996,0.04424606909227735,4.193179325752584
old-holland-2-3-4,89,chromatic_binary,False,0.01170496308946676,0.008706137700604957,0.031730185757258056,0.6033182133077881,0.007311938096463929,0.004272319564660527,0.0256337797485493,0.4465422301385088,0.016546102617968895,0.010095945859269033,0.05002785516865449,2.3612079310148326,0.011204172753053262,0.00735410229586867,0.03544289203847223,0.8839429256437075
old-holland-2-3-4,92,chromatic_binary,False,0.016693578394730037,0.014173754269127306,0.03799724745773092,6.734670856673802,0.010154286985887672,0.008888920175999357,0.019579674114318657,4.012633530239768,0.03888051109099975,0.028052631222144873,0.09319653929526955,8.637748383591813,0.019662844494807687,0.017299943341345644,0.047605331178368376,4.407016499236205
old-holland-2-3-4,93,chromatic_binary,False,0.016107221308583088,0.012076656369231656,0.03317158529986686,4.953484410305606,0.01517083940942288,0.010957740342908051,0.029622188300675006,4.005625301647229,0.041712305938583896,0.028420090048973626,0.10502203473597244,9.057108078666117,0.03113857183305927,0.020109853813755088,0.08372486020612169,5.945739061120694
old-holland-2-3-4,108,chromatic_binary,False,0.07355265472601115,0.042850735984319814,0.1799082136157681,3.3877958883691823,0.008387605169349555,0.00541280496467002,0.01986865201252941,1.2510926791103654,0.09321944373404425,0.0532886550778587,0.21583157063057284,4.203391725963127,0.011862337397108699,0.007768371536111866,0.029538279585049357,3.3105190803294082
old-holland-2-3-4,109,chromatic_binary,False,0.025402247153397343,0.024302807446641407,0.04342355301480311,5.28635911064759,0.01703093817225128,0.015721142122986254,0.02894151279566104,4.576663799114891,0.052165417673681956,0.04090038470312976,0.09887942852821757,5.395567262703068,0.018529841465216027,0.017092524611247144,0.030200800320688004,4.593895394779614
old-holland-2-3-5,1,pure,True,7.258340236917172e-17,4.8348422040127785e-17,1.1102230246251565e-16,0.0,7.258340236917172e-17,4.8348422040127785e-17,1.1102230246251565e-16,0.0,7.258340236917172e-17,4.8348422040127785e-17,1.1102230246251565e-16,0.0,7.258340236917172e-17,4.8348422040127785e-17,1.1102230246251565e-16,0.0
old-holland-2-3-5,7,pure,True,5.379176911490105e-17,2.8427081477297354e-17,1.1102230246251565e-16,0.0,5.379176911490105e-17,2.8427081477297354e-17,1.1102230246251565e-16,0.0,5.379176911490105e-17,2.8427081477297354e-17,1.1102230246251565e-16,0.0,5.379176911490105e-17,2.8427081477297354e-17,1.1102230246251565e-16,0.0
old-holland-2-3-5,8,white_tint,True,0.017318721853860082,0.01522369790156158,0.028814365161514366,1.6308599377198159,0.010172971829176158,0.009280084866952878,0.014495156878818194,0.9454046194441129,0.013129258087021051,0.012238841173276628,0.01906363261261519,1.3500747288529438,0.008854855894365701,0.008362054105885457,0.013120885680164118,0.99509937831499
old-holland-2-3-5,9,white_tint,True,0.008522264742529134,0.007906406937537039,0.013590643955654791,0.6145027438462249,0.005033362040112233,0.004111470047172482,0.00949855667905053,0.061384694386077944,0.005491758628441399,0.004778289462459703,0.00962118230206116,0.3786746220959353,0.0036066512838165347,0.002858669645903695,0.006503644633873873,0.17445937919056329
old-holland-2-3-5,10,white_tint,True,0.007765810146684918,0.006960637691911521,0.012944349686806855,0.6754142564996565,0.004864002885717378,0.004395234868122537,0.008453681603434182,0.31499479853836726,0.007109228976956252,0.006054314391078037,0.012949224175804158,0.5039925972700998,0.00484265780766571,0.004388486585993181,0.007445915131387704,0.3313015868560243
old-holland-2-3-5,11,white_tint,True,0.014662915094856267,0.013631068593164538,0.02150542545367068,1.037416108149347,0.01651711423443392,0.015280221332146245,0.02316907342613711,1.158646256382376,0.014764433541029336,0.013950827453557779,0.02185110342294877,1.064282229695043,0.01661835165334094,0.015513998474494304,0.02383805575401382,1.1806616972105717
old-holland-2-3-5,12,white_tint,True,0.01736895434574856,0.014709711628939586,0.028565830512838564,0.835564326998206,0.017528467090764492,0.014880022554548764,0.028157197748179708,0.8422635190908058,0.017413808608122028,0.01486330310680032,0.027415393429710666,0.8371916699446093,0.017528429782778715,0.01494499223518313,0.027525660382800354,0.8475437323368454
old-holland-2-3-5,13,pure,True,2.3013707539344673e-17,7.386564478352856e-18,1.1102230246251565e-16,8.828579614359399e-15,2.3013707539344673e-17,7.386564478352856e-18,1.1102230246251565e-16,8.828579614359399e-15,2.3013707539344673e-17,7.386564478352856e-18,1.1102230246251565e-16,8.828579614359399e-15,2.3013707539344673e-17,7.386564478352856e-18,1.1102230246251565e-16,8.828579614359399e-15
old-holland-2-3-5,14,white_tint,True,0.021708299551340408,0.014626051092653873,0.0598650832464484,1.9788863474689813,0.02174422114736886,0.015812588951907063,0.05333219810932127,1.7123953086756076,0.025245283088360045,0.018859578883636235,0.06058943088842417,2.163265745223992,0.021881831148827326,0.016839699534635762,0.05152819555028293,1.660622505892484
old-holland-2-3-5,15,white_tint,True,0.0214814346839174,0.019010118635696117,0.0459517143616498,1.9913613355906457,0.013442409293606027,0.010341453267896006,0.03188631098866057,0.9500945496823349,0.020727123166749847,0.018249291580410762,0.046706400733617676,2.018567602768769,0.012812376107076858,0.010467425536529207,0.03251017027671185,0.9697314412264328
old-holland-2-3-5,16,white_tint,True,0.027434117307786707,0.024998012747359487,0.04452427184556651,1.6598311561058947,0.017542134875094127,0.01457564477318027,0.030295283548263163,0.908803343252425,0.02158043568247404,0.0202322375671569,0.031189625379539482,1.6035762674291922,0.01827587755509172,0.015348747194009088,0.03456322321934624,1.0140811822143756
old-holland-2-3-5,17,white_tint,True,0.030217368164587494,0.025005104912530062,0.04908964086561063,1.388066611818124,0.0280757148302126,0.02328966112712853,0.048178942358729326,1.2463340929640416,0.026164604710855077,0.022183782501693648,0.04345713962922548,1.3360947322663692,0.027814894221140283,0.023109186325779813,0.04906667060108105,1.2835481086748002
old-holland-2-3-5,18,white_tint,True,0.03443053700026485,0.03167668822810967,0.050475998226058305,1.2459027430757978,0.035536080948190975,0.03381471474924476,0.05304172527725193,1.336792515690158,0.03289203248225814,0.030627378356839076,0.04944205087848863,1.2264142401033127,0.03515235568786343,0.03349818504970555,0.05227272019626561,1.3317335040278417
old-holland-2-3-5,19,white_tint,True,0.016439149491893817,0.01513538624799465,0.029429233637891405,2.0443177154603456,0.016757174565840267,0.015367088411441413,0.03001867910984113,2.0858697147323038,0.01629710713445396,0.014956777112661966,0.028935947762970482,2.0677764127673783,0.01670794727991763,0.015328448928783218,0.029511944600485895,2.096882376262911
old-holland-2-3-5,31,pure,True,8.076701741402097e-18,3.3575293083422074e-18,2.7755575615628914e-17,0.0,8.076701741402097e-18,3.3575293083422074e-18,2.7755575615628914e-17,0.0,1.0720752256219629e-17,5.148211606124718e-18,2.7755575615628914e-17,2.5700002571568592e-15,1.0720752256219629e-17,5.148211606124718e-18,2.7755575615628914e-17,2.5700002571568592e-15
old-holland-2-3-5,32,white_tint,True,0.04118851322745689,0.038868252517472224,0.07039017267086589,5.817141350181413,0.036534871823104595,0.03562935718612316,0.0506457718976451,5.116571884268605,0.04017144270634487,0.03833301575107329,0.06498839118318095,5.903328695825038,0.03665106559425092,0.03574963372052561,0.050678070142450515,5.13365460916289
old-holland-2-3-5,33,white_tint,True,0.031243909919138734,0.027700091117798517,0.058853250111469746,3.5984713409114617,0.013971294691302476,0.011054595311439815,0.026488261426255183,1.9740294508021583,0.02973459790454087,0.026513924842800053,0.05299051357674264,3.734073594115316,0.014401056891585658,0.011633770540227371,0.028021646177739806,2.0149219081813734
old-holland-2-3-5,34,white_tint,True,0.021762493598074695,0.020100092420402428,0.032191198619795386,2.535620626376264,0.01787537852212193,0.013116502898028157,0.040130915788704535,1.618651147934189,0.02234117341852841,0.020855005014815912,0.030448657767420756,2.404489608931039,0.01840665672901964,0.013645579893461771,0.04089069830205205,1.538994541203911
old-holland-2-3-5,35,white_tint,True,0.02579711508535984,0.02324207695976463,0.040615803682953866,1.7937697659162588,0.02546662218145058,0.021144958305852418,0.0437046384611095,1.470115458248294,0.02639721332687543,0.02376695773129579,0.04301117419153677,1.6374218864270977,0.025979464759839973,0.021288634406221623,0.04512166296065989,1.3113556258551835
old-holland-2-3-5,36,white_tint,True,0.028236608979901077,0.023642436773359952,0.05515955851725629,2.604334003200408,0.03260752340436975,0.027458659728817992,0.05715342944222146,2.911504824827367,0.029103679440127334,0.024050078693771824,0.058028989826529265,2.329221505162007,0.03313943633258862,0.02770532294830441,0.0589139214496619,2.6879671749133016
old-holland-2-3-5,37,white_tint,True,0.031610174317258634,0.026552089056129602,0.04767286153050432,2.7509011835637334,0.03251580808037048,0.02728666523589718,0.04800008800230582,2.8588274611326936,0.03196572674860672,0.026717327651860235,0.04844868634458055,2.7062316370916006,0.0328163537160935,0.027412573367112194,0.048568050826382825,2.8140167702148258
old-holland-2-3-5,88,chromatic_binary,False,0.025197262903983234,0.022311335049735044,0.04361788459247862,6.497900097442949,0.011864205986495633,0.009861807019501616,0.027829691685758717,4.14806111737798,0.033355896029749456,0.027863561206949692,0.08133074662043677,8.50560613710973,0.01780077632655452,0.015425041814608353,0.04381959342511893,4.067750079584978
old-holland-2-3-5,89,chromatic_binary,False,0.009279921777825089,0.007054726176679412,0.02529838612263502,0.4819176822133668,0.007041973993364129,0.004340390885723772,0.024096449067848802,0.4790179261110917,0.016552841161596617,0.010099320142073945,0.05002301548726262,2.3625223428924373,0.011191015197767709,0.007411833623818699,0.035288907992358565,0.8560107190969878
old-holland-2-3-5,96,chromatic_binary,False,0.028310243873085564,0.022549664311785584,0.047903099959208495,6.305236517271876,0.015347840179397415,0.01201533900572195,0.025282884961736918,3.532712114341425,0.04276478896807475,0.031965047771450476,0.09244164953844325,8.801077424924742,0.023500063219310047,0.019197754003408243,0.038239410209755326,6.315126229223884
old-holland-2-3-5,97,chromatic_binary,False,0.012765122165454404,0.009504816912329638,0.03325683552113834,0.894935307783833,0.020044152544030972,0.017041030005623615,0.04294220837034046,1.3744791819060937,0.04507687011000651,0.03270983822777315,0.10440928337970201,3.6774477825340486,0.03562744499182052,0.026590846943905885,0.0903523835375547,3.0461472371171334
old-holland-2-3-5,112,chromatic_binary,False,0.018100644330458805,0.0166432148442769,0.030740062161026427,8.855141773327839,0.005004950648585087,0.004204951803613444,0.011203702784361932,5.367314824222405,0.03782450843408413,0.02652001493568819,0.11146643527954614,7.223977673494051,0.011914974512756858,0.007703386525441304,0.04604625940996415,6.683942001622503
old-holland-2-3-5,113,chromatic_binary,False,0.02283325651753484,0.020852300616511967,0.04625173335557138,3.7462103073770985,0.013772694649622389,0.011661081057589485,0.03318711477071899,2.2877192633843224,0.05433870450797745,0.03712603745300133,0.15346668718380813,4.538385422011888,0.03228954501578223,0.01973846842725736,0.09932916966450689,2.8871432577690523
old-holland-2-3-6,1,pure,True,7.258340236917172e-17,4.8348422040127785e-17,1.1102230246251565e-16,0.0,7.258340236917172e-17,4.8348422040127785e-17,1.1102230246251565e-16,0.0,7.258340236917172e-17,4.8348422040127785e-17,1.1102230246251565e-16,0.0,7.258340236917172e-17,4.8348422040127785e-17,1.1102230246251565e-16,0.0
old-holland-2-3-6,7,pure,True,5.379176911490105e-17,2.8427081477297354e-17,1.1102230246251565e-16,0.0,5.379176911490105e-17,2.8427081477297354e-17,1.1102230246251565e-16,0.0,5.379176911490105e-17,2.8427081477297354e-17,1.1102230246251565e-16,0.0,5.379176911490105e-17,2.8427081477297354e-17,1.1102230246251565e-16,0.0
old-holland-2-3-6,8,white_tint,True,0.021637405860769458,0.019384757074178867,0.036612948380787436,1.8134362564842588,0.010133295217924195,0.009135304698039783,0.0170474611751443,0.9200090814049106,0.013129477521207984,0.012239330334764905,0.01906346069505406,1.3501028891366955,0.008891744796075973,0.008398648777325698,0.013152656412090763,0.9986069831773722
old-holland-2-3-6,9,white_tint,True,0.011482207146161378,0.009876827092951962,0.022025391240228398,0.8097763754667489,0.0051816139176632595,0.004261388422173268,0.011030159350480517,0.040489764924248224,0.00549187473095461,0.004777363043793953,0.009621801247055,0.37868974569985164,0.0035912453210857685,0.0028616171146276926,0.006466238742341424,0.17377490159675518
old-holland-2-3-6,10,white_tint,True,0.008832070137489828,0.007999520041655075,0.014263191322736013,0.8050474146304214,0.004709378278675113,0.004236730552015998,0.007921023184004006,0.3390695744210938,0.0071090996255820165,0.006053624937402695,0.012950148875602197,0.5040000318879528,0.00484789393430308,0.004396421710764482,0.007426349567334789,0.33231619512942384
old-holland-2-3-6,11,white_tint,True,0.01425362812038636,0.012938627028031816,0.02155608550192717,1.0151342320268795,0.01625492356868352,0.014894314655811676,0.022786621053557055,1.1386842543668048,0.01476440033676171,0.013950884022055146,0.021854884057270374,1.0642781272963755,0.016603276536100955,0.015501538160272539,0.023825566322250857,1.1795868862298913
old-holland-2-3-6,12,white_tint,True,0.017005626510967035,0.014365210915614811,0.028469296851681758,0.8375880298319676,0.017320245469626402,0.014678616184588338,0.028230766259312867,0.8456437504604285,0.017413785121832163,0.01486318787674295,0.027417471024376527,0.837186210620145,0.01752752191704857,0.014944297130666773,0.027529041052631764,0.8474271022031666
old-holland-2-3-6,13,pure,True,2.3013707539344673e-17,7.386564478352856e-18,1.1102230246251565e-16,8.828579614359399e-15,2.3013707539344673e-17,7.386564478352856e-18,1.1102230246251565e-16,8.828579614359399e-15,2.3282098040907043e-17,8.281905627244112e-18,1.1102230246251565e-16,8.828579614359399e-15,2.3282098040907043e-17,8.281905627244112e-18,1.1102230246251565e-16,8.828579614359399e-15
old-holland-2-3-6,14,white_tint,True,0.02440110840644756,0.016483754948460043,0.06571672900098513,2.28007248697332,0.02166233021362809,0.016288538963102027,0.05287612329762409,1.6505541599391491,0.025245521299883184,0.018859523512703213,0.06059603381485218,2.163301987520514,0.021852582883434852,0.016806702339115583,0.05148865387765422,1.658083198963575
old-holland-2-3-6,15,white_tint,True,0.022636122303122532,0.019689827473620313,0.050103305460054925,2.1182063182059157,0.01223450519531315,0.009842974744531979,0.028949309051953975,1.0129747793990365,0.0207278038326448,0.01824918537220651,0.04670957602412734,2.0185809728110407,0.012845285642135293,0.010522538039169343,0.03255569344413664,0.9798399810267711
old-holland-2-3-6,16,white_tint,True,0.026736269530400977,0.02448534080909603,0.044630850540707145,1.7353682406961797,0.017204657587637832,0.014500080101815714,0.031162227867796877,0.8890001375621572,0.021580398702718717,0.020233132160049325,0.031187049152644974,1.60356486011066,0.01833782503697544,0.015412807825268401,0.03464233706221809,1.020803312082906
old-holland-2-3-6,17,white_tint,True,0.02904994279454303,0.024297339755467152,0.04981339819793773,1.471953249798504,0.02749979709486913,0.02276749035317316,0.04663121313221619,1.2210991859327733,0.02616402567166496,0.02218335886920608,0.043455794335944264,1.3360666862031545,0.027822572510868417,0.023117585299059377,0.04908883130022068,1.283859302996141
old-holland-2-3-6,18,white_tint,True,0.033320386693262406,0.03057194981779682,0.04782696869145098,1.231584938211555,0.03477743961303827,0.033126110735198055,0.05017180581556835,1.3051113157818275,0.0328918416700475,0.03062757669686738,0.04943924864063309,1.2264146278353283,0.0351358499142116,0.033476792376422586,0.05227199158885065,1.3307283710220432
old-holland-2-3-6,19,white_tint,True,0.015622425449308447,0.014556591000192775,0.026665111948509623,1.886640649192898,0.016040430300795716,0.014878545480888556,0.027529585458568984,1.9493497353440994,0.01629749829443695,0.014957017491451079,0.028933863844199048,2.067858540085834,0.016702209849421897,0.015322923012152316,0.029508196265948805,2.0966144175329964
old-holland-2-3-6,38,pure,True,4.536462648073233e-18,3.0217763775079866e-18,1.3877787807814457e-17,0.0,4.536462648073233e-18,3.0217763775079866e-18,1.3877787807814457e-17,0.0,4.536462648073233e-18,3.0217763775079866e-18,1.3877787807814457e-17,0.0,4.536462648073233e-18,3.0217763775079866e-18,1.3877787807814457e-17,0.0
old-holland-2-3-6,39,white_tint,True,0.008495500461460826,0.006448730005886491,0.017862392794079064,2.0926419697247116,0.007687598283907362,0.006503574229351333,0.015332019885302334,2.1920907571616537,0.008426945979208237,0.00635599888291116,0.017041088199726516,2.217215727621648,0.0075916009448823134,0.006480415163127846,0.014574761273903253,2.222585759660316
old-holland-2-3-6,40,white_tint,True,0.02644687577871854,0.023236164033213866,0.050688219423648845,4.587122422542719,0.024001746322348604,0.019352494200740953,0.046087844918618975,4.128470605110964,0.02646783528692921,0.02342901367384163,0.049022489206235476,4.837471216116001,0.023756463240724737,0.019081506515303746,0.044273298277842765,4.1136703862916395
old-holland-2-3-6,41,white_tint,True,0.03107118283698003,0.027104079278734625,0.06636554358344177,3.935930046975357,0.013163681190591916,0.010598444658440466,0.027137871956065707,2.483213543375094,0.03139209574040243,0.027768771418932144,0.06209002450949411,4.407618724123067,0.01333660354740274,0.010215769826529006,0.030773667613396255,2.4317106856809145
old-holland-2-3-6,42,white_tint,True,0.030528446986753704,0.02677300028682006,0.04744060652620896,3.2378026719148156,0.011494385192997367,0.00933147022996545,0.027344238642796115,1.195841213366613,0.03174116749242491,0.028122600624009352,0.044033916354113384,3.511627655255038,0.012469239674516021,0.009631908137202628,0.030568103749913256,1.1890265124044557
old-holland-2-3-6,43,white_tint,True,0.022117418945095328,0.01861581306061241,0.0358974489599094,3.1055265344057226,0.01524057314790282,0.011296636707320413,0.034325775643412104,2.2105970156796606,0.023910454962279157,0.02017161923197577,0.03785170004693231,3.083458128276855,0.01597462067344753,0.012069179155843664,0.03661751070333186,2.0271142311904202
old-holland-2-3-6,44,white_tint,True,0.02082641185704988,0.01591519555887874,0.040078025208421186,3.6335389619215905,0.027130466231666015,0.02306451054927257,0.051583642314775635,3.723581718085058,0.01962906911899004,0.01428101448108338,0.04506459284541464,3.0810024532007825,0.025966836093198522,0.02160090342031809,0.05387321710101389,3.217821247405258
old-holland-2-3-6,45,white_tint,True,0.06799445563992058,0.0654440637203553,0.08638240095841954,3.8641583421834094,0.06942391504947588,0.06664640311202881,0.08787089093635314,3.977073192932316,0.06625216181953425,0.06397482903882415,0.08343781295816921,3.4711815028093644,0.06781652665817488,0.06530075150687739,0.08469789445782305,3.6079921023189643
old-holland-2-3-6,88,chromatic_binary,False,0.029405635858896113,0.025926292019374266,0.05582590925061515,5.89846750914563,0.0109839057570538,0.00853129800706898,0.02780721830848093,4.314602744787286,0.03335603081275753,0.02786305053703264,0.08132803071135788,8.505577414269252,0.01815461310144019,0.015806689611954933,0.044655232868453076,4.30712822703496
old-holland-2-3-6,89,chromatic_binary,False,0.014664702539173584,0.010985309159170531,0.03995027287150821,1.0767335865815977,0.009228709807744593,0.005257528042898911,0.03097473380339688,0.8981190465067965,0.016550604852840947,0.010098199281276405,0.05002519783851711,2.3620846472032486,0.011230375515491522,0.007314327961295563,0.03557655554001793,0.911609529766487
old-holland-2-3-6,100,chromatic_binary,False,0.02155310124285162,0.017920002934838787,0.03647220253902397,5.301512208330027,0.0072735437945941755,0.005587555041057787,0.02121233800314637,1.5933156132586286,0.03872463171923696,0.029562266567311087,0.09772462806122523,10.378143640296598,0.020443241351257652,0.017968939072143152,0.04029681630143944,6.225732210888662
old-holland-2-3-6,101,chromatic_binary,False,0.014484373906853242,0.0104584155595592,0.029562382935141795,1.604161184544469,0.010345719325325591,0.00737203229204448,0.027068071909982172,0.29991679723830394,0.074645787999471,0.05285737811594591,0.152046441441414,9.043264559943804,0.05832225203979826,0.04163582506474809,0.12157411076333391,7.5317663513185975
old-holland-2-3-6,123,chromatic_binary,False,0.02031546302439443,0.019793710291626018,0.024899281364520066,7.238240211200794,0.00529205985300362,0.004901155149635905,0.007702282269096524,3.8735984063282567,0.027321209565533983,0.024006481562853257,0.07980027029761048,6.947112091594652,0.0064983827827440836,0.005156007533173891,0.020356979329896358,5.841372007691334
old-holland-2-3-6,124,chromatic_binary,False,0.02195526979375231,0.02113058049670413,0.03484076600195081,5.216498387508321,0.01329913916948058,0.012411466079630175,0.02158221278889233,3.927571421434726,0.05763313680709397,0.038200022043381,0.18739885384215316,5.055132423625382,0.03644712038357278,0.022800187934792,0.1225631793242613,4.265943462404936
old-holland-2-3-6,125,chromatic_binary,False,0.0035790460135422327,0.002931591063660309,0.007112412011560834,2.560185130470045,0.004343679300774852,0.003905792202785205,0.0060496071595975386,2.2780959816736943,0.003739665306764604,0.0030333564149656513,0.007115262970095078,2.522644515455695,0.005149382888844378,0.0044930995594892565,0.007483869816002284,3.076955410008835
old-holland-2-3-6,130,chromatic_binary,False,0.022244213202177038,0.02177315921373342,0.031007544665938802,7.364577175823124,0.008386762921569488,0.007733779950615969,0.010952283246024336,5.004542490232374,0.0429682556417435,0.031505463316312925,0.15157363932973048,6.904072354870558,0.017055660212200844,0.011361082897318709,0.06527059360102497,6.781923191472946
old-holland-2-3-6,131,chromatic_binary,False,0.006630427767221548,0.005473733219217123,0.010318772449281137,3.7049525820915283,0.005453929190146024,0.0052288573948290435,0.007932499653785459,2.9917646233889013,0.008904907471909173,0.007010090605524654,0.027170082429914054,3.4880296965445,0.006821305699067933,0.006206569142452619,0.009856828515356807,4.451212880344336
old-holland-2-3-6,134,chromatic_binary,False,0.01581833887737443,0.015185745987811843,0.01996299912897911,6.42277819046228,0.0023763208146066303,0.0020321518213906,0.0044869184372354765,3.9023117732779222,0.02608877955374261,0.020541801564995788,0.08908540917160884,6.009479814531738,0.005881913080016839,0.004424191262145154,0.020022131061487668,6.351734126556881
old-holland-2-3-6,135,chromatic_binary,False,0.009501630370533512,0.008449063285505973,0.01356014663568372,4.849126343246484,0.006033767214768686,0.005753326245564827,0.00873463543735388,3.5925351304457678,0.01550155809216868,0.011724279442067593,0.05422333720115403,4.545053400406462,0.007724411432384545,0.006926006753775858,0.011936387666282678,5.651955760122194
old-holland-2-3-7,1,pure,True,7.258340236917172e-17,4.8348422040127785e-17,1.1102230246251565e-16,0.0,7.258340236917172e-17,4.8348422040127785e-17,1.1102230246251565e-16,0.0,7.258340236917172e-17,4.8348422040127785e-17,1.1102230246251565e-16,0.0,7.258340236917172e-17,4.8348422040127785e-17,1.1102230246251565e-16,0.0
old-holland-2-3-7,7,pure,True,5.379176911490105e-17,2.8427081477297354e-17,1.1102230246251565e-16,0.0,5.379176911490105e-17,2.8427081477297354e-17,1.1102230246251565e-16,0.0,5.379176911490105e-17,2.8427081477297354e-17,1.1102230246251565e-16,0.0,5.379176911490105e-17,2.8427081477297354e-17,1.1102230246251565e-16,0.0
old-holland-2-3-7,8,white_tint,True,0.01772324485785905,0.01575738701161923,0.029315811110064982,1.6664100205389816,0.010216600446050316,0.00942368963612875,0.014912136972820622,0.9549334675048472,0.013129477611860153,0.012239330447190654,0.019063460695054713,1.3501028891262747,0.008879670886915948,0.008386746839271294,0.01314181010386671,0.9974516368557564
old-holland-2-3-7,9,white_tint,True,0.008982404671484935,0.008197687026362395,0.01585202377305739,0.6676362612071584,0.005131088269932738,0.004264624230728658,0.009396620199614014,0.08393043808402048,0.0054918747506445455,0.004777363115361183,0.009621801247054751,0.37868974564323427,0.0035963354259407497,0.0028608147174232538,0.006479306932942186,0.17399152855688668
old-holland-2-3-7,10,white_tint,True,0.00800664510999793,0.007161868982478531,0.012969144017299039,0.7217700647583011,0.005005751556615753,0.004598726224218469,0.008031790497409097,0.34786369068902245,0.007109099621307222,0.0060536249263785325,0.01295014887560178,0.5040000317320021,0.004846048419591396,0.004393844040291605,0.007433238839060552,0.3319735337292465
old-holland-2-3-7,11,white_tint,True,0.014725813491515007,0.01372703259688898,0.02155825526291938,1.0516997686591425,0.016502591510971026,0.01527887973117494,0.02300045747388496,1.1622614671529252,0.014764400282894413,0.013950883948357808,0.021854884057270374,1.064278127154592,0.016608254732170903,0.015505673798043913,0.023830865259078682,1.1799399982981322
old-holland-2-3-7,12,white_tint,True,0.01734910925129459,0.014674463149227343,0.028690381477840532,0.8438540132617728,0.017517325995087124,0.014861246867649674,0.0282589830249782,0.8486007772399333,0.01741378509294567,0.01486318785830289,0.027417470737767458,0.8371862105538527,0.017527817095680697,0.014944494561902045,0.02752859992723211,0.8474632978237872
old-holland-2-3-7,13,pure,True,2.3047427275435312e-17,7.61039976557567e-18,1.1102230246251565e-16,8.828579614359399e-15,2.3047427275435312e-17,7.61039976557567e-18,1.1102230246251565e-16,8.828579614359399e-15,2.3148291771671806e-17,7.834235052798484e-18,1.1102230246251565e-16,8.828579614359399e-15,2.3148291771671806e-17,7.834235052798484e-18,1.1102230246251565e-16,8.828579614359399e-15
old-holland-2-3-7,14,white_tint,True,0.022026824036140282,0.015209780129214553,0.05918980723467221,1.9938950674700355,0.021136958315289615,0.01590989589814574,0.050832774523435875,1.6313833875637453,0.025245517486417523,0.01885951977792657,0.06059603379677947,2.1633019572053156,0.02186204562695156,0.01681737493027153,0.051503056749929166,1.658882361438505
old-holland-2-3-7,15,white_tint,True,0.021412091394104677,0.018668375756261825,0.04623512813749228,1.98763826250004,0.012578653158005222,0.010437543321486172,0.029902668705091534,1.0011030627907687,0.020727800092385354,0.018249180692610938,0.04670957602393727,2.018580966060684,0.012834527302665997,0.01050476427642006,0.03254120320059864,0.9765331471918601
old-holland-2-3-7,16,white_tint,True,0.027383685951456672,0.024981372223799973,0.045797658663516816,1.6698976730172865,0.01747124614671122,0.01477867103062074,0.032962410086388116,0.9348835793727222,0.021580401488921003,0.020233135560321164,0.031187049152716056,1.6035648722535305,0.018317458524598353,0.015391781320515502,0.03461660737245498,1.0185936523067138
old-holland-2-3-7,17,white_tint,True,0.030259346619466256,0.025171625418062244,0.05039569311078196,1.4202287165397065,0.028074677189083765,0.023313198711648928,0.04990659963072519,1.247873237665832,0.02616402841882035,0.02218336095825207,0.043455794359673505,1.3360666978761542,0.02781988698010939,0.023114421473739957,0.04908003649563064,1.2837411710186852
old-holland-2-3-7,18,white_tint,True,0.03439470435628725,0.031574720021174056,0.0506977805188199,1.2532985432331878,0.035420177379019556,0.033633778678789174,0.053705418702483576,1.3339749155623541,0.03289184287212154,0.03062757766629482,0.049439248644511324,1.2264146315294422,0.035141200098173224,0.03348386054150013,0.05227149607262338,1.33105954717526
old-holland-2-3-7,19,white_tint,True,0.01626125955536881,0.01500589542245206,0.02924445369507367,1.9908370614343998,0.016577889058912672,0.015229967548771626,0.029902853902237236,2.038677191895806,0.01629749843794021,0.014957017704276772,0.028933863844323726,2.067858538814642,0.01670421670996965,0.015324807137428955,0.029508769387055378,2.0967309751382928
old-holland-2-3-7,46,pure,True,6.565093171632399e-18,4.3647881008448694e-18,2.0816681711721685e-17,0.0,6.565093171632399e-18,4.3647881008448694e-18,2.0816681711721685e-17,0.0,5.538510076933751e-18,3.917117526399242e-18,1.3877787807814457e-17,0.0,5.538510076933751e-18,3.917117526399242e-18,1.3877787807814457e-17,0.0
old-holland-2-3-7,47,white_tint,True,0.01931148632154873,0.018467646404850862,0.029911381455545394,3.4805827849603914,0.01753217648051048,0.016333201852232557,0.028225389021114877,3.0223880471545477,0.019595565470352776,0.018637254001017216,0.031069977280205746,3.633760196264075,0.017686807061743907,0.016466466654229912,0.028385766837563803,3.1002042791293976
old-holland-2-3-7,48,white_tint,True,0.024997596383712094,0.023930667307078487,0.036905672497016345,4.042995629423978,0.020763611950131017,0.018867881115019827,0.03087857589065446,3.1143006416309316,0.025500233952200524,0.024209578141054035,0.04025185077360638,4.268524197203605,0.02094336099977235,0.019049321106913306,0.03288229188283728,3.1854057434299285
old-holland-2-3-7,49,white_tint,True,0.03569387071106072,0.03300977136046437,0.05770546925014543,3.99965032279244,0.019403256460647448,0.017922716785851295,0.02897867419885261,2.253701168067525,0.035852465672113365,0.03332297258256465,0.05437789856225525,4.159184694188808,0.01964878224310188,0.018145073171792633,0.028996090552705633,2.21688177437503
old-holland-2-3-7,50,white_tint,True,0.030875410882466727,0.024961129795860293,0.04876165079871517,2.908406091137272,0.014333711820169182,0.011939513464484509,0.027778846855068706,2.0436147514769183,0.029456295055768078,0.023921863531437656,0.044218357447687734,2.8474435725694116,0.013938226294835085,0.011532145023749784,0.027932553888349587,1.9204803710424243
old-holland-2-3-7,51,white_tint,True,0.02632546360370152,0.02419702299789996,0.044172521676261844,2.20195844267302,0.02821563432128047,0.023941167764572786,0.050677850297813465,2.0976971643374407,0.024490101955105818,0.022004330999711573,0.040426569120829536,2.0224840940722437,0.02776508158298461,0.024146174781229598,0.04774126749315166,1.9477736662724563
old-holland-2-3-7,52,white_tint,True,0.02810353878464987,0.024703159369531144,0.046661570332624636,1.5993875043706474,0.03250063381223334,0.030977046460718794,0.05078136105552988,1.6671088722281577,0.027813311109728695,0.025484336667954948,0.04266696441516549,1.4398208729241928,0.0326640353710908,0.03156908464120118,0.04715961291127391,1.5492293745636572
old-holland-2-3-7,53,white_tint,True,0.04628224863466499,0.03972614019613593,0.06718997392880766,3.0564065006912435,0.04773131396469686,0.040819710341444396,0.06916877178588565,3.1601844048007526,0.04743612600017804,0.04044200005762637,0.07034291719653496,3.106072718926353,0.04881954387385313,0.04149719257196872,0.07238580658355187,3.2071863326988517
old-holland-2-3-7,88,chromatic_binary,False,0.025069676286557274,0.02229910372773552,0.050338895054502064,6.400466206585009,0.011403236000020614,0.00907890333229161,0.028047260440647898,4.167749447356168,0.03335603443967345,0.027863053483204288,0.081328030705696,8.505577422452802,0.01804188740232505,0.015689287732067448,0.044386837514802324,4.232287142719072
old-holland-2-3-7,89,chromatic_binary,False,0.00952850237037705,0.007371212925405661,0.025762029484318383,0.506954571344387,0.007021139364514194,0.004115207704811334,0.024018791559827113,0.5778017270042449,0.01655060522456885,0.010098199851195271,0.05002519783871384,2.362084651568797,0.01121625880917208,0.007342097066245055,0.035486409534783214,0.8939878374905559
old-holland-2-3-7,104,chromatic_binary,False,0.03033262753871279,0.0262605175038335,0.04780002436323988,6.134819972952344,0.015018729112460842,0.012578967762971021,0.025880554121120614,3.1551813918981657,0.04374282617238582,0.03357808318602378,0.08732333053321176,9.56581540287064,0.029927313275390822,0.02552812109969496,0.04979991084339831,6.242064513589911
old-holland-2-3-7,105,chromatic_binary,False,0.008023509857324139,0.005656244710453163,0.02049103066676039,0.45642749133269983,0.01828211397085753,0.013652901012292478,0.03484366793413246,1.4464275518782037,0.06568869011270916,0.03801694926813483,0.2217761798088081,2.841978566051279,0.044791030919182274,0.027011219837921433,0.15044492370770052,2.5886807375883003
old-holland-2-3-7,116,chromatic_binary,False,0.010973153358347655,0.010401624877213397,0.01527997735616042,5.787324773087077,0.004458387538780486,0.003860340958764831,0.008864794233937871,5.550459624486359,0.016064563885346408,0.013763594773667032,0.04595331308088719,5.291167520688672,0.00581330385075886,0.004767121457654312,0.010312538355416206,6.891778991844905
old-holland-2-3-7,117,chromatic_binary,False,0.029279988892312623,0.02758325761906293,0.04833898272054041,5.226763955930417,0.02053731500668083,0.019678476782711035,0.033321833713975624,4.308021120043101,0.06406479864359836,0.04430545056491607,0.20128228348457827,5.59428677634943,0.04491034749981099,0.030525712784312993,0.1454603990620113,4.497702014027368
old-holland-2-3-7,118,chromatic_binary,False,0.00504766657486743,0.004484045167661641,0.007226233072841447,4.573313446377774,0.008362461706939169,0.007708190591693624,0.012442311053660081,4.727146680979359,0.0046028325613690175,0.004097940636353827,0.007166055691479177,4.548993274382626,0.00916073595625776,0.00840557771739234,0.012796999109664461,5.115980030416034
old-holland-2-3-7,138,chromatic_binary,False,0.015554363359772892,0.015336547277086054,0.019654704664763885,4.604830335431474,0.005713377922015526,0.004843479518424883,0.00843557968168683,4.441713896464969,0.03228107271421364,0.023731697350546015,0.10727196993473104,3.9286291740989974,0.011934582348079191,0.00868160003021059,0.04246863488527761,5.581167662449958
old-holland-2-3-7,139,chromatic_binary,False,0.004963722473846036,0.0042638326237850865,0.007890792583711177,4.8963092981192835,0.012448283068599547,0.012098334361163945,0.016865362564241957,5.501554401450172,0.004622271260962802,0.0038622916991386527,0.008058916302996107,4.718875743575114,0.013784901472203709,0.013282924485614375,0.018445784908542366,6.339923470605292
old-holland-2-4-5,1,pure,True,7.258340236917172e-17,4.8348422040127785e-17,1.1102230246251565e-16,0.0,7.258340236917172e-17,4.8348422040127785e-17,1.1102230246251565e-16,0.0,7.258340236917172e-17,4.8348422040127785e-17,1.1102230246251565e-16,0.0,7.258340236917172e-17,4.8348422040127785e-17,1.1102230246251565e-16,0.0
old-holland-2-4-5,7,pure,True,5.379176911490105e-17,2.8427081477297354e-17,1.1102230246251565e-16,0.0,5.379176911490105e-17,2.8427081477297354e-17,1.1102230246251565e-16,0.0,5.379176911490105e-17,2.8427081477297354e-17,1.1102230246251565e-16,0.0,5.379176911490105e-17,2.8427081477297354e-17,1.1102230246251565e-16,0.0
old-holland-2-4-5,8,white_tint,True,0.019288394093645963,0.016790937224532315,0.03308496352012702,1.7518441523728856,0.010413868412312085,0.009260146787531176,0.01632602566173605,0.9461616322088944,0.013129896510157339,0.01224028155971383,0.019063125670557235,1.3501591474183297,0.008867937710905632,0.008375544671974136,0.013127646070730581,0.9962833831258512
old-holland-2-4-5,9,white_tint,True,0.01028078241424423,0.009283411695277464,0.01801162207842899,0.7713970693888296,0.005538581274664286,0.004540628524003991,0.010319558133719764,0.07643631084128831,0.005492105935017499,0.004775561056680509,0.00962301433342272,0.37871990609232414,0.003602043365671412,0.002860769053035126,0.006498143269005552,0.1742686561875504
old-holland-2-4-5,10,white_tint,True,0.008648947616572651,0.008000510003862567,0.013233964633277556,0.8070566410907414,0.00522917650220356,0.004627602042751961,0.008879375295719805,0.3783591760303262,0.007108848037384921,0.006052345761065856,0.012951961212713747,0.50401480782952,0.004843854090869833,0.004391444172101739,0.007443452473194001,0.3316203981336572
old-holland-2-4-5,11,white_tint,True,0.01468519821491531,0.013575263515876181,0.02152059672004708,1.0552701956987731,0.01645040866321732,0.01520497336660557,0.022559371011349083,1.1567077542209132,0.014764341366669627,0.013951005182038833,0.021862364378537502,1.0642699376417097,0.016613311472843773,0.015510006205915538,0.02384385904474079,1.1803050648902913
old-holland-2-4-5,12,white_tint,True,0.017253542351243566,0.014567729284567012,0.02859582555982909,0.854986397031703,0.017465974883249434,0.014807851108072293,0.028155459287369955,0.8574143603663895,0.017413740667991465,0.014862958208075075,0.02742142756518684,0.837175298840525,0.017528053852946448,0.014944448568997872,0.027531869696235223,0.8474912268034125
old-holland-2-4-5,20,pure,True,1.744766989480207e-17,6.4912233294616e-18,5.551115123125783e-17,0.0,1.744766989480207e-17,6.4912233294616e-18,5.551115123125783e-17,0.0,1.7358422916209957e-17,6.267388042238787e-18,5.551115123125783e-17,0.0,1.7358422916209957e-17,6.267388042238787e-18,5.551115123125783e-17,0.0
old-holland-2-4-5,21,white_tint,True,0.022926893370815545,0.016228815943159842,0.061176813966470206,2.5639488319123256,0.014227326654623635,0.008062014892205304,0.04314796591655887,1.7324570722799886,0.02353587637543691,0.016497196296237658,0.06282896193966447,2.6215800018946434,0.013957204675327779,0.008146084301132108,0.04242361389020971,1.7475912169695107
old-holland-2-4-5,22,white_tint,True,0.025324297939551363,0.020882924644154616,0.06110346535010744,2.5327299343346734,0.009487461067502314,0.007406064160800664,0.025545178274301472,1.2942046793461668,0.02602933286572009,0.021362885018215996,0.06408120292055314,2.604255865820431,0.009475670243596393,0.007904632209010625,0.024040552350938826,1.4031962869768975
old-holland-2-4-5,23,white_tint,True,0.022428300329858583,0.018767331104412765,0.044715787661652295,1.8664671907967152,0.0253070914075241,0.020077177574501576,0.052862462547624944,1.5394681086895519,0.0223079856147424,0.019073034310051477,0.042456833952740136,2.012232150258852,0.025001443389639236,0.020181831309424608,0.051730581666876385,1.5967199870419646
old-holland-2-4-5,24,white_tint,True,0.02780596812870646,0.022210370316184395,0.04843467514695432,1.3456921754203033,0.031540721716146525,0.02801226509174929,0.05195505908706188,1.4137529715520714,0.027298140746499975,0.022031116348097027,0.04677901834846265,1.4156454190140568,0.03102575699066078,0.02720380871901426,0.0507906534776994,1.4309507022335963
old-holland-2-4-5,25,white_tint,True,0.04600900221569841,0.04349848271009304,0.0662491104287165,1.6849805429547955,0.047285932288278626,0.045060825795460134,0.06649788355427821,1.7494728456276483,0.04522104917910143,0.04259931144255531,0.06713215315855126,1.5692976843377995,0.046540029451352494,0.04422706632392254,0.06731231639138924,1.6371915652490767
old-holland-2-4-5,27,white_tint,True,0.030123815445456614,0.028169748059916493,0.057839703072989634,3.867906466830874,0.011430051457751667,0.009745210987018691,0.02791058887950748,0.9742088353699945,0.0307185689634271,0.028826802151037282,0.061161649653268646,3.970767985770551,0.011174339917657367,0.009644543139346248,0.027763987772382814,0.9369776066685551
old-holland-2-4-5,28,white_tint,True,0.0345213924907035,0.030571780550315595,0.04760338836992334,4.389567182053611,0.01984592528753778,0.01794634712447128,0.029548486094212567,2.648138874020067,0.03521267876977907,0.03139497912807211,0.05101895529655168,4.5588249191698305,0.01989691835508008,0.01800752539669877,0.030932913136305806,2.693594378992338
old-holland-2-4-5,29,white_tint,True,0.03759449548119073,0.029413664368306214,0.06810753878009868,2.3174682906130366,0.03828927818119437,0.027630950723452303,0.07016350509084157,1.8802639364851974,0.03767607179001014,0.02977545150715989,0.06848536453535714,2.439516862529766,0.03819372344944372,0.02775678015920876,0.0699158366902013,1.9432704284874054
old-holland-2-4-5,30,white_tint,True,0.046949529087821185,0.045469123054896164,0.06275317747746689,1.778660134288881,0.048728038501253644,0.04749220462692965,0.06307822878559877,1.8870057438801782,0.04610097397555752,0.044518021094831065,0.06317930600640742,1.6637910343166304,0.04793845142654459,0.046625704175181124,0.06341377247638613,1.7779389413673383
old-holland-2-4-5,31,pure,True,1.1823080727926778e-17,6.043552755015973e-18,2.7755575615628914e-17,0.0,1.1823080727926778e-17,6.043552755015973e-18,2.7755575615628914e-17,0.0,1.1823080727926778e-17,6.043552755015973e-18,2.7755575615628914e-17,0.0,1.1823080727926778e-17,6.043552755015973e-18,2.7755575615628914e-17,0.0
old-holland-2-4-5,32,white_tint,True,0.04007601233108128,0.03827756097054759,0.06629781376442428,5.871477211169359,0.03654646342062235,0.03566453389413105,0.050731616942786495,5.072456199016617,0.04017168195992353,0.03833331252693626,0.06499230017970109,5.903362005819886,0.036643942909488886,0.03574645269549917,0.050681716386094006,5.134918048433126
old-holland-2-4-5,33,white_tint,True,0.029946990374216408,0.026533885554808487,0.05458388044509305,3.7154001062069844,0.013898080179153552,0.011125239551220058,0.025431451858303922,1.89397744379202,0.02973470072667811,0.02651380132916126,0.052991930747449845,3.734091605456796,0.014433023107638467,0.011667061674959574,0.02806815078750652,2.0188683421717655
old-holland-2-4-5,34,white_tint,True,0.02311741696467914,0.021285774708209575,0.03309831053227422,2.6130461347703964,0.018463316330830846,0.013750842262399591,0.039563018448156684,1.748256869533951,0.022340926702993008,0.020855367701548236,0.030451336712891103,2.4044953685347026,0.01843468178439836,0.013680787777409826,0.040896246456182506,1.5442895761390563
old-holland-2-4-5,35,white_tint,True,0.027021088901816294,0.024471229552138797,0.04607962156688927,1.8489705641611618,0.026169800198035446,0.021802293358562944,0.04760525157515638,1.5191306650844245,0.026397013875940324,0.02376748037295752,0.0430380816944278,1.6374252640432319,0.02598207032036561,0.021289962410197833,0.045203375775895616,1.3131255353281315
old-holland-2-4-5,36,white_tint,True,0.02875576229564077,0.0234198216683239,0.05971873000093042,2.496691812856808,0.03283151206925088,0.027297699841307567,0.06024110922528003,2.839191760386265,0.02910369826577948,0.024050296575172547,0.058043877175516845,2.329233558271435,0.03312667324934386,0.027691264394692276,0.058912736318917136,2.6869650928900346
old-holland-2-4-5,37,white_tint,True,0.03131570287558245,0.026237101762345342,0.04889828899202542,2.6337375659451974,0.03220805930638215,0.026980421877666565,0.048985387806620206,2.747640265204636,0.031965970214833786,0.026717611149702537,0.04845267111222773,2.7062403730330034,0.03281329548948518,0.027409559920740945,0.04857516082091062,2.813530302223714
old-holland-2-4-5,92,chromatic_binary,False,0.015956303771859585,0.01326607948020096,0.03746207261771123,6.565754567928951,0.01026320738882851,0.008954352239926355,0.021934613502821887,3.865562069131196,0.038880223956691926,0.02805247518915755,0.09319653599803165,8.637748360890853,0.019625447657100687,0.017243913055416067,0.04737804639268589,4.377227818141702
old-holland-2-4-5,93,chromatic_binary,False,0.014321456878801186,0.010928018162780674,0.02914679130585557,4.390466767650503,0.0137643305569109,0.010021084713071693,0.025784946867016795,3.4843500401235565,0.0417122727290283,0.028420037662178117,0.10502203579860103,9.057108037144838,0.031090419137759062,0.02007985062002529,0.08362156721517897,5.919019235884687
old-holland-2-4-5,96,chromatic_binary,False,0.024469339863649613,0.01930490719249702,0.0434050879448141,5.312298264218069,0.017087903491399194,0.01287005154143343,0.030621032164295403,3.775431211271205,0.04276094061266407,0.03196664190012324,0.09239073037587286,8.80043616819039,0.023511896452510964,0.01915954287956715,0.03803609465629623,6.337998060977208
old-holland-2-4-5,97,chromatic_binary,False,0.018271305774672304,0.015598192381304271,0.037669020852900914,1.280808837509594,0.023178211088126736,0.019907512216900968,0.04301039939271456,1.757694005701604,0.04508144815601558,0.03270478660946869,0.10449802726530688,3.677465251694901,0.03566903639666012,0.026648536206759225,0.09048870561306288,3.0535586247776747
old-holland-2-4-5,142,chromatic_binary,False,0.010536627865703111,0.008008381575418918,0.03786276021671309,2.3911920866445007,0.007685511278241341,0.005887692462406959,0.02073373809388171,2.7220007924030942,0.011936357403784447,0.008603287425036358,0.044385924533500876,2.489915524893131,0.008632726518906198,0.006451150506131651,0.024247846279659174,3.000361874480935
old-holland-2-4-6,1,pure,True,7.258340236917172e-17,4.8348422040127785e-17,1.1102230246251565e-16,0.0,7.258340236917172e-17,4.8348422040127785e-17,1.1102230246251565e-16,0.0,7.258340236917172e-17,4.8348422040127785e-17,1.1102230246251565e-16,0.0,7.258340236917172e-17,4.8348422040127785e-17,1.1102230246251565e-16,0.0
old-holland-2-4-6,7,pure,True,5.470792685114438e-17,3.0217763775079863e-17,1.1102230246251565e-16,0.0,5.470792685114438e-17,3.0217763775079863e-17,1.1102230246251565e-16,0.0,5.379176911490105e-17,2.8427081477297354e-17,1.1102230246251565e-16,0.0,5.379176911490105e-17,2.8427081477297354e-17,1.1102230246251565e-16,0.0
old-holland-2-4-6,8,white_tint,True,0.02333919111748717,0.0202412537833936,0.04285501262566693,1.9729241399211845,0.010891532133365765,0.009392966223998303,0.020187615648620733,0.9402903193062829,0.013130112061306659,0.0122407633866234,0.019062962398584432,1.3501872457815332,0.00888646317766915,0.00839401236074329,0.013142732945995078,0.9980348996474171
old-holland-2-4-6,9,white_tint,True,0.014053995612087072,0.011349187532130807,0.028841083096994402,1.0496629398404198,0.006720093203535158,0.005624430176306202,0.013357375764655344,0.15209165733176733,0.0054922242717204564,0.004774695199265585,0.009623608904498704,0.37873493308142636,0.003594511824382608,0.0028624404964977712,0.006480604389387246,0.17394163329628298
old-holland-2-4-6,10,white_tint,True,0.010723918316192517,0.009465858889401657,0.019803111243628657,1.0203604163431927,0.006085157607395757,0.005418066010545893,0.011540834564371494,0.4852387790120296,0.007108724789884491,0.006051748896287192,0.01295284949215808,0.5040221215120111,0.004846395220606517,0.004395454299121166,0.007434336056656332,0.33212520113229854
old-holland-2-4-6,11,white_tint,True,0.014664601182086156,0.01333141381521299,0.022002681955282433,1.0857102746582779,0.016329544018481627,0.014967778202905846,0.022675384659262277,1.160389015871753,0.014764306380325685,0.013951057169752354,0.021866064629332937,1.0642658243814789,0.01660579071447727,0.015503820034750487,0.023839469889274545,1.1797703277381744
old-holland-2-4-6,12,white_tint,True,0.016953835886659968,0.014234027477430867,0.028497308035416946,0.874559848704549,0.01729554478775431,0.014608652300814543,0.028157048129284656,0.8739352765438506,0.01741371485256495,0.01486284071282913,0.027423270430027347,0.8371698342988849,0.017527583513200072,0.01494403880257031,0.02753430914068844,0.8474307839527409
old-holland-2-4-6,20,pure,True,1.7358422916209957e-17,6.267388042238787e-18,5.551115123125783e-17,0.0,1.7358422916209957e-17,6.267388042238787e-18,5.551115123125783e-17,0.0,3.311400810612833e-17,9.848752637803809e-18,1.6653345369377348e-16,0.0,3.311400810612833e-17,9.848752637803809e-18,1.6653345369377348e-16,0.0
old-holland-2-4-6,21,white_tint,True,0.024611035092231753,0.01707193177588739,0.06482177555504343,2.6802906802708346,0.0145028126836577,0.009254734738355364,0.04108781873935005,1.8912706327484157,0.02353575577327226,0.016497132488906496,0.06282835242341689,2.6215921954777492,0.013940612233182608,0.008113764877136631,0.04240960269683375,1.741489446019814
old-holland-2-4-6,22,white_tint,True,0.025789972878276564,0.02025294717417992,0.065910649362377,2.6613147339904986,0.009377727707786988,0.0077796113734926115,0.018190994277363426,1.8103376258355923,0.026029887882422095,0.021362938521300747,0.06409419720525739,2.6042935328851886,0.009435287333090871,0.007839371906413818,0.024076340640239058,1.3847949056820839
old-holland-2-4-6,23,white_tint,True,0.0238041927581805,0.01993904472830482,0.04861913046472499,1.9251462336097944,0.02583592194851051,0.020358368986281444,0.050514635415229825,1.437579552571045,0.02230730916675954,0.019072099406335623,0.04245767671493972,2.012198401893116,0.02500214925918552,0.02018556453337084,0.05173719011155098,1.5993715999694054
old-holland-2-4-6,24,white_tint,True,0.02827118716116312,0.02241588779088054,0.0538972346696549,1.3366412833798624,0.03172835089570142,0.028008216436058348,0.05239427250114104,1.3579639170709192,0.027297711782355377,0.022031352874013258,0.04677963673357888,1.415625097371589,0.03101419465353313,0.027179532411430223,0.050793774208616194,1.43116870576698
old-holland-2-4-6,25,white_tint,True,0.04562200953951532,0.04294792874334484,0.07116586283007209,1.590350844870063,0.04692476736405088,0.04458885413449308,0.0708182508956593,1.6761394594966073,0.04522112537140864,0.04259947171090957,0.06713257075227397,1.5693221491360312,0.04653433211399652,0.044220434653162874,0.06731035984729061,1.6368392805335568
old-holland-2-4-6,27,white_tint,True,0.030498556396879282,0.027982939449764436,0.0622263315301384,3.9830959588824815,0.009573365750910064,0.008077346286632408,0.022289048870724026,1.067031467051743,0.030719390707815538,0.028826995261636987,0.061167685471829825,3.9707948058402778,0.011230091932587428,0.009722720751253706,0.027826614141902906,0.9533259702098671
old-holland-2-4-6,28,white_tint,True,0.03499618645470035,0.03100763047024185,0.051193059664943835,4.525782056406975,0.0189674222349184,0.016927303749771142,0.027428212439093158,2.462733449152859,0.035212722273375324,0.03139514602706457,0.051012128142639085,4.558823278650465,0.01997459854171519,0.018065028887063673,0.030980398077505217,2.7050219578898234
old-holland-2-4-6,29,white_tint,True,0.039583963793276604,0.030474656207205304,0.08774533645216698,2.350638249629842,0.03942769670634282,0.027874258631749547,0.08522065921578648,1.801436025297209,0.03767566360557771,0.029774437922456348,0.06848719366336076,2.4394838392430866,0.03820148997603009,0.027776800330620733,0.06989887672489348,1.9471962775696852
old-holland-2-4-6,30,white_tint,True,0.046556781879589434,0.044916875873089145,0.06824469419153523,1.6896108282999964,0.04837484203034507,0.04704207217063859,0.06779606265849847,1.823017084013623,0.04610103806727085,0.04451817636352592,0.06317982690753976,1.6638111670700402,0.047930446272189106,0.04661707927077858,0.0634112041487428,1.7772741464676773
old-holland-2-4-6,38,pure,True,4.704536392393337e-18,3.2456116647308e-18,1.3877787807814457e-17,0.0,4.704536392393337e-18,3.2456116647308e-18,1.3877787807814457e-17,0.0,4.9065389333867974e-18,3.3575293083422074e-18,1.3877787807814457e-17,0.0,4.9065389333867974e-18,3.3575293083422074e-18,1.3877787807814457e-17,0.0
old-holland-2-4-6,39,white_tint,True,0.008648989115899418,0.006528779456896711,0.01936562924949365,2.1283651537831005,0.00771033678446304,0.006521312541483372,0.015056131272669915,2.2137695297098348,0.00842806409615184,0.00635713362981438,0.01704160683289068,2.217338987921205,0.007597050623455396,0.006485960641351089,0.014587560101385982,2.223766938116953
old-holland-2-4-6,40,white_tint,True,0.026697878680649816,0.0233696806436864,0.05375266463315179,4.6564294128869195,0.023899332456912847,0.019288541376045815,0.045618403164250754,4.18951574138122,0.026468276380655454,0.023429091726558975,0.049023539182022374,4.837527244752938,0.02376410857253056,0.019079398864270476,0.04427742578673105,4.1143409312694725
old-holland-2-4-6,41,white_tint,True,0.03194595995026269,0.027540757682106388,0.07437269481683262,4.065915529077627,0.01351200601220298,0.010694344352479382,0.026945476337050966,2.64046293464536,0.0313915745647502,0.027768238579968872,0.06209270290911681,4.4075543593802005,0.01333033299009228,0.010190587782030592,0.030876850792929456,2.4322882520972366
old-holland-2-4-6,42,white_tint,True,0.031214993778877768,0.027417756514790736,0.049089572304941875,3.229242851774525,0.011944300068909083,0.009173807334949187,0.028415812565033893,1.1563495127070493,0.03174066550003201,0.0281220592825224,0.04403601726144424,3.5116491753975176,0.012431335411865104,0.009591953385400425,0.0305249215483695,1.1829919402735192
old-holland-2-4-6,43,white_tint,True,0.021824582447234866,0.019060997006332653,0.03197827826241331,2.9466670062915257,0.014668252904891915,0.010799443143144084,0.034920576714610574,1.9817334899462253,0.023910407768512755,0.02017168988310327,0.037854416099596805,3.0835444407976045,0.01595590883639648,0.012049606719700642,0.03661229024650947,2.0244066925712767
old-holland-2-4-6,44,white_tint,True,0.019395865700300982,0.015450503412616095,0.040027840196112385,3.3203389791954527,0.026235290915715716,0.022700739829558923,0.043626747725588944,3.400372275621751,0.019629519560980094,0.01428108311272814,0.045061235036314096,3.0811188842257344,0.025973069935780416,0.02161234439048011,0.053843444578522304,3.2180462759768815
old-holland-2-4-6,45,white_tint,True,0.06775108709004232,0.06526651464094617,0.08314840323679096,3.7548293993125177,0.06920876206466471,0.0664875055743646,0.08460770165999931,3.868019754846512,0.06625224539035209,0.06397490847994136,0.08343600530923656,3.471196661058446,0.06781894065159645,0.06530271939129965,0.08469230250710602,3.608320785060889
old-holland-2-4-6,92,chromatic_binary,False,0.023959694137270855,0.018878374960446385,0.07216582679424288,5.8069105477499,0.010001661996820805,0.008936934749163693,0.02216485597693857,3.5805958445068664,0.038877981671636114,0.02805164740684707,0.09320541078911015,8.637725026499607,0.019738116323248674,0.017408653382847056,0.04804596798035393,4.465282129145048
old-holland-2-4-6,93,chromatic_binary,False,0.015458625535401272,0.012192270824206536,0.033814014591968866,2.761654022826329,0.012579816493001359,0.00889293687088625,0.03147257761839528,2.2291768240054126,0.04171266790391625,0.02841941621568002,0.10503967334431247,9.05672010964153,0.031231539362657743,0.020166771774998656,0.08391578340207584,5.996009215061131
old-holland-2-4-6,100,chromatic_binary,False,0.02209520337431629,0.018053456793598772,0.04661988730476957,4.4912314970492835,0.005448382882182651,0.004453973574060999,0.011862264931359279,1.364689783187704,0.038680155537626736,0.029546918088498606,0.09719347991032479,10.37744311920554,0.020399877632140833,0.017934959612100256,0.040179663829775836,6.213834000958695
old-holland-2-4-6,101,chromatic_binary,False,0.009390066800364059,0.007642133959027123,0.017740941995539605,0.9570815267894084,0.006393300928932196,0.004089263851649712,0.021965191056910194,0.2372888842429304,0.07462402613149403,0.05285431002374491,0.15163583069150033,9.043103082604397,0.05830523467442018,0.04162954492549018,0.1211858333505752,7.529042639806855
old-holland-2-4-6,145,chromatic_binary,False,0.016042939299513614,0.009757469817423908,0.04781520614589719,4.026289034476857,0.0044757956173197685,0.004170492437538563,0.0069464052809952645,2.91889211666449,0.025857149157790443,0.012728978318320578,0.10617871662931636,3.9948446959123576,0.008258891628433955,0.006013893295123491,0.03218288322148454,3.3018499649872886
old-holland-2-4-6,146,chromatic_binary,False,0.04073090595473476,0.028042995998475893,0.1143202308269879,6.683732882781488,0.01878552419209453,0.013355729578956765,0.05008236426186115,3.253026326123886,0.05687347963810863,0.033284280781771425,0.21232340314048875,6.627421185128099,0.029244945433540427,0.016473084736388737,0.11314617335145967,3.2058509255809207
old-holland-2-4-6,147,chromatic_binary,False,0.013986480145770945,0.012881111612617742,0.030401711183770795,4.5952644184006814,0.004584763502551736,0.004444130503577824,0.008134616190881825,1.529818120524474,0.01714169950394487,0.014143005791095365,0.055845475331602806,4.587492034394087,0.00626043530128991,0.004945685802655292,0.02293518070131212,1.4652801654503678
old-holland-2-4-7,1,pure,True,7.258340236917172e-17,4.8348422040127785e-17,1.1102230246251565e-16,0.0,7.258340236917172e-17,4.8348422040127785e-17,1.1102230246251565e-16,0.0,7.258340236917172e-17,4.8348422040127785e-17,1.1102230246251565e-16,0.0,7.258340236917172e-17,4.8348422040127785e-17,1.1102230246251565e-16,0.0
old-holland-2-4-7,7,pure,True,5.379176911490105e-17,2.8427081477297354e-17,1.1102230246251565e-16,0.0,5.379176911490105e-17,2.8427081477297354e-17,1.1102230246251565e-16,0.0,5.379176911490105e-17,2.8427081477297354e-17,1.1102230246251565e-16,0.0,5.379176911490105e-17,2.8427081477297354e-17,1.1102230246251565e-16,0.0
old-holland-2-4-7,8,white_tint,True,0.01973901817208008,0.017295657114776763,0.03302253049136916,1.7979549147995726,0.010446803413077039,0.009364987974689161,0.01739286042040339,0.9530046964694698,0.013130112567789272,0.012240764014593983,0.019062962398572927,1.3501872456647526,0.008874307583279112,0.008382021564081736,0.01313173247801279,0.9968715287560086
old-holland-2-4-7,9,white_tint,True,0.010895645535328015,0.00962425806645028,0.021301070743956152,0.8454442144410139,0.005735749350892183,0.004742269206363346,0.01112379237278055,0.12090476135871393,0.005492224377710239,0.0047746955811181005,0.009623608904502645,0.3787349328139163,0.0035996671320904067,0.0028616073259118157,0.006493893158045494,0.17416895356259235
old-holland-2-4-7,10,white_tint,True,0.009060320975670803,0.00831008906148302,0.015097425145323862,0.8720255945572127,0.005499998917625598,0.004893506317633359,0.009208457073794696,0.42664573872428546,0.007108724762667833,0.006051748822556819,0.012952849492163965,0.5040221207231422,0.004844567484932403,0.004392855935398925,0.0074413418400860465,0.33178398247169516
old-holland-2-4-7,11,white_tint,True,0.01479697277692564,0.01370261750524748,0.021555717217466352,1.0802231736929786,0.016468244956485637,0.015293226471476675,0.022473477480393245,1.1675677377908613,0.014764306080600446,0.01395105676045968,0.021866064629332937,1.0642658236582454,0.016610797565231553,0.0155079796380504,0.023844851312084137,1.1801270923086593
old-holland-2-4-7,12,white_tint,True,0.01723307863087084,0.014525162625596423,0.028689500008752034,0.8670659738017205,0.01745509885248962,0.014783494844429994,0.02822192583216543,0.8672147043203245,0.01741371469234612,0.014862840610557733,0.0274232688690621,0.8371698339523314,0.017527876989502044,0.014944232649914896,0.027533848446783638,0.8474676593630438
old-holland-2-4-7,20,pure,True,1.7403103615389775e-17,6.4912233294616e-18,5.551115123125783e-17,0.0,1.7403103615389775e-17,6.4912233294616e-18,5.551115123125783e-17,0.0,1.7358422916209957e-17,6.267388042238787e-18,5.551115123125783e-17,0.0,1.7358422916209957e-17,6.267388042238787e-18,5.551115123125783e-17,0.0
old-holland-2-4-7,21,white_tint,True,0.02296033279441283,0.01580005182870357,0.06138937724285806,2.5746024677384107,0.014170021232903448,0.008417164284292568,0.04211364134851617,1.7439068406863367,0.023535755620455165,0.016497132300309216,0.06282835224463715,2.6215921880382633,0.01395140476108596,0.008134982925533525,0.0424178483619598,1.745516611755318
old-holland-2-4-7,22,white_tint,True,0.024443472380704247,0.020071385337780193,0.061304372282380615,2.542290233190407,0.00900973438929409,0.007455582079848673,0.023026800890002197,1.3657563618918966,0.026029887480687616,0.021362938192516896,0.0640941971313149,2.6042935264466096,0.009462995532208125,0.007883316946092974,0.024061135732695194,1.3970014030496845
old-holland-2-4-7,23,white_tint,True,0.02294476709830471,0.01923677229229009,0.04442797326327219,1.8778988003834864,0.025671980982095447,0.020357018607650358,0.05312560793520105,1.524808008457831,0.02230730940242382,0.019072099584574165,0.04245767696213276,2.0121984036918064,0.025001290082897316,0.02018281461226189,0.051733619131784425,1.5975897487258544
old-holland-2-4-7,24,white_tint,True,0.028184311258896356,0.022474586583178125,0.048223935726522504,1.3523272401313118,0.03182470988423887,0.028218667204322676,0.05198351818575375,1.4120011266806316,0.027297711957046236,0.022031352989116033,0.04677963691495912,1.4156250993374604,0.031021671455244655,0.027195742249579213,0.05079222388577942,1.4310170980419352
old-holland-2-4-7,25,white_tint,True,0.04608282385056272,0.04351772218927174,0.068408650660163,1.6766906946440243,0.04735198537327052,0.045084181709758205,0.06848127336849974,1.7447306113392012,0.045221125427190145,0.04259947174994182,0.06713257119890603,1.569322149761678,0.04653817771210075,0.04422495508861712,0.0673119079073855,1.6370896610941523
old-holland-2-4-7,27,white_tint,True,0.029398848203419602,0.027363410845425217,0.05784089880466342,3.876549243206062,0.010451751900075216,0.009205298948803876,0.025652173028978764,0.9815635156880962,0.03071939045251882,0.028826994938204325,0.061167685467594324,3.970794803309779,0.011193652449970842,0.009671554675731721,0.02778862015104916,0.9424627245100119
old-holland-2-4-7,28,white_tint,True,0.03422626767619337,0.029964810487016033,0.04749374249551616,4.402031764778546,0.01949044694578853,0.017542627226521803,0.028606246471235414,2.6038657380866574,0.03521272216592513,0.031395145773482805,0.051012128143338276,4.558823277755707,0.01992271806799522,0.01802660715375994,0.0309436343233076,2.697418801018464
old-holland-2-4-7,29,white_tint,True,0.03832700759106469,0.02983276575670533,0.07421898342740207,2.328528390319373,0.038825386806575345,0.027914042976836532,0.07478157585508916,1.8761987597962706,0.037675663876254366,0.02977443807857258,0.06848719561969718,2.439483841399381,0.03819607210117657,0.027762915573159942,0.0699111191452344,1.9445701666497162
old-holland-2-4-7,30,white_tint,True,0.04703701405500953,0.04550627441157782,0.06477487002101379,1.769549093973595,0.04880618522872032,0.047534657278803454,0.06486914159849355,1.8818456512768564,0.046101038131520757,0.04451817641164042,0.06317982746466344,1.6638111675466896,0.04793582065816434,0.04662292326223699,0.06341321833229319,1.7777292290087425
old-holland-2-4-7,46,pure,True,6.565093171632399e-18,4.3647881008448694e-18,2.0816681711721685e-17,0.0,6.565093171632399e-18,4.3647881008448694e-18,2.0816681711721685e-17,0.0,6.565093171632399e-18,4.3647881008448694e-18,2.0816681711721685e-17,0.0,6.565093171632399e-18,4.3647881008448694e-18,2.0816681711721685e-17,0.0
old-holland-2-4-7,47,white_tint,True,0.019428403995320094,0.018552394932450728,0.030053105355690862,3.553067674625197,0.017551438946323522,0.01636186643600575,0.027932154604574044,3.0397699096782724,0.019595701343278548,0.018637348995641862,0.03106900667039028,3.6338020563023727,0.017687441301786122,0.016465802042829734,0.028387737079199477,3.099952724859315
old-holland-2-4-7,48,white_tint,True,0.02522853958250334,0.024084781782457612,0.03820478299168989,4.158841934192542,0.02075884829642263,0.0188843398746134,0.030796006205246612,3.1214135930944855,0.025500434602483316,0.024209732446831892,0.04025242566987236,4.2685810007540645,0.020945094978013366,0.01904765078921027,0.032883496773077336,3.184943789920714
old-holland-2-4-7,49,white_tint,True,0.03600482600838136,0.033295729161595074,0.05706719652199027,4.147356892289134,0.019572070536726657,0.017902446178082957,0.029159065222536695,2.28649034556264,0.03585256223277709,0.03332317546837408,0.0543729604285845,4.159202200250057,0.019641271010762757,0.018137339632786666,0.028960662977473406,2.2151709508048114
old-holland-2-4-7,50,white_tint,True,0.030699392558461245,0.024943868786994696,0.04665308368263818,2.9862064153689607,0.014536248488079502,0.011915128735000615,0.029048304203108444,2.0700770854594897,0.029456105339588225,0.023921097515743443,0.04422599301865737,2.847394343702202,0.013919710726259827,0.011517093044520109,0.02792287521641801,1.9194846254346998
old-holland-2-4-7,51,white_tint,True,0.025556186673345034,0.023340914060321096,0.043123425348316924,2.1938232276512784,0.027975666133286777,0.0238672128948471,0.05034015991020868,2.0619515165760536,0.024489766340748995,0.022003858751569457,0.040428096478945075,2.0224062697707264,0.027766474868698116,0.024155872772526985,0.04773991576926717,1.9477783805672833
old-holland-2-4-7,52,white_tint,True,0.02759085026527014,0.024667821396269215,0.045102760396256825,1.550649173455232,0.032268339260907906,0.0309644812248903,0.04903939257112666,1.6050934760664517,0.02781318660882265,0.025484431151014238,0.04266551571978028,1.4397611583105017,0.032667633168096,0.03157423065570363,0.04716538223897393,1.5494258981651088
old-holland-2-4-7,53,white_tint,True,0.046469012625471,0.03980737538996948,0.06737801369454666,2.989111265069931,0.04791994395698165,0.04090262783099082,0.07000092789822254,3.095024679964619,0.04743627782554179,0.04044210211494786,0.07034893949942411,3.106119796152103,0.04882107127546988,0.041498210679054556,0.07238973508037116,3.2074408039085736
old-holland-2-4-7,92,chromatic_binary,False,0.015950885407750314,0.0135075825567496,0.036573809769008175,6.472891650227524,0.010243803398590552,0.008766352748224184,0.02221982496619801,3.803600527847043,0.03887799088962754,0.028051652434437496,0.09320541094241294,8.63772502533547,0.019665809634444854,0.017303871683994988,0.04761531784025269,4.406930105032781
old-holland-2-4-7,93,chromatic_binary,False,0.01357191869844288,0.010388554763240932,0.028549112506963847,4.051197892644948,0.013122346572569533,0.009526495122160621,0.025087597630950143,3.178166566704669,0.04171266899146522,0.028419417923096983,0.10503967340404274,9.056720112447227,0.03113935413223806,0.020109761651468765,0.08371928735682432,5.945423558457043
old-holland-2-4-7,104,chromatic_binary,False,0.026860313550437918,0.023399573996345863,0.04714028642769619,5.185455058989987,0.016862532450520083,0.014460467855704389,0.027833920366295145,3.4295498192697527,0.04371212060060042,0.0335633519335943,0.08732920316742004,9.564940812046496,0.02989604433997091,0.025515216890132284,0.049683841201736995,6.216908317907338
old-holland-2-4-7,105,chromatic_binary,False,0.014396278614128597,0.011020430436144152,0.029243108542186147,1.3942998097917918,0.021395517192539883,0.0161690165485913,0.03769643103959819,1.9570840029087253,0.06565178965344692,0.03800721455960825,0.22130254741132044,2.8419410045304456,0.044746122431822195,0.02701071966279884,0.1499593246487571,2.583057713248995
old-holland-2-4-7,152,chromatic_binary,False,0.018574998729913767,0.011619029940935596,0.06256785259331545,3.9902249414738487,0.005890742381268181,0.003289273520551108,0.02112319552643493,0.5890635413263496,0.02065325556025902,0.012321006652526102,0.07501209706526633,4.079778187720706,0.006340758473266594,0.0033072277682289317,0.025152311428237425,0.5528370513238079
old-holland-2-5-7,1,pure,True,7.258340236917172e-17,4.8348422040127785e-17,1.1102230246251565e-16,0.0,7.258340236917172e-17,4.8348422040127785e-17,1.1102230246251565e-16,0.0,7.258340236917172e-17,4.8348422040127785e-17,1.1102230246251565e-16,0.0,7.258340236917172e-17,4.8348422040127785e-17,1.1102230246251565e-16,0.0
old-holland-2-5-7,7,pure,True,5.379176911490105e-17,2.8427081477297354e-17,1.1102230246251565e-16,0.0,5.379176911490105e-17,2.8427081477297354e-17,1.1102230246251565e-16,0.0,5.379176911490105e-17,2.8427081477297354e-17,1.1102230246251565e-16,0.0,5.379176911490105e-17,2.8427081477297354e-17,1.1102230246251565e-16,0.0
old-holland-2-5-7,8,white_tint,True,0.01826996483370063,0.01615564179752161,0.030289495030549562,1.7309599332026198,0.010245187506477769,0.00930543873004178,0.016260090491307944,0.9642700772706692,0.013129459744797936,0.012239308283305484,0.019063460695079554,1.3501028904763759,0.00885509622707661,0.008362481281611609,0.013119324694785162,0.9950982805275932
old-holland-2-5-7,9,white_tint,True,0.009612664157679997,0.008650485745823708,0.01802908159119143,0.7771472847409746,0.005331005878771184,0.004428293388728478,0.010070192729174032,0.1456832178471973,0.0054918708968783704,0.004777349019256942,0.00962180124704573,0.3786897576464108,0.003606894342214215,0.0028590669241044713,0.0065065556449733775,0.174480788062692
old-holland-2-5-7,10,white_tint,True,0.008436376771005914,0.007637311153094752,0.012971547984698323,0.823262082865688,0.005344710846358775,0.004874783842948542,0.008345770208076142,0.4262941511486493,0.007109100474315155,0.006053627083705411,0.012950148875588291,0.5040000639698609,0.004842461929803068,0.0043885969192620075,0.007447604502338723,0.3312949199875222
old-holland-2-5-7,11,white_tint,True,0.014993201260070999,0.013974414717894254,0.021781276100060476,1.094172207277199,0.016627823822119386,0.015455796422069075,0.022688902039525227,1.1827170478412046,0.014764410892304685,0.013950898462310594,0.021854884057270985,1.0642781563006198,0.016618372754375856,0.015514085181152708,0.023841885166145937,1.1806650290955478
old-holland-2-5-7,12,white_tint,True,0.017312389545119003,0.014605169187335346,0.028661474846739088,0.8686192467336876,0.017502193393264844,0.014825337742325787,0.02820328561663643,0.8697270381204726,0.01741379078128576,0.014863191489774821,0.027417527221690552,0.8371862240687786,0.01752840468373062,0.014944875208107992,0.02752767785281185,0.8475390971310115
old-holland-2-5-7,31,pure,True,9.491249653201783e-18,4.252870457233463e-18,2.7755575615628914e-17,0.0,9.491249653201783e-18,4.252870457233463e-18,2.7755575615628914e-17,0.0,9.491249653201783e-18,4.252870457233463e-18,2.7755575615628914e-17,0.0,9.491249653201783e-18,4.252870457233463e-18,2.7755575615628914e-17,0.0
old-holland-2-5-7,32,white_tint,True,0.039828276026597796,0.03802185142058036,0.06535303859616282,5.856032567504386,0.03660226442924124,0.035705727623578994,0.05057839330351238,5.11152446713748,0.04017152400208152,0.0383331183697033,0.06498964773305183,5.9033398121427565,0.03665109256350278,0.03574972694418107,0.05067825169574475,5.133648740788822
old-holland-2-5-7,33,white_tint,True,0.029506224507372104,0.02621502642601057,0.05393856074590547,3.6577479230940817,0.01437509210971233,0.011474011989105769,0.026709421492192215,1.9722500245407288,0.02973462946772938,0.026513879482454008,0.05299098721414297,3.7340795822442603,0.014400570429321965,0.011633193913471436,0.02802762479030016,2.0148889061725166
old-holland-2-5-7,34,white_tint,True,0.022448590362306894,0.020868835756416883,0.03219022040362718,2.428416232895208,0.01825059135211085,0.013402473172932371,0.039501599077432226,1.5967901794237642,0.02234108962263503,0.02085512729132777,0.030449551496251698,2.4044915964045046,0.018406333557432795,0.013644777594650527,0.04088858219786928,1.5389931137643542
old-holland-2-5-7,35,white_tint,True,0.026617437535326582,0.02382333414675283,0.0460831022393704,1.6729133493861414,0.026085861781931265,0.02147554467633567,0.04765068977799436,1.3842625918050742,0.026397145775924766,0.023767134209327075,0.043020194322878624,1.6374230505759564,0.02597941934823037,0.021288412966995907,0.045130263594174935,1.3113612672663084
old-holland-2-5-7,36,white_tint,True,0.02943550338098459,0.024375748312027927,0.05972063757005741,2.437870466839036,0.03339590251263683,0.027961272492765595,0.06025741345396962,2.7895191394383434,0.029103685084090055,0.024050151272462794,0.058033980610320834,2.3292255184053374,0.03313952172829437,0.02770547530344454,0.058912881936066586,2.68797919030641
old-holland-2-5-7,37,white_tint,True,0.032128619968407414,0.02688067977647099,0.04889879349844639,2.7402854604344085,0.03297169772579389,0.0275744166826785,0.04898829698226048,2.8483076404569396,0.03196580786250479,0.026717422362812243,0.04845002223102923,2.7062345460671833,0.03281644975513243,0.02741268038449194,0.048569366543403714,2.814021600255387
old-holland-2-5-7,46,pure,True,6.565093171632399e-18,4.3647881008448694e-18,2.0816681711721685e-17,0.0,6.565093171632399e-18,4.3647881008448694e-18,2.0816681711721685e-17,0.0,6.65321917080045e-18,4.476705744456276e-18,2.0816681711721685e-17,0.0,6.65321917080045e-18,4.476705744456276e-18,2.0816681711721685e-17,0.0
old-holland-2-5-7,47,white_tint,True,0.01934299730783834,0.018455073733957363,0.03003423531572963,3.5071257634084123,0.017610412019561004,0.016423765627007664,0.0281410717943589,3.0483916621471643,0.019595565555080515,0.018637254080171303,0.031069977505757296,3.633760210610626,0.017689010605914816,0.01646356124873368,0.02839802935600902,3.099058574392016
old-holland-2-5-7,48,white_tint,True,0.025025952431754338,0.023877668879450205,0.03762747431459887,4.079523529464753,0.020895485855157943,0.019053641532057387,0.03138410549852155,3.1478113519499518,0.025500234085369698,0.024209578279720707,0.04025185106647958,4.268524216907414,0.020950060949135988,0.019042345468754843,0.032885314275612615,3.183420882238957
old-holland-2-5-7,49,white_tint,True,0.03517042122822052,0.03266528729857204,0.0559707425989982,3.9922965061582185,0.019841573554682926,0.018372775559906216,0.029763494700278365,2.2771418053461594,0.03585246579184537,0.03332297281559035,0.05437789862642439,4.1591847056580455,0.01961991623100451,0.018114083639884142,0.028848344017176675,2.210343227839951
old-holland-2-5-7,50,white_tint,True,0.02919646943047992,0.02381231594806262,0.04397513298762795,2.8258125802871783,0.014210783673273686,0.011752503833582558,0.02809555270998365,2.003645015669988,0.029456295042938598,0.023921863422290614,0.04421835747468844,2.847443568905924,0.01386637213600228,0.011475675362609619,0.027883967159881173,1.9170395360329753
old-holland-2-5-7,51,white_tint,True,0.025136119585723343,0.02253758608013233,0.04328922846975458,2.1002764007645354,0.028171004844727034,0.02438903397061297,0.04976484280465543,2.0390655631352606,0.024490101791764345,0.022004330873857347,0.0404265687658969,2.0224840842868748,0.027771533895241375,0.024184653898837075,0.047738156398407505,1.948183440377445
old-holland-2-5-7,52,white_tint,True,0.028526248674077655,0.026157289145830372,0.045777212422007496,1.5288741703840223,0.03315748711914169,0.031992495732571166,0.04990613589459558,1.6289298031426391,0.02781331099455973,0.025484336559945853,0.042666964218718184,1.4398208653991713,0.032678626339489404,0.03158919654486237,0.04717953233684957,1.5502162296471338
old-holland-2-5-7,53,white_tint,True,0.04782354454969307,0.04079403810797782,0.06894191625785617,3.142489136161832,0.04916053791986298,0.04180589245792542,0.07136885206028853,3.238842451442066,0.04743612596298707,0.04044200001658433,0.07034291711827478,3.106072718510935,0.048825062460918965,0.041500843643764766,0.07237728476797156,3.20802677345175
old-holland-2-5-7,96,chromatic_binary,False,0.025590289286092374,0.020451730547153695,0.042233556588580606,5.7861833037234,0.016380446700676402,0.012592033306482578,0.02666782041865076,3.873270760065702,0.04276344230004019,0.03196562029969304,0.09242460805831798,8.800866449298455,0.023503361217439633,0.019200179698912224,0.038232331445089,6.314921121057706
old-holland-2-5-7,97,chromatic_binary,False,0.01628553740678639,0.013160017910438204,0.03904151392445976,0.990763178729231,0.02203752044770026,0.0185261222471931,0.04715199271529413,1.4883540126256942,0.04507836280868456,0.03270804231639909,0.10443945708389402,3.677456993377092,0.03563065689442978,0.026590705125135287,0.09038572514703591,3.0463128219762083
old-holland-2-5-7,104,chromatic_binary,False,0.028532549603415308,0.024799427825253576,0.04520465750293856,5.795058848588142,0.016136373310910983,0.013350865734983432,0.027091909615991117,3.232872803929434,0.04374245226019447,0.03357783574008528,0.08732333058749528,9.56581716636447,0.029774841774488692,0.02545015249059614,0.04931603488343883,6.135299041295781
old-holland-2-5-7,105,chromatic_binary,False,0.011076249784792923,0.008292387939272807,0.02684411469353687,0.7476352370751518,0.019726333674111897,0.014747091847512602,0.03925638542714088,1.598202110567617,0.06568771683077895,0.03801659350317199,0.22177148795671203,2.841980127519342,0.04475791758138663,0.027033350872269917,0.15044011258394335,2.563457561017549
old-holland-2-5-7,158,chromatic_binary,False,0.0044765856126813604,0.003931860124467743,0.008755099982929941,0.6943027543213959,0.001337403262252036,0.0009104472867125123,0.0032766879294206935,0.1112020019116864,0.0046054913382097004,0.004009305030685627,0.010274771430122641,0.6989445417258703,0.0013496422259294642,0.0009021544794560484,0.0034047786755211917,0.0856812368171798
old-holland-2-6-7,1,pure,True,7.258340236917172e-17,4.8348422040127785e-17,1.1102230246251565e-16,0.0,7.258340236917172e-17,4.8348422040127785e-17,1.1102230246251565e-16,0.0,7.258340236917172e-17,4.8348422040127785e-17,1.1102230246251565e-16,0.0,7.258340236917172e-17,4.8348422040127785e-17,1.1102230246251565e-16,0.0
old-holland-2-6-7,7,pure,True,5.379176911490105e-17,2.8427081477297354e-17,1.1102230246251565e-16,0.0,5.379176911490105e-17,2.8427081477297354e-17,1.1102230246251565e-16,0.0,5.379176911490105e-17,2.8427081477297354e-17,1.1102230246251565e-16,0.0,5.379176911490105e-17,2.8427081477297354e-17,1.1102230246251565e-16,0.0
old-holland-2-6-7,8,white_tint,True,0.021700129577006,0.019042418502152963,0.03790514739844397,1.9092551947044116,0.010544817534759585,0.009292707461844992,0.01945381471471827,0.9553690443133211,0.013129678158923,0.012239795381747583,0.019063291742411406,1.350131029411214,0.008873827198712839,0.008381172539512762,0.013134757822950885,0.9968687581238916
old-holland-2-6-7,9,white_tint,True,0.012520609431360748,0.010506769225499413,0.02643008235023747,0.9934646576466181,0.006066361797256175,0.005081984871621118,0.0125623498771259,0.17523996319424553,0.005491987928023283,0.004776444540613544,0.009622411851315515,0.3787048483004287,0.003599169406266895,0.0028607996980072074,0.006488731019072103,0.17412704108738133
old-holland-2-6-7,10,white_tint,True,0.009913161699572598,0.00881173531786632,0.019340739794939776,0.9898885710620546,0.005860847078459137,0.005219018965625553,0.011799398091105417,0.5005561769201772,0.00710897328164552,0.0060529711555374075,0.012951061112359219,0.504007457032655,0.004844944638366632,0.004392654534001977,0.007438352808748938,0.3317962126068738
old-holland-2-6-7,11,white_tint,True,0.014979481694626682,0.013728233931158865,0.022568613061285547,1.117719997465185,0.016558001595340117,0.01533025257670641,0.0228728748877971,1.1868330144377002,0.014764376784754849,0.013950953073108605,0.0218586376139715,1.0642740496786753,0.016610780491818647,0.015507840405392201,0.02383735707137019,1.1801217101071275
old-holland-2-6-7,12,white_tint,True,0.017072062623555363,0.014339594653774788,0.02858839150711423,0.8861405833589838,0.01737092615160386,0.014673062320035134,0.028205270349981548,0.88498135328246,0.017413766302215607,0.014863075347226092,0.027419518182502878,0.8371807627541099,0.01752793833242619,0.014944474068388015,0.02753030356150088,0.8474770861117976
old-holland-2-6-7,38,pure,True,4.536462648073233e-18,3.0217763775079866e-18,1.3877787807814457e-17,0.0,4.536462648073233e-18,3.0217763775079866e-18,1.3877787807814457e-17,0.0,4.536462648073233e-18,3.0217763775079866e-18,1.3877787807814457e-17,0.0,4.536462648073233e-18,3.0217763775079866e-18,1.3877787807814457e-17,0.0
old-holland-2-6-7,39,white_tint,True,0.008304075260169992,0.006327335195715252,0.016158946202410415,2.1513283037719906,0.0076329203038211346,0.006402837061146453,0.015164588181488248,2.1663570245261226,0.008427318989529576,0.00635637802413823,0.017041262340340792,2.2172569077007354,0.007605380893614951,0.006494358853430138,0.014600568253376023,2.225942806803441
old-holland-2-6-7,40,white_tint,True,0.025882627384465506,0.022727667241264276,0.04891177787085696,4.661622156408005,0.02409663663007961,0.019676466509575326,0.04577248260065289,4.131932849642885,0.026467982086889975,0.02342903925060712,0.049022841754632576,4.837489967915747,0.023779102846695307,0.01907510067101159,0.04430379043083871,4.115706124429426
old-holland-2-6-7,41,white_tint,True,0.028771599225707403,0.025614309281156874,0.056585393903264614,4.008561809702314,0.014825817552944567,0.012006098212093535,0.032536372326032126,2.534353895031575,0.03139192197986309,0.02776859407754487,0.06209092382838419,4.407597308822211,0.013321852642632309,0.010142699902230384,0.031084163632878636,2.434028628115707
old-holland-2-6-7,42,white_tint,True,0.02688330500834298,0.0240543013225787,0.03781623787494423,2.9661904527085965,0.01201707784171747,0.00963183363292945,0.02812038042666365,1.2167441722218408,0.031741000116180376,0.028122420976851338,0.04403463375359179,3.5116348204700043,0.012355350626414446,0.009506523188818637,0.03045625777035721,1.1702999986664575
old-holland-2-6-7,43,white_tint,True,0.01901585685075635,0.016317148054285607,0.031614595453475114,2.6474258774976636,0.015563367155145167,0.011285922363978504,0.03472579113805574,1.948735492843149,0.023910439130393,0.020171642921840326,0.03785261429313569,3.083486877502199,0.015916479288908644,0.012009146002385236,0.036579206313239965,2.0184061875543615
old-holland-2-6-7,44,white_tint,True,0.02400015560609794,0.019565973900142846,0.051837918556793094,3.22176187198442,0.02971914972108268,0.025419276787608542,0.05850676765398788,3.4023368585897145,0.019629219073753847,0.014281037522611346,0.04506346540996553,3.0810412312409317,0.025984566956431178,0.02163561233756231,0.05379035336311533,3.218155604942277
old-holland-2-6-7,45,white_tint,True,0.07095948293299145,0.06797490629455658,0.08719693536228734,3.898752887222983,0.07213684110006602,0.06894609771661209,0.0884532940642746,4.006941906214594,0.066252189589565,0.06397485546022078,0.0834372060136489,3.4711865475070316,0.0678236505307527,0.06530652176205057,0.08468556711858055,3.6089559519388668
old-holland-2-6-7,46,pure,True,7.022330495795052e-18,4.8124586752904974e-18,2.0816681711721685e-17,0.0,7.022330495795052e-18,4.8124586752904974e-18,2.0816681711721685e-17,0.0,6.682336242827358e-18,4.588623388067683e-18,2.0816681711721685e-17,0.0,6.682336242827358e-18,4.588623388067683e-18,2.0816681711721685e-17,0.0
old-holland-2-6-7,47,white_tint,True,0.019617635193062654,0.018754606516448603,0.030110275274917386,3.623481133076253,0.017486650051978466,0.016260030427614702,0.027699307045630756,3.029312644236354,0.019595610814380285,0.018637285689433406,0.031069647436385545,3.6337741649803608,0.01768737094049511,0.01646576093887471,0.028388417006813493,3.0999311202951594
old-holland-2-6-7,48,white_tint,True,0.025641833191079006,0.024501422061361862,0.03924443765275515,4.2766259840820915,0.02058176997221314,0.01858105894477492,0.03069971696321272,3.0831446453767417,0.02550030092688872,0.02420962962012826,0.04025204463710333,4.268543151859839,0.02094501349377716,0.019047602211810743,0.032883174455388686,3.184922520796371
old-holland-2-6-7,49,white_tint,True,0.03747314885583443,0.034488327843406996,0.05861697696922907,4.349036519778674,0.01888559785609404,0.016959362263349556,0.029564308505032583,2.245469312357609,0.0358524979864554,0.033323040331798996,0.054376248912149566,4.159190540322754,0.01964144040556886,0.018137361466935852,0.028960064907952776,2.2152288205816983
old-holland-2-6-7,50,white_tint,True,0.0333543964760477,0.026876070399868352,0.05063742028962401,3.1809814871556115,0.014620938591104164,0.012008019480298183,0.03027222471126645,2.1061708931597023,0.02945623175332522,0.023921607845498565,0.044220929868358044,2.8474271552805592,0.013920197866573007,0.011517822817276811,0.027921417350819766,1.9195767479232244
old-holland-2-6-7,51,white_tint,True,0.02677541624645103,0.025075804909453967,0.042385250301235744,2.3202098956269084,0.02764349633182499,0.023102624867611058,0.05066816480245273,2.0833907184730105,0.02448998970479863,0.022004173408442813,0.04042708816824525,2.0224581356928337,0.027766614558113942,0.024155759120577994,0.04774032144093754,1.9478396204399884
old-holland-2-6-7,52,white_tint,True,0.026401760731065784,0.02265307737685676,0.04387384158903873,1.6136887500058394,0.030842747763837785,0.029082990733065396,0.04802032001304157,1.5965715325220442,0.02781326931431263,0.02548436807474442,0.04266647923931266,1.439800953778838,0.032667642981826825,0.031574117423863395,0.04716480490399966,1.54945597946371
old-holland-2-6-7,53,white_tint,True,0.04386413037292479,0.03791362562592142,0.06501969335604285,2.7892767356548234,0.045533875555471025,0.03917726174809399,0.06763708449973804,2.9126743515479414,0.047436176570598655,0.04044203406267363,0.07034492907272549,3.106088418268004,0.048820962358109,0.041498133886845555,0.07238574638001471,3.2074090074960777
old-holland-2-6-7,100,chromatic_binary,False,0.02299411433426005,0.019038826709334017,0.044092104135949495,5.052010178756484,0.004695935962180458,0.0035108557482432163,0.012795871036594159,1.066049995293047,0.038708986158467545,0.029556915526379048,0.09753735490027854,10.377911213313242,0.02038747971934294,0.017936059303948693,0.03995475104700716,6.199640736588912
old-holland-2-6-7,101,chromatic_binary,False,0.014317959891635137,0.010880884878913354,0.027685948103508773,1.680514442026527,0.007199433744802831,0.004858187440481424,0.023525847312751313,0.4657468872306755,0.07463815065491743,0.05285633591913611,0.15190174947034396,9.043213655978706,0.05832238440659086,0.04162620432152711,0.12136200561849475,7.527432039349911
old-holland-2-6-7,104,chromatic_binary,False,0.02160953149269761,0.019264020320764626,0.035792300850819664,4.346512873575608,0.02097191844261981,0.017614908984932426,0.04012572281901661,4.024394206906186,0.04373206010027464,0.033572969428281134,0.08732562134032354,9.565524676814029,0.029892688315937305,0.02551230510074738,0.04968487571418677,6.216896347244226
old-holland-2-6-7,105,chromatic_binary,False,0.025753382532903633,0.01991054190542425,0.04215597426752027,2.251052561153728,0.025446592960344936,0.0194214030692729,0.04246608873168184,2.225365795806411,0.06567556993463387,0.03801345565232285,0.22160897578186006,2.8419681897821105,0.044770066054573746,0.027014435642350617,0.15027347976822042,2.5828605273070657
old-holland-2-6-7,161,chromatic_binary,False,0.0012314611934083346,0.0011252855208652977,0.0021359704013942694,0.7440161993648018,0.001061387108294869,0.0008963420434869766,0.001959498526459935,0.5524657737437847,0.0011750394653344469,0.001080485137340716,0.0019990904515903643,0.6806619262172815,0.0010492992662094346,0.0008809525049880969,0.0019307728577737174,0.5086138706974962
old-holland-2-6-7,162,chromatic_binary,False,0.005589979189526762,0.005573103874693952,0.0061679008947428775,2.07393730217191,0.004203937911097517,0.004176943554458956,0.004925906679994648,1.783591204501461,0.00556427254413872,0.00554721667940881,0.006158368529404816,2.0487520921114637,0.004202580762874133,0.004175825022226589,0.004907145064126598,1.7702569088550333
old-holland-2-6-7,163,chromatic_binary,False,0.0006076678774828014,0.0005234314447119234,0.0015441175818260086,0.6788740976949627,0.001506214473103076,0.001294805620721174,0.0036936880692017005,0.8387328851069789,0.0006062485995556004,0.0005051951216262419,0.00158764588337839,0.756735668611485,0.0015285073077159035,0.0013182521806701416,0.003692906923541621,0.909792087796226
old-holland-3-4-5,1,pure,True,7.258340236917172e-17,4.8348422040127785e-17,1.1102230246251565e-16,0.0,7.258340236917172e-17,4.8348422040127785e-17,1.1102230246251565e-16,0.0,7.258340236917172e-17,4.8348422040127785e-17,1.1102230246251565e-16,0.0,7.258340236917172e-17,4.8348422040127785e-17,1.1102230246251565e-16,0.0
old-holland-3-4-5,13,pure,True,2.3013707539344673e-17,7.386564478352856e-18,1.1102230246251565e-16,8.828579614359399e-15,2.3013707539344673e-17,7.386564478352856e-18,1.1102230246251565e-16,8.828579614359399e-15,2.3148291771671806e-17,7.834235052798484e-18,1.1102230246251565e-16,8.828579614359399e-15,2.3148291771671806e-17,7.834235052798484e-18,1.1102230246251565e-16,8.828579614359399e-15
old-holland-3-4-5,14,white_tint,True,0.02431035295700146,0.017764258355179384,0.059205775691090035,1.5859315953582052,0.02121222420173657,0.013994110339179877,0.0597631415882896,1.7403821335790968,0.0252462331744421,0.018859356171314717,0.0606157168476551,2.1634106374830107,0.021867680764539908,0.016822713595562977,0.05152910069516464,1.659316317001067
old-holland-3-4-5,15,white_tint,True,0.026744182562630357,0.0245191369584574,0.04621623932679883,1.9484186938988253,0.016601538745924904,0.012457070187411004,0.03858092281650005,1.0405623840420049,0.02072985034132258,0.01824887075377203,0.04671903234481595,2.018621203096774,0.012830864757940787,0.010496701646377561,0.032541301333671224,0.974777759723658
old-holland-3-4-5,16,white_tint,True,0.03207443754201497,0.02830854569584155,0.05207775845556484,1.742077743258485,0.01713561879322479,0.013579447539727662,0.03306344349018098,0.9875632788750117,0.02158029392860002,0.020235777861966127,0.031179295289856773,1.603530470338301,0.01830564473055773,0.015379428843897367,0.034598668210134687,1.017329203819825
old-holland-3-4-5,17,white_tint,True,0.03298004392796981,0.026754952845700012,0.05278452771438469,1.4567920183928789,0.02767493636488698,0.022925050016997142,0.04438724977751818,1.3039768154279574,0.02616230040685812,0.022182087717480273,0.043451764298664375,1.3359821044284028,0.0278167174433104,0.023108458241844362,0.04905821217614448,1.2835820208489848
old-holland-3-4-5,18,white_tint,True,0.03559456102615767,0.03276105679278489,0.05017860716408207,1.276323159389423,0.035643590040695276,0.03406602145807644,0.05121663746634597,1.3491287094484135,0.03289128036132645,0.03062816917172661,0.049430734261302844,1.226415641491931,0.035143652999570965,0.0334882495387523,0.05226323152199153,1.3312651067952301
old-holland-3-4-5,19,white_tint,True,0.016725759722629963,0.015466145045837822,0.02925678626491579,2.080624296461953,0.016930254855011255,0.015553107504571355,0.029636944827311273,2.1164718572207732,0.016298678176063505,0.014957735690583012,0.02892765731215996,2.068104691808948,0.016706540724189214,0.015326575746160491,0.029502964075347027,2.09705193406726
old-holland-3-4-5,20,pure,True,1.425050480794116e-17,4.588623388067683e-18,5.551115123125783e-17,0.0,1.425050480794116e-17,4.588623388067683e-18,5.551115123125783e-17,0.0,1.42095745994967e-17,4.476705744456276e-18,5.551115123125783e-17,0.0,1.42095745994967e-17,4.476705744456276e-18,5.551115123125783e-17,0.0
old-holland-3-4-5,21,white_tint,True,0.02630829135951344,0.018641449683169765,0.06635453205681316,2.7850591298301066,0.014088848131958917,0.008321916561999725,0.042770379686067644,1.7490835162675966,0.023535755431752077,0.016497132185013377,0.06282835185581323,2.6215921751397957,0.013951404808534115,0.008134983206494518,0.0424178479620303,1.7455166808408031
old-holland-3-4-5,22,white_tint,True,0.031195068669623204,0.02506405428767704,0.0661796910564364,2.756567895903532,0.008735152402825998,0.00724263979889977,0.021143883988004097,1.4449886091771984,0.02602988722551013,0.021362938009335617,0.06409419696459595,2.6042935150729223,0.009462996150472193,0.007883317845250691,0.024061135033960013,1.3970016172996917
old-holland-3-4-5,23,white_tint,True,0.019451365734790713,0.016985200483895,0.03746139245795854,1.9844726890506452,0.022994678985141362,0.018733249904629292,0.048362579671358485,1.5583451185796484,0.022307309567775664,0.019072099686727167,0.04245767749974749,2.0121984068230545,0.025001290013573027,0.020182814366607914,0.05173361964960843,1.5975896931290166
old-holland-3-4-5,24,white_tint,True,0.02509700067979475,0.020562977895082112,0.04310445034949095,1.376227690318346,0.029434813627814176,0.026040684917729522,0.04793786246306875,1.4002121640025194,0.027297712068976233,0.02203135305918117,0.046779637309439015,1.4156251029066031,0.03102167152041854,0.027195742384267214,0.05079222427108421,1.4310170834867524
old-holland-3-4-5,25,white_tint,True,0.044433319089545745,0.041991084303822486,0.06468924675880583,1.5483062769201326,0.04586100991978675,0.04369652663380285,0.06513562854786459,1.6216315904777259,0.04522112546361598,0.04259947177696575,0.06713257109573723,1.5693221509673687,0.04653817777446737,0.04422495513783458,0.06731190779636331,1.6370896672918978
old-holland-3-4-5,27,white_tint,True,0.03401878946787067,0.032535195109358594,0.06169389606993572,4.041508930463723,0.011315877413490067,0.009463583680124935,0.027256775826404178,0.9267871009649372,0.03071939034148463,0.028826994764146543,0.061167685458813126,3.9707947985925025,0.011193652660236416,0.009671554638515635,0.027788619317206775,0.942462644322735
old-holland-3-4-5,28,white_tint,True,0.03674261498468356,0.03440952833193042,0.051257907996854646,4.595018824827065,0.020244181754742335,0.01843292544320726,0.029769068520986902,2.6687417862057004,0.03521272213246786,0.03139514563462663,0.051012128145073166,4.558823275917363,0.019922717707939477,0.018026607135292375,0.03094363362908062,2.6974186692838003
old-holland-3-4-5,29,white_tint,True,0.03463201529457443,0.027954424939800045,0.0616910040101083,2.4024792694987434,0.035859826276326015,0.02638272109377331,0.06569559641877742,1.9026155957251347,0.037675664018344455,0.029774438169662652,0.06848719516779755,2.439483845236458,0.03819607206623741,0.0277629152295685,0.06991111863411503,1.944570115969216
old-holland-3-4-5,30,white_tint,True,0.04519939042627488,0.04379012376815331,0.06084294918430688,1.6455702950434585,0.04717739080631397,0.04600027343407679,0.06145484934029177,1.765622043975863,0.0461010381733411,0.044518176444264375,0.06317982733597194,1.6638111684676429,0.04793582073328003,0.04662292332375601,0.06341321819343293,1.7777292371111804
old-holland-3-4-5,31,pure,True,9.491249653201783e-18,4.252870457233463e-18,2.7755575615628914e-17,0.0,9.491249653201783e-18,4.252870457233463e-18,2.7755575615628914e-17,0.0,9.491249653201783e-18,4.252870457233463e-18,2.7755575615628914e-17,0.0,9.491249653201783e-18,4.252870457233463e-18,2.7755575615628914e-17,0.0
old-holland-3-4-5,32,white_tint,True,0.04002539947815725,0.03813941454232093,0.06608106915031103,5.9070404118589055,0.03647128095694724,0.03556635887718241,0.050470242043111124,5.105280497790149,0.0401717611093452,0.03833340719993721,0.06499369421005063,5.903373086279402,0.03664046309340155,0.03574485554687561,0.05068348510692383,5.135550904341854
old-holland-3-4-5,33,white_tint,True,0.030178555024925047,0.026789948849393532,0.05506268346205148,3.753285243401665,0.014201655219601622,0.011339598602623688,0.027484971040101808,1.9509585519380523,0.029734740296777338,0.026513767936844693,0.052992400484178026,3.734097646433803,0.014449209768080017,0.01168379212136194,0.02808825532386694,2.020849893853538
old-holland-3-4-5,34,white_tint,True,0.022971875743684228,0.0213190231554227,0.031624868411281676,2.484625175926435,0.018341274234540413,0.013437303247815714,0.03997093635738569,1.5882115346744208,0.022340846023211312,0.02085548428122585,0.03045222814631876,2.4044971566100983,0.01844868986398599,0.013698504878230242,0.040899823630704324,1.5468958698371216
old-holland-3-4-5,35,white_tint,True,0.026739054373374996,0.0240515177918333,0.04549927230630657,1.7141284929501674,0.025929746491785744,0.02126616554852452,0.047211992918347434,1.3673117683310632,0.026396948039930167,0.02376764916741178,0.04304693757450784,1.6374263130039568,0.025983397550007118,0.021291758331886852,0.04523938459818744,1.3139947497357871
old-holland-3-4-5,36,white_tint,True,0.028645924085664444,0.02355152864793844,0.05940037975856827,2.3584617298627233,0.03277558931538242,0.027382770084659957,0.05998659394991335,2.723441651540601,0.029103704999001515,0.024050368803158362,0.058048776676666414,2.3292375830805487,0.03312033550872587,0.02768425358839837,0.05891258363187135,2.686463524301357
old-holland-3-4-5,37,white_tint,True,0.03150796239832694,0.026370572829853733,0.048813996289612915,2.6643799106541857,0.03239707947787583,0.027103993631194728,0.0489116164722837,2.7781667053470795,0.03196605128270797,0.02671770509556076,0.04845398242772936,2.7062432906517833,0.03281174106237691,0.027408023160232452,0.04857801910645909,2.8132881391368105
old-holland-3-4-5,108,chromatic_binary,False,0.0721976897228567,0.041816149384413,0.17686497434051135,3.242368342670861,0.009429971046706828,0.0060166924854195775,0.024011845919799102,1.1482273439718669,0.09321948633745954,0.05328850296001256,0.21583179049176388,4.203334406912061,0.011862557664853238,0.007768377368977475,0.029539630475189205,3.3105693727377314
old-holland-3-4-5,109,chromatic_binary,False,0.02201795669464642,0.02139024999307967,0.03326866873047324,5.325990170070027,0.018619045478009664,0.016735009769544288,0.032654047252612395,4.72656368549664,0.05216511344174592,0.040899984413492574,0.09887980176980721,5.395539910995042,0.0185299928463952,0.017092821913095507,0.03020128243048148,4.593938881214737
old-holland-3-4-5,112,chromatic_binary,False,0.015491243329157835,0.013620148153145151,0.0229078642266332,10.081458439396531,0.004346840308641443,0.0035128587080788523,0.008323657801144281,5.897590845972557,0.03782511415597848,0.026520191618095813,0.11143710388366768,7.224018451753366,0.011856326001156946,0.007808267408749304,0.04573963696555167,6.822022695011954
old-holland-3-4-5,113,chromatic_binary,False,0.014159095426820997,0.013662261270006288,0.018321866509181724,3.964497951791813,0.009489851956270421,0.009121782179647887,0.015424299116006013,2.6528767107675724,0.054337168812301294,0.03712516268656517,0.1534625525068859,4.538064212763568,0.032368217372408484,0.019884104771080352,0.09945666799147185,2.9036831319016456
old-holland-3-4-5,142,chromatic_binary,False,0.011148461600334158,0.008375013216678382,0.03140655560342276,2.7026546523802892,0.008616325339088187,0.006470196720865966,0.023158057005616656,3.0270333342074554,0.011936158652776408,0.008603295086491996,0.044381885372247076,2.489911468594431,0.008677498173738146,0.006489496666214368,0.024383647706201494,2.985132634188642
old-holland-3-4-6,1,pure,True,7.258340236917172e-17,4.8348422040127785e-17,1.1102230246251565e-16,0.0,7.258340236917172e-17,4.8348422040127785e-17,1.1102230246251565e-16,0.0,7.258340236917172e-17,4.8348422040127785e-17,1.1102230246251565e-16,0.0,7.258340236917172e-17,4.8348422040127785e-17,1.1102230246251565e-16,0.0
old-holland-3-4-6,13,pure,True,2.3013707539344673e-17,7.386564478352856e-18,1.1102230246251565e-16,8.828579614359399e-15,2.3013707539344673e-17,7.386564478352856e-18,1.1102230246251565e-16,8.828579614359399e-15,2.3181815745459595e-17,8.058070340021298e-18,1.1102230246251565e-16,8.828579614359399e-15,2.3181815745459595e-17,8.058070340021298e-18,1.1102230246251565e-16,8.828579614359399e-15
old-holland-3-4-6,14,white_tint,True,0.02583605050040092,0.018848164236151606,0.05931794038676308,1.594451700384193,0.02083831857420593,0.013349082260582974,0.059439511616538654,1.7266017163610694,0.025246468269958973,0.018859298465364455,0.06062223706833336,2.1634468773926816,0.021831440296607017,0.016781129690654553,0.05148068298102254,1.6563010873326272
old-holland-3-4-6,15,white_tint,True,0.02746319986290241,0.02498820871595933,0.04581328178154556,1.9371086484348121,0.01623434892697586,0.012093042644339828,0.039332380259773814,1.029864566868722,0.02073053069453923,0.0182487645014202,0.04672216187484016,2.0186346626301703,0.012874340069775026,0.010566370665251982,0.03260210601771035,0.9877177874328774
old-holland-3-4-6,16,white_tint,True,0.032374026466951436,0.02841919274264881,0.0523417714945319,1.72338022687488,0.016658559052989033,0.013321462305376291,0.032220615690092935,0.9335348611679045,0.021580262181155458,0.02023664964491514,0.031176701831261727,1.6035189354272863,0.01838497657140909,0.015461130413733992,0.034695858348568254,1.0259467360053443
old-holland-3-4-6,17,white_tint,True,0.033172815500103287,0.02685668985687967,0.05302030780214628,1.4410235079394114,0.027467115082290293,0.022737747125829943,0.04455648581287108,1.265763222750644,0.026161730909272925,0.02218166533819933,0.043450423119750115,1.3359537490872941,0.027826584686007367,0.02311924586479971,0.04908581733634698,1.2840297647121766
old-holland-3-4-6,18,white_tint,True,0.03578643189904437,0.03302021671028368,0.05046079269044257,1.2783432739116858,0.03567032420906152,0.03415101879749785,0.05163371455192722,1.350819551279406,0.03289109772834015,0.03062836651209515,0.04942786124049792,1.2264159252400348,0.03512260734050646,0.033460799456114604,0.0522620434519534,1.3299811510215558
old-holland-3-4-6,19,white_tint,True,0.01685772790716245,0.015573189990437995,0.029519285296216835,2.1072488703166137,0.01705417437638938,0.0156362376262068,0.029923117127592658,2.1477821120539216,0.016299073649118968,0.014957974254891693,0.028925603147210488,2.0681866690849184,0.01669913065811274,0.01531948352918499,0.02949863876767911,2.096679992100613
old-holland-3-4-6,20,pure,True,1.744766989480207e-17,6.4912233294616e-18,5.551115123125783e-17,0.0,1.744766989480207e-17,6.4912233294616e-18,5.551115123125783e-17,0.0,1.7358422916209957e-17,6.267388042238787e-18,5.551115123125783e-17,0.0,1.7358422916209957e-17,6.267388042238787e-18,5.551115123125783e-17,0.0
old-holland-3-4-6,21,white_tint,True,0.025367337148792753,0.017494487840779165,0.06615019009776679,2.73999698347141,0.014508934941601596,0.009210284333972087,0.04111623340210005,1.8977517868091092,0.02353563506801476,0.016497068140901808,0.06282775972118604,2.621604379768538,0.013912708921315825,0.00805501688917054,0.04239129248218687,1.730368227769846
old-holland-3-4-6,22,white_tint,True,0.026955818690613174,0.02096928327997524,0.06617592837582734,2.7180921150204096,0.008973524484204807,0.007465756311072792,0.016193704122607455,1.8344378067863152,0.026030441735501973,0.021362990977732286,0.06410715987296883,2.60433116256803,0.009361521046475457,0.007714652587321943,0.024145146993403588,1.3501108456843067
old-holland-3-4-6,23,white_tint,True,0.02313791811341795,0.01962421481735633,0.047516039265726895,1.9930444158137113,0.025355111937402926,0.02024809750781019,0.049274182447643367,1.4771250629006536,0.022306634463613615,0.01907116560561247,0.04245849622211084,2.01216467431942,0.025003491497164725,0.02019216340616793,0.05174564495454237,1.6044661972905547
old-holland-3-4-6,24,white_tint,True,0.027718487916058573,0.022217729304298106,0.053267702757285984,1.3845844202396445,0.03128037021312508,0.02746682445068964,0.05202344380301738,1.377552733546775,0.027297284002171587,0.022031589451844757,0.04678023805458842,1.415604794228568,0.030992086798737172,0.027132613953671846,0.050797689656182476,1.431588734440715
old-holland-3-4-6,25,white_tint,True,0.045220362277015515,0.04251837081152696,0.07098808981176774,1.551107810175231,0.046548589316076625,0.04418797677231782,0.07070113524814936,1.6340185610878355,0.0452212018403602,0.04259963201252077,0.06713298462742656,1.5693466090475592,0.04652331433611055,0.044207509102936415,0.06730657547173069,1.6361410776431276
old-holland-3-4-6,27,white_tint,True,0.031046990728998993,0.02873359221941705,0.061690101197215214,4.029451790993438,0.009297917616844035,0.007905672725435837,0.020151635348760355,1.0776730482080412,0.030720211560508,0.0288271872331647,0.06117372146917727,3.9708215912816796,0.011339678776577213,0.009870221753674033,0.027949723993517916,0.9847421444836431
old-holland-3-4-6,28,white_tint,True,0.035344510293583174,0.03170254110388913,0.05118231396575901,4.59210051122643,0.019076105165538076,0.016988276812918337,0.027341294145419914,2.50380822002466,0.03521276594975295,0.03139531204800593,0.05100531405502254,4.558821626056784,0.02012400473926099,0.018174901360583404,0.03108223946856456,2.7268592462047656
old-holland-3-4-6,29,white_tint,True,0.038945504678747904,0.030251553777888778,0.086817952006918,2.4133664622627866,0.03893218701343145,0.02781069665289316,0.08472512889127137,1.8508738400969913,0.03767525676268437,0.02977342589009971,0.06848900653214707,2.439450836823149,0.03821646297922927,0.027815024834723548,0.06986746914808917,1.9546737266018712
old-holland-3-4-6,30,white_tint,True,0.046108432716269125,0.04444659896799379,0.06801996474102479,1.6473387049153798,0.047960321325833374,0.0466091421072546,0.06764948812599514,1.7778680734529715,0.046101102480675546,0.0445183316903559,0.0631803431708573,1.6638312968172824,0.04791500364552233,0.04660031708012958,0.063406257764278,1.775985411526378
old-holland-3-4-6,38,pure,True,4.704536392393337e-18,3.2456116647308e-18,1.3877787807814457e-17,0.0,4.704536392393337e-18,3.2456116647308e-18,1.3877787807814457e-17,0.0,4.704536392393337e-18,3.2456116647308e-18,1.3877787807814457e-17,0.0,4.704536392393337e-18,3.2456116647308e-18,1.3877787807814457e-17,0.0
old-holland-3-4-6,39,white_tint,True,0.008759821723410407,0.006576287040673471,0.019976732973881396,2.217714801486507,0.00767570558642373,0.006588780732413951,0.01462256246542079,2.2846400009494254,0.008428436240200236,0.00635751015316281,0.017041777316203308,2.217379907256859,0.0075719944466506135,0.00646032329321259,0.014543150906121571,2.2174497261815613
old-holland-3-4-6,40,white_tint,True,0.02720293895019957,0.023958923395496653,0.05500428995691406,4.845406471797907,0.023610863774696823,0.018798041269603556,0.044393171944229315,4.208904766313471,0.026468423955923227,0.023429118667765862,0.04902388432697753,4.837545794080315,0.023721614155075368,0.019092175857427215,0.044213451704910034,4.110606850585685
old-holland-3-4-6,41,white_tint,True,0.03405264666214014,0.029314585092153192,0.0776975595316321,4.438627871746842,0.01257764619957363,0.009473075493603898,0.026030279660905598,2.6148501872748655,0.0313914010148844,0.027768060540594962,0.0620935833493107,4.407532847102297,0.013363468850107097,0.010331551032523124,0.030288049000315176,2.4282728211766824
old-holland-3-4-6,42,white_tint,True,0.035165181653168565,0.030743376021512565,0.0545097348254619,3.625494558257342,0.012450052860966851,0.00933061175825227,0.030540403054323595,1.085767870568571,0.03174049830789067,0.028121877304372777,0.04403668416567011,3.5116563638850655,0.01265247431792269,0.009834666579653812,0.030730700284259393,1.219184921998654
old-holland-3-4-6,43,white_tint,True,0.026289840298271753,0.022759844548360858,0.03925117160586261,3.2263516660057063,0.015013868687313065,0.011225730228620643,0.036467326350165696,1.9792668821305144,0.023910392209300354,0.02017171314365347,0.03785530397873435,3.083573245913741,0.016068826681467627,0.012165884514028303,0.036692593468875545,2.0413739575916705
old-holland-3-4-6,44,white_tint,True,0.01625378302418758,0.011720966298239164,0.037858290086928315,3.167230688830174,0.023049268958564326,0.019507980260363034,0.041437152083778295,3.2103875956644914,0.019629669930352398,0.014281105577614413,0.045060131247975366,3.0811577457127606,0.02593886238378432,0.021544925793793104,0.053997939910293447,3.2175119648047326
old-holland-3-4-6,45,white_tint,True,0.06388823504965638,0.06196643619964195,0.07754940222322348,3.423808474519781,0.06565862193171923,0.063480053561178,0.07942279599862001,3.5588953463362656,0.06625227335072681,0.06397493501688936,0.08343541109172581,3.4712017253837693,0.0678051842058678,0.06529158232701054,0.08471402511602566,3.606471007469861
old-holland-3-4-6,108,chromatic_binary,False,0.07399047404545762,0.04260814018269067,0.18878852260684248,3.265734589778806,0.008201184445292305,0.005516739935924537,0.019444706448307314,1.3189813989365324,0.09321951166447909,0.053288343848757955,0.21583189053874724,4.2032772349567304,0.011764348227209447,0.007740913220627209,0.029073061488633478,3.468244467088371
old-holland-3-4-6,109,chromatic_binary,False,0.02519075066116069,0.023426888129962804,0.05984769419201985,5.316849263080751,0.01728876590957854,0.01549432201598594,0.03228532178172128,4.792013353710866,0.05216480111336333,0.04089957953703531,0.09888016013565731,5.395512625333716,0.01878225175721061,0.017338519689545327,0.030470180201943975,4.6939510612929745
old-holland-3-4-6,123,chromatic_binary,False,0.01897429549116175,0.017944311878033265,0.02489994935220456,7.828788982970187,0.007102812261983267,0.006804059277962232,0.014190962186427188,3.154322499152641,0.02731974586617076,0.02400607907465479,0.07977430739797423,6.94713844957039,0.00664074611163694,0.00525970350618825,0.020343695391431625,5.854158990467634
old-holland-3-4-6,124,chromatic_binary,False,0.018449945447383334,0.016626362541520893,0.035584403415845234,7.366145672864092,0.014085434960316104,0.011918232113048214,0.03495581593329286,5.9398051097267475,0.05763142817807032,0.03819924739350486,0.18734313865982216,5.055178507431402,0.03656235132323839,0.02294704459027652,0.12251227070522486,4.267641725247332
old-holland-3-4-6,125,chromatic_binary,False,0.0036784324171230203,0.0031183035128260904,0.007115969652685149,2.6321402526236235,0.0033937178043135906,0.0030378522259019687,0.0057499908515634204,1.678634496905504,0.0037395164690606775,0.0030333498418122096,0.007115480551960714,2.5226708485486253,0.005062728149314381,0.004387508088493648,0.007393175921985608,3.0574166251069728
old-holland-3-4-6,130,chromatic_binary,False,0.018548705549000535,0.016928623077105114,0.024819372424966474,9.678690145003442,0.008268844940372827,0.007495799990555342,0.011527347401511439,5.748411332993813,0.04296569870618176,0.03150488836761802,0.15152738580817018,6.904237112641369,0.017169845393449193,0.011502885789450771,0.06523927316592146,6.773789084589172
old-holland-3-4-6,131,chromatic_binary,False,0.006439872811308791,0.004800730264312004,0.010320520383817679,3.924762827435164,0.004096882393826519,0.0036948063099201023,0.00773361111345592,1.8422130456412,0.008904167020755048,0.007009874144491784,0.027159138880039332,3.4880312862576566,0.00664830405296602,0.006016395224397517,0.009678970186709272,4.425182323471367
old-holland-3-4-6,134,chromatic_binary,False,0.014348783381149378,0.012792497657403683,0.019963415863437205,7.51295519207938,0.002596863733965505,0.0021076081420463274,0.006986775621695709,2.9672414678639925,0.026086786502104317,0.020541348174751745,0.08905417197606752,6.009556676866484,0.005836821099046584,0.004421469326454396,0.020005491764707416,6.336809031350782
old-holland-3-4-6,135,chromatic_binary,False,0.008991750826073104,0.007022172770855971,0.013560952420978527,5.4524290368628945,0.0043037415417809316,0.003934148880595666,0.007401991256606195,2.3104958918530185,0.01550004387055974,0.01172392887656578,0.05420218137739558,4.545074539510247,0.007514009961919225,0.006689976471672143,0.011698424121772917,5.618485207725403
old-holland-3-4-6,145,chromatic_binary,False,0.01608877043711379,0.00973787339005732,0.04857595138819191,3.9358016700720553,0.004208691263284587,0.0039033189396799643,0.006505009513306546,2.7028156572560835,0.025856711993440338,0.012728895400861646,0.10617320210769526,3.9948480693104536,0.008106552337514377,0.00571632009565636,0.03217995817982893,3.08187992617353
old-holland-3-4-6,146,chromatic_binary,False,0.040791441081424976,0.027992481313434413,0.11581325280145933,6.589201570854225,0.019084442196035813,0.013677179263979983,0.05073675326766125,3.2498233663985987,0.05687301350270862,0.033284171365373975,0.21231544286283305,6.62740778177888,0.029454548378912725,0.016842082309149544,0.11314055010943917,3.2522688776704594
old-holland-3-4-6,147,chromatic_binary,False,0.01399334877494028,0.012876372600980452,0.03070427677042418,4.573461636365402,0.004842791063201617,0.004721064844158115,0.00830857414465537,1.6736715701767666,0.017141520502255325,0.014142959343756097,0.05584284453920195,4.587494900285687,0.006446596595755055,0.005230207375787037,0.022933632184926632,1.5678001482677562
old-holland-3-4-7,1,pure,True,7.258340236917172e-17,4.8348422040127785e-17,1.1102230246251565e-16,0.0,7.258340236917172e-17,4.8348422040127785e-17,1.1102230246251565e-16,0.0,7.258340236917172e-17,4.8348422040127785e-17,1.1102230246251565e-16,0.0,7.258340236917172e-17,4.8348422040127785e-17,1.1102230246251565e-16,0.0
old-holland-3-4-7,13,pure,True,2.3013707539344673e-17,7.386564478352856e-18,1.1102230246251565e-16,8.828579614359399e-15,2.3013707539344673e-17,7.386564478352856e-18,1.1102230246251565e-16,8.828579614359399e-15,2.3047427275435312e-17,7.61039976557567e-18,1.1102230246251565e-16,8.828579614359399e-15,2.3047427275435312e-17,7.61039976557567e-18,1.1102230246251565e-16,8.828579614359399e-15
old-holland-3-4-7,14,white_tint,True,0.02636995026833049,0.019185807373043578,0.05831612628945376,1.5594513363258269,0.020244254765920646,0.012787242337741282,0.05852619044787444,1.6982959859549698,0.025246467960829872,0.018859298158143203,0.0606222370680678,2.163446876045986,0.021849006703584074,0.01680132041251512,0.05150640450476773,1.657721976236736
old-holland-3-4-7,15,white_tint,True,0.02793809008182792,0.025349486969862535,0.04617152592091486,1.9362202974011022,0.016073977140711834,0.012055820101955982,0.03668366292703262,1.0178156993029266,0.02073053035894807,0.018248764103853447,0.04672216187483649,2.0186346623211815,0.012852964981758534,0.010532593940708173,0.03257268409624467,0.9813687308841136
old-holland-3-4-7,16,white_tint,True,0.03281957118655835,0.028800975951858904,0.052313356455408466,1.7447927044652871,0.016508115209965393,0.013220226636502672,0.031983825352654316,0.9453895702374049,0.0215802624114491,0.02023664993812022,0.031176701831262893,1.6035189360473636,0.01834591349461251,0.015420950246269818,0.034648617316374475,1.0217024945597704
old-holland-3-4-7,17,white_tint,True,0.03346857191369805,0.027150028612551565,0.053006419827006934,1.4717494117800263,0.027418645359107336,0.022713410420115574,0.04542309367446551,1.284670133716426,0.02616173114500009,0.022181665519305623,0.043450423120059645,1.3359537496811,0.02782149676723896,0.02311335602375427,0.04907011084273927,1.283783726520302
old-holland-3-4-7,18,white_tint,True,0.03582386482199378,0.03295429910778682,0.05055110667098062,1.2843631483552418,0.035589051521692165,0.03402039083106613,0.051737660753134906,1.3508584059406485,0.032891097832712865,0.030628366596376657,0.04942786124056053,1.2264159254242506,0.035132863155416486,0.03347437489690265,0.05226153657036414,1.3306144788594243
old-holland-3-4-7,19,white_tint,True,0.016726568132844434,0.015477167487777457,0.029285969855406435,2.067860176338417,0.016911327794989606,0.015528057216491344,0.029697763282380385,2.10969684142927,0.016299073661582713,0.01495797427341781,0.02892560314721282,2.0681866690188304,0.01670296150367218,0.015323074717980605,0.029499802657459773,2.0969059829093704
old-holland-3-4-7,20,pure,True,1.7358422916209957e-17,6.267388042238787e-18,5.551115123125783e-17,0.0,1.7358422916209957e-17,6.267388042238787e-18,5.551115123125783e-17,0.0,3.311400810612833e-17,9.848752637803809e-18,1.6653345369377348e-16,0.0,3.311400810612833e-17,9.848752637803809e-18,1.6653345369377348e-16,0.0
old-holland-3-4-7,21,white_tint,True,0.02595656746286328,0.017950991051977703,0.06622378866159478,2.7808789327332217,0.01396147619104102,0.008467460287062705,0.04164234990590654,1.7751794327394377,0.023535635067222078,0.01649706813915716,0.06282775972081969,2.6216043797494275,0.013930519953464575,0.008093269904092527,0.04240154999970994,1.7376309721216998
old-holland-3-4-7,22,white_tint,True,0.02947464392604089,0.023724721975193822,0.06611003008699859,2.7523050494583567,0.008321626744334187,0.007090128544931368,0.018663712029600765,1.549752656568231,0.0260304417317466,0.021362990974537217,0.06410715987281845,2.604331162551396,0.009410626777138099,0.007797531254771663,0.02410681152370292,1.3729509273462208
old-holland-3-4-7,23,white_tint,True,0.020319645167087,0.017781463693048095,0.037651074526755424,1.9849908510373107,0.023630969193325115,0.01921748246280177,0.048976897397491226,1.5302816076371115,0.022306634465721262,0.01907116560735049,0.042458496222617326,2.0121646743241857,0.025002280576629052,0.020187638250410322,0.05174120284897232,1.6010808043175386
old-holland-3-4-7,24,white_tint,True,0.02584202454254661,0.021069033183331743,0.04324430916153066,1.3769999593804678,0.02997909719382729,0.026476478809338726,0.04830901608883309,1.391112029973515,0.02729728400380646,0.02203158945294271,0.04678023805496001,1.4156047942335397,0.03100652047086077,0.027163734001741897,0.050795761035831055,1.431305151266214
old-holland-3-4-7,25,white_tint,True,0.044677902985787124,0.04215375704442702,0.06763387667556531,1.5491391337211908,0.04607675043487441,0.0438474675304201,0.06784986724901043,1.6257320901454784,0.0452212018408793,0.042599632012874346,0.06713298463462525,1.5693466090490324,0.046530657810504306,0.04421617177558967,0.06730928549404791,1.6366188230549406
old-holland-3-4-7,27,white_tint,True,0.03250735640529465,0.031131118273945487,0.06166165019717387,4.039920351767456,0.0102006039376859,0.009002367533480393,0.02298985862779579,0.9747601459852694,0.030720211557740348,0.028827187229956697,0.06117372146916952,3.970821591275507,0.011267471318308355,0.00977365003796129,0.027871044275567913,0.9639702592266577
old-holland-3-4-7,28,white_tint,True,0.03597600379842668,0.03328598609869509,0.05121610505645807,4.5941103084399515,0.019693525003771375,0.017947863536586714,0.028893542805718153,2.6182828667332982,0.03521276594852427,0.0313953120454971,0.05100531405502404,4.558821626054876,0.02002498565273965,0.01810214484688269,0.031009346025818924,2.7124252972997573
old-holland-3-4-7,29,white_tint,True,0.035895780769225324,0.028655377652465806,0.07070436072937625,2.4038854842268322,0.03681686788990017,0.026853998647501202,0.0724006275774437,1.8876778525263316,0.037675256765403425,0.029773425891612804,0.06848900656367951,2.4394508368287573,0.03820634269099742,0.027789289696120312,0.06988890659876656,1.949722199600084
old-holland-3-4-7,30,white_tint,True,0.04547834666345325,0.043992550585657236,0.06380565123505477,1.6460007895822317,0.04741895095284578,0.04618717788976087,0.06408643938404845,1.769205803098426,0.04610110248127381,0.044518331690795644,0.063180343179837,1.6638312968183955,0.047925267906976064,0.046611516606907516,0.06340978385027496,1.7768500310910094
old-holland-3-4-7,46,pure,True,6.565093171632399e-18,4.3647881008448694e-18,2.0816681711721685e-17,0.0,6.565093171632399e-18,4.3647881008448694e-18,2.0816681711721685e-17,0.0,6.445717884163458e-18,4.140952813622056e-18,2.0816681711721685e-17,0.0,6.445717884163458e-18,4.140952813622056e-18,2.0816681711721685e-17,0.0
old-holland-3-4-7,47,white_tint,True,0.01964762999886118,0.018711124298612415,0.03100525796315759,3.6388582513213685,0.017640272718212086,0.016403944620743894,0.028320377451990647,3.0960456796244475,0.019595746665339763,0.01863738073978682,0.031068695868508356,3.6338160026180915,0.017685446160896758,0.016468726971470265,0.028375658315281133,3.101089869444374
old-holland-3-4-7,48,white_tint,True,0.025633576861597347,0.024372271358575944,0.04023831805203876,4.280674468103348,0.020847860732888263,0.01889127070314551,0.032806179997890345,3.177753476641941,0.02550050151953272,0.02420978401573282,0.04025261345469425,4.2685999275306505,0.02093892858562725,0.019054644069866847,0.032880924445695875,3.1869204738058974
old-holland-3-4-7,49,white_tint,True,0.03658638177635523,0.033858336304065,0.05882258458656829,4.2120718514001965,0.0192934992098109,0.017690507163152867,0.028875454955020002,2.200032038027125,0.03585259436086712,0.03332324322909847,0.05437132167608613,4.1592080330061325,0.019670355366126747,0.018167951134893185,0.029103912131847015,2.2215961133886064
old-holland-3-4-7,50,white_tint,True,0.030985435294039607,0.024989214116173566,0.04899597894212493,2.9331339650882735,0.013920913688281517,0.011425716041472436,0.02806671653173709,1.929007705682155,0.02945604220704706,0.0239208426869874,0.0442284845756489,2.8473779433418085,0.01398990709107161,0.011571932077508654,0.027970130982001296,1.9228576842113523
old-holland-3-4-7,51,white_tint,True,0.02512639748551766,0.023222242902631616,0.04052835397327148,2.096742087639804,0.027526884863648585,0.023732504200480998,0.04782986673828937,1.9603589190373092,0.02448965495487826,0.02200370148258184,0.04042858555327866,2.022380346003418,0.027760026718717423,0.02411817382949426,0.04774252709821003,1.9473832519675336
old-holland-3-4-7,52,white_tint,True,0.027005352801815544,0.02411514754558933,0.04268145171590154,1.4769340371661555,0.03182252594341668,0.030659282608559407,0.04719227940813575,1.5485182514954838,0.027813145504190583,0.025484462643077563,0.04266503705309688,1.439741269505364,0.03265331038043064,0.031554581257764606,0.04714635562308234,1.548463268111531
old-holland-3-4-7,53,white_tint,True,0.0461240488442921,0.03952078591536086,0.06640433117786881,3.0207556959636404,0.047622303668577004,0.040659394822887086,0.06911356243848532,3.1277114858107695,0.047436328447391846,0.04044213609460329,0.07035093795179215,3.106135474129062,0.04881572922222958,0.04149467515571281,0.07239970346051294,3.2066424179208117
old-holland-3-4-7,108,chromatic_binary,False,0.07156968045637081,0.041528677875770297,0.17611523618987263,3.232750182696854,0.009792476583991567,0.0063249767959169916,0.024373849767087064,1.2100979720745206,0.0932195109141935,0.05328834351639821,0.2158318875296456,4.203277230522973,0.01180754968734851,0.007705284486862756,0.029292027859090394,3.3928059372341663
old-holland-3-4-7,109,chromatic_binary,False,0.02114591300278413,0.020497830223281284,0.03284925519389087,5.3284530345997325,0.019801996534224747,0.017440374213001587,0.037347278157735975,4.7816743349958495,0.052164800654165934,0.04089957926929141,0.09888015998704397,5.395512624677032,0.018663961416590893,0.017223675430786723,0.030330053167040294,4.647242555630692
old-holland-3-4-7,116,chromatic_binary,False,0.010325093732639545,0.009097216914189441,0.015298065623536722,6.492265014095632,0.002562081858891968,0.0021122272383645047,0.004824953859962396,4.329674915107463,0.01606395979347623,0.013763423542034137,0.04594172307562131,5.291228381253155,0.005720032568682162,0.004730783848570214,0.010110253515153343,6.850845096831095
old-holland-3-4-7,117,chromatic_binary,False,0.019172264847997597,0.018716882979305,0.022326467513360718,5.657361896422697,0.015137416745228054,0.014743611072484841,0.017781025002736078,4.7885020492953005,0.06406300255111276,0.04430459651681865,0.20124588093386453,5.594105168225017,0.04499795212558666,0.030647394346279253,0.14542863209191692,4.49719757005784
old-holland-3-4-7,118,chromatic_binary,False,0.00526853655715707,0.004660834713211442,0.007677507821454092,4.695029282452528,0.007142560789745076,0.006678752953267249,0.009135568594000703,4.328298329596478,0.0046028520366291105,0.004097943607223146,0.007166394929432239,4.5489114991631485,0.009107804336461751,0.008348496917165871,0.012733215230329387,5.106879278600616
old-holland-3-4-7,138,chromatic_binary,False,0.012782790137777451,0.011726472758003257,0.01681314991495743,6.309900699520053,0.0059651473426780635,0.005011770547647952,0.0088389959936909,4.4388908015981015,0.032279721000034234,0.023731314853882354,0.10724751309063743,3.928782537770944,0.011969016567764454,0.008704518562768208,0.042453066075529865,5.5162193243272295
old-holland-3-4-7,139,chromatic_binary,False,0.005575054104821762,0.00472643736997188,0.008700314327602394,5.17727126482185,0.010336824454989652,0.01015540748294286,0.012484945935276326,4.631124608458007,0.004622099189206944,0.0038622830790716735,0.008054457851504888,4.7188097674961975,0.013680610903339784,0.013178409564546767,0.018315121276626534,6.312035015984778
old-holland-3-4-7,152,chromatic_binary,False,0.020170091100239294,0.012359489188307544,0.06764160243150483,4.245344268143491,0.006588465758859701,0.003642675099686138,0.02310932530851292,0.7172216936431189,0.020653067455528574,0.012320957836145374,0.07500996518625964,4.079789843807512,0.006732108030712749,0.003557194953269204,0.02653654747036412,0.5850216471740661
old-holland-3-5-7,1,pure,True,7.258340236917172e-17,4.8348422040127785e-17,1.1102230246251565e-16,0.0,7.258340236917172e-17,4.8348422040127785e-17,1.1102230246251565e-16,0.0,7.258340236917172e-17,4.8348422040127785e-17,1.1102230246251565e-16,0.0,7.258340236917172e-17,4.8348422040127785e-17,1.1102230246251565e-16,0.0
old-holland-3-5-7,13,pure,True,2.3148291771671806e-17,7.834235052798484e-18,1.1102230246251565e-16,8.828579614359399e-15,2.3148291771671806e-17,7.834235052798484e-18,1.1102230246251565e-16,8.828579614359399e-15,2.3013707539344673e-17,7.386564478352856e-18,1.1102230246251565e-16,8.828579614359399e-15,2.3013707539344673e-17,7.386564478352856e-18,1.1102230246251565e-16,8.828579614359399e-15
old-holland-3-5-7,14,white_tint,True,0.02185299089664077,0.01553396509184221,0.05779551899166163,1.7559614530365795,0.020452964962535746,0.014683916017771801,0.054212936748104124,1.6785498298586239,0.025245705782096218,0.018859414926025768,0.06060261547150475,2.1633379961885426,0.021862309240230617,0.01681734567888105,0.051509211606872884,1.6588860740021578
old-holland-3-5-7,15,white_tint,True,0.023711034002910008,0.021603998663789238,0.04615942963534922,1.9567777254688163,0.0140187570912952,0.010831805905958801,0.03364087539549229,0.9682979624163639,0.02072842664801289,0.018249010918106375,0.046712739592040614,2.0185943119983247,0.012835088656422142,0.010505107075728153,0.032543581476458305,0.9765086546048023
old-holland-3-5-7,16,white_tint,True,0.030001456681530075,0.026952848972454282,0.047588823462707985,1.6987663215306275,0.01711774286064803,0.014208150950536408,0.03065609123605051,0.9255590015041545,0.02158040252918367,0.020234071280821078,0.0311844688191516,1.6035535257563327,0.018316968666581668,0.01539123625280136,0.03461508635053456,1.0185447788698334
old-holland-3-5-7,17,white_tint,True,0.03185057364192334,0.026053205308617607,0.05071372886158776,1.4207647159046393,0.02790254808871896,0.023029522370706226,0.048244883115838744,1.2570617319809914,0.026163489563297133,0.022182966695777667,0.043454450054074,1.3360386628779428,0.027819295881422745,0.02311297766300166,0.04907429872322233,1.2837060018063455
old-holland-3-5-7,18,white_tint,True,0.03512950361684785,0.032312080372162065,0.05069854455424461,1.263748059849188,0.035592213291245185,0.033934851965244914,0.05265075794830154,1.3428564732114012,0.032891670889211674,0.030627789277255242,0.04943642828465222,1.22641502083645,0.0351411165476955,0.033484133877922845,0.05226887154470328,1.3310718132639312
old-holland-3-5-7,19,white_tint,True,0.016622527605199687,0.015342120446626898,0.02929386246866672,2.0729237724277976,0.016866009258865656,0.015477390158040314,0.029801724886743153,2.1136770760588335,0.016297892703274863,0.014957260607857776,0.02893178754813297,2.0679406179719613,0.016704651425929543,0.015325079037387977,0.02950673454772157,2.0968186518725447
old-holland-3-5-7,31,pure,True,8.076701741402097e-18,3.3575293083422074e-18,2.7755575615628914e-17,0.0,8.076701741402097e-18,3.3575293083422074e-18,2.7755575615628914e-17,0.0,1.0720752256219629e-17,5.148211606124718e-18,2.7755575615628914e-17,0.0,1.0720752256219629e-17,5.148211606124718e-18,2.7755575615628914e-17,0.0
old-holland-3-5-7,32,white_tint,True,0.040233571720235034,0.03824596534346695,0.06689267849864544,5.902953529009712,0.036371551018367414,0.035469304860858065,0.05047709973262696,5.0949948788979045,0.04017160109955436,0.03833321415454104,0.06499095014096423,5.903350912270876,0.0366369634140157,0.03574302461769178,0.050684759673173735,5.136200338194697
old-holland-3-5-7,33,white_tint,True,0.03069682374658848,0.027250695682248513,0.056895521310075664,3.757140080129785,0.014045232068460037,0.011149017848039743,0.027401278652450817,1.9289110004814776,0.02973466359059063,0.02651383848718391,0.0529914595910827,3.7340855789545953,0.014466756108393465,0.011702087300798528,0.028090787295900282,2.0229242631797124
old-holland-3-5-7,34,white_tint,True,0.02319315276921312,0.02147844724292854,0.032322428837597866,2.5346865039811997,0.01834171483405256,0.013325613604418399,0.04019282988846251,1.596559670870557,0.02234100905448845,0.02085524988284709,0.030450444482646,2.404493513919761,0.018463536126633765,0.01371839578871845,0.04091017087546045,1.5494780295917296
old-holland-3-5-7,35,white_tint,True,0.026773790803031113,0.024194658207859945,0.044509397185746424,1.7629031808029678,0.02580166415023355,0.021085889265291695,0.04691808161432032,1.3937509184251824,0.026397080904815344,0.023767309472932145,0.04302917840819165,1.637424177339262,0.02598486185953109,0.021293444334531633,0.04524972103946867,1.3148383691408738
old-holland-3-5-7,36,white_tint,True,0.028131484130490256,0.02310311419387599,0.05885604828279667,2.3914256294637175,0.03238845641932105,0.027073981768882194,0.05968033172524101,2.750655433532491,0.02910369226958296,0.024050224456455167,0.05803895131273096,2.329229537617831,0.03311379973274134,0.02767684972930928,0.05891582082115654,2.685929433222478
old-holland-3-5-7,37,white_tint,True,0.031134122216412975,0.026096569215254693,0.04866942343771752,2.647003310365645,0.032056030792801865,0.026858027641929814,0.04880644477323148,2.763737766550354,0.03196588921459438,0.02671751701051769,0.048451352695548344,2.7062374584104747,0.03280991457576131,0.02740618403560772,0.04857697881854306,2.813033838799144
old-holland-3-5-7,46,pure,True,6.682336242827358e-18,5.036293962513311e-18,1.3877787807814457e-17,0.0,6.682336242827358e-18,5.036293962513311e-18,1.3877787807814457e-17,0.0,6.565093171632399e-18,4.3647881008448694e-18,2.0816681711721685e-17,0.0,6.565093171632399e-18,4.3647881008448694e-18,2.0816681711721685e-17,0.0
old-holland-3-5-7,47,white_tint,True,0.019672403890735334,0.018736920814006228,0.030994693380487853,3.6389951819642303,0.01764533244516028,0.016401430271872283,0.028282749308186944,3.0891379885735106,0.01959561069880723,0.018637285582011477,0.03106964712645585,3.633774145001834,0.017686842376783942,0.016466487357939062,0.028385417291932447,3.1002151737730186
old-holland-3-5-7,48,white_tint,True,0.02567274179410049,0.02442022829060929,0.04023367092796931,4.2812619970393975,0.020842086346686613,0.01887126707567962,0.032685812860508145,3.165273330156732,0.025500300744413965,0.024209629431558216,0.04025204423363207,4.268543124301737,0.02094340209010954,0.019049345813837725,0.032882457296370904,3.185416551952202
old-holland-3-5-7,49,white_tint,True,0.03666070689012102,0.033967494103504414,0.05817159043104332,4.219454244975073,0.019186134633866953,0.017597481055212482,0.028375725919179196,2.1932262697416767,0.035852497813476276,0.03332304001072576,0.054376248799978405,4.159190523196624,0.0196486992816155,0.018145063795805407,0.028996393434963824,2.216853076195601
old-holland-3-5-7,50,white_tint,True,0.031150239027788868,0.0250942520355973,0.047844650752064816,2.950601948426275,0.013936036767691208,0.011416686788402743,0.028195333111029064,1.9479434432310532,0.029456231745878227,0.02392160797293733,0.04422092978635764,2.8474271582256043,0.01393798395305573,0.011531779765049748,0.02793330191441934,1.9204343141340292
old-holland-3-5-7,51,white_tint,True,0.025254433653821535,0.02336245777565205,0.04054495786677792,2.1175122121013055,0.027577702580683185,0.023675778339615646,0.047955970126965064,1.9798078424302195,0.024489989913685315,0.022004173557854324,0.0404270886559539,2.0224581472979506,0.02776501061719405,0.024146230195196603,0.047741059708215405,1.9477429546138874
old-holland-3-5-7,52,white_tint,True,0.026970165640336243,0.023876979239127766,0.042687067650546084,1.4930255295943535,0.03177018981039732,0.030503404366800428,0.04728631748814838,1.5591535622202581,0.02781326948217642,0.025484368245493192,0.042666479511860644,1.4398009631938917,0.03266402962966744,0.031569140609491814,0.04715990149666782,1.549214268510638
old-holland-3-5-7,53,white_tint,True,0.04588733115063085,0.039349407015917964,0.06578087679562505,2.996320520386644,0.047403860384767814,0.04050370704352315,0.06852253733232183,3.105347555360353,0.04743617664543678,0.04044203413559279,0.07034492920952529,3.106088421159498,0.048819598185648384,0.04149723090032708,0.07238780780144682,3.2072022248476912
old-holland-3-5-7,112,chromatic_binary,False,0.015916729484204285,0.014372173430227807,0.02289978113379454,9.461587960336459,0.003862708088422897,0.003217290448327952,0.007242644931032015,5.344948115734117,0.03782448641509122,0.026519976414773883,0.11145051684198137,7.224004432241341,0.011838432637825105,0.00784100581519812,0.04565259639047842,6.864481544922351
old-holland-3-5-7,113,chromatic_binary,False,0.017610699147858757,0.01661738558710871,0.03184371242571561,3.629823337108112,0.01141231335232939,0.01053176224932479,0.023689737098411212,2.2361707250436047,0.05433777451335988,0.03712551567681225,0.15346392109246465,4.538222909513684,0.0323948304745808,0.019930545583429125,0.09950152557663777,2.9095656574495545
old-holland-3-5-7,116,chromatic_binary,False,0.010616951569464728,0.009775302255277674,0.01529434031699102,6.1764860250427915,0.003377025424998759,0.0030430884059665596,0.004533752394351234,5.114465807337841,0.016064267672633786,0.013763494914415532,0.045949215428614805,5.2911848731557996,0.005813252027139242,0.004767022376430981,0.010312299947851118,6.8917752602486875
old-holland-3-5-7,117,chromatic_binary,False,0.023860560686968898,0.023479840487298197,0.03741339338197423,5.2556778207186765,0.01767970007013517,0.0175088888249872,0.024704545999363114,4.459100031808777,0.06406379544720914,0.04430504108735141,0.20126941400194115,5.594239718063951,0.04490946746226488,0.030525386283908183,0.14544916833615962,4.497676455862521
old-holland-3-5-7,118,chromatic_binary,False,0.005158436543434581,0.00458028332451396,0.007469337710584879,4.654472024923901,0.007817392201625754,0.007244240793702077,0.010652483752673893,4.592251217758386,0.004602842164226343,0.004097948891506702,0.007166141243162113,4.548973049476127,0.009160744837474635,0.008405583683318712,0.012797008464291288,5.115965858309865
old-holland-3-5-7,138,chromatic_binary,False,0.01400103749163433,0.01362725653067359,0.017585868605847745,5.432948137386997,0.005797696393862789,0.004761763390976063,0.008657337654705659,4.589266292372766,0.03228036728539385,0.02373147739225035,0.10726332338945707,3.928669233079966,0.011934100094430564,0.008681472124760168,0.04246313059976887,5.581196727452582
old-holland-3-5-7,139,chromatic_binary,False,0.00525964628234294,0.004493122832319359,0.008192047096775304,5.058686760382288,0.011498702005880873,0.011253344032588717,0.013637773834249762,5.174166198586126,0.004622199232790707,0.003862270494471317,0.008057339998683542,4.718860089786627,0.013784906203489593,0.013282930130826957,0.0184458287578724,6.339909511440467
old-holland-3-5-7,158,chromatic_binary,False,0.004439737589644914,0.003903427980021097,0.008758716834719439,0.696760637792166,0.0014160649061679199,0.0009598251635483443,0.003457658449889378,0.11921928475153179,0.0046054192752737165,0.004009300600514799,0.01027187972224878,0.698948999849792,0.001444459361786126,0.0009644495254222454,0.003698801513914253,0.10429248795817066
old-holland-3-6-7,1,pure,True,7.258340236917172e-17,4.8348422040127785e-17,1.1102230246251565e-16,0.0,7.258340236917172e-17,4.8348422040127785e-17,1.1102230246251565e-16,0.0,7.258340236917172e-17,4.8348422040127785e-17,1.1102230246251565e-16,0.0,7.258340236917172e-17,4.8348422040127785e-17,1.1102230246251565e-16,0.0
old-holland-3-6-7,13,pure,True,2.3013707539344673e-17,7.386564478352856e-18,1.1102230246251565e-16,8.828579614359399e-15,2.3013707539344673e-17,7.386564478352856e-18,1.1102230246251565e-16,8.828579614359399e-15,2.3013707539344673e-17,7.386564478352856e-18,1.1102230246251565e-16,8.828579614359399e-15,2.3013707539344673e-17,7.386564478352856e-18,1.1102230246251565e-16,8.828579614359399e-15
old-holland-3-6-7,14,white_tint,True,0.02186267572868591,0.015352935314132543,0.05788563818061593,1.7957662981577835,0.02041053146698787,0.014877318143947818,0.053302004071738185,1.6589806155551974,0.025245990690807345,0.018859406379237862,0.06060917650833336,2.163374448290018,0.02182673774065279,0.01677633870757374,0.05146241697504955,1.6559612642762283
old-holland-3-6-7,15,white_tint,True,0.023116216786663944,0.02089589763905391,0.04575585009736141,1.9476847376830921,0.013471457441024829,0.01088208773077635,0.03257955677824906,0.996657431916586,0.020729160085090674,0.018248967020086878,0.04671589164558804,2.0186077760831123,0.012878487391808002,0.010573884019050732,0.03260467824983765,0.9893140030144565
old-holland-3-6-7,16,white_tint,True,0.02940819526508689,0.02648085034610282,0.04769483917499351,1.671053920037842,0.017087962724476016,0.014341274119386202,0.03138272600399583,0.9182641864249659,0.021580332219897455,0.020234908222680176,0.031181884244164793,1.6035419596191087,0.01839544285280675,0.01547198540093884,0.03471012859160283,1.0270749533948278
old-holland-3-6-7,17,white_tint,True,0.031564148224503846,0.025841572602607703,0.05133022171816504,1.3976401078957812,0.027916599664612542,0.023003259616364867,0.048778031188404514,1.2332579312044827,0.026162878345957968,0.022182515234458935,0.04345310652957035,1.336010369840051,0.027829005678066586,0.02312352679200352,0.04910089892460012,1.284160580743272
old-holland-3-6-7,18,white_tint,True,0.035151642618405324,0.0324418165830996,0.050980152324687,1.2636624465119353,0.03565943650717046,0.03403463511365882,0.05313753071754457,1.3457873266855476,0.03289146780211462,0.03062797385538932,0.049433590017904594,1.22641532753452,0.035120286596427325,0.03345696143396053,0.05226746456849496,1.3298030411256196
old-holland-3-6-7,19,white_tint,True,0.016734589034917025,0.015422834525934868,0.02955660603273269,2.1002151959170834,0.016986701353839753,0.015561235745461373,0.03008929673768712,2.1433909743974127,0.016298284091362386,0.014957497169631802,0.028929718738881505,2.068022679185165,0.0166973304438965,0.015318075633753113,0.02950238401012928,2.0964501959088766
old-holland-3-6-7,38,pure,True,4.86680921932872e-18,3.2456116647308e-18,1.3877787807814457e-17,0.0,4.86680921932872e-18,3.2456116647308e-18,1.3877787807814457e-17,0.0,4.704536392393337e-18,3.2456116647308e-18,1.3877787807814457e-17,0.0,4.704536392393337e-18,3.2456116647308e-18,1.3877787807814457e-17,0.0
old-holland-3-6-7,39,white_tint,True,0.008463417134068488,0.006382625887077586,0.017144945298597926,2.2269891015394734,0.007581895825935917,0.006490250296167372,0.014640737228545586,2.234532449334498,0.008427691613111564,0.006356756219007891,0.017041435063630872,2.217297968759517,0.007567294185534275,0.006455460592733721,0.014532630291610171,2.2163822237041524
old-holland-3-6-7,40,white_tint,True,0.026593844387566918,0.023567313263379037,0.04923279604194025,4.855846405311201,0.02368242397692266,0.018990639072657717,0.04421382424527143,4.1129169333520235,0.026468128976169476,0.02342906518125706,0.04902319143391633,4.8375086107591025,0.02371474702110768,0.01909427277638856,0.04420806859409951,4.110028394492188
old-holland-3-6-7,41,white_tint,True,0.03187607257411785,0.028159482342097353,0.06262691495903575,4.445218295191998,0.012973648538740095,0.009947282832586104,0.028448994233321784,2.4097023421433987,0.03139174809359312,0.027768416314739593,0.06209181583074269,4.407575823073347,0.013370624166555952,0.010355238065447992,0.030193795314552102,2.4278502455935085
old-holland-3-6-7,42,white_tint,True,0.032659891571706574,0.028837475046590254,0.04645744146029568,3.5970360938072607,0.012586685416463825,0.009860471128284769,0.030669413744875973,1.2044063408714032,0.031740832703313196,0.028122240459242647,0.044035333824673756,3.5116419946158817,0.012688504329183021,0.009872512811988967,0.030768521769026336,1.2248835920605632
old-holland-3-6-7,43,white_tint,True,0.024937523552498057,0.02104894805070957,0.03910992903041899,3.1838979362288917,0.016111245380025684,0.012199835375492827,0.03669296948746226,2.081879770585487,0.0239104234257466,0.020171666496691932,0.03785351951534821,3.083515660013656,0.016086640874939447,0.012184193093956993,0.03669937499205567,2.043969591839852
old-holland-3-6-7,44,white_tint,True,0.019020080451572566,0.013744118088323034,0.04439027426808251,3.129246932443443,0.025266746211157678,0.020834156631392733,0.05397690214101969,3.247353374350635,0.01962936945570731,0.01428106054281424,0.045062347140033654,3.0810800602565545,0.025932996879689064,0.021534032354587524,0.05402444050623145,3.217331420974761
old-holland-3-6-7,45,white_tint,True,0.06536338237897645,0.06321338556384924,0.08307460335938399,3.4258877208657514,0.06698845116035483,0.06459859178315584,0.08444713029429196,3.5648287970360895,0.06625221755324767,0.06397488203481407,0.08343660400221431,3.4711916071754696,0.06780290932695786,0.0652897295314186,0.08471869845915314,3.6061644308521084
old-holland-3-6-7,46,pure,True,6.565093171632399e-18,4.3647881008448694e-18,2.0816681711721685e-17,0.0,6.565093171632399e-18,4.3647881008448694e-18,2.0816681711721685e-17,0.0,7.022330495795052e-18,4.8124586752904974e-18,2.0816681711721685e-17,0.0,7.022330495795052e-18,4.8124586752904974e-18,2.0816681711721685e-17,0.0
old-holland-3-6-7,47,white_tint,True,0.019642707691942884,0.018713197001495922,0.03099631244464479,3.6383798629574104,0.017624941930362528,0.016396041201891816,0.028273211942879267,3.0866741852441493,0.01959565599093268,0.018637317249062008,0.031069323628345996,3.6337880983335857,0.01768313712293942,0.016472312243649413,0.028362538026993817,3.102441560981032
old-holland-3-6-7,48,white_tint,True,0.025622386051491617,0.02437919592020651,0.04022971316781765,4.280899069031851,0.020810762448718448,0.018874992614053274,0.03266580333410654,3.1619852801247617,0.025500367630188994,0.024209680871230602,0.04025223583942189,4.26856205893135,0.020931937171377733,0.01906329062123021,0.03287770348038119,3.1893209952903927
old-holland-3-6-7,49,white_tint,True,0.03659763062228907,0.03389894699539407,0.05720607634506311,4.223346128216529,0.01924296257632025,0.017671793232827082,0.028408388627162273,2.2064013666386244,0.035852530011148645,0.033323107650822886,0.05437460278423298,4.159196359761428,0.01970741701826352,0.01820559757134565,0.029273626807630737,2.2295590713073508
old-holland-3-6-7,50,white_tint,True,0.03115536784897157,0.02511830151217571,0.04721531620647551,2.959201447841884,0.014132684620658167,0.011630677819512972,0.028236215716935353,1.966015714582677,0.029456168531887754,0.02392135265216044,0.044223474890438624,2.847410750855219,0.01407583906875482,0.011639435568163757,0.028023318581260503,1.9271742458293848
old-holland-3-6-7,51,white_tint,True,0.025365398201487827,0.023413275221186594,0.04054241345726495,2.1262370437663947,0.02763216228254965,0.023586858650413847,0.047976379196272845,1.9887403290152097,0.024489878055097006,0.022004016160741335,0.0404275977146894,2.022432207963491,0.02775230610281395,0.024072142688726976,0.04774591569177755,1.9470645467177914
old-holland-3-6-7,52,white_tint,True,0.027056182217023793,0.023873208259865254,0.04269185020253641,1.4986231591937762,0.031786208036425116,0.030441982148368362,0.04730008467189295,1.5621796292666659,0.02781322797123865,0.0254843997151684,0.042665996613833634,1.4397810594185814,0.032635901991571944,0.03153055141437799,0.0471226929259454,1.5473770840122965
old-holland-3-6-7,53,white_tint,True,0.04584530660938453,0.03932368658871018,0.06682623592004766,2.9875042184126634,0.047348957412932886,0.04046791445288569,0.0692263234972742,3.095928057899218,0.04743622722982971,0.04044206813753849,0.0703469366085836,3.1061041111579426,0.04880908943019827,0.041490267154756226,0.07240476033892862,3.205638561584597
old-holland-3-6-7,116,chromatic_binary,False,0.01062281857403868,0.009823717033173682,0.015298903963285294,6.105338064653546,0.0033692497506083007,0.003087704751012682,0.004787919939527811,5.068441274505274,0.01606424358374209,0.013763503780354222,0.045947223174061975,5.291197867786583,0.005590202624461968,0.004684359741927476,0.009807585052555454,6.799398767374354
old-holland-3-6-7,117,chromatic_binary,False,0.02425280538991876,0.02388734019694301,0.03186755563106852,5.216402444203435,0.018221393511577002,0.018021539853611927,0.023820293655965608,4.421166734718843,0.06406384798666963,0.04430500918768895,0.2012631566748883,5.594196026584399,0.045131461011965815,0.030832593264683465,0.145443707824356,4.498946915447705
old-holland-3-6-7,118,chromatic_binary,False,0.005152732526693568,0.0045778712211824385,0.007385245647319946,4.64947995533811,0.0077369492979708415,0.007149011235701408,0.010533771038813939,4.584619320737308,0.00460284250680095,0.004097942816486933,0.0071662262732187995,4.548952285514611,0.00902742199373625,0.008259546519581119,0.012639636983951728,5.096105245872017
old-holland-3-6-7,123,chromatic_binary,False,0.019532257107698285,0.018797906119075097,0.024899245005947913,7.538659840672148,0.006281755088837492,0.006011945147256092,0.008895057865984518,3.6201812543894785,0.027320438591845218,0.024006268416865338,0.07978677221144317,6.947125318775467,0.006669772628478883,0.005280210950872089,0.020350072972674944,5.857785224642099
old-holland-3-6-7,124,chromatic_binary,False,0.017546519278776186,0.016713244127408277,0.02203089468531527,6.119944287052522,0.01193051155174362,0.010779499871563932,0.02369049248675137,4.8987082766093,0.05763220539495762,0.03819961247984973,0.18736988936182408,5.055155462807984,0.03658501979400984,0.022975457904439403,0.12253671342161815,4.268251246745498
old-holland-3-6-7,125,chromatic_binary,False,0.0036218973211921066,0.003020926600099805,0.007112352317432534,2.599266585016484,0.0038132902228023785,0.0034131058968001186,0.0057456894476084555,1.9813999082197609,0.003739587128728089,0.0030333512176112677,0.007115371762619026,2.5226576868028943,0.0050464411134099494,0.004367279577429129,0.007376340435421857,3.0540544245144363
old-holland-3-6-7,130,chromatic_binary,False,0.019977393777380982,0.019283439933468656,0.02481917018765514,8.455595532417618,0.0085696722785575,0.007880396821916326,0.011477105844347354,5.544114558179882,0.042966898009612564,0.03150515591336491,0.15154959286613898,6.904154793449255,0.017193287456565592,0.011530357225176587,0.06525431042821625,6.7732664331548
old-holland-3-6-7,131,chromatic_binary,False,0.006483189600811099,0.005081922056197191,0.01031867729811932,3.791428982400868,0.004574027822355865,0.004290850971600478,0.007736443680959874,2.432162790617157,0.008904519125628035,0.0070099771488854904,0.02716439279149048,3.488030523879303,0.006615617885965848,0.005980158580720414,0.009645459492796753,4.420958856061059
old-holland-3-6-7,134,chromatic_binary,False,0.014902611533793587,0.013913878035008355,0.019962978171269,7.022190243115024,0.002359651526908246,0.0020357993264448187,0.003792841432528945,3.6162979251869967,0.02608772831327615,0.02054156074365223,0.08906916909123253,6.009518320375443,0.005830780062825608,0.004424449739371056,0.02001348028826303,6.335208562027944
old-holland-3-6-7,135,chromatic_binary,False,0.009130094007500884,0.00766984753673051,0.013560133119905091,5.169412827761347,0.0049257442168335296,0.004622726493782186,0.007582594665197371,3.0238990288387844,0.01550076182710992,0.01172409434399913,0.054212338246289495,4.545064024824189,0.007474412127176764,0.006645089216423374,0.011653857153407457,5.613111499704913
old-holland-3-6-7,138,chromatic_binary,False,0.014046064107873171,0.013775507200389295,0.016813445018218055,5.258251251811861,0.005973098263213936,0.005040226639262603,0.008855073978776745,4.43080297245388,0.032280354820539384,0.023731495497736836,0.10725911941686811,3.9287057716085143,0.012029636589440375,0.00874470509493469,0.04246045441868292,5.429247794026711
old-holland-3-6-7,139,chromatic_binary,False,0.005231733066072313,0.004479469126142389,0.008148060262786895,5.033732422980534,0.011323887431727006,0.011071840761406616,0.013609955152351045,5.137672933634943,0.004622180154534515,0.0038622866275265207,0.008056573615278485,4.71884266004808,0.013520435486417261,0.01301527832585491,0.018121089811938357,6.275483222562936
old-holland-3-6-7,161,chromatic_binary,False,0.001170123357879401,0.0010761018965920444,0.0019910476557910665,0.670369980460252,0.000979683309027323,0.000824554029571197,0.0018415190953823962,0.5111580662922178,0.0011750457296058276,0.0010804917067691435,0.0019991252283253075,0.6806922616930736,0.000979718715444785,0.0008243421155649586,0.001852218167554591,0.5205778403320159
old-holland-3-6-7,162,chromatic_binary,False,0.005561376415923847,0.005544726929686192,0.00613507272506187,2.0444995025763952,0.004273174937367019,0.004247720376566876,0.0049647709389383995,1.787016711424375,0.00556427051596572,0.00554721524732737,0.006158235226481339,2.048765485941581,0.0042727250978103724,0.0042470473459290045,0.004967619100582618,1.7899720043643463
old-holland-3-6-7,163,chromatic_binary,False,0.0006153523447145486,0.0005094960568266942,0.0016229881967167459,0.7750650921123433,0.001467440809351949,0.001242136198367004,0.0036255093505461328,0.9129150608624099,0.0006062064005118621,0.0005051678117507206,0.001587319701285915,0.7566892799906138,0.001461218001585233,0.001240126121953128,0.003600932483935379,0.8977401400574517
old-holland-4-5-7,1,pure,True,7.258340236917172e-17,4.8348422040127785e-17,1.1102230246251565e-16,0.0,7.258340236917172e-17,4.8348422040127785e-17,1.1102230246251565e-16,0.0,7.258340236917172e-17,4.8348422040127785e-17,1.1102230246251565e-16,0.0,7.258340236917172e-17,4.8348422040127785e-17,1.1102230246251565e-16,0.0
old-holland-4-5-7,20,pure,True,1.7403103615389775e-17,6.4912233294616e-18,5.551115123125783e-17,0.0,1.7403103615389775e-17,6.4912233294616e-18,5.551115123125783e-17,0.0,1.7358422916209957e-17,6.267388042238787e-18,5.551115123125783e-17,0.0,1.7358422916209957e-17,6.267388042238787e-18,5.551115123125783e-17,0.0
old-holland-4-5-7,21,white_tint,True,0.023104022794004173,0.015859132977666262,0.06278686213868348,2.6063067462517036,0.01408376832815441,0.00820864007972903,0.04259828397223328,1.7740665744710635,0.02353563921998839,0.016497072180954152,0.06282776629686065,2.621604619413773,0.013957019642459942,0.008145783100369286,0.042421373248790195,1.7475985539854197
old-holland-4-5-7,22,white_tint,True,0.02491694935178133,0.020310866794822382,0.0641307949986866,2.592349593344476,0.009617171839518664,0.00789404940619055,0.024064004804556116,1.4508795147968478,0.026030450497351486,0.021362997888293347,0.06410716286235771,2.60433137298133,0.009479079688050607,0.007906758810868844,0.024067786305799865,1.403268150983396
old-holland-4-5-7,23,white_tint,True,0.02300884381729759,0.019594694644710833,0.04251502776364802,2.0160131392800342,0.025437727915090386,0.020502070972509667,0.05169220763179716,1.58692782191866,0.022306629167498704,0.019071161804748608,0.04245848713020828,2.0121646156486355,0.025000193650204672,0.020180883993145673,0.05173261181215427,1.596648831718788
old-holland-4-5-7,24,white_tint,True,0.02780705058900656,0.02236999391535348,0.046821717410684194,1.419169717683661,0.03138927284311908,0.027494654703759256,0.05079136544241836,1.429343545338875,0.027297280167067426,0.02203158695535792,0.04678023138332299,1.415604728209861,0.03102514403562114,0.02720409178485077,0.05079202838748342,1.4309286716145644
old-holland-4-5-7,25,white_tint,True,0.045380729384171405,0.042710789533062614,0.06799828941640862,1.569931700327374,0.046681044993049,0.04433152597933012,0.0680632948911537,1.6388004430000074,0.04522120060791327,0.04259963113338098,0.06713297784856842,1.5693465873213202,0.046540226600302395,0.04422742408964039,0.06731309938278385,1.6372418403232942
old-holland-4-5-7,27,white_tint,True,0.03008711345720638,0.027834131385796566,0.061194569176536706,3.967192156125381,0.010822043801172734,0.009273012669890869,0.027524315467634675,0.928564500204548,0.03072021670798162,0.02882719400064745,0.06117372168171312,3.9708216773397473,0.011176465374951716,0.009646466864689045,0.027775711255831392,0.9369334984158949
old-holland-4-5-7,28,white_tint,True,0.03492421437433704,0.03063347974159734,0.050992201569325574,4.558445363868451,0.019611584197801703,0.017526918728451676,0.030652003902251285,2.668700740499786,0.03521276798447343,0.03139531738811974,0.05100531402940664,4.558821658555893,0.019895883866710876,0.01800661044575604,0.03091751133047188,2.6935151905575783
old-holland-4-5-7,29,white_tint,True,0.03848852846954583,0.030227410143720136,0.07234372342416373,2.443455673001622,0.03877014152010071,0.028030245667665037,0.07285199465617698,1.9356641578515805,0.03767525113165839,0.029773422546058453,0.06848897683895216,2.4394507656324333,0.038192884197367626,0.027754832806967146,0.069919095989874,1.9431950013082242
old-holland-4-5-7,30,white_tint,True,0.04628593805210958,0.04465602874475324,0.06426121506113502,1.66429843297133,0.048100113577437535,0.04675429382014565,0.06434567378824285,1.779750065586431,0.04610110106225134,0.044518330613639655,0.06318033471497886,1.6638312802153632,0.047938641188223295,0.04662606366095607,0.06341474653495227,1.7779819546687707
old-holland-4-5-7,31,pure,True,7.682475758478438e-18,2.9098587338965798e-18,2.7755575615628914e-17,0.0,7.682475758478438e-18,2.9098587338965798e-18,2.7755575615628914e-17,0.0,8.076701741402097e-18,3.3575293083422074e-18,2.7755575615628914e-17,0.0,8.076701741402097e-18,3.3575293083422074e-18,2.7755575615628914e-17,0.0
old-holland-4-5-7,32,white_tint,True,0.03977582453715215,0.03799934917552382,0.06542828172165943,5.900322103370076,0.0365714179965044,0.035660205828892774,0.05132547640774637,5.113088731966453,0.040171857985664264,0.038333521759171124,0.06499513989155903,5.903384201816993,0.036644006916405125,0.03574663551842659,0.05068206858463059,5.134907305090161
old-holland-4-5-7,33,white_tint,True,0.029697160270219243,0.02625566335695142,0.054049395862497907,3.73317603027041,0.014438064551768378,0.011510505170350245,0.027727181320253258,1.96985457701224,0.02973478247470769,0.02651373543105461,0.05299286916886195,3.7341037836416273,0.014432101229373016,0.011665936735395958,0.028079766367804543,2.0188048420165674
old-holland-4-5-7,34,white_tint,True,0.022829384882693572,0.021181439272076358,0.034504748745126324,2.4107260333845724,0.018266201962998344,0.01334383107120036,0.04008373710291846,1.5447442944335552,0.022340755269570876,0.02085558723622066,0.0304531187983971,2.4044988790392883,0.018434044660279116,0.01367921329060031,0.04089157925820375,1.544285142658151
old-holland-4-5-7,35,white_tint,True,0.026727744355859895,0.023894182229551874,0.04767273590790533,1.642287935054031,0.02604559323169673,0.021296391008299147,0.048576128361126125,1.3211233835906466,0.026396871897319596,0.02376780820382763,0.043055650456982675,1.6374272987307201,0.02598197787553969,0.021290014768432536,0.04522013618441667,1.3131357647327628
old-holland-4-5-7,36,white_tint,True,0.029178129530872194,0.02407030004174731,0.06058963855372734,2.33035550014107,0.03318900397569315,0.0277671503055179,0.06089925865981616,2.7024142144032464,0.029103706193629796,0.024050437124296876,0.05805359693464074,2.329241589048429,0.0331268397076185,0.02769156527073843,0.058910406434790286,2.6869884315897736
old-holland-4-5-7,37,white_tint,True,0.03193567142356971,0.026694196953954703,0.04912790499626751,2.705096034828588,0.032795362383893245,0.027403056932669898,0.049179702770745126,2.816153558264348,0.03196613105035067,0.026717797793574114,0.0484552724901568,2.7062462090770247,0.03281348578092399,0.027409770780137444,0.0485777235849556,2.8135398556354207
old-holland-4-5-7,46,pure,True,6.565093171632399e-18,4.3647881008448694e-18,2.0816681711721685e-17,0.0,6.565093171632399e-18,4.3647881008448694e-18,2.0816681711721685e-17,0.0,5.538510076933751e-18,3.917117526399242e-18,1.3877787807814457e-17,0.0,5.538510076933751e-18,3.917117526399242e-18,1.3877787807814457e-17,0.0
old-holland-4-5-7,47,white_tint,True,0.019647180861998913,0.018692820790002375,0.031047537945252807,3.633145130794114,0.01768612665734779,0.01644470300717923,0.028400104237835233,3.105435155857488,0.019595747622671654,0.01863738160235568,0.031068698520152926,3.63381617295479,0.017688020383029364,0.016465096758486297,0.028390452444191444,3.099678066849799
old-holland-4-5-7,48,white_tint,True,0.025609438562983894,0.024321970479441405,0.04024111565240651,4.267700240139225,0.020932324491303896,0.018978965081635005,0.03297922529200417,3.1937328786313395,0.025500503032158457,0.024209785523179168,0.0402526168684369,4.268600161496832,0.02094678963553682,0.019045931953468122,0.032884400774562145,3.184459098128374
old-holland-4-5-7,49,white_tint,True,0.03626039356876594,0.033634634370917585,0.05803653684908652,4.161020742486405,0.019428975025773988,0.017887439609086387,0.029210112227293916,2.191685260700405,0.035852595740913165,0.03332324576910072,0.05437132242358911,4.159208169563682,0.01963395299746308,0.01812959674327676,0.028924234393110343,2.213510326042641
old-holland-4-5-7,50,white_tint,True,0.03018219919731751,0.024399745629150798,0.04760618796231422,2.853799750102318,0.01370747563239356,0.011287637860283911,0.027832454066020085,1.8855705060691261,0.0294560420969358,0.023920841600163674,0.044228484905397686,2.847377899916243,0.013901560026581538,0.011502665126047187,0.027911522029278713,1.9185785955142007
old-holland-4-5-7,51,white_tint,True,0.02468452926207575,0.022593412416537877,0.040461873045501084,2.030538015137493,0.02757106241026245,0.02401425581861625,0.0476455823405445,1.9339770036196762,0.024489653108531212,0.022003700094378888,0.04042858138069205,2.022380229855759,0.02776801441766345,0.024165518190526158,0.04773894816965296,1.947847960139318
old-holland-4-5-7,52,white_tint,True,0.0273474792559966,0.024845324378074053,0.04267807069940599,1.4457676805893356,0.0322350614519631,0.03118881768920572,0.04710351355222897,1.5466300679309983,0.027813144169672423,0.025484461393169885,0.042665034710731464,1.4397411804368607,0.03267126394600333,0.0315792973134415,0.0471706221681345,1.5496557826310644
old-holland-4-5-7,53,white_tint,True,0.04685094838568715,0.040031886849176274,0.06738099722938495,3.0976470028305316,0.04829707378624716,0.04113351785550794,0.0699872487753419,3.2006699061127497,0.04743632800078197,0.04044213560810306,0.07035093704022521,3.1061354687415585,0.048822499764451036,0.041499158148611534,0.07238961499092211,3.207665662477066
old-holland-4-5-7,142,chromatic_binary,False,0.011688096650878489,0.008306930148321342,0.045969708442523904,2.421030290456793,0.008039072457105735,0.0060930635984576985,0.021588155891394734,2.86924517038835,0.011935964003706489,0.008603303317822724,0.04437788726793024,2.489907722170608,0.00863250926511324,0.006451182473514195,0.024252659857409292,3.0002809793187892
old-holland-4-5-7,152,chromatic_binary,False,0.01884601581987732,0.011682980360945687,0.06527035966385132,4.0203416894506026,0.005856414688601624,0.0032153025177764135,0.02193885293255102,0.5690033425581914,0.020653076751238588,0.012320960972584099,0.07501002017769777,4.079790186254513,0.006237513623648108,0.003243791950606273,0.024784662205167018,0.549448980307603
old-holland-4-5-7,158,chromatic_binary,False,0.004364217370924488,0.003877149729026163,0.007691888993269974,0.697266398581518,0.0013553588094178247,0.0009200316085087143,0.0034881631165270266,0.1279631529837131,0.004605210854933976,0.0040092898625166485,0.010263376658671781,0.6989622906516005,0.001397565563670089,0.0009324327238106984,0.0035478923979330446,0.09512913884199518
old-holland-4-6-7,1,pure,True,7.258340236917172e-17,4.8348422040127785e-17,1.1102230246251565e-16,0.0,7.258340236917172e-17,4.8348422040127785e-17,1.1102230246251565e-16,0.0,7.258340236917172e-17,4.8348422040127785e-17,1.1102230246251565e-16,0.0,7.258340236917172e-17,4.8348422040127785e-17,1.1102230246251565e-16,0.0
old-holland-4-6-7,20,pure,True,1.7358422916209957e-17,6.267388042238787e-18,5.551115123125783e-17,0.0,1.7358422916209957e-17,6.267388042238787e-18,5.551115123125783e-17,0.0,1.7358422916209957e-17,6.267388042238787e-18,5.551115123125783e-17,0.0,1.7358422916209957e-17,6.267388042238787e-18,5.551115123125783e-17,0.0
old-holland-4-6-7,21,white_tint,True,0.023746905929797335,0.01671335886477084,0.06245979733258733,2.5564059654559577,0.014677559195212667,0.009442323871910187,0.04120647236736791,1.8978292016054776,0.023535520602548394,0.01649701251660027,0.06282719007073342,2.621616828951059,0.013930432419448819,0.008093120770636297,0.04240047069772704,1.7376346290770406
old-holland-4-6-7,22,white_tint,True,0.024216253718785438,0.0191127271449592,0.06400078430307524,2.5550661540675397,0.009966985110534243,0.008243410407541158,0.019865383678450144,1.7740984010797471,0.026031014259964243,0.021363058840073657,0.06412009366324453,2.604368992054341,0.009412349686451384,0.007798595548817457,0.024120399419251537,1.3729862672894735
old-holland-4-6-7,23,white_tint,True,0.026265964773944755,0.02164051664762936,0.053084862064254335,2.025938585912828,0.02736288172088132,0.021582353817891854,0.052582123196835195,1.5188419793086612,0.022305950042237104,0.019070223979828684,0.042459283850200924,2.0121309012813575,0.02500165057889208,0.02018716009550212,0.051742175123380085,1.6010452515557019
old-holland-4-6-7,24,white_tint,True,0.029864078227165806,0.023613504588334205,0.05641072367252231,1.4285105228806154,0.03278449354746564,0.028551664324860646,0.05393038056956978,1.4118189461718278,0.027296848777376696,0.022031820364352524,0.04678081598356154,1.415584437826671,0.031006209992972468,0.027163872284384404,0.05079641827805448,1.431294077088222
old-holland-4-6-7,25,white_tint,True,0.045954879400451266,0.04309257135433397,0.07186534867933592,1.5730117302432847,0.04716895015938983,0.04468297099473884,0.07128477838326086,1.6501865828370548,0.04522127583695801,0.04259979044373315,0.06713336685512661,1.5693710414244846,0.046530754938148046,0.044216349428462455,0.06730964896966374,1.636643923930815
old-holland-4-6-7,27,white_tint,True,0.029983646510532164,0.027076017493544886,0.061153830048556596,3.956315767491804,0.009633130484504695,0.008075474560197983,0.023301306255955834,1.0318426618726992,0.030721044849141975,0.0288273943777049,0.061179757673577084,3.970848434398995,0.011268530947926403,0.009774609559920109,0.027876924396209368,0.9639472072364031
old-holland-4-6-7,28,white_tint,True,0.03499255811133486,0.030252340652580586,0.050937887409578164,4.55601315121026,0.019216223354142747,0.017061749857399996,0.02806107318101997,2.5192303723163603,0.03521281551329178,0.03139548996688553,0.05099851296934427,4.558819993406075,0.020024473975136667,0.018101691888279255,0.03100167862650141,2.712386013953721
old-holland-4-6-7,29,white_tint,True,0.04184673843891274,0.0319922531646018,0.0914810223495569,2.4553276272490776,0.04102087480695255,0.029008446111232513,0.08733878006001716,1.8917792798069173,0.03767483753445147,0.029772407603374792,0.06849068080317777,2.4394177761069202,0.03820591612037006,0.0277883135224065,0.06989042203436602,1.9496844986583324
old-holland-4-6-7,30,white_tint,True,0.046956262972089,0.04513346924436987,0.06913034888097735,1.6663821508614762,0.04866206011287424,0.04719188440890018,0.06838212274023225,1.7911091307319869,0.04610116404915058,0.04451848472134304,0.06318081995809421,1.6638514062961243,0.04792536116570449,0.04661169485966078,0.06341023605977725,1.7768715104106303
old-holland-4-6-7,38,pure,True,4.536462648073233e-18,3.0217763775079866e-18,1.3877787807814457e-17,0.0,4.536462648073233e-18,3.0217763775079866e-18,1.3877787807814457e-17,0.0,4.9065389333867974e-18,3.3575293083422074e-18,1.3877787807814457e-17,0.0,4.9065389333867974e-18,3.3575293083422074e-18,1.3877787807814457e-17,0.0
old-holland-4-6-7,39,white_tint,True,0.008732375317427758,0.006563013820483236,0.01958705704111703,2.211665410172916,0.0076938291152389504,0.006591532312271886,0.0146835462407503,2.27576000393393,0.008428808435941255,0.006357886037316356,0.017041947169805505,2.217420846433164,0.0075890067518416485,0.006477790367915605,0.014574990205599159,2.221651840707474
old-holland-4-6-7,40,white_tint,True,0.027074281396611506,0.0238432568729399,0.05420578632882993,4.831054530220079,0.02366121884126121,0.018859477655344573,0.0444770611457776,4.200307387997689,0.026468572375246722,0.023429146422905275,0.0490242281973344,4.837564413944422,0.023749613918333752,0.019083686310561832,0.044251825233310615,4.11304008580723
old-holland-4-6-7,41,white_tint,True,0.03358324045183266,0.029007800669646033,0.07557266544352925,4.405253171194654,0.012689040038459146,0.009546475141173013,0.026079517450219053,2.6029712505029314,0.03139122816875934,0.027767882874982285,0.06209446054032941,4.40751142944118,0.013339796626205526,0.010237687876967706,0.03067560218340415,2.430705352640581
old-holland-4-6-7,42,white_tint,True,0.03441814132170768,0.030178951965012104,0.05218360868606084,3.5676958828362317,0.012297874755539246,0.009265964611659069,0.030276416183014576,1.0744219141912141,0.03174033150635959,0.028121694829278003,0.044037335407593,3.5116635621903147,0.01250608808543603,0.009675478976740865,0.0305915274333165,1.1954052436981824
old-holland-4-6-7,43,white_tint,True,0.02552971601760614,0.022066761949698557,0.038182275213858224,3.168674620340701,0.014979995623682737,0.011164134347209543,0.03636163303941131,1.9611375694937814,0.023910376668309124,0.020171736193114093,0.037856183784521796,3.0836020295363786,0.01599457405111215,0.012089518989469772,0.03664440948172243,2.030282896678976
old-holland-4-6-7,44,white_tint,True,0.01672218967927147,0.01210621850433092,0.03799455837775245,3.1573370560193337,0.023616561212843362,0.02006085554832637,0.04185926535644213,3.2188865975584635,0.0196298195157734,0.01428112728856953,0.04505903152640944,3.0811965642306074,0.02596173879676439,0.02158947729652565,0.0538949135122474,3.217938426014674
old-holland-4-6-7,45,white_tint,True,0.0644947976178826,0.06249147660736201,0.07818445975914567,3.462364087498467,0.06622319189897696,0.06396357502935836,0.08003228454840217,3.5969808450313474,0.06625230092149377,0.06397496119184384,0.08343481906248862,3.471206765633249,0.06781431387563906,0.06529898266054589,0.08469881610375785,3.6076986036792795
old-holland-4-6-7,46,pure,True,7.022330495795052e-18,4.8124586752904974e-18,2.0816681711721685e-17,0.0,7.022330495795052e-18,4.8124586752904974e-18,2.0816681711721685e-17,0.0,6.565093171632399e-18,4.3647881008448694e-18,2.0816681711721685e-17,0.0,6.565093171632399e-18,4.3647881008448694e-18,2.0816681711721685e-17,0.0
old-holland-4-6-7,47,white_tint,True,0.019599427027229166,0.018647193206576467,0.031049425114213797,3.632152112867478,0.01767412499704759,0.01645228731076349,0.028382719626641906,3.1008456953162042,0.019595792498948474,0.018637412977835374,0.03106839260480304,3.6338300304466915,0.01768548171062685,0.016468747888668377,0.028375335546163144,3.1011007426808206
old-holland-4-6-7,48,white_tint,True,0.025517121952292048,0.02423429679642681,0.04023596463474108,4.266536459643465,0.0209214612679284,0.019017857078863314,0.03291613479122332,3.1872182539494487,0.025500569230383473,0.024209836444816037,0.040252801130899074,4.268618966484131,0.02093896970553358,0.019054668831882365,0.03288108238137616,3.186931202289385
old-holland-4-6-7,49,white_tint,True,0.03599886618864435,0.03342059942836192,0.05529752319623166,4.160934310006798,0.019580462551287495,0.018066068553117987,0.02911097659397152,2.2122060105894983,0.03585262714095393,0.033323312383066704,0.054369686881815815,4.159213929145518,0.01967027015456471,0.018167940304720107,0.02910421248142611,2.2215672214579283
old-holland-4-6-7,50,white_tint,True,0.029781972297272814,0.024153528127611696,0.044704196644581445,2.8543954609629445,0.013924568664388995,0.011502174043235957,0.02790497862298502,1.9138173242070224,0.029455979028569782,0.023920587473936057,0.04423095011465736,2.8473615232889493,0.013989664577344399,0.01157156861440245,0.027970824702724162,1.9228115896347036
old-holland-4-6-7,51,white_tint,True,0.024624267379942014,0.02229668094910045,0.04045890449698164,2.0305242439292,0.027698934797138867,0.024049036405707984,0.04771054705145861,1.9460379102518448,0.024489542858513427,0.022003543562283484,0.040429062763007506,2.0223543727916153,0.02775995701394913,0.024118230575995037,0.047742328132493905,1.9473525294061749
old-holland-4-6-7,52,white_tint,True,0.027635936364516923,0.025203953874429735,0.042684295810662465,1.4450384877891764,0.03247458376464991,0.03137545291601467,0.04715006965095647,1.5494150559841189,0.027813103940034424,0.02548449352124085,0.042664559405045654,1.4397213453368793,0.03265330545306425,0.03155463762210441,0.04714664220149145,1.5484481430139119
old-holland-4-6-7,53,white_tint,True,0.047157703359707204,0.04025102373194959,0.06921432498595115,3.098667181107524,0.04856333322841603,0.04132187489673959,0.07137255626658134,3.200390991115706,0.04743637887030734,0.040442169824317864,0.07035293153297928,3.10615114331453,0.04881578351300977,0.04149471333683751,0.07240168619728093,3.206658296434875
old-holland-4-6-7,145,chromatic_binary,False,0.013487489101192882,0.00864041942577869,0.03779381221226636,3.6591216345353015,0.003973082658380482,0.0037019955696989512,0.006290734896641118,2.486669896374098,0.025856327918278414,0.012728826548877394,0.10616805932247045,3.994852140345158,0.008203516513387205,0.005909666580958838,0.03217723033394771,3.223028162611513
old-holland-4-6-7,146,chromatic_binary,False,0.03545809414416755,0.025624256093035477,0.09397040579915374,6.253725429268268,0.015927962376438315,0.0122422265104597,0.03994599775899928,3.0333200345103153,0.05687261997145339,0.033284083350269264,0.21230801900860885,6.627395121491845,0.029318653236156435,0.016603376834474118,0.11313530584509489,3.2211656236906356
old-holland-4-6-7,147,chromatic_binary,False,0.013262657982525003,0.01245938005923474,0.026482756717990934,4.517404706742911,0.004537944122719493,0.0045046259137231206,0.005924930718757732,1.7462977142139646,0.017141361503407965,0.014142919464570091,0.05584039113070226,4.587497924871475,0.006324813476760362,0.005045783115545726,0.022932188082292214,1.4993884625156901
old-holland-4-6-7,152,chromatic_binary,False,0.013383212950255425,0.009671856769480973,0.03346934824958115,3.8833426831211373,0.005013527395510184,0.003426368095799914,0.012988535753312477,1.2713354467213294,0.020652912849414146,0.01232091907361073,0.0750080857356652,4.079802013905387,0.0067320173027260915,0.003557171449219945,0.02653552011496031,0.5850255359259033
old-holland-4-6-7,161,chromatic_binary,False,0.0011701156004389184,0.0010728824070738085,0.0019991675151181075,0.6801195646811318,0.0010204514078104476,0.0008557516922745441,0.0018938849911080205,0.5134458195999255,0.0011750645137482902,0.0010805113652041587,0.0019992270908864747,0.6807831608274467,0.0010169593564773407,0.0008527544014513363,0.0018960053135805566,0.5142026898962325
old-holland-4-6-7,162,chromatic_binary,False,0.0055583545747978046,0.005540728205025913,0.006146136467725133,2.048656034578135,0.004233484915801554,0.004206728258392143,0.004935763150383295,1.779623628198985,0.005564264439978879,0.005547210949477372,0.006157834942007709,2.048805582889913,0.0042348601507361935,0.004208615435881729,0.004934819858910575,1.7794661996016807
old-holland-4-6-7,163,chromatic_binary,False,0.0006030101641462729,0.0005012077871582063,0.0015900982467328476,0.7576095684815286,0.0014983520793492252,0.0012828373435481225,0.003651215387907275,0.9058784334057682,0.0006060799348098053,0.0005050861639524696,0.0015863440732602138,0.7565501769620853,0.0014974201329698133,0.0012822493118007882,0.003650072932668176,0.9040758138387169
