id,new_delta,old_delta
0,6.344646685363e-5,1.554813963315e-4
1,1.569485536576e-4,1.779899470738e-4
2,1.918594455272e-4,5.309547115511e-5
3,2.858322873259e-4,2.434280190733e-4
4,2.409331456892e-4,2.543886934870e-4
5,2.417209063072e-4,3.111393107577e-4
6,2.535498989977e-4,3.453106845872e-4
7,3.999188657751e-4,5.964498635160e-4
8,1.153826652718e-4,1.684280890748e-4
9,5.573154229429e-5,4.821744045677e-5
10,4.192035157239e-4,2.168481425162e-4
11,1.656778895606e-4,2.951985297904e-4
12,2.049738435799e-5,1.456115495115e-5
13,3.803210124318e-4,8.035562807619e-4
14,2.003827833136e-4,2.123779364951e-4
15,5.306460544238e-5,5.169587619467e-5
16,3.565896829168e-4,3.122745045980e-4
17,7.671434950726e-5,3.236853957651e-4
18,1.524338883566e-4,2.912051466974e-4
19,1.478954548721e-4,2.100397805866e-5
20,5.939251822059e-5,2.214424654800e-5
21,9.416227475674e-5,6.610286342913e-5
22,3.125900301142e-4,1.276232389217e-4
23,1.077802387763e-5,7.914213130821e-5
24,2.016780115946e-4,2.927979526906e-4
25,3.277318748851e-4,4.351782885890e-4
26,5.439878886686e-5,4.173100083845e-3
27,2.376819357253e-4,1.466326852108e-4
28,3.024166012099e-4,5.262633861263e-4
29,1.212459003101e-4,2.553329804351e-4
30,2.445185601599e-4,1.917030138209e-4
31,3.373198133801e-4,4.263069804638e-4
32,2.651308607919e-4,1.576618508134e-4
33,1.106791950569e-4,1.694302885813e-4
34,4.575496974382e-4,3.711049881213e-4
35,9.675613621822e-5,3.175753143789e-4
36,1.365479072085e-4,9.036737274033e-5
37,2.658380008029e-4,3.358930551022e-4
38,9.649507279005e-5,2.371463348774e-4
39,1.241204674016e-4,1.130937455984e-4
40,3.449292791328e-4,5.079004515495e-4
41,2.028371936157e-4,2.052695948506e-4
42,1.020410505797e-4,2.874148306611e-4
43,2.470354208493e-4,4.047178525886e-4
44,7.788397081364e-5,2.060614235990e-4
45,2.267440554164e-4,4.468248437236e-4
46,3.865896501887e-4,6.801869273869e-4
47,1.928304066999e-4,3.343984081683e-4
48,1.515880068999e-4,2.190382973782e-4
49,4.029688276635e-4,3.080350646180e-4
50,4.941726731410e-5,3.753647595636e-5
51,2.408091703600e-4,1.634828443057e-4
52,3.079673535390e-4,5.119547826605e-4
53,1.530429863528e-4,1.561321455080e-4
54,1.204040528475e-4,2.455189433461e-4
55,3.400021409249e-4,2.577018203989e-4
56,1.909878985452e-4,7.484892998424e-4
57,1.449207821642e-4,5.819961250629e-4
58,1.480537341131e-4,4.198213338372e-4
59,1.192661054684e-4,4.104939909484e-5
60,1.772991508091e-5,1.381941704675e-4
61,3.571122403203e-4,1.831732184479e-4
62,5.917901345655e-5,1.476495633200e-4
63,2.022524234638e-4,1.065894082863e-4
64,2.556392775958e-4,1.440398117210e-4
65,2.105618286816e-4,2.313745554527e-5
66,1.282458373023e-4,4.627773636728e-5
67,1.193498028692e-4,3.400934066136e-4
68,4.525114831897e-5,9.623572262624e-5
69,1.574667197600e-4,5.809502906305e-5
70,8.650210937779e-5,6.411557932069e-5
71,3.915646317777e-5,7.645745080349e-5
72,1.471407653796e-4,1.875415454882e-4
73,1.214376902665e-4,3.438568616964e-4
74,6.160803538775e-4,0.000000000000e0
75,9.782307437970e-5,1.178629610116e-3
76,3.287945951866e-4,3.883544256800e-4
77,4.485798075255e-5,4.649351543008e-4
78,6.247187779177e-5,7.143161598215e-4
79,1.950957303951e-4,4.322913112400e-4
80,1.271246210805e-4,2.960552157371e-4
81,1.459355580499e-4,2.460289309836e-4
82,1.743438120337e-4,8.386302953973e-5
83,9.300330911645e-5,8.293456734172e-5
84,8.105125281842e-5,6.543397201912e-5
85,2.793740625387e-4,5.448444795823e-4
86,1.309395620980e-4,2.078268735659e-4
87,2.116180104492e-4,2.828750288302e-4
88,7.707006643520e-4,7.936777651205e-5
89,1.786782125529e-4,1.520911898223e-4
90,1.617026532737e-4,2.352843314387e-4
91,1.759084167148e-4,7.254459711264e-5
92,1.710482682900e-4,1.470783164436e-4
93,1.159369288291e-4,2.619029360664e-4
94,1.880948166277e-4,1.428353891077e-4
95,5.895534293210e-5,6.843395274169e-5
96,6.772538498846e-5,1.258316894011e-4
97,4.117909581908e-4,4.565841390405e-4
98,3.064921778518e-5,3.138088621213e-5
99,1.769620318255e-4,2.824705002083e-4
100,2.822940885269e-4,2.338231726212e-4
101,1.877649058472e-4,1.475396689259e-4
102,1.958581085017e-4,3.131721754363e-4
103,3.055234837603e-4,1.848223690139e-4
104,1.709400718802e-4,1.083132853066e-4
105,5.017601628311e-5,6.871930983960e-5
106,2.602679749010e-4,6.098164935498e-4
107,2.674227231245e-4,3.063408404687e-4
108,2.431964753758e-4,7.084626455611e-5
109,3.294652204211e-4,4.140806847710e-4
110,2.271823242609e-4,2.591395477961e-4
111,8.287329138712e-5,1.179617704979e-4
112,2.023369661346e-4,2.310048721665e-4
113,1.275758614375e-4,5.766340957432e-4
114,2.209800971525e-4,2.209182535941e-4
115,3.556050365690e-4,5.590971851001e-4
116,1.327385999756e-4,1.116548813932e-4
117,2.014384420056e-4,1.895201930326e-4
118,1.382858274529e-4,1.985934806444e-4
119,2.207564876437e-4,1.833889324928e-4
120,2.179491670987e-4,2.209734589619e-4
121,3.675762544980e-4,1.032071300342e-4
122,2.587665114257e-4,3.070750651141e-4
123,2.127322468967e-5,4.603373344761e-5
124,3.613571087569e-4,2.064878332692e-4
125,5.490982790136e-5,4.421951331103e-4
126,2.377343096098e-5,2.925681025452e-5
127,1.399211565137e-4,3.558649395596e-4
128,1.012223172321e-4,2.046631624930e-4
129,3.087081843130e-4,4.119097758581e-4
130,2.836902916659e-4,4.054803121858e-4
131,3.017126995685e-4,1.603736598321e-4
132,3.011974372609e-4,3.150833426279e-4
133,4.005025609183e-4,6.148812790027e-5
134,8.920979848465e-5,9.153589417043e-4
135,1.409630376549e-4,3.024832662833e-4
136,7.432970459222e-5,6.720334156824e-4
137,1.906235494489e-4,2.324544633764e-4
138,1.994839766020e-4,1.250543793939e-4
139,2.625950444785e-4,4.990696919118e-4
140,2.023413140537e-4,7.233564505192e-5
141,1.459506389319e-4,1.405173019859e-4
142,1.649669367831e-4,2.241847156668e-3
143,2.568813864441e-4,3.599472239356e-4
144,5.236954290954e-4,0.000000000000e0
145,2.302412955628e-4,2.648105563360e-4
146,1.340997281103e-4,1.451442061978e-4
147,3.182386199827e-4,3.096540038895e-4
148,3.392723400809e-4,4.097520318638e-4
149,2.594416338482e-4,1.224014080797e-4
150,9.385160569561e-5,1.429371680284e-4
151,1.434147015320e-4,5.389012435862e-4
152,1.702276494563e-4,2.385565513803e-4
153,1.429619661122e-4,7.734330830802e-4
154,2.838304125945e-4,2.519754315652e-4
155,6.526828123226e-5,1.869340827847e-4
156,1.217166468780e-4,3.093846067106e-4
157,3.411133789149e-4,2.956065476139e-4
158,2.060879519479e-4,9.825821313702e-5
159,2.295763492573e-4,1.559948042451e-4
160,1.381530542620e-4,3.060230306899e-3
161,1.094523578801e-4,1.288577293876e-4
162,2.026302235213e-4,1.011551367051e-4
163,2.350742771431e-4,2.627553069912e-4
164,1.631018015102e-4,1.593021525077e-4
165,1.442213268847e-4,1.276253610837e-4
166,1.031958699362e-4,3.059542971570e-5
167,9.842995064149e-5,1.797032640714e-4
168,1.553527467328e-4,1.144743668717e-4
169,4.192011819178e-4,1.729359412188e-4
170,2.735753032095e-4,3.003055882484e-4
171,7.446927425355e-5,2.438400262483e-4
172,3.329826657117e-4,3.820644859142e-4
173,1.593046492254e-4,1.589513281421e-4
174,1.848666917128e-4,1.918333344140e-4
175,2.851540034633e-4,1.266174044230e-4
176,3.046859099938e-4,1.213014820564e-4
177,1.696346322877e-4,2.259448315509e-4
178,3.265107994681e-4,1.431633125688e-4
179,9.409324881874e-5,2.105564298998e-4
180,9.287843528258e-5,5.353183823195e-4
181,1.378539817576e-4,1.027567793365e-3
182,4.939742253937e-5,1.021341081924e-4
183,7.649177286039e-5,1.891115506927e-4
184,1.656794499269e-4,4.376008858197e-4
185,3.155000275646e-5,3.090435998604e-5
186,1.214296002339e-4,2.032227270410e-4
187,4.123926163987e-4,6.454426839060e-4
188,1.565840701286e-4,1.593993890187e-4
189,2.225064792257e-4,3.351452778910e-4
190,5.761430106898e-4,7.053027600500e-5
191,9.119913608283e-5,2.060423598461e-4
192,1.350686665883e-4,1.098752243201e-4
193,3.206442713921e-4,3.605649098622e-4
194,9.792803326788e-5,2.473553045838e-4
195,2.522938912473e-4,8.432872161389e-5
196,2.433485660243e-4,7.441437823798e-4
197,1.617254123475e-4,1.341270523586e-4
198,2.833371012645e-4,2.029555658226e-4
199,2.558724308421e-4,0.000000000000e0
200,1.523178094725e-4,5.937310697106e-5
201,2.078998835482e-4,3.223557020512e-4
202,2.797607573188e-4,6.232038820324e-4
203,1.076658701083e-4,7.437057381367e-5
204,1.922066537326e-4,0.000000000000e0
205,4.263746917378e-4,4.051496429248e-4
206,2.431383526116e-4,7.557611472357e-5
207,2.980145392532e-4,3.067422511897e-4
208,3.918431552225e-4,1.103978029521e-4
209,1.067631442881e-4,4.386925667974e-4
210,2.451605816767e-4,1.389917286994e-3
211,3.588786312705e-4,3.641117588052e-4
212,7.979160606558e-5,2.991315603929e-4
213,4.801491010694e-5,2.883556261582e-5
214,4.670173117269e-4,5.643590647841e-4
215,2.766639830674e-4,2.395717910639e-4
216,8.307339359060e-5,5.545464091413e-4
217,3.065880197295e-4,6.398554441779e-4
218,2.128123189685e-4,2.451815981248e-4
219,6.780395354283e-5,9.368164168371e-5
220,2.578611539223e-4,3.848007758999e-4
221,9.470981486295e-5,1.285452969024e-4
222,9.338480290655e-5,1.262071595366e-4
223,8.982129784945e-5,1.056522043873e-4
224,1.557006918552e-4,1.609877046341e-5
225,1.956949797519e-4,2.131427713323e-4
226,3.628528214192e-4,4.111472469548e-4
227,1.849117169695e-4,8.857064289648e-5
228,5.118300429345e-5,3.469415076694e-5
229,3.911488315274e-4,4.545252227668e-4
230,1.889982034105e-4,2.210109714178e-4
231,1.489610227675e-4,7.700608223745e-6
232,8.515275743077e-5,2.699469017379e-4
233,4.478908979061e-5,1.093749825785e-3
234,2.482305571483e-4,3.127852999635e-4
235,2.164561338303e-4,1.767108411650e-4
236,3.938887462773e-5,6.028814492059e-4
237,1.373026211936e-4,1.232629577347e-4
238,3.743511992252e-4,5.038899123445e-4
239,2.784697342966e-5,3.841516562242e-5
240,1.093300047040e-4,5.129619161137e-5
241,3.322250252353e-4,3.851030637142e-4
242,9.815076237964e-5,1.896140004102e-4
243,1.815396706020e-4,2.894640642525e-4
244,3.669007347450e-4,3.063790288744e-4
245,1.103239724189e-4,2.287453593100e-4
246,2.083856070055e-4,2.046421460826e-4
247,3.704861726912e-4,3.592069012814e-4
248,8.426038911608e-5,6.891859498746e-5
249,3.482757354825e-5,2.036665179148e-5
250,2.123875160799e-4,5.356160191828e-5
251,4.572784926819e-5,6.478913523593e-4
252,1.775155989998e-4,5.163836680800e-4
253,3.605094427325e-4,3.622459083538e-4
254,1.501512875344e-4,1.426473171939e-4
255,4.959951416211e-5,2.241389186221e-4
256,3.570675152506e-4,2.874609496680e-4
257,8.547074343776e-5,2.353801042813e-5
258,2.304249883788e-4,3.248602439271e-4
259,2.221729025066e-4,4.711445073331e-4
260,1.082416800203e-4,2.275412405943e-4
261,3.378329044738e-4,2.868777630019e-4
262,3.890340881433e-4,1.835987304095e-3
263,1.131265302660e-4,1.116605298067e-4
264,1.726055107500e-4,1.303399963048e-3
265,3.348442891492e-4,4.572428866626e-4
266,1.514560371198e-4,3.372049283530e-4
267,1.254175613233e-4,1.154262638285e-4
268,3.329238391094e-4,4.522237803687e-4
269,2.651522952674e-4,3.221099514476e-4
270,9.173025361508e-5,3.698401498504e-4
271,2.749211093902e-4,2.021591863316e-4
272,6.220432281976e-5,1.333379877403e-4
273,1.014093431630e-4,2.477146372964e-4
274,2.315609754021e-4,6.067173496041e-4
275,1.358354108123e-4,3.910780947036e-4
276,1.663072346241e-4,1.715251897334e-4
277,4.567945975440e-4,2.308679448416e-4
278,6.203219637944e-5,2.155053226348e-3
279,1.352722797673e-4,9.011195439006e-5
280,1.127882111253e-4,1.403655543258e-4
281,3.412805074536e-5,3.371835334246e-3
282,1.332673519554e-4,2.624636518753e-4
283,3.572049876296e-4,1.907965835807e-4
284,3.091026997581e-4,3.111755145443e-4
285,2.405437013318e-4,1.260729414873e-4
286,3.570039738410e-4,5.376571610160e-4
287,2.291963519906e-4,1.987679596295e-4
288,1.050451630517e-4,3.930068093526e-5
289,2.116794395709e-4,3.427824678329e-4
290,1.456637599809e-4,2.776213552874e-4
291,4.069893493551e-5,2.218135704091e-4
292,2.811904122125e-4,3.837910987251e-4
293,2.434515545393e-4,6.022920386275e-4
294,2.671658949627e-5,9.495557157020e-6
295,2.433720728031e-4,3.416381361540e-4
296,1.050040369380e-4,1.241302179189e-4
297,2.089440498629e-4,8.999749252168e-5
298,1.846933576227e-4,1.970902370973e-4
299,6.424664883401e-5,1.512676209268e-4
300,1.541311412484e-4,5.578667524248e-4
301,1.424098858011e-4,6.199815666972e-4
302,7.465315278838e-6,8.396293664165e-5
303,7.901592781217e-5,2.571632449853e-4
304,1.015611969988e-4,2.314162710886e-4
305,7.230517486506e-5,1.032392446974e-4
306,1.484282131013e-4,1.277243729613e-4
307,4.577331385344e-5,4.711635995316e-4
308,2.370855138035e-4,1.783686517557e-4
309,1.068248417430e-4,2.080751902839e-4
310,3.563055907967e-4,7.012762461762e-4
311,1.437480943849e-4,4.553706734813e-5
312,1.153791241871e-4,1.885308996622e-4
313,2.983957848303e-4,5.538496091091e-4
314,1.712521559610e-4,2.732437063584e-4
315,2.308118518622e-4,1.766399493492e-4
316,3.374388034870e-4,3.576734094401e-4
317,1.743032363043e-4,2.717180690784e-4
318,2.952866094589e-4,3.333281670742e-4
319,1.277305288865e-4,3.105652828717e-4
320,1.213426729447e-4,9.108877648479e-5
321,2.346434614637e-4,1.304221151249e-4
322,4.001152923982e-4,3.479423172977e-4
323,1.015778398994e-4,1.348823348968e-4
324,1.413624825463e-4,9.958449318969e-5
325,3.179685728312e-4,4.475148041622e-4
326,1.457978225006e-4,2.037400777995e-4
327,6.648807919655e-5,1.458921870167e-4
328,3.782012311141e-4,4.475617736388e-4
329,8.947492735860e-5,1.505491811525e-4
330,1.640471830531e-4,3.227510685955e-4
331,3.558481396697e-4,4.353558737393e-4
332,1.429777695234e-4,2.776690407051e-4
333,2.048823804060e-4,5.039999795825e-4
334,4.046080907055e-4,2.395064592928e-4
335,1.364221376236e-4,1.302013960162e-4
336,3.382918998848e-5,3.318518722637e-5
337,1.085315770906e-4,5.879159406538e-4
338,1.631189045806e-4,2.475912508574e-5
339,1.471295204744e-4,2.229973005698e-4
340,2.920033975743e-4,5.188864433848e-4
341,6.520065212168e-5,1.312282522289e-4
342,2.993421987086e-4,7.916706330287e-5
343,2.631550208517e-4,3.469887941936e-4
344,2.306653657000e-4,2.450983031687e-4
345,2.063132259142e-4,5.146008786862e-4
346,1.314620665705e-4,8.897892869827e-5
347,2.550472115648e-4,1.739611209488e-4
348,1.859554869599e-4,2.006499821057e-4
349,3.796233206830e-4,1.594775098988e-4
350,1.544255997126e-4,4.236210443388e-5
351,2.363385780336e-4,1.073654398574e-4
352,2.405832355887e-4,2.860127133371e-4
353,5.830233137005e-5,2.494091318528e-4
354,1.839288786480e-4,1.714548594137e-4
355,2.555084123912e-4,6.336848000069e-5
356,7.395556631436e-5,1.487971066934e-4
357,1.726845183227e-4,3.107729800701e-4
358,1.457664967848e-4,3.411444171515e-4
359,7.638044623277e-5,1.078698852397e-4
360,2.320061703265e-4,2.804314259849e-4
361,1.611447071460e-4,4.175835562122e-4
362,2.240858387665e-4,2.797385499284e-4
363,2.670373898712e-4,1.876286190939e-4
364,2.619460228345e-4,1.226933895868e-4
365,2.942441864169e-4,4.092386578436e-4
366,2.538493937974e-4,1.684133534501e-4
367,3.347233117912e-4,3.774044234352e-4
368,5.038944234229e-5,3.340853099449e-4
369,8.909669290138e-5,1.118861984774e-4
370,2.314751056800e-4,3.067882075930e-4
371,2.510556263482e-4,5.060335651439e-5
372,1.604459630511e-4,8.762317788847e-5
373,1.881857515639e-4,2.464876567215e-4
374,2.167091806321e-4,1.468346003059e-4
375,1.191221844909e-4,1.170611333970e-4
376,3.049626461506e-4,3.129629053732e-4
377,5.516853744718e-5,1.097242424061e-3
378,3.253591008016e-5,4.289570673666e-5
379,3.658629683145e-4,2.799522190913e-4
380,2.538565917247e-4,8.322369463458e-5
381,2.011715076808e-4,3.870150085264e-5
382,4.106360159567e-4,4.787920435996e-4
383,1.251909366385e-4,1.086637666317e-4
384,2.281969994883e-4,6.993614955692e-5
385,4.106269302092e-4,4.007223381303e-4
386,2.541716432778e-4,4.130306256450e-4
387,8.753648429227e-5,1.355050779246e-4
388,4.485507133079e-4,6.520862518510e-4
389,1.040875318793e-4,2.389583994031e-4
390,1.139204201726e-4,7.919935798236e-4
391,3.446695119807e-4,5.709544381917e-4
392,9.404837189356e-5,2.253404251862e-4
393,2.744082370820e-4,2.615234937213e-4
394,3.280037492947e-4,1.057895825493e-4
395,1.290421786669e-4,1.906519968961e-4
396,2.638710810601e-4,2.813222381885e-4
397,3.972355461191e-4,4.709045311774e-4
398,1.091432379990e-4,2.447386256426e-4
399,1.274020144834e-4,3.081368581996e-4
400,2.312375827552e-4,2.214826377066e-4
401,2.288021532665e-4,2.050202813173e-4
402,1.037195004863e-4,3.913700844990e-4
403,1.806322318588e-4,3.995826799268e-4
404,2.245093818369e-4,4.902762364186e-4
405,7.540783820482e-5,3.152833125571e-5
406,3.422935397856e-4,2.642513262009e-4
407,2.928049334826e-4,1.912281323762e-4
408,1.253416969101e-4,7.587631657371e-5
409,4.353621477605e-4,3.525919952349e-4
410,2.385855760445e-4,2.557965089756e-4
411,1.037149759215e-4,4.017983994723e-5
412,2.543501058328e-4,4.274321281349e-4
413,7.202778178818e-5,4.218271105299e-4
414,1.665242351598e-4,2.888214406043e-4
415,3.984676813114e-4,3.573189265326e-4
416,9.518353175921e-5,1.601600127662e-4
417,9.900834524688e-5,2.286719622414e-4
418,2.008547476106e-4,1.055269734188e-4
419,3.890879185976e-5,3.343289437910e-4
420,1.053431255507e-4,1.326227369858e-4
421,3.678530358190e-4,2.209530304381e-4
422,5.746669087913e-5,1.419338414867e-4
423,1.039490785262e-4,3.641501976217e-4
424,3.043854734580e-4,3.361719227248e-4
425,5.332197972312e-5,6.309494059304e-4
426,4.610497865491e-5,3.473202738476e-5
427,4.685047076882e-4,1.226546321515e-4
428,1.098801330483e-4,1.474014792850e-4
429,2.273105362313e-4,1.205034537849e-4
430,4.277771728128e-4,4.954075080489e-4
431,2.377026177464e-4,5.235555319862e-5
432,1.032140101629e-4,1.399181019024e-4
433,3.441964024924e-4,5.353088403472e-4
434,1.880229185918e-4,1.877223568124e-4
435,1.151648098511e-4,3.880948435152e-4
436,3.119589417768e-4,3.564389407284e-4
437,4.488356427229e-5,3.367802516641e-4
438,2.542465167208e-4,3.510641780147e-4
439,2.582396139842e-4,3.860091801063e-4
440,2.982271995319e-5,5.536016387112e-4
441,8.165162488741e-5,1.356463107177e-4
442,2.550714152212e-4,2.011987466091e-4
443,1.565610902716e-4,5.158138939624e-5
444,2.500986234004e-4,5.513820694536e-4
445,4.954874230425e-4,4.564011212520e-4
446,9.387338071327e-5,2.738586580010e-5
447,2.530933135463e-4,2.344900168061e-4
448,2.904173196580e-4,1.491270964517e-4
449,2.197464859236e-4,1.071768129758e-4
450,3.105805672486e-4,2.677592701428e-4
451,2.637530075908e-4,2.065452434170e-4
452,3.751066528486e-5,2.750997402231e-4
453,2.018585389031e-4,4.101225067899e-4
454,2.727506253404e-4,5.546397707767e-4
455,2.342968218524e-5,7.743518020508e-5
456,3.184842130813e-5,8.657988698641e-5
457,3.616810672240e-4,2.884291524932e-4
458,4.994990936618e-5,3.814507299693e-5
459,1.330410219403e-4,5.864207209724e-4
460,3.789201217729e-4,3.383325740383e-4
461,1.634874798879e-4,8.018394481504e-5
462,1.571736965748e-4,8.052433561316e-5
463,3.426470935377e-4,4.923632398092e-4
464,2.740122807181e-4,2.933804480317e-4
465,4.499404011697e-5,5.996060353560e-5
466,3.521675142302e-4,2.714426054787e-4
467,2.358333243109e-4,1.337302668758e-4
468,7.559640352284e-5,4.410553104627e-4
469,3.461530926076e-4,6.808319666467e-4
470,2.277082580254e-4,2.082371482320e-4
471,2.919063974095e-4,2.527147374845e-4
472,1.030879402031e-4,8.241711070047e-5
473,2.387988729523e-4,2.278762105483e-4
474,1.648316134834e-4,2.872591606116e-4
475,2.761638108704e-4,6.658355294589e-4
476,1.206941888634e-4,1.364015955611e-4
477,2.790865732716e-4,1.289374343088e-3
478,3.144738908737e-4,2.791670606895e-4
479,2.105068140018e-4,2.660325975283e-4
480,2.438981549790e-4,3.223856383655e-4
481,3.646918330642e-4,4.426172324286e-4
482,1.116498012570e-4,9.148481973679e-5
483,1.875297601486e-4,3.741396813335e-5
484,4.689047655069e-4,2.783604977851e-4
485,1.300154059432e-4,2.114165782602e-5
486,6.056296984107e-5,1.269712033646e-4
487,1.182358878087e-4,2.233861659413e-4
488,2.151947303031e-4,2.218620141755e-4
489,7.510024567867e-5,1.265795185288e-4
490,3.768292665835e-4,3.952976666931e-4
491,8.524863551950e-5,1.123875175501e-4
492,3.474457077199e-4,2.823671706800e-4
493,3.727912548289e-4,3.911092458489e-4
494,1.221854938245e-5,1.677643344988e-4
495,2.931095214910e-4,2.998314678854e-4
496,8.264206446035e-5,2.021140619234e-4
497,1.787566718429e-4,2.839364125453e-4
498,2.205813583135e-4,1.567777477397e-4
499,3.483444233438e-4,2.536676707017e-4
500,7.827082335821e-5,6.773127729119e-5
501,2.613086970742e-4,3.327173516724e-4
502,2.687191922381e-4,3.612594821013e-4
503,3.173508666437e-5,9.152691766088e-5
504,2.074575315310e-4,1.502859797667e-4
505,1.813936625492e-4,4.060528975810e-4
506,2.178416895207e-4,1.975719564871e-4
507,2.511782498649e-4,1.147786348478e-4
508,4.522414768858e-4,1.153460506920e-3
509,1.068493297198e-4,2.862517441329e-4
510,2.218243437170e-4,2.556373257318e-4
511,3.381856553903e-4,4.775627891016e-4
512,1.709783813622e-4,2.228065901764e-5
513,6.172235959217e-5,1.337816872901e-4
514,3.207425156015e-4,3.104387266035e-4
515,2.386277713346e-4,3.237615816669e-4
516,2.290308936231e-4,7.255310401373e-5
517,1.939810255803e-4,6.318557439018e-4
518,1.121119137164e-4,1.478964432309e-4
519,2.327968568405e-4,1.647099740280e-4
520,3.405327989505e-4,2.489326714396e-4
521,2.119740455910e-4,4.217165241495e-4
522,1.304012927553e-4,1.404914820878e-4
523,2.743804482656e-4,3.178427720316e-4
524,1.594654979069e-4,2.140487531664e-4
525,8.814781453968e-5,4.674640696356e-4
526,1.571213260364e-4,1.806963926462e-4
527,1.461870288260e-4,1.335763860894e-4
528,1.173405465480e-4,1.798290129672e-5
529,2.937055725364e-4,3.634146676237e-5
530,2.104238340179e-4,4.278251597905e-4
531,1.757843507605e-4,1.592073976669e-4
532,3.622464462553e-4,3.008858902945e-4
533,6.673604908626e-5,1.067132564055e-4
534,9.138380215102e-5,1.654802428905e-4
535,3.722969587436e-4,2.978358187792e-4
536,1.039145562999e-4,2.203143921082e-4
537,9.926287731985e-5,3.721612282623e-4
538,3.515548447796e-4,3.652873710629e-4
539,2.304185841131e-4,1.739143326291e-4
540,1.309130257223e-4,3.314289073373e-4
541,2.069943320988e-4,3.362304656333e-4
542,2.054682551385e-4,2.507292464705e-4
543,1.139491191399e-4,1.532893053803e-4
544,1.390787123778e-4,2.506950356531e-4
545,1.565372922187e-4,2.308007084822e-4
546,2.429771592105e-4,2.854102709731e-4
547,3.449588969131e-4,7.808002510140e-4
548,1.192358359183e-4,1.726497240980e-5
549,1.667048155289e-4,6.915835213766e-5
550,3.024062355587e-4,3.814772959350e-4
551,1.495277029328e-4,1.466210787505e-4
552,1.379698276413e-4,1.443050762593e-4
553,2.791282524727e-4,5.614961412079e-5
554,1.249474382040e-4,3.891329833690e-5
555,2.244884637617e-4,4.459870821485e-4
556,1.946944877100e-4,3.554388556177e-5
557,2.496018846924e-4,3.460171351687e-4
558,2.145796124795e-4,2.273879437745e-4
559,3.232581691627e-4,1.325615395432e-4
560,4.527368061637e-5,8.334839963617e-5
561,1.948287895363e-4,1.060236097415e-4
562,3.162287046824e-4,9.165349946799e-5
563,1.766263556757e-4,1.386808395902e-4
564,1.624072592711e-4,2.049452770610e-4
565,4.133933059853e-4,3.570580264710e-4
566,2.646553716430e-4,2.728548170189e-4
567,5.708415144485e-5,1.793789787758e-4
568,2.581662355295e-4,3.296407347825e-4
569,3.090950024237e-4,2.337790138987e-5
570,1.844647204872e-4,1.968747281167e-4
571,3.386827405354e-4,3.057876859899e-4
572,1.347542602161e-4,2.170282095989e-4
573,2.350864354645e-4,9.544725441550e-4
574,3.262325965670e-4,3.050988781961e-4
575,3.194038140150e-4,4.005256138944e-4
576,2.070507237965e-4,5.205939710660e-4
577,2.099358665716e-4,2.389888295876e-4
578,2.612672165600e-4,1.218070942398e-4
579,2.500850576733e-4,4.134106693647e-4
580,2.917997741872e-4,1.590537436415e-4
581,2.256302190455e-4,3.681602195748e-4
582,5.281597298371e-5,4.472045004645e-4
583,9.512586077765e-5,2.661180169654e-4
584,5.148482986183e-5,6.680368065237e-4
585,9.979746992102e-5,8.353801644686e-5
586,1.272409003144e-4,1.602652312819e-4
587,7.381485679030e-5,5.636813328110e-4
588,5.510293989740e-5,3.146484774717e-4
589,3.551864261003e-4,4.497449448633e-4
590,2.463084530083e-4,1.786463024427e-4
591,9.948452487896e-5,1.745119991637e-4
592,1.524343013378e-4,5.183364825024e-4
593,1.891715804299e-4,1.053525093014e-4
594,2.328074542992e-4,6.512701521673e-4
595,3.664190187983e-4,3.990886538701e-4
596,1.783869969386e-5,1.259051146723e-4
597,1.417768050243e-4,8.391092061096e-5
598,3.009575268478e-4,5.260286438209e-4
599,5.847559066509e-5,1.631245639270e-5
600,1.273291123157e-4,9.192714035652e-5
601,1.604414483474e-4,5.006556935079e-5
602,8.958675914254e-5,2.874143016223e-4
603,1.240782107441e-4,6.364628584866e-5
604,3.110310381516e-4,2.080685718472e-4
605,2.314872630896e-4,1.151940328646e-4
606,1.679230054165e-4,2.161145169490e-4
607,2.156456221728e-4,3.147887451281e-4
608,7.336043518087e-5,1.774852858611e-4
609,2.079652877519e-4,1.688304712197e-4
610,3.349464251598e-4,1.843504070016e-4
611,2.264831618375e-4,1.399518163206e-4
612,1.388304197426e-4,5.242300073269e-4
613,1.038820656716e-4,1.369718901819e-4
614,7.732593677893e-5,1.565044002148e-4
615,1.466849716301e-4,2.198017291833e-4
616,3.841713532586e-4,2.911076237281e-4
617,2.578871736301e-4,2.722378536690e-4
618,1.548955654315e-4,2.025889008956e-4
619,2.661811372209e-4,2.989859978232e-4
620,1.157275412998e-4,1.360080663055e-4
621,2.425382717372e-4,3.849278751057e-4
622,3.700489743198e-4,2.959816346078e-4
623,7.133116359674e-5,3.121603824319e-4
624,4.870772068547e-5,1.526315961376e-4
625,1.384534394924e-4,3.734739243476e-4
626,1.740990459928e-4,1.083654681168e-4
627,2.273555986160e-4,2.416548436318e-4
628,3.971446156496e-4,4.676239593326e-4
629,2.758287976246e-4,1.171487596890e-4
630,2.103551220588e-4,1.402478151158e-4
631,2.369827989289e-4,6.481385947791e-4
632,3.558678743865e-4,6.574788578888e-5
633,2.567408939452e-4,2.457493076269e-4
634,4.440639642357e-4,3.790681454263e-4
635,2.428596179596e-4,1.528010446243e-4
636,1.740983971736e-4,1.818112786220e-4
637,4.350567737261e-4,2.032707555311e-4
638,2.455610838985e-4,1.194124942111e-4
639,1.911465070571e-4,9.241304345152e-5
640,1.208740496868e-4,3.360231236170e-4
641,3.942716239887e-5,3.473343839939e-4
642,1.747720292298e-4,9.210204914717e-4
643,1.626710546821e-4,2.520552212058e-4
644,1.945069053451e-4,1.179260311741e-4
645,6.961758794380e-5,1.077394979956e-4
646,2.893463327036e-4,7.324927716414e-4
647,2.000281292852e-4,2.323205090419e-4
648,7.304633367739e-5,6.427991448916e-5
649,2.777561497012e-4,4.783995118800e-4
650,3.258019986242e-5,3.073821320185e-5
651,2.485880836188e-4,1.677404745788e-4
652,1.793607173561e-4,1.829164710309e-4
653,1.003091824500e-4,3.832579928467e-4
654,2.099741947742e-4,1.070936712728e-4
655,3.858990921124e-4,3.360757358659e-4
656,1.769205775811e-4,1.764262918064e-4
657,2.130319183961e-4,2.242252888148e-4
658,2.441053379870e-4,3.583415331028e-4
659,8.367515566452e-5,3.627246979353e-3
660,2.401339033134e-4,5.336705870024e-4
661,2.245221743477e-4,4.366278696483e-4
662,2.422400754406e-4,2.722643665903e-4
663,1.448734453450e-4,1.173378190681e-4
664,4.136607437278e-4,1.942015352280e-4
665,8.051603277947e-5,2.439635009499e-4
666,2.601178334504e-4,8.771653887848e-4
667,3.181858609637e-4,1.811225773810e-4
668,1.878126372671e-4,4.757163606148e-5
669,1.887803583067e-4,4.390479741116e-4
670,2.347157168143e-4,1.152999761126e-4
671,6.268163816779e-5,2.083165191560e-4
672,1.724972373531e-4,5.535076119563e-5
673,7.790889171437e-5,6.305704863946e-5
674,9.099842875177e-5,3.372052787823e-4
675,6.342865392418e-5,4.229503832059e-5
676,4.295044073969e-4,4.239737930202e-4
677,7.479748060473e-5,4.699811587185e-4
678,1.986964328673e-4,1.037676570916e-4
679,2.904712462073e-4,6.242432856161e-4
680,4.919248385861e-5,1.909030804553e-5
681,1.297649020963e-4,4.056729183430e-4
682,4.939149187317e-4,1.783432292847e-4
683,2.883094601991e-4,9.808821180776e-5
684,2.220029196412e-4,2.904693234648e-4
685,3.334720712151e-4,4.983524477024e-4
686,1.668038029593e-4,2.642217499784e-4
687,2.872275295713e-4,1.040109602123e-4
688,3.879026009214e-4,3.547973460242e-4
689,1.018842099154e-4,3.926982941264e-5
690,1.134341437593e-4,6.365592931589e-4
691,3.111028785057e-4,7.853203167492e-5
692,9.563543170868e-5,2.019445541025e-4
693,1.039547329148e-4,3.055054315740e-4
694,3.633776846038e-4,3.956013252773e-4
695,1.304169580481e-4,2.605105218952e-5
696,2.115341718951e-4,7.150008125000e-5
697,2.714295084107e-4,2.316437740815e-4
698,1.343595190730e-4,6.434038094549e-5
699,1.686187203848e-4,3.501722188172e-4
700,2.334659169574e-4,3.791037151874e-4
701,1.879375185945e-4,2.344575201031e-4
702,5.814373253032e-5,1.019602064588e-4
703,2.410523114832e-4,1.650830180046e-4
704,5.448950211771e-5,5.593875419744e-4
705,1.327819602335e-4,2.492539094968e-4
706,2.261486427392e-4,7.086427419485e-4
707,9.740429663591e-5,4.114951221464e-5
708,8.313951222829e-5,3.631338767471e-5
709,3.150119539480e-4,3.482324402655e-4
710,6.613141879508e-5,3.008909277377e-4
711,8.809679489592e-5,1.067543939717e-4
712,3.169254863831e-4,3.943130776782e-4
713,1.683142634959e-4,1.681150144911e-4
714,1.008936524932e-4,2.139368615393e-4
715,2.611983263247e-4,4.170469240828e-4
716,2.185531903344e-4,7.325794330376e-5
717,1.167783290787e-4,1.249721506631e-4
718,2.864332346428e-4,4.118914909170e-4
719,1.822634583223e-4,2.720141575543e-4
720,9.357043285048e-5,1.691245318648e-4
721,3.957232524114e-4,5.320316876908e-4
722,1.833460849019e-4,1.973396875934e-4
723,1.557851613284e-4,1.122885688982e-4
724,2.920308199641e-4,2.032900848226e-4
725,2.693286827508e-4,3.535287759091e-5
726,1.894025517906e-4,2.769039923087e-3
727,2.367477680981e-4,5.254353380694e-4
728,6.646058475856e-5,9.110341933073e-4
729,3.035360269297e-4,3.498613685060e-4
730,1.145402801861e-4,8.364998368941e-5
731,2.970090331411e-4,2.104643267583e-4
732,1.871856501228e-4,1.660064655686e-4
733,3.701937762364e-4,3.234757322300e-4
734,1.318106424283e-4,2.419848272720e-4
735,1.202642314362e-4,1.143149274444e-4
736,2.824856779984e-4,3.153264376551e-4
737,1.475526808822e-4,2.170041811751e-4
738,2.407511666282e-4,2.468297719330e-4
739,4.223740077257e-4,5.236885981574e-4
740,1.117259907170e-4,3.110198465296e-4
741,1.037390657297e-4,1.374581755181e-5
742,3.309578365697e-4,8.298124829687e-4
743,1.343413596751e-4,3.122424767267e-4
744,8.677766268025e-5,2.993443842956e-4
745,2.536427744011e-4,2.456506569413e-4
746,8.179616794841e-5,1.368465857043e-4
747,1.350804137893e-4,1.775700700213e-4
748,2.297492496456e-4,7.575936644685e-5
749,5.593535632382e-5,1.146472455265e-4
750,4.794481409461e-5,3.745012892503e-5
751,4.915306079172e-4,8.367460471486e-4
752,2.493337588923e-4,2.065876377808e-4
753,1.946634852340e-4,3.548623264836e-5
754,4.014532453846e-4,6.171652192908e-4
755,1.968865594734e-4,1.709884658946e-4
756,1.186393476814e-4,2.243701694452e-4
757,3.674249517357e-4,2.493479557889e-4
758,1.024123910122e-4,1.364258160317e-4
759,5.964468231169e-5,2.025649271975e-5
760,3.371908969429e-4,6.215180288089e-4
761,1.389579013078e-4,3.960694164334e-5
762,2.089856704018e-4,2.609452222356e-4
763,4.497520587923e-4,4.323100565307e-4
764,2.109204723838e-4,3.877107220369e-4
765,1.408161673879e-4,2.874917293640e-4
766,4.321870396437e-4,2.242064305215e-4
767,1.750483505519e-4,8.228623775877e-4
768,2.675024844310e-4,1.163292144908e-4
769,4.078827319491e-4,2.010022465055e-4
770,9.784531900362e-5,2.388615644241e-4
771,1.879248708962e-4,1.692429561761e-4
772,3.585108759034e-4,3.716426756819e-4
773,1.449616999575e-4,6.957985828834e-5
774,1.731698524754e-4,5.630611099829e-5
775,2.772766079040e-4,2.384270413322e-4
776,9.451091568863e-5,6.892165177173e-5
777,2.970058104214e-4,7.786985794693e-5
778,2.934556390944e-4,3.260527594325e-4
779,1.269977597010e-4,1.309718827217e-4
780,4.437901868281e-5,2.744908834040e-4
781,3.142109697989e-4,3.746161819957e-4
782,2.659352116171e-4,1.741061435739e-4
783,6.660876932258e-5,1.625817549491e-4
784,3.790578041723e-4,2.499326688752e-4
785,1.462859988903e-4,2.962564005437e-4
786,1.145596329201e-4,4.011968213603e-5
787,3.905016181236e-4,3.620586674762e-4
788,1.430807928568e-4,6.902574062962e-5
789,1.601816230055e-4,3.446826340398e-4
790,3.534296336732e-4,3.717048350665e-4
791,1.492807027806e-4,1.814383030378e-4
792,4.169094424362e-5,1.077494868765e-5
793,2.943790271791e-4,1.076469460156e-3
794,2.387128046435e-4,2.366323591704e-4
795,1.447626734081e-4,5.176308323876e-5
796,2.445120012301e-4,3.234702034442e-4
797,8.901895343072e-5,3.173701848606e-5
798,8.447818995193e-5,6.701533945907e-5
799,1.921736063985e-4,4.446118057472e-4
800,5.065774590625e-5,3.079756589570e-4
801,1.072145718433e-4,5.702762182046e-5
802,3.066680935161e-4,1.572850585357e-4
803,2.444816168281e-4,0.000000000000e0
804,1.946875993565e-4,1.337494996491e-4
805,2.060684162377e-4,2.788166303077e-4
806,1.108252054297e-4,6.846881804433e-5
807,2.077099396315e-4,2.858713503412e-3
808,3.991676452306e-4,4.400138395745e-4
809,1.100007236641e-4,1.139942522070e-4
810,2.341176011883e-4,1.121817023997e-4
811,4.499194718854e-4,4.596800780817e-4
812,1.087519830538e-4,1.037251879972e-4
813,7.754735186831e-5,5.215269078425e-4
814,3.910183234508e-4,3.107781433755e-4
815,3.780198956961e-4,4.073368878895e-5
816,1.210415942448e-4,7.571506820175e-5
817,2.810310342609e-4,2.686775261909e-4
818,3.086912917092e-4,1.811841546874e-4
819,2.376125652753e-4,2.483222846769e-4
820,2.557930873782e-4,2.360486444322e-4
821,7.529957368360e-5,9.587715038556e-5
822,5.673431876571e-5,6.513631239399e-5
823,4.252488469430e-4,3.143708269631e-4
824,1.203852395195e-4,5.481157075002e-4
825,4.026892875758e-5,6.086911063137e-5
826,2.223669339341e-4,2.063924889582e-4
827,2.167644270782e-4,2.478255979417e-4
828,1.081065876209e-4,1.141129292534e-4
829,4.372648892448e-4,3.301605742214e-4
830,1.460697004142e-4,1.479641661144e-4
831,1.917169907836e-4,2.510923477338e-4
832,3.266013103046e-4,2.767957760733e-4
833,1.378850878282e-4,3.063044365566e-4
834,2.172323994589e-4,1.826569316895e-4
835,3.355729439357e-4,4.594318731432e-4
836,1.152640991321e-4,1.199966439537e-2
837,2.147256610489e-4,2.917827763218e-4
838,2.927365460173e-4,3.408677120445e-4
839,1.939087606833e-4,1.788600848836e-4
840,2.664912973609e-4,1.028457327498e-4
841,3.466856128659e-4,2.954623209437e-4
842,2.289392960445e-4,1.501586667336e-4
843,9.215009665207e-5,2.759325311319e-4
844,1.677642304274e-4,7.105000225636e-5
845,9.817676805946e-5,2.988841838164e-4
846,1.362776900433e-4,1.826825452488e-4
847,1.033814845234e-4,9.902329440879e-5
848,9.573459873240e-5,6.453623872201e-5
849,1.002182153047e-4,3.765786865179e-4
850,3.202892082671e-4,8.560260820930e-5
851,2.345208951702e-4,1.622696688579e-4
852,2.272393510795e-4,7.869198157465e-4
853,2.814449059456e-4,2.576717637908e-4
854,2.160970042018e-4,2.175048767796e-4
855,1.797263004889e-4,3.223977037095e-4
856,4.652582815324e-4,1.549241002660e-4
857,2.008742117037e-4,3.625278617940e-5
858,5.930747956363e-5,3.438600464155e-4
859,4.204424075892e-4,7.274152673906e-4
860,2.147297579407e-4,2.433423951928e-4
861,2.646689347071e-4,2.819901584449e-4
862,3.623641870417e-4,9.513080091105e-5
863,6.367471460663e-5,6.569139956985e-5
864,1.903466327797e-4,1.611559038517e-4
865,4.624510267320e-4,3.264562133542e-4
866,1.781512515091e-4,2.038529278426e-4
867,1.765154798180e-4,1.128277857714e-4
868,2.581417237095e-4,3.585000880276e-4
869,2.046652022695e-4,3.421640527542e-4
870,2.146486805879e-4,2.267425005288e-4
871,1.392313319732e-4,1.903407697425e-4
872,3.057238958948e-5,5.689873087346e-5
873,1.673548435694e-4,3.189799366465e-4
874,3.924545430854e-4,5.639938735937e-4
875,1.228671168126e-4,2.664403988410e-4
876,2.261162533166e-4,1.462714435726e-4
877,3.123074364071e-4,2.385646300178e-4
878,2.123740212295e-4,3.426469339788e-4
879,7.012695843528e-5,1.028144684538e-4
880,1.429216356974e-4,3.595252378142e-4
881,1.077791550960e-4,4.533281298779e-5
882,1.377652820653e-4,4.118169514636e-4
883,1.452057816955e-4,2.860229891051e-4
884,2.077999075560e-4,1.858678122133e-4
885,2.469787647643e-5,1.446762186880e-4
886,2.834328016776e-4,6.047865576268e-4
887,2.757443369960e-4,1.448254208976e-4
888,1.669531866809e-4,1.082773805329e-4
889,1.129523462804e-4,4.015861252799e-5
890,1.511216684787e-4,2.460475605361e-4
891,1.115603873097e-4,4.067635241580e-5
892,1.957955081227e-4,3.033035964919e-4
893,2.355874883933e-4,3.127101346833e-4
894,9.624267364940e-5,2.691335743504e-4
895,4.758865362476e-4,5.824958160672e-4
896,2.687027351900e-4,3.283743928784e-4
897,8.206651833419e-5,8.529609677563e-5
898,4.086161282032e-4,4.257077157879e-4
899,6.257563304260e-5,5.415860927357e-5
900,2.050814518474e-4,2.908601653506e-4
901,2.855321855180e-4,1.601003788279e-4
902,7.900571413398e-5,8.888771651213e-4
903,2.646706149420e-4,2.452055018897e-4
904,3.387592000450e-4,3.947808501782e-4
905,1.491136629960e-4,1.895600571839e-4
906,1.761728993504e-4,2.037912822348e-4
907,3.671677525203e-4,1.948342102834e-4
908,9.391384984046e-5,3.877894644240e-4
909,5.209504915237e-5,2.752333941758e-5
910,4.588736209091e-4,6.724948786806e-4
911,1.177088188230e-4,2.235005919040e-4
912,1.358366431226e-4,2.789750867593e-5
913,3.269668803376e-4,3.696663160888e-4
914,1.840182961421e-4,2.477186043068e-4
915,1.341756445493e-4,1.551379771262e-4
916,3.652421594544e-4,3.985738248604e-4
917,1.862591687341e-4,4.010668653091e-4
918,1.226563480706e-4,2.178937951838e-4
919,4.749099270398e-4,4.510156448070e-4
920,1.858318442467e-4,1.643419075367e-4
921,8.385453743297e-5,2.265864173374e-4
922,1.967816318634e-4,4.810580761851e-4
923,8.188784842050e-5,2.833384422008e-5
924,1.465699601747e-4,9.807763862359e-4
925,2.532363015568e-4,4.957455546786e-4
926,2.350361855519e-4,1.203168404271e-4
927,2.915232226630e-5,2.656332223095e-5
928,2.910876881027e-4,1.700523596471e-4
929,1.872124213084e-4,9.564057806226e-5
930,1.492914956639e-4,3.033726507897e-4
931,1.801385217420e-4,1.262120949832e-4
932,6.524882340588e-5,5.445719995256e-5
933,1.768976031699e-4,1.173459957701e-4
934,3.564856588676e-4,3.613577816403e-4
935,6.669618196265e-5,2.491080276115e-4
936,2.885725445179e-4,2.375691784282e-4
937,4.424889304433e-4,2.655375248946e-4
938,2.931382232918e-4,5.185454053846e-5
939,1.955123255728e-4,1.219932758971e-4
940,3.090973121086e-4,3.539107177903e-4
941,1.326465741147e-4,1.303661429620e-4
942,1.823076478473e-4,1.178870981780e-4
943,3.258448482513e-4,3.327203055877e-4
944,2.086521913508e-4,3.556526496130e-4
945,2.140349024866e-4,2.479062286063e-4
946,3.241918572844e-4,3.540966054365e-4
947,2.782090778983e-4,3.059596423732e-4
948,1.495022221709e-4,1.293786581705e-4
949,3.979177729788e-4,3.316894394698e-4
950,2.311070357797e-4,2.131332513250e-4
951,2.262271549881e-4,2.811179383007e-4
952,3.982556029657e-4,2.297074557376e-3
953,1.223400007838e-4,4.537819744178e-5
954,1.126089730243e-4,2.321505562546e-4
955,3.436286551640e-4,2.823485499557e-4
956,2.269138819509e-4,1.895760627186e-4
957,1.812452593527e-4,2.792855811925e-4
958,2.751046204977e-4,1.126473470344e-4
959,2.702913469270e-4,2.368986925491e-4
960,1.237194922419e-4,1.206236263962e-3
961,4.132823359032e-4,4.270309710036e-4
962,2.918726764487e-4,2.623122103925e-4
963,3.455607762259e-5,1.540604453015e-4
964,2.068904321726e-4,1.569693247534e-4
965,1.016135130054e-4,3.067266968543e-5
966,1.540547117435e-4,1.275580495759e-4
967,2.538885137508e-4,7.674797181683e-4
968,5.366432478304e-5,5.685394429204e-5
969,2.671693224057e-4,2.241941759953e-4
970,4.426152509031e-4,1.687722783061e-4
971,1.719482146650e-4,1.256276014581e-4
972,1.293393195436e-4,1.850897520041e-4
973,9.687870508957e-5,4.121398344450e-4
974,4.135753692667e-5,8.719664718316e-5
975,1.502506762840e-4,7.522907646047e-4
976,3.331069501211e-4,1.011857995231e-4
977,5.512113003442e-5,1.207095773222e-4
978,9.899843523102e-5,2.886071479479e-4
979,7.943333461384e-5,3.617047672694e-4
980,2.270548647322e-4,1.901748410103e-4
981,1.587617593242e-4,2.544354401128e-4
982,2.275309760112e-4,3.256193486945e-4
983,1.742110407854e-4,1.379933328656e-4
984,1.574239579345e-4,3.493755978914e-4
985,2.733543029565e-4,1.123452488087e-4
986,1.960036306084e-4,1.667570622939e-4
987,1.319896481200e-4,9.496397796504e-5
988,1.789791641729e-4,9.111505237270e-4
989,2.786668083510e-4,2.882474962608e-4
990,1.086592610930e-4,1.350192719183e-4
991,3.427297735413e-4,2.282857934720e-4
992,7.933219573854e-5,8.805048714349e-5
993,1.253662430187e-4,1.754068350329e-4
994,2.039283142607e-4,2.105240044786e-4
995,7.841351841467e-5,6.945055916629e-5
996,1.781742677737e-4,2.650240434652e-4
997,2.712602735872e-4,4.183466488895e-4
998,1.962814401499e-4,4.922334165878e-4
999,8.982722510970e-5,3.204863847143e-4
1000,1.861925964457e-4,3.628535017246e-4
1001,2.405989723154e-4,1.953413069258e-4
1002,2.489700035335e-4,3.403757859628e-4
1003,2.655236145912e-4,2.933302995939e-4
1004,1.798061205116e-4,2.184329856513e-4
1005,1.877654202253e-4,1.514249973941e-4
1006,3.750834846864e-4,7.411349388664e-4
1007,1.966239042460e-4,8.305014455750e-5
1008,2.330701792662e-4,9.649103466212e-5
1009,2.458526610560e-4,2.931377793100e-4
1010,4.258264265617e-5,4.968744415404e-4
1011,1.389336270226e-4,2.861546109716e-4
1012,2.707811772310e-4,2.609360577864e-4
1013,1.620901355013e-4,1.336508743881e-4
1014,2.569091632542e-4,7.786562286330e-4
1015,3.107526473237e-4,3.846668629995e-4
1016,1.492040291379e-4,1.013555502985e-4
1017,1.829732983568e-4,2.617102753877e-4
1018,2.511950654996e-4,1.194179307577e-4
1019,6.839681612196e-5,1.569534019631e-3
1020,1.294284725384e-4,2.741137094937e-5
1021,2.659120134449e-4,6.299515990711e-4
1022,1.543129751193e-4,1.734176245871e-4
1023,2.839490484009e-4,3.829050300518e-4
1024,3.956231217275e-4,8.700253573289e-4
1025,2.490335322348e-4,2.808207477533e-4
1026,2.457247906753e-4,2.461760625195e-4
1027,7.135240153864e-5,3.424993593888e-4
1028,3.215779803495e-5,1.131236406151e-3
1029,5.182614828738e-5,7.892716265559e-5
1030,4.087545953742e-4,3.367641038887e-4
1031,1.535971016276e-4,1.879621836524e-4
1032,2.257333766593e-4,9.322738779395e-5
1033,1.216685061433e-4,3.319841567364e-4
1034,3.220273343729e-4,2.905323518149e-4
1035,1.159027051555e-4,5.531314904627e-4
1036,4.111330561301e-4,2.343388582301e-4
1037,1.963537518665e-4,3.076020489413e-4
1038,1.728235945418e-4,3.643805647973e-4
1039,3.042762138405e-4,2.556665879332e-4
1040,1.807150598131e-4,7.653428121060e-5
1041,2.510160745275e-4,1.859257899379e-4
1042,6.691123028842e-5,4.306622606999e-4
1043,1.139758694563e-4,2.182161011409e-4
1044,2.694470087198e-4,5.277625974941e-4
1045,2.795000745280e-4,4.678063298521e-4
1046,2.590693459741e-4,3.604955196748e-4
1047,1.487420116772e-4,1.378167879500e-4
1048,2.835816995493e-4,1.784837418298e-4
1049,1.008120977527e-4,8.026413753078e-5
1050,2.093020240065e-4,1.031234847685e-4
1051,2.867281921484e-4,1.514206227027e-4
1052,6.829550218487e-5,1.057377342556e-4
1053,5.896318054638e-4,4.270613614733e-5
1054,2.144193640161e-4,3.415317940683e-4
1055,1.092119407826e-4,1.840477989959e-4
1056,1.511323334780e-4,5.138744426173e-5
1057,1.354199121619e-4,4.590859465013e-4
1058,1.047353946936e-4,1.485804847981e-5
1059,1.935710554137e-4,1.908779733565e-4
1060,4.165056608676e-4,4.312847620450e-4
1061,8.202323103045e-5,5.387515909037e-5
1062,1.370848236361e-4,5.052987784266e-5
1063,3.592601806300e-4,5.305868032654e-4
1064,9.154568635294e-5,1.080225997636e-4
1065,2.321922666966e-4,6.457653449397e-5
1066,3.103103927391e-4,5.651799113094e-4
1067,1.937778585777e-5,2.427212261486e-5
1068,2.481419955743e-4,2.296479433191e-4
1069,3.476936612495e-4,3.525033002473e-4
1070,2.092118542005e-4,2.327109266913e-4
1071,4.635154640754e-5,1.223051015057e-4
1072,1.080216345150e-4,1.995185563168e-4
1073,2.200787186383e-4,3.368719300218e-4
1074,1.932125980679e-4,3.269764141808e-4
1075,3.778439176489e-4,3.937275427373e-4
1076,1.631173731154e-4,1.141406619793e-4
1077,1.177256334760e-4,7.219851032345e-5
1078,3.453662573001e-4,2.375920842382e-4
1079,1.027591063776e-4,1.109852038779e-4
1080,2.355870245278e-4,4.816021122817e-4
1081,3.769555422638e-4,5.429058965179e-4
1082,1.097296388091e-4,8.381396753451e-5
1083,2.203449431894e-4,3.427696285667e-4
1084,6.012600322002e-5,3.987774295426e-4
1085,5.251963915062e-5,1.342893304727e-4
1086,1.081752390508e-4,1.527278730978e-4
1087,2.166320502917e-4,3.151489876891e-4
1088,1.240839121877e-4,2.069174414578e-4
1089,1.560180738761e-4,1.689362986152e-4
1090,4.857942969966e-4,4.587299477540e-4
1091,3.026221939493e-4,0.000000000000e0
1092,2.475953469038e-4,1.643139116773e-4
1093,4.065616169165e-4,1.143998567070e-4
1094,7.864835173602e-5,2.114324178748e-4
1095,1.286795438763e-4,2.462039639795e-4
1096,2.636343522742e-4,1.437134476254e-4
1097,1.149077735312e-4,1.241395003250e-4
1098,3.058165670966e-4,3.159449633490e-4
1099,4.168935720553e-4,4.668021116041e-4
1100,6.962241482903e-5,1.109318395645e-4
1101,2.331689312575e-4,3.023386509036e-4
1102,3.952321052166e-4,3.245585602494e-4
1103,2.266539337149e-4,2.144835029605e-4
1104,1.977748928681e-4,2.122409702116e-4
1105,3.425775272664e-4,4.194711861939e-4
1106,4.004343491865e-5,8.082337964282e-4
1107,8.298747931126e-5,1.125717451416e-4
1108,2.708945596855e-4,3.254675787317e-4
1109,1.323314993378e-4,1.630194706630e-4
1110,1.550313160282e-4,4.153670413693e-4
1111,3.990024786119e-4,1.857995452729e-4
1112,1.742363907790e-4,1.151496602132e-4
1113,1.431359103224e-4,3.160251615123e-4
1114,2.494213118886e-4,4.609175206164e-4
1115,2.167403587132e-4,2.501296499412e-4
1116,8.118201643685e-5,3.299519178615e-4
1117,2.475704463486e-4,2.563877529938e-4
1118,1.267026688398e-4,1.057252542729e-4
1119,1.764117737294e-4,7.655036089404e-5
1120,3.956772720740e-4,5.521514398224e-4
1121,5.891358783760e-5,1.184859051207e-4
1122,1.970136181869e-4,1.326772682632e-4
1123,2.547027909264e-4,4.294703916318e-4
1124,3.449303605903e-4,6.967379384097e-5
1125,1.042012641791e-4,8.863314180909e-5
1126,2.782367188792e-4,4.721709899597e-5
1127,1.536745000910e-4,3.279303363127e-4
1128,1.153955530597e-4,1.006058253685e-4
1129,3.101951835920e-4,2.170455171387e-4
1130,1.915590638398e-4,2.067536331446e-4
1131,1.922796345237e-4,2.709103492492e-4
1132,2.776571764887e-4,2.208359512608e-4
1133,1.058212837315e-4,1.742131563432e-4
1134,6.293163888556e-5,3.293861419524e-5
1135,3.682416224542e-4,4.187739986984e-4
1136,9.215092394252e-5,1.603565060262e-4
1137,4.898786318222e-5,6.921632227179e-5
1138,3.221615631704e-4,5.294622734796e-4
1139,5.147899263481e-5,1.509702160103e-4
1140,1.524196483154e-4,3.468933543892e-4
1141,2.326095509035e-4,3.747538108819e-4
1142,2.195087608360e-4,1.584469466317e-4
1143,1.809364852221e-4,1.819008208537e-4
1144,4.396751600741e-4,2.767507437412e-4
1145,1.075709741580e-4,2.398356657201e-4
1146,1.410206487335e-4,8.406033117540e-5
1147,4.193853046545e-4,2.844759564829e-4
1148,2.538485114311e-4,2.730659921275e-4
1149,1.907334297772e-4,2.226356863415e-4
1150,3.600278584544e-4,3.547875123238e-4
1151,1.373215511896e-4,1.090115516607e-4
1152,1.880369284099e-4,8.743208117179e-5
1153,2.593621727124e-4,4.757351506827e-4
1154,2.012630290112e-4,1.283286417607e-4
1155,1.469674169482e-4,1.983577529765e-4
1156,3.537107526000e-4,4.666354125302e-4
1157,2.248445685967e-4,1.699664455241e-4
1158,3.801781278965e-5,3.046002837356e-5
1159,1.106443915752e-4,1.080299348436e-4
1160,1.774581375646e-4,2.397743345314e-4
1161,9.092717272446e-5,4.910291849716e-4
1162,2.742928294035e-4,4.571196452230e-4
1163,2.951548267404e-4,7.422891369104e-5
1164,1.143971968783e-4,8.431119317210e-5
1165,3.612638796580e-4,2.579884228634e-4
1166,1.208162740463e-4,2.496033641867e-5
1167,3.621863240681e-5,3.342561468744e-4
1168,2.194358284836e-4,9.034273995527e-5
1169,2.404122977014e-5,1.372558224124e-4
1170,6.398557664997e-5,3.643946341721e-4
1171,2.655443003684e-4,1.049080678026e-4
1172,5.329898361811e-5,5.161527755053e-5
1173,2.009676083298e-4,1.763418436740e-3
1174,3.510152052918e-4,4.159134374027e-4
1175,1.993807576009e-4,2.253958533484e-4
1176,2.104745023791e-4,2.642949225076e-4
1177,1.795491841596e-4,2.880103808602e-4
1178,1.134452089202e-4,1.296758016933e-4
1179,9.367117775283e-5,1.381678559687e-4
1180,3.471549232679e-4,1.560704561491e-4
1181,1.186316404848e-4,8.658477272770e-5
1182,8.816588359671e-5,2.142102448598e-4
1183,4.087280712200e-4,4.097260928160e-4
1184,8.644634922832e-5,2.042848917948e-3
1185,7.481488735008e-5,5.583256233881e-5
1186,2.941315394930e-4,1.016367605751e-4
1187,6.418472516644e-5,9.183677406106e-5
1188,2.322102625999e-4,1.793420266590e-4
1189,3.789547883598e-4,1.850858680415e-4
1190,6.783595154411e-5,1.232524644857e-3
1191,2.215079478864e-4,9.594023891584e-5
1192,2.299579785495e-4,9.120185020573e-5
1193,5.693454835435e-5,1.079268833115e-4
1194,1.549033950750e-4,1.343381929271e-4
1195,3.605183133276e-4,3.548516736083e-4
1196,1.801854692512e-4,5.467833257916e-4
1197,1.121268326151e-4,8.801709614565e-5
1198,4.362019422667e-4,4.013757941920e-4
1199,2.192286946362e-4,1.673576718248e-4
1200,1.638765434510e-4,1.952232307565e-4
1201,1.786781841627e-4,6.100404590294e-5
1202,7.458136238431e-5,1.963593656369e-4
1203,1.263363676720e-4,4.033857653075e-4
1204,3.244024816284e-4,4.951474642425e-4
1205,7.776693141783e-5,1.881538478412e-4
1206,1.259195554560e-4,2.570336206688e-4
1207,2.712976184865e-4,3.099614661325e-4
1208,4.620810486778e-5,6.620238431098e-5
1209,1.615608533053e-4,6.254577727550e-4
1210,3.342738254302e-4,4.202024062322e-4
1211,6.693956264683e-5,1.039838753515e-4
1212,1.425097308305e-4,1.491018131916e-4
1213,3.771760605192e-4,3.309174928637e-4
1214,1.921405895994e-4,1.444142359456e-4
1215,2.090014304272e-5,5.947451141668e-5
1216,1.296264434062e-4,5.408781653296e-4
1217,3.077022561195e-4,2.137002949402e-4
1218,3.504497252969e-4,3.679098837389e-4
1219,2.121409602039e-4,3.270052081480e-4
1220,2.122718548798e-4,2.903103797435e-4
1221,4.889585615318e-5,5.514544256425e-5
1222,4.550996973149e-4,3.674666236163e-4
1223,1.397731723449e-4,1.160626465063e-4
1224,9.828079700853e-5,6.060052226900e-4
1225,3.744478114040e-4,3.956246465103e-4
1226,2.499189596290e-4,2.359670281318e-4
1227,2.367762875586e-4,0.000000000000e0
1228,3.937692109999e-4,1.726078359382e-4
1229,2.828951039809e-4,3.241051674457e-4
1230,1.278962327825e-4,1.742058098901e-4
1231,3.900007672374e-4,8.527843207831e-4
1232,3.722574511715e-5,1.469385682369e-3
1233,3.173566915041e-4,3.515854374725e-4
1234,2.762639285105e-4,9.371320336186e-5
1235,1.916214566817e-4,2.577807504037e-4
1236,9.231828435105e-5,1.016797167268e-4
1237,4.250107342941e-4,4.912839989453e-4
1238,7.588012880158e-5,6.848884054082e-5
1239,9.536935560567e-5,2.333914298037e-3
1240,2.420644451789e-4,2.418872467670e-4
1241,2.111340914340e-4,2.240660644078e-4
1242,2.258776874442e-5,1.526699651932e-4
1243,3.717426909889e-4,4.224199390980e-4
1244,8.889569877870e-5,1.710611586282e-4
1245,2.196778966775e-4,6.279027420420e-4
1246,3.354952316460e-4,5.652356002002e-4
1247,4.386227121864e-4,0.000000000000e0
1248,6.006183499303e-5,4.052162874327e-5
1249,3.985371841854e-4,5.493676639518e-4
1250,5.728781578068e-5,7.426087851426e-5
1251,1.357510102512e-4,1.096001482698e-3
1252,2.144292415901e-4,9.644578962715e-5
1253,2.290418957359e-4,7.535057601203e-4
1254,1.428897850705e-4,1.516922854159e-4
1255,3.893244058136e-4,4.797872297775e-4
1256,1.936913948685e-4,1.837860243199e-4
1257,1.048420069881e-4,2.195347041481e-4
1258,4.570663269512e-4,1.203902485587e-4
1259,2.689824336909e-4,5.988840998324e-5
1260,1.832102660303e-4,1.557335612602e-4
1261,2.222084381361e-4,3.401944515430e-4
1262,1.154880218432e-4,2.743727762200e-4
1263,1.629583435340e-4,2.171371843902e-4
1264,1.028596804089e-4,1.938362413780e-4
1265,1.649272762595e-4,5.366012415255e-5
1266,3.772664092779e-5,5.176070919626e-5
1267,2.550676500202e-4,2.663644811695e-4
1268,1.815540470027e-4,5.862199401033e-5
1269,1.637248659332e-4,1.182675250041e-4
1270,2.761963571790e-4,2.230386543558e-4
1271,2.147433065127e-4,2.339321856825e-4
1272,2.389038514999e-4,3.799491884544e-4
1273,3.592864252612e-4,4.967401356335e-4
1274,2.012855394707e-5,2.607369982601e-5
1275,9.063815438468e-5,7.977710402370e-5
1276,3.500073899767e-4,5.413786995503e-4
1277,6.029226108794e-5,4.120950494228e-4
1278,1.657103641277e-4,1.778589800139e-4
1279,2.632738488575e-4,3.344439197384e-4
1280,6.092396446173e-5,2.723116443585e-4
1281,8.006582797334e-5,1.828906366754e-4
1282,2.590190218631e-4,3.384209300692e-4
1283,9.991523845844e-5,9.946853030479e-5
1284,1.168956119592e-4,6.851090030365e-5
1285,2.648115717784e-4,2.913430282197e-4
1286,8.801841661197e-5,2.477979673418e-4
1287,4.045928707662e-5,2.964510317053e-5
1288,2.024255182798e-4,9.418728915128e-5
1289,4.623173646980e-5,2.952415951558e-4
1290,2.572506976671e-4,2.949376668703e-4
1291,4.247867510045e-4,4.461174312297e-4
1292,1.814479170437e-4,1.841674276048e-4
1293,5.243233736108e-5,2.527278067428e-5
1294,3.327194305530e-4,5.257736548088e-4
1295,2.381437919237e-4,2.270090771125e-4
1296,1.137995627372e-4,1.299275031869e-4
1297,3.954690529558e-4,1.873306270906e-4
1298,8.409527550465e-5,2.220679949872e-4
1299,8.288988634563e-5,6.375766778618e-4
1300,3.119184898159e-4,2.111376008798e-4
1301,2.636547656580e-4,2.456890248029e-4
1302,2.991907723371e-4,1.271257956225e-4
1303,3.399454531198e-4,7.202305461196e-4
1304,2.363593439737e-4,5.622082205073e-5
1305,1.990767793935e-4,5.304014897074e-5
1306,3.770219573160e-4,2.815177690722e-4
1307,9.848980254454e-5,8.039019546068e-5
1308,2.203650631465e-4,2.546871228955e-4
1309,3.464558835120e-4,6.933718576086e-4
1310,2.123457739979e-4,1.414926129385e-4
1311,1.915505499699e-4,2.479963990345e-4
1312,2.408772332332e-4,3.059989827213e-4
1313,2.310613825186e-4,8.302734802234e-4
1314,1.774261005790e-5,1.202264011813e-4
1315,4.239755199834e-5,3.277268695922e-5
1316,2.145355990502e-4,2.298059511036e-3
1317,9.137631422881e-5,4.750203351063e-4
1318,2.798971734484e-4,2.241268168692e-4
1319,2.004292202042e-4,2.305916936425e-4
1320,4.000777180458e-5,1.492168122223e-4
1321,4.239146256643e-4,5.706458900038e-4
1322,1.808819146490e-4,9.758731640481e-5
1323,2.517144208387e-4,1.955922621881e-4
1324,2.564865431230e-4,4.074755601122e-4
1325,3.606852947098e-5,2.000469106099e-4
1326,1.037571490176e-4,5.453476160753e-4
1327,2.674564454091e-4,5.902761567595e-4
1328,1.920536114043e-4,2.182587963733e-4
1329,1.497794389725e-4,3.985793349570e-4
1330,1.781783596089e-4,1.872928664524e-4
1331,2.393378506203e-4,1.171848284279e-4
1332,1.347618625406e-4,1.990295046100e-4
1333,3.591076960746e-4,3.614818101512e-4
1334,2.468795896329e-4,2.525807099694e-4
1335,3.145426002605e-5,9.474578253265e-5
1336,4.727101519196e-4,4.944389413581e-4
1337,4.381553281605e-5,7.142230815113e-5
1338,1.592200742181e-4,3.940737474317e-4
1339,2.925922606115e-4,8.324346576869e-4
1340,2.419640601096e-4,9.543382656760e-5
1341,1.568184311963e-4,1.171726710432e-4
1342,4.201573219807e-4,4.546660053529e-4
1343,3.135160232409e-5,3.875787907167e-4
1344,1.776195834738e-4,3.627635852801e-4
1345,4.089596979988e-4,4.650766593196e-4
1346,1.475693855018e-4,1.281662724385e-4
1347,5.928440010242e-5,7.310859621788e-5
1348,3.323294348646e-4,3.972290349570e-4
1349,4.470988939395e-5,2.005535685426e-4
1350,2.864776630133e-4,1.227857875744e-4
1351,7.667716071753e-5,3.990506388523e-4
1352,1.354832072658e-4,3.031230224509e-4
1353,1.832319971298e-4,2.368457349116e-4
1354,1.272542520104e-4,1.461597416384e-4
1355,2.783044686969e-4,2.342671174287e-4
1356,2.399992194797e-4,3.553870239459e-4
1357,2.982668692245e-4,3.960898729464e-4
1358,1.411595207375e-4,3.646554348209e-5
1359,6.967464398985e-5,8.282489237168e-5
1360,1.118113385682e-4,9.025415963787e-4
1361,1.895262428368e-4,5.949627212013e-5
1362,9.394249192649e-5,2.984918693347e-4
1363,3.815601376472e-4,4.214218880049e-4
1364,2.189546022257e-4,1.804932173105e-4
1365,2.236256050496e-4,7.284286125682e-5
1366,3.312655162326e-4,3.442950553941e-4
1367,6.743908228982e-5,8.942850909164e-5
1368,2.440865422688e-4,4.748413779351e-4
1369,2.999428669185e-4,2.854562217539e-4
1370,2.130351178523e-4,1.277162905278e-4
1371,1.363331761122e-4,4.626368834004e-4
1372,3.695246021498e-4,1.211346431609e-3
1373,1.019498543556e-4,1.117860129043e-4
1374,1.109725557744e-4,9.300739969352e-5
1375,3.005867048862e-4,2.577271140794e-4
1376,3.763309033951e-5,6.281183715926e-5
1377,5.000053010721e-5,8.516940953950e-5
1378,3.605780656512e-4,4.617901647621e-4
1379,1.694858318978e-4,9.264756133971e-5
1380,2.416876020164e-5,2.973226063237e-4
1381,1.667353533834e-4,8.417288265600e-5
1382,1.450984339702e-4,3.812434449054e-5
1383,1.086954836691e-4,6.659350570162e-5
1384,4.040793073345e-4,2.646965693408e-4
1385,2.550213485227e-4,2.484849661296e-4
1386,7.139311803731e-5,1.135761527918e-4
1387,1.724929699452e-4,8.062374883376e-4
1388,1.677453179991e-4,1.782245842954e-4
1389,7.930457635495e-5,3.906665350085e-5
1390,2.742031015512e-4,6.125089996372e-4
1391,9.085421202923e-5,6.436950242046e-4
1392,1.476860821833e-4,1.128367232690e-4
1393,3.385501636781e-4,3.685418522106e-4
1394,1.450432533811e-4,3.627932621717e-4
1395,1.122096677146e-4,8.088668544815e-5
1396,1.437610942188e-4,4.894380439082e-4
1397,1.023373907842e-4,2.334394036566e-4
1398,2.448493431199e-4,4.867294272637e-4
1399,3.182961844046e-4,4.334656925670e-4
1400,1.927448855706e-4,4.500053631963e-4
1401,1.125637974761e-4,1.470871465005e-4
1402,2.153325645382e-4,3.929741736453e-4
1403,7.773903410279e-5,3.813957337853e-5
1404,2.140288305812e-4,2.232143588828e-4
1405,2.102461695675e-4,6.245494030725e-5
1406,1.695313029271e-4,2.605952444349e-4
1407,1.895032744524e-4,2.089011858524e-4
1408,4.658390781971e-4,2.061734047659e-4
1409,8.791526333017e-5,1.331803738568e-4
1410,1.945197023246e-4,1.223820089965e-4
1411,2.985924725633e-4,2.316467507255e-4
1412,1.412494973319e-4,9.964365424375e-5
1413,2.669634437515e-4,2.525056265659e-4
1414,2.786541714438e-4,5.616127067013e-5
1415,3.450523893307e-5,4.895128134962e-5
1416,1.015501461476e-4,1.488037926979e-4
1417,3.709088837194e-4,5.445161017443e-4
1418,1.306135883413e-4,1.226661324913e-4
1419,1.799366869668e-4,1.175326303207e-4
1420,3.616944955038e-4,3.003034247406e-4
1421,1.838244553096e-4,2.613149268816e-4
1422,9.560373865208e-5,4.775897713204e-5
1423,2.360197048909e-4,1.005429096689e-4
1424,2.713261060850e-4,1.606759520538e-4
1425,9.580862293414e-5,2.136492036017e-4
1426,1.098542343990e-4,2.506388085793e-4
1427,7.018362741011e-5,5.012274115886e-4
1428,4.652085570154e-5,1.225976917564e-4
1429,2.942362361057e-4,1.238026996775e-4
1430,2.221093687795e-4,1.648846936164e-4
1431,2.222429481932e-4,2.414798701616e-4
1432,4.038734765251e-4,7.636981038650e-5
1433,2.398090296178e-4,2.612932185557e-4
1434,6.832405765865e-5,5.507860453097e-5
1435,3.870601632547e-4,4.280436544001e-4
1436,1.116518574524e-4,1.082548736130e-5
1437,1.658304154327e-4,3.698584993215e-4
1438,3.285724478002e-4,6.048837417405e-4
1439,2.702907903000e-4,8.231703453025e-5
1440,2.433320554959e-5,2.231719618365e-5
1441,3.592200445004e-4,3.425244346274e-4
1442,2.238824925393e-4,2.291162881678e-4
1443,1.479047563356e-4,2.513116899884e-4
1444,2.338538115464e-4,7.071618033552e-5
1445,1.390291566121e-4,2.292616180245e-5
1446,7.895039006682e-5,2.245118783412e-4
1447,1.955643984689e-4,2.550748761388e-4
1448,2.253863628364e-4,1.781213714862e-4
1449,1.530603980579e-4,9.349830218930e-5
1450,1.081750831934e-4,2.093804934162e-4
1451,1.567978825722e-4,1.658490641414e-4
1452,2.580908122447e-4,9.604969501800e-5
1453,2.597378279771e-4,3.549415546251e-4
1454,2.815881917754e-4,4.425422753246e-4
1455,2.758038608170e-4,7.735011743698e-5
1456,3.219755563602e-4,1.559347251126e-4
1457,2.461732126481e-4,2.494981787551e-4
1458,3.041602670770e-4,4.146835879325e-4
1459,2.517974168479e-4,7.790394160072e-4
1460,3.106018253723e-5,2.997369671237e-4
1461,2.855940781312e-4,2.679618584450e-4
1462,3.568822642206e-4,5.225694290222e-4
1463,2.031454397246e-4,2.337894333704e-4
1464,1.021486076123e-4,7.597881535912e-5
1465,3.188545955152e-4,3.006283960679e-4
1466,5.921115995869e-5,2.159124676761e-4
1467,2.368654897343e-4,4.805578442999e-4
1468,1.304168345328e-4,8.746747886008e-5
1469,1.662955463109e-4,6.035632022245e-5
1470,1.754508033797e-4,1.525531302743e-4
1471,9.269264887376e-5,5.977441813655e-4
1472,6.682709630230e-5,2.420707999048e-3
1473,1.822658884143e-4,1.827642292754e-4
1474,2.959977927611e-4,1.907167161445e-4
1475,2.054051047425e-4,1.858924001098e-4
1476,2.358588674782e-4,3.364324105860e-4
1477,1.145410979250e-4,0.000000000000e0
1478,1.254470351813e-4,1.817035573027e-4
1479,1.324635698893e-4,3.911046212437e-4
1480,1.894052387791e-4,1.176019315014e-4
1481,1.335162716832e-4,4.164582679806e-5
1482,8.952075645531e-5,1.682559002170e-4
1483,2.467238337444e-4,6.965320245059e-4
1484,3.067704086236e-4,3.945588070624e-4
1485,1.438517377445e-4,1.087730752140e-4
1486,4.322999762381e-4,5.527460763850e-4
1487,8.944668044146e-5,2.740724047066e-5
1488,1.142506055852e-4,8.470209357420e-5
1489,2.988829500523e-4,3.331946713260e-4
1490,8.713835541590e-5,1.100091702839e-4
1491,3.902709926926e-5,6.257850273993e-5
1492,5.007394518555e-4,4.218731158287e-4
1493,3.298082822821e-5,9.786069812436e-4
1494,1.093361486089e-4,2.601529960915e-4
1495,2.596801726084e-4,5.895000972107e-4
1496,2.283943952210e-4,3.067820336829e-4
1497,1.361168668089e-4,1.547578261635e-4
1498,1.375137994540e-4,4.595735033819e-4
1499,1.825482709556e-4,1.605890978857e-4
1500,1.825583611890e-4,3.891254048485e-4
1501,2.985464433927e-4,4.095456483527e-4
1502,9.405681549282e-5,6.249198090929e-5
1503,2.216894054276e-4,2.452844644197e-4
1504,2.009774430033e-4,2.013596533541e-4
1505,1.322603009573e-4,1.964077931045e-4
1506,2.048643199791e-4,2.429005298432e-4
1507,3.136291378676e-4,1.318441214022e-4
1508,1.004309927490e-4,5.251880647660e-5
1509,2.646038189689e-4,3.043108778821e-4
1510,4.038743344838e-4,4.600917717871e-4
1511,2.993273633096e-4,1.380432295198e-4
1512,1.492717310171e-4,1.829894125248e-4
1513,4.238442274972e-4,4.392406562556e-4
1514,2.984823865277e-4,9.466137606246e-5
1515,1.919235218490e-4,1.637164812473e-4
1516,7.765944356418e-5,2.967427402754e-4
1517,1.617012459174e-4,3.169916455829e-5
1518,1.268070847909e-4,1.359389948141e-4
1519,2.662639124777e-4,3.248901916934e-4
1520,1.000464879187e-4,4.045336074395e-4
1521,1.130487354861e-4,2.428552768884e-4
1522,5.702764916059e-5,3.893332144117e-4
1523,1.405108345426e-4,1.130841117318e-4
1524,1.153730628085e-4,5.083822778001e-5
1525,3.931206434231e-4,5.222180198914e-4
1526,7.968256401674e-5,2.263068147871e-4
1527,2.985057168524e-4,3.107115755480e-4
1528,3.438678764101e-4,3.759150422732e-4
1529,1.935479728893e-4,1.765182728425e-4
1530,1.647640860486e-4,2.057563318782e-4
1531,2.157257018081e-4,1.613298134906e-4
1532,3.032145834676e-5,1.169170206154e-3
1533,1.666320822968e-4,3.157635382440e-4
1534,3.814657795221e-4,2.517516196533e-4
1535,6.741772171217e-5,3.872084530451e-4
1536,1.405452738946e-4,1.867565790995e-4
1537,2.489821362356e-4,2.309304004496e-4
1538,1.512029109021e-4,3.857153290723e-5
1539,4.979459425956e-5,1.214493059300e-4
1540,1.853434364322e-4,4.871046584756e-5
1541,2.740440500324e-4,1.066654847449e-4
1542,2.187888686435e-4,2.923984928907e-4
1543,1.669959991813e-4,1.031699169005e-4
1544,2.242467630768e-4,2.131907216788e-4
1545,1.288907126108e-4,1.616175376331e-4
1546,2.919234060895e-4,4.461486413595e-4
1547,1.617124891714e-4,3.503017444861e-5
1548,2.054006593249e-4,2.753733092319e-4
1549,4.468888397176e-4,1.195421244351e-4
1550,1.982249484772e-4,2.298595001079e-4
1551,1.305635173709e-4,6.594382902213e-5
1552,4.538704206532e-4,4.119250368317e-4
1553,2.380610922797e-4,1.149814546024e-4
1554,4.739987715797e-5,1.158391301042e-4
1555,2.201311197718e-4,2.361338808615e-4
1556,8.498617144308e-5,2.186812039042e-4
1557,1.534434859173e-4,1.894917700115e-4
1558,2.446083644552e-4,4.057615932061e-4
1559,2.090475507045e-4,2.708467230456e-4
1560,1.865445381536e-4,2.278754744664e-4
1561,4.141240693220e-4,3.543361093538e-4
1562,6.974730454992e-5,6.966693182884e-5
1563,1.824450451671e-4,1.147950746138e-4
1564,2.415729867802e-4,4.639883235387e-4
1565,2.335286379014e-4,6.087990814404e-4
1566,2.101767252971e-4,1.892505227620e-4
1567,3.304665030956e-4,3.399645117501e-4
1568,1.797890685250e-4,2.141468903067e-4
1569,2.455282988430e-4,5.282697869090e-4
1570,4.041509156965e-4,2.839429662672e-4
1571,2.369238671531e-4,4.989249035636e-4
1572,1.651036895063e-4,2.346548458678e-4
1573,4.305732024617e-4,6.332526711407e-4
1574,1.283687270886e-4,3.728126558309e-5
1575,1.127029662543e-4,2.080540880606e-4
1576,3.326988620376e-4,3.364193852115e-4
1577,8.019691885479e-5,1.557246694620e-4
1578,1.278232982672e-4,5.225574941254e-4
1579,3.130662076226e-4,3.003785935818e-4
1580,2.213214694959e-4,1.351703015583e-4
1581,2.893274364225e-4,2.345901886416e-4
1582,2.917184408873e-4,3.739925247086e-4
1583,1.739660191198e-4,2.056303882530e-4
1584,2.477725527285e-4,3.835695737264e-4
1585,3.806308587629e-4,2.620896470536e-4
1586,2.456715797108e-4,2.032012599771e-4
1587,1.612432307593e-4,1.146105493403e-4
1588,3.112890434260e-4,2.619254009583e-4
1589,7.422391164396e-5,1.696436597940e-4
1590,1.458763200107e-4,2.108596545713e-4
1591,3.631921343390e-4,4.618914599803e-4
1592,8.586501756146e-4,2.528310684674e-5
1593,5.293367999098e-5,1.508173399580e-4
1594,2.509927675442e-4,1.871580207324e-4
1595,1.524082058669e-4,2.224159716330e-4
1596,1.270766281454e-4,2.203334416965e-4
1597,4.187830847864e-4,4.213938091138e-4
1598,1.683558477414e-4,1.242674719360e-4
1599,2.698884230713e-4,2.094792731445e-4
1600,2.810721106046e-4,3.259461749664e-4
1601,2.056345953953e-4,1.443874549622e-4
1602,3.009827426362e-4,2.107178897947e-4
1603,3.232516234689e-4,2.974153793568e-4
1604,2.201495846736e-4,1.581344847404e-4
1605,2.475986778605e-4,4.840318320819e-4
1606,3.919782202463e-4,5.675525549857e-3
1607,2.872628930398e-4,1.915952040083e-4
1608,1.108432598850e-4,2.734560621124e-4
1609,2.535639857403e-4,4.972481507286e-4
1610,2.835487152456e-4,2.436390785520e-4
1611,1.052265832937e-4,6.614869950927e-4
1612,3.364377586139e-4,6.061814860323e-4
1613,2.165865413986e-4,2.598904670531e-4
1614,1.336700696570e-4,6.093068302169e-5
1615,2.135130798498e-4,1.730038254816e-4
1616,9.462118653296e-5,2.602945860701e-4
1617,5.167857775700e-5,1.029416277889e-4
1618,2.960227932192e-4,2.894505205717e-4
1619,1.773363037612e-4,1.370040631791e-4
1620,1.508444428912e-4,9.930511813109e-5
1621,1.432288102885e-4,2.051685247892e-4
1622,1.300234290364e-4,1.520749664842e-4
1623,2.127063762877e-5,3.320572585918e-5
1624,3.630518022020e-4,2.090709893448e-4
1625,2.458736405879e-4,6.028625397688e-4
1626,1.708187630874e-4,1.936191477523e-4
1627,3.344925700173e-4,5.234674326173e-5
1628,2.676659740275e-4,7.026183820821e-4
1629,4.359030477093e-5,5.104074823465e-4
1630,3.861293203861e-4,4.832115834964e-4
1631,1.108801393392e-4,2.074029622451e-4
1632,2.711429873185e-4,7.629150281526e-5
1633,2.952889141045e-4,3.679227893312e-4
1634,2.789118221196e-4,2.907215862205e-4
1635,6.098604033014e-5,1.343868689915e-4
1636,2.698501059535e-4,4.872198143113e-4
1637,2.692868705259e-4,9.671399680141e-4
1638,2.906178835597e-4,3.317899501320e-4
1639,3.135769816897e-4,2.959366215139e-4
1640,2.751828347680e-4,2.878270547443e-4
1641,5.826500807978e-5,2.842234037566e-5
1642,2.626043232511e-4,3.372786839131e-4
1643,1.447519421806e-4,1.363440500851e-4
1644,2.897330790792e-5,1.366941717624e-4
1645,3.648471480168e-4,6.049225879019e-4
1646,2.674175671648e-4,4.327495952414e-5
1647,5.774762699139e-5,5.533564476038e-5
1648,2.896664888133e-4,1.311222328550e-4
1649,9.374018598537e-5,1.018631520065e-4
1650,1.779875602115e-4,2.338728345004e-4
1651,4.003475493624e-4,3.983107855712e-4
1652,1.883505605006e-4,1.678189048867e-4
1653,2.895365093133e-4,6.237127889004e-5
1654,1.404281839320e-4,5.284751834191e-5
1655,8.361888091823e-5,3.926672158056e-5
1656,2.071762228999e-4,4.595675647907e-5
1657,4.015249491963e-4,6.239249218819e-4
1658,2.992570530721e-4,1.856308011044e-4
1659,1.167875366635e-4,3.002632442856e-4
1660,4.585124063474e-4,4.718149234724e-4
1661,7.502628402398e-5,2.915636050865e-4
1662,1.545164496320e-4,2.348646184278e-4
1663,2.814513216697e-4,4.308578289066e-4
1664,1.006126406634e-4,1.359597589543e-4
1665,1.812038097114e-4,2.186331275957e-4
1666,3.221171197460e-4,5.009300228531e-4
1667,1.224558891381e-4,2.668521373164e-4
1668,9.398834985792e-5,2.308493097020e-4
1669,3.092092736956e-4,1.874163030980e-4
1670,5.488530648701e-5,4.379867662468e-4
1671,1.439084184832e-4,1.387923563663e-4
1672,2.804263548709e-4,0.000000000000e0
1673,2.052226139152e-4,1.139391100010e-4
1674,2.967737774878e-4,1.575195822097e-4
1675,1.651286037978e-4,4.229382438418e-4
1676,1.897250146265e-4,4.993387872875e-5
1677,1.529573292214e-4,4.219048482772e-5
1678,3.441110200575e-4,1.677575711222e-4
1679,4.800479978580e-5,1.996109068408e-3
1680,2.492797071713e-4,2.745082008174e-4
1681,3.250624881759e-4,2.831189514516e-4
1682,2.222846316871e-4,2.434508277220e-4
1683,1.511793870507e-4,3.860790777633e-4
1684,4.161902767858e-4,5.192819306964e-4
1685,1.403147200380e-4,2.075398524094e-5
1686,1.227802844636e-4,4.018005918870e-4
1687,2.574046385253e-4,1.523583872263e-4
1688,1.719998864075e-4,4.661448829256e-4
1689,8.652566303166e-5,1.802756219141e-4
1690,3.453821623719e-4,4.565085431733e-4
1691,1.159374021750e-4,2.772785840598e-5
1692,9.709505199030e-5,3.719983805909e-4
1693,3.822457013711e-4,1.747191585138e-3
1694,5.757843257611e-5,3.396676018318e-4
1695,2.177163879128e-5,7.942811211875e-5
1696,2.529955592014e-4,3.157468397961e-4
1697,8.859305372555e-5,5.551723278548e-5
1698,2.293480769017e-4,4.407322863690e-4
1699,3.657571855360e-4,4.137573707043e-4
1700,1.975869610381e-4,1.183604138886e-4
1701,7.354959387054e-5,2.398817106491e-4
1702,3.060233388294e-4,3.362300674876e-4
1703,3.427435995632e-5,9.915038748293e-4
1704,2.452401652964e-4,2.260616802052e-4
1705,1.525563220638e-4,4.807548869574e-4
1706,2.293930539626e-4,2.148455888852e-4
1707,2.714165431454e-4,2.877229479062e-4
1708,3.729766497992e-4,5.676089707889e-4
1709,8.999848601576e-5,6.241046463805e-4
1710,1.835384136399e-4,1.173183566047e-4
1711,3.241280122511e-4,4.407550076597e-4
1712,6.841469401313e-5,5.919954861172e-5
1713,1.352110159875e-4,8.511839861242e-4
1714,5.171065219261e-4,1.259891968046e-4
1715,7.293547129696e-5,1.454333909402e-4
1716,7.244298269464e-5,1.736815282213e-4
1717,3.610549507829e-4,1.311821462609e-4
1718,2.584214340718e-4,1.715039444887e-4
1719,2.412183586331e-4,3.624011387142e-4
1720,2.605297556243e-4,4.029610016159e-4
1721,1.126465302344e-4,2.494543662210e-4
1722,1.254920570691e-4,1.729174453323e-5
1723,1.880667831800e-4,4.325712763608e-5
1724,1.897072054035e-4,3.181420741273e-4
1725,7.805235731786e-5,6.135033096968e-5
1726,6.786798185849e-5,4.913460051672e-4
1727,3.109588807140e-4,1.176335073711e-4
1728,2.622963215633e-4,1.766518390949e-4
1729,3.531864429949e-4,3.893085719084e-4
1730,3.191768740592e-4,2.421950900700e-4
1731,3.016491896159e-4,3.261549399156e-4
1732,4.034714830320e-4,1.870561941761e-3
1733,1.194664987454e-4,2.946725987015e-5
1734,8.353062642079e-5,1.022796808035e-4
1735,4.191382800534e-4,4.926397881421e-4
1736,7.409757390175e-5,1.381058487051e-4
1737,1.700124242396e-4,2.273933112643e-4
1738,3.596192491691e-4,5.203506879527e-4
1739,2.596722439926e-4,1.103716024118e-4
1740,1.296497631275e-4,2.022843233147e-4
1741,3.584168664735e-4,2.890488345157e-4
1742,2.450052063054e-4,2.712518018468e-4
1743,1.725459210466e-4,2.790377412681e-4
1744,3.514368130128e-4,7.456738240930e-5
1745,9.599992210164e-5,1.211905565475e-4
1746,9.192575526059e-5,1.828015915865e-4
1747,8.072072288783e-5,4.828843545624e-4
1748,7.839438962475e-5,1.020828992422e-4
1749,4.194198087731e-5,1.675210197428e-4
1750,3.984857568471e-4,4.479570985413e-4
1751,1.000730628691e-4,2.940977493292e-4
1752,5.317472043852e-5,3.515454763054e-4
1753,3.502076356694e-4,1.045324481075e-4
1754,3.272705810129e-4,3.435127203301e-4
1755,1.254219435880e-4,2.458449235558e-4
1756,2.082656828161e-4,6.578179437868e-5
1757,1.538985449835e-5,7.798212239861e-5
1758,5.191761678598e-5,7.812842969454e-5
1759,2.850372898189e-4,4.807548622675e-4
1760,1.359111277945e-4,2.449285168366e-4
1761,1.962738802038e-4,2.637695776980e-4
1762,4.029075415653e-4,2.392885201340e-4
1763,9.375923662161e-5,1.535316471965e-4
1764,1.374632324056e-4,4.691491047105e-5
1765,1.751880564311e-4,6.980692072722e-5
1766,2.361548296045e-4,2.456972880651e-4
1767,2.296635685240e-4,5.953694941708e-4
1768,4.023612439131e-4,4.403946523389e-4
1769,6.182322054453e-5,3.174663184307e-5
1770,2.863416601063e-4,2.754157710013e-4
1771,2.712173638290e-4,2.165336385518e-4
1772,8.828368818699e-5,4.785582358613e-5
1773,2.169486214388e-4,2.253754550426e-4
1774,2.124737781374e-4,3.927723678096e-4
1775,1.175027130155e-4,1.438767953493e-4
1776,1.197678220010e-4,3.089169202587e-4
1777,3.191370955429e-4,1.491022869855e-4
1778,1.770539996929e-4,2.603344651748e-4
1779,1.234118996071e-4,3.771730632730e-4
1780,4.281719352615e-4,1.431637321952e-4
1781,2.282337596700e-4,1.488540398915e-4
1782,5.820772806116e-5,1.336588629325e-4
1783,3.042219353762e-4,2.349273140887e-4
1784,2.483682731603e-4,2.427314545421e-4
1785,1.558151576264e-4,2.384072895375e-4
1786,4.307978455389e-4,3.741818267175e-5
1787,7.439064717627e-5,2.086003020061e-4
1788,1.733787969386e-4,5.332806679667e-5
1789,9.245502302977e-5,1.380614396884e-4
1790,1.574707871225e-4,2.288699840803e-4
1791,2.157235017409e-4,2.342151695013e-4
1792,4.035344094587e-4,5.266218879197e-4
1793,3.040824379784e-4,1.151381329612e-4
1794,1.120994638650e-4,2.645452953422e-4
1795,2.701513497670e-4,2.268100346900e-4
1796,4.139404132716e-5,4.332034230631e-4
1797,2.763240247609e-4,3.149471867883e-4
1798,3.896739727547e-4,4.776779057893e-4
1799,1.075873610085e-4,2.558529103593e-4
1800,2.582936838693e-4,9.351719421265e-4
1801,4.067973989178e-4,4.161879117609e-4
1802,1.516064652819e-4,3.824884620790e-4
1803,1.412437994039e-4,2.621887697545e-4
1804,3.498904445461e-4,1.311357212298e-4
1805,8.608359527014e-5,2.694222888059e-5
1806,1.665165695160e-4,2.387320817510e-4
1807,4.513229514501e-4,4.071971747794e-4
1808,1.302059497957e-4,1.359547823401e-4
1809,1.739515141841e-4,2.305173630556e-4
1810,3.266569075423e-4,4.532468281664e-4
1811,1.406709257779e-4,2.314514944086e-4
1812,6.744968472977e-5,3.886417451332e-5
1813,3.596226449480e-4,1.244390946632e-4
1814,1.050835009341e-4,4.368758006709e-5
1815,1.131798591411e-4,2.309878331797e-4
1816,8.452938523025e-4,6.932472929589e-5
1817,7.778159848029e-5,4.641429764829e-4
1818,2.666526693739e-4,1.682334324844e-4
1819,3.862093695122e-4,3.498659482574e-4
1820,1.170439782635e-4,1.540533841161e-4
1821,1.859561488324e-4,3.235875057085e-4
1822,3.916150442496e-4,1.560682627262e-4
1823,3.339792762969e-5,7.851533596752e-4
1824,2.819048166719e-4,1.992963709017e-4
1825,2.710341599522e-4,1.326107204077e-4
1826,2.089963457969e-4,1.859308370444e-4
1827,1.945444741062e-4,3.764737809719e-4
1828,3.914896201343e-4,4.875487059474e-4
1829,1.352621482883e-4,2.708118450174e-5
1830,2.191891805378e-4,1.344663323204e-4
1831,4.525841954025e-4,7.679178054090e-4
1832,2.752943276927e-4,1.993121256476e-4
1833,9.489451178445e-5,6.954670720081e-5
1834,5.877909008255e-5,4.899947812579e-4
1835,5.686527601232e-5,4.430104971178e-5
1836,3.324960491104e-4,2.794964715687e-4
1837,2.226692342396e-4,1.176906066149e-4
1838,1.264958979090e-4,1.800137050777e-4
1839,2.595355773214e-4,3.300025387206e-4
1840,2.405036741811e-4,4.369770483254e-4
1841,1.198145253969e-4,2.636420112681e-4
1842,2.486519467520e-4,3.067882877071e-4
1843,2.729260498006e-4,1.792780837314e-4
1844,1.922155663079e-4,9.900825743699e-5
1845,9.094681325119e-5,2.118182142056e-4
1846,4.026043108223e-4,2.829220593138e-4
1847,3.095100025130e-5,6.222795099418e-4
1848,1.564816612148e-4,1.537056551792e-4
1849,2.859115130542e-4,2.550712506069e-4
1850,6.840341358602e-5,3.945805298627e-5
1851,1.161924911138e-4,5.297274086096e-5
1852,4.110331561580e-4,4.413936921616e-4
1853,1.679931041480e-4,7.719786143072e-5
1854,1.241638921195e-4,4.245323192131e-5
1855,4.261252220874e-4,1.392720000863e-4
1856,3.562362484123e-5,1.250499383197e-4
1857,1.331026448287e-4,1.051662925984e-4
1858,3.565770347814e-4,1.063373566329e-4
1859,3.463397424714e-5,2.274243232611e-4
1860,1.617637449738e-4,2.515208163816e-4
1861,4.276645272003e-4,2.708931284650e-4
1862,2.011603315841e-4,1.765203468452e-4
1863,9.235387929162e-5,1.379528778664e-4
1864,2.245601591475e-4,1.941554612960e-4
1865,2.197340939396e-4,2.443171481984e-4
1866,1.542824717265e-4,4.755523933307e-5
1867,5.024580722834e-4,3.907293931982e-4
1868,1.411061075058e-4,1.149134711485e-4
1869,6.962086020006e-5,9.946064221041e-5
1870,3.445870922251e-4,1.320049854096e-4
1871,1.417867215579e-4,1.959223890081e-4
1872,1.465299418961e-4,2.126042517251e-4
1873,2.485059388495e-4,2.901025873998e-4
1874,7.221195020830e-5,2.201067388277e-4
1875,1.341278454362e-4,4.106366103977e-4
1876,2.902650711382e-4,4.274896672225e-4
1877,7.794425087136e-5,2.549697495020e-4
1878,5.952776777084e-5,9.567820996500e-5
1879,3.460192682460e-4,9.391852862641e-4
1880,3.006794035300e-4,2.740220748810e-4
1881,1.004457681740e-4,6.224515653926e-5
1882,1.637075850330e-4,3.116561198229e-4
1883,1.066669418897e-4,1.575281899769e-4
1884,9.745708825755e-5,4.896660883310e-5
1885,1.972194419698e-4,1.989854309323e-4
1886,5.384463221735e-5,3.006572164555e-4
1887,3.134844575556e-4,3.001848456159e-4
1888,1.356404478909e-4,3.735881406053e-4
1889,2.091790828711e-4,1.376470832237e-4
1890,1.083007916306e-4,4.287776447084e-5
1891,3.978458007023e-4,4.110655699192e-4
1892,2.630185403860e-4,3.067435781160e-4
1893,1.655306174770e-4,1.345818330807e-4
1894,2.779756459881e-4,4.192811713286e-4
1895,1.746684514045e-4,1.074196967171e-4
1896,8.170122093642e-5,4.808602594790e-5
1897,3.662252478298e-4,3.760971203337e-4
1898,7.163892880899e-5,2.664191060504e-5
1899,6.434557577484e-5,6.499627194483e-5
1900,3.866102448619e-4,5.901089971073e-4
1901,2.082687817285e-4,2.377687864322e-4
1902,3.325961098300e-5,4.497045768395e-5
1903,2.246640588385e-4,3.607459897964e-4
1904,1.204875894407e-4,1.980206581826e-4
1905,5.783562361235e-5,1.432866494837e-4
1906,2.943398672535e-4,3.859191934100e-4
1907,1.174973418983e-4,2.244445415683e-4
1908,2.139864912927e-4,3.082326622719e-4
1909,3.731511229538e-4,4.581139881774e-4
1910,2.524860766844e-4,7.704457048145e-5
1911,1.480548228828e-4,1.262808017238e-3
1912,2.946855830204e-4,2.241546700279e-4
1913,5.707012767301e-5,9.941439388757e-4
1914,2.058071357425e-4,1.716697766125e-4
1915,2.127601503669e-4,1.237089448198e-4
1916,1.344821957277e-4,2.579956753482e-4
1917,2.160043510163e-4,3.100214776246e-4
1918,3.969974834479e-4,3.251411622665e-4
1919,3.644351196606e-5,1.022320404284e-4
1920,1.156391894463e-4,2.587744305444e-4
1921,8.384540379919e-5,3.874713070979e-4
1922,4.130372093241e-5,5.401027918663e-5
1923,2.670566359433e-4,4.446050328699e-4
1924,3.534912872986e-4,4.624829285132e-4
1925,1.005039976327e-4,2.115654934395e-4
1926,1.066924132616e-4,2.991917410214e-4
1927,4.802787559170e-4,1.279352802579e-4
1928,3.133671145173e-4,3.577137299304e-4
1929,1.124643154645e-4,6.826319620540e-5
1930,3.713483807321e-4,2.643117652765e-4
1931,2.451394674853e-4,1.605432676445e-4
1932,1.937078556245e-4,1.365847699041e-4
1933,3.103867861829e-4,1.157513974853e-4
1934,1.864741871270e-4,1.820425651638e-4
1935,2.564576529152e-4,1.975763934869e-4
1936,4.865156019331e-4,4.472892952565e-4
1937,2.624756884427e-4,3.332882163498e-4
1938,1.245228210914e-4,1.457964633541e-4
1939,5.842894167424e-5,6.364744281794e-5
1940,5.430796330634e-5,3.439850319218e-5
1941,1.549715308999e-4,2.997394385633e-4
1942,1.175230829022e-4,1.038044070838e-4
1943,1.009478743039e-4,1.457242661106e-4
1944,1.622230084258e-4,1.394316937945e-4
1945,3.901228104263e-4,3.098945670408e-4
1946,2.526298891442e-4,1.041681370253e-4
1947,1.410560360505e-4,4.541006665266e-5
1948,3.096625622962e-4,1.214647974128e-4
1949,3.700120807513e-5,2.750677544363e-4
1950,1.999607756536e-4,1.657417767607e-4
1951,4.193355183391e-4,3.267335264781e-4
1952,4.946579286800e-5,9.746697780966e-5
1953,1.409815175269e-4,1.543022357781e-4
1954,3.240450647871e-4,4.735562967424e-4
1955,1.206921649687e-4,1.478623060534e-4
1956,1.242377656560e-4,4.869434418141e-4
1957,3.772800725973e-4,2.735900751795e-4
1958,7.176620785819e-5,2.310091019129e-4
1959,5.766801832416e-5,6.029596747214e-5
1960,3.885588847249e-4,4.375761766421e-4
1961,3.767566283963e-5,8.270995650295e-4
1962,9.055985563517e-5,5.994988374528e-5
1963,3.367624321607e-4,2.253270724590e-4
1964,1.830665314670e-4,4.458390770256e-4
1965,2.022032210815e-4,2.891325994728e-4
1966,2.526207547350e-4,1.908221150417e-4
1967,2.752152003787e-4,1.684170146664e-4
1968,2.181414784952e-4,2.415012135936e-4
1969,2.339362712130e-4,1.401275968951e-4
1970,2.629456936452e-4,1.373079266165e-3
1971,1.723691025897e-4,1.857315556155e-4
1972,8.742323319158e-5,5.895861371692e-5
1973,2.864450034764e-4,2.136837302385e-4
1974,2.114130130414e-4,3.566108994877e-4
1975,1.382433936496e-4,5.530534546817e-5
1976,5.913186359844e-5,3.123356854755e-4
1977,3.104306795181e-4,2.797357889135e-4
1978,3.319078896926e-4,1.824044937892e-4
1979,1.201396324717e-4,2.273310885298e-5
1980,1.293688267527e-4,8.814576469275e-5
1981,3.263827449051e-4,3.043089983737e-4
1982,1.833193439311e-4,1.531163968197e-4
1983,1.913305566409e-4,3.349546054925e-4
1984,1.131010782844e-4,1.315101713076e-4
1985,1.906053317652e-4,4.235556999917e-4
1986,1.339939016293e-4,1.963680136566e-4
1987,1.383614672326e-4,3.372147003012e-4
1988,1.116829911928e-4,3.332240624101e-5
1989,2.020145803571e-5,2.198248925919e-4
1990,2.705124204511e-4,1.146563340401e-4
1991,2.176007607346e-4,8.596165786325e-5
1992,1.424628769456e-4,1.191589887556e-4
1993,3.925516711129e-4,4.442255117565e-4
1994,2.629892334053e-4,2.843870105351e-4
1995,1.932271370193e-4,2.241480889003e-4
1996,4.091106589901e-4,4.413234108604e-4
1997,1.013769245898e-4,1.947504878771e-4
1998,1.291949880643e-4,3.568543232381e-4
1999,2.857231995838e-4,6.857448314303e-4
2000,2.133262558929e-4,2.052791469471e-4
2001,7.260990088713e-5,4.576456909297e-5
2002,2.548542961871e-4,1.603388261049e-4
2003,6.870872657707e-5,2.972193762691e-4
2004,1.926808523479e-4,4.597236018973e-4
2005,4.062057257055e-4,1.192286511440e-4
2006,4.575769748355e-5,8.821042459974e-6
2007,1.066328129973e-4,1.080258350785e-4
2008,2.392522607124e-4,6.543658424540e-5
2009,9.396153870441e-5,2.876804272378e-5
2010,1.833930167668e-4,2.567005098275e-4
2011,3.930783974034e-4,4.286440702952e-4
2012,1.069096936020e-4,3.362253355678e-5
2013,1.281431924895e-4,2.345627399359e-4
2014,4.458277721746e-4,2.849299276914e-4
2015,1.041281749384e-4,2.414946711822e-4
2016,3.993683063936e-5,3.416724644204e-5
2017,4.661635639274e-4,4.779305358171e-4
2018,1.266370365747e-4,3.246773242447e-4
2019,1.534489099498e-4,7.775549951793e-5
2020,2.388006700391e-4,5.099816815929e-4
2021,1.321746501009e-4,2.856844454880e-4
2022,2.551716718783e-4,6.271801756608e-5
2023,3.128050004016e-4,2.090654180774e-4
2024,2.348417521023e-4,4.103967071874e-5
2025,1.336840440003e-4,9.399730884591e-5
2026,4.308502058213e-4,1.220553256263e-4
2027,5.004575468186e-5,7.399972571327e-5
2028,1.622287755688e-4,4.618166849343e-5
2029,8.415766167350e-5,2.597745558793e-4
2030,2.928476959377e-4,4.780683952182e-4
2031,2.384741494505e-4,1.519039253348e-4
2032,9.703880624519e-5,3.009039083502e-4
2033,7.595658351726e-5,3.985757300433e-4
2034,1.915215900896e-4,4.426203501842e-4
2035,3.194719413797e-4,4.510117501709e-4
2036,5.115070997454e-5,1.469410713043e-5
2037,7.855359726006e-5,1.001023872924e-4
2038,1.877029913111e-4,1.229430635223e-4
2039,2.301601030722e-4,2.474252272857e-4
2040,8.652295772943e-5,7.024036894741e-4
2041,1.955538363687e-4,8.534050663464e-4
2042,8.075291207699e-5,2.311996557881e-4
2043,2.274052915432e-4,2.877403422906e-4
2044,3.097946249006e-4,4.837840103013e-4
2045,2.246989306695e-4,5.033317913354e-5
2046,1.571115723058e-4,3.204743215819e-4
2047,2.532683902680e-4,5.347266632823e-4
2048,1.162092621794e-4,1.579924861138e-4
2049,2.295990769978e-4,3.344589283931e-4
2050,2.712898695422e-4,1.930690255162e-4
2051,2.283935843784e-4,1.226118355463e-4
2052,9.676846177296e-5,1.891067915445e-4
2053,3.048790965882e-4,3.522801838494e-4
2054,1.450752623880e-4,1.986797820571e-4
2055,8.563491431950e-5,1.638914158140e-4
2056,1.858054331277e-4,2.754379362987e-4
2057,4.466962055003e-5,3.030066628389e-5
2058,2.218682443643e-4,2.916200231086e-4
2059,3.818316242878e-4,1.053391269211e-4
2060,9.416036865794e-5,1.299428637708e-4
2061,1.704676359396e-4,1.804196857043e-4
2062,3.036431520966e-4,4.937116501182e-4
2063,1.260017504199e-4,1.781839780044e-4
2064,2.313240939637e-4,2.075878486042e-4
2065,2.788371349049e-4,5.145367954027e-4
2066,8.061229099303e-5,1.771934583257e-4
2067,8.613373253263e-5,1.266479600870e-4
2068,4.094640385332e-4,2.684788499521e-4
2069,8.959434317641e-5,1.870403135711e-4
2070,2.073146473639e-4,1.964160803308e-4
2071,2.486453135467e-4,3.204292859603e-4
2072,4.532266202753e-5,3.411422468830e-5
2073,1.121498591769e-4,6.605813676778e-5
2074,3.051063674223e-4,5.431247878026e-4
2075,2.488788712009e-4,2.209927804396e-4
2076,6.307177461180e-5,1.836275490421e-4
2077,8.557363203310e-5,5.113861731049e-5
2078,2.580861313789e-4,1.423022816987e-4
2079,2.070479615039e-4,2.979904997435e-4
2080,2.602588241785e-4,3.438845698076e-4
2081,2.171289426537e-4,1.720920918754e-4
2082,7.547541963667e-5,8.065319772245e-6
2083,4.354876686429e-4,4.363947937498e-4
2084,1.158267056007e-4,2.024364473968e-4
2085,1.705269614953e-5,3.164699344508e-5
2086,3.096234878257e-4,5.377152160672e-5
2087,6.194335816888e-5,2.885488304540e-4
2088,3.927964750617e-5,1.021579440071e-4
2089,3.072002409444e-4,3.089635472183e-4
2090,1.493677699277e-4,1.263596200918e-4
2091,1.055680695472e-4,3.577595332153e-4
2092,3.477012926570e-4,6.600399579547e-4
2093,7.934698182914e-5,2.048834506485e-4
2094,1.676503916989e-4,8.271745542011e-5
2095,3.101857026758e-4,3.919526536289e-4
2096,2.196296155090e-5,3.149884956384e-5
2097,2.136636489246e-4,1.783050329370e-4
2098,1.412681819176e-4,3.361021124198e-4
2099,1.045346226287e-4,1.734601100080e-4
2100,1.693054533150e-4,6.191593774819e-5
2101,2.144991055823e-4,3.404474845358e-4
2102,2.670088193540e-4,1.927369244527e-4
2103,7.238657038783e-5,9.585115199523e-5
2104,4.184450481442e-4,3.233061091311e-4
2105,1.159446537679e-4,1.420417392400e-4
2106,1.663448025673e-4,9.059209735080e-5
2107,3.325415538498e-4,1.200657801670e-4
2108,1.021852440039e-4,2.007208719043e-4
2109,1.262531357615e-4,3.879905833032e-3
2110,1.288958846104e-4,3.013530385878e-4
2111,6.940728150629e-5,2.839940735755e-5
2112,9.512348764484e-5,3.161232122210e-5
2113,3.180408925886e-4,3.670969245281e-4
2114,1.080541031070e-4,1.742442425698e-4
2115,4.027139607486e-5,1.017915411551e-4
2116,3.747174057619e-4,1.172496021267e-4
2117,1.713159082892e-4,4.606609484337e-5
2118,1.981151695351e-4,1.206035788163e-4
2119,3.383916316225e-4,2.317693475256e-4
2120,8.436235459935e-5,1.657825061771e-5
2121,1.608918076932e-4,1.646576556961e-4
2122,4.303288087388e-4,7.926103742369e-5
2123,2.395098860305e-4,7.225214659233e-5
2124,1.353130913835e-4,5.124148678130e-5
2125,1.878484208530e-4,4.610192269832e-5
2126,1.222119632133e-4,1.969863970610e-4
2127,3.847134255494e-5,2.649875580584e-4
2128,2.967694465421e-4,4.440401204032e-4
2129,1.310805368046e-4,1.595277887148e-5
2130,2.560303717086e-4,2.931860796766e-4
2131,3.254817076245e-4,3.064897310084e-4
2132,2.070586164864e-4,4.513473977213e-5
2133,6.698391766710e-5,6.663029059518e-6
2134,3.282513752185e-4,1.173708853913e-4
2135,1.378724283723e-4,1.075220470614e-4
2136,2.468323721791e-4,5.471068044958e-4
2137,2.562685178519e-4,1.253698406807e-4
2138,2.194217591670e-5,1.141076174305e-4
2139,1.378016405971e-4,4.005702881042e-3
2140,4.266187017613e-4,5.186139742176e-4
2141,1.814620354690e-4,1.980382626333e-4
2142,8.665044582813e-5,2.853104627779e-5
2143,2.702543606485e-4,2.672662170750e-4
2144,9.307560951995e-5,4.030404042305e-4
2145,7.706339540246e-5,5.219184486232e-4
2146,4.255349763719e-4,3.695881723365e-4
2147,8.958431708287e-5,8.593828558664e-5
2148,1.966399169171e-4,1.956898527348e-4
2149,3.729687901565e-4,1.225263738378e-4
2150,2.967173323605e-4,3.485600063942e-4
2151,2.061284346583e-4,3.343864992367e-4
2152,3.258193110652e-4,3.793799512559e-4
2153,6.328538457320e-5,1.867156443569e-5
2154,3.221401947138e-4,2.815211376064e-4
2155,2.343070225852e-4,5.616268941198e-4
2156,3.358070075695e-4,4.874336983385e-5
2157,3.580562585397e-5,2.603435070160e-5
2158,2.646705077292e-4,5.868118459588e-4
2159,2.894834166302e-4,3.981468381726e-4
2160,2.898277799880e-4,2.817756212594e-3
2161,3.025857891806e-4,4.944049900248e-4
2162,1.300009456759e-4,1.321622756229e-4
2163,1.337329351480e-4,1.024775823370e-4
2164,3.467299735133e-4,3.661053600851e-4
2165,8.430318856441e-5,5.212622195352e-5
2166,1.350408836558e-4,1.432898369419e-4
2167,4.055180588053e-4,2.010579347240e-4
2168,9.323017653799e-5,2.144183072579e-4
2169,1.194736151506e-4,2.810815123136e-4
2170,3.120286815734e-4,5.096141222777e-4
2171,2.504219679395e-4,5.416693738668e-4
2172,2.086182244827e-4,1.512922473149e-4
2173,3.697970708376e-4,1.079012708869e-4
2174,8.073612559097e-5,6.699831115092e-5
2175,3.032326819554e-4,2.734037081432e-4
2176,4.090968188499e-4,3.883711478362e-4
2177,1.304912174773e-4,1.569986895496e-4
2178,1.679471688079e-4,1.261853311326e-4
2179,3.620540054787e-4,4.533027577218e-4
2180,2.409257333104e-4,1.895469943700e-4
2181,2.511438726755e-4,4.386028494654e-5
2182,2.325925055007e-4,5.702010179542e-5
2183,6.634126231164e-5,5.072131962118e-4
2184,4.292991090727e-5,3.354320495774e-5
2185,3.618077678750e-4,6.046060648949e-4
2186,7.131971256652e-5,4.923790615260e-4
2187,1.613747497298e-4,1.278701424292e-4
2188,2.877879514804e-4,7.895087697436e-4
2189,2.203202320383e-4,2.475000434551e-4
2190,1.337830636055e-4,9.000610804689e-5
2191,3.351555007913e-4,3.752640340217e-4
2192,3.036282981834e-4,2.966653252472e-4
2193,9.983187758621e-5,4.758631855563e-4
2194,2.226436965505e-4,4.100393219821e-5
2195,2.613309376599e-4,3.186657626712e-4
2196,1.145792564824e-4,1.639914224337e-4
2197,2.389487958362e-4,2.746150619406e-4
2198,1.975270260850e-4,1.002808035599e-4
2199,9.947977454229e-5,8.844146975229e-5
2200,3.020738586897e-4,1.732995544012e-4
2201,2.276662278555e-4,1.884828062567e-4
2202,1.485046044019e-4,1.272146303572e-4
2203,3.618618704956e-4,7.512891332170e-5
2204,2.101290041083e-4,1.846211468942e-4
2205,1.105961857141e-4,6.594458347149e-5
2206,2.234542536890e-4,2.656440038985e-4
2207,5.656259341403e-5,2.417947250587e-5
2208,1.647336690222e-4,1.726628331911e-4
2209,4.309965081397e-4,4.688516040616e-4
2210,2.278571617803e-4,9.278893571700e-5
2211,1.200665869027e-4,8.117920775832e-5
2212,2.532902343452e-4,4.757788138739e-4
2213,2.511450470368e-4,9.555443793221e-5
2214,1.337508376421e-4,1.070768385196e-4
2215,1.104442695365e-4,3.348371362031e-4
2216,1.289358164409e-4,2.325431014037e-4
2217,1.408661447034e-4,9.062918797315e-5
2218,1.190094542342e-4,6.639517789567e-5
2219,6.945670238842e-5,8.406547068892e-5
2220,3.836451229038e-5,4.093280621493e-5
2221,2.846875056215e-4,9.988374152940e-4
2222,2.254427312581e-4,2.857419774451e-4
2223,6.279459160719e-5,1.694250677065e-3
2224,3.139114594398e-4,6.927060558074e-4
2225,2.460479152208e-4,1.633559928052e-4
2226,2.507118582896e-4,3.660419081739e-4
2227,1.497088145098e-4,3.802423126440e-4
2228,8.301871774924e-5,2.648201147309e-5
2229,2.077608571268e-4,8.075322430469e-5
2230,1.716846075076e-4,3.510988033375e-4
2231,1.108815728455e-4,1.839688985029e-4
2232,2.429710846285e-4,2.774181798621e-3
2233,1.840561213955e-4,4.010371179465e-4
2234,1.233077625984e-4,3.036802062289e-4
2235,1.901068388395e-4,4.153069151641e-4
2236,3.755802164120e-4,3.993188323359e-4
2237,8.149513603677e-5,2.410180707915e-4
2238,1.695547248965e-4,1.281749600125e-4
2239,3.673101471664e-4,5.092217622913e-4
2240,2.284199152992e-4,2.878525767956e-4
2241,3.179443856027e-4,2.754888269714e-4
2242,1.510980978242e-4,3.972122538092e-4
2243,1.157647676493e-4,1.692560692182e-3
2244,1.866300018082e-4,1.834686571947e-4
2245,8.046258677799e-5,0.000000000000e0
2246,1.409144566981e-4,2.336815378591e-4
2247,1.402538143237e-4,3.842168727455e-5
2248,2.918761659136e-4,2.480729043610e-4
2249,6.743168672311e-5,3.375644271187e-5
2250,2.154398836033e-4,1.614315096279e-4
2251,3.684471976558e-4,1.229756910981e-4
2252,2.672055686848e-4,1.343481746953e-4
2253,2.342740596442e-4,1.251262769504e-4
2254,3.133227570474e-4,4.763599497149e-4
2255,2.184097161968e-4,3.319186115369e-4
2256,1.655792230713e-4,7.320406187338e-4
2257,2.720247364006e-4,4.328838521652e-4
2258,1.650393579021e-4,1.642479097217e-4
2259,9.603342401378e-5,1.290313915202e-4
2260,1.101650172604e-4,4.218068477564e-4
2261,1.766419809667e-4,1.740072085475e-4
2262,8.477303242080e-5,4.588274548921e-5
2263,2.164616197479e-4,1.986609454895e-4
2264,1.943506692770e-4,6.921891546144e-5
2265,1.534063526658e-4,5.625965383286e-6
2266,3.789789951363e-4,3.586944912799e-4
2267,9.592535608592e-5,2.580745601215e-4
2268,2.393443556191e-4,2.882363706414e-4
2269,2.147884324075e-4,2.763664829570e-4
2270,1.845499242513e-4,6.919733688635e-5
2271,1.764647972469e-4,1.537807679334e-4
2272,2.859315270676e-4,3.586360194955e-4
2273,2.553180476626e-4,1.705989891965e-4
2274,2.564184269199e-4,2.203859806575e-4
2275,3.401708336207e-4,2.413626931015e-4
2276,3.412352306744e-5,1.044493696154e-5
2277,5.025017611438e-5,4.364704720364e-5
2278,3.688325130774e-4,3.509968565941e-4
2279,1.958106456687e-4,2.534720935772e-4
2280,6.854333584783e-5,4.248877061739e-5
2281,3.187904446272e-4,2.482471475395e-4
2282,4.298878421069e-5,7.216050457976e-4
2283,1.822074716706e-4,7.033542703240e-4
2284,1.413274539120e-4,1.944373082516e-4
2285,4.576486359427e-5,5.778125791002e-5
2286,8.139754016077e-5,1.372428074878e-4
2287,1.544674303969e-4,3.524402443016e-4
2288,9.155950982865e-5,1.994908860416e-4
2289,1.724118154853e-4,2.461905546432e-4
2290,1.397641975384e-4,2.699180398451e-4
2291,2.068696357250e-4,1.952785770088e-4
2292,8.248551787899e-5,1.867825223894e-4
2293,2.484978109236e-4,1.921764137483e-4
2294,8.745383165820e-5,2.750394339546e-4
2295,1.634070735369e-4,3.760195864207e-4
2296,3.823969569026e-4,4.003347363704e-4
2297,1.594807894645e-4,1.736488862076e-4
2298,1.598232336802e-4,3.005634720617e-4
2299,3.116624567405e-4,4.510430165450e-4
2300,4.918242564776e-5,6.678069221171e-5
2301,2.548861438977e-4,4.269716123490e-4
2302,3.370453460078e-4,5.172127257252e-4
2303,1.563369814669e-4,1.895947474193e-4
2304,2.465890672684e-4,1.566892905142e-4
2305,2.745178242867e-4,3.734930350460e-4
2306,9.362463903437e-5,2.265184940258e-4
2307,1.853759972060e-4,1.381708398467e-4
2308,8.935347056360e-5,7.076433724086e-4
2309,1.574056180933e-4,9.342695049627e-5
2310,9.803124188459e-5,1.436528016367e-4
2311,2.349345653002e-4,1.918728746504e-4
2312,1.657101842041e-4,1.336914349416e-4
2313,2.624125614421e-4,2.889885562094e-4
2314,2.536444889035e-4,1.333433741233e-4
2315,2.746643998940e-4,8.594832659765e-5
2316,1.435595978493e-4,4.867788872895e-4
2317,3.110919301572e-4,3.585664572520e-4
2318,8.269673946075e-5,9.611498120412e-5
2319,1.085832807604e-4,4.690610107252e-4
2320,4.231975521878e-4,3.567330831855e-4
2321,2.406572263101e-4,3.754902902502e-4
2322,1.849448703020e-4,1.105311194493e-4
2323,3.611576062960e-4,1.965652483521e-4
2324,2.540512642080e-4,2.375355400490e-4
2325,1.609910176986e-4,2.725007511980e-4
2326,3.315676322107e-4,2.413030340422e-4
2327,1.834108958009e-4,3.505843251279e-4
2328,1.845307743737e-4,2.572511404865e-4
2329,2.758043999640e-4,8.539974608388e-5
2330,1.044008726247e-4,9.864543542579e-4
2331,2.301985691206e-4,2.274644518808e-4
2332,2.666437403244e-4,2.001373493380e-4
2333,9.058516327905e-5,1.456317541140e-4
2334,6.516558199252e-5,5.590527979280e-5
2335,4.939158882483e-4,4.964504907680e-4
2336,3.247803656340e-4,9.719250746654e-5
2337,2.867631624443e-4,3.203751806380e-4
2338,1.323735722009e-4,5.678423470948e-4
2339,1.231865234299e-4,7.522558800634e-5
2340,2.084981742374e-4,3.218327367429e-4
2341,1.307000771248e-4,3.194716306306e-5
2342,7.046093805142e-5,1.898621908823e-5
2343,2.424177308634e-4,2.563581604209e-4
2344,2.195087885342e-4,4.588951893263e-5
2345,2.676169886906e-4,4.852248132986e-5
2346,2.137102637564e-4,1.752007701754e-5
2347,6.072750278780e-4,3.659002486670e-4
2348,3.000371052948e-4,2.288580494696e-4
2349,8.268588089306e-5,1.916656893825e-4
2350,3.739495869721e-4,4.391401361433e-4
2351,4.937536857081e-5,6.210832265940e-5
2352,1.549431350926e-4,1.890728495200e-4
2353,2.954793266815e-4,4.385541804935e-4
2354,1.488569062285e-4,1.191225995611e-4
2355,9.538396606209e-5,1.035446939224e-4
2356,3.385053238158e-4,2.802427439185e-4
2357,2.082337191573e-4,1.862127826501e-4
2358,1.399338672168e-4,5.532932611756e-5
2359,5.064981350633e-4,5.393218872270e-4
2360,1.711451944760e-4,1.283092105082e-4
2361,1.547006252911e-4,2.708269284898e-4
2362,1.732083977154e-4,2.128455173407e-4
2363,4.181077717854e-5,1.561709289864e-4
2364,2.290352732809e-4,4.826610427742e-5
2365,3.322277575231e-4,2.822958670842e-4
2366,2.340484872238e-4,6.421522630496e-5
2367,5.825982688889e-5,1.136696210815e-4
2368,9.517670937763e-5,1.542206146203e-4
2369,1.192020038739e-4,3.078196730684e-5
2370,1.420207412412e-4,7.987072501411e-5
2371,3.525806982336e-4,2.161463038874e-4
2372,6.354387090479e-5,1.914850950276e-4
2373,1.248345735383e-4,1.320237233230e-4
2374,2.222437502254e-4,3.075949199852e-4
2375,7.044381851241e-5,1.478552012275e-4
2376,8.278619666606e-5,1.591841150181e-4
2377,2.358889995289e-4,1.167484882061e-4
2378,2.968782515209e-4,1.120776021014e-4
2379,2.193315783081e-5,2.256923819863e-5
2380,3.532871011813e-4,1.419342863904e-4
2381,6.841419360947e-5,2.187520257739e-3
2382,2.218793479066e-4,3.347389729973e-4
2383,2.800224274835e-4,2.496759975992e-4
2384,2.785720105589e-5,1.550660735343e-4
2385,2.369951202597e-4,2.136045241194e-4
2386,4.042538870652e-4,5.300193215486e-4
2387,1.598758399606e-4,1.272299258680e-4
2388,1.941960846372e-4,1.453213688485e-4
2389,3.047654838374e-4,4.088736192618e-4
2390,1.241550033070e-3,2.122951730466e-5
2391,1.255188590877e-5,1.575146404428e-4
2392,2.222829386203e-4,3.128258514150e-4
2393,1.256327068990e-4,1.339655917452e-4
2394,1.973764704016e-4,2.726645115941e-4
2395,4.350132146555e-4,3.566132945476e-4
2396,8.619371360366e-5,1.142592518540e-3
2397,1.445134753794e-4,2.279000484847e-4
2398,1.200971861381e-4,4.409713701085e-4
2399,2.183179480855e-4,2.534265522592e-4
2400,8.259747159262e-5,3.796717248265e-5
2401,2.330066150831e-4,5.110665708522e-5
2402,2.109697674672e-5,1.193860550283e-4
2403,1.894772733461e-4,5.158012585244e-5
2404,3.813631116588e-4,4.163372423765e-4
2405,1.466785383422e-4,7.246779507614e-5
2406,1.636885850662e-4,1.431389384685e-4
2407,3.293579411008e-4,5.327947785297e-4
2408,1.005699881274e-4,9.504540106384e-5
2409,2.290645797867e-4,1.371715377759e-4
2410,4.546825021999e-4,6.390513294059e-4
2411,3.743140594329e-5,3.894993281776e-5
2412,1.302892490935e-4,6.313393756044e-5
2413,2.732315034106e-4,3.550051913948e-4
2414,2.151811404959e-4,2.098678175653e-4
2415,1.588370185814e-4,1.136264085903e-4
2416,4.340646265200e-4,2.752735489481e-4
2417,1.584317817907e-4,4.920452484103e-4
2418,1.190887922897e-4,5.537989922676e-4
2419,9.232944701109e-5,5.764014159247e-4
2420,1.140124284637e-4,1.922118110908e-4
2421,1.867874049095e-4,1.662836279098e-4
2422,8.629910968245e-5,4.615867562717e-4
2423,2.241764361851e-4,2.563554263009e-4
2424,6.911126288182e-5,5.368598149360e-5
2425,1.713445339456e-4,2.692951609285e-4
2426,1.307099072840e-4,3.174810927922e-5
2427,1.960348627844e-4,3.944685190540e-4
2428,3.013055699333e-4,9.480627523642e-5
2429,2.599507950891e-4,2.034759097718e-4
2430,2.860324222362e-4,2.389251122798e-4
2431,2.323736132779e-4,1.214091588877e-4
2432,9.370117757148e-5,1.125167190685e-4
2433,9.385946928652e-5,1.729986599768e-4
2434,2.651558786233e-4,2.650117554558e-3
2435,3.121171621241e-4,5.426106288953e-5
2436,1.750037810933e-4,1.584969133391e-4
2437,4.053661392024e-4,4.118275573153e-4
2438,4.006256042970e-5,3.088784717490e-4
2439,1.364529276458e-4,1.904782781819e-4
2440,5.762626041784e-4,1.460461696886e-4
2441,1.271540717864e-4,1.816737398800e-4
2442,1.183259856878e-4,1.584782062428e-4
2443,4.717201748310e-4,3.888717596563e-4
2444,1.788148276585e-4,1.176949951654e-4
2445,1.368944713425e-4,1.879350289127e-4
2446,2.733237570110e-4,9.411591555495e-5
2447,8.104566257745e-5,2.665135865665e-5
2448,1.105523285092e-4,1.138759210867e-4
2449,2.180516360082e-4,6.395781442732e-4
2450,2.715766147698e-4,3.308598074180e-4
2451,1.440061641858e-4,1.960764717138e-4
2452,2.942955350683e-4,2.803231172627e-4
2453,2.026694016384e-4,1.367291337480e-4
2454,1.839879693372e-4,3.437714706305e-4
2455,5.001974706159e-4,1.604480667581e-4
2456,1.345952671485e-4,2.323347104926e-4
2457,9.245611855732e-5,4.662803756223e-4
2458,2.260623189026e-4,3.164156037472e-4
2459,3.103761539981e-5,6.693173275738e-5
2460,2.656511927281e-4,3.844692941888e-4
2461,4.186798400860e-4,5.340889970887e-4
2462,2.226469036505e-4,2.028625586872e-4
2463,1.640793725297e-4,2.602862693567e-4
2464,3.027910654310e-4,3.641909020188e-4
2465,1.550592981958e-4,3.192497885221e-4
2466,1.705965963249e-4,1.450759846031e-4
2467,3.240689316171e-4,9.567104546895e-5
2468,2.500529823405e-4,1.975592823380e-4
2469,9.073247520251e-5,1.835746398542e-4
2470,3.128624769609e-4,6.351909549612e-4
2471,7.020120499723e-5,3.529016090889e-4
2472,1.734833870312e-4,9.768317033431e-5
2473,3.070866299564e-4,2.367203191663e-4
2474,2.326797201273e-4,2.539470234280e-4
2475,1.500100868419e-4,1.247374439913e-4
2476,3.667748283182e-4,4.786908006524e-4
2477,4.790878866184e-5,4.305421532845e-4
2478,1.397558794420e-4,1.818067292454e-4
2479,2.342998574676e-4,3.124495072162e-4
2480,2.101768247894e-5,1.421787054401e-4
2481,1.229474863929e-4,3.789270380588e-4
2482,4.131324535852e-4,2.660347059484e-5
2483,1.951655953145e-4,1.913465133589e-4
2484,1.163474403506e-4,1.432560664882e-4
2485,4.425405332072e-4,5.031495058759e-4
2486,1.648372883820e-4,1.433332779790e-4
2487,2.617169898948e-4,1.535044145074e-4
2488,3.006071559287e-4,5.317513551469e-4
2489,1.228449998165e-4,2.639942949481e-4
2490,1.229874799640e-4,2.542986547992e-5
2491,1.245456658549e-4,2.866551954140e-4
2492,4.376337852317e-5,6.314585854540e-5
2493,2.026698186460e-4,9.211800727111e-5
2494,4.017893791290e-4,3.809154628962e-4
2495,1.599902732118e-4,2.847364697892e-4
2496,4.549049273457e-4,3.806048586454e-5
2497,4.007382953899e-4,2.588206958662e-4
2498,3.145703944371e-4,3.369936477274e-4
2499,1.344269974283e-4,1.168269474111e-4
2500,4.504485132161e-4,4.309159074775e-4
2501,1.971282978852e-4,3.200216139924e-5
2502,8.962249721257e-5,1.492649538756e-4
2503,1.172918595850e-4,1.281494525419e-4
2504,2.357028000227e-4,2.989505900321e-4
2505,1.960549082373e-4,2.715835344498e-4
2506,3.110356548919e-4,8.906215898432e-4
2507,1.344391428421e-4,2.772727829688e-4
2508,3.264484394549e-4,2.478140804108e-4
2509,3.252645859999e-4,2.925142198509e-4
2510,5.165949863412e-5,3.035870656232e-3
2511,4.270827049184e-4,3.018761334794e-5
2512,1.370969063202e-4,3.100446316526e-4
2513,8.532731648092e-5,7.057137270655e-5
2514,1.064861516275e-4,9.533752491745e-5
2515,2.341981376248e-4,8.828153034739e-5
2516,2.327654303171e-4,1.738130801929e-4
2517,1.324628006008e-4,8.464113568625e-5
2518,1.095185990053e-4,3.821667517671e-4
2519,9.483176572772e-5,2.338610564684e-4
2520,6.413185950944e-5,7.713316059503e-5
2521,2.884476654795e-4,4.857876208024e-4
2522,2.416147205809e-4,2.090687383437e-4
2523,1.573881720043e-4,3.893973939532e-4
2524,3.467117645770e-4,5.976931364422e-4
2525,2.866938017613e-4,1.397017253872e-4
2526,4.972085068240e-5,5.234537073367e-5
2527,3.931952256795e-4,5.393189827913e-4
2528,2.572233819788e-4,8.607131302602e-5
2529,6.406949674193e-5,1.904390120930e-4
2530,2.466092721821e-4,6.456966154757e-4
2531,1.818852111000e-4,1.690333280787e-4
2532,8.856947195906e-5,2.153930261564e-4
2533,2.481922175404e-4,1.458526309813e-4
2534,1.463635845789e-4,6.650392214746e-5
2535,1.883536586939e-4,4.467980432734e-5
2536,2.308018095662e-4,3.502489030034e-4
2537,2.246364868926e-4,1.540357580784e-4
2538,6.046610596093e-5,8.082455216892e-5
2539,3.509703295991e-4,3.309605637551e-4
2540,1.215128847870e-4,1.914329103566e-4
2541,1.998032461703e-4,4.596016200406e-4
2542,2.765155420240e-4,2.025735384022e-4
2543,2.378650131234e-4,1.854262981642e-4
2544,5.736622162112e-5,6.020108277250e-5
2545,4.123821733794e-4,3.678683421236e-4
2546,9.452630366079e-5,2.189491151564e-4
2547,2.765449887237e-4,3.306520353245e-4
2548,2.031320833152e-4,2.502040755407e-4
2549,1.528103132438e-4,2.239486224385e-4
2550,9.441153975537e-5,1.216193373904e-5
2551,3.164913260049e-4,1.691915763158e-4
2552,1.477396214231e-4,2.303866229397e-4
2553,2.566831208234e-4,3.836221648901e-5
2554,3.194846984277e-4,2.774347826522e-4
2555,2.933809846751e-5,2.889377836071e-4
2556,1.459776077475e-4,2.667378121475e-4
2557,3.993287742145e-4,4.099073036837e-4
2558,6.001106609577e-5,3.030133834285e-4
2559,8.600562164138e-5,3.896251103813e-4
2560,2.724786891605e-4,2.229593797931e-4
2561,1.277457160806e-4,3.584787582950e-4
2562,2.405181137716e-4,2.845929658705e-4
2563,2.245204832782e-4,2.853166496791e-4
2564,1.521620191363e-4,2.170492975912e-4
2565,1.118595134577e-4,9.684890315972e-5
2566,3.042232630329e-4,3.935795194897e-4
2567,5.838703402121e-5,2.131952110258e-4
2568,2.573192196460e-4,2.158175545303e-4
2569,2.192323328537e-4,4.188568562832e-5
2570,5.337751786676e-5,2.081613999508e-4
2571,2.680171607821e-4,2.044786461874e-4
2572,2.268064553067e-4,3.274675811208e-5
2573,6.559490980067e-5,2.640696677382e-5
2574,2.828428655392e-4,2.442278627237e-4
2575,1.597606902795e-4,3.084596205666e-5
2576,1.062082694477e-4,1.699705062800e-4
2577,1.100337310437e-4,4.869114362023e-4
2578,4.427265571860e-4,4.599434629015e-4
2579,1.155289927035e-4,3.102360333486e-5
2580,2.403528936193e-4,3.015154721633e-4
2581,3.058665258048e-4,5.451063039871e-4
2582,1.215525252828e-4,9.658820829168e-3
2583,2.001694498165e-4,8.003781794654e-5
2584,2.562910405735e-4,3.389919840585e-4
2585,1.332083910440e-4,1.046573825744e-4
2586,2.175179687556e-4,2.699162527629e-4
2587,3.713128789102e-4,4.006453083081e-4
2588,1.376022224876e-4,1.027650194029e-4
2589,9.987482682058e-5,2.057994921147e-4
2590,5.341947384372e-4,4.234797849735e-5
2591,2.612881256161e-4,4.614899696292e-5
2592,1.877915330472e-4,2.349578989289e-4
2593,4.411858697743e-4,1.712390851082e-4
2594,2.906719030911e-4,2.802439876005e-4
2595,1.803879963390e-4,1.226417835058e-3
2596,2.779617567066e-4,1.488720322215e-4
2597,1.357507413870e-4,1.400252680083e-4
2598,5.783582762615e-5,4.136125669150e-4
2599,4.662455714163e-4,4.638146539769e-4
2600,1.059467578663e-4,1.777387932404e-4
2601,7.970880894303e-5,1.980511761462e-4
2602,1.151269196839e-4,7.250976415096e-4
2603,1.779969581735e-4,2.059996388981e-4
2604,2.294170363108e-4,2.004850009123e-4
2605,3.373825462486e-4,2.042228171745e-4
2606,2.390733026388e-4,6.886350003761e-5
2607,9.818251855769e-5,7.580004144553e-5
2608,1.898459367839e-4,4.965300678463e-4
2609,1.734409501358e-4,2.014101420607e-4
2610,1.685195741913e-4,1.182381685730e-4
2611,3.465216869093e-4,4.954065068309e-4
2612,2.655758966194e-4,1.129097975707e-4
2613,7.154602075086e-5,7.225020851391e-5
2614,6.475504815935e-5,2.778055674517e-4
2615,1.683238664748e-4,1.360855599574e-4
2616,1.604571048071e-4,3.015756645783e-4
2617,9.155921056020e-5,1.104999481085e-4
2618,6.463664637929e-5,6.253751887163e-5
2619,2.063642225165e-4,2.103064199903e-4
2620,3.325449664557e-4,2.982140511024e-4
2621,1.385498282982e-4,1.757070770812e-4
2622,2.303608564063e-4,2.255377901033e-4
2623,3.681453973956e-4,1.337328192197e-3
2624,1.372074599736e-4,3.132734521241e-4
2625,1.370207287828e-4,1.217533635216e-4
2626,2.661029152832e-4,5.102774663799e-4
2627,1.166222981900e-4,1.464231401351e-4
2628,1.626885025425e-4,4.014210291028e-4
2629,3.832608922295e-4,4.728733761244e-4
2630,2.794173740912e-4,4.152098616553e-4
2631,1.629290500031e-4,2.140725869814e-4
2632,8.657018111002e-5,4.699291101749e-4
2633,8.437666551449e-5,1.960984436640e-4
2634,9.874241612870e-5,1.162695704066e-4
2635,3.160367003018e-4,1.748704774702e-4
2636,1.475381285338e-4,2.403490281239e-4
2637,1.760871325690e-4,2.098530870046e-4
2638,3.475936753044e-4,1.633314385099e-4
2639,2.123910657322e-4,4.805684289019e-4
2640,1.213063576347e-4,1.118785321157e-4
2641,1.611246704175e-4,1.983847287630e-4
2642,2.658302548758e-4,1.692913602101e-4
2643,1.736474497748e-4,5.052118240128e-5
2644,3.217207741930e-4,6.796831020860e-5
2645,1.752690622930e-4,1.834623144696e-4
2646,9.178136541837e-5,1.090929073271e-4
2647,3.784295992574e-4,4.242920636956e-4
2648,1.280928193005e-4,2.157740597933e-4
2649,1.871636454537e-4,5.017490856112e-4
2650,2.529556554950e-4,1.978368048599e-4
2651,1.130022894972e-4,1.104977503446e-4
2652,1.595610133629e-4,6.109932233027e-5
2653,2.635058421455e-4,1.825570295598e-4
2654,2.425926001712e-4,4.982835967219e-4
2655,1.686770603789e-4,5.008966302243e-4
2656,4.056843307895e-4,2.161155064483e-4
2657,1.422612862089e-4,1.597652195727e-4
2658,1.247812105028e-4,1.771218932993e-4
2659,2.947417586403e-4,4.979910754238e-4
2660,1.334815618024e-4,8.859476458186e-5
2661,1.429673620960e-4,7.876274574224e-4
2662,2.430108874580e-4,5.729699017473e-4
2663,5.797153172566e-5,5.583613871543e-5
2664,3.163848295089e-5,9.612592143007e-5
2665,1.725707546098e-4,2.395140001897e-4
2666,3.456996485248e-5,9.925990812512e-5
2667,9.312073788026e-5,1.002870029758e-4
2668,8.687359905778e-5,3.995006413949e-4
2669,2.794065683138e-4,1.918374835536e-4
2670,2.739132533184e-4,2.761837432849e-4
2671,2.210756499007e-4,1.759310741528e-4
2672,2.612297053251e-4,2.009874395291e-4
2673,1.773200829077e-4,2.185300446007e-4
2674,3.207729326449e-4,3.263654264295e-4
2675,2.283255872037e-4,1.771438415460e-4
2676,1.286565404450e-4,2.806140358766e-4
2677,3.521372139407e-4,4.663678661199e-4
2678,2.618526886801e-4,4.338010013292e-4
2679,2.599150268537e-4,2.842005584339e-4
2680,7.114738506523e-5,4.246749547615e-4
2681,1.111490703412e-4,1.723919258190e-4
2682,2.084699653832e-4,1.706854973309e-4
2683,1.843346839984e-4,2.863318660299e-4
2684,1.239071539366e-4,3.343819414263e-4
2685,3.335148018198e-4,2.941049430232e-4
2686,3.153535101966e-4,4.596368934880e-4
2687,7.262988925357e-5,1.952062485082e-4
2688,3.929522780763e-4,1.801671693837e-5
2689,4.417445841246e-4,2.677305085517e-4
2690,2.307691309538e-4,3.531918504490e-4
2691,1.124295662069e-4,3.916041401891e-4
2692,3.072298059323e-4,8.742448883691e-5
2693,1.898101213996e-4,1.697306386185e-4
2694,6.226996159652e-5,4.124909882993e-4
2695,2.378714529725e-4,2.040804569343e-4
2696,5.456204027384e-5,4.100690756069e-4
2697,2.945634554754e-4,7.980221685538e-5
2698,3.943069419856e-4,2.565518852669e-4
2699,5.518662337784e-5,3.040031741463e-3
2700,9.353624941174e-5,6.389222680492e-5
2701,2.974842339817e-4,2.266837983664e-4
2702,4.195940087956e-5,4.251590688573e-5
2703,2.308172260191e-4,2.681263217644e-4
2704,3.263708533254e-4,2.119269550630e-4
2705,3.135532670143e-4,1.195591691398e-4
2706,5.066024569482e-5,3.934336535929e-4
2707,2.777094918417e-4,6.406186603891e-4
2708,1.321507165164e-4,7.703539907026e-5
2709,1.980003529537e-4,4.438045920352e-4
2710,1.034928551176e-4,3.932156602270e-4
2711,4.489769929132e-5,8.113866711003e-5
2712,2.231711512297e-4,1.635454832568e-4
2713,3.736576956326e-4,2.436964807803e-3
2714,1.002388159238e-4,6.068408337519e-5
2715,6.066693160656e-5,1.918556747941e-5
2716,3.875300548705e-4,2.751933561972e-4
2717,1.223166704553e-4,2.138000455968e-4
2718,9.656358083888e-5,2.787818226539e-4
2719,2.075590815798e-4,2.461570432088e-4
2720,2.756625075033e-4,3.705016091585e-4
2721,5.632153079954e-5,5.216882158068e-5
2722,2.125858274257e-4,3.210001791082e-4
2723,8.758879167629e-5,5.622893433857e-5
2724,2.676071879894e-4,2.505182085933e-4
2725,1.967546144656e-4,2.039822126735e-4
2726,6.612828371515e-5,2.188727940092e-4
2727,6.738058803690e-5,8.383572501807e-5
2728,3.347654148858e-4,1.506266917424e-4
2729,1.111783267286e-4,2.120292803159e-4
2730,1.557827336437e-4,2.588236080082e-4
2731,9.746510632873e-5,2.232195395532e-4
2732,1.690976173956e-4,2.905313939562e-5
2733,1.774119565544e-4,1.992326852898e-4
2734,1.756589001019e-4,4.439082027376e-5
2735,2.963070434065e-4,1.384105967976e-4
2736,3.549845954596e-5,2.835512830160e-5
2737,2.505140275655e-4,2.968539309481e-4
2738,6.762857096807e-4,2.622689858546e-5
2739,1.162047018547e-4,2.755130258942e-4
2740,1.137117121129e-4,3.298039003122e-4
2741,2.341029569193e-4,5.251300648164e-4
2742,1.176874900322e-4,2.100049980934e-4
2743,2.055221355567e-4,2.642784324023e-4
2744,2.161878174752e-4,2.052771694795e-4
2745,1.467064010083e-4,1.138110735838e-4
2746,2.394160842110e-4,7.270815714733e-4
2747,8.642481010493e-5,8.699801252638e-5
2748,7.603769166785e-5,9.182868964491e-5
2749,3.597765855294e-4,3.395944832368e-4
2750,9.630753385066e-5,0.000000000000e0
2751,1.024231623500e-4,3.601482532909e-4
2752,1.914718390925e-4,1.274921521771e-4
2753,2.273071220858e-4,4.306538122439e-4
2754,1.016650567300e-4,6.459040331800e-5
2755,2.635250121379e-4,3.589697892597e-5
2756,1.346435266385e-4,8.771551483012e-5
2757,1.479346646164e-4,1.324866538382e-4
2758,1.963713262457e-4,1.425572680819e-4
2759,2.987751597329e-5,4.595909945056e-4
2760,2.126583560793e-4,3.838964734553e-4
2761,2.329661397399e-4,5.400579816152e-4
2762,9.469347272276e-5,1.374386240131e-4
2763,9.778342429145e-5,4.914551795396e-5
2764,1.273849665177e-4,4.185127494485e-4
2765,1.770219636953e-4,2.068793641543e-4
2766,2.222697749009e-4,2.328032541000e-4
2767,1.533591631712e-4,5.907550282393e-4
2768,1.450387680591e-4,1.914666562329e-4
2769,1.164079526946e-4,2.302678075190e-4
2770,3.932411932569e-4,5.137654223983e-4
2771,1.001711051328e-4,1.328957746176e-4
2772,6.610975474657e-5,3.055969292202e-4
2773,4.160378992757e-5,1.411345563608e-4
2774,1.045048681934e-4,2.361549697175e-4
2775,1.203754218184e-4,5.922190382437e-5
2776,3.165611726475e-4,2.851656754724e-4
2777,8.864446425766e-5,8.329471793594e-5
2778,1.962031432082e-4,1.781345776204e-4
2779,3.686813061792e-4,3.606002666555e-4
2780,2.284446445855e-4,1.421542938601e-4
2781,2.282203925228e-4,3.190191423904e-4
2782,2.375248070969e-4,3.328425521825e-4
2783,7.875480553421e-5,2.617757441560e-4
2784,8.081749098416e-5,1.227816406488e-4
2785,4.166869556531e-4,4.455949024336e-4
2786,1.655752526660e-4,7.474320387887e-5
2787,1.367310123128e-4,1.361128225821e-4
2788,3.259590588784e-4,3.692459505954e-4
2789,1.540350932295e-4,1.943457211193e-4
2790,6.366941265607e-5,5.884443913476e-5
2791,3.098330217414e-4,4.324958372385e-4
2792,2.982318440094e-4,1.615580149915e-4
2793,1.538206273917e-4,3.114838919316e-4
2794,1.184089283878e-4,5.162674389531e-4
2795,1.868939056108e-4,1.295047520118e-4
2796,1.310158960410e-4,1.916787534368e-4
2797,3.870883522516e-4,4.173624167065e-4
2798,1.415065839453e-4,1.565560696419e-4
2799,1.064430804162e-4,1.140736144799e-4
2800,3.760097572167e-4,4.691925303242e-4
2801,5.898014023632e-5,2.947152878694e-4
2802,2.304705352064e-4,1.123328652195e-4
2803,2.437030117870e-4,5.772781746616e-4
2804,1.182635550167e-4,6.784500468847e-5
2805,2.646008205573e-5,1.123143627049e-4
2806,1.780912637555e-4,1.827556697033e-4
2807,9.487462813018e-5,6.818436438864e-5
2808,8.453241449704e-5,1.432037759564e-4
2809,2.919203281259e-4,6.150880205667e-4
2810,6.935098462479e-5,2.726714875117e-5
2811,1.058451158650e-4,1.990579856952e-4
2812,1.543011685648e-4,5.826959675539e-4
2813,9.658435985734e-5,1.417470366088e-4
2814,1.541407159620e-4,5.257513935891e-4
2815,3.648122633913e-4,3.202997956709e-3
2816,1.393386440361e-4,8.713606322468e-5
2817,1.940348624773e-4,2.409280227403e-4
2818,2.083785136300e-4,1.028963616657e-4
2819,9.353052358069e-5,1.206518609728e-4
2820,1.323720241747e-4,2.558393700503e-4
2821,5.062629706438e-4,2.010261806247e-4
2822,7.718792231407e-5,2.260809655525e-4
2823,1.602912846548e-4,1.405162000499e-4
2824,2.275929973958e-4,4.739521657662e-4
2825,1.191932348254e-4,8.727318310785e-4
2826,1.652890678893e-4,1.207822835409e-4
2827,4.291157295423e-4,5.323610777290e-4
2828,8.063850741130e-5,1.190920244619e-4
2829,1.585385490109e-4,2.582261950227e-4
2830,2.379794212627e-4,3.385347284749e-4
2831,5.800475561017e-5,3.329388025710e-4
2832,1.881518068016e-4,1.398387525326e-4
2833,3.364315887804e-4,4.720495352969e-4
2834,2.009896650704e-4,2.855015475565e-5
2835,2.406996172160e-4,8.137256816351e-5
2836,1.241243300774e-4,4.219271826188e-4
2837,4.516918282300e-5,1.002733616126e-4
2838,1.088513494274e-4,1.881040203700e-4
2839,3.521248681896e-4,1.450107021671e-4
2840,3.304668692216e-4,4.465759850805e-4
2841,1.419039697075e-4,5.974198177242e-5
2842,3.044911867249e-4,2.720931082938e-4
2843,1.155288276589e-4,1.901945188888e-4
2844,9.834354551110e-5,1.684628446780e-4
2845,1.999186493672e-4,5.292711910834e-4
2846,3.828468620733e-4,3.959235068133e-5
2847,2.401507288077e-4,1.586572961813e-4
2848,2.935045518139e-4,2.644899859408e-4
2849,5.796205674213e-5,1.792882469327e-5
2850,1.437084630530e-4,1.304923358842e-4
2851,1.504674817427e-4,4.214949717889e-4
2852,3.069652072136e-4,3.726265050924e-4
2853,5.351364722073e-5,3.583884562973e-5
2854,2.649355157382e-4,1.480711914826e-4
2855,7.963250801795e-5,1.010157792395e-4
2856,3.193096733359e-4,2.692902739653e-4
2857,2.786372178080e-4,4.554060226372e-4
2858,2.478771678660e-4,9.900183176850e-5
2859,7.804276954353e-5,1.806966160624e-4
2860,4.964898935040e-4,5.787765386196e-4
2861,1.480212790942e-4,7.114312355951e-5
2862,3.473980777001e-5,7.878382462044e-5
2863,1.088324144511e-4,1.047877743021e-4
2864,2.326211143446e-4,3.509667944118e-4
2865,1.709080550081e-4,2.583648133911e-4
2866,2.169281295700e-4,3.000722196326e-4
2867,2.404437311599e-4,1.402888249301e-4
2868,2.611453306352e-4,2.269143223317e-4
2869,1.356211654261e-4,1.778943136132e-4
2870,2.652942198910e-4,5.952670906353e-4
2871,1.390614467804e-4,2.246434946706e-4
2872,1.785819215661e-4,5.918863412020e-5
2873,2.963050244870e-4,1.616237334890e-4
2874,1.143351448283e-4,6.603315020827e-4
2875,3.194859921692e-4,3.212641613057e-4
2876,6.273774450253e-5,2.944810978913e-4
2877,1.717094937842e-4,2.714867390750e-5
2878,3.139708610602e-4,3.288396324405e-4
2879,1.351585717465e-4,6.539011429850e-5
2880,2.195450839979e-4,2.939975569734e-4
2881,3.730257376752e-4,3.272770013653e-4
2882,1.071748785417e-4,2.983283990873e-5
2883,8.140795711114e-5,2.451817197440e-5
2884,3.244028540428e-4,6.589987822276e-4
2885,8.096957098528e-5,1.132939107264e-4
2886,2.116128990456e-4,2.173822366434e-4
2887,3.760807395475e-4,4.657102008725e-4
2888,9.311723408036e-5,2.221275131442e-4
2889,3.434767376289e-5,1.886028581214e-4
2890,3.983728807625e-4,4.415299251968e-4
2891,1.565063673295e-4,2.644384737513e-4
2892,2.331371648728e-4,7.147341100786e-4
2893,2.320754628839e-4,2.121449487472e-4
2894,8.383130919137e-5,1.168856471308e-4
2895,1.727598066521e-4,1.822016492352e-4
2896,1.011807086858e-4,1.595746613245e-3
2897,2.262654514030e-4,2.443245628162e-4
2898,2.393332548600e-4,1.440535417271e-4
2899,3.681484377122e-4,3.200796058315e-4
2900,4.370185735952e-5,8.625559646162e-5
2901,1.485867782437e-4,6.492860570938e-5
2902,2.932505550573e-4,1.771241113720e-4
2903,1.968142806134e-4,2.101072380662e-4
2904,2.495218359260e-4,2.779038514529e-4
2905,3.036740518188e-4,1.733476194749e-4
2906,6.748911394529e-5,8.699694925009e-5
2907,7.366493136007e-5,1.517054931125e-4
2908,1.971032672752e-4,3.360841047080e-4
2909,2.075074643897e-4,4.685195863984e-5
2910,5.784275726361e-5,2.918128025947e-4
2911,4.471367164597e-4,3.325692976537e-4
2912,2.615117030454e-4,4.010823870518e-4
2913,3.384014023785e-4,3.425256163987e-4
2914,3.876937724477e-4,5.033423122836e-4
2915,2.627371760711e-4,2.793590910795e-4
2916,1.446885298286e-4,3.552281417762e-5
2917,3.808586605587e-4,5.971509991893e-4
2918,1.073017758147e-4,3.447261663614e-5
2919,2.801959500148e-4,3.834939596554e-4
2920,3.407309197465e-4,8.653100364278e-5
2921,7.633554961877e-5,2.176826595497e-4
2922,2.013088956618e-4,7.859699731549e-5
2923,4.096795475424e-4,2.047664931995e-4
2924,5.205096385589e-5,2.602318818177e-4
2925,1.534947197043e-4,2.131513189606e-4
2926,3.412436363995e-4,4.513158248392e-4
2927,1.691760613953e-4,7.851522243812e-5
2928,1.859953269485e-4,1.175107977150e-4
2929,3.378279332637e-4,5.799483970320e-4
2930,2.752286950616e-4,8.991303450948e-5
2931,3.151495989738e-4,2.908896749174e-4
2932,1.302722152044e-4,4.614763646767e-4
2933,3.448965154866e-4,2.261233385971e-5
2934,1.753558350311e-4,1.791709315398e-4
2935,3.979377977600e-4,3.424710045662e-4
2936,4.776865953973e-5,2.272540388756e-3
2937,1.738665272850e-4,3.529113150874e-4
2938,1.402846760588e-4,3.240675584517e-4
2939,2.658668668789e-4,1.541639784353e-4
2940,1.133709562231e-4,2.492730737987e-4
2941,3.559540999564e-4,1.062372374249e-3
2942,2.180294110918e-4,9.997369145552e-5
2943,8.845213569577e-5,7.185751704937e-5
2944,1.689535643139e-4,1.168992630853e-4
2945,9.979466309155e-5,9.812189138073e-5
2946,1.794497026001e-4,1.946738485031e-4
2947,3.232751201538e-4,5.969226627567e-4
2948,8.417497945229e-5,2.845854520168e-4
2949,3.039212452299e-5,5.352556638867e-5
2950,2.265841675584e-4,6.185052256847e-5
2951,2.148985501190e-4,1.478261328868e-4
2952,2.768095899134e-5,1.269842367503e-4
2953,3.187390356415e-4,2.225219954630e-4
2954,1.792860347648e-4,2.285910910836e-4
2955,3.949050628324e-4,9.475325828409e-5
2956,3.460494811558e-4,4.091788392615e-4
2957,6.979997856318e-5,5.017616086429e-4
2958,2.912714972072e-4,3.045579560832e-4
2959,3.532523663821e-4,3.957065480413e-4
2960,1.448222204831e-5,1.126233467395e-4
2961,1.621785775431e-4,1.710075217052e-4
2962,1.698643356710e-4,3.900441997487e-4
2963,1.426978262747e-4,1.368284642565e-4
2964,3.598717359708e-5,2.213612174113e-4
2965,1.425090134315e-4,1.699692243121e-4
2966,3.087938883782e-4,5.175082920386e-4
2967,1.299223783907e-4,2.985385641430e-4
2968,3.364105934717e-4,5.428684746354e-4
2969,1.654523119693e-4,1.526727260850e-4
2970,1.162282726320e-4,5.292179539968e-5
2971,3.373250547420e-4,3.045283077620e-4
2972,2.422243408727e-4,5.226082471919e-4
2973,1.116700757987e-4,3.885168862280e-5
2974,1.618340418438e-4,4.219465933019e-4
2975,6.525398806271e-5,3.218131479973e-4
2976,5.649021272742e-5,6.805328766236e-5
2977,2.010587188863e-4,3.900886440840e-4
2978,1.786508375970e-4,5.205240921236e-5
2979,1.335483905848e-4,1.591213962187e-4
2980,1.266391290503e-4,1.447269867656e-4
2981,1.395293090967e-5,6.020471716658e-6
2982,2.610620621713e-4,2.806764841320e-4
2983,3.759983306489e-4,4.873971964749e-4
2984,5.211769220789e-5,3.083714228094e-4
2985,2.181940373164e-4,1.525182212358e-4
2986,3.651027288273e-4,3.315923915099e-4
2987,4.100368392082e-5,7.205943210287e-5
2988,2.159697322645e-4,2.018886308019e-5
2989,1.636618987294e-4,8.510253253484e-4
2990,1.701515761362e-4,1.320634436843e-4
2991,9.231571591585e-5,1.136554804418e-4
2992,2.849683430009e-4,1.723536873559e-4
2993,1.605417907882e-4,3.663486504345e-4
2994,2.344510429896e-4,8.465794271350e-5
2995,3.218363576248e-4,8.446582689671e-5
2996,1.966087953856e-4,2.014082125311e-4
2997,1.759327355644e-4,1.972134882588e-4
2998,2.147577862151e-4,4.276091587630e-4
2999,4.729737106531e-5,2.949614327714e-4
3000,1.081101448337e-4,1.756641458335e-4
3001,3.216210317018e-4,1.463374116284e-4
3002,1.152817064092e-4,1.204208411861e-4
3003,1.929798702293e-4,1.748481992094e-4
3004,3.767880758135e-4,4.894921209126e-4
3005,2.029140465608e-4,2.136513041511e-4
3006,1.616719130511e-4,1.137942075416e-4
3007,4.296907639473e-4,2.727912752339e-4
3008,5.279274032942e-5,2.140094630006e-3
3009,2.935914213119e-4,1.940237605431e-4
3010,2.700776140693e-4,7.768057636928e-4
3011,2.485364664773e-4,8.233010162928e-5
3012,1.023099370594e-4,1.334297379006e-4
3013,2.168772082593e-4,2.265937466159e-4
3014,1.633413507019e-4,1.456091831401e-4
3015,1.595189745275e-4,1.885711977502e-4
3016,3.557557313166e-4,1.870667486739e-4
3017,1.042177523387e-4,3.430376600280e-5
3018,1.920547508367e-4,1.169378535872e-4
3019,2.603509715287e-4,7.509066921494e-5
3020,2.775122965780e-4,3.859546264166e-4
3021,2.859134353690e-4,2.412149666028e-4
3022,4.583235283037e-4,4.386181249348e-4
3023,1.607684597143e-4,1.837806812990e-4
3024,2.229311034293e-4,2.405690748112e-4
3025,2.799812137142e-4,6.066025992985e-5
3026,1.138082739669e-4,2.561827811360e-4
3027,6.296938383641e-5,1.282965551358e-4
3028,2.869094849958e-4,5.195727442541e-4
3029,9.053018758047e-5,2.105505396789e-4
3030,1.761996332714e-4,2.162974006430e-4
3031,6.755377269029e-5,5.656820586845e-5
3032,2.340681123013e-4,2.990359972885e-4
3033,5.200565366690e-5,5.729666307652e-5
3034,4.013867503877e-4,2.813288399418e-4
3035,4.981406963122e-5,8.851347274839e-5
3036,1.367462259484e-4,3.049617701779e-4
3037,2.516032565457e-4,9.113874746533e-5
3038,2.943694644382e-4,2.869143333441e-4
3039,2.587469400658e-4,1.060756161037e-4
3040,1.108214237481e-4,5.189628780301e-4
3041,4.920044278808e-5,3.415578287489e-4
3042,3.472826315456e-5,4.532697467574e-5
3043,3.576475611993e-4,4.782085647022e-4
3044,1.484380516195e-4,1.634820762298e-4
3045,1.955113811830e-4,2.859473604609e-4
3046,2.363683776571e-4,2.692606650976e-4
3047,1.572610032649e-4,1.346351630839e-4
3048,2.037788019732e-4,1.206663652427e-4
3049,4.673493600399e-4,1.419887428032e-3
3050,3.889034413060e-4,1.850157236328e-4
3051,3.219651037961e-4,3.117191587782e-4
3052,3.245017756536e-4,6.130609337536e-4
3053,3.200094436071e-4,1.444171808017e-4
3054,1.353524003719e-4,2.983732767186e-4
3055,3.685807552300e-4,3.440881330375e-4
3056,2.828711254194e-4,2.498142372815e-4
3057,2.283715212281e-4,1.189122532127e-4
3058,3.459845867981e-4,6.070624648075e-4
3059,2.418699298485e-4,5.541079484293e-5
3060,2.509511343185e-4,2.657751469750e-4
3061,3.242831867423e-4,1.998470450942e-4
3062,5.520337141163e-5,2.492025427609e-4
3063,7.302941772782e-5,1.568868889944e-4
3064,2.341218067991e-4,4.158774488141e-4
3065,6.223328528624e-5,4.137295280605e-5
3066,2.196498907161e-4,2.058152916199e-4
3067,4.734137876111e-4,6.509502050372e-5
3068,1.709532685385e-4,2.913912235571e-4
3069,1.553093069741e-4,0.000000000000e0
3070,3.720815193760e-4,3.277792737646e-4
3071,4.329139250685e-5,5.877827738772e-4
3072,1.088619933298e-4,4.295676842529e-5
3073,5.014148418639e-5,2.749711832816e-4
3074,2.669532215934e-4,2.225708473732e-4
3075,1.235563768531e-4,8.783047549481e-5
3076,2.448719010707e-4,2.077090104694e-4
3077,1.947612997170e-4,7.381980700551e-5
3078,5.519735240926e-5,3.106655354367e-5
3079,2.292325836816e-4,1.977258863556e-4
3080,1.394607586174e-4,2.778830365290e-4
3081,1.519323683217e-4,1.484895660080e-4
3082,3.049100527954e-4,3.897294959057e-4
3083,2.576141063504e-4,2.193965954469e-4
3084,9.188770933202e-5,1.058274710384e-4
3085,3.174641448189e-4,2.393104983402e-4
3086,7.038285723770e-5,1.746099788406e-4
3087,1.926898452241e-4,6.269355497462e-5
3088,2.905742486013e-4,7.648355710617e-5
3089,1.027378456820e-4,2.186516124429e-4
3090,1.311560625300e-4,1.707479946034e-4
3091,2.953068286222e-4,6.664061848311e-4
3092,8.729880420412e-5,1.926266763687e-4
3093,2.742071636969e-4,3.160131365509e-4
3094,4.872562483008e-4,4.667008975333e-4
3095,2.006958011092e-4,1.111953208790e-4
3096,6.229122555616e-5,1.449076796602e-4
3097,1.259716204589e-4,5.100084460280e-4
3098,6.971660462923e-5,3.778591588790e-5
3099,1.716585323616e-4,1.713626025819e-4
3100,2.968538726207e-4,2.964110461993e-4
3101,1.548433113619e-4,2.935374915410e-4
3102,1.247090837264e-4,5.584033685888e-5
3103,3.947047416053e-4,4.256069839478e-4
3104,8.455839256064e-5,1.978919949891e-4
3105,2.152009438016e-4,2.680131557625e-4
3106,1.750143732993e-4,2.984420243152e-4
3107,6.003575529141e-5,1.298874252509e-4
3108,2.840778909651e-4,4.928291594644e-4
3109,4.702070715059e-4,3.580215468682e-4
3110,1.731923524316e-4,2.428755936170e-4
3111,1.677313995265e-4,1.546312214040e-4
3112,3.450695763303e-4,4.586186030287e-4
3113,2.148237661024e-4,3.716003152594e-5
3114,1.528311398985e-4,1.108992725158e-4
3115,2.351508567895e-4,2.078706889635e-4
3116,2.484606003753e-4,3.713532079786e-4
3117,1.418378336782e-4,7.893162886014e-5
3118,3.371831912364e-4,4.542666868764e-4
3119,6.594900641361e-5,4.314502809422e-5
3120,2.260488390772e-4,1.528098500739e-4
3121,1.924832144172e-4,3.315300442939e-4
3122,8.041483787719e-5,3.038461537412e-4
3123,2.363378009793e-5,2.729808499089e-4
3124,4.276856932716e-4,3.879112392187e-4
3125,8.621759832887e-5,2.467626915097e-5
3126,2.255789622972e-4,2.424154771348e-4
3127,3.570607086372e-4,5.911603704477e-4
3128,1.109877485616e-4,5.036387723284e-5
3129,1.637193900087e-4,1.579782193485e-4
3130,5.558143887589e-4,4.854395394594e-4
3131,1.033535966867e-4,4.583011530074e-4
3132,2.338500460124e-4,2.088932934506e-4
3133,2.489343860742e-4,5.489891190543e-4
3134,1.171354072254e-4,1.480214428905e-4
3135,2.437370183741e-4,1.651398671239e-4
3136,6.559606455272e-5,2.949667518098e-4
3137,1.239251624696e-4,3.285243897897e-5
3138,2.290260939549e-4,3.680922516479e-4
3139,1.344707416452e-4,5.459583316699e-4
3140,2.482782293467e-4,2.151274839056e-4
3141,3.939170525670e-5,1.245012032550e-5
3142,4.016977179458e-4,4.019229363561e-4
3143,1.693142653545e-4,2.934270074338e-4
3144,2.126794523607e-4,3.889622618239e-4
3145,2.908882102172e-4,5.157271226877e-4
3146,9.032844596700e-5,2.575483456505e-4
3147,1.719470407082e-4,2.797902307048e-4
3148,3.961787507460e-4,3.758990423395e-4
3149,9.954098283501e-5,5.932934907373e-5
3150,1.997979551093e-4,1.510717903892e-4
3151,2.265318661134e-4,1.586052785502e-4
3152,5.016974161658e-5,1.467500116248e-5
3153,2.735416881167e-4,2.751401720562e-4
3154,3.363355329541e-4,4.251528264192e-4
3155,1.894005122158e-4,1.399430580966e-4
3156,1.940506426215e-4,1.210974829725e-4
3157,2.931889583645e-4,4.608058922385e-4
3158,1.433281942336e-4,1.603466779219e-4
3159,1.748397950783e-4,2.074261809099e-4
3160,2.839344114939e-4,2.822833358558e-4
3161,8.742176116240e-5,2.241252464819e-4
3162,1.126796182151e-4,1.295657519508e-4
3163,4.283713894229e-4,6.802167534671e-4
3164,2.322917226484e-4,1.933694633796e-4
3165,2.567448570026e-4,3.461254112556e-4
3166,2.883525475116e-4,2.906312700736e-4
3167,2.902977951369e-5,2.734797975500e-4
3168,2.653654821645e-4,4.620310506753e-4
3169,4.521789772760e-4,4.767921971810e-4
3170,8.638664486562e-5,1.969610605850e-4
3171,1.871509170067e-4,2.495437612478e-4
3172,4.775084062043e-4,3.468304479504e-4
3173,2.784260641312e-4,1.744931298765e-4
3174,9.363077672255e-5,2.909813248371e-4
3175,1.113006181620e-4,7.026266680098e-4
3176,1.378486354187e-4,7.658398885286e-5
3177,2.625596471559e-4,2.471834991378e-4
3178,1.397947129530e-4,5.476449835213e-4
3179,1.306922279133e-4,2.101155487690e-4
3180,1.828068163266e-4,2.355842886368e-4
3181,3.875499957101e-4,3.824994437696e-4
3182,2.505342874319e-4,1.174630387078e-4
3183,2.871377295715e-4,3.091991570950e-4
3184,3.566500071137e-4,2.758506465684e-4
3185,2.199420899661e-4,1.297054662465e-4
3186,1.208039429320e-4,1.752825734985e-4
3187,6.067767310446e-5,3.198601440378e-4
3188,5.524475247527e-5,9.276564888324e-4
3189,8.841112032010e-5,2.247001093326e-4
3190,2.803040918053e-4,3.222044475427e-4
3191,1.101962257411e-4,2.945119674598e-4
3192,1.075179470240e-4,2.515917507480e-4
3193,4.148186447011e-4,3.824426903034e-4
3194,9.923144285709e-5,3.176821546602e-4
3195,9.949520520347e-5,1.962338258914e-4
3196,3.977560209976e-4,9.642271587636e-5
3197,5.610453407271e-5,2.299785779576e-4
3198,1.050356288245e-4,2.887623160450e-5
3199,3.019937054886e-4,3.159413812701e-4
3200,6.175937373083e-5,5.700924616595e-4
3201,3.538115969908e-5,6.779870765715e-5
3202,4.414705591828e-4,4.427290851341e-4
3203,2.389350109131e-4,8.970249905105e-5
3204,1.502707236181e-4,1.198193452173e-4
3205,4.532153285169e-4,5.583534014999e-4
3206,1.731561598046e-4,5.204334663227e-4
3207,2.337916831725e-4,2.599710565914e-4
3208,1.135940072953e-4,1.806577080198e-4
3209,2.390845381386e-4,2.133101010579e-4
3210,2.577547651175e-5,9.636762117158e-5
3211,2.058249395582e-4,1.022186145261e-4
3212,2.357324809433e-4,2.815012730268e-4
3213,5.649377860260e-5,9.589221461829e-5
3214,2.722405091506e-4,1.496953078327e-4
3215,5.217870740217e-5,1.316047356910e-2
3216,1.452093838549e-4,1.910198635935e-4
3217,3.008350093264e-4,3.584817218379e-4
3218,1.064318677583e-4,3.139312939436e-4
3219,2.974429997656e-4,3.421091099265e-4
3220,2.205181634435e-4,4.541815657704e-4
3221,8.669583178102e-5,2.889171151894e-4
3222,1.726577186856e-4,3.310079462615e-4
3223,2.608278930525e-4,3.183268391938e-4
3224,2.240525580977e-4,1.531186313933e-4
3225,1.792899560123e-4,4.708711191527e-5
3226,9.618265989728e-5,3.866212224317e-4
3227,2.570119841557e-4,2.880153229471e-4
3228,1.413836659573e-4,9.940762870432e-5
3229,4.247288931449e-4,4.686408842239e-4
3230,3.908379482752e-5,4.407753120808e-4
3231,1.783412147388e-4,1.084630077115e-4
3232,2.728843285465e-4,8.309957694483e-5
3233,5.489930822193e-5,6.383871535365e-5
3234,5.402094809027e-5,3.296681588311e-5
3235,3.780373772220e-4,1.684239040165e-4
3236,2.542197587832e-4,2.470874342883e-4
3237,2.598199408692e-4,3.661803502011e-5
3238,3.119668042843e-4,5.796330513226e-4
3239,1.139572321133e-4,2.091774901831e-4
3240,1.482291136279e-4,9.691930575690e-5
3241,2.330148357217e-4,3.329849058219e-4
3242,2.107697794783e-4,1.933745176952e-4
3243,1.670240912150e-4,9.169596483166e-5
3244,2.165995584502e-4,2.418746922916e-4
3245,1.801977077371e-4,1.622754219855e-4
3246,9.941123822393e-5,1.027228210180e-4
3247,2.594592146085e-4,1.451866052591e-4
3248,9.858376880332e-5,1.009893436817e-4
3249,5.685035008934e-5,9.758605102684e-6
3250,9.614206780972e-4,5.337124611846e-5
3251,3.032123510415e-4,5.037849656887e-5
3252,1.331946439017e-4,3.945655349654e-4
3253,2.058959386719e-4,1.482956093995e-4
3254,2.729478008112e-4,4.988954915407e-4
3255,3.733294869952e-4,1.042230022230e-4
3256,3.811797115247e-4,3.274220172683e-4
3257,1.808159691238e-4,1.886649842697e-4
3258,1.117789325337e-4,8.873867503505e-5
3259,3.044974431209e-4,3.072410322486e-4
3260,1.216671988076e-4,3.311762205898e-5
3261,1.698597473020e-4,1.007872374221e-4
3262,3.195401056771e-4,5.698017489459e-4
3263,1.702224559557e-4,2.898425333747e-4
3264,2.331423967539e-4,1.495538753623e-4
3265,3.007374285855e-4,2.171687504368e-4
3266,1.992332993126e-4,3.854457538464e-4
3267,1.145475522119e-4,2.770016209062e-4
3268,5.131986250173e-4,4.251937346796e-5
3269,1.411656870285e-4,2.265768336130e-4
3270,2.079503206317e-4,4.923671863401e-5
3271,4.100027662362e-4,3.295558826015e-4
3272,2.697063390852e-4,3.542204070202e-4
3273,2.236064217214e-4,1.849299871338e-4
3274,4.222086553644e-4,3.575300589227e-4
3275,1.744372636561e-4,5.468513303069e-5
3276,1.554695165615e-4,4.770568235278e-4
3277,4.094201755126e-4,3.968999367926e-4
3278,2.857135134300e-4,2.326468293407e-4
3279,1.699532838652e-4,2.560311972636e-4
3280,4.002494180686e-4,3.275976145693e-4
3281,3.810530403977e-5,2.688060578099e-4
3282,2.872526763279e-4,1.081024363928e-4
3283,1.771416415213e-4,3.848460570997e-4
3284,3.345364157956e-5,4.443732643517e-5
3285,9.688751638784e-5,2.677615741197e-5
3286,2.550581391290e-4,1.623818368123e-4
3287,2.575744811173e-4,1.776933797172e-4
3288,1.576013227104e-4,1.605243861380e-4
3289,2.509664417002e-4,2.452173924328e-4
3290,3.383448933847e-4,2.123451712445e-4
3291,2.666912706761e-4,6.615002436140e-4
3292,3.286355461933e-4,3.917282187449e-4
3293,2.307692153824e-4,2.056337238591e-4
3294,2.790912428332e-4,3.836967355073e-4
3295,1.829680045217e-4,5.697326325767e-4
3296,8.887319949968e-5,2.021335614157e-4
3297,2.448800230809e-4,2.134518487744e-4
3298,3.861165225416e-5,5.548309089876e-4
3299,9.531079121827e-5,4.076649955492e-4
3300,2.171192574080e-4,7.117032494847e-5
3301,3.627740586431e-5,6.526289075178e-4
3302,3.083108870023e-5,1.621842680443e-4
3303,1.863469371849e-4,4.212759795348e-5
3304,2.670575220170e-4,1.887934510620e-4
3305,1.250773278234e-4,1.007141403648e-4
3306,2.286396874986e-4,2.021186495387e-4
3307,2.288036249854e-4,4.676286479877e-4
3308,8.055444920167e-5,8.018868247037e-5
3309,2.875058473251e-5,2.205153571734e-5
3310,1.945832603867e-4,5.060332939171e-5
3311,2.150312248471e-4,1.907664742063e-4
3312,9.256007634874e-5,8.695829677863e-5
3313,3.978478910779e-4,3.060020652400e-4
3314,2.181644637267e-4,8.192048794940e-5
3315,8.173840684015e-5,2.639018027558e-4
3316,2.173896977188e-4,4.010587811835e-4
3317,2.289763114749e-4,3.478640883571e-4
3318,2.091408920017e-4,3.343171029361e-4
3319,1.366991508815e-4,7.721101016021e-5
3320,1.146755767007e-4,1.612486558077e-4
3321,1.198867540408e-4,4.503846119790e-5
3322,3.345043885122e-4,1.655744022660e-4
3323,8.665422275635e-5,1.196781328534e-4
3324,2.661374564021e-4,2.306001871728e-4
3325,3.778252381735e-4,5.507548174941e-4
3326,2.168060783267e-4,5.945966675843e-4
3327,8.784316920552e-5,7.065313558568e-5
3328,1.697037319560e-4,2.808459435461e-4
3329,2.172383520728e-4,2.371791075542e-4
3330,2.051576928527e-4,1.620014168702e-4
3331,2.814016271440e-4,1.708367247185e-4
3332,1.112398809353e-4,1.436517106912e-4
3333,1.165023217848e-4,8.310870046554e-5
3334,4.229299009387e-4,4.835815177933e-4
3335,2.208732890493e-4,2.034786402462e-4
3336,1.176302163721e-4,7.431636996290e-5
3337,1.292083623935e-4,4.473771907401e-4
3338,9.698071254711e-5,1.829955205831e-4
3339,2.884680850760e-5,1.332543711569e-4
3340,2.057082927182e-4,1.269534762856e-4
3341,1.571180034530e-4,1.205460201413e-4
3342,1.024324968342e-4,1.345310335521e-4
3343,1.656414968688e-4,4.558663528541e-4
3344,8.710651426750e-5,1.122452701834e-4
3345,1.007247269948e-4,3.545780657794e-4
3346,2.417536569634e-4,3.281135848218e-4
3347,2.224872575965e-4,5.540972005401e-4
3348,1.254956294398e-4,1.782375117379e-4
3349,1.751312153934e-4,5.145647314242e-4
3350,1.022619547636e-4,1.907564203485e-4
3351,2.168074260388e-4,6.000372963987e-4
3352,1.191029548345e-4,1.179282667067e-4
3353,1.552785192218e-4,2.965011334508e-4
3354,2.897369568301e-4,3.846288713905e-4
3355,3.857352105426e-4,3.718089603800e-4
3356,1.287753358910e-4,1.693260989045e-4
3357,6.788069041026e-5,5.351533023040e-4
3358,2.138641190920e-4,3.635102707871e-4
3359,1.603451288925e-4,1.826306150256e-4
3360,1.733707452219e-4,8.627710812550e-5
3361,1.085322094869e-4,6.608041779648e-5
3362,1.096103055349e-4,6.900812355653e-5
3363,3.234214634198e-4,4.991222648161e-5
3364,8.311718318902e-5,5.023110663376e-4
3365,1.377329107039e-4,1.764243665254e-4
3366,2.573943462600e-4,1.657519543239e-4
3367,2.929964979410e-4,2.722118590116e-4
3368,3.120308471308e-4,4.408201361163e-5
3369,1.956254384505e-4,1.903861708240e-4
3370,3.884033598507e-4,3.309665742243e-4
3371,2.031784975541e-4,4.591740459411e-4
3372,1.484082331974e-4,2.376933794836e-4
3373,2.451562623856e-4,8.302583970742e-5
3374,2.398108410337e-4,2.691062545901e-4
3375,1.949193134076e-4,1.846481138025e-4
3376,4.355459529320e-4,5.054474186502e-4
3377,8.361470111679e-5,1.039351615789e-4
3378,1.065536670033e-4,8.553587600293e-5
3379,2.628899226097e-4,6.277286886318e-5
3380,8.730303544515e-5,1.567336137838e-4
3381,2.351813101900e-5,6.255575657882e-5
3382,7.023120337433e-5,4.319030696139e-4
3383,1.860748119704e-4,1.910262272485e-4
3384,9.476222257716e-5,2.759332265392e-4
3385,2.696048432920e-4,1.620784136799e-4
3386,3.312987293698e-5,2.188226379991e-4
3387,3.121249257775e-4,2.719390054596e-4
3388,2.518862192344e-4,1.535829495167e-4
3389,1.779647931946e-4,1.640871293559e-4
3390,1.020171232727e-4,2.034268692923e-4
3391,8.874225800271e-5,4.684379119672e-4
3392,1.479809419354e-4,1.045212012580e-4
3393,9.482798386453e-5,5.460094964837e-5
3394,2.781212324854e-4,3.266729782716e-4
3395,1.017815375178e-4,7.243662025794e-5
3396,8.227546436679e-5,2.597624901290e-4
3397,2.585668831211e-4,2.692926269486e-4
3398,2.639621935400e-5,5.033294482478e-5
3399,1.494497940597e-4,5.254456049546e-4
3400,2.958919765982e-4,6.703163198129e-4
3401,1.092419040686e-4,1.001744636879e-4
3402,1.176295883055e-4,4.759516421447e-5
3403,3.278969306591e-4,5.827450759639e-4
3404,5.045422903980e-5,3.068489196887e-5
3405,1.126521080216e-4,3.160330159774e-4
3406,1.456309515255e-4,3.079310067003e-4
3407,1.122787223575e-4,2.169630516453e-4
3408,2.641063664685e-4,3.130349291340e-4
3409,4.641841091398e-4,4.936154814867e-4
3410,1.027656665976e-4,2.361536604198e-4
3411,1.037632772354e-4,1.963099119860e-4
3412,3.391965858614e-4,3.596171188660e-4
3413,8.394198118816e-5,3.520222118007e-4
3414,8.947342506183e-5,4.080778918233e-4
3415,3.857156313611e-4,4.404983623979e-4
3416,2.130087830144e-4,2.221877881860e-4
3417,8.339870493137e-5,1.380871288902e-4
3418,1.242460169553e-4,3.415347364254e-4
3419,3.023434057805e-4,1.568032165511e-4
3420,1.601250400426e-4,2.110175472750e-5
3421,4.314341708164e-4,4.091353986713e-4
3422,2.646788005978e-4,2.584757334656e-4
3423,8.401182566500e-5,8.197529492310e-5
3424,3.434700936254e-4,3.233238561452e-4
3425,1.925935192025e-4,1.023935119808e-4
3426,9.107579997972e-5,6.583616413306e-6
3427,4.366080223515e-4,5.849069976834e-4
3428,2.859263034361e-4,5.277820153795e-3
3429,1.091578125024e-4,2.889780322712e-5
3430,9.481643674812e-5,4.978966686442e-4
3431,5.399093178599e-5,6.460443890813e-5
3432,1.619689321131e-4,3.164719217557e-4
3433,3.840961726872e-4,6.774735034643e-5
3434,2.973514346112e-4,1.542647756802e-4
3435,2.118442245910e-4,3.208488759960e-4
3436,3.053340362348e-4,5.226736296979e-4
3437,1.331438969029e-4,1.171812315068e-4
3438,1.956311897998e-4,1.392853669344e-4
3439,2.967654997046e-4,1.408961787904e-4
3440,8.116556585333e-5,4.147340735030e-5
3441,1.793961848945e-4,7.174672740349e-4
3442,2.320876439004e-4,5.710062097805e-5
3443,1.650385610962e-4,1.794759515911e-4
3444,8.979379146845e-5,1.032938770281e-4
3445,3.771404551724e-4,3.897838245865e-4
3446,8.964422918467e-5,7.664641164013e-4
3447,1.991300286987e-4,4.907132180205e-4
3448,4.423810715992e-4,4.357447538789e-4
3449,1.192186418089e-4,2.629652841696e-4
3450,7.545041085965e-5,2.422452606400e-4
3451,2.281315923071e-4,1.735053507483e-4
3452,1.797748832589e-4,1.017372877521e-4
3453,2.071875519678e-4,2.620757681242e-4
3454,3.398538308603e-4,4.395161447716e-4
3455,2.224864848472e-4,2.591480894658e-4
3456,7.485755688005e-5,3.780047601144e-4
3457,3.702079085169e-4,2.372797265850e-4
3458,1.275783587180e-4,1.617010442021e-5
3459,1.173715866212e-4,2.299208683047e-4
3460,2.978907375075e-4,5.455264317987e-4
3461,1.715113330717e-4,2.168118016382e-4
3462,3.294721094708e-5,2.013787713209e-4
3463,3.067295912324e-4,1.219768088951e-3
3464,9.824068158242e-5,2.063277313846e-4
3465,1.954874110836e-4,1.413896589837e-4
3466,1.046820241057e-4,5.111754932450e-4
3467,1.156503801049e-4,1.759437623746e-5
3468,2.480344884637e-4,2.299413692757e-4
3469,1.925534060876e-4,4.056525284735e-4
3470,2.967083736084e-4,1.693664732623e-4
3471,2.459763079762e-4,2.874846527723e-4
3472,4.880152165855e-4,2.962348869382e-4
3473,3.200121173769e-4,2.554590548017e-4
3474,1.151379238913e-4,3.758070111347e-5
3475,1.163859770838e-4,3.312095944311e-4
3476,9.387283864317e-5,1.643251734721e-4
3477,1.173371272344e-4,1.813170387058e-4
3478,1.796170895230e-4,4.370497180019e-4
3479,1.392175895085e-4,5.779238972306e-4
3480,1.270236140798e-4,7.843830091137e-5
3481,3.734838142707e-4,2.838114055767e-4
3482,2.770499109065e-4,2.448705386111e-4
3483,2.070295608995e-4,8.261192861682e-5
3484,2.583786629920e-4,6.094860737316e-4
3485,6.417819790200e-5,8.546358425876e-6
3486,6.087032468114e-5,1.007609599490e-4
3487,3.314205330385e-4,3.263255487480e-4
3488,2.236758280777e-4,3.295693276659e-5
3489,2.166300103857e-4,2.111391781916e-4
3490,4.016648542439e-4,4.466656922131e-4
3491,8.604267514866e-5,2.140519027286e-5
3492,1.235481833381e-4,3.273208185894e-4
3493,3.319358915684e-4,2.903792008893e-4
3494,6.244034840287e-5,3.465475678805e-3
3495,2.396474953195e-4,9.394031093912e-5
3496,3.729762867191e-4,1.687869906928e-4
3497,1.933666114096e-4,8.107177205862e-5
3498,6.357539535653e-5,1.126565950643e-4
3499,4.107367144883e-4,4.750277469141e-4
3500,1.852596363134e-4,1.403750771430e-4
3501,1.324354257164e-4,1.634722190241e-4
3502,4.212699328135e-4,6.703809911650e-4
3503,1.286032652830e-4,2.411993387183e-4
3504,1.333042254491e-4,3.294784913519e-4
3505,3.635328505869e-4,4.573864821682e-4
3506,1.880672065488e-4,1.236223625542e-4
3507,3.347990572585e-4,1.931618216745e-4
3508,2.966203132670e-4,2.851957976598e-4
3509,1.099132257501e-4,1.107150717434e-4
3510,1.494330977890e-4,2.188045382153e-4
3511,3.610802105947e-4,2.684172944583e-4
3512,8.383627164279e-5,1.684073040236e-4
3513,1.655076033879e-4,1.799742486700e-4
3514,2.508069426227e-4,6.380034507129e-4
3515,6.018615950010e-4,2.758058872478e-5
3516,1.770246691901e-4,1.533935169402e-4
3517,4.041412301320e-4,6.998318228092e-4
3518,2.418972250622e-4,2.041464757039e-4
3519,1.141491407863e-4,5.270895517611e-5
3520,4.428870957754e-4,4.764470297784e-4
3521,7.460681693391e-5,5.730408458393e-5
3522,1.275949709233e-4,1.023548292764e-4
3523,2.762244445009e-4,3.651791592918e-4
3524,1.833020960251e-5,2.118754450997e-5
3525,1.501165489120e-4,2.918713620265e-4
3526,2.090138449670e-4,2.259416063234e-4
3527,1.180138728170e-4,9.729335490931e-5
3528,1.653717293852e-4,2.676084431110e-4
3529,3.609697650753e-4,1.506437556100e-4
3530,1.064452314544e-4,1.699799883620e-4
3531,2.138227713030e-4,3.668125989466e-4
3532,2.257883335153e-4,3.152014409758e-4
3533,1.258206288133e-4,1.295360831104e-4
3534,1.460187341127e-4,2.300111566042e-4
3535,3.364788831573e-4,5.982777420217e-3
3536,1.377763956094e-4,2.043840978926e-4
3537,4.430909285232e-5,1.503926497114e-5
3538,3.175269120705e-4,4.114373729928e-4
3539,2.694590974598e-4,2.232355238623e-4
3540,1.011907774775e-4,1.539116713970e-4
3541,1.095702903323e-4,6.707229713437e-5
3542,2.288943300674e-4,3.072743890010e-4
3543,1.112451778830e-4,1.212245471654e-4
3544,3.111198636153e-4,3.513573139545e-4
3545,3.152474811192e-4,8.025176868076e-5
3546,1.233496056825e-4,1.074793122524e-4
3547,2.717920557661e-4,3.179562926158e-4
3548,5.316973384100e-4,2.740207763119e-5
3549,1.065420868208e-4,6.013332995139e-5
3550,5.932348529519e-4,5.779997009016e-5
3551,1.045075869637e-4,3.265117912865e-4
3552,1.838963049288e-4,1.109565844114e-4
3553,2.939227711460e-4,3.836698378569e-4
3554,3.064638522966e-4,3.031118265529e-4
3555,5.727694507967e-5,1.392631830081e-4
3556,2.195672913501e-4,4.306734153251e-4
3557,2.933019533871e-5,1.055234958596e-4
3558,1.305269884070e-4,2.214736065768e-4
3559,2.801373426022e-4,4.307806574498e-4
3560,2.248233902494e-4,1.525658459720e-4
3561,1.180049861644e-4,1.437378509178e-4
3562,2.804594657145e-4,5.505864048026e-4
3563,1.176392540800e-4,4.553382689927e-5
3564,1.608394317898e-4,1.742947683799e-4
3565,3.111357711958e-4,3.252569129322e-4
3566,1.039273410711e-4,1.638334494872e-4
3567,2.545639708627e-4,3.987455839727e-4
3568,3.377203361344e-4,6.988445173604e-4
3569,6.813046595404e-5,3.860511300321e-4
3570,1.317911569832e-4,1.763080732946e-4
3571,4.181139395110e-4,4.481479697190e-4
3572,1.372796023404e-4,5.341210124439e-5
3573,1.061309357342e-4,3.161992496693e-5
3574,2.695337243270e-4,2.896825679540e-4
3575,1.585367414017e-4,1.604914783319e-4
3576,1.015972382682e-4,1.681447148595e-4
3577,3.169632196018e-4,3.166739440513e-4
3578,2.166457236856e-4,4.914903384138e-4
3579,2.091769681374e-4,2.252535379580e-4
3580,3.048668238766e-4,5.872270373286e-4
3581,2.396702692342e-4,2.431617883366e-4
3582,1.796608166094e-4,2.751981204296e-4
3583,3.519623653304e-4,3.904944403246e-4
3584,8.245621414827e-5,1.602145246323e-4
3585,1.375138190107e-4,2.455861055249e-4
3586,2.642988516968e-4,8.663531822427e-5
3587,1.065906479714e-4,1.243652946781e-4
3588,1.836556410210e-4,2.525075982387e-4
3589,2.605749727060e-4,3.535505187960e-4
3590,2.687790603463e-4,1.624471829194e-4
3591,2.035655089980e-4,2.615889635310e-4
3592,3.066766584713e-4,2.918928655237e-4
3593,2.529208595840e-4,7.024569770764e-5
3594,1.123170122964e-4,9.888936076190e-5
3595,2.387101896850e-4,8.219694556104e-5
3596,2.940044256320e-4,1.503568604537e-4
3597,2.154436362937e-4,2.219854866772e-4
3598,2.979796488191e-4,4.504710978503e-4
3599,2.261378768384e-4,2.744682795612e-4
3600,2.347411267687e-4,3.616992081259e-4
3601,3.786646107795e-4,3.839363847776e-4
3602,1.131653331817e-4,1.263355898607e-4
3603,2.009591149816e-4,2.710246174508e-5
3604,2.059689517405e-4,4.395878172222e-5
3605,1.426947650907e-4,2.277844790245e-4
3606,7.243429317825e-5,2.495951859456e-4
3607,3.318426146945e-4,5.126898809745e-4
3608,1.102242883393e-4,1.968652090056e-4
3609,2.521729311315e-4,3.035730342892e-4
3610,3.007706434305e-4,1.569127587914e-4
3611,1.743260042344e-4,1.399587367010e-4
3612,2.202947925500e-4,2.060881682591e-4
3613,2.112531934638e-4,3.020308616273e-4
3614,1.869741890368e-4,4.041903587307e-4
3615,1.114367875371e-4,3.951466220761e-4
3616,1.014455108042e-4,5.049873320964e-4
3617,5.545650252248e-5,1.081372155021e-2
3618,5.028109704130e-5,2.106996375760e-5
3619,6.177569064047e-5,3.300211216730e-4
3620,7.734346745071e-5,2.166173524189e-4
3621,2.831693205944e-4,2.551452348400e-4
3622,3.222658419921e-4,3.361587628791e-4
3623,1.496634409069e-4,4.427391323517e-5
3624,2.590301719329e-4,3.754178252487e-4
3625,1.837151091677e-4,3.057081949535e-4
3626,4.676275021720e-5,3.209017378577e-5
3627,1.560041913265e-4,4.967491176961e-5
3628,2.757064478315e-4,3.529736822776e-4
3629,1.900282825978e-4,1.042545352280e-4
3630,2.361698086191e-4,6.804942646711e-4
3631,2.683952835330e-4,2.227807660956e-4
3632,3.883905891165e-5,4.279018673912e-4
3633,1.819026795887e-4,2.465725578110e-4
3634,1.887830832593e-4,2.115401364586e-4
3635,2.438714927625e-4,3.539964929116e-4
3636,2.045009841794e-4,9.808880528539e-5
3637,2.414746984416e-4,9.335216961758e-5
3638,1.167422851232e-4,4.120767241727e-5
3639,1.115113774035e-4,2.441761368038e-4
3640,4.200893331416e-4,3.473032748411e-4
3641,1.205340313824e-4,2.472862628652e-4
3642,2.110865566372e-4,3.924177055276e-4
3643,3.250013137218e-4,5.891555414919e-4
3644,1.386319330463e-4,3.953474219451e-5
3645,1.508956364261e-4,2.875204728657e-4
3646,2.064512913072e-4,4.544634023006e-4
3647,2.743221195509e-4,7.023233497050e-4
3648,1.268708616626e-4,4.099052690341e-5
3649,3.116005763165e-4,4.884504820207e-4
3650,8.826816290859e-5,1.197193004920e-4
3651,1.618241047848e-4,1.305043956767e-4
3652,2.598397072418e-4,9.087654958156e-4
3653,1.337157651459e-4,9.530290032371e-5
3654,1.033013475155e-4,3.055814825087e-5
3655,2.395594937990e-4,4.646413975321e-4
3656,1.119468283245e-4,1.629714817086e-4
3657,1.194227102212e-4,7.118013526627e-5
3658,3.471391188485e-4,3.709534783355e-4
3659,2.848908523056e-5,4.291655577490e-5
3660,2.180956893869e-4,1.956892645177e-4
3661,1.934649810676e-4,1.409307018448e-4
3662,8.751200370565e-5,5.425372871890e-4
3663,2.917960691549e-4,1.847468105630e-4
3664,3.187539491925e-4,2.152928217143e-4
3665,1.234048365601e-4,2.878792984379e-4
3666,1.665462837312e-4,6.435688464408e-4
3667,8.011180873583e-5,4.112197599622e-4
3668,1.798757487760e-4,1.977241643036e-4
3669,1.921705940782e-4,1.193166469787e-4
3670,3.753162005850e-4,2.622684860447e-4
3671,7.231668084979e-5,1.069390693597e-4
3672,7.296080222572e-5,8.443579525941e-5
3673,3.669016561035e-4,8.084950006660e-4
3674,3.936149615880e-4,3.363290585961e-5
3675,2.474206065782e-4,7.276777239865e-5
3676,2.225817329373e-4,3.541436329139e-4
3677,6.560280501360e-5,1.552889683302e-3
3678,1.711162606927e-4,8.168815672567e-5
3679,2.863980704851e-4,3.059587585451e-4
3680,5.120586191446e-5,4.567438332178e-4
3681,2.150509856180e-4,4.906497725420e-5
3682,1.850457296041e-4,4.825643087226e-4
3683,2.783928655480e-4,3.142751725550e-4
3684,2.636946126178e-4,3.187764795956e-5
3685,2.845291284653e-4,3.992295267699e-4
3686,5.566996566478e-5,4.386455673356e-4
3687,8.205731790705e-5,3.148949569934e-4
3688,2.992033857354e-4,2.872429259149e-4
3689,1.403251297464e-4,6.947950352818e-5
3690,2.146221551970e-4,3.494857461476e-4
3691,3.042985393748e-4,5.256681787396e-4
3692,6.715195678826e-5,6.510152463633e-4
3693,1.738488321500e-4,1.466715247816e-4
3694,1.850701165849e-4,3.738184598398e-4
3695,6.070671836022e-5,5.281169552641e-5
3696,1.459832959630e-4,1.019127642894e-4
3697,3.610023917217e-4,4.765375079497e-4
3698,1.548156872843e-4,2.480262755548e-4
3699,1.658183792041e-4,2.187810092463e-4
3700,2.941441770382e-4,4.805532109235e-4
3701,8.547851464622e-5,2.199873072248e-4
3702,1.577545496635e-4,1.568712498846e-4
3703,4.170017608936e-4,1.696495168626e-4
3704,1.308532207227e-4,1.549071061878e-4
3705,1.874645993680e-4,8.533086080008e-5
3706,1.133786124533e-4,6.322919432156e-4
3707,9.162727789058e-5,2.230814306574e-4
3708,2.400323085027e-4,3.874163536350e-4
3709,6.444889964806e-5,7.772859492697e-4
3710,2.601898991498e-4,2.277078811218e-4
3711,3.909955703718e-5,1.736945399894e-4
3712,2.945177451495e-4,1.597936065306e-4
3713,1.923850632284e-4,1.023071970589e-4
3714,1.886320724808e-4,3.442917625644e-4
3715,2.863707347560e-4,1.957688882601e-4
3716,2.276949921327e-4,7.945514514922e-5
3717,2.825401408808e-4,3.116724221810e-4
3718,1.026993644644e-4,5.441097741059e-5
3719,2.276479323887e-4,3.611457966477e-4
3720,1.767157248224e-4,1.949680216177e-4
3721,1.750192031858e-4,7.553413160589e-4
3722,1.899582445531e-4,1.650759522111e-4
3723,8.817946696825e-5,3.095200452253e-4
3724,2.836233432726e-4,1.652775210091e-4
3725,1.969241266246e-4,1.887234860351e-4
3726,1.565470834257e-4,1.795778844252e-4
3727,3.980295434655e-4,4.892287452642e-4
3728,5.861462777256e-5,2.698419034577e-4
3729,2.084154300917e-4,2.512343584098e-4
3730,3.639352313599e-4,8.678496967301e-4
3731,4.052380256275e-5,2.746267984471e-4
3732,2.043331534922e-4,1.090781239166e-4
3733,2.919838677571e-4,2.386963327323e-4
3734,1.384332005940e-4,6.493772936596e-5
3735,1.459900887947e-4,2.834006263929e-4
3736,3.838794089433e-4,4.519640487462e-4
3737,2.728957726613e-4,1.782195490912e-4
3738,1.135777158191e-4,3.279818125793e-4
3739,2.573041570983e-4,4.492984170397e-4
3740,7.328557704687e-5,1.149997788434e-4
3741,1.889967686261e-4,9.480155925434e-5
3742,2.471906658039e-4,1.003772308421e-4
3743,1.087995139609e-4,1.596155189141e-4
3744,2.272641576100e-4,4.686891377586e-4
3745,2.883291901106e-4,1.813309928222e-4
3746,7.245963017522e-5,5.799544047301e-5
3747,7.763848511918e-5,6.772740525592e-5
3748,2.718599166005e-4,4.527595090221e-4
3749,4.968236978115e-5,2.310902390927e-3
3750,2.618908264261e-4,3.322090015568e-4
3751,6.108321403391e-5,4.146872897890e-4
3752,1.567055289749e-4,1.118351091495e-4
3753,2.521211712743e-4,1.856110212359e-4
3754,2.517526251466e-4,8.205920419158e-5
3755,5.003884764173e-5,1.231523435601e-3
3756,1.249360538541e-4,3.175555558579e-4
3757,2.024297474083e-4,4.948928605162e-4
3758,1.348535509070e-4,4.432861808223e-5
3759,3.133531355310e-5,1.019878382012e-5
3760,3.122771036716e-4,3.609740833744e-4
3761,2.459942740834e-4,3.414475081263e-4
3762,8.502823896586e-5,1.175751156172e-4
3763,2.207132802812e-4,1.977935600776e-3
3764,1.921358718755e-4,2.296274278133e-4
3765,7.927865481474e-5,8.744762338230e-5
3766,4.487064644898e-4,3.530854249381e-4
3767,8.650467939473e-5,3.986521006504e-4
3768,1.957288194460e-4,1.672284830721e-4
3769,3.896103639887e-4,5.045251119673e-4
3770,1.573037491982e-4,1.877602646935e-4
3771,8.758577862386e-5,5.252046584816e-5
3772,2.226249619311e-4,7.612636171247e-5
3773,1.247236062605e-4,1.729359214268e-5
3774,2.510281156675e-4,3.003240454449e-4
3775,4.104312512286e-4,2.850486876395e-4
3776,7.965631074219e-5,2.640963975467e-4
3777,1.566284809638e-4,1.367650486962e-4
3778,4.258063646579e-4,1.053200921821e-3
3779,2.517282746524e-4,7.041543448892e-5
3780,2.794827174454e-4,3.530359663206e-4
3781,3.988647746792e-4,5.357232269227e-4
3782,1.675927942192e-4,1.818604388753e-4
3783,2.157985883808e-4,3.494794636403e-4
3784,4.169346157139e-4,3.742724878779e-4
3785,2.405842330462e-4,1.869917599175e-4
3786,1.510667948488e-4,2.102241856576e-4
3787,2.988114488953e-4,5.929381126342e-4
3788,5.909294088510e-5,8.427186801261e-5
3789,2.678542634932e-5,4.274520884202e-5
3790,2.616468122859e-4,1.165652228338e-4
3791,2.041337966998e-4,1.727931234391e-4
3792,1.306951796019e-4,5.406167654007e-5
3793,3.273123124175e-4,4.431487071855e-4
3794,3.437614370203e-5,4.349134111810e-4
3795,1.316729282597e-4,1.151619899198e-4
3796,3.636161097663e-4,3.814643489158e-4
3797,1.119772756409e-4,5.247916171008e-5
3798,1.367756994707e-4,1.661900256563e-4
3799,3.992846556053e-4,3.449841257016e-4
3800,1.156671104719e-4,3.436547726765e-4
3801,2.593731653423e-4,5.817983077489e-5
3802,3.155200623194e-4,5.818069624761e-4
3803,2.312607777596e-4,1.010849161888e-4
3804,1.826633768843e-4,2.831841281347e-5
3805,4.424667146878e-4,1.743047582721e-4
3806,8.844597700083e-5,4.773293653169e-5
3807,2.503635229257e-4,3.922427487910e-5
3808,1.477099124631e-4,9.714503030482e-5
3809,5.473068217379e-5,3.144227828192e-4
3810,9.758416082910e-5,1.222314041100e-3
3811,2.509049449016e-4,1.267162820100e-4
3812,3.274407165174e-5,4.574595353605e-3
3813,1.040523521610e-4,2.780906705535e-4
3814,2.238588478704e-4,1.763788040785e-4
3815,1.591911960572e-4,2.513255604061e-5
3816,2.509039285068e-4,2.682273163507e-4
3817,3.369169549858e-4,4.861226397567e-4
3818,8.085045236073e-5,3.450598542011e-4
3819,1.264854040341e-4,1.118467535421e-5
3820,3.088916741196e-4,3.815468635663e-4
3821,1.741134718333e-4,1.010162737084e-4
3822,7.132493652273e-5,1.313821125126e-4
3823,1.588730514239e-4,1.820122991781e-4
3824,1.138676819128e-4,4.598641586788e-5
3825,1.035600515058e-4,1.362303985937e-4
3826,8.152158704100e-5,4.936591224325e-4
3827,1.888921480812e-4,2.173279928451e-4
3828,1.889815813926e-4,2.684575418854e-4
3829,2.893520231377e-4,3.254516321399e-4
3830,2.912770736383e-4,5.296054251235e-5
3831,2.568299086560e-4,2.982944299760e-5
3832,5.538421064928e-4,4.698278761920e-5
3833,3.194631903345e-4,2.650689906815e-4
3834,1.120995005506e-4,1.331281368146e-4
3835,3.601420063911e-4,4.921537854631e-4
3836,1.742716289095e-4,1.858299867169e-5
3837,1.607138890858e-4,1.162254315605e-4
3838,4.157347313393e-4,4.172721320076e-4
3839,2.246066250049e-4,1.508460672202e-4
3840,9.339273677435e-5,2.079711993718e-4
3841,2.543479179675e-4,3.528466521633e-4
3842,1.321656804186e-4,1.676198755929e-4
3843,1.055851863842e-4,1.157220297103e-4
3844,1.303276215239e-4,1.992169748018e-4
3845,1.695908900720e-4,2.577568148811e-4
3846,1.143820620063e-4,1.871265804936e-4
3847,4.105503216274e-4,5.285041998240e-4
3848,5.976754626872e-4,3.800515331837e-5
3849,2.887395004076e-4,2.108228270024e-4
3850,4.035933522633e-4,3.031816524904e-4
3851,1.339689528652e-4,5.891347317688e-4
3852,1.984258613762e-4,3.379100710308e-4
3853,4.047914675585e-4,4.517272052993e-4
3854,6.867468018298e-5,2.964976675742e-5
3855,3.745379897889e-5,5.355459874066e-5
3856,5.277954606441e-4,1.036299125083e-4
3857,1.810005532201e-4,2.858906570987e-4
3858,2.160824143287e-4,6.179375709265e-5
3859,1.552390188003e-4,1.560396877936e-4
3860,2.576093946484e-4,1.117874762541e-4
3861,2.279504373002e-4,2.479605812193e-4
3862,6.368285433172e-5,7.395914181949e-5
3863,2.942735955010e-4,9.022159950081e-5
3864,1.370085839146e-4,2.294382020959e-4
3865,2.872572074000e-4,9.855368963931e-4
3866,9.584818138662e-5,1.319353909359e-4
3867,1.240219778546e-4,1.487566031194e-4
3868,2.797839228939e-4,2.214865488386e-4
3869,3.011233410707e-4,3.508126103930e-4
3870,1.122275047867e-4,1.741676051813e-4
3871,3.509963449822e-4,4.365584904680e-4
3872,1.047919517862e-4,8.956012720536e-5
3873,1.163000897613e-4,6.131352431297e-5
3874,2.608543223724e-4,3.006573369213e-4
3875,7.739933660503e-5,1.310131565756e-4
3876,3.055269338612e-5,5.085990754319e-5
3877,4.419499458693e-4,3.976792027492e-4
3878,1.244752900223e-4,1.839397017727e-4
3879,2.077175689816e-4,1.769461700799e-4
3880,4.118159657169e-4,3.352735024591e-4
3881,8.864416835184e-5,5.637395770011e-5
3882,1.974742408194e-4,1.712137822190e-4
3883,3.132633535638e-4,3.974333100214e-5
3884,1.412081430527e-4,3.040417505287e-4
3885,2.375142783605e-4,1.911361791169e-4
3886,3.608628101975e-4,4.783205295254e-4
3887,8.858219557617e-5,1.305567505084e-3
3888,1.628936172623e-4,1.287455855838e-4
3889,4.852368573253e-4,1.878695540759e-4
3890,2.498302253199e-4,2.635885023835e-4
3891,1.462459961322e-4,1.562628608116e-4
3892,4.993543519922e-4,1.714176408093e-4
3893,1.722434301007e-4,2.335920450682e-4
3894,2.143978295493e-4,1.917818097634e-4
3895,1.548907493954e-4,3.760374670603e-4
3896,3.207321738707e-4,2.325287836984e-4
3897,1.358447316494e-4,1.518317112993e-4
3898,1.925045810265e-4,7.973649286213e-4
3899,1.284622403530e-4,7.963946153367e-5
3900,7.797100687641e-5,1.306926098685e-4
3901,3.319461604257e-4,5.175034113848e-4
3902,2.105319990579e-4,2.670064393881e-4
3903,3.013894643357e-4,2.631760284863e-4
3904,4.508433919710e-4,4.399542175996e-4
3905,1.806051359213e-4,1.388014184048e-4
3906,2.126482614870e-4,2.528641727782e-4
3907,4.123067305388e-4,4.506744138512e-4
3908,2.950106245811e-4,1.621396729001e-4
3909,4.063255153867e-5,2.560515053102e-5
3910,2.254895282498e-4,2.697359894332e-4
3911,3.254031337674e-5,5.306878498066e-4
3912,1.210625830470e-4,1.935467124432e-4
3913,2.559758765997e-4,9.113584832254e-5
3914,2.733027245758e-4,1.026165316761e-4
3915,3.363745684087e-4,7.719379999553e-5
3916,4.706672279445e-4,4.587208294166e-4
3917,6.798148100779e-5,9.659518185094e-5
3918,1.268214575146e-4,1.971684028283e-4
3919,3.648795187985e-4,9.029667288145e-5
3920,2.436101485932e-5,4.558843286895e-4
3921,1.812506274608e-4,2.259494547088e-4
3922,2.467778797892e-4,3.139614894834e-4
3923,2.248712866162e-4,1.966638886903e-4
3924,2.408576793479e-4,2.487077355930e-4
3925,1.920631650126e-4,3.405098890101e-4
3926,2.280455131866e-4,3.006221386532e-4
3927,1.746565517597e-4,2.363779547788e-4
3928,3.993033363894e-4,2.233028931329e-4
3929,2.270362352724e-4,2.417861348077e-4
3930,1.821006087607e-4,2.352992479829e-4
3931,1.596698791141e-4,3.601548449594e-4
3932,1.672888700228e-4,1.568767001438e-4
3933,1.506166379784e-4,2.255655563954e-4
3934,4.165436110645e-4,3.772591081271e-4
3935,2.143875867748e-4,2.109963547861e-4
3936,1.601059704265e-4,1.909290617859e-4
3937,1.875550248708e-4,4.642175088108e-4
3938,1.607657249159e-5,1.937071681774e-4
3939,1.394658500488e-4,2.467530590655e-4
3940,2.359786269241e-4,3.983274355935e-4
3941,2.837544372822e-5,3.555960842216e-4
3942,1.024993636331e-4,7.004756922020e-5
3943,4.486523596180e-4,5.413584091332e-4
3944,2.807050691339e-4,2.923782682429e-4
3945,1.927904198324e-4,1.014248441869e-4
3946,2.872650633439e-4,4.296571117755e-4
3947,1.820611412032e-4,9.644453258015e-5
3948,1.267552521022e-4,2.235685535022e-4
3949,3.148975381571e-4,5.247469243275e-4
3950,1.255729114401e-4,2.686982559766e-4
3951,6.119098763380e-5,5.186002308777e-5
3952,2.332974756085e-4,5.079106621606e-4
3953,3.186569959893e-5,2.943249627284e-4
3954,1.558081564685e-4,1.689330437570e-4
3955,3.252780294931e-4,4.431973117596e-4
3956,1.369482106134e-4,3.013097529406e-4
3957,1.145608801932e-4,1.852216399605e-4
3958,3.823905912198e-4,2.826041540976e-4
3959,8.392297063575e-5,2.607427631238e-4
3960,7.193787430687e-5,1.764486554639e-4
3961,4.024046003199e-4,1.590674731909e-4
3962,1.758599190952e-4,4.525351446097e-5
3963,1.957780355526e-4,1.545720358121e-4
3964,1.097485391528e-4,2.305862657567e-4
3965,7.090744311305e-5,1.996081120600e-4
3966,1.518287619625e-4,7.214353090878e-4
3967,3.255104429472e-4,6.023941787925e-5
3968,9.000917605454e-5,3.048433880630e-4
3969,2.262158436135e-4,4.572428105330e-4
3970,3.307025455875e-4,5.001328604698e-4
3971,1.863334137600e-4,1.315405821468e-4
3972,7.246829084236e-5,1.300726382216e-4
3973,2.312719161564e-4,2.903670437118e-4
3974,1.060815911019e-4,1.639973815477e-4
3975,2.074873464198e-4,1.543156720335e-4
3976,3.034675121900e-4,4.041916300605e-4
3977,9.865219215574e-5,4.846728784420e-4
3978,3.536617572670e-5,3.921195501753e-5
3979,2.686821495194e-4,2.174178023922e-4
3980,2.378130636850e-4,1.462372666052e-4
3981,1.435564831199e-4,2.598053330682e-4
3982,3.395573693985e-5,5.538351322311e-4
3983,1.918346279578e-4,7.181477009349e-5
3984,2.788160725373e-4,3.206918524597e-4
3985,2.721526694187e-4,1.391309634800e-3
3986,2.304021317650e-4,1.498987859553e-4
3987,1.255264605883e-4,1.202078247456e-4
3988,3.968873772807e-4,3.048816921786e-4
3989,1.640210893548e-4,1.609779726085e-4
3990,1.980390602210e-4,1.442214360979e-4
3991,1.442565445989e-4,7.991640276892e-5
3992,2.847079937869e-5,1.266321008403e-4
3993,1.936368371703e-4,1.035191709630e-3
3994,5.335922647338e-4,7.545675193956e-5
3995,2.300624374265e-4,2.242120864096e-4
3996,1.770962739645e-4,1.943201356788e-4
3997,3.116862600212e-4,4.011612406765e-4
3998,1.905064668162e-4,2.627420194481e-4
3999,1.215301800551e-4,2.117735869241e-3
4000,1.772719734439e-4,1.312544154792e-4
4001,3.068760380159e-4,2.922257932255e-4
4002,9.600128389993e-5,2.092310383244e-4
4003,1.737809891587e-4,3.514295474853e-4
4004,3.937191516468e-5,3.028141043173e-5
4005,1.348345010529e-4,4.729123618418e-5
4006,2.982592027614e-4,2.649034418618e-4
4007,1.007077685100e-4,1.389466784245e-4
4008,2.576597715189e-4,3.311280155580e-4
4009,1.524383473459e-4,2.140652421885e-4
4010,9.403266845062e-5,2.422632146881e-4
4011,4.289349419802e-5,1.046767789293e-4
4012,4.554706943061e-4,6.256316875488e-5
4013,7.501071733308e-5,1.932761544142e-4
4014,1.575947043319e-4,2.685568451126e-4
4015,2.646012804915e-4,2.639265104654e-4
4016,1.496260565669e-4,3.574051113694e-4
4017,1.036215468129e-4,2.912876671801e-4
4018,4.111740870697e-4,2.486294224294e-4
4019,1.754014026134e-4,8.416023246195e-5
4020,1.435622805485e-4,5.471923151255e-4
4021,4.323790548277e-4,3.646656552646e-4
4022,3.802509172391e-5,2.987477043881e-4
4023,1.618778256044e-4,2.555459666112e-4
4024,4.967915959085e-4,2.623424430966e-4
4025,1.423427715750e-4,7.759143441787e-5
4026,8.262431766619e-5,2.640046538503e-4
4027,2.925207263861e-4,4.071592197966e-4
4028,7.169365095598e-5,2.300918761998e-4
4029,2.854782979693e-4,7.995560533756e-4
4030,2.854794527357e-4,4.552945908209e-4
4031,2.318328874119e-4,3.279091974849e-4
4032,1.563288560313e-4,3.236663415623e-4
4033,3.705452281283e-4,3.879366147132e-4
4034,8.821044279275e-5,1.797837606368e-4
4035,1.587116857967e-4,1.206358969296e-4
4036,3.679565266954e-4,4.562628223820e-4
4037,2.481058753783e-4,1.816151481554e-4
4038,2.036816621322e-4,3.678851258553e-4
4039,1.219964711224e-4,4.007716531651e-4
4040,3.067284655166e-4,1.951259003240e-4
4041,1.690436261358e-4,2.064254058469e-4
4042,4.169798692044e-4,3.589598661385e-4
4043,3.259261726320e-4,4.214840672502e-4
4044,9.594476582019e-5,2.830365239206e-5
4045,2.639639532395e-4,2.266484994233e-4
4046,1.422185284131e-4,1.517251675622e-4
4047,1.863179379219e-4,1.972589069950e-4
4048,3.523959115397e-4,5.691040394075e-4
4049,2.138933940196e-4,2.653664481214e-4
4050,1.597187988942e-4,1.080987150798e-4
4051,2.149832986021e-4,3.264359339597e-5
4052,1.958013710158e-4,1.910535866153e-4
4053,2.029630430709e-4,6.194082571598e-4
4054,2.905728056794e-4,2.491522435675e-4
4055,1.671764795431e-4,1.270349278779e-4
4056,1.565054568646e-4,1.333930861392e-4
4057,1.499447551454e-4,4.133302010064e-5
4058,5.647445238075e-5,1.692837197732e-5
4059,8.523573248778e-5,1.181002298441e-4
4060,3.181358615345e-4,4.098070432598e-4
4061,2.509279389237e-4,2.829227702280e-5
4062,1.972968652541e-4,2.451323362805e-4
4063,2.329322829888e-4,4.421869224895e-4
4064,1.667126974419e-4,7.011021814250e-4
4065,1.021387986555e-4,1.527187830512e-4
4066,1.655272096410e-4,1.758169682924e-4
4067,1.620443827021e-4,1.095121114589e-4
4068,3.034363464041e-4,3.940317753891e-4
4069,4.456201095928e-4,1.165673303831e-4
4070,2.521670413358e-4,1.558748483490e-4
4071,1.168901992366e-4,1.546510480008e-4
4072,2.522725720728e-4,4.521913790836e-4
4073,1.449831983768e-4,9.015278007100e-5
4074,1.907845713130e-4,9.076671257472e-5
4075,2.645050542054e-4,2.037848401493e-4
4076,2.867665359102e-4,1.595271876594e-4
4077,3.977848120701e-4,4.687113769322e-5
4078,2.581127467976e-4,1.985800248470e-4
4079,2.177103988072e-4,2.392013798732e-4
4080,6.128032171574e-5,1.011467130252e-4
4081,2.982721285560e-4,1.800929960015e-4
4082,1.581408576531e-4,1.697661209514e-4
4083,1.036767737914e-4,1.828383736798e-4
4084,1.061916935704e-4,2.345501782234e-4
4085,2.254116049239e-4,8.955632015619e-4
4086,3.081900505614e-5,9.569342633264e-5
4087,2.795822574184e-4,1.849229624675e-4
4088,1.467759145275e-4,5.829321737258e-5
4089,1.100580218495e-4,1.924173171630e-4
4090,1.276442240687e-4,8.882401518566e-5
4091,9.566737881272e-5,6.130117497614e-5
4092,2.613532782398e-4,2.137612300368e-4
4093,3.555740306519e-4,4.255697215889e-4
4094,1.019553216893e-4,1.126489998371e-4
4095,7.129251781045e-5,1.846533553588e-4
4096,1.322935306499e-4,1.871749324706e-4
4097,2.513735030760e-4,2.975565019119e-4
4098,1.234631236536e-4,1.152865120056e-4
4099,3.349118081629e-4,4.350297615641e-4
4100,1.649153055457e-4,2.076615046745e-4
4101,2.797887089732e-4,2.852636082558e-4
4102,2.426626104342e-4,3.757497701901e-4
4103,2.589938346547e-4,9.015300074253e-5
4104,1.780645087357e-4,1.241005681337e-4
4105,2.692382399975e-4,3.477714421950e-4
4106,1.211691307609e-4,1.822428468952e-4
4107,2.082115941108e-4,2.793643305630e-4
4108,1.708847499898e-4,2.019757379953e-4
4109,2.483280323626e-4,1.969563768093e-4
4110,3.141828125361e-5,2.445469112030e-5
4111,2.983246118153e-4,3.545821148950e-4
4112,1.577331039197e-4,2.371770727621e-4
4113,4.423220062867e-5,1.340042398304e-4
4114,2.311079501740e-4,4.599124482919e-4
4115,1.849090842210e-4,5.674314120194e-5
4116,3.220682190117e-5,2.035727217933e-4
4117,3.338901188869e-4,3.254475021250e-4
4118,7.160414954191e-5,8.098185874251e-4
4119,7.424117410441e-5,1.934396932783e-4
4120,3.933649059669e-4,4.093518367088e-4
4121,1.435437072159e-4,5.501398670034e-4
4122,1.889193814714e-4,4.696465272773e-4
4123,3.026443473506e-4,3.655373746423e-4
4124,2.557218723333e-4,2.966589011109e-4
4125,2.145935868859e-4,2.347933659019e-4
4126,2.735441979563e-4,2.182712290792e-4
4127,1.658294449543e-4,2.643498558997e-4
4128,1.814572207234e-4,2.275338118242e-5
4129,3.006604836942e-4,5.494579589523e-4
4130,3.170484325708e-4,1.284058448730e-4
4131,8.631554425624e-5,1.182574872553e-4
4132,1.034422821783e-4,4.640276966552e-4
4133,5.318348911929e-5,3.258219580309e-5
4134,1.819991761269e-4,3.394174234581e-4
4135,2.695346042890e-4,5.323378214925e-5
4136,1.899770727000e-4,5.094244242299e-5
4137,1.759772205957e-4,1.541794592322e-4
4138,3.492097627198e-4,4.803385386199e-4
4139,2.552495985660e-4,1.497110840575e-4
4140,1.985634203964e-4,3.416661564946e-5
4141,3.295112417385e-4,3.230812136332e-4
4142,2.748691228519e-4,2.626983812750e-4
4143,4.408566223824e-4,0.000000000000e0
4144,3.304700800964e-4,1.745590816106e-4
4145,2.173118181309e-4,4.613404068951e-5
4146,1.876489040927e-4,1.765802496945e-4
4147,2.691993170792e-4,1.881132684953e-4
4148,1.616735508026e-4,1.545658120573e-4
4149,2.620699324146e-4,1.385119263490e-4
4150,3.177851563168e-4,1.663622259141e-4
4151,2.615979467698e-4,2.769037047120e-4
4152,1.258929883475e-4,1.308595027561e-4
4153,2.137401627448e-4,3.249252238195e-4
4154,2.083352865466e-4,3.345042541336e-4
4155,1.533443092480e-4,1.441409214171e-4
4156,1.071477138790e-4,3.678990829001e-4
4157,1.434996890790e-4,2.015076854562e-4
4158,1.219650450175e-4,2.743671760208e-4
4159,2.837770342922e-4,2.699058584489e-4
4160,1.225626265444e-4,2.664320671956e-4
4161,1.652509328866e-4,2.703898071498e-4
4162,1.297854468278e-4,3.977102132174e-5
4163,8.664806644241e-5,5.032961191544e-5
4164,2.283651452163e-4,4.648884047277e-5
4165,3.522674021287e-4,2.625700625110e-4
4166,2.074663466749e-4,7.059223562700e-5
4167,2.182418794722e-4,2.236002275943e-4
4168,1.522944491435e-4,3.107238836269e-4
4169,6.087019892474e-5,9.428511975368e-5
4170,1.264268972217e-4,9.792724838601e-5
4171,4.051427028058e-4,4.567493798825e-4
4172,9.076366233841e-5,2.301157457151e-4
4173,1.579461925216e-4,9.858671040022e-6
4174,2.049820295171e-4,2.768063730035e-4
4175,3.088030978562e-4,2.087497227293e-4
4176,8.083666420067e-5,2.205178619961e-5
4177,3.619200507316e-4,3.068388986302e-4
4178,2.322887331577e-4,3.417156861107e-4
4179,9.541663288829e-5,4.065514230637e-5
4180,3.442105553013e-4,1.588296971645e-4
4181,1.493597774161e-4,2.962509777799e-4
4182,2.072273887892e-4,2.340250936162e-4
4183,1.564336027409e-4,2.636571467612e-4
4184,3.008856241569e-4,2.932054825731e-4
4185,2.467151008636e-4,1.970316827053e-4
4186,3.970204126774e-4,5.937818238348e-4
4187,3.291723195699e-5,3.235855129736e-5
4188,1.047443130105e-4,2.576399580482e-4
4189,3.350040539649e-4,1.959733859419e-4
4190,3.142820875798e-4,1.057111423644e-4
4191,1.419755776615e-4,5.019028727108e-4
4192,3.974798458669e-4,5.074991541084e-4
4193,2.619956406223e-4,2.446372085191e-4
4194,9.712283991991e-5,2.103369838010e-4
4195,1.725947389390e-4,2.716418139154e-4
4196,1.309922576710e-4,1.137839796638e-4
4197,1.084133622638e-4,1.580753127006e-4
4198,2.177676902869e-4,1.259379561556e-4
4199,2.142245418044e-4,8.030784145173e-5
4200,2.983533514968e-4,2.614288783815e-4
4201,2.045454639418e-4,3.780793178046e-4
4202,1.659163360663e-4,1.174503706721e-4
4203,2.246893276028e-5,1.730606950772e-5
4204,3.452905771985e-4,3.500686136697e-4
4205,8.273206169307e-5,6.254667595391e-5
4206,1.438459303318e-4,2.024122639717e-5
4207,2.922469091560e-4,4.442975782443e-4
4208,2.225250282298e-4,1.198583935390e-4
4209,1.700253244419e-4,1.510259298503e-3
4210,2.062248687728e-4,1.133019699280e-4
4211,2.730229305557e-4,5.784392225528e-4
4212,1.340732432739e-4,2.754733115433e-4
4213,3.022827403570e-4,2.877263415516e-4
4214,2.412533824448e-4,1.847214461516e-4
4215,1.073491205114e-4,3.489504530020e-5
4216,3.177124720831e-4,4.458439089209e-4
4217,1.751984783824e-5,4.377528214402e-5
4218,2.153245675738e-4,1.238206319228e-4
4219,3.027383150110e-4,2.309265825236e-4
4220,7.026418210063e-5,1.220955701728e-4
4221,2.977748740952e-4,2.710804048308e-4
4222,2.143744281432e-4,2.013037815190e-4
4223,3.160463858801e-5,3.880684063240e-4
4224,9.093518879869e-5,1.647131325281e-4
4225,2.783527009179e-4,3.494179818273e-4
4226,7.410778141219e-5,7.710803331449e-4
4227,1.795358234840e-4,3.358436331928e-4
4228,3.274594493507e-4,4.500260955052e-4
4229,1.215843918982e-4,1.318369834489e-4
4230,2.426734216101e-4,1.631471532499e-4
4231,2.919416901087e-4,4.058050729166e-4
4232,3.642769419410e-5,5.136853054863e-5
4233,3.136511953790e-4,3.423724270621e-4
4234,2.968218081956e-4,3.883018488102e-4
4235,1.514583735471e-4,2.133551986099e-4
4236,1.590871103384e-4,1.816410924566e-4
4237,3.774769472352e-4,1.139854380628e-3
4238,1.707104341512e-4,1.729588875939e-4
4239,2.017956020117e-4,1.469000760592e-4
4240,2.931222434385e-4,3.337686214860e-4
4241,1.207213581248e-4,1.072480629464e-4
4242,1.322342368024e-4,1.766696739909e-4
4243,8.958388300319e-5,5.137463400633e-4
4244,1.166604163911e-4,2.005885068559e-4
4245,7.596035458299e-5,1.981226564527e-4
4246,2.114630001305e-4,1.161872812937e-4
4247,6.902795463172e-5,2.081130195824e-4
4248,1.336131763135e-4,7.303693880556e-4
4249,2.578343807367e-4,3.409801188010e-4
4250,2.947281946395e-4,2.217680627635e-4
4251,1.598420281557e-4,1.712199087919e-4
4252,2.530112117200e-4,3.059216684557e-4
4253,2.157309502082e-4,1.846236892667e-4
4254,6.307454524061e-5,2.601279896082e-4
4255,1.190708245544e-4,6.162986150498e-5
4256,2.032912731852e-4,4.285160342043e-4
4257,8.092486627966e-5,1.439097248603e-4
4258,3.821613699525e-4,3.412695011137e-4
4259,1.385430667921e-4,1.448753478173e-4
4260,3.011324232509e-4,2.486127035318e-4
4261,2.833714642672e-4,4.564321057369e-4
4262,1.296249321265e-4,8.799419889041e-5
4263,2.308585301570e-4,1.666919103354e-4
4264,3.859638648929e-4,2.661355089344e-4
4265,2.265866984067e-4,1.858907247165e-4
4266,1.332155840854e-4,2.473908889999e-4
4267,8.215437679072e-5,3.135422307596e-4
4268,2.195334070536e-4,1.519521991390e-4
4269,8.438122689773e-5,3.194605434173e-5
4270,3.474895906194e-4,4.247731835296e-4
4271,2.120727089340e-4,1.634897552715e-4
4272,2.047986441294e-4,2.644231091338e-4
4273,4.444752469727e-4,1.771173403835e-4
4274,1.342918957445e-4,2.598469349945e-4
4275,6.708953179897e-5,3.423063816929e-5
4276,1.913756245651e-4,1.172762110724e-4
4277,1.232565412264e-4,1.229749135638e-4
4278,1.010162384120e-4,1.023987745229e-4
4279,3.355034994674e-4,3.445866137784e-4
4280,1.157630476216e-4,2.289160536718e-4
4281,1.594285847155e-4,3.430955444559e-5
4282,1.625078044404e-4,1.093687494450e-4
4283,1.077934635000e-4,1.093269393380e-4
4284,1.751885071614e-4,1.212694445184e-4
4285,8.582254728252e-5,3.157437224226e-4
4286,6.478308635028e-5,1.380761105312e-4
4287,5.758671477442e-5,4.376935091766e-5
4288,2.948064528990e-4,3.516858109442e-4
4289,8.256421020185e-5,7.180726940447e-5
4290,9.649904965017e-5,1.328742917859e-4
4291,2.440418598542e-4,2.662477518655e-4
4292,2.116087710377e-4,0.000000000000e0
4293,1.854317560723e-4,1.873287880367e-4
4294,3.671535665721e-4,2.223323278568e-4
4295,9.802230543691e-5,9.300900314127e-5
4296,1.146390540540e-4,4.742297881481e-4
4297,1.952654822509e-4,3.910700175772e-5
4298,1.123231773574e-4,9.698579620461e-5
4299,9.878110197467e-5,1.892894637136e-4
4300,2.085393567069e-4,2.953049673254e-4
4301,1.652647900460e-4,4.451609489091e-5
4302,4.863002352549e-4,7.962022468730e-5
4303,3.259728222940e-4,2.806352421445e-4
4304,1.341445762541e-4,5.041347419591e-4
4305,9.325200220370e-5,7.745467703357e-5
4306,3.002659346321e-4,8.709751796178e-5
4307,2.319773876263e-4,1.769748906731e-4
4308,9.468415112807e-5,1.926618558893e-3
4309,1.241757357362e-4,1.531132615729e-4
4310,1.767993887248e-4,3.826629688010e-5
4311,1.648613171179e-4,3.128976692698e-4
4312,3.230495972723e-4,4.854076737690e-4
4313,1.226213521781e-4,1.706314344437e-4
4314,2.156482041385e-4,1.704887851896e-4
4315,2.561260947769e-4,2.547854172419e-4
4316,6.378646642553e-5,2.257983822368e-4
4317,1.928013396432e-4,1.149905215559e-4
4318,3.962922415220e-4,4.570051225613e-4
4319,3.272922880133e-4,1.388525423437e-4
4320,2.091817905295e-4,2.692115711257e-4
4321,3.161095247160e-4,5.465975294110e-4
4322,3.449070973425e-5,3.861481729316e-4
4323,1.691167666862e-4,1.528407414062e-4
4324,2.180422272108e-4,5.020230455567e-4
4325,2.807705533898e-4,2.631819137713e-4
4326,9.896758982744e-5,8.075714717200e-5
4327,3.446760970175e-4,4.845702559626e-4
4328,7.020409507094e-5,6.303662634478e-5
4329,2.213658033582e-4,2.278749870268e-4
4330,4.764163255074e-4,1.588757565692e-4
4331,2.813625922507e-4,2.776207037366e-4
4332,8.703527153272e-5,2.368205849452e-4
4333,8.227117850268e-5,5.298675010048e-5
4334,1.431876076459e-4,1.111225747528e-4
4335,2.437890063689e-4,3.907024741937e-4
4336,2.213991570531e-4,2.203772397032e-4
4337,2.228334111355e-4,1.625385085039e-4
4338,1.349452421299e-4,1.502421218514e-4
4339,2.054579314658e-4,3.747868853510e-4
4340,1.620152749598e-4,2.271005629729e-5
4341,2.211272487560e-4,1.799718652561e-4
4342,2.808193506481e-4,1.028681386284e-4
4343,2.958365713714e-4,1.143261264189e-4
4344,2.996555394221e-4,2.657691912045e-4
4345,4.124510802994e-4,3.680387411784e-4
4346,1.970463971023e-4,2.168956984734e-4
4347,5.564412392712e-5,1.214695940408e-4
4348,4.793854349891e-4,4.582268818655e-4
4349,8.178443227243e-5,8.992789759317e-4
4350,1.093930879466e-4,8.814027781731e-5
4351,3.776479795947e-4,3.671880697307e-4
4352,3.661669402905e-4,7.866226060704e-5
4353,1.165690904120e-4,1.335787076755e-4
4354,4.086400693520e-4,2.455718523483e-4
4355,3.617091285715e-5,3.848261190258e-4
4356,2.077953071808e-4,2.430437685343e-4
4357,3.826922710201e-4,2.636098123962e-4
4358,6.800224613231e-5,6.690801242778e-5
4359,4.678193320095e-5,8.285616934963e-5
4360,2.409659600896e-4,6.660264565090e-5
4361,1.145670330651e-4,2.444767535933e-4
4362,1.543525543039e-4,6.420637657554e-5
4363,3.715137984196e-4,7.047483700581e-4
4364,7.513628683323e-5,5.480743415255e-5
4365,1.746776850749e-4,4.963041854378e-4
4366,2.387015193552e-4,8.543306911248e-5
4367,1.089964182453e-4,1.965330393154e-4
4368,6.513467747246e-5,1.747251848224e-4
4369,4.818724510028e-4,5.822466429778e-5
4370,2.326129969764e-4,2.066479570421e-4
4371,2.020648706308e-4,6.091381922410e-4
4372,4.081823802855e-4,4.224672495618e-4
4373,1.997202695015e-4,8.192195720009e-5
4374,1.846081202020e-4,1.083089317502e-4
4375,2.835282005639e-4,2.652962295291e-4
4376,2.106546769211e-4,2.503278065170e-4
4377,1.612163534941e-4,2.655231445464e-4
4378,3.991573667176e-4,3.199243011308e-4
4379,7.514060037697e-5,1.215154490469e-4
4380,1.441454943627e-4,5.186241439444e-5
4381,2.304580878771e-4,1.323603678595e-4
4382,3.489898404329e-4,2.538983551113e-4
4383,2.262886049595e-4,2.112992468885e-4
4384,1.260137434117e-4,9.777250675851e-5
4385,1.060944810385e-4,2.065060947075e-4
4386,6.006346452662e-5,4.785394172451e-5
4387,3.886239918130e-4,3.014628149946e-4
4388,1.446604679955e-4,2.964920008868e-4
4389,1.973559891180e-4,4.783017496982e-4
4390,1.307640307063e-4,1.768336546967e-4
4391,1.900785463251e-4,1.301749428595e-4
4392,1.249608999156e-4,4.687042825396e-5
4393,2.418812837203e-4,2.011125821975e-4
4394,1.734948063851e-4,1.202673476986e-4
4395,1.058646157613e-4,2.684231403987e-4
4396,1.920855492155e-4,2.194623701972e-4
4397,2.558074235536e-4,3.966481630899e-4
4398,1.278797549912e-4,1.875652713387e-4
4399,4.442313493926e-4,3.500441622695e-4
4400,6.240787422505e-5,6.366298077816e-4
4401,1.883040253144e-4,1.507899409508e-4
4402,1.461140227779e-4,1.254147622819e-4
4403,1.774390003306e-4,2.905132694529e-4
4404,1.322068039099e-4,6.842583456246e-5
4405,3.378566393645e-4,4.311574299814e-4
4406,6.666817859138e-5,6.702232144258e-5
4407,2.269936512240e-4,2.642382223933e-4
4408,1.472863797723e-4,2.595073463344e-4
4409,9.314564638482e-5,1.030320052065e-4
4410,4.791448365840e-5,1.917452616949e-4
4411,3.124820719772e-4,3.855647826774e-4
4412,1.937268819906e-4,2.222124721016e-4
4413,2.731269405269e-4,2.241051967125e-4
4414,3.228428700497e-4,2.845628629388e-4
4415,1.266066574288e-4,2.993912217510e-4
4416,1.897953756069e-4,2.919105263350e-3
4417,2.427728633495e-4,2.352024061658e-4
4418,1.303176495286e-4,2.542464059335e-4
4419,2.516389330694e-4,3.467261946365e-5
4420,3.491424528891e-4,6.106292044598e-4
4421,4.594391189112e-5,5.547426291205e-5
4422,5.392692791643e-5,1.998880583796e-4
4423,5.107694057859e-4,1.134680265552e-4
4424,7.821775186735e-5,6.425887084322e-5
4425,1.217495150830e-4,4.582911452841e-5
4426,2.160989463276e-4,2.002092815179e-4
4427,1.180679607820e-4,1.704127841257e-4
4428,2.618929418574e-4,1.953941133846e-4
4429,3.791365855248e-4,3.155158214692e-4
4430,2.459059001462e-4,8.180865350691e-5
4431,1.860670938099e-4,1.826061873731e-4
4432,3.395615720477e-4,5.674399998213e-5
4433,1.064945595609e-4,3.659016326688e-5
4434,1.144031580841e-4,8.952522775237e-5
4435,3.767132370000e-4,8.254165331990e-5
4436,7.816818617384e-5,2.596033268890e-4
4437,1.031150461292e-4,6.796937285350e-5
4438,3.710084302882e-4,7.265133741381e-5
4439,1.329713253372e-4,5.304781433540e-5
4440,2.899919953400e-4,1.270259136713e-4
4441,2.963965198652e-4,2.423577590436e-4
4442,2.226031595540e-4,2.100515665056e-4
4443,7.234107191679e-5,1.396837328565e-4
4444,3.543170360320e-4,5.215911554317e-4
4445,2.869274918960e-4,1.077013227757e-4
4446,2.714025085376e-5,2.689130967420e-5
4447,3.209927555661e-4,3.372483513277e-4
4448,1.068308272673e-4,6.023957351009e-5
4449,3.059858243067e-4,2.674917418822e-4
4450,2.309002503213e-4,2.614901412251e-4
4451,1.242158921973e-4,9.544386977408e-5
4452,8.307091067077e-5,3.580713979107e-5
4453,2.864706986630e-4,3.515959133982e-4
4454,2.426677641729e-4,2.455487346033e-4
4455,1.653489697751e-4,2.263849804247e-4
4456,3.791362050294e-4,2.951749844347e-4
4457,5.742183073709e-5,2.403204928038e-4
4458,7.584098164494e-5,5.988973152793e-5
4459,2.690828464353e-4,5.302998213260e-4
4460,1.450247843823e-4,3.300309211399e-4
4461,2.227180925881e-4,1.469364183893e-4
4462,3.167816758178e-4,2.409755864651e-4
4463,2.855032233636e-4,1.358039077873e-4
4464,1.366066513788e-4,1.789022485945e-4
4465,3.945007263314e-4,4.005518324297e-4
4466,1.540314043402e-4,1.059289993574e-4
4467,2.384328672670e-4,2.284686711085e-4
4468,3.544274381643e-4,3.279093375149e-4
4469,1.959330785785e-4,1.481411154858e-4
4470,2.460601658974e-4,2.341596612086e-4
4471,3.129589051284e-4,3.233018556164e-4
4472,2.077644599131e-4,1.924284909976e-4
4473,1.288089757798e-4,1.597981738178e-4
4474,2.726849689751e-4,2.464027828103e-4
4475,9.086495055334e-5,1.182607815976e-4
4476,2.124800673301e-4,3.037549887048e-4
4477,3.605715143132e-4,4.126073773706e-4
4478,1.075635488266e-4,2.511884176661e-4
4479,2.922546232736e-4,3.156257478967e-4
4480,1.086803004351e-4,1.065916555354e-3
4481,5.354111019999e-5,2.177383124874e-4
4482,1.443752235907e-4,1.668762424577e-4
4483,3.281054607151e-4,5.278973954289e-4
4484,6.647254834552e-5,4.425189182066e-5
4485,2.390137557125e-4,6.689131637940e-4
4486,2.059727597178e-4,3.091800224265e-4
4487,1.831612819129e-4,1.038400139843e-4
4488,7.559713927408e-5,8.227994232213e-5
4489,2.594326984022e-4,9.536698358681e-5
4490,2.619848861586e-4,2.206815658135e-4
4491,1.202378356925e-4,1.703995739548e-4
4492,9.399596667144e-5,1.080218576899e-4
4493,7.334126953689e-5,5.179593676075e-5
4494,1.627099810461e-4,5.845877234952e-5
4495,2.225286805834e-4,1.811212680510e-4
4496,1.053399101319e-4,4.917521094082e-5
4497,2.870858764281e-5,2.987106021283e-5
4498,2.856508281028e-4,6.457988443583e-4
4499,2.210733162323e-4,9.762041902027e-5
4500,7.765520405325e-5,8.402083605736e-5
4501,3.251531704439e-4,3.991625577824e-4
4502,1.682019869511e-4,1.985506872701e-3
4503,4.020258124225e-5,1.968672213435e-5
4504,3.629671676852e-4,3.639490640072e-4
4505,8.162451594424e-5,1.314644950338e-4
4506,1.823192577744e-4,1.366557698913e-3
4507,2.232169725065e-4,2.956752772823e-4
4508,2.474235240598e-5,9.436538089877e-5
4509,1.956425730911e-4,9.982950084758e-5
4510,3.135962357911e-4,1.698583340384e-4
4511,1.901124796349e-4,1.603079034305e-4
4512,1.337875984867e-4,2.551637182920e-4
4513,3.589026965034e-4,4.188831777178e-4
4514,2.836187864427e-4,7.968444405571e-5
4515,1.642410632331e-4,2.069239078532e-5
4516,1.394844666627e-4,2.134330221430e-4
4517,1.786664982600e-4,1.475083237256e-4
4518,1.834809114559e-4,9.185403503737e-5
4519,2.627866096285e-4,2.050885232443e-4
4520,1.323246856865e-4,5.821731589219e-5
4521,1.847494843984e-4,3.161471763208e-4
4522,3.297611358107e-4,4.538182128201e-4
4523,1.286715844126e-4,1.638528228450e-4
4524,1.293422321987e-4,3.431470465426e-4
4525,3.881424249936e-4,3.706160083789e-5
4526,2.586389137498e-4,1.590709338863e-4
4527,2.108927585125e-4,7.912775376011e-4
4528,3.103117183623e-4,1.779020661925e-4
4529,1.249467896257e-4,2.942749208495e-5
4530,9.161202110742e-5,2.210606702083e-4
4531,3.838999780123e-4,3.769757351727e-4
4532,2.862867376541e-4,3.456874393721e-4
4533,1.682647973544e-4,2.180833022278e-4
4534,2.021875179437e-4,6.043998526491e-5
4535,2.784539750293e-4,2.647764255362e-4
4536,1.874763182216e-4,6.631556068477e-4
4537,3.955657318762e-4,2.812515192086e-4
4538,1.075985464026e-4,1.244510337515e-4
4539,3.891233775137e-5,2.643238205986e-4
4540,2.730418191383e-4,5.972601854578e-4
4541,1.090710332442e-4,3.486457846405e-5
4542,1.289195336884e-4,1.999001994528e-4
4543,2.186997786736e-4,1.142437293284e-4
4544,3.062520184783e-4,1.900295042223e-4
4545,5.833486099198e-5,2.833172179345e-5
4546,3.196252516936e-4,2.640439560280e-4
4547,1.327689770506e-4,1.238737032169e-4
4548,2.351696176180e-4,2.611112757096e-4
4549,3.244862664835e-4,4.468972964347e-4
4550,2.092477605318e-4,1.630114400416e-4
4551,1.176641539296e-4,6.651240037530e-4
4552,1.774740413125e-4,8.198290583604e-5
4553,1.524686229819e-4,1.020239180617e-4
4554,8.757392113485e-5,6.397023092530e-5
4555,1.015842229274e-4,1.543132799409e-4
4556,2.917814833921e-4,1.520729730981e-4
4557,3.060314786556e-4,3.888643602632e-4
4558,3.216813020056e-4,1.802596621161e-4
4559,1.126794271440e-4,2.858822698213e-4
4560,7.482316307009e-5,1.466421167566e-4
4561,1.102842800235e-4,3.134507857446e-4
4562,2.067122882331e-4,2.990613733863e-4
4563,1.990868636356e-4,2.354249581652e-4
4564,4.164651915676e-4,4.919029843729e-4
4565,3.480241305553e-5,4.654099396119e-5
4566,1.874338922515e-4,1.021742973462e-4
4567,2.945483967099e-4,5.023893546090e-4
4568,5.828261591565e-5,6.690680765366e-5
4569,1.222480485627e-4,8.654601303004e-5
4570,2.743666280580e-4,5.568080677821e-5
4571,9.192258829811e-5,2.046595537866e-4
4572,1.973568206822e-4,1.633576650806e-4
4573,2.950498886703e-4,1.759434574869e-4
4574,1.016071650356e-4,2.394408558166e-4
4575,2.415885371992e-4,7.986464533488e-5
4576,3.854811828929e-4,6.225834890575e-3
4577,1.766186072041e-4,4.375218949107e-4
4578,2.376210595642e-4,2.125757490617e-4
4579,3.911890775253e-4,6.417659619988e-4
4580,2.316231041200e-4,1.531768900119e-3
4581,1.925479033779e-4,2.541441087355e-4
4582,7.779448111329e-5,2.909347897371e-4
4583,1.124028699462e-4,2.108815066337e-4
4584,1.034759204935e-4,3.226745672932e-4
4585,4.434462385996e-4,3.191861582005e-4
4586,7.984043386083e-5,2.135533981421e-4
4587,2.323920380325e-4,7.873433772927e-4
4588,1.081627298439e-4,3.726549059717e-4
4589,1.381533031239e-4,3.169341572754e-5
4590,2.143220768703e-4,2.648765200405e-4
4591,1.531491634667e-4,4.318720315168e-5
4592,1.258363372752e-4,6.989266184203e-5
4593,1.586186639198e-4,1.528158156191e-4
4594,5.754806866676e-5,7.078344208215e-5
4595,2.431218893115e-4,1.770901115894e-4
4596,1.674784701613e-4,2.082073207512e-4
4597,3.580220829003e-4,2.111145331513e-4
4598,6.658689006041e-5,2.248892541767e-4
4599,2.468304510472e-4,2.219822507174e-4
4600,2.919561337632e-4,4.091921274110e-4
4601,2.200108739662e-4,1.996003470353e-4
4602,1.643498092191e-4,9.919743435425e-5
4603,4.407147659504e-4,5.573800102350e-4
4604,2.972207396554e-4,1.001302882073e-4
4605,2.543890308483e-4,2.995896201802e-4
4606,3.447753747104e-4,3.556929210310e-5
4607,7.498502313266e-5,3.932675293694e-4
4608,1.071298152216e-4,1.913786382685e-4
4609,4.130098833238e-4,4.062794771838e-4
4610,4.394659034795e-5,3.379207559659e-5
4611,1.981319256992e-4,4.658506671300e-4
4612,9.455588635656e-5,3.010644444300e-4
4613,3.530993349001e-4,6.262907094723e-5
4614,1.496436796219e-4,2.754915981727e-4
4615,1.648901850894e-4,8.688899230266e-5
4616,2.078524577871e-4,2.181888883332e-4
4617,2.551313475302e-4,1.412572812803e-4
4618,3.933540550786e-4,4.523808946625e-4
4619,1.968026853660e-4,2.788372384003e-4
4620,1.703995902548e-4,2.274140432616e-3
4621,2.638679777166e-4,3.193415187981e-4
4622,1.126772453997e-4,2.050746207963e-4
4623,4.793303203740e-5,3.525845442168e-5
4624,2.824393095473e-4,3.397419978959e-4
4625,2.776526495347e-4,9.849622908681e-5
4626,1.076438659997e-4,1.472052976395e-4
4627,1.893586785505e-4,8.214948951811e-5
4628,1.960022009227e-4,5.983513565830e-4
4629,1.620847706124e-4,4.127699425063e-5
4630,1.028219928672e-4,1.994403437488e-4
4631,6.738293383282e-5,2.816784653012e-5
4632,3.076430459956e-4,1.394419879425e-4
4633,1.162016662182e-4,4.286506710040e-5
4634,9.104147119031e-5,8.711196863013e-5
4635,1.191844617748e-4,2.360437001618e-4
4636,4.066719384070e-4,4.456640366536e-4
4637,2.031507262448e-4,1.725705034649e-4
4638,1.469423105029e-4,4.721302756983e-5
4639,2.164544493448e-4,2.237118518726e-4
4640,3.100748772207e-4,2.799496351225e-4
4641,1.166200971400e-4,1.330243178956e-4
4642,3.619386851875e-4,4.392695454710e-4
4643,1.989385131726e-4,2.455016109282e-4
4644,2.130239821162e-4,2.179784981801e-4
4645,2.459020479864e-4,1.673893361269e-4
4646,1.590269069601e-4,4.545985962215e-5
4647,2.372258291113e-4,2.440374841645e-4
4648,3.955267798966e-4,2.796557858872e-4
4649,1.812052780847e-4,2.437853991668e-4
4650,2.191988183327e-4,5.977833297791e-5
4651,1.553776440070e-4,2.436028991229e-4
4652,2.141603215026e-4,1.804327230048e-4
4653,9.094353662888e-5,2.250555979547e-4
4654,2.258829758869e-4,4.515053037791e-5
4655,2.551064247934e-4,6.990867024220e-5
4656,9.803947575306e-5,3.292435989317e-5
4657,2.201153285330e-4,5.479200268535e-5
4658,2.531585584875e-5,2.253524367343e-5
4659,1.681272407457e-4,2.148296730583e-4
4660,2.116084404309e-4,3.140861775461e-4
4661,2.721368952677e-4,1.768690835551e-4
4662,1.101706902128e-4,2.033832199749e-4
4663,3.368585996599e-4,1.073139639266e-4
4664,1.590335319686e-4,1.873901948511e-4
4665,2.023695936122e-4,1.560883430282e-4
4666,2.191957283672e-4,5.937706543448e-5
4667,7.057886662264e-5,2.116005236399e-4
4668,1.542091243138e-4,6.961652630998e-4
4669,1.957741493944e-4,8.374335331604e-5
4670,6.848265483357e-5,2.776542129687e-4
4671,1.962364204992e-4,3.003647544301e-4
4672,3.088572100285e-4,3.095216064616e-4
4673,1.466968534983e-4,9.796355724558e-5
4674,2.072425478901e-4,2.673892725253e-4
4675,3.518499559797e-4,2.581717939768e-4
4676,2.909139374633e-4,2.599981407052e-4
4677,2.149011791516e-4,3.654675647496e-4
4678,1.344633647902e-4,9.338993382035e-4
4679,1.108251490061e-5,4.188366928315e-5
4680,2.629935324410e-4,1.507072111814e-4
4681,2.627900158824e-4,2.702142077240e-4
4682,1.244268903776e-4,2.051803064299e-4
4683,3.678446796633e-4,3.011711446100e-5
4684,2.740775175900e-4,2.692122004741e-4
4685,1.651449483873e-4,3.698423996698e-4
4686,6.466111992301e-5,6.556106193770e-5
4687,4.092601813509e-4,6.526932389514e-4
4688,6.281737045392e-5,2.605325679488e-5
4689,1.238434486010e-4,2.462953276664e-3
4690,3.466545864733e-4,1.538510328004e-4
4691,1.288193011446e-4,2.727101141788e-5
4692,1.568701698189e-4,8.236199812796e-4
4693,4.181601818448e-4,4.850542229465e-4
4694,2.978383533792e-4,2.346099815001e-4
4695,3.761642952900e-5,1.629385814723e-4
4696,1.364083440261e-4,3.467660726699e-4
4697,5.207054889124e-5,4.711782830056e-4
4698,1.530122187140e-4,1.949997699592e-4
4699,9.201103051817e-5,5.016601255361e-4
4700,6.846020585175e-5,1.344394696504e-4
4701,3.239809077354e-4,2.423227723967e-4
4702,9.949808012805e-5,1.143941321634e-4
4703,7.774186228353e-5,1.037771731023e-4
4704,1.418557889574e-4,1.202011951277e-4
4705,2.722771780250e-4,1.687615752312e-4
4706,1.452976631920e-4,8.036106167864e-5
4707,2.207011146852e-4,1.808160360340e-4
4708,1.688580902634e-3,1.645560085585e-4
4709,1.773746815657e-4,1.750116925405e-4
4710,2.706581983993e-4,2.562186045493e-4
4711,3.049303748961e-4,2.923587400186e-4
4712,8.249526114903e-5,6.849387466890e-5
4713,1.126448254733e-4,2.187066720588e-4
4714,3.905527484365e-4,1.469201357590e-4
4715,5.475028686149e-5,9.417812550983e-5
4716,1.529226868240e-4,2.393288795659e-4
4717,3.888971437007e-4,6.081384468055e-4
4718,2.701126927937e-4,2.118473063447e-4
4719,2.234005038467e-4,3.094255449998e-4
4720,2.999005598554e-4,4.722145546829e-4
4721,2.039201160852e-4,1.944193195855e-4
4722,8.423476292276e-5,1.717775103452e-4
4723,2.818546154732e-4,4.724295954062e-4
4724,3.319297270888e-4,1.140063525318e-4
4725,1.102754201734e-4,7.380814703175e-6
4726,4.906319268557e-4,5.014250130840e-4
4727,2.103424668013e-4,2.139807262933e-3
4728,1.640014016524e-4,1.854346720068e-4
4729,2.679519861120e-4,1.752891339291e-4
4730,2.283790921196e-4,2.491129986056e-4
4731,4.077503960346e-5,2.334375048597e-4
4732,2.982536185766e-4,4.968453125922e-4
4733,2.321045223126e-4,1.345941447130e-4
4734,2.806399328321e-5,1.336111253044e-4
4735,8.852371708203e-5,9.314311885647e-5
4736,3.010692670696e-4,1.329472768798e-4
4737,2.265480461988e-4,5.367906579693e-4
4738,7.734588461306e-5,4.143648775435e-4
4739,2.080743525051e-4,2.255228377738e-4
4740,1.786636379554e-4,3.599651847226e-4
4741,2.525484058731e-4,3.131868415561e-4
4742,5.636418633162e-5,3.417532830319e-4
4743,7.778666811888e-5,1.486021002183e-4
4744,4.622349603503e-4,6.012866372613e-4
4745,1.422060360418e-4,1.905874739597e-4
4746,1.284438247268e-4,4.047190262762e-5
4747,3.448251364300e-4,3.976579835834e-4
4748,2.127455015753e-4,8.042721750141e-5
4749,9.146836433660e-5,9.084579063402e-5
4750,2.607088993569e-4,4.128038451944e-4
4751,1.472169334022e-4,8.346406251061e-5
4752,1.756628702955e-4,8.517224212184e-5
4753,3.914785362944e-4,3.661770754985e-4
4754,1.718155354029e-4,1.220565168468e-4
4755,1.331411608380e-4,2.449956930197e-4
4756,1.202862273888e-4,4.363980218478e-5
4757,2.429993017753e-4,3.218616649368e-4
4758,9.964583070514e-5,1.025105759754e-4
4759,3.244590735558e-4,5.154915407560e-4
4760,7.846855870749e-5,2.175446387541e-4
4761,1.759625937166e-4,1.171915436639e-4
4762,3.446021288676e-4,1.230988449068e-4
4763,4.476554190930e-5,2.682350088099e-4
4764,2.601999381794e-4,3.612437485367e-4
4765,3.717012149956e-4,4.555670471635e-4
4766,1.668110826430e-4,1.975070214496e-4
4767,1.686058484466e-4,2.139522173033e-4
4768,2.520551096404e-4,4.400021420775e-4
4769,3.352864675612e-4,4.545388686910e-4
4770,1.428405842620e-4,4.083056574619e-5
4771,2.698485181392e-4,4.455041137150e-4
4772,1.549418288214e-4,2.709668555426e-4
4773,5.327110237063e-5,1.191985035111e-4
4774,3.852495633578e-4,9.282333166097e-5
4775,2.550532949252e-4,1.848648162965e-4
4776,2.002223970130e-4,1.975377762864e-4
4777,4.319508677094e-4,4.018730873574e-4
4778,1.474254996119e-4,2.081671680971e-4
4779,4.160485373041e-5,3.875527368548e-5
4780,3.974906611234e-4,2.943973381829e-4
4781,2.056524884626e-4,1.830991482082e-4
4782,6.395039731524e-5,6.880432439859e-5
4783,3.953436090975e-4,3.616599394733e-4
4784,1.143542761377e-4,1.142709437410e-4
4785,1.683642210749e-4,4.966879667089e-4
4786,3.273646898111e-4,2.002993204516e-4
4787,2.114551430781e-4,9.841689136310e-5
4788,9.995434510610e-5,8.491423039092e-5
4789,3.859764918839e-4,2.466845755861e-4
4790,5.734678146277e-5,3.839739006546e-5
4791,8.445341586087e-5,8.673099294452e-5
4792,2.860082015512e-4,5.024826467487e-4
4793,3.009914816632e-4,3.900827351944e-4
4794,1.784195021867e-4,2.760717731412e-4
4795,3.623513280985e-4,2.716609516353e-4
4796,9.372159325083e-5,1.122598074071e-4
4797,1.000859124205e-4,8.438941367349e-4
4798,4.656391483449e-4,1.106776612483e-4
4799,1.605471354862e-4,1.956627286295e-4
4800,1.695113205453e-4,1.751181126390e-4
4801,3.043743088709e-4,4.938155221403e-4
4802,7.425105933290e-5,4.314931122820e-4
4803,1.129030964821e-4,1.820270137038e-4
4804,2.413402812906e-4,1.835044571405e-4
4805,8.447689136255e-5,2.118818875977e-5
4806,1.245757093519e-4,4.498543690754e-4
4807,2.773273464788e-4,1.964643481629e-4
4808,2.245986434168e-4,2.403808183415e-4
4809,2.299047112214e-4,3.065806535463e-4
4810,3.023304914447e-4,3.562824581413e-4
4811,1.364668528367e-4,1.139262484081e-4
4812,9.969312007133e-5,8.436987218833e-5
4813,3.777236309377e-4,4.479302378571e-4
4814,2.737085778731e-4,3.475607653223e-4
4815,1.311641467160e-4,1.803772081281e-4
4816,3.563920254232e-4,4.456183916115e-4
4817,1.103378719281e-4,1.744605495665e-4
4818,1.004583668332e-4,4.334312537323e-5
4819,2.865255283206e-4,1.902731696607e-4
4820,2.638008927000e-4,1.278533126062e-4
4821,9.364935562781e-5,1.062364810326e-4
4822,1.456412441762e-4,5.791390897773e-4
4823,1.564968546164e-4,1.443858493467e-4
4824,1.011209250430e-4,2.040690289741e-4
4825,4.115317667220e-4,3.767555893421e-4
4826,1.295709325342e-4,1.469602057782e-4
4827,2.329508057168e-4,1.550674165632e-4
4828,2.481877259126e-4,2.476142647772e-4
4829,1.336356783071e-4,1.674627717140e-4
4830,1.776447700769e-4,7.807917391142e-5
4831,3.842022117530e-4,3.890777508040e-4
4832,4.310049519588e-4,4.403379431443e-5
4833,3.207643745596e-4,1.207769066533e-4
4834,4.014113811963e-4,4.370670778148e-4
4835,2.290673664631e-4,8.347333537044e-5
4836,1.257680918805e-4,7.539557380131e-4
4837,2.888197109833e-4,3.776386216418e-4
4838,6.392823119488e-5,1.121814278128e-4
4839,1.702952835278e-4,5.629215339443e-5
4840,3.909747660598e-4,2.906347196957e-4
4841,2.247607474208e-4,2.202683604609e-4
4842,2.565168946097e-4,2.682064023700e-4
4843,4.296324119900e-4,3.597160027345e-4
4844,1.962908549222e-4,1.356616830830e-4
4845,6.768392768440e-5,1.928738351785e-4
4846,3.926422976609e-4,3.023739987738e-4
4847,3.455373560018e-4,7.353266890839e-5
4848,2.018692782152e-4,1.123847165952e-4
4849,4.395384660033e-4,4.266650146502e-4
4850,1.316980493359e-4,9.409770605428e-5
4851,1.849115612537e-4,2.249698942847e-4
4852,3.322445213009e-4,5.290987953762e-4
4853,9.953544552112e-5,2.085658841096e-4
4854,1.204307124074e-4,3.416867416136e-4
4855,1.873340856025e-4,5.115656511357e-4
4856,5.307081090390e-5,1.732445549444e-3
4857,2.296045306655e-4,2.492843756757e-4
4858,3.944144584166e-4,2.996091917176e-4
4859,1.798781164324e-4,7.592321950118e-4
4860,1.544481988328e-4,1.498272410943e-4
4861,4.073368866161e-4,5.633606028606e-4
4862,1.037325828814e-4,1.615863191089e-5
4863,1.823416210420e-4,1.567781013640e-4
4864,3.465248460371e-4,2.343894823150e-4
4865,2.479632591878e-4,2.131487493705e-4
4866,6.934240494539e-4,2.453621557489e-5
4867,2.188476691209e-4,2.716600182642e-4
4868,2.745198867185e-4,1.283675343688e-4
4869,1.712449078785e-4,1.831912945020e-4
4870,2.688845549746e-4,4.764947284321e-4
4871,1.118879583404e-4,2.099496633732e-4
4872,1.009117900275e-4,2.740871872179e-4
4873,4.626826489989e-4,5.214072031595e-4
4874,2.801609725924e-4,1.389460487070e-4
4875,9.386371628823e-5,2.029096225646e-4
4876,2.628379504079e-4,1.885319020585e-4
4877,2.084360658315e-4,4.068647896511e-4
4878,2.119456211542e-4,2.013606576687e-4
4879,2.188334622405e-4,2.858154961152e-4
4880,9.536184453851e-5,9.626900036546e-3
4881,9.653966220574e-5,2.141566966845e-4
4882,2.619431722861e-4,3.316775081519e-4
4883,9.621786142994e-5,8.938228647353e-5
4884,1.123712420654e-4,1.563555447087e-4
4885,4.381618442618e-4,4.013310031661e-4
4886,5.603775933939e-5,1.076198761510e-4
4887,1.307948691928e-4,1.119892211734e-4
4888,2.326872451462e-4,2.877587885146e-4
4889,1.429989692130e-4,8.169104188167e-5
4890,1.452372679850e-4,3.269822808159e-5
4891,3.112211519054e-4,3.229635570559e-4
4892,1.294591680670e-4,2.456793993859e-4
4893,1.593684703924e-4,5.293237862827e-5
4894,2.131734551791e-4,3.008657352516e-4
4895,1.511152700915e-4,1.593043247796e-4
4896,2.082988800540e-4,3.785677266191e-4
4897,3.554820576062e-5,2.235615529893e-4
4898,2.025554967717e-4,4.128120904970e-4
4899,1.205407593149e-4,6.130533728234e-4
4900,1.355989444189e-4,6.390814467180e-5
4901,9.001779421523e-5,2.564870532382e-4
4902,2.491979312559e-4,1.634085503608e-4
4903,1.542325338350e-4,2.755051135942e-4
4904,2.678885820159e-4,2.005313300649e-4
4905,2.377671723669e-4,2.336233930807e-4
4906,3.225897186377e-4,8.945244893152e-5
4907,6.325641766920e-5,1.650747666941e-4
4908,1.421242077100e-4,2.281136886091e-4
4909,3.122138980388e-4,2.135211084942e-4
4910,1.077957312562e-4,2.244828457520e-4
4911,7.726691457708e-5,1.353876637205e-4
4912,2.835025255778e-4,2.351564394143e-4
4913,1.336209178614e-5,1.056749832085e-4
4914,2.531982299234e-4,2.367297062077e-4
4915,3.742778297095e-4,4.794360515282e-4
4916,1.422435731843e-4,3.188869456084e-5
4917,1.568244292969e-4,5.195686862483e-5
4918,1.554193472149e-4,7.074380134867e-5
4919,1.931596838762e-4,1.977293596410e-4
4920,1.157134285071e-4,6.800770571568e-5
4921,1.391333091144e-4,2.757903390785e-4
4922,4.674246147408e-5,4.150990207212e-4
4923,1.254549581601e-4,6.833428389994e-5
4924,7.852695399931e-5,1.017881517274e-4
4925,1.980906837352e-4,1.672762758898e-4
4926,1.375451704307e-4,7.459498084862e-5
4927,2.897150140253e-4,0.000000000000e0
4928,1.142903588669e-4,2.405227965463e-4
4929,5.357808014444e-5,3.153455104024e-5
4930,2.055575612574e-4,3.048899125754e-4
4931,3.375632294146e-4,1.209313087835e-4
4932,1.790056622555e-4,2.956793423732e-4
4933,1.420142306365e-4,9.746677443931e-5
4934,1.915592225731e-4,2.789529148923e-4
4935,1.244242626762e-4,4.851443162469e-5
4936,3.028142612926e-4,1.958454557295e-4
4937,2.698731821545e-4,4.166401085370e-4
4938,1.977417287718e-4,9.161613836659e-5
4939,3.761499415808e-4,1.308262127833e-4
4940,2.491279334014e-4,2.048630970486e-4
4941,1.249434264003e-4,1.935864073733e-3
4942,3.771922249780e-4,2.283582613394e-4
4943,2.230956005205e-4,1.831921889971e-4
4944,1.621293970298e-4,1.248844766469e-4
4945,1.859089838081e-4,3.547812083880e-4
4946,1.548484885584e-4,1.689533761871e-4
4947,2.156275435466e-4,1.823076611945e-4
4948,2.868189887810e-4,3.908030184336e-4
4949,3.826936261685e-5,1.643543171311e-4
4950,2.623893613160e-4,2.833287356897e-4
4951,2.814546450119e-4,1.634336354292e-4
4952,1.972018518062e-4,2.234672609804e-4
4953,1.740064232368e-4,9.815948461473e-5
4954,3.090588436072e-4,1.243827944326e-4
4955,1.678963359445e-4,1.731808371922e-4
4956,2.153523461111e-4,2.038475828958e-4
4957,4.029522978639e-4,4.594237527955e-4
4958,7.416155187217e-5,4.982137953757e-5
4959,1.964172349196e-4,1.761810743189e-4
4960,2.267903634856e-4,9.835206338337e-5
4961,2.096062026185e-4,3.277517275081e-4
4962,1.441620314381e-4,1.111898909123e-4
4963,3.823626725543e-4,3.255776426333e-4
4964,1.439456728927e-4,1.127897756721e-4
4965,7.562571291001e-5,1.913591997251e-4
4966,3.147411238409e-4,4.094442734407e-4
4967,2.453265843519e-4,1.224887859304e-4
4968,2.655591254544e-5,3.510302937618e-5
4969,3.623163340431e-4,3.245189024513e-4
4970,2.013686854849e-4,2.051221955248e-4
4971,2.881114246160e-4,3.835914390320e-4
4972,3.409652912476e-4,5.807435426064e-4
4973,1.660298578888e-4,2.002191713627e-4
4974,1.074947513059e-4,7.745964817081e-5
4975,2.406258997445e-4,3.047737441253e-4
4976,1.781297200533e-4,8.987865400126e-5
4977,2.553643325526e-5,1.873030604381e-4
4978,1.478460431368e-4,3.816327921037e-5
4979,2.395276139810e-5,3.218499380537e-5
4980,1.485888214453e-4,4.277501408229e-4
4981,3.093937926893e-4,1.992285249902e-3
4982,4.431743958536e-5,2.581078154857e-4
4983,1.286569695174e-4,3.236244161591e-5
4984,3.912507515137e-4,3.831676455225e-4
4985,1.101439444397e-4,4.874772337350e-5
4986,7.359750926619e-5,3.615652659094e-5
4987,3.058476123835e-4,6.295425099387e-4
4988,1.889492647059e-4,9.446012076206e-5
4989,2.066734424802e-4,1.600116535614e-4
4990,3.005271226629e-4,2.817100292069e-4
4991,2.249020575598e-4,2.211572990639e-4
4992,1.121889005854e-4,1.165842539267e-4
4993,1.543083141146e-4,2.235216218691e-4
4994,1.024626509813e-4,2.288262006733e-4
4995,2.321098161394e-4,6.361982217671e-5
4996,8.260457224556e-4,9.829171794312e-5
4997,1.359606078683e-4,2.068564304887e-4
4998,4.095429774431e-5,7.273793530339e-5
4999,2.055698317066e-4,2.906456373193e-4
