id,r,g,b,new_r,new_g,new_b,ref_r,ref_g,ref_b
0,0.000000000000e0,0.000000000000e0,0.000000000000e0,0.000000000000e0,0.000000000000e0,0.000000000000e0,0.000000000000e0,0.000000000000e0,0.000000000000e0
1,6.666667014360e-2,0.000000000000e0,0.000000000000e0,6.666667014360e-2,1.504085855863e-9,0.000000000000e0,6.666667014360e-2,0.000000000000e0,0.000000000000e0
2,1.333333402872e-1,0.000000000000e0,0.000000000000e0,1.333333402872e-1,0.000000000000e0,3.008171711727e-9,1.333333402872e-1,0.000000000000e0,0.000000000000e0
3,2.000000029802e-1,0.000000000000e0,0.000000000000e0,2.000000029802e-1,0.000000000000e0,3.008171711727e-9,2.000000029802e-1,5.603156860492e-18,8.404734877148e-18
4,2.666666805744e-1,0.000000000000e0,0.000000000000e0,2.666666805744e-1,0.000000000000e0,3.008171933772e-9,2.666666805744e-1,0.000000000000e0,0.000000000000e0
5,3.333333432674e-1,0.000000000000e0,0.000000000000e0,3.333333432674e-1,0.000000000000e0,7.520429612384e-9,3.333333432674e-1,0.000000000000e0,0.000000000000e0
6,4.000000059605e-1,0.000000000000e0,0.000000000000e0,4.000000059605e-1,1.203268773509e-8,0.000000000000e0,4.000000059605e-1,0.000000000000e0,0.000000000000e0
7,4.666666686535e-1,0.000000000000e0,0.000000000000e0,4.666666984558e-1,0.000000000000e0,7.520429612384e-9,4.666666686535e-1,0.000000000000e0,0.000000000000e0
8,5.333333611488e-1,0.000000000000e0,0.000000000000e0,5.333333611488e-1,0.000000000000e0,6.768386739964e-9,5.333333611488e-1,0.000000000000e0,0.000000000000e0
9,6.000000238419e-1,0.000000000000e0,0.000000000000e0,6.000000238419e-1,1.428881635235e-8,0.000000000000e0,6.000000238419e-1,0.000000000000e0,5.603156860492e-18
10,6.666666865349e-1,0.000000000000e0,0.000000000000e0,6.666666865349e-1,2.105720398049e-8,4.512257678613e-9,6.666666865349e-1,3.361893950859e-17,7.003945868820e-18
11,7.333333492279e-1,0.000000000000e0,0.000000000000e0,7.333333492279e-1,2.256128972533e-8,0.000000000000e0,7.333333492279e-1,0.000000000000e0,0.000000000000e0
12,8.000000119209e-1,0.000000000000e0,0.000000000000e0,8.000000715256e-1,0.000000000000e0,0.000000000000e0,8.000000119209e-1,0.000000000000e0,0.000000000000e0
13,8.666666746140e-1,0.000000000000e0,0.000000000000e0,8.666666746140e-1,2.932967646530e-8,0.000000000000e0,8.666666746140e-1,1.008568218345e-16,1.400789173764e-17
14,9.333333373070e-1,0.000000000000e0,0.000000000000e0,9.333333373070e-1,8.460483869044e-9,0.000000000000e0,9.333333373070e-1,0.000000000000e0,4.517545337679e-17
15,1.000000000000e0,0.000000000000e0,0.000000000000e0,1.000000000000e0,0.000000000000e0,1.821354089770e-8,1.000000000000e0,0.000000000000e0,0.000000000000e0
16,0.000000000000e0,6.666667014360e-2,0.000000000000e0,0.000000000000e0,6.666667014360e-2,1.504085966886e-9,5.603156860492e-18,6.666667014360e-2,8.404734877148e-18
17,6.666667014360e-2,6.666667014360e-2,0.000000000000e0,6.666666269302e-2,6.666667014360e-2,0.000000000000e0,6.666667014360e-2,6.666667014360e-2,0.000000000000e0
18,1.333333402872e-1,6.666667014360e-2,0.000000000000e0,1.333333253860e-1,6.666667014360e-2,0.000000000000e0,1.333333402872e-1,6.666667014360e-2,0.000000000000e0
19,2.000000029802e-1,6.666667014360e-2,0.000000000000e0,2.000000029802e-1,6.666667014360e-2,0.000000000000e0,2.000000029802e-1,6.666667014360e-2,5.603156860492e-18
20,2.666666805744e-1,6.666667014360e-2,0.000000000000e0,2.666666805744e-1,6.666666269302e-2,3.008171933772e-9,2.666666805744e-1,6.666667014360e-2,0.000000000000e0
21,3.333333432674e-1,6.666667014360e-2,0.000000000000e0,3.333333432674e-1,6.666667014360e-2,3.008171933772e-9,3.333333432674e-1,6.666667014360e-2,0.000000000000e0
22,4.000000059605e-1,6.666667014360e-2,0.000000000000e0,4.000000059605e-1,6.666667014360e-2,6.016343867543e-9,4.000000059605e-1,6.666667014360e-2,0.000000000000e0
23,4.666666686535e-1,6.666667014360e-2,0.000000000000e0,4.666666388512e-1,6.666667014360e-2,3.008171933772e-9,4.666666686535e-1,6.666667014360e-2,0.000000000000e0
24,5.333333611488e-1,6.666667014360e-2,0.000000000000e0,5.333333611488e-1,6.666668504477e-2,7.520429612384e-9,5.333333611488e-1,6.666667014360e-2,1.120631372098e-17
25,6.000000238419e-1,6.666667014360e-2,0.000000000000e0,6.000000238419e-1,6.666667014360e-2,1.504085966886e-9,6.000000238419e-1,6.666667014360e-2,1.120631372098e-17
26,6.666666865349e-1,6.666667014360e-2,0.000000000000e0,6.666666865349e-1,6.666669249535e-2,0.000000000000e0,6.666666865349e-1,6.666667014360e-2,0.000000000000e0
27,7.333333492279e-1,6.666667014360e-2,0.000000000000e0,7.333334088326e-1,6.666667759418e-2,0.000000000000e0,7.333333492279e-1,6.666667014360e-2,0.000000000000e0
28,8.000000119209e-1,6.666667014360e-2,0.000000000000e0,8.000000119209e-1,6.666663289070e-2,2.406537547017e-8,8.000000119209e-1,6.666667014360e-2,1.680946975430e-17
29,8.666666746140e-1,6.666667014360e-2,0.000000000000e0,8.666666746140e-1,6.666667014360e-2,0.000000000000e0,8.666666746140e-1,6.666667014360e-2,0.000000000000e0
30,9.333333373070e-1,6.666667014360e-2,0.000000000000e0,9.333333373070e-1,6.666666269302e-2,1.240870872721e-8,9.333333373070e-1,6.666667014360e-2,0.000000000000e0
31,1.000000000000e0,6.666667014360e-2,0.000000000000e0,1.000000000000e0,6.666665524244e-2,7.520429834429e-10,1.000000000000e0,6.666667014360e-2,1.075806064275e-15
32,0.000000000000e0,1.333333402872e-1,0.000000000000e0,3.008171933772e-9,1.333333402872e-1,0.000000000000e0,1.120631372098e-17,1.333333402872e-1,8.404734877148e-18
33,6.666667014360e-2,1.333333402872e-1,0.000000000000e0,6.666666269302e-2,1.333333253860e-1,3.008171933772e-9,6.666667014360e-2,1.333333402872e-1,0.000000000000e0
34,1.333333402872e-1,1.333333402872e-1,0.000000000000e0,1.333333253860e-1,1.333333402872e-1,0.000000000000e0,1.333333402872e-1,1.333333402872e-1,0.000000000000e0
35,2.000000029802e-1,1.333333402872e-1,0.000000000000e0,2.000000178814e-1,1.333333402872e-1,0.000000000000e0,2.000000029802e-1,1.333333402872e-1,0.000000000000e0
36,2.666666805744e-1,1.333333402872e-1,0.000000000000e0,2.666666805744e-1,1.333333253860e-1,3.008171933772e-9,2.666666805744e-1,1.333333402872e-1,0.000000000000e0
37,3.333333432674e-1,1.333333402872e-1,0.000000000000e0,3.333333432674e-1,1.333333551884e-1,1.504085966886e-9,3.333333432674e-1,1.333333402872e-1,0.000000000000e0
38,4.000000059605e-1,1.333333402872e-1,0.000000000000e0,3.999999761581e-1,1.333333402872e-1,0.000000000000e0,4.000000059605e-1,1.333333402872e-1,5.603156860492e-18
39,4.666666686535e-1,1.333333402872e-1,0.000000000000e0,4.666666984558e-1,1.333333402872e-1,0.000000000000e0,4.666666686535e-1,1.333333402872e-1,0.000000000000e0
40,5.333333611488e-1,1.333333402872e-1,0.000000000000e0,5.333333015442e-1,1.333333402872e-1,0.000000000000e0,5.333333611488e-1,1.333333402872e-1,0.000000000000e0
41,6.000000238419e-1,1.333333402872e-1,0.000000000000e0,6.000000238419e-1,1.333333253860e-1,1.128064486267e-8,6.000000238419e-1,1.333333402872e-1,0.000000000000e0
42,6.666666865349e-1,1.333333402872e-1,0.000000000000e0,6.666666865349e-1,1.333333402872e-1,0.000000000000e0,6.666666865349e-1,1.333333402872e-1,1.120631372098e-17
43,7.333333492279e-1,1.333333402872e-1,0.000000000000e0,7.333333492279e-1,1.333333402872e-1,0.000000000000e0,7.333333492279e-1,1.333333402872e-1,5.603156860492e-18
44,8.000000119209e-1,1.333333402872e-1,0.000000000000e0,8.000000119209e-1,1.333333551884e-1,0.000000000000e0,8.000000119209e-1,1.333333402872e-1,5.603156860492e-18
45,8.666666746140e-1,1.333333402872e-1,0.000000000000e0,8.666666746140e-1,1.333333104849e-1,0.000000000000e0,8.666666746140e-1,1.333333402872e-1,0.000000000000e0
46,9.333333373070e-1,1.333333402872e-1,0.000000000000e0,9.333333373070e-1,1.333333551884e-1,1.316075248781e-9,9.333333373070e-1,1.333333402872e-1,0.000000000000e0
47,1.000000000000e0,1.333333402872e-1,0.000000000000e0,1.000000000000e0,1.333333104849e-1,9.400537015480e-10,1.000000000000e0,1.333333402872e-1,1.671644998569e-17
48,0.000000000000e0,2.000000029802e-1,0.000000000000e0,0.000000000000e0,2.000000029802e-1,1.804903071445e-8,1.961104942531e-17,2.000000029802e-1,2.801578430246e-18
49,6.666667014360e-2,2.000000029802e-1,0.000000000000e0,6.666667014360e-2,2.000000029802e-1,0.000000000000e0,6.666667014360e-2,2.000000029802e-1,1.120631372098e-17
50,1.333333402872e-1,2.000000029802e-1,0.000000000000e0,1.333333402872e-1,2.000000029802e-1,0.000000000000e0,1.333333402872e-1,2.000000029802e-1,1.400789173764e-17
51,2.000000029802e-1,2.000000029802e-1,0.000000000000e0,2.000000178814e-1,2.000000029802e-1,0.000000000000e0,2.000000029802e-1,2.000000029802e-1,0.000000000000e0
52,2.666666805744e-1,2.000000029802e-1,0.000000000000e0,2.666666805744e-1,2.000000029802e-1,0.000000000000e0,2.666666805744e-1,2.000000029802e-1,1.400789173764e-17
53,3.333333432674e-1,2.000000029802e-1,0.000000000000e0,3.333333432674e-1,2.000000029802e-1,0.000000000000e0,3.333333432674e-1,2.000000029802e-1,1.400789173764e-17
54,4.000000059605e-1,2.000000029802e-1,0.000000000000e0,4.000000059605e-1,1.999999880791e-1,0.000000000000e0,4.000000059605e-1,2.000000029802e-1,1.120631372098e-17
55,4.666666686535e-1,2.000000029802e-1,0.000000000000e0,4.666666686535e-1,2.000000178814e-1,1.203268773509e-8,4.666666686535e-1,2.000000029802e-1,0.000000000000e0
56,5.333333611488e-1,2.000000029802e-1,0.000000000000e0,5.333333611488e-1,2.000000029802e-1,3.008171933772e-9,5.333333611488e-1,2.000000029802e-1,2.801578430246e-18
57,6.000000238419e-1,2.000000029802e-1,0.000000000000e0,6.000000238419e-1,2.000000029802e-1,0.000000000000e0,6.000000238419e-1,2.000000029802e-1,1.120631372098e-17
58,6.666666865349e-1,2.000000029802e-1,0.000000000000e0,6.666666865349e-1,1.999999880791e-1,0.000000000000e0,6.666666865349e-1,2.000000029802e-1,1.120631372098e-17
59,7.333333492279e-1,2.000000029802e-1,0.000000000000e0,7.333332896233e-1,2.000000029802e-1,4.512257678613e-9,7.333333492279e-1,2.000000029802e-1,4.482525488394e-17
60,8.000000119209e-1,2.000000029802e-1,0.000000000000e0,8.000000119209e-1,2.000000029802e-1,0.000000000000e0,8.000000119209e-1,2.000000029802e-1,1.961104942531e-17
61,8.666666746140e-1,2.000000029802e-1,0.000000000000e0,8.666666746140e-1,2.000000327826e-1,0.000000000000e0,8.666666746140e-1,2.000000029802e-1,3.431933649430e-17
62,9.333333373070e-1,2.000000029802e-1,0.000000000000e0,9.333333373070e-1,2.000000029802e-1,0.000000000000e0,9.333333373070e-1,2.000000029802e-1,2.451381178164e-18
63,1.000000000000e0,2.000000029802e-1,0.000000000000e0,1.000000000000e0,2.000000029802e-1,2.484092043176e-8,1.000000000000e0,2.000000029802e-1,0.000000000000e0
64,0.000000000000e0,2.666666805744e-1,0.000000000000e0,4.512257678613e-9,2.666666805744e-1,0.000000000000e0,8.965050976788e-17,2.666666805744e-1,0.000000000000e0
65,6.666667014360e-2,2.666666805744e-1,0.000000000000e0,6.666665524244e-2,2.666666805744e-1,0.000000000000e0,6.666667014360e-2,2.666666805744e-1,0.000000000000e0
66,1.333333402872e-1,2.666666805744e-1,0.000000000000e0,1.333333402872e-1,2.666666805744e-1,0.000000000000e0,1.333333402872e-1,2.666666805744e-1,0.000000000000e0
67,2.000000029802e-1,2.666666805744e-1,0.000000000000e0,1.999999880791e-1,2.666666805744e-1,3.008171933772e-9,2.000000029802e-1,2.666666805744e-1,0.000000000000e0
68,2.666666805744e-1,2.666666805744e-1,0.000000000000e0,2.666666805744e-1,2.666666805744e-1,0.000000000000e0,2.666666805744e-1,2.666666805744e-1,1.120631372098e-17
69,3.333333432674e-1,2.666666805744e-1,0.000000000000e0,3.333333432674e-1,2.666666805744e-1,0.000000000000e0,3.333333432674e-1,2.666666805744e-1,0.000000000000e0
70,4.000000059605e-1,2.666666805744e-1,0.000000000000e0,4.000000059605e-1,2.666666805744e-1,1.504085966886e-9,4.000000059605e-1,2.666666805744e-1,3.361893950859e-17
71,4.666666686535e-1,2.666666805744e-1,0.000000000000e0,4.666666388512e-1,2.666666805744e-1,1.353677347993e-8,4.666666686535e-1,2.666666805744e-1,0.000000000000e0
72,5.333333611488e-1,2.666666805744e-1,0.000000000000e0,5.333333611488e-1,2.666666805744e-1,0.000000000000e0,5.333333611488e-1,2.666666805744e-1,8.404734877148e-18
73,6.000000238419e-1,2.666666805744e-1,0.000000000000e0,6.000000238419e-1,2.666667103767e-1,1.504085966886e-9,6.000000238419e-1,2.666666805744e-1,1.120631372098e-17
74,6.666666865349e-1,2.666666805744e-1,0.000000000000e0,6.666666865349e-1,2.666666805744e-1,3.008171933772e-9,6.666666865349e-1,2.666666805744e-1,0.000000000000e0
75,7.333333492279e-1,2.666666805744e-1,0.000000000000e0,7.333333492279e-1,2.666666805744e-1,9.024515357225e-9,7.333333492279e-1,2.666666805744e-1,2.801578430246e-18
76,8.000000119209e-1,2.666666805744e-1,0.000000000000e0,8.000000119209e-1,2.666666805744e-1,7.520429834429e-10,8.000000119209e-1,2.666666805744e-1,0.000000000000e0
77,8.666666746140e-1,2.666666805744e-1,0.000000000000e0,8.666666746140e-1,2.666666805744e-1,0.000000000000e0,8.666666746140e-1,2.666666805744e-1,1.400789215123e-18
78,9.333333373070e-1,2.666666805744e-1,0.000000000000e0,9.333333373070e-1,2.666666805744e-1,9.776559117824e-9,9.333333373070e-1,2.666666805744e-1,7.003946075615e-19
79,1.000000000000e0,2.666666805744e-1,0.000000000000e0,1.000000000000e0,2.666666805744e-1,0.000000000000e0,1.000000000000e0,2.666666805744e-1,0.000000000000e0
80,0.000000000000e0,3.333333432674e-1,0.000000000000e0,5.113892243003e-8,3.333333432674e-1,0.000000000000e0,0.000000000000e0,3.333333432674e-1,0.000000000000e0
81,6.666667014360e-2,3.333333432674e-1,0.000000000000e0,6.666664779186e-2,3.333333432674e-1,1.504085966886e-9,6.666667014360e-2,3.333333432674e-1,2.521420545863e-17
82,1.333333402872e-1,3.333333432674e-1,0.000000000000e0,1.333333551884e-1,3.333333432674e-1,0.000000000000e0,1.333333402872e-1,3.333333432674e-1,0.000000000000e0
83,2.000000029802e-1,3.333333432674e-1,0.000000000000e0,2.000000029802e-1,3.333333432674e-1,0.000000000000e0,2.000000029802e-1,3.333333432674e-1,0.000000000000e0
84,2.666666805744e-1,3.333333432674e-1,0.000000000000e0,2.666666805744e-1,3.333333432674e-1,0.000000000000e0,2.666666805744e-1,3.333333432674e-1,2.241262744197e-17
85,3.333333432674e-1,3.333333432674e-1,0.000000000000e0,3.333333432674e-1,3.333333432674e-1,6.016343867543e-9,3.333333432674e-1,3.333333432674e-1,3.922209885063e-17
86,4.000000059605e-1,3.333333432674e-1,0.000000000000e0,4.000000059605e-1,3.333333432674e-1,0.000000000000e0,4.000000059605e-1,3.333333432674e-1,0.000000000000e0
87,4.666666686535e-1,3.333333432674e-1,0.000000000000e0,4.666666388512e-1,3.333333432674e-1,0.000000000000e0,4.666666686535e-1,3.333333432674e-1,0.000000000000e0
88,5.333333611488e-1,3.333333432674e-1,0.000000000000e0,5.333333611488e-1,3.333333432674e-1,3.008171933772e-9,5.333333611488e-1,3.333333432674e-1,0.000000000000e0
89,6.000000238419e-1,3.333333432674e-1,0.000000000000e0,6.000000238419e-1,3.333333134651e-1,0.000000000000e0,6.000000238419e-1,3.333333432674e-1,0.000000000000e0
90,6.666666865349e-1,3.333333432674e-1,0.000000000000e0,6.666666865349e-1,3.333333432674e-1,1.804903071445e-8,6.666666865349e-1,3.333333432674e-1,0.000000000000e0
91,7.333333492279e-1,3.333333432674e-1,0.000000000000e0,7.333333492279e-1,3.333333432674e-1,1.804903071445e-8,7.333333492279e-1,3.333333432674e-1,0.000000000000e0
92,8.000000119209e-1,3.333333432674e-1,0.000000000000e0,8.000000119209e-1,3.333333432674e-1,0.000000000000e0,8.000000119209e-1,3.333333432674e-1,0.000000000000e0
93,8.666666746140e-1,3.333333432674e-1,0.000000000000e0,8.666666746140e-1,3.333333432674e-1,0.000000000000e0,8.666666746140e-1,3.333333432674e-1,1.400789215123e-18
94,9.333333373070e-1,3.333333432674e-1,0.000000000000e0,9.333333373070e-1,3.333333432674e-1,2.331333170957e-8,9.333333373070e-1,3.333333432674e-1,0.000000000000e0
95,1.000000000000e0,3.333333432674e-1,0.000000000000e0,1.000000000000e0,3.333333730698e-1,2.776925214221e-7,1.000000000000e0,3.333333432674e-1,0.000000000000e0
96,0.000000000000e0,4.000000059605e-1,0.000000000000e0,0.000000000000e0,4.000000059605e-1,3.760214806192e-9,2.101183843364e-17,4.000000059605e-1,2.521420545863e-17
97,6.666667014360e-2,4.000000059605e-1,0.000000000000e0,6.666667759418e-2,4.000000059605e-1,2.256128972533e-8,6.666667014360e-2,4.000000059605e-1,0.000000000000e0
98,1.333333402872e-1,4.000000059605e-1,0.000000000000e0,1.333333104849e-1,4.000000357628e-1,0.000000000000e0,1.333333402872e-1,4.000000059605e-1,0.000000000000e0
99,2.000000029802e-1,4.000000059605e-1,0.000000000000e0,2.000000029802e-1,4.000000059605e-1,0.000000000000e0,2.000000029802e-1,4.000000059605e-1,0.000000000000e0
100,2.666666805744e-1,4.000000059605e-1,0.000000000000e0,2.666667103767e-1,4.000000059605e-1,0.000000000000e0,2.666666805744e-1,4.000000059605e-1,0.000000000000e0
101,3.333333432674e-1,4.000000059605e-1,0.000000000000e0,3.333333432674e-1,4.000000059605e-1,6.016343867543e-9,3.333333432674e-1,4.000000059605e-1,2.661499446695e-17
102,4.000000059605e-1,4.000000059605e-1,0.000000000000e0,4.000000059605e-1,4.000000059605e-1,0.000000000000e0,4.000000059605e-1,4.000000059605e-1,0.000000000000e0
103,4.666666686535e-1,4.000000059605e-1,0.000000000000e0,4.666666984558e-1,4.000000059605e-1,0.000000000000e0,4.666666686535e-1,4.000000059605e-1,0.000000000000e0
104,5.333333611488e-1,4.000000059605e-1,0.000000000000e0,5.333333611488e-1,4.000000059605e-1,1.504085922477e-8,5.333333611488e-1,4.000000059605e-1,0.000000000000e0
105,6.000000238419e-1,4.000000059605e-1,0.000000000000e0,6.000000238419e-1,4.000000059605e-1,0.000000000000e0,6.000000238419e-1,4.000000059605e-1,6.023393562991e-17
106,6.666666865349e-1,4.000000059605e-1,0.000000000000e0,6.666666865349e-1,4.000000059605e-1,1.203268773509e-8,6.666666865349e-1,4.000000059605e-1,0.000000000000e0
107,7.333333492279e-1,4.000000059605e-1,0.000000000000e0,7.333333492279e-1,4.000000059605e-1,0.000000000000e0,7.333333492279e-1,4.000000059605e-1,6.443630430925e-17
108,8.000000119209e-1,4.000000059605e-1,0.000000000000e0,8.000000715256e-1,4.000000059605e-1,2.105720398049e-8,8.000000119209e-1,4.000000059605e-1,0.000000000000e0
109,8.666666746140e-1,4.000000059605e-1,0.000000000000e0,8.666666150093e-1,4.000000059605e-1,4.963483490883e-8,8.666666746140e-1,4.000000059605e-1,0.000000000000e0
110,9.333333373070e-1,4.000000059605e-1,0.000000000000e0,9.333333373070e-1,4.000000357628e-1,0.000000000000e0,9.333333373070e-1,4.000000059605e-1,3.151775682328e-18
111,1.000000000000e0,4.000000059605e-1,0.000000000000e0,1.000000000000e0,4.000000059605e-1,0.000000000000e0,1.000000000000e0,4.000000059605e-1,0.000000000000e0
112,0.000000000000e0,4.666666686535e-1,0.000000000000e0,0.000000000000e0,4.666666686535e-1,4.361849192946e-8,0.000000000000e0,4.666666686535e-1,0.000000000000e0
113,6.666667014360e-2,4.666666686535e-1,0.000000000000e0,6.666676700115e-2,4.666666686535e-1,0.000000000000e0,6.666667014360e-2,4.666666686535e-1,0.000000000000e0
114,1.333333402872e-1,4.666666686535e-1,0.000000000000e0,1.333333551884e-1,4.666666388512e-1,0.000000000000e0,1.333333402872e-1,4.666666686535e-1,0.000000000000e0
115,2.000000029802e-1,4.666666686535e-1,0.000000000000e0,1.999999731779e-1,4.666666984558e-1,4.512257678613e-9,2.000000029802e-1,4.666666686535e-1,0.000000000000e0
116,2.666666805744e-1,4.666666686535e-1,0.000000000000e0,2.666666507721e-1,4.666666388512e-1,1.052860199025e-8,2.666666805744e-1,4.666666686535e-1,0.000000000000e0
117,3.333333432674e-1,4.666666686535e-1,0.000000000000e0,3.333333432674e-1,4.666666984558e-1,0.000000000000e0,3.333333432674e-1,4.666666686535e-1,0.000000000000e0
118,4.000000059605e-1,4.666666686535e-1,0.000000000000e0,4.000000059605e-1,4.666666686535e-1,0.000000000000e0,4.000000059605e-1,4.666666686535e-1,0.000000000000e0
119,4.666666686535e-1,4.666666686535e-1,0.000000000000e0,4.666666686535e-1,4.666666686535e-1,0.000000000000e0,4.666666686535e-1,4.666666686535e-1,0.000000000000e0
120,5.333333611488e-1,4.666666686535e-1,0.000000000000e0,5.333333611488e-1,4.666666686535e-1,0.000000000000e0,5.333333611488e-1,4.666666686535e-1,2.381341645030e-17
121,6.000000238419e-1,4.666666686535e-1,0.000000000000e0,6.000000238419e-1,4.666666686535e-1,2.481741745441e-8,6.000000238419e-1,4.666666686535e-1,4.482525488394e-17
122,6.666666865349e-1,4.666666686535e-1,0.000000000000e0,6.666666865349e-1,4.666666388512e-1,0.000000000000e0,6.666666865349e-1,4.666666686535e-1,4.762683290059e-17
123,7.333333492279e-1,4.666666686535e-1,0.000000000000e0,7.333333492279e-1,4.666666984558e-1,2.256128972533e-8,7.333333492279e-1,4.666666686535e-1,0.000000000000e0
124,8.000000119209e-1,4.666666686535e-1,0.000000000000e0,8.000000119209e-1,4.666666686535e-1,1.203268773509e-8,8.000000119209e-1,4.666666686535e-1,0.000000000000e0
125,8.666666746140e-1,4.666666686535e-1,0.000000000000e0,8.666666746140e-1,4.666666686535e-1,0.000000000000e0,8.666666746140e-1,4.666666686535e-1,1.961104942531e-17
126,9.333333373070e-1,4.666666686535e-1,0.000000000000e0,9.333332777023e-1,4.666666686535e-1,6.035144650696e-8,9.333333373070e-1,4.666666686535e-1,0.000000000000e0
127,1.000000000000e0,4.666666686535e-1,0.000000000000e0,1.000000000000e0,4.666666686535e-1,0.000000000000e0,1.000000000000e0,4.666666686535e-1,1.750986518904e-19
128,0.000000000000e0,5.333333611488e-1,0.000000000000e0,1.504085966886e-9,5.333333611488e-1,1.804903071445e-8,0.000000000000e0,5.333333611488e-1,0.000000000000e0
129,6.666667014360e-2,5.333333611488e-1,0.000000000000e0,6.666669994593e-2,5.333333611488e-1,2.406537547017e-8,6.666667014360e-2,5.333333611488e-1,0.000000000000e0
130,1.333333402872e-1,5.333333611488e-1,0.000000000000e0,1.333333402872e-1,5.333333611488e-1,0.000000000000e0,1.333333402872e-1,5.333333611488e-1,7.003945868820e-18
131,2.000000029802e-1,5.333333611488e-1,0.000000000000e0,2.000000178814e-1,5.333333611488e-1,2.556946121501e-8,2.000000029802e-1,5.333333611488e-1,0.000000000000e0
132,2.666666805744e-1,5.333333611488e-1,0.000000000000e0,2.666666507721e-1,5.333333611488e-1,1.504085966886e-9,2.666666805744e-1,5.333333611488e-1,0.000000000000e0
133,3.333333432674e-1,5.333333611488e-1,0.000000000000e0,3.333333730698e-1,5.333333611488e-1,9.024515357225e-9,3.333333432674e-1,5.333333611488e-1,0.000000000000e0
134,4.000000059605e-1,5.333333611488e-1,0.000000000000e0,4.000000059605e-1,5.333333611488e-1,0.000000000000e0,4.000000059605e-1,5.333333611488e-1,5.603156860492e-18
135,4.666666686535e-1,5.333333611488e-1,0.000000000000e0,4.666666984558e-1,5.333333611488e-1,3.008171933772e-9,4.666666686535e-1,5.333333611488e-1,2.801578430246e-18
136,5.333333611488e-1,5.333333611488e-1,0.000000000000e0,5.333333611488e-1,5.333333611488e-1,0.000000000000e0,5.333333611488e-1,5.333333611488e-1,0.000000000000e0
137,6.000000238419e-1,5.333333611488e-1,0.000000000000e0,6.000000238419e-1,5.333333611488e-1,7.520429834429e-10,6.000000238419e-1,5.333333611488e-1,0.000000000000e0
138,6.666666865349e-1,5.333333611488e-1,0.000000000000e0,6.666666865349e-1,5.333333611488e-1,2.406537547017e-8,6.666666865349e-1,5.333333611488e-1,1.064599778678e-16
139,7.333333492279e-1,5.333333611488e-1,0.000000000000e0,7.333333492279e-1,5.333333611488e-1,2.256128972533e-8,7.333333492279e-1,5.333333611488e-1,2.241262744197e-17
140,8.000000119209e-1,5.333333611488e-1,0.000000000000e0,8.000000119209e-1,5.333333611488e-1,1.804903071445e-8,8.000000119209e-1,5.333333611488e-1,0.000000000000e0
141,8.666666746140e-1,5.333333611488e-1,0.000000000000e0,8.666666746140e-1,5.333333611488e-1,0.000000000000e0,8.666666746140e-1,5.333333611488e-1,4.202367686728e-17
142,9.333333373070e-1,5.333333611488e-1,0.000000000000e0,9.333333373070e-1,5.333333611488e-1,2.857763270470e-8,9.333333373070e-1,5.333333611488e-1,0.000000000000e0
143,1.000000000000e0,5.333333611488e-1,0.000000000000e0,9.999999403954e-1,5.333333611488e-1,7.290116599279e-8,1.000000000000e0,5.333333611488e-1,0.000000000000e0
144,0.000000000000e0,6.000000238419e-1,0.000000000000e0,0.000000000000e0,6.000000238419e-1,3.233784795498e-8,3.586020390715e-16,6.000000238419e-1,0.000000000000e0
145,6.666667014360e-2,6.000000238419e-1,0.000000000000e0,6.666667014360e-2,6.000000238419e-1,0.000000000000e0,6.666667014360e-2,6.000000238419e-1,1.120631372098e-17
146,1.333333402872e-1,6.000000238419e-1,0.000000000000e0,1.333333700895e-1,6.000000238419e-1,1.203268773509e-8,1.333333402872e-1,6.000000238419e-1,3.782130818794e-17
147,2.000000029802e-1,6.000000238419e-1,0.000000000000e0,1.999999880791e-1,6.000000238419e-1,1.504085966886e-9,2.000000029802e-1,6.000000238419e-1,0.000000000000e0
148,2.666666805744e-1,6.000000238419e-1,0.000000000000e0,2.666666507721e-1,6.000000238419e-1,3.835419093434e-8,2.666666805744e-1,6.000000238419e-1,1.120631372098e-17
149,3.333333432674e-1,6.000000238419e-1,0.000000000000e0,3.333333432674e-1,6.000000238419e-1,0.000000000000e0,3.333333432674e-1,6.000000238419e-1,0.000000000000e0
150,4.000000059605e-1,6.000000238419e-1,0.000000000000e0,4.000000059605e-1,6.000000238419e-1,0.000000000000e0,4.000000059605e-1,6.000000238419e-1,0.000000000000e0
151,4.666666686535e-1,6.000000238419e-1,0.000000000000e0,4.666666984558e-1,6.000000238419e-1,4.813075094035e-8,4.666666686535e-1,6.000000238419e-1,1.288726086185e-16
152,5.333333611488e-1,6.000000238419e-1,0.000000000000e0,5.333333611488e-1,6.000000238419e-1,0.000000000000e0,5.333333611488e-1,6.000000238419e-1,1.120631372098e-17
153,6.000000238419e-1,6.000000238419e-1,0.000000000000e0,6.000000238419e-1,6.000000238419e-1,1.203268773509e-8,6.000000238419e-1,6.000000238419e-1,0.000000000000e0
154,6.666666865349e-1,6.000000238419e-1,0.000000000000e0,6.666666865349e-1,6.000000238419e-1,0.000000000000e0,6.666666865349e-1,6.000000238419e-1,0.000000000000e0
155,7.333333492279e-1,6.000000238419e-1,0.000000000000e0,7.333333492279e-1,6.000000238419e-1,0.000000000000e0,7.333333492279e-1,6.000000238419e-1,0.000000000000e0
156,8.000000119209e-1,6.000000238419e-1,0.000000000000e0,8.000000119209e-1,6.000000238419e-1,1.203268773509e-8,8.000000119209e-1,6.000000238419e-1,0.000000000000e0
157,8.666666746140e-1,6.000000238419e-1,0.000000000000e0,8.666666746140e-1,6.000000238419e-1,0.000000000000e0,8.666666746140e-1,6.000000238419e-1,0.000000000000e0
158,9.333333373070e-1,6.000000238419e-1,0.000000000000e0,9.333333373070e-1,6.000000238419e-1,0.000000000000e0,9.333333373070e-1,6.000000238419e-1,0.000000000000e0
159,1.000000000000e0,6.000000238419e-1,0.000000000000e0,1.000000000000e0,6.000000238419e-1,4.465255276642e-9,1.000000000000e0,6.000000238419e-1,0.000000000000e0
160,0.000000000000e0,6.666666865349e-1,0.000000000000e0,4.813075094035e-8,6.666666865349e-1,4.512257678613e-9,0.000000000000e0,6.666666865349e-1,0.000000000000e0
161,6.666667014360e-2,6.666666865349e-1,0.000000000000e0,6.666664779186e-2,6.666666865349e-1,7.520429612384e-9,6.666667014360e-2,6.666666865349e-1,0.000000000000e0
162,1.333333402872e-1,6.666666865349e-1,0.000000000000e0,1.333333104849e-1,6.666666865349e-1,1.007737608916e-7,1.333333402872e-1,6.666666865349e-1,0.000000000000e0
163,2.000000029802e-1,6.666666865349e-1,0.000000000000e0,1.999999880791e-1,6.666666865349e-1,7.520429612384e-9,2.000000029802e-1,6.666666865349e-1,0.000000000000e0
164,2.666666805744e-1,6.666666865349e-1,0.000000000000e0,2.666666805744e-1,6.666666865349e-1,0.000000000000e0,2.666666805744e-1,6.666666865349e-1,0.000000000000e0
165,3.333333432674e-1,6.666666865349e-1,0.000000000000e0,3.333333134651e-1,6.666666865349e-1,0.000000000000e0,3.333333432674e-1,6.666666865349e-1,0.000000000000e0
166,4.000000059605e-1,6.666666865349e-1,0.000000000000e0,4.000000059605e-1,6.666666865349e-1,0.000000000000e0,4.000000059605e-1,6.666666865349e-1,0.000000000000e0
167,4.666666686535e-1,6.666666865349e-1,0.000000000000e0,4.666666984558e-1,6.666666865349e-1,3.008171933772e-9,4.666666686535e-1,6.666666865349e-1,2.941657413797e-17
168,5.333333611488e-1,6.666666865349e-1,0.000000000000e0,5.333333611488e-1,6.666666865349e-1,0.000000000000e0,5.333333611488e-1,6.666666865349e-1,8.965050976788e-17
169,6.000000238419e-1,6.666666865349e-1,0.000000000000e0,6.000000238419e-1,6.666666865349e-1,6.016343867543e-9,6.000000238419e-1,6.666666865349e-1,0.000000000000e0
170,6.666666865349e-1,6.666666865349e-1,0.000000000000e0,6.666666865349e-1,6.666666865349e-1,0.000000000000e0,6.666666865349e-1,6.666666865349e-1,0.000000000000e0
171,7.333333492279e-1,6.666666865349e-1,0.000000000000e0,7.333333492279e-1,6.666666865349e-1,0.000000000000e0,7.333333492279e-1,6.666666865349e-1,0.000000000000e0
172,8.000000119209e-1,6.666666865349e-1,0.000000000000e0,8.000000119209e-1,6.666666865349e-1,1.094222525921e-7,8.000000119209e-1,6.666666865349e-1,0.000000000000e0
173,8.666666746140e-1,6.666666865349e-1,0.000000000000e0,8.666666746140e-1,6.666666865349e-1,0.000000000000e0,8.666666746140e-1,6.666666865349e-1,3.922209885063e-17
174,9.333333373070e-1,6.666666865349e-1,0.000000000000e0,9.333333373070e-1,6.666666865349e-1,0.000000000000e0,9.333333373070e-1,6.666666865349e-1,5.042841091725e-17
175,1.000000000000e0,6.666666865349e-1,0.000000000000e0,1.000000000000e0,6.666666865349e-1,5.640322098266e-10,1.000000000000e0,6.666666865349e-1,7.446070101199e-17
176,0.000000000000e0,7.333333492279e-1,0.000000000000e0,0.000000000000e0,7.333333492279e-1,1.466483752210e-7,0.000000000000e0,7.333333492279e-1,0.000000000000e0
177,6.666667014360e-2,7.333333492279e-1,0.000000000000e0,6.666669994593e-2,7.333333492279e-1,4.512257678613e-9,6.666667014360e-2,7.333333492279e-1,0.000000000000e0
178,1.333333402872e-1,7.333333492279e-1,0.000000000000e0,1.333333700895e-1,7.333332896233e-1,0.000000000000e0,1.333333402872e-1,7.333333492279e-1,0.000000000000e0
179,2.000000029802e-1,7.333333492279e-1,0.000000000000e0,1.999999582767e-1,7.333334088326e-1,0.000000000000e0,2.000000029802e-1,7.333333492279e-1,0.000000000000e0
180,2.666666805744e-1,7.333333492279e-1,0.000000000000e0,2.666666805744e-1,7.333333492279e-1,0.000000000000e0,2.666666805744e-1,7.333333492279e-1,0.000000000000e0
181,3.333333432674e-1,7.333333492279e-1,0.000000000000e0,3.333333432674e-1,7.333333492279e-1,2.406537547017e-8,3.333333432674e-1,7.333333492279e-1,1.400789215123e-18
182,4.000000059605e-1,7.333333492279e-1,0.000000000000e0,3.999999761581e-1,7.333334088326e-1,1.203268773509e-8,4.000000059605e-1,7.333333492279e-1,8.965050976788e-17
183,4.666666686535e-1,7.333333492279e-1,0.000000000000e0,4.666666686535e-1,7.333334088326e-1,9.626150188069e-8,4.666666686535e-1,7.333333492279e-1,6.723787901719e-17
184,5.333333611488e-1,7.333333492279e-1,0.000000000000e0,5.333333611488e-1,7.333333492279e-1,0.000000000000e0,5.333333611488e-1,7.333333492279e-1,8.965050976788e-17
185,6.000000238419e-1,7.333333492279e-1,0.000000000000e0,6.000000238419e-1,7.333334088326e-1,1.804903071445e-8,6.000000238419e-1,7.333333492279e-1,0.000000000000e0
186,6.666666865349e-1,7.333333492279e-1,0.000000000000e0,6.666666865349e-1,7.333333492279e-1,1.804903071445e-8,6.666666865349e-1,7.333333492279e-1,0.000000000000e0
187,7.333333492279e-1,7.333333492279e-1,0.000000000000e0,7.333333492279e-1,7.333334088326e-1,0.000000000000e0,7.333333492279e-1,7.333333492279e-1,0.000000000000e0
188,8.000000119209e-1,7.333333492279e-1,0.000000000000e0,7.999999523163e-1,7.333333492279e-1,6.016343867543e-9,8.000000119209e-1,7.333333492279e-1,0.000000000000e0
189,8.666666746140e-1,7.333333492279e-1,0.000000000000e0,8.666666746140e-1,7.333333492279e-1,1.443922457156e-7,8.666666746140e-1,7.333333492279e-1,0.000000000000e0
190,9.333333373070e-1,7.333333492279e-1,0.000000000000e0,9.333333373070e-1,7.333333492279e-1,7.520429834429e-10,9.333333373070e-1,7.333333492279e-1,0.000000000000e0
191,1.000000000000e0,7.333333492279e-1,0.000000000000e0,1.000000000000e0,7.333333492279e-1,9.212526208557e-8,1.000000000000e0,7.333333492279e-1,2.022389364452e-16
192,0.000000000000e0,8.000000119209e-1,0.000000000000e0,2.763758004676e-7,8.000000119209e-1,0.000000000000e0,0.000000000000e0,8.000000119209e-1,0.000000000000e0
193,6.666667014360e-2,8.000000119209e-1,0.000000000000e0,6.666656583548e-2,8.000000119209e-1,7.520429612384e-9,6.666667014360e-2,8.000000119209e-1,1.933089063103e-16
194,1.333333402872e-1,8.000000119209e-1,0.000000000000e0,1.333335042000e-1,8.000000119209e-1,0.000000000000e0,1.333333402872e-1,8.000000119209e-1,0.000000000000e0
195,2.000000029802e-1,8.000000119209e-1,0.000000000000e0,2.000000476837e-1,8.000000715256e-1,0.000000000000e0,2.000000029802e-1,8.000000119209e-1,0.000000000000e0
196,2.666666805744e-1,8.000000119209e-1,0.000000000000e0,2.666667103767e-1,7.999999523163e-1,0.000000000000e0,2.666666805744e-1,8.000000119209e-1,1.877057568944e-16
197,3.333333432674e-1,8.000000119209e-1,0.000000000000e0,3.333333432674e-1,7.999999523163e-1,0.000000000000e0,3.333333432674e-1,8.000000119209e-1,1.779002255643e-16
198,4.000000059605e-1,8.000000119209e-1,0.000000000000e0,4.000000059605e-1,8.000000119209e-1,0.000000000000e0,4.000000059605e-1,8.000000119209e-1,1.260710272931e-17
199,4.666666686535e-1,8.000000119209e-1,0.000000000000e0,4.666666686535e-1,8.000000119209e-1,3.760214806192e-9,4.666666686535e-1,8.000000119209e-1,0.000000000000e0
200,5.333333611488e-1,8.000000119209e-1,0.000000000000e0,5.333333611488e-1,8.000000119209e-1,1.278473060751e-8,5.333333611488e-1,8.000000119209e-1,2.801578430246e-18
201,6.000000238419e-1,8.000000119209e-1,0.000000000000e0,6.000000238419e-1,8.000000119209e-1,0.000000000000e0,6.000000238419e-1,8.000000119209e-1,1.176662965519e-16
202,6.666666865349e-1,8.000000119209e-1,0.000000000000e0,6.666666865349e-1,8.000000119209e-1,0.000000000000e0,6.666666865349e-1,8.000000119209e-1,0.000000000000e0
203,7.333333492279e-1,8.000000119209e-1,0.000000000000e0,7.333332896233e-1,8.000000119209e-1,3.760214806192e-9,7.333333492279e-1,8.000000119209e-1,0.000000000000e0
204,8.000000119209e-1,8.000000119209e-1,0.000000000000e0,8.000000119209e-1,7.999999523163e-1,0.000000000000e0,8.000000119209e-1,8.000000119209e-1,2.241262678022e-16
205,8.666666746140e-1,8.000000119209e-1,0.000000000000e0,8.666666746140e-1,8.000000119209e-1,0.000000000000e0,8.666666746140e-1,8.000000119209e-1,1.793010195358e-16
206,9.333333373070e-1,8.000000119209e-1,0.000000000000e0,9.333333373070e-1,8.000000119209e-1,0.000000000000e0,9.333333373070e-1,8.000000119209e-1,2.801578430246e-18
207,1.000000000000e0,8.000000119209e-1,0.000000000000e0,1.000000000000e0,8.000000119209e-1,2.717851657508e-6,1.000000000000e0,8.000000119209e-1,5.737632625144e-15
208,0.000000000000e0,8.666666746140e-1,0.000000000000e0,0.000000000000e0,8.666666746140e-1,2.015475075723e-7,0.000000000000e0,8.666666746140e-1,1.434408156286e-15
209,6.666667014360e-2,8.666666746140e-1,0.000000000000e0,6.666642427444e-2,8.666666746140e-1,0.000000000000e0,6.666667014360e-2,8.666666746140e-1,1.400789215123e-18
210,1.333333402872e-1,8.666666746140e-1,0.000000000000e0,1.333333253860e-1,8.666666746140e-1,6.016343867543e-9,1.333333402872e-1,8.666666746140e-1,0.000000000000e0
211,2.000000029802e-1,8.666666746140e-1,0.000000000000e0,1.999999135733e-1,8.666666746140e-1,0.000000000000e0,2.000000029802e-1,8.666666746140e-1,0.000000000000e0
212,2.666666805744e-1,8.666666746140e-1,0.000000000000e0,2.666666805744e-1,8.666666746140e-1,2.887844914312e-7,2.666666805744e-1,8.666666746140e-1,0.000000000000e0
213,3.333333432674e-1,8.666666746140e-1,0.000000000000e0,3.333333730698e-1,8.666666746140e-1,0.000000000000e0,3.333333432674e-1,8.666666746140e-1,1.400789215123e-18
214,4.000000059605e-1,8.666666746140e-1,0.000000000000e0,4.000000059605e-1,8.666666150093e-1,0.000000000000e0,4.000000059605e-1,8.666666746140e-1,1.680947074691e-16
215,4.666666686535e-1,8.666666746140e-1,0.000000000000e0,4.666666984558e-1,8.666666150093e-1,1.421361162102e-7,4.666666686535e-1,8.666666746140e-1,0.000000000000e0
216,5.333333611488e-1,8.666666746140e-1,0.000000000000e0,5.333333611488e-1,8.666666150093e-1,1.458963367895e-7,5.333333611488e-1,8.666666746140e-1,9.805524712657e-18
217,6.000000238419e-1,8.666666746140e-1,0.000000000000e0,6.000000238419e-1,8.666666150093e-1,0.000000000000e0,6.000000238419e-1,8.666666746140e-1,0.000000000000e0
218,6.666666865349e-1,8.666666746140e-1,0.000000000000e0,6.666667461395e-1,8.666666746140e-1,0.000000000000e0,6.666666865349e-1,8.666666746140e-1,5.603156860492e-18
219,7.333333492279e-1,8.666666746140e-1,0.000000000000e0,7.333333492279e-1,8.666667342186e-1,0.000000000000e0,7.333333492279e-1,8.666666746140e-1,0.000000000000e0
220,8.000000119209e-1,8.666666746140e-1,0.000000000000e0,8.000000119209e-1,8.666666746140e-1,4.512257678613e-9,8.000000119209e-1,8.666666746140e-1,3.586020390715e-16
221,8.666666746140e-1,8.666666746140e-1,0.000000000000e0,8.666666746140e-1,8.666666150093e-1,0.000000000000e0,8.666666746140e-1,8.666666746140e-1,0.000000000000e0
222,9.333333373070e-1,8.666666746140e-1,0.000000000000e0,9.333333373070e-1,8.666667342186e-1,0.000000000000e0,9.333333373070e-1,8.666666746140e-1,0.000000000000e0
223,1.000000000000e0,8.666666746140e-1,0.000000000000e0,1.000000000000e0,8.666666746140e-1,0.000000000000e0,1.000000000000e0,8.666666746140e-1,1.849041689516e-16
224,0.000000000000e0,9.333333373070e-1,0.000000000000e0,0.000000000000e0,9.333333373070e-1,1.598091259325e-8,0.000000000000e0,9.333333373070e-1,0.000000000000e0
225,6.666667014360e-2,9.333333373070e-1,0.000000000000e0,6.666645407677e-2,9.333333373070e-1,9.400537237525e-9,6.666667014360e-2,9.333333373070e-1,2.031144310230e-17
226,1.333333402872e-1,9.333333373070e-1,0.000000000000e0,1.333333998919e-1,9.333333373070e-1,1.759780587918e-7,1.333333402872e-1,9.333333373070e-1,0.000000000000e0
227,2.000000029802e-1,9.333333373070e-1,0.000000000000e0,2.000000029802e-1,9.333333373070e-1,0.000000000000e0,2.000000029802e-1,9.333333373070e-1,7.003946075615e-19
228,2.666666805744e-1,9.333333373070e-1,0.000000000000e0,2.666667103767e-1,9.333333373070e-1,0.000000000000e0,2.666666805744e-1,9.333333373070e-1,0.000000000000e0
229,3.333333432674e-1,9.333333373070e-1,0.000000000000e0,3.333333432674e-1,9.333333373070e-1,0.000000000000e0,3.333333432674e-1,9.333333373070e-1,0.000000000000e0
230,4.000000059605e-1,9.333333373070e-1,0.000000000000e0,3.999999463558e-1,9.333333373070e-1,1.962832243407e-7,4.000000059605e-1,9.333333373070e-1,0.000000000000e0
231,4.666666686535e-1,9.333333373070e-1,0.000000000000e0,4.666666686535e-1,9.333333373070e-1,0.000000000000e0,4.666666686535e-1,9.333333373070e-1,0.000000000000e0
232,5.333333611488e-1,9.333333373070e-1,0.000000000000e0,5.333333611488e-1,9.333333373070e-1,0.000000000000e0,5.333333611488e-1,9.333333373070e-1,0.000000000000e0
233,6.000000238419e-1,9.333333373070e-1,0.000000000000e0,6.000000238419e-1,9.333333373070e-1,1.451442983580e-7,6.000000238419e-1,9.333333373070e-1,1.008568218345e-16
234,6.666666865349e-1,9.333333373070e-1,0.000000000000e0,6.666666865349e-1,9.333333969116e-1,0.000000000000e0,6.666666865349e-1,9.333333373070e-1,7.844419770125e-17
235,7.333333492279e-1,9.333333373070e-1,0.000000000000e0,7.333333492279e-1,9.333333969116e-1,0.000000000000e0,7.333333492279e-1,9.333333373070e-1,0.000000000000e0
236,8.000000119209e-1,9.333333373070e-1,0.000000000000e0,7.999999523163e-1,9.333332777023e-1,0.000000000000e0,8.000000119209e-1,9.333333373070e-1,1.344757580344e-16
237,8.666666746140e-1,9.333333373070e-1,0.000000000000e0,8.666666746140e-1,9.333333373070e-1,6.016343867543e-9,8.666666746140e-1,9.333333373070e-1,0.000000000000e0
238,9.333333373070e-1,9.333333373070e-1,0.000000000000e0,9.333333373070e-1,9.333333373070e-1,1.895148358244e-7,9.333333373070e-1,9.333333373070e-1,1.789508243516e-16
239,1.000000000000e0,9.333333373070e-1,0.000000000000e0,1.000000000000e0,9.333333373070e-1,7.358165021287e-6,1.000000000000e0,9.333333373070e-1,0.000000000000e0
240,0.000000000000e0,1.000000000000e0,0.000000000000e0,0.000000000000e0,1.000000000000e0,4.609083248397e-7,1.434408156286e-15,1.000000000000e0,0.000000000000e0
241,6.666667014360e-2,1.000000000000e0,0.000000000000e0,6.666675955057e-2,1.000000000000e0,0.000000000000e0,6.666667014360e-2,1.000000000000e0,0.000000000000e0
242,1.333333402872e-1,1.000000000000e0,0.000000000000e0,1.333331465721e-1,1.000000000000e0,0.000000000000e0,1.333333402872e-1,1.000000000000e0,1.797387635159e-16
243,2.000000029802e-1,1.000000000000e0,0.000000000000e0,1.999999731779e-1,1.000000000000e0,1.128064419653e-9,2.000000029802e-1,1.000000000000e0,0.000000000000e0
244,2.666666805744e-1,1.000000000000e0,0.000000000000e0,2.666668295860e-1,1.000000000000e0,0.000000000000e0,2.666666805744e-1,1.000000000000e0,0.000000000000e0
245,3.333333432674e-1,1.000000000000e0,0.000000000000e0,3.333333432674e-1,1.000000000000e0,0.000000000000e0,3.333333432674e-1,1.000000000000e0,1.912952707667e-16
246,4.000000059605e-1,1.000000000000e0,0.000000000000e0,3.999999463558e-1,1.000000000000e0,0.000000000000e0,4.000000059605e-1,1.000000000000e0,8.606448514200e-15
247,4.666666686535e-1,1.000000000000e0,0.000000000000e0,4.666666984558e-1,1.000000000000e0,0.000000000000e0,4.666666686535e-1,1.000000000000e0,6.771940401281e-17
248,5.333333611488e-1,1.000000000000e0,0.000000000000e0,5.333333611488e-1,1.000000000000e0,0.000000000000e0,5.333333611488e-1,1.000000000000e0,1.004085730576e-14
249,6.000000238419e-1,1.000000000000e0,0.000000000000e0,6.000000834465e-1,1.000000000000e0,0.000000000000e0,6.000000238419e-1,1.000000000000e0,1.004085730576e-14
250,6.666666865349e-1,1.000000000000e0,0.000000000000e0,6.666666865349e-1,1.000000000000e0,0.000000000000e0,6.666666865349e-1,1.000000000000e0,0.000000000000e0
251,7.333333492279e-1,1.000000000000e0,0.000000000000e0,7.333333492279e-1,9.999999403954e-1,0.000000000000e0,7.333333492279e-1,1.000000000000e0,4.034272873380e-16
252,8.000000119209e-1,1.000000000000e0,0.000000000000e0,8.000001311302e-1,1.000000000000e0,8.354766578123e-6,8.000000119209e-1,1.000000000000e0,0.000000000000e0
253,8.666666746140e-1,1.000000000000e0,0.000000000000e0,8.666666746140e-1,1.000000000000e0,1.880107458607e-10,8.666666746140e-1,1.000000000000e0,7.003946075615e-19
254,9.333333373070e-1,1.000000000000e0,0.000000000000e0,9.333333373070e-1,1.000000000000e0,1.504085966886e-9,9.333333373070e-1,1.000000000000e0,0.000000000000e0
255,1.000000000000e0,1.000000000000e0,0.000000000000e0,9.999999403954e-1,1.000000000000e0,1.975279701583e-5,1.000000000000e0,1.000000000000e0,3.729461333399e-14
256,0.000000000000e0,0.000000000000e0,6.666667014360e-2,0.000000000000e0,0.000000000000e0,6.666667759418e-2,0.000000000000e0,0.000000000000e0,6.666667014360e-2
257,6.666667014360e-2,0.000000000000e0,6.666667014360e-2,6.666666269302e-2,0.000000000000e0,6.666667759418e-2,6.666667014360e-2,0.000000000000e0,6.666667014360e-2
258,1.333333402872e-1,0.000000000000e0,6.666667014360e-2,1.333333551884e-1,0.000000000000e0,6.666667759418e-2,1.333333402872e-1,0.000000000000e0,6.666667014360e-2
259,2.000000029802e-1,0.000000000000e0,6.666667014360e-2,2.000000029802e-1,0.000000000000e0,6.666667014360e-2,2.000000029802e-1,0.000000000000e0,6.666667014360e-2
260,2.666666805744e-1,0.000000000000e0,6.666667014360e-2,2.666666805744e-1,3.760214806192e-9,6.666667759418e-2,2.666666805744e-1,0.000000000000e0,6.666667014360e-2
261,3.333333432674e-1,0.000000000000e0,6.666667014360e-2,3.333333432674e-1,0.000000000000e0,6.666666269302e-2,3.333333432674e-1,0.000000000000e0,6.666667014360e-2
262,4.000000059605e-1,0.000000000000e0,6.666667014360e-2,4.000000059605e-1,4.512257678613e-9,6.666667014360e-2,4.000000059605e-1,0.000000000000e0,6.666667014360e-2
263,4.666666686535e-1,0.000000000000e0,6.666667014360e-2,4.666666686535e-1,1.504085966886e-9,6.666667014360e-2,4.666666686535e-1,1.120631372098e-17,6.666667014360e-2
264,5.333333611488e-1,0.000000000000e0,6.666667014360e-2,5.333333015442e-1,0.000000000000e0,6.666667014360e-2,5.333333611488e-1,0.000000000000e0,6.666667014360e-2
265,6.000000238419e-1,0.000000000000e0,6.666667014360e-2,6.000000238419e-1,1.504085966886e-9,6.666665524244e-2,6.000000238419e-1,0.000000000000e0,6.666667014360e-2
266,6.666666865349e-1,0.000000000000e0,6.666667014360e-2,6.666666865349e-1,0.000000000000e0,6.666667759418e-2,6.666666865349e-1,0.000000000000e0,6.666667014360e-2
267,7.333333492279e-1,0.000000000000e0,6.666667014360e-2,7.333333492279e-1,0.000000000000e0,6.666666269302e-2,7.333333492279e-1,0.000000000000e0,6.666667014360e-2
268,8.000000119209e-1,0.000000000000e0,6.666667014360e-2,7.999999523163e-1,0.000000000000e0,6.666669994593e-2,8.000000119209e-1,0.000000000000e0,6.666667014360e-2
269,8.666666746140e-1,0.000000000000e0,6.666667014360e-2,8.666667342186e-1,0.000000000000e0,6.666667014360e-2,8.666666746140e-1,2.311302111895e-17,6.666667014360e-2
270,9.333333373070e-1,0.000000000000e0,6.666667014360e-2,9.333333373070e-1,0.000000000000e0,6.666669249535e-2,9.333333373070e-1,2.381341645030e-17,6.666667014360e-2
271,1.000000000000e0,0.000000000000e0,6.666667014360e-2,1.000000000000e0,2.309910343001e-7,6.666681915522e-2,1.000000000000e0,0.000000000000e0,6.666667014360e-2
272,0.000000000000e0,6.666667014360e-2,6.666667014360e-2,3.008171933772e-9,6.666667759418e-2,6.666667014360e-2,2.801578430246e-18,6.666667014360e-2,6.666667014360e-2
273,6.666667014360e-2,6.666667014360e-2,6.666667014360e-2,6.666666269302e-2,6.666666269302e-2,6.666666269302e-2,6.666667014360e-2,6.666667014360e-2,6.666667014360e-2
274,1.333333402872e-1,6.666667014360e-2,6.666667014360e-2,1.333333402872e-1,6.666667014360e-2,6.666667014360e-2,1.333333402872e-1,6.666667014360e-2,6.666667014360e-2
275,2.000000029802e-1,6.666667014360e-2,6.666667014360e-2,1.999999880791e-1,6.666667014360e-2,6.666667759418e-2,2.000000029802e-1,6.666667014360e-2,6.666667014360e-2
276,2.666666805744e-1,6.666667014360e-2,6.666667014360e-2,2.666666805744e-1,6.666667014360e-2,6.666667759418e-2,2.666666805744e-1,6.666667014360e-2,6.666667014360e-2
277,3.333333432674e-1,6.666667014360e-2,6.666667014360e-2,3.333333432674e-1,6.666667014360e-2,6.666667014360e-2,3.333333432674e-1,6.666667014360e-2,6.666667014360e-2
278,4.000000059605e-1,6.666667014360e-2,6.666667014360e-2,4.000000357628e-1,6.666667014360e-2,6.666667014360e-2,4.000000059605e-1,6.666667014360e-2,6.666667014360e-2
279,4.666666686535e-1,6.666667014360e-2,6.666667014360e-2,4.666666686535e-1,6.666666269302e-2,6.666667014360e-2,4.666666686535e-1,6.666667014360e-2,6.666667014360e-2
280,5.333333611488e-1,6.666667014360e-2,6.666667014360e-2,5.333333611488e-1,6.666668504477e-2,6.666666269302e-2,5.333333611488e-1,6.666667014360e-2,6.666667014360e-2
281,6.000000238419e-1,6.666667014360e-2,6.666667014360e-2,6.000000238419e-1,6.666667014360e-2,6.666667014360e-2,6.000000238419e-1,6.666667014360e-2,6.666667014360e-2
282,6.666666865349e-1,6.666667014360e-2,6.666667014360e-2,6.666666865349e-1,6.666667014360e-2,6.666666269302e-2,6.666666865349e-1,6.666667014360e-2,6.666667014360e-2
283,7.333333492279e-1,6.666667014360e-2,6.666667014360e-2,7.333333492279e-1,6.666664779186e-2,6.666668504477e-2,7.333333492279e-1,6.666667014360e-2,6.666667014360e-2
284,8.000000119209e-1,6.666667014360e-2,6.666667014360e-2,8.000000119209e-1,6.666667014360e-2,6.666667014360e-2,8.000000119209e-1,6.666667014360e-2,6.666667014360e-2
285,8.666666746140e-1,6.666667014360e-2,6.666667014360e-2,8.666666746140e-1,6.666667014360e-2,6.666667014360e-2,8.666666746140e-1,6.666667014360e-2,6.666667014360e-2
286,9.333333373070e-1,6.666667014360e-2,6.666667014360e-2,9.333333373070e-1,6.666663289070e-2,6.666668504477e-2,9.333333373070e-1,6.666667014360e-2,6.666667014360e-2
287,1.000000000000e0,6.666667014360e-2,6.666667014360e-2,1.000000000000e0,6.666666269302e-2,6.666665524244e-2,1.000000000000e0,6.666667014360e-2,6.666667014360e-2
288,0.000000000000e0,1.333333402872e-1,6.666667014360e-2,3.008171933772e-9,1.333333551884e-1,6.666667014360e-2,0.000000000000e0,1.333333402872e-1,6.666667014360e-2
289,6.666667014360e-2,1.333333402872e-1,6.666667014360e-2,6.666667014360e-2,1.333333402872e-1,6.666667014360e-2,6.666667014360e-2,1.333333402872e-1,6.666667014360e-2
290,1.333333402872e-1,1.333333402872e-1,6.666667014360e-2,1.333333402872e-1,1.333333402872e-1,6.666667014360e-2,1.333333402872e-1,1.333333402872e-1,6.666667014360e-2
291,2.000000029802e-1,1.333333402872e-1,6.666667014360e-2,2.000000029802e-1,1.333333402872e-1,6.666667759418e-2,2.000000029802e-1,1.333333402872e-1,6.666667014360e-2
292,2.666666805744e-1,1.333333402872e-1,6.666667014360e-2,2.666666805744e-1,1.333333551884e-1,6.666667014360e-2,2.666666805744e-1,1.333333402872e-1,6.666667014360e-2
293,3.333333432674e-1,1.333333402872e-1,6.666667014360e-2,3.333333432674e-1,1.333333551884e-1,6.666667014360e-2,3.333333432674e-1,1.333333402872e-1,6.666667014360e-2
294,4.000000059605e-1,1.333333402872e-1,6.666667014360e-2,4.000000059605e-1,1.333333551884e-1,6.666667014360e-2,4.000000059605e-1,1.333333402872e-1,6.666667014360e-2
295,4.666666686535e-1,1.333333402872e-1,6.666667014360e-2,4.666666686535e-1,1.333333402872e-1,6.666667014360e-2,4.666666686535e-1,1.333333402872e-1,6.666667014360e-2
296,5.333333611488e-1,1.333333402872e-1,6.666667014360e-2,5.333333611488e-1,1.333333402872e-1,6.666667014360e-2,5.333333611488e-1,1.333333402872e-1,6.666667014360e-2
297,6.000000238419e-1,1.333333402872e-1,6.666667014360e-2,6.000000238419e-1,1.333333253860e-1,6.666666269302e-2,6.000000238419e-1,1.333333402872e-1,6.666667014360e-2
298,6.666666865349e-1,1.333333402872e-1,6.666667014360e-2,6.666666865349e-1,1.333333402872e-1,6.666667014360e-2,6.666666865349e-1,1.333333402872e-1,6.666667014360e-2
299,7.333333492279e-1,1.333333402872e-1,6.666667014360e-2,7.333333492279e-1,1.333333402872e-1,6.666665524244e-2,7.333333492279e-1,1.333333402872e-1,6.666667014360e-2
300,8.000000119209e-1,1.333333402872e-1,6.666667014360e-2,8.000000119209e-1,1.333333402872e-1,6.666667014360e-2,8.000000119209e-1,1.333333402872e-1,6.666667014360e-2
301,8.666666746140e-1,1.333333402872e-1,6.666667014360e-2,8.666666746140e-1,1.333333402872e-1,6.666667014360e-2,8.666666746140e-1,1.333333402872e-1,6.666667014360e-2
302,9.333333373070e-1,1.333333402872e-1,6.666667014360e-2,9.333333373070e-1,1.333333104849e-1,6.666667014360e-2,9.333333373070e-1,1.333333402872e-1,6.666667014360e-2
303,1.000000000000e0,1.333333402872e-1,6.666667014360e-2,1.000000000000e0,1.333333551884e-1,6.666665524244e-2,1.000000000000e0,1.333333402872e-1,6.666667014360e-2
304,0.000000000000e0,2.000000029802e-1,6.666667014360e-2,9.776559117824e-9,2.000000327826e-1,6.666667014360e-2,3.081736149194e-17,2.000000029802e-1,6.666667014360e-2
305,6.666667014360e-2,2.000000029802e-1,6.666667014360e-2,6.666666269302e-2,2.000000029802e-1,6.666667759418e-2,6.666667014360e-2,2.000000029802e-1,6.666667014360e-2
306,1.333333402872e-1,2.000000029802e-1,6.666667014360e-2,1.333333253860e-1,2.000000029802e-1,6.666668504477e-2,1.333333402872e-1,2.000000029802e-1,6.666667014360e-2
307,2.000000029802e-1,2.000000029802e-1,6.666667014360e-2,2.000000029802e-1,2.000000327826e-1,6.666666269302e-2,2.000000029802e-1,2.000000029802e-1,6.666667014360e-2
308,2.666666805744e-1,2.000000029802e-1,6.666667014360e-2,2.666666805744e-1,2.000000029802e-1,6.666666269302e-2,2.666666805744e-1,2.000000029802e-1,6.666667014360e-2
309,3.333333432674e-1,2.000000029802e-1,6.666667014360e-2,3.333333432674e-1,1.999999880791e-1,6.666667759418e-2,3.333333432674e-1,2.000000029802e-1,6.666667014360e-2
310,4.000000059605e-1,2.000000029802e-1,6.666667014360e-2,4.000000357628e-1,1.999999731779e-1,6.666667759418e-2,4.000000059605e-1,2.000000029802e-1,6.666667014360e-2
311,4.666666686535e-1,2.000000029802e-1,6.666667014360e-2,4.666666686535e-1,2.000000029802e-1,6.666666269302e-2,4.666666686535e-1,2.000000029802e-1,6.666667014360e-2
312,5.333333611488e-1,2.000000029802e-1,6.666667014360e-2,5.333333611488e-1,2.000000029802e-1,6.666667014360e-2,5.333333611488e-1,2.000000029802e-1,6.666667014360e-2
313,6.000000238419e-1,2.000000029802e-1,6.666667014360e-2,6.000000238419e-1,2.000000327826e-1,6.666666269302e-2,6.000000238419e-1,2.000000029802e-1,6.666667014360e-2
314,6.666666865349e-1,2.000000029802e-1,6.666667014360e-2,6.666666865349e-1,2.000000029802e-1,6.666668504477e-2,6.666666865349e-1,2.000000029802e-1,6.666667014360e-2
315,7.333333492279e-1,2.000000029802e-1,6.666667014360e-2,7.333333492279e-1,2.000000178814e-1,6.666667014360e-2,7.333333492279e-1,2.000000029802e-1,6.666667014360e-2
316,8.000000119209e-1,2.000000029802e-1,6.666667014360e-2,8.000000119209e-1,2.000000029802e-1,6.666667014360e-2,8.000000119209e-1,2.000000029802e-1,6.666667014360e-2
317,8.666666746140e-1,2.000000029802e-1,6.666667014360e-2,8.666666746140e-1,2.000000029802e-1,6.666667759418e-2,8.666666746140e-1,2.000000029802e-1,6.666667014360e-2
318,9.333333373070e-1,2.000000029802e-1,6.666667014360e-2,9.333333373070e-1,2.000000029802e-1,6.666668504477e-2,9.333333373070e-1,2.000000029802e-1,6.666667014360e-2
319,1.000000000000e0,2.000000029802e-1,6.666667014360e-2,1.000000000000e0,1.999999731779e-1,6.666667014360e-2,1.000000000000e0,2.000000029802e-1,6.666667014360e-2
320,0.000000000000e0,2.666666805744e-1,6.666667014360e-2,0.000000000000e0,2.666666805744e-1,6.666669249535e-2,8.965050976788e-17,2.666666805744e-1,6.666667014360e-2
321,6.666667014360e-2,2.666666805744e-1,6.666667014360e-2,6.666667759418e-2,2.666666805744e-1,6.666666269302e-2,6.666667014360e-2,2.666666805744e-1,6.666667014360e-2
322,1.333333402872e-1,2.666666805744e-1,6.666667014360e-2,1.333333402872e-1,2.666666805744e-1,6.666667759418e-2,1.333333402872e-1,2.666666805744e-1,6.666667014360e-2
323,2.000000029802e-1,2.666666805744e-1,6.666667014360e-2,1.999999880791e-1,2.666666805744e-1,6.666667014360e-2,2.000000029802e-1,2.666666805744e-1,6.666667014360e-2
324,2.666666805744e-1,2.666666805744e-1,6.666667014360e-2,2.666667103767e-1,2.666666805744e-1,6.666667014360e-2,2.666666805744e-1,2.666666805744e-1,6.666667014360e-2
325,3.333333432674e-1,2.666666805744e-1,6.666667014360e-2,3.333333432674e-1,2.666666805744e-1,6.666666269302e-2,3.333333432674e-1,2.666666805744e-1,6.666667014360e-2
326,4.000000059605e-1,2.666666805744e-1,6.666667014360e-2,4.000000357628e-1,2.666666805744e-1,6.666667759418e-2,4.000000059605e-1,2.666666805744e-1,6.666667014360e-2
327,4.666666686535e-1,2.666666805744e-1,6.666667014360e-2,4.666666686535e-1,2.666666805744e-1,6.666668504477e-2,4.666666686535e-1,2.666666805744e-1,6.666667014360e-2
328,5.333333611488e-1,2.666666805744e-1,6.666667014360e-2,5.333333611488e-1,2.666666805744e-1,6.666667014360e-2,5.333333611488e-1,2.666666805744e-1,6.666667014360e-2
329,6.000000238419e-1,2.666666805744e-1,6.666667014360e-2,6.000000238419e-1,2.666666507721e-1,6.666667759418e-2,6.000000238419e-1,2.666666805744e-1,6.666667014360e-2
330,6.666666865349e-1,2.666666805744e-1,6.666667014360e-2,6.666666865349e-1,2.666666805744e-1,6.666665524244e-2,6.666666865349e-1,2.666666805744e-1,6.666667014360e-2
331,7.333333492279e-1,2.666666805744e-1,6.666667014360e-2,7.333332896233e-1,2.666666805744e-1,6.666667759418e-2,7.333333492279e-1,2.666666805744e-1,6.666667014360e-2
332,8.000000119209e-1,2.666666805744e-1,6.666667014360e-2,8.000000119209e-1,2.666666805744e-1,6.666669994593e-2,8.000000119209e-1,2.666666805744e-1,6.666667014360e-2
333,8.666666746140e-1,2.666666805744e-1,6.666667014360e-2,8.666666150093e-1,2.666666805744e-1,6.666665524244e-2,8.666666746140e-1,2.666666805744e-1,6.666667014360e-2
334,9.333333373070e-1,2.666666805744e-1,6.666667014360e-2,9.333333373070e-1,2.666667103767e-1,6.666667759418e-2,9.333333373070e-1,2.666666805744e-1,6.666667014360e-2
335,1.000000000000e0,2.666666805744e-1,6.666667014360e-2,1.000000000000e0,2.666667103767e-1,6.666667014360e-2,1.000000000000e0,2.666666805744e-1,6.666667014360e-2
336,0.000000000000e0,3.333333432674e-1,6.666667014360e-2,0.000000000000e0,3.333333432674e-1,6.666667014360e-2,0.000000000000e0,3.333333432674e-1,6.666667014360e-2
337,6.666667014360e-2,3.333333432674e-1,6.666667014360e-2,6.666671484709e-2,3.333333730698e-1,6.666667014360e-2,6.666667014360e-2,3.333333432674e-1,6.666667014360e-2
338,1.333333402872e-1,3.333333432674e-1,6.666667014360e-2,1.333333551884e-1,3.333333432674e-1,6.666667759418e-2,1.333333402872e-1,3.333333432674e-1,6.666667014360e-2
339,2.000000029802e-1,3.333333432674e-1,6.666667014360e-2,2.000000029802e-1,3.333333432674e-1,6.666669249535e-2,2.000000029802e-1,3.333333432674e-1,6.666667014360e-2
340,2.666666805744e-1,3.333333432674e-1,6.666667014360e-2,2.666666805744e-1,3.333333432674e-1,6.666667014360e-2,2.666666805744e-1,3.333333432674e-1,6.666667014360e-2
341,3.333333432674e-1,3.333333432674e-1,6.666667014360e-2,3.333333432674e-1,3.333333432674e-1,6.666667759418e-2,3.333333432674e-1,3.333333432674e-1,6.666667014360e-2
342,4.000000059605e-1,3.333333432674e-1,6.666667014360e-2,4.000000357628e-1,3.333333432674e-1,6.666667014360e-2,4.000000059605e-1,3.333333432674e-1,6.666667014360e-2
343,4.666666686535e-1,3.333333432674e-1,6.666667014360e-2,4.666666686535e-1,3.333333432674e-1,6.666664779186e-2,4.666666686535e-1,3.333333432674e-1,6.666667014360e-2
344,5.333333611488e-1,3.333333432674e-1,6.666667014360e-2,5.333333611488e-1,3.333333432674e-1,6.666668504477e-2,5.333333611488e-1,3.333333432674e-1,6.666667014360e-2
345,6.000000238419e-1,3.333333432674e-1,6.666667014360e-2,6.000000238419e-1,3.333333432674e-1,6.666667014360e-2,6.000000238419e-1,3.333333432674e-1,6.666667014360e-2
346,6.666666865349e-1,3.333333432674e-1,6.666667014360e-2,6.666666865349e-1,3.333333432674e-1,6.666669994593e-2,6.666666865349e-1,3.333333432674e-1,6.666667014360e-2
347,7.333333492279e-1,3.333333432674e-1,6.666667014360e-2,7.333333492279e-1,3.333333432674e-1,6.666663289070e-2,7.333333492279e-1,3.333333432674e-1,6.666667014360e-2
348,8.000000119209e-1,3.333333432674e-1,6.666667014360e-2,8.000000119209e-1,3.333333432674e-1,6.666663289070e-2,8.000000119209e-1,3.333333432674e-1,6.666667014360e-2
349,8.666666746140e-1,3.333333432674e-1,6.666667014360e-2,8.666666746140e-1,3.333333432674e-1,6.666670739651e-2,8.666666746140e-1,3.333333432674e-1,6.666667014360e-2
350,9.333333373070e-1,3.333333432674e-1,6.666667014360e-2,9.333333373070e-1,3.333333432674e-1,6.666667014360e-2,9.333333373070e-1,3.333333432674e-1,6.666667014360e-2
351,1.000000000000e0,3.333333432674e-1,6.666667014360e-2,1.000000000000e0,3.333333134651e-1,6.666670739651e-2,1.000000000000e0,3.333333432674e-1,6.666667014360e-2
352,0.000000000000e0,4.000000059605e-1,6.666667014360e-2,1.353677347993e-8,4.000000059605e-1,6.666668504477e-2,0.000000000000e0,4.000000059605e-1,6.666667014360e-2
353,6.666667014360e-2,4.000000059605e-1,6.666667014360e-2,6.666667759418e-2,4.000000059605e-1,6.666667014360e-2,6.666667014360e-2,4.000000059605e-1,6.666667014360e-2
354,1.333333402872e-1,4.000000059605e-1,6.666667014360e-2,1.333333253860e-1,3.999999761581e-1,6.666667014360e-2,1.333333402872e-1,4.000000059605e-1,6.666667014360e-2
355,2.000000029802e-1,4.000000059605e-1,6.666667014360e-2,1.999999731779e-1,4.000000059605e-1,6.666669994593e-2,2.000000029802e-1,4.000000059605e-1,6.666667014360e-2
356,2.666666805744e-1,4.000000059605e-1,6.666667014360e-2,2.666666805744e-1,4.000000059605e-1,6.666669249535e-2,2.666666805744e-1,4.000000059605e-1,6.666667014360e-2
357,3.333333432674e-1,4.000000059605e-1,6.666667014360e-2,3.333333432674e-1,4.000000059605e-1,6.666665524244e-2,3.333333432674e-1,4.000000059605e-1,6.666667014360e-2
358,4.000000059605e-1,4.000000059605e-1,6.666667014360e-2,4.000000059605e-1,4.000000059605e-1,6.666668504477e-2,4.000000059605e-1,4.000000059605e-1,6.666667014360e-2
359,4.666666686535e-1,4.000000059605e-1,6.666667014360e-2,4.666666686535e-1,4.000000059605e-1,6.666665524244e-2,4.666666686535e-1,4.000000059605e-1,6.666667014360e-2
360,5.333333611488e-1,4.000000059605e-1,6.666667014360e-2,5.333333611488e-1,4.000000357628e-1,6.666667014360e-2,5.333333611488e-1,4.000000059605e-1,6.666667014360e-2
361,6.000000238419e-1,4.000000059605e-1,6.666667014360e-2,6.000000238419e-1,4.000000059605e-1,6.666667759418e-2,6.000000238419e-1,4.000000059605e-1,6.666667014360e-2
362,6.666666865349e-1,4.000000059605e-1,6.666667014360e-2,6.666666865349e-1,4.000000059605e-1,6.666668504477e-2,6.666666865349e-1,4.000000059605e-1,6.666667014360e-2
363,7.333333492279e-1,4.000000059605e-1,6.666667014360e-2,7.333333492279e-1,4.000000059605e-1,6.666666269302e-2,7.333333492279e-1,4.000000059605e-1,6.666667014360e-2
364,8.000000119209e-1,4.000000059605e-1,6.666667014360e-2,8.000000119209e-1,4.000000059605e-1,6.666667014360e-2,8.000000119209e-1,4.000000059605e-1,6.666667014360e-2
365,8.666666746140e-1,4.000000059605e-1,6.666667014360e-2,8.666666746140e-1,4.000000059605e-1,6.666663289070e-2,8.666666746140e-1,4.000000059605e-1,6.666667014360e-2
366,9.333333373070e-1,4.000000059605e-1,6.666667014360e-2,9.333333373070e-1,3.999999761581e-1,6.666665524244e-2,9.333333373070e-1,4.000000059605e-1,6.666667014360e-2
367,1.000000000000e0,4.000000059605e-1,6.666667014360e-2,1.000000000000e0,4.000000059605e-1,6.666670739651e-2,1.000000000000e0,4.000000059605e-1,6.666667014360e-2
368,0.000000000000e0,4.666666686535e-1,6.666667014360e-2,1.504085922477e-8,4.666666686535e-1,6.666666269302e-2,1.793010195358e-16,4.666666686535e-1,6.666667014360e-2
369,6.666667014360e-2,4.666666686535e-1,6.666667014360e-2,6.666666269302e-2,4.666666388512e-1,6.666668504477e-2,6.666667014360e-2,4.666666686535e-1,6.666667014360e-2
370,1.333333402872e-1,4.666666686535e-1,6.666667014360e-2,1.333333253860e-1,4.666666686535e-1,6.666668504477e-2,1.333333402872e-1,4.666666686535e-1,6.666667014360e-2
371,2.000000029802e-1,4.666666686535e-1,6.666667014360e-2,2.000000178814e-1,4.666666686535e-1,6.666667014360e-2,2.000000029802e-1,4.666666686535e-1,6.666667014360e-2
372,2.666666805744e-1,4.666666686535e-1,6.666667014360e-2,2.666667103767e-1,4.666666686535e-1,6.666668504477e-2,2.666666805744e-1,4.666666686535e-1,6.666667014360e-2
373,3.333333432674e-1,4.666666686535e-1,6.666667014360e-2,3.333333432674e-1,4.666666686535e-1,6.666665524244e-2,3.333333432674e-1,4.666666686535e-1,6.666667014360e-2
374,4.000000059605e-1,4.666666686535e-1,6.666667014360e-2,4.000000059605e-1,4.666666686535e-1,6.666669994593e-2,4.000000059605e-1,4.666666686535e-1,6.666667014360e-2
375,4.666666686535e-1,4.666666686535e-1,6.666667014360e-2,4.666666686535e-1,4.666666686535e-1,6.666667759418e-2,4.666666686535e-1,4.666666686535e-1,6.666667014360e-2
376,5.333333611488e-1,4.666666686535e-1,6.666667014360e-2,5.333333611488e-1,4.666666686535e-1,6.666669994593e-2,5.333333611488e-1,4.666666686535e-1,6.666667014360e-2
377,6.000000238419e-1,4.666666686535e-1,6.666667014360e-2,6.000000238419e-1,4.666666686535e-1,6.666666269302e-2,6.000000238419e-1,4.666666686535e-1,6.666667014360e-2
378,6.666666865349e-1,4.666666686535e-1,6.666667014360e-2,6.666666865349e-1,4.666666686535e-1,6.666667014360e-2,6.666666865349e-1,4.666666686535e-1,6.666667014360e-2
379,7.333333492279e-1,4.666666686535e-1,6.666667014360e-2,7.333333492279e-1,4.666666686535e-1,6.666666269302e-2,7.333333492279e-1,4.666666686535e-1,6.666667014360e-2
380,8.000000119209e-1,4.666666686535e-1,6.666667014360e-2,8.000000119209e-1,4.666666686535e-1,6.666667014360e-2,8.000000119209e-1,4.666666686535e-1,6.666667014360e-2
381,8.666666746140e-1,4.666666686535e-1,6.666667014360e-2,8.666666746140e-1,4.666666686535e-1,6.666667014360e-2,8.666666746140e-1,4.666666686535e-1,6.666667014360e-2
382,9.333333373070e-1,4.666666686535e-1,6.666667014360e-2,9.333333373070e-1,4.666666686535e-1,6.666667014360e-2,9.333333373070e-1,4.666666686535e-1,6.666667014360e-2
383,1.000000000000e0,4.666666686535e-1,6.666667014360e-2,1.000000000000e0,4.666666984558e-1,6.666671484709e-2,1.000000000000e0,4.666666686535e-1,6.666667014360e-2
384,0.000000000000e0,5.333333611488e-1,6.666667014360e-2,0.000000000000e0,5.333333611488e-1,6.666669249535e-2,0.000000000000e0,5.333333611488e-1,6.666667014360e-2
385,6.666667014360e-2,5.333333611488e-1,6.666667014360e-2,6.666672974825e-2,5.333333611488e-1,6.666669994593e-2,6.666667014360e-2,5.333333611488e-1,6.666667014360e-2
386,1.333333402872e-1,5.333333611488e-1,6.666667014360e-2,1.333333104849e-1,5.333333611488e-1,6.666667014360e-2,1.333333402872e-1,5.333333611488e-1,6.666667014360e-2
387,2.000000029802e-1,5.333333611488e-1,6.666667014360e-2,1.999999731779e-1,5.333333611488e-1,6.666668504477e-2,2.000000029802e-1,5.333333611488e-1,6.666667014360e-2
388,2.666666805744e-1,5.333333611488e-1,6.666667014360e-2,2.666667401791e-1,5.333333611488e-1,6.666668504477e-2,2.666666805744e-1,5.333333611488e-1,6.666667014360e-2
389,3.333333432674e-1,5.333333611488e-1,6.666667014360e-2,3.333333432674e-1,5.333333611488e-1,6.666665524244e-2,3.333333432674e-1,5.333333611488e-1,6.666667014360e-2
390,4.000000059605e-1,5.333333611488e-1,6.666667014360e-2,4.000000059605e-1,5.333333611488e-1,6.666667014360e-2,4.000000059605e-1,5.333333611488e-1,6.666667014360e-2
391,4.666666686535e-1,5.333333611488e-1,6.666667014360e-2,4.666666686535e-1,5.333333611488e-1,6.666672974825e-2,4.666666686535e-1,5.333333611488e-1,6.666667014360e-2
392,5.333333611488e-1,5.333333611488e-1,6.666667014360e-2,5.333333611488e-1,5.333333611488e-1,6.666666269302e-2,5.333333611488e-1,5.333333611488e-1,6.666667014360e-2
393,6.000000238419e-1,5.333333611488e-1,6.666667014360e-2,6.000000238419e-1,5.333333611488e-1,6.666669994593e-2,6.000000238419e-1,5.333333611488e-1,6.666667014360e-2
394,6.666666865349e-1,5.333333611488e-1,6.666667014360e-2,6.666666865349e-1,5.333333611488e-1,6.666668504477e-2,6.666666865349e-1,5.333333611488e-1,6.666667014360e-2
395,7.333333492279e-1,5.333333611488e-1,6.666667014360e-2,7.333333492279e-1,5.333333611488e-1,6.666665524244e-2,7.333333492279e-1,5.333333611488e-1,6.666667014360e-2
396,8.000000119209e-1,5.333333611488e-1,6.666667014360e-2,8.000000119209e-1,5.333333611488e-1,6.666667014360e-2,8.000000119209e-1,5.333333611488e-1,6.666667014360e-2
397,8.666666746140e-1,5.333333611488e-1,6.666667014360e-2,8.666666746140e-1,5.333333611488e-1,6.666663289070e-2,8.666666746140e-1,5.333333611488e-1,6.666667014360e-2
398,9.333333373070e-1,5.333333611488e-1,6.666667014360e-2,9.333333373070e-1,5.333333611488e-1,6.666667014360e-2,9.333333373070e-1,5.333333611488e-1,6.666667014360e-2
399,1.000000000000e0,5.333333611488e-1,6.666667014360e-2,1.000000000000e0,5.333333611488e-1,6.666734814644e-2,1.000000000000e0,5.333333611488e-1,6.666667014360e-2
400,0.000000000000e0,6.000000238419e-1,6.666667014360e-2,1.917709653299e-7,6.000000238419e-1,6.666667014360e-2,1.764994448278e-16,6.000000238419e-1,6.666667014360e-2
401,6.666667014360e-2,6.000000238419e-1,6.666667014360e-2,6.666666269302e-2,6.000000238419e-1,6.666668504477e-2,6.666667014360e-2,6.000000238419e-1,6.666667014360e-2
402,1.333333402872e-1,6.000000238419e-1,6.666667014360e-2,1.333333402872e-1,6.000000238419e-1,6.666663289070e-2,1.333333402872e-1,6.000000238419e-1,6.666667014360e-2
403,2.000000029802e-1,6.000000238419e-1,6.666667014360e-2,2.000000029802e-1,6.000000238419e-1,6.666666269302e-2,2.000000029802e-1,6.000000238419e-1,6.666667014360e-2
404,2.666666805744e-1,6.000000238419e-1,6.666667014360e-2,2.666666805744e-1,6.000000238419e-1,6.666667759418e-2,2.666666805744e-1,6.000000238419e-1,6.666667014360e-2
405,3.333333432674e-1,6.000000238419e-1,6.666667014360e-2,3.333333432674e-1,6.000000238419e-1,6.666663289070e-2,3.333333432674e-1,6.000000238419e-1,6.666667014360e-2
406,4.000000059605e-1,6.000000238419e-1,6.666667014360e-2,3.999999761581e-1,6.000000238419e-1,6.666667014360e-2,4.000000059605e-1,6.000000238419e-1,6.666667014360e-2
407,4.666666686535e-1,6.000000238419e-1,6.666667014360e-2,4.666666984558e-1,6.000000238419e-1,6.666667759418e-2,4.666666686535e-1,6.000000238419e-1,6.666667014360e-2
408,5.333333611488e-1,6.000000238419e-1,6.666667014360e-2,5.333333611488e-1,6.000000238419e-1,6.666669994593e-2,5.333333611488e-1,6.000000238419e-1,6.666667014360e-2
409,6.000000238419e-1,6.000000238419e-1,6.666667014360e-2,6.000000238419e-1,6.000000238419e-1,6.666673719883e-2,6.000000238419e-1,6.000000238419e-1,6.666667014360e-2
410,6.666666865349e-1,6.000000238419e-1,6.666667014360e-2,6.666666865349e-1,6.000000238419e-1,6.666669994593e-2,6.666666865349e-1,6.000000238419e-1,6.666667014360e-2
411,7.333333492279e-1,6.000000238419e-1,6.666667014360e-2,7.333333492279e-1,6.000000238419e-1,6.666672229767e-2,7.333333492279e-1,6.000000238419e-1,6.666667014360e-2
412,8.000000119209e-1,6.000000238419e-1,6.666667014360e-2,7.999999523163e-1,6.000000238419e-1,6.666667014360e-2,8.000000119209e-1,6.000000238419e-1,6.666667014360e-2
413,8.666666746140e-1,6.000000238419e-1,6.666667014360e-2,8.666666746140e-1,6.000000238419e-1,6.666667014360e-2,8.666666746140e-1,6.000000238419e-1,6.666667014360e-2
414,9.333333373070e-1,6.000000238419e-1,6.666667014360e-2,9.333333373070e-1,6.000000238419e-1,6.666667759418e-2,9.333333373070e-1,6.000000238419e-1,6.666667014360e-2
415,1.000000000000e0,6.000000238419e-1,6.666667014360e-2,1.000000000000e0,6.000000238419e-1,6.666748225689e-2,1.000000000000e0,6.000000238419e-1,6.666667014360e-2
416,0.000000000000e0,6.666666865349e-1,6.666667014360e-2,6.775907195333e-7,6.666666865349e-1,6.666667759418e-2,2.745546919544e-16,6.666666865349e-1,6.666667014360e-2
417,6.666667014360e-2,6.666666865349e-1,6.666667014360e-2,6.666681915522e-2,6.666666269302e-1,6.666667014360e-2,6.666667014360e-2,6.666666865349e-1,6.666667014360e-2
418,1.333333402872e-1,6.666666865349e-1,6.666667014360e-2,1.333333551884e-1,6.666666865349e-1,6.666672974825e-2,1.333333402872e-1,6.666666865349e-1,6.666667014360e-2
419,2.000000029802e-1,6.666666865349e-1,6.666667014360e-2,2.000000029802e-1,6.666666865349e-1,6.666664779186e-2,2.000000029802e-1,6.666666865349e-1,6.666667014360e-2
420,2.666666805744e-1,6.666666865349e-1,6.666667014360e-2,2.666666805744e-1,6.666666865349e-1,6.666674464941e-2,2.666666805744e-1,6.666666865349e-1,6.666667014360e-2
421,3.333333432674e-1,6.666666865349e-1,6.666667014360e-2,3.333333432674e-1,6.666666865349e-1,6.666666269302e-2,3.333333432674e-1,6.666666865349e-1,6.666667014360e-2
422,4.000000059605e-1,6.666666865349e-1,6.666667014360e-2,3.999999761581e-1,6.666666865349e-1,6.666661798954e-2,4.000000059605e-1,6.666666865349e-1,6.666667014360e-2
423,4.666666686535e-1,6.666666865349e-1,6.666667014360e-2,4.666666984558e-1,6.666666865349e-1,6.666667759418e-2,4.666666686535e-1,6.666666865349e-1,6.666667014360e-2
424,5.333333611488e-1,6.666666865349e-1,6.666667014360e-2,5.333333611488e-1,6.666666865349e-1,6.666666269302e-2,5.333333611488e-1,6.666666865349e-1,6.666667014360e-2
425,6.000000238419e-1,6.666666865349e-1,6.666667014360e-2,6.000000238419e-1,6.666666865349e-1,6.666667014360e-2,6.000000238419e-1,6.666666865349e-1,6.666667014360e-2
426,6.666666865349e-1,6.666666865349e-1,6.666667014360e-2,6.666666865349e-1,6.666666865349e-1,6.666673719883e-2,6.666666865349e-1,6.666666865349e-1,6.666667014360e-2
427,7.333333492279e-1,6.666666865349e-1,6.666667014360e-2,7.333333492279e-1,6.666666865349e-1,6.666667014360e-2,7.333333492279e-1,6.666666865349e-1,6.666667014360e-2
428,8.000000119209e-1,6.666666865349e-1,6.666667014360e-2,8.000000119209e-1,6.666666865349e-1,6.666667014360e-2,8.000000119209e-1,6.666666865349e-1,6.666667014360e-2
429,8.666666746140e-1,6.666666865349e-1,6.666667014360e-2,8.666666746140e-1,6.666666865349e-1,6.666673719883e-2,8.666666746140e-1,6.666666865349e-1,6.666667014360e-2
430,9.333333373070e-1,6.666666865349e-1,6.666667014360e-2,9.333333373070e-1,6.666666865349e-1,6.666665524244e-2,9.333333373070e-1,6.666666865349e-1,6.666667014360e-2
431,1.000000000000e0,6.666666865349e-1,6.666667014360e-2,1.000000000000e0,6.666666865349e-1,6.666772067547e-2,1.000000000000e0,6.666666865349e-1,6.666667014360e-2
432,0.000000000000e0,7.333333492279e-1,6.666667014360e-2,1.338636508308e-7,7.333333492279e-1,6.666673719883e-2,7.172040781430e-16,7.333333492279e-1,6.666667014360e-2
433,6.666667014360e-2,7.333333492279e-1,6.666667014360e-2,6.666669249535e-2,7.333333492279e-1,6.666668504477e-2,6.666667014360e-2,7.333333492279e-1,6.666667014360e-2
434,1.333333402872e-1,7.333333492279e-1,6.666667014360e-2,1.333333700895e-1,7.333333492279e-1,6.666667014360e-2,1.333333402872e-1,7.333333492279e-1,6.666667014360e-2
435,2.000000029802e-1,7.333333492279e-1,6.666667014360e-2,2.000000327826e-1,7.333333492279e-1,6.666666269302e-2,2.000000029802e-1,7.333333492279e-1,6.666667014360e-2
436,2.666666805744e-1,7.333333492279e-1,6.666667014360e-2,2.666666507721e-1,7.333333492279e-1,6.666667014360e-2,2.666666805744e-1,7.333333492279e-1,6.666667014360e-2
437,3.333333432674e-1,7.333333492279e-1,6.666667014360e-2,3.333333134651e-1,7.333332896233e-1,6.666664779186e-2,3.333333432674e-1,7.333333492279e-1,6.666667014360e-2
438,4.000000059605e-1,7.333333492279e-1,6.666667014360e-2,4.000000059605e-1,7.333333492279e-1,6.666667014360e-2,4.000000059605e-1,7.333333492279e-1,6.666667014360e-2
439,4.666666686535e-1,7.333333492279e-1,6.666667014360e-2,4.666666686535e-1,7.333332896233e-1,6.666661798954e-2,4.666666686535e-1,7.333333492279e-1,6.666667014360e-2
440,5.333333611488e-1,7.333333492279e-1,6.666667014360e-2,5.333334207535e-1,7.333333492279e-1,6.666668504477e-2,5.333333611488e-1,7.333333492279e-1,6.666667014360e-2
441,6.000000238419e-1,7.333333492279e-1,6.666667014360e-2,6.000000238419e-1,7.333333492279e-1,6.666663289070e-2,6.000000238419e-1,7.333333492279e-1,6.666667014360e-2
442,6.666666865349e-1,7.333333492279e-1,6.666667014360e-2,6.666666865349e-1,7.333333492279e-1,6.666666269302e-2,6.666666865349e-1,7.333333492279e-1,6.666667014360e-2
443,7.333333492279e-1,7.333333492279e-1,6.666667014360e-2,7.333333492279e-1,7.333332896233e-1,6.666660308838e-2,7.333333492279e-1,7.333333492279e-1,6.666667014360e-2
444,8.000000119209e-1,7.333333492279e-1,6.666667014360e-2,8.000000119209e-1,7.333333492279e-1,6.666667014360e-2,8.000000119209e-1,7.333333492279e-1,6.666667014360e-2
445,8.666666746140e-1,7.333333492279e-1,6.666667014360e-2,8.666666150093e-1,7.333332896233e-1,6.666667014360e-2,8.666666746140e-1,7.333333492279e-1,6.666667014360e-2
446,9.333333373070e-1,7.333333492279e-1,6.666667014360e-2,9.333333373070e-1,7.333332896233e-1,6.666660308838e-2,9.333333373070e-1,7.333333492279e-1,6.666667014360e-2
447,1.000000000000e0,7.333333492279e-1,6.666667014360e-2,1.000000000000e0,7.333333492279e-1,6.666814535856e-2,1.000000000000e0,7.333333492279e-1,6.666667014360e-2
448,0.000000000000e0,8.000000119209e-1,6.666667014360e-2,2.767518196833e-7,7.999999523163e-1,6.666664779186e-2,0.000000000000e0,8.000000119209e-1,6.666667014360e-2
449,6.666667014360e-2,8.000000119209e-1,6.666667014360e-2,6.666667759418e-2,8.000000119209e-1,6.666666269302e-2,6.666667014360e-2,8.000000119209e-1,6.666667014360e-2
450,1.333333402872e-1,8.000000119209e-1,6.666667014360e-2,1.333333551884e-1,8.000000119209e-1,6.666666269302e-2,1.333333402872e-1,8.000000119209e-1,6.666667014360e-2
451,2.000000029802e-1,8.000000119209e-1,6.666667014360e-2,2.000000029802e-1,8.000000119209e-1,6.666667759418e-2,2.000000029802e-1,8.000000119209e-1,6.666667014360e-2
452,2.666666805744e-1,8.000000119209e-1,6.666667014360e-2,2.666666209698e-1,8.000000119209e-1,6.666664034128e-2,2.666666805744e-1,8.000000119209e-1,6.666667014360e-2
453,3.333333432674e-1,8.000000119209e-1,6.666667014360e-2,3.333333432674e-1,8.000000119209e-1,6.666667014360e-2,3.333333432674e-1,8.000000119209e-1,6.666667014360e-2
454,4.000000059605e-1,8.000000119209e-1,6.666667014360e-2,4.000000059605e-1,8.000000119209e-1,6.666667014360e-2,4.000000059605e-1,8.000000119209e-1,6.666667014360e-2
455,4.666666686535e-1,8.000000119209e-1,6.666667014360e-2,4.666666388512e-1,7.999999523163e-1,6.666667014360e-2,4.666666686535e-1,8.000000119209e-1,6.666667014360e-2
456,5.333333611488e-1,8.000000119209e-1,6.666667014360e-2,5.333333611488e-1,8.000000119209e-1,6.666667014360e-2,5.333333611488e-1,8.000000119209e-1,6.666667014360e-2
457,6.000000238419e-1,8.000000119209e-1,6.666667014360e-2,6.000000238419e-1,8.000000119209e-1,6.666664779186e-2,6.000000238419e-1,8.000000119209e-1,6.666667014360e-2
458,6.666666865349e-1,8.000000119209e-1,6.666667014360e-2,6.666666865349e-1,8.000000119209e-1,6.666673719883e-2,6.666666865349e-1,8.000000119209e-1,6.666667014360e-2
459,7.333333492279e-1,8.000000119209e-1,6.666667014360e-2,7.333333492279e-1,8.000000715256e-1,6.666667014360e-2,7.333333492279e-1,8.000000119209e-1,6.666667014360e-2
460,8.000000119209e-1,8.000000119209e-1,6.666667014360e-2,8.000000715256e-1,8.000000119209e-1,6.666673719883e-2,8.000000119209e-1,8.000000119209e-1,6.666667014360e-2
461,8.666666746140e-1,8.000000119209e-1,6.666667014360e-2,8.666666746140e-1,7.999999523163e-1,6.666667014360e-2,8.666666746140e-1,8.000000119209e-1,6.666667014360e-2
462,9.333333373070e-1,8.000000119209e-1,6.666667014360e-2,9.333333373070e-1,8.000000119209e-1,6.666666269302e-2,9.333333373070e-1,8.000000119209e-1,6.666667014360e-2
463,1.000000000000e0,8.000000119209e-1,6.666667014360e-2,1.000000000000e0,8.000000119209e-1,6.666673719883e-2,1.000000000000e0,8.000000119209e-1,6.666667014360e-2
464,0.000000000000e0,8.666666746140e-1,6.666667014360e-2,1.240870872721e-8,8.666667342186e-1,6.666663289070e-2,2.241262744197e-17,8.666666746140e-1,6.666667014360e-2
465,6.666667014360e-2,8.666666746140e-1,6.666667014360e-2,6.666664779186e-2,8.666666746140e-1,6.666667759418e-2,6.666667014360e-2,8.666666746140e-1,6.666667014360e-2
466,1.333333402872e-1,8.666666746140e-1,6.666667014360e-2,1.333332061768e-1,8.666667342186e-1,6.666664034128e-2,1.333333402872e-1,8.666666746140e-1,6.666667014360e-2
467,2.000000029802e-1,8.666666746140e-1,6.666667014360e-2,1.999999880791e-1,8.666666746140e-1,6.666665524244e-2,2.000000029802e-1,8.666666746140e-1,6.666667014360e-2
468,2.666666805744e-1,8.666666746140e-1,6.666667014360e-2,2.666666805744e-1,8.666667342186e-1,6.666660308838e-2,2.666666805744e-1,8.666666746140e-1,6.666667014360e-2
469,3.333333432674e-1,8.666666746140e-1,6.666667014360e-2,3.333333432674e-1,8.666666746140e-1,6.666667759418e-2,3.333333432674e-1,8.666666746140e-1,6.666667014360e-2
470,4.000000059605e-1,8.666666746140e-1,6.666667014360e-2,3.999999761581e-1,8.666666746140e-1,6.666667014360e-2,4.000000059605e-1,8.666666746140e-1,6.666667014360e-2
471,4.666666686535e-1,8.666666746140e-1,6.666667014360e-2,4.666666984558e-1,8.666666746140e-1,6.666660308838e-2,4.666666686535e-1,8.666666746140e-1,6.666667014360e-2
472,5.333333611488e-1,8.666666746140e-1,6.666667014360e-2,5.333334207535e-1,8.666666746140e-1,6.666658818722e-2,5.333333611488e-1,8.666666746140e-1,6.666667014360e-2
473,6.000000238419e-1,8.666666746140e-1,6.666667014360e-2,6.000000238419e-1,8.666666150093e-1,6.666666269302e-2,6.000000238419e-1,8.666666746140e-1,6.666667014360e-2
474,6.666666865349e-1,8.666666746140e-1,6.666667014360e-2,6.666666865349e-1,8.666666746140e-1,6.666667014360e-2,6.666666865349e-1,8.666666746140e-1,6.666667014360e-2
475,7.333333492279e-1,8.666666746140e-1,6.666667014360e-2,7.333333492279e-1,8.666666746140e-1,6.666668504477e-2,7.333333492279e-1,8.666666746140e-1,6.666667014360e-2
476,8.000000119209e-1,8.666666746140e-1,6.666667014360e-2,8.000000119209e-1,8.666666746140e-1,6.666671484709e-2,8.000000119209e-1,8.666666746140e-1,6.666667014360e-2
477,8.666666746140e-1,8.666666746140e-1,6.666667014360e-2,8.666667342186e-1,8.666666746140e-1,6.666665524244e-2,8.666666746140e-1,8.666666746140e-1,6.666667014360e-2
478,9.333333373070e-1,8.666666746140e-1,6.666667014360e-2,9.333333373070e-1,8.666666746140e-1,6.666668504477e-2,9.333333373070e-1,8.666666746140e-1,6.666667014360e-2
479,1.000000000000e0,8.666666746140e-1,6.666667014360e-2,1.000000000000e0,8.666666746140e-1,6.666667014360e-2,1.000000000000e0,8.666666746140e-1,6.666667014360e-2
480,0.000000000000e0,9.333333373070e-1,6.666667014360e-2,0.000000000000e0,9.333333373070e-1,6.666728109121e-2,2.451381178164e-17,9.333333373070e-1,6.666667014360e-2
481,6.666667014360e-2,9.333333373070e-1,6.666667014360e-2,6.666647642851e-2,9.333333373070e-1,6.666669249535e-2,6.666667014360e-2,9.333333373070e-1,6.666667014360e-2
482,1.333333402872e-1,9.333333373070e-1,6.666667014360e-2,1.333333849907e-1,9.333333373070e-1,6.666666269302e-2,1.333333402872e-1,9.333333373070e-1,6.666667014360e-2
483,2.000000029802e-1,9.333333373070e-1,6.666667014360e-2,1.999999880791e-1,9.333333373070e-1,6.666667014360e-2,2.000000029802e-1,9.333333373070e-1,6.666667014360e-2
484,2.666666805744e-1,9.333333373070e-1,6.666667014360e-2,2.666666507721e-1,9.333333373070e-1,6.666670739651e-2,2.666666805744e-1,9.333333373070e-1,6.666667014360e-2
485,3.333333432674e-1,9.333333373070e-1,6.666667014360e-2,3.333333134651e-1,9.333333373070e-1,6.666656583548e-2,3.333333432674e-1,9.333333373070e-1,6.666667014360e-2
486,4.000000059605e-1,9.333333373070e-1,6.666667014360e-2,3.999999463558e-1,9.333333373070e-1,6.666667759418e-2,4.000000059605e-1,9.333333373070e-1,6.666667014360e-2
487,4.666666686535e-1,9.333333373070e-1,6.666667014360e-2,4.666666686535e-1,9.333333373070e-1,6.666667759418e-2,4.666666686535e-1,9.333333373070e-1,6.666667014360e-2
488,5.333333611488e-1,9.333333373070e-1,6.666667014360e-2,5.333333611488e-1,9.333333969116e-1,6.666667014360e-2,5.333333611488e-1,9.333333373070e-1,6.666667014360e-2
489,6.000000238419e-1,9.333333373070e-1,6.666667014360e-2,6.000000238419e-1,9.333333969116e-1,6.666663289070e-2,6.000000238419e-1,9.333333373070e-1,6.666667014360e-2
490,6.666666865349e-1,9.333333373070e-1,6.666667014360e-2,6.666666269302e-1,9.333333373070e-1,6.666661053896e-2,6.666666865349e-1,9.333333373070e-1,6.666667014360e-2
491,7.333333492279e-1,9.333333373070e-1,6.666667014360e-2,7.333333492279e-1,9.333333373070e-1,6.666656583548e-2,7.333333492279e-1,9.333333373070e-1,6.666667014360e-2
492,8.000000119209e-1,9.333333373070e-1,6.666667014360e-2,8.000000119209e-1,9.333333373070e-1,6.666660308838e-2,8.000000119209e-1,9.333333373070e-1,6.666667014360e-2
493,8.666666746140e-1,9.333333373070e-1,6.666667014360e-2,8.666666746140e-1,9.333333373070e-1,6.666667014360e-2,8.666666746140e-1,9.333333373070e-1,6.666667014360e-2
494,9.333333373070e-1,9.333333373070e-1,6.666667014360e-2,9.333333373070e-1,9.333333373070e-1,6.666667014360e-2,9.333333373070e-1,9.333333373070e-1,6.666667014360e-2
495,1.000000000000e0,9.333333373070e-1,6.666667014360e-2,9.999999403954e-1,9.333333373070e-1,6.666672229767e-2,1.000000000000e0,9.333333373070e-1,6.666667014360e-2
496,0.000000000000e0,1.000000000000e0,6.666667014360e-2,1.740861961252e-7,1.000000000000e0,6.666661053896e-2,0.000000000000e0,1.000000000000e0,6.666667014360e-2
497,6.666667014360e-2,1.000000000000e0,6.666667014360e-2,6.666943430901e-2,1.000000000000e0,6.666938960552e-2,6.666667014360e-2,1.000000000000e0,6.666667014360e-2
498,1.333333402872e-1,1.000000000000e0,6.666667014360e-2,1.333333700895e-1,1.000000000000e0,6.666671484709e-2,1.333333402872e-1,1.000000000000e0,6.666667014360e-2
499,2.000000029802e-1,1.000000000000e0,6.666667014360e-2,2.000000327826e-1,1.000000000000e0,6.666661053896e-2,2.000000029802e-1,1.000000000000e0,6.666667014360e-2
500,2.666666805744e-1,1.000000000000e0,6.666667014360e-2,2.666665613651e-1,1.000000000000e0,6.666667014360e-2,2.666666805744e-1,1.000000000000e0,6.666667014360e-2
501,3.333333432674e-1,1.000000000000e0,6.666667014360e-2,3.333332836628e-1,1.000000000000e0,6.666667014360e-2,3.333333432674e-1,1.000000000000e0,6.666667014360e-2
502,4.000000059605e-1,1.000000000000e0,6.666667014360e-2,4.000003635883e-1,1.000000000000e0,6.666982918978e-2,4.000000059605e-1,1.000000000000e0,6.666667014360e-2
503,4.666666686535e-1,1.000000000000e0,6.666667014360e-2,4.666666686535e-1,9.999999403954e-1,6.666658818722e-2,4.666666686535e-1,1.000000000000e0,6.666667014360e-2
504,5.333333611488e-1,1.000000000000e0,6.666667014360e-2,5.333333611488e-1,1.000000000000e0,6.666665524244e-2,5.333333611488e-1,1.000000000000e0,6.666667014360e-2
505,6.000000238419e-1,1.000000000000e0,6.666667014360e-2,6.000000238419e-1,1.000000000000e0,6.666667014360e-2,6.000000238419e-1,1.000000000000e0,6.666667014360e-2
506,6.666666865349e-1,1.000000000000e0,6.666667014360e-2,6.666667461395e-1,1.000000000000e0,6.666668504477e-2,6.666666865349e-1,1.000000000000e0,6.666667014360e-2
507,7.333333492279e-1,1.000000000000e0,6.666667014360e-2,7.333334088326e-1,1.000000000000e0,6.666668504477e-2,7.333333492279e-1,1.000000000000e0,6.666667014360e-2
508,8.000000119209e-1,1.000000000000e0,6.666667014360e-2,8.000000119209e-1,1.000000000000e0,6.666661798954e-2,8.000000119209e-1,1.000000000000e0,6.666667014360e-2
509,8.666666746140e-1,1.000000000000e0,6.666667014360e-2,8.666666746140e-1,1.000000000000e0,6.666667014360e-2,8.666666746140e-1,1.000000000000e0,6.666667014360e-2
510,9.333333373070e-1,1.000000000000e0,6.666667014360e-2,9.333333373070e-1,1.000000000000e0,6.666658073664e-2,9.333333373070e-1,1.000000000000e0,6.666667014360e-2
511,1.000000000000e0,1.000000000000e0,6.666667014360e-2,9.999999403954e-1,1.000000000000e0,6.666665524244e-2,1.000000000000e0,1.000000000000e0,6.666667014360e-2
512,0.000000000000e0,0.000000000000e0,1.333333402872e-1,0.000000000000e0,0.000000000000e0,1.333333402872e-1,2.801578430246e-18,0.000000000000e0,1.333333402872e-1
513,6.666667014360e-2,0.000000000000e0,1.333333402872e-1,6.666666269302e-2,1.504085966886e-9,1.333333402872e-1,6.666667014360e-2,0.000000000000e0,1.333333402872e-1
514,1.333333402872e-1,0.000000000000e0,1.333333402872e-1,1.333333402872e-1,0.000000000000e0,1.333333402872e-1,1.333333402872e-1,0.000000000000e0,1.333333402872e-1
515,2.000000029802e-1,0.000000000000e0,1.333333402872e-1,2.000000029802e-1,3.008171933772e-9,1.333333402872e-1,2.000000029802e-1,0.000000000000e0,1.333333402872e-1
516,2.666666805744e-1,0.000000000000e0,1.333333402872e-1,2.666666805744e-1,0.000000000000e0,1.333333402872e-1,2.666666805744e-1,0.000000000000e0,1.333333402872e-1
517,3.333333432674e-1,0.000000000000e0,1.333333402872e-1,3.333333432674e-1,0.000000000000e0,1.333333253860e-1,3.333333432674e-1,5.603156860492e-18,1.333333402872e-1
518,4.000000059605e-1,0.000000000000e0,1.333333402872e-1,4.000000059605e-1,0.000000000000e0,1.333333253860e-1,4.000000059605e-1,1.120631372098e-17,1.333333402872e-1
519,4.666666686535e-1,0.000000000000e0,1.333333402872e-1,4.666666686535e-1,0.000000000000e0,1.333333402872e-1,4.666666686535e-1,2.801578430246e-18,1.333333402872e-1
520,5.333333611488e-1,0.000000000000e0,1.333333402872e-1,5.333333611488e-1,7.520429612384e-9,1.333333402872e-1,5.333333611488e-1,2.801578347528e-17,1.333333402872e-1
521,6.000000238419e-1,0.000000000000e0,1.333333402872e-1,6.000000238419e-1,6.016343867543e-9,1.333333402872e-1,6.000000238419e-1,0.000000000000e0,1.333333402872e-1
522,6.666666865349e-1,0.000000000000e0,1.333333402872e-1,6.666666865349e-1,0.000000000000e0,1.333333551884e-1,6.666666865349e-1,0.000000000000e0,1.333333402872e-1
523,7.333333492279e-1,0.000000000000e0,1.333333402872e-1,7.333333492279e-1,1.729698873021e-8,1.333333402872e-1,7.333333492279e-1,5.603156695056e-17,1.333333402872e-1
524,8.000000119209e-1,0.000000000000e0,1.333333402872e-1,8.000000119209e-1,1.203268773509e-8,1.333333402872e-1,8.000000119209e-1,4.202367438574e-18,1.333333402872e-1
525,8.666666746140e-1,0.000000000000e0,1.333333402872e-1,8.666666746140e-1,0.000000000000e0,1.333333402872e-1,8.666666746140e-1,0.000000000000e0,1.333333402872e-1
526,9.333333373070e-1,0.000000000000e0,1.333333402872e-1,9.333333373070e-1,0.000000000000e0,1.333333551884e-1,9.333333373070e-1,0.000000000000e0,1.333333402872e-1
527,1.000000000000e0,0.000000000000e0,1.333333402872e-1,1.000000000000e0,3.760214917214e-10,1.333333402872e-1,1.000000000000e0,2.626479804205e-18,1.333333402872e-1
528,0.000000000000e0,6.666667014360e-2,1.333333402872e-1,4.512257678613e-9,6.666667759418e-2,1.333333402872e-1,0.000000000000e0,6.666667014360e-2,1.333333402872e-1
529,6.666667014360e-2,6.666667014360e-2,1.333333402872e-1,6.666667759418e-2,6.666667014360e-2,1.333333402872e-1,6.666667014360e-2,6.666667014360e-2,1.333333402872e-1
530,1.333333402872e-1,6.666667014360e-2,1.333333402872e-1,1.333333402872e-1,6.666667014360e-2,1.333333402872e-1,1.333333402872e-1,6.666667014360e-2,1.333333402872e-1
531,2.000000029802e-1,6.666667014360e-2,1.333333402872e-1,2.000000029802e-1,6.666668504477e-2,1.333333402872e-1,2.000000029802e-1,6.666667014360e-2,1.333333402872e-1
532,2.666666805744e-1,6.666667014360e-2,1.333333402872e-1,2.666666805744e-1,6.666666269302e-2,1.333333551884e-1,2.666666805744e-1,6.666667014360e-2,1.333333402872e-1
533,3.333333432674e-1,6.666667014360e-2,1.333333402872e-1,3.333333432674e-1,6.666667014360e-2,1.333333402872e-1,3.333333432674e-1,6.666667014360e-2,1.333333402872e-1
534,4.000000059605e-1,6.666667014360e-2,1.333333402872e-1,4.000000059605e-1,6.666667014360e-2,1.333333402872e-1,4.000000059605e-1,6.666667014360e-2,1.333333402872e-1
535,4.666666686535e-1,6.666667014360e-2,1.333333402872e-1,4.666666984558e-1,6.666667759418e-2,1.333333402872e-1,4.666666686535e-1,6.666667014360e-2,1.333333402872e-1
536,5.333333611488e-1,6.666667014360e-2,1.333333402872e-1,5.333333611488e-1,6.666667759418e-2,1.333333402872e-1,5.333333611488e-1,6.666667014360e-2,1.333333402872e-1
537,6.000000238419e-1,6.666667014360e-2,1.333333402872e-1,6.000000238419e-1,6.666667014360e-2,1.333333402872e-1,6.000000238419e-1,6.666667014360e-2,1.333333402872e-1
538,6.666666865349e-1,6.666667014360e-2,1.333333402872e-1,6.666666865349e-1,6.666667759418e-2,1.333333253860e-1,6.666666865349e-1,6.666667014360e-2,1.333333402872e-1
539,7.333333492279e-1,6.666667014360e-2,1.333333402872e-1,7.333333492279e-1,6.666665524244e-2,1.333333402872e-1,7.333333492279e-1,6.666667014360e-2,1.333333402872e-1
540,8.000000119209e-1,6.666667014360e-2,1.333333402872e-1,8.000000119209e-1,6.666667759418e-2,1.333333402872e-1,8.000000119209e-1,6.666667014360e-2,1.333333402872e-1
541,8.666666746140e-1,6.666667014360e-2,1.333333402872e-1,8.666667342186e-1,6.666670739651e-2,1.333333551884e-1,8.666666746140e-1,6.666667014360e-2,1.333333402872e-1
542,9.333333373070e-1,6.666667014360e-2,1.333333402872e-1,9.333333373070e-1,6.666667014360e-2,1.333333402872e-1,9.333333373070e-1,6.666667014360e-2,1.333333402872e-1
543,1.000000000000e0,6.666667014360e-2,1.333333402872e-1,1.000000000000e0,6.666670739651e-2,1.333333551884e-1,1.000000000000e0,6.666667014360e-2,1.333333402872e-1
544,0.000000000000e0,1.333333402872e-1,1.333333402872e-1,0.000000000000e0,1.333333253860e-1,1.333333402872e-1,2.241262744197e-17,1.333333402872e-1,1.333333402872e-1
545,6.666667014360e-2,1.333333402872e-1,1.333333402872e-1,6.666667014360e-2,1.333333402872e-1,1.333333402872e-1,6.666667014360e-2,1.333333402872e-1,1.333333402872e-1
546,1.333333402872e-1,1.333333402872e-1,1.333333402872e-1,1.333333402872e-1,1.333333402872e-1,1.333333402872e-1,1.333333402872e-1,1.333333402872e-1,1.333333402872e-1
547,2.000000029802e-1,1.333333402872e-1,1.333333402872e-1,2.000000029802e-1,1.333333253860e-1,1.333333402872e-1,2.000000029802e-1,1.333333402872e-1,1.333333402872e-1
548,2.666666805744e-1,1.333333402872e-1,1.333333402872e-1,2.666666805744e-1,1.333333402872e-1,1.333333402872e-1,2.666666805744e-1,1.333333402872e-1,1.333333402872e-1
549,3.333333432674e-1,1.333333402872e-1,1.333333402872e-1,3.333333432674e-1,1.333333253860e-1,1.333333402872e-1,3.333333432674e-1,1.333333402872e-1,1.333333402872e-1
550,4.000000059605e-1,1.333333402872e-1,1.333333402872e-1,4.000000059605e-1,1.333333402872e-1,1.333333402872e-1,4.000000059605e-1,1.333333402872e-1,1.333333402872e-1
551,4.666666686535e-1,1.333333402872e-1,1.333333402872e-1,4.666666686535e-1,1.333333551884e-1,1.333333402872e-1,4.666666686535e-1,1.333333402872e-1,1.333333402872e-1
552,5.333333611488e-1,1.333333402872e-1,1.333333402872e-1,5.333333611488e-1,1.333333253860e-1,1.333333402872e-1,5.333333611488e-1,1.333333402872e-1,1.333333402872e-1
553,6.000000238419e-1,1.333333402872e-1,1.333333402872e-1,6.000000238419e-1,1.333333402872e-1,1.333333551884e-1,6.000000238419e-1,1.333333402872e-1,1.333333402872e-1
554,6.666666865349e-1,1.333333402872e-1,1.333333402872e-1,6.666666865349e-1,1.333333402872e-1,1.333333551884e-1,6.666666865349e-1,1.333333402872e-1,1.333333402872e-1
555,7.333333492279e-1,1.333333402872e-1,1.333333402872e-1,7.333333492279e-1,1.333333253860e-1,1.333333402872e-1,7.333333492279e-1,1.333333402872e-1,1.333333402872e-1
556,8.000000119209e-1,1.333333402872e-1,1.333333402872e-1,8.000000119209e-1,1.333333551884e-1,1.333333402872e-1,8.000000119209e-1,1.333333402872e-1,1.333333402872e-1
557,8.666666746140e-1,1.333333402872e-1,1.333333402872e-1,8.666667342186e-1,1.333333551884e-1,1.333333402872e-1,8.666666746140e-1,1.333333402872e-1,1.333333402872e-1
558,9.333333373070e-1,1.333333402872e-1,1.333333402872e-1,9.333333373070e-1,1.333333402872e-1,1.333333402872e-1,9.333333373070e-1,1.333333402872e-1,1.333333402872e-1
559,1.000000000000e0,1.333333402872e-1,1.333333402872e-1,1.000000000000e0,1.333334147930e-1,1.333334445953e-1,1.000000000000e0,1.333333402872e-1,1.333333402872e-1
560,0.000000000000e0,2.000000029802e-1,1.333333402872e-1,2.857763270470e-8,2.000000029802e-1,1.333333551884e-1,0.000000000000e0,2.000000029802e-1,1.333333402872e-1
561,6.666667014360e-2,2.000000029802e-1,1.333333402872e-1,6.666667014360e-2,2.000000029802e-1,1.333333402872e-1,6.666667014360e-2,2.000000029802e-1,1.333333402872e-1
562,1.333333402872e-1,2.000000029802e-1,1.333333402872e-1,1.333333402872e-1,2.000000029802e-1,1.333333551884e-1,1.333333402872e-1,2.000000029802e-1,1.333333402872e-1
563,2.000000029802e-1,2.000000029802e-1,1.333333402872e-1,1.999999880791e-1,2.000000029802e-1,1.333333402872e-1,2.000000029802e-1,2.000000029802e-1,1.333333402872e-1
564,2.666666805744e-1,2.000000029802e-1,1.333333402872e-1,2.666666805744e-1,2.000000029802e-1,1.333333253860e-1,2.666666805744e-1,2.000000029802e-1,1.333333402872e-1
565,3.333333432674e-1,2.000000029802e-1,1.333333402872e-1,3.333333432674e-1,2.000000029802e-1,1.333333551884e-1,3.333333432674e-1,2.000000029802e-1,1.333333402872e-1
566,4.000000059605e-1,2.000000029802e-1,1.333333402872e-1,4.000000059605e-1,2.000000029802e-1,1.333333402872e-1,4.000000059605e-1,2.000000029802e-1,1.333333402872e-1
567,4.666666686535e-1,2.000000029802e-1,1.333333402872e-1,4.666666686535e-1,1.999999880791e-1,1.333333402872e-1,4.666666686535e-1,2.000000029802e-1,1.333333402872e-1
568,5.333333611488e-1,2.000000029802e-1,1.333333402872e-1,5.333333611488e-1,2.000000029802e-1,1.333333402872e-1,5.333333611488e-1,2.000000029802e-1,1.333333402872e-1
569,6.000000238419e-1,2.000000029802e-1,1.333333402872e-1,6.000000238419e-1,2.000000327826e-1,1.333333402872e-1,6.000000238419e-1,2.000000029802e-1,1.333333402872e-1
570,6.666666865349e-1,2.000000029802e-1,1.333333402872e-1,6.666666865349e-1,2.000000029802e-1,1.333333551884e-1,6.666666865349e-1,2.000000029802e-1,1.333333402872e-1
571,7.333333492279e-1,2.000000029802e-1,1.333333402872e-1,7.333332896233e-1,2.000000029802e-1,1.333333551884e-1,7.333333492279e-1,2.000000029802e-1,1.333333402872e-1
572,8.000000119209e-1,2.000000029802e-1,1.333333402872e-1,8.000000119209e-1,2.000000029802e-1,1.333333402872e-1,8.000000119209e-1,2.000000029802e-1,1.333333402872e-1
573,8.666666746140e-1,2.000000029802e-1,1.333333402872e-1,8.666666746140e-1,2.000000327826e-1,1.333333551884e-1,8.666666746140e-1,2.000000029802e-1,1.333333402872e-1
574,9.333333373070e-1,2.000000029802e-1,1.333333402872e-1,9.333333373070e-1,1.999999880791e-1,1.333333551884e-1,9.333333373070e-1,2.000000029802e-1,1.333333402872e-1
575,1.000000000000e0,2.000000029802e-1,1.333333402872e-1,1.000000000000e0,2.000000029802e-1,1.333333402872e-1,1.000000000000e0,2.000000029802e-1,1.333333402872e-1
576,0.000000000000e0,2.666666805744e-1,1.333333402872e-1,6.016343867543e-9,2.666666805744e-1,1.333333402872e-1,0.000000000000e0,2.666666805744e-1,1.333333402872e-1
577,6.666667014360e-2,2.666666805744e-1,1.333333402872e-1,6.666669249535e-2,2.666666805744e-1,1.333333551884e-1,6.666667014360e-2,2.666666805744e-1,1.333333402872e-1
578,1.333333402872e-1,2.666666805744e-1,1.333333402872e-1,1.333333402872e-1,2.666666805744e-1,1.333333402872e-1,1.333333402872e-1,2.666666805744e-1,1.333333402872e-1
579,2.000000029802e-1,2.666666805744e-1,1.333333402872e-1,2.000000178814e-1,2.666666805744e-1,1.333333402872e-1,2.000000029802e-1,2.666666805744e-1,1.333333402872e-1
580,2.666666805744e-1,2.666666805744e-1,1.333333402872e-1,2.666666805744e-1,2.666666805744e-1,1.333333402872e-1,2.666666805744e-1,2.666666805744e-1,1.333333402872e-1
581,3.333333432674e-1,2.666666805744e-1,1.333333402872e-1,3.333333432674e-1,2.666666805744e-1,1.333333402872e-1,3.333333432674e-1,2.666666805744e-1,1.333333402872e-1
582,4.000000059605e-1,2.666666805744e-1,1.333333402872e-1,4.000000059605e-1,2.666666805744e-1,1.333333402872e-1,4.000000059605e-1,2.666666805744e-1,1.333333402872e-1
583,4.666666686535e-1,2.666666805744e-1,1.333333402872e-1,4.666666686535e-1,2.666666507721e-1,1.333333551884e-1,4.666666686535e-1,2.666666805744e-1,1.333333402872e-1
584,5.333333611488e-1,2.666666805744e-1,1.333333402872e-1,5.333333611488e-1,2.666666805744e-1,1.333333551884e-1,5.333333611488e-1,2.666666805744e-1,1.333333402872e-1
585,6.000000238419e-1,2.666666805744e-1,1.333333402872e-1,6.000000238419e-1,2.666667103767e-1,1.333333253860e-1,6.000000238419e-1,2.666666805744e-1,1.333333402872e-1
586,6.666666865349e-1,2.666666805744e-1,1.333333402872e-1,6.666666865349e-1,2.666666507721e-1,1.333333551884e-1,6.666666865349e-1,2.666666805744e-1,1.333333402872e-1
587,7.333333492279e-1,2.666666805744e-1,1.333333402872e-1,7.333333492279e-1,2.666666805744e-1,1.333333402872e-1,7.333333492279e-1,2.666666805744e-1,1.333333402872e-1
588,8.000000119209e-1,2.666666805744e-1,1.333333402872e-1,8.000000119209e-1,2.666666507721e-1,1.333333253860e-1,8.000000119209e-1,2.666666805744e-1,1.333333402872e-1
589,8.666666746140e-1,2.666666805744e-1,1.333333402872e-1,8.666666746140e-1,2.666666805744e-1,1.333333402872e-1,8.666666746140e-1,2.666666805744e-1,1.333333402872e-1
590,9.333333373070e-1,2.666666805744e-1,1.333333402872e-1,9.333333373070e-1,2.666666805744e-1,1.333333402872e-1,9.333333373070e-1,2.666666805744e-1,1.333333402872e-1
591,1.000000000000e0,2.666666805744e-1,1.333333402872e-1,1.000000000000e0,2.666667103767e-1,1.333333551884e-1,1.000000000000e0,2.666666805744e-1,1.333333402872e-1
592,0.000000000000e0,3.333333432674e-1,1.333333402872e-1,7.520429834429e-10,3.333333432674e-1,1.333333551884e-1,0.000000000000e0,3.333333432674e-1,1.333333402872e-1
593,6.666667014360e-2,3.333333432674e-1,1.333333402872e-1,6.666667759418e-2,3.333333432674e-1,1.333333402872e-1,6.666667014360e-2,3.333333432674e-1,1.333333402872e-1
594,1.333333402872e-1,3.333333432674e-1,1.333333402872e-1,1.333333104849e-1,3.333333432674e-1,1.333333402872e-1,1.333333402872e-1,3.333333432674e-1,1.333333402872e-1
595,2.000000029802e-1,3.333333432674e-1,1.333333402872e-1,2.000000327826e-1,3.333333432674e-1,1.333333253860e-1,2.000000029802e-1,3.333333432674e-1,1.333333402872e-1
596,2.666666805744e-1,3.333333432674e-1,1.333333402872e-1,2.666666805744e-1,3.333333432674e-1,1.333333402872e-1,2.666666805744e-1,3.333333432674e-1,1.333333402872e-1
597,3.333333432674e-1,3.333333432674e-1,1.333333402872e-1,3.333333432674e-1,3.333333432674e-1,1.333333253860e-1,3.333333432674e-1,3.333333432674e-1,1.333333402872e-1
598,4.000000059605e-1,3.333333432674e-1,1.333333402872e-1,3.999999761581e-1,3.333333432674e-1,1.333333253860e-1,4.000000059605e-1,3.333333432674e-1,1.333333402872e-1
599,4.666666686535e-1,3.333333432674e-1,1.333333402872e-1,4.666666984558e-1,3.333333432674e-1,1.333333253860e-1,4.666666686535e-1,3.333333432674e-1,1.333333402872e-1
600,5.333333611488e-1,3.333333432674e-1,1.333333402872e-1,5.333333611488e-1,3.333333432674e-1,1.333333402872e-1,5.333333611488e-1,3.333333432674e-1,1.333333402872e-1
601,6.000000238419e-1,3.333333432674e-1,1.333333402872e-1,6.000000238419e-1,3.333333432674e-1,1.333333402872e-1,6.000000238419e-1,3.333333432674e-1,1.333333402872e-1
602,6.666666865349e-1,3.333333432674e-1,1.333333402872e-1,6.666666865349e-1,3.333333730698e-1,1.333333253860e-1,6.666666865349e-1,3.333333432674e-1,1.333333402872e-1
603,7.333333492279e-1,3.333333432674e-1,1.333333402872e-1,7.333333492279e-1,3.333333432674e-1,1.333333402872e-1,7.333333492279e-1,3.333333432674e-1,1.333333402872e-1
604,8.000000119209e-1,3.333333432674e-1,1.333333402872e-1,8.000000715256e-1,3.333333432674e-1,1.333333551884e-1,8.000000119209e-1,3.333333432674e-1,1.333333402872e-1
605,8.666666746140e-1,3.333333432674e-1,1.333333402872e-1,8.666666746140e-1,3.333333432674e-1,1.333333402872e-1,8.666666746140e-1,3.333333432674e-1,1.333333402872e-1
606,9.333333373070e-1,3.333333432674e-1,1.333333402872e-1,9.333333373070e-1,3.333333432674e-1,1.333333104849e-1,9.333333373070e-1,3.333333432674e-1,1.333333402872e-1
607,1.000000000000e0,3.333333432674e-1,1.333333402872e-1,1.000000000000e0,3.333333432674e-1,1.333333402872e-1,1.000000000000e0,3.333333432674e-1,1.333333402872e-1
608,0.000000000000e0,4.000000059605e-1,1.333333402872e-1,0.000000000000e0,4.000000059605e-1,1.333333551884e-1,8.404734877148e-18,4.000000059605e-1,1.333333402872e-1
609,6.666667014360e-2,4.000000059605e-1,1.333333402872e-1,6.666667014360e-2,4.000000357628e-1,1.333333402872e-1,6.666667014360e-2,4.000000059605e-1,1.333333402872e-1
610,1.333333402872e-1,4.000000059605e-1,1.333333402872e-1,1.333333551884e-1,3.999999761581e-1,1.333333402872e-1,1.333333402872e-1,4.000000059605e-1,1.333333402872e-1
611,2.000000029802e-1,4.000000059605e-1,1.333333402872e-1,2.000000029802e-1,4.000000059605e-1,1.333333253860e-1,2.000000029802e-1,4.000000059605e-1,1.333333402872e-1
612,2.666666805744e-1,4.000000059605e-1,1.333333402872e-1,2.666666805744e-1,4.000000059605e-1,1.333333551884e-1,2.666666805744e-1,4.000000059605e-1,1.333333402872e-1
613,3.333333432674e-1,4.000000059605e-1,1.333333402872e-1,3.333333432674e-1,4.000000059605e-1,1.333333551884e-1,3.333333432674e-1,4.000000059605e-1,1.333333402872e-1
614,4.000000059605e-1,4.000000059605e-1,1.333333402872e-1,3.999999761581e-1,4.000000059605e-1,1.333333402872e-1,4.000000059605e-1,4.000000059605e-1,1.333333402872e-1
615,4.666666686535e-1,4.000000059605e-1,1.333333402872e-1,4.666666984558e-1,4.000000059605e-1,1.333333402872e-1,4.666666686535e-1,4.000000059605e-1,1.333333402872e-1
616,5.333333611488e-1,4.000000059605e-1,1.333333402872e-1,5.333333015442e-1,4.000000357628e-1,1.333333104849e-1,5.333333611488e-1,4.000000059605e-1,1.333333402872e-1
617,6.000000238419e-1,4.000000059605e-1,1.333333402872e-1,6.000000238419e-1,4.000000059605e-1,1.333333551884e-1,6.000000238419e-1,4.000000059605e-1,1.333333402872e-1
618,6.666666865349e-1,4.000000059605e-1,1.333333402872e-1,6.666666865349e-1,4.000000059605e-1,1.333333402872e-1,6.666666865349e-1,4.000000059605e-1,1.333333402872e-1
619,7.333333492279e-1,4.000000059605e-1,1.333333402872e-1,7.333333492279e-1,4.000000059605e-1,1.333333700895e-1,7.333333492279e-1,4.000000059605e-1,1.333333402872e-1
620,8.000000119209e-1,4.000000059605e-1,1.333333402872e-1,8.000000119209e-1,4.000000059605e-1,1.333333551884e-1,8.000000119209e-1,4.000000059605e-1,1.333333402872e-1
621,8.666666746140e-1,4.000000059605e-1,1.333333402872e-1,8.666666746140e-1,4.000000059605e-1,1.333333104849e-1,8.666666746140e-1,4.000000059605e-1,1.333333402872e-1
622,9.333333373070e-1,4.000000059605e-1,1.333333402872e-1,9.333333373070e-1,3.999999761581e-1,1.333333402872e-1,9.333333373070e-1,4.000000059605e-1,1.333333402872e-1
623,1.000000000000e0,4.000000059605e-1,1.333333402872e-1,1.000000000000e0,4.000000357628e-1,1.333333402872e-1,1.000000000000e0,4.000000059605e-1,1.333333402872e-1
624,0.000000000000e0,4.666666686535e-1,1.333333402872e-1,2.256128972533e-8,4.666666686535e-1,1.333333402872e-1,0.000000000000e0,4.666666686535e-1,1.333333402872e-1
625,6.666667014360e-2,4.666666686535e-1,1.333333402872e-1,6.666665524244e-2,4.666666388512e-1,1.333333402872e-1,6.666667014360e-2,4.666666686535e-1,1.333333402872e-1
626,1.333333402872e-1,4.666666686535e-1,1.333333402872e-1,1.333333551884e-1,4.666666686535e-1,1.333333104849e-1,1.333333402872e-1,4.666666686535e-1,1.333333402872e-1
627,2.000000029802e-1,4.666666686535e-1,1.333333402872e-1,2.000000029802e-1,4.666666686535e-1,1.333333402872e-1,2.000000029802e-1,4.666666686535e-1,1.333333402872e-1
628,2.666666805744e-1,4.666666686535e-1,1.333333402872e-1,2.666667103767e-1,4.666666686535e-1,1.333333402872e-1,2.666666805744e-1,4.666666686535e-1,1.333333402872e-1
629,3.333333432674e-1,4.666666686535e-1,1.333333402872e-1,3.333333432674e-1,4.666666686535e-1,1.333333253860e-1,3.333333432674e-1,4.666666686535e-1,1.333333402872e-1
630,4.000000059605e-1,4.666666686535e-1,1.333333402872e-1,4.000000357628e-1,4.666666686535e-1,1.333333551884e-1,4.000000059605e-1,4.666666686535e-1,1.333333402872e-1
631,4.666666686535e-1,4.666666686535e-1,1.333333402872e-1,4.666666388512e-1,4.666666984558e-1,1.333333253860e-1,4.666666686535e-1,4.666666686535e-1,1.333333402872e-1
632,5.333333611488e-1,4.666666686535e-1,1.333333402872e-1,5.333333611488e-1,4.666666686535e-1,1.333333253860e-1,5.333333611488e-1,4.666666686535e-1,1.333333402872e-1
633,6.000000238419e-1,4.666666686535e-1,1.333333402872e-1,6.000000238419e-1,4.666666388512e-1,1.333333253860e-1,6.000000238419e-1,4.666666686535e-1,1.333333402872e-1
634,6.666666865349e-1,4.666666686535e-1,1.333333402872e-1,6.666666865349e-1,4.666666686535e-1,1.333333402872e-1,6.666666865349e-1,4.666666686535e-1,1.333333402872e-1
635,7.333333492279e-1,4.666666686535e-1,1.333333402872e-1,7.333333492279e-1,4.666666686535e-1,1.333333551884e-1,7.333333492279e-1,4.666666686535e-1,1.333333402872e-1
636,8.000000119209e-1,4.666666686535e-1,1.333333402872e-1,7.999999523163e-1,4.666666686535e-1,1.333333551884e-1,8.000000119209e-1,4.666666686535e-1,1.333333402872e-1
637,8.666666746140e-1,4.666666686535e-1,1.333333402872e-1,8.666666746140e-1,4.666666686535e-1,1.333333402872e-1,8.666666746140e-1,4.666666686535e-1,1.333333402872e-1
638,9.333333373070e-1,4.666666686535e-1,1.333333402872e-1,9.333333373070e-1,4.666666686535e-1,1.333333402872e-1,9.333333373070e-1,4.666666686535e-1,1.333333402872e-1
639,1.000000000000e0,4.666666686535e-1,1.333333402872e-1,1.000000000000e0,4.666666686535e-1,1.333333551884e-1,1.000000000000e0,4.666666686535e-1,1.333333402872e-1
640,0.000000000000e0,5.333333611488e-1,1.333333402872e-1,6.091548243603e-8,5.333333611488e-1,1.333333402872e-1,0.000000000000e0,5.333333611488e-1,1.333333402872e-1
641,6.666667014360e-2,5.333333611488e-1,1.333333402872e-1,6.666658073664e-2,5.333333611488e-1,1.333333551884e-1,6.666667014360e-2,5.333333611488e-1,1.333333402872e-1
642,1.333333402872e-1,5.333333611488e-1,1.333333402872e-1,1.333333402872e-1,5.333333611488e-1,1.333333849907e-1,1.333333402872e-1,5.333333611488e-1,1.333333402872e-1
643,2.000000029802e-1,5.333333611488e-1,1.333333402872e-1,2.000000178814e-1,5.333333611488e-1,1.333333402872e-1,2.000000029802e-1,5.333333611488e-1,1.333333402872e-1
644,2.666666805744e-1,5.333333611488e-1,1.333333402872e-1,2.666667103767e-1,5.333333611488e-1,1.333333402872e-1,2.666666805744e-1,5.333333611488e-1,1.333333402872e-1
645,3.333333432674e-1,5.333333611488e-1,1.333333402872e-1,3.333333432674e-1,5.333333611488e-1,1.333333402872e-1,3.333333432674e-1,5.333333611488e-1,1.333333402872e-1
646,4.000000059605e-1,5.333333611488e-1,1.333333402872e-1,4.000000357628e-1,5.333333611488e-1,1.333333253860e-1,4.000000059605e-1,5.333333611488e-1,1.333333402872e-1
647,4.666666686535e-1,5.333333611488e-1,1.333333402872e-1,4.666666686535e-1,5.333333611488e-1,1.333333402872e-1,4.666666686535e-1,5.333333611488e-1,1.333333402872e-1
648,5.333333611488e-1,5.333333611488e-1,1.333333402872e-1,5.333333611488e-1,5.333333611488e-1,1.333333700895e-1,5.333333611488e-1,5.333333611488e-1,1.333333402872e-1
649,6.000000238419e-1,5.333333611488e-1,1.333333402872e-1,6.000000238419e-1,5.333333611488e-1,1.333333402872e-1,6.000000238419e-1,5.333333611488e-1,1.333333402872e-1
650,6.666666865349e-1,5.333333611488e-1,1.333333402872e-1,6.666666865349e-1,5.333333611488e-1,1.333333253860e-1,6.666666865349e-1,5.333333611488e-1,1.333333402872e-1
651,7.333333492279e-1,5.333333611488e-1,1.333333402872e-1,7.333333492279e-1,5.333333611488e-1,1.333333551884e-1,7.333333492279e-1,5.333333611488e-1,1.333333402872e-1
652,8.000000119209e-1,5.333333611488e-1,1.333333402872e-1,8.000000119209e-1,5.333333611488e-1,1.333333700895e-1,8.000000119209e-1,5.333333611488e-1,1.333333402872e-1
653,8.666666746140e-1,5.333333611488e-1,1.333333402872e-1,8.666667342186e-1,5.333333611488e-1,1.333333253860e-1,8.666666746140e-1,5.333333611488e-1,1.333333402872e-1
654,9.333333373070e-1,5.333333611488e-1,1.333333402872e-1,9.333333373070e-1,5.333333611488e-1,1.333333402872e-1,9.333333373070e-1,5.333333611488e-1,1.333333402872e-1
655,1.000000000000e0,5.333333611488e-1,1.333333402872e-1,1.000000000000e0,5.333333611488e-1,1.333333402872e-1,1.000000000000e0,5.333333611488e-1,1.333333402872e-1
656,0.000000000000e0,6.000000238419e-1,1.333333402872e-1,8.272472484805e-9,6.000000238419e-1,1.333333402872e-1,0.000000000000e0,6.000000238419e-1,1.333333402872e-1
657,6.666667014360e-2,6.000000238419e-1,1.333333402872e-1,6.666664779186e-2,6.000000238419e-1,1.333333551884e-1,6.666667014360e-2,6.000000238419e-1,1.333333402872e-1
658,1.333333402872e-1,6.000000238419e-1,1.333333402872e-1,1.333333104849e-1,6.000000238419e-1,1.333333253860e-1,1.333333402872e-1,6.000000238419e-1,1.333333402872e-1
659,2.000000029802e-1,6.000000238419e-1,1.333333402872e-1,1.999999880791e-1,6.000000238419e-1,1.333333402872e-1,2.000000029802e-1,6.000000238419e-1,1.333333402872e-1
660,2.666666805744e-1,6.000000238419e-1,1.333333402872e-1,2.666666805744e-1,6.000000238419e-1,1.333333402872e-1,2.666666805744e-1,6.000000238419e-1,1.333333402872e-1
661,3.333333432674e-1,6.000000238419e-1,1.333333402872e-1,3.333333432674e-1,6.000000238419e-1,1.333333551884e-1,3.333333432674e-1,6.000000238419e-1,1.333333402872e-1
662,4.000000059605e-1,6.000000238419e-1,1.333333402872e-1,4.000000357628e-1,6.000000238419e-1,1.333333551884e-1,4.000000059605e-1,6.000000238419e-1,1.333333402872e-1
663,4.666666686535e-1,6.000000238419e-1,1.333333402872e-1,4.666666686535e-1,6.000000238419e-1,1.333333551884e-1,4.666666686535e-1,6.000000238419e-1,1.333333402872e-1
664,5.333333611488e-1,6.000000238419e-1,1.333333402872e-1,5.333333611488e-1,6.000000238419e-1,1.333333253860e-1,5.333333611488e-1,6.000000238419e-1,1.333333402872e-1
665,6.000000238419e-1,6.000000238419e-1,1.333333402872e-1,6.000000238419e-1,6.000000238419e-1,1.333333402872e-1,6.000000238419e-1,6.000000238419e-1,1.333333402872e-1
666,6.666666865349e-1,6.000000238419e-1,1.333333402872e-1,6.666666865349e-1,6.000000238419e-1,1.333333402872e-1,6.666666865349e-1,6.000000238419e-1,1.333333402872e-1
667,7.333333492279e-1,6.000000238419e-1,1.333333402872e-1,7.333333492279e-1,6.000000238419e-1,1.333333551884e-1,7.333333492279e-1,6.000000238419e-1,1.333333402872e-1
668,8.000000119209e-1,6.000000238419e-1,1.333333402872e-1,8.000000119209e-1,6.000000238419e-1,1.333333104849e-1,8.000000119209e-1,6.000000238419e-1,1.333333402872e-1
669,8.666666746140e-1,6.000000238419e-1,1.333333402872e-1,8.666666746140e-1,6.000000238419e-1,1.333333402872e-1,8.666666746140e-1,6.000000238419e-1,1.333333402872e-1
670,9.333333373070e-1,6.000000238419e-1,1.333333402872e-1,9.333333373070e-1,6.000000238419e-1,1.333333700895e-1,9.333333373070e-1,6.000000238419e-1,1.333333402872e-1
671,1.000000000000e0,6.000000238419e-1,1.333333402872e-1,1.000000000000e0,6.000000238419e-1,1.333333402872e-1,1.000000000000e0,6.000000238419e-1,1.333333402872e-1
672,0.000000000000e0,6.666666865349e-1,1.333333402872e-1,0.000000000000e0,6.666666865349e-1,1.333334296942e-1,0.000000000000e0,6.666666865349e-1,1.333333402872e-1
673,6.666667014360e-2,6.666666865349e-1,1.333333402872e-1,6.666672229767e-2,6.666666865349e-1,1.333333402872e-1,6.666667014360e-2,6.666666865349e-1,1.333333402872e-1
674,1.333333402872e-1,6.666666865349e-1,1.333333402872e-1,1.333333551884e-1,6.666666865349e-1,1.333333700895e-1,1.333333402872e-1,6.666666865349e-1,1.333333402872e-1
675,2.000000029802e-1,6.666666865349e-1,1.333333402872e-1,2.000000029802e-1,6.666666865349e-1,1.333333402872e-1,2.000000029802e-1,6.666666865349e-1,1.333333402872e-1
676,2.666666805744e-1,6.666666865349e-1,1.333333402872e-1,2.666666507721e-1,6.666666865349e-1,1.333333402872e-1,2.666666805744e-1,6.666666865349e-1,1.333333402872e-1
677,3.333333432674e-1,6.666666865349e-1,1.333333402872e-1,3.333333432674e-1,6.666666865349e-1,1.333333402872e-1,3.333333432674e-1,6.666666865349e-1,1.333333402872e-1
678,4.000000059605e-1,6.666666865349e-1,1.333333402872e-1,4.000000357628e-1,6.666666865349e-1,1.333333253860e-1,4.000000059605e-1,6.666666865349e-1,1.333333402872e-1
679,4.666666686535e-1,6.666666865349e-1,1.333333402872e-1,4.666666984558e-1,6.666666865349e-1,1.333333551884e-1,4.666666686535e-1,6.666666865349e-1,1.333333402872e-1
680,5.333333611488e-1,6.666666865349e-1,1.333333402872e-1,5.333333611488e-1,6.666666865349e-1,1.333333551884e-1,5.333333611488e-1,6.666666865349e-1,1.333333402872e-1
681,6.000000238419e-1,6.666666865349e-1,1.333333402872e-1,6.000000238419e-1,6.666666865349e-1,1.333333253860e-1,6.000000238419e-1,6.666666865349e-1,1.333333402872e-1
682,6.666666865349e-1,6.666666865349e-1,1.333333402872e-1,6.666666865349e-1,6.666666865349e-1,1.333333253860e-1,6.666666865349e-1,6.666666865349e-1,1.333333402872e-1
683,7.333333492279e-1,6.666666865349e-1,1.333333402872e-1,7.333333492279e-1,6.666666865349e-1,1.333333402872e-1,7.333333492279e-1,6.666666865349e-1,1.333333402872e-1
684,8.000000119209e-1,6.666666865349e-1,1.333333402872e-1,8.000000119209e-1,6.666666865349e-1,1.333333402872e-1,8.000000119209e-1,6.666666865349e-1,1.333333402872e-1
685,8.666666746140e-1,6.666666865349e-1,1.333333402872e-1,8.666666746140e-1,6.666666865349e-1,1.333333402872e-1,8.666666746140e-1,6.666666865349e-1,1.333333402872e-1
686,9.333333373070e-1,6.666666865349e-1,1.333333402872e-1,9.333333373070e-1,6.666666865349e-1,1.333333402872e-1,9.333333373070e-1,6.666666865349e-1,1.333333402872e-1
687,1.000000000000e0,6.666666865349e-1,1.333333402872e-1,1.000000000000e0,6.666666865349e-1,1.333333700895e-1,1.000000000000e0,6.666666865349e-1,1.333333402872e-1
688,0.000000000000e0,7.333333492279e-1,1.333333402872e-1,0.000000000000e0,7.333334088326e-1,1.333333253860e-1,6.639740925178e-16,7.333333492279e-1,1.333333402872e-1
689,6.666667014360e-2,7.333333492279e-1,1.333333402872e-1,6.666664034128e-2,7.333333492279e-1,1.333333551884e-1,6.666667014360e-2,7.333333492279e-1,1.333333402872e-1
690,1.333333402872e-1,7.333333492279e-1,1.333333402872e-1,1.333333253860e-1,7.333333492279e-1,1.333333402872e-1,1.333333402872e-1,7.333333492279e-1,1.333333402872e-1
691,2.000000029802e-1,7.333333492279e-1,1.333333402872e-1,2.000000029802e-1,7.333333492279e-1,1.333333551884e-1,2.000000029802e-1,7.333333492279e-1,1.333333402872e-1
692,2.666666805744e-1,7.333333492279e-1,1.333333402872e-1,2.666667699814e-1,7.333333492279e-1,1.333333104849e-1,2.666666805744e-1,7.333333492279e-1,1.333333402872e-1
693,3.333333432674e-1,7.333333492279e-1,1.333333402872e-1,3.333333432674e-1,7.333333492279e-1,1.333333402872e-1,3.333333432674e-1,7.333333492279e-1,1.333333402872e-1
694,4.000000059605e-1,7.333333492279e-1,1.333333402872e-1,4.000000059605e-1,7.333333492279e-1,1.333333253860e-1,4.000000059605e-1,7.333333492279e-1,1.333333402872e-1
695,4.666666686535e-1,7.333333492279e-1,1.333333402872e-1,4.666666388512e-1,7.333334088326e-1,1.333333402872e-1,4.666666686535e-1,7.333333492279e-1,1.333333402872e-1
696,5.333333611488e-1,7.333333492279e-1,1.333333402872e-1,5.333333611488e-1,7.333333492279e-1,1.333333253860e-1,5.333333611488e-1,7.333333492279e-1,1.333333402872e-1
697,6.000000238419e-1,7.333333492279e-1,1.333333402872e-1,6.000000238419e-1,7.333334088326e-1,1.333333253860e-1,6.000000238419e-1,7.333333492279e-1,1.333333402872e-1
698,6.666666865349e-1,7.333333492279e-1,1.333333402872e-1,6.666666865349e-1,7.333334088326e-1,1.333333551884e-1,6.666666865349e-1,7.333333492279e-1,1.333333402872e-1
699,7.333333492279e-1,7.333333492279e-1,1.333333402872e-1,7.333333492279e-1,7.333333492279e-1,1.333333551884e-1,7.333333492279e-1,7.333333492279e-1,1.333333402872e-1
700,8.000000119209e-1,7.333333492279e-1,1.333333402872e-1,8.000000119209e-1,7.333334088326e-1,1.333333104849e-1,8.000000119209e-1,7.333333492279e-1,1.333333402872e-1
701,8.666666746140e-1,7.333333492279e-1,1.333333402872e-1,8.666666746140e-1,7.333333492279e-1,1.333333402872e-1,8.666666746140e-1,7.333333492279e-1,1.333333402872e-1
702,9.333333373070e-1,7.333333492279e-1,1.333333402872e-1,9.333333373070e-1,7.333333492279e-1,1.333333700895e-1,9.333333373070e-1,7.333333492279e-1,1.333333402872e-1
703,1.000000000000e0,7.333333492279e-1,1.333333402872e-1,1.000000000000e0,7.333332896233e-1,1.333333402872e-1,1.000000000000e0,7.333333492279e-1,1.333333402872e-1
704,0.000000000000e0,8.000000119209e-1,1.333333402872e-1,0.000000000000e0,8.000000119209e-1,1.333333700895e-1,0.000000000000e0,8.000000119209e-1,1.333333402872e-1
705,6.666667014360e-2,8.000000119209e-1,1.333333402872e-1,6.666666269302e-2,8.000000715256e-1,1.333333551884e-1,6.666667014360e-2,8.000000119209e-1,1.333333402872e-1
706,1.333333402872e-1,8.000000119209e-1,1.333333402872e-1,1.333333104849e-1,7.999999523163e-1,1.333333402872e-1,1.333333402872e-1,8.000000119209e-1,1.333333402872e-1
707,2.000000029802e-1,8.000000119209e-1,1.333333402872e-1,1.999999582767e-1,8.000000119209e-1,1.333333551884e-1,2.000000029802e-1,8.000000119209e-1,1.333333402872e-1
708,2.666666805744e-1,8.000000119209e-1,1.333333402872e-1,2.666666507721e-1,8.000000119209e-1,1.333333551884e-1,2.666666805744e-1,8.000000119209e-1,1.333333402872e-1
709,3.333333432674e-1,8.000000119209e-1,1.333333402872e-1,3.333333432674e-1,8.000000119209e-1,1.333333402872e-1,3.333333432674e-1,8.000000119209e-1,1.333333402872e-1
710,4.000000059605e-1,8.000000119209e-1,1.333333402872e-1,4.000000059605e-1,8.000000119209e-1,1.333333104849e-1,4.000000059605e-1,8.000000119209e-1,1.333333402872e-1
711,4.666666686535e-1,8.000000119209e-1,1.333333402872e-1,4.666666686535e-1,8.000000119209e-1,1.333333253860e-1,4.666666686535e-1,8.000000119209e-1,1.333333402872e-1
712,5.333333611488e-1,8.000000119209e-1,1.333333402872e-1,5.333333611488e-1,8.000000119209e-1,1.333333402872e-1,5.333333611488e-1,8.000000119209e-1,1.333333402872e-1
713,6.000000238419e-1,8.000000119209e-1,1.333333402872e-1,6.000000238419e-1,8.000000119209e-1,1.333333402872e-1,6.000000238419e-1,8.000000119209e-1,1.333333402872e-1
714,6.666666865349e-1,8.000000119209e-1,1.333333402872e-1,6.666666865349e-1,8.000000119209e-1,1.333333402872e-1,6.666666865349e-1,8.000000119209e-1,1.333333402872e-1
715,7.333333492279e-1,8.000000119209e-1,1.333333402872e-1,7.333333492279e-1,8.000000119209e-1,1.333333402872e-1,7.333333492279e-1,8.000000119209e-1,1.333333402872e-1
716,8.000000119209e-1,8.000000119209e-1,1.333333402872e-1,8.000000119209e-1,8.000000119209e-1,1.333333402872e-1,8.000000119209e-1,8.000000119209e-1,1.333333402872e-1
717,8.666666746140e-1,8.000000119209e-1,1.333333402872e-1,8.666666746140e-1,8.000000119209e-1,1.333333402872e-1,8.666666746140e-1,8.000000119209e-1,1.333333402872e-1
718,9.333333373070e-1,8.000000119209e-1,1.333333402872e-1,9.333333373070e-1,8.000000119209e-1,1.333333402872e-1,9.333333373070e-1,8.000000119209e-1,1.333333402872e-1
719,1.000000000000e0,8.000000119209e-1,1.333333402872e-1,1.000000000000e0,8.000000119209e-1,1.333333402872e-1,1.000000000000e0,8.000000119209e-1,1.333333402872e-1
720,0.000000000000e0,8.666666746140e-1,1.333333402872e-1,5.865935008842e-7,8.666666746140e-1,1.333333253860e-1,0.000000000000e0,8.666666746140e-1,1.333333402872e-1
721,6.666667014360e-2,8.666666746140e-1,1.333333402872e-1,6.666667014360e-2,8.666666150093e-1,1.333333402872e-1,6.666667014360e-2,8.666666746140e-1,1.333333402872e-1
722,1.333333402872e-1,8.666666746140e-1,1.333333402872e-1,1.333333253860e-1,8.666666746140e-1,1.333333104849e-1,1.333333402872e-1,8.666666746140e-1,1.333333402872e-1
723,2.000000029802e-1,8.666666746140e-1,1.333333402872e-1,2.000001221895e-1,8.666666150093e-1,1.333333551884e-1,2.000000029802e-1,8.666666746140e-1,1.333333402872e-1
724,2.666666805744e-1,8.666666746140e-1,1.333333402872e-1,2.666666805744e-1,8.666666746140e-1,1.333333402872e-1,2.666666805744e-1,8.666666746140e-1,1.333333402872e-1
725,3.333333432674e-1,8.666666746140e-1,1.333333402872e-1,3.333333432674e-1,8.666666746140e-1,1.333334147930e-1,3.333333432674e-1,8.666666746140e-1,1.333333402872e-1
726,4.000000059605e-1,8.666666746140e-1,1.333333402872e-1,4.000000357628e-1,8.666666746140e-1,1.333333551884e-1,4.000000059605e-1,8.666666746140e-1,1.333333402872e-1
727,4.666666686535e-1,8.666666746140e-1,1.333333402872e-1,4.666666686535e-1,8.666666746140e-1,1.333333402872e-1,4.666666686535e-1,8.666666746140e-1,1.333333402872e-1
728,5.333333611488e-1,8.666666746140e-1,1.333333402872e-1,5.333333611488e-1,8.666667342186e-1,1.333333402872e-1,5.333333611488e-1,8.666666746140e-1,1.333333402872e-1
729,6.000000238419e-1,8.666666746140e-1,1.333333402872e-1,6.000000238419e-1,8.666666746140e-1,1.333333402872e-1,6.000000238419e-1,8.666666746140e-1,1.333333402872e-1
730,6.666666865349e-1,8.666666746140e-1,1.333333402872e-1,6.666667461395e-1,8.666666746140e-1,1.333333402872e-1,6.666666865349e-1,8.666666746140e-1,1.333333402872e-1
731,7.333333492279e-1,8.666666746140e-1,1.333333402872e-1,7.333333492279e-1,8.666666746140e-1,1.333332657814e-1,7.333333492279e-1,8.666666746140e-1,1.333333402872e-1
732,8.000000119209e-1,8.666666746140e-1,1.333333402872e-1,8.000000119209e-1,8.666666746140e-1,1.333333253860e-1,8.000000119209e-1,8.666666746140e-1,1.333333402872e-1
733,8.666666746140e-1,8.666666746140e-1,1.333333402872e-1,8.666666746140e-1,8.666666746140e-1,1.333332806826e-1,8.666666746140e-1,8.666666746140e-1,1.333333402872e-1
734,9.333333373070e-1,8.666666746140e-1,1.333333402872e-1,9.333333373070e-1,8.666667342186e-1,1.333333253860e-1,9.333333373070e-1,8.666666746140e-1,1.333333402872e-1
735,1.000000000000e0,8.666666746140e-1,1.333333402872e-1,1.000000000000e0,8.666666746140e-1,1.333333402872e-1,1.000000000000e0,8.666666746140e-1,1.333333402872e-1
736,0.000000000000e0,9.333333373070e-1,1.333333402872e-1,9.513343712797e-8,9.333333373070e-1,1.333333253860e-1,6.398104659942e-16,9.333333373070e-1,1.333333402872e-1
737,6.666667014360e-2,9.333333373070e-1,1.333333402872e-1,6.666655093431e-2,9.333333373070e-1,1.333333551884e-1,6.666667014360e-2,9.333333373070e-1,1.333333402872e-1
738,1.333333402872e-1,9.333333373070e-1,1.333333402872e-1,1.333332508802e-1,9.333333373070e-1,1.333333402872e-1,1.333333402872e-1,9.333333373070e-1,1.333333402872e-1
739,2.000000029802e-1,9.333333373070e-1,1.333333402872e-1,2.000000178814e-1,9.333333373070e-1,1.333333104849e-1,2.000000029802e-1,9.333333373070e-1,1.333333402872e-1
740,2.666666805744e-1,9.333333373070e-1,1.333333402872e-1,2.666666805744e-1,9.333333373070e-1,1.333333402872e-1,2.666666805744e-1,9.333333373070e-1,1.333333402872e-1
741,3.333333432674e-1,9.333333373070e-1,1.333333402872e-1,3.333333730698e-1,9.333333373070e-1,1.333333700895e-1,3.333333432674e-1,9.333333373070e-1,1.333333402872e-1
742,4.000000059605e-1,9.333333373070e-1,1.333333402872e-1,4.000000357628e-1,9.333333373070e-1,1.333333402872e-1,4.000000059605e-1,9.333333373070e-1,1.333333402872e-1
743,4.666666686535e-1,9.333333373070e-1,1.333333402872e-1,4.666666388512e-1,9.333333373070e-1,1.333334147930e-1,4.666666686535e-1,9.333333373070e-1,1.333333402872e-1
744,5.333333611488e-1,9.333333373070e-1,1.333333402872e-1,5.333333611488e-1,9.333333969116e-1,1.333333104849e-1,5.333333611488e-1,9.333333373070e-1,1.333333402872e-1
745,6.000000238419e-1,9.333333373070e-1,1.333333402872e-1,6.000000238419e-1,9.333333373070e-1,1.333333253860e-1,6.000000238419e-1,9.333333373070e-1,1.333333402872e-1
746,6.666666865349e-1,9.333333373070e-1,1.333333402872e-1,6.666666865349e-1,9.333332777023e-1,1.333334147930e-1,6.666666865349e-1,9.333333373070e-1,1.333333402872e-1
747,7.333333492279e-1,9.333333373070e-1,1.333333402872e-1,7.333333492279e-1,9.333333373070e-1,1.333333551884e-1,7.333333492279e-1,9.333333373070e-1,1.333333402872e-1
748,8.000000119209e-1,9.333333373070e-1,1.333333402872e-1,7.999999523163e-1,9.333333373070e-1,1.333333402872e-1,8.000000119209e-1,9.333333373070e-1,1.333333402872e-1
749,8.666666746140e-1,9.333333373070e-1,1.333333402872e-1,8.666666746140e-1,9.333333373070e-1,1.333333402872e-1,8.666666746140e-1,9.333333373070e-1,1.333333402872e-1
750,9.333333373070e-1,9.333333373070e-1,1.333333402872e-1,9.333333373070e-1,9.333333373070e-1,1.333333104849e-1,9.333333373070e-1,9.333333373070e-1,1.333333402872e-1
751,1.000000000000e0,9.333333373070e-1,1.333333402872e-1,9.999999403954e-1,9.333333373070e-1,1.333333402872e-1,1.000000000000e0,9.333333373070e-1,1.333333402872e-1
752,0.000000000000e0,1.000000000000e0,1.333333402872e-1,0.000000000000e0,1.000000000000e0,1.333333402872e-1,0.000000000000e0,1.000000000000e0,1.333333402872e-1
753,6.666667014360e-2,1.000000000000e0,1.333333402872e-1,6.666938215494e-2,1.000000000000e0,1.333347707987e-1,6.666667014360e-2,1.000000000000e0,1.333333402872e-1
754,1.333333402872e-1,1.000000000000e0,1.333333402872e-1,1.333330869675e-1,1.000000000000e0,1.333333551884e-1,1.333333402872e-1,1.000000000000e0,1.333333402872e-1
755,2.000000029802e-1,1.000000000000e0,1.333333402872e-1,1.999999433756e-1,1.000000000000e0,1.333333551884e-1,2.000000029802e-1,1.000000000000e0,1.333333402872e-1
756,2.666666805744e-1,1.000000000000e0,1.333333402872e-1,2.666664719582e-1,1.000000000000e0,1.333333551884e-1,2.666666805744e-1,1.000000000000e0,1.333333402872e-1
757,3.333333432674e-1,1.000000000000e0,1.333333402872e-1,3.333333432674e-1,1.000000000000e0,1.333334445953e-1,3.333333432674e-1,1.000000000000e0,1.333333402872e-1
758,4.000000059605e-1,1.000000000000e0,1.333333402872e-1,4.000000059605e-1,1.000000000000e0,1.333333104849e-1,4.000000059605e-1,1.000000000000e0,1.333333402872e-1
759,4.666666686535e-1,1.000000000000e0,1.333333402872e-1,4.666666686535e-1,1.000000000000e0,1.333333402872e-1,4.666666686535e-1,1.000000000000e0,1.333333402872e-1
760,5.333333611488e-1,1.000000000000e0,1.333333402872e-1,5.333336591721e-1,1.000000000000e0,1.333352476358e-1,5.333333611488e-1,1.000000000000e0,1.333333402872e-1
761,6.000000238419e-1,1.000000000000e0,1.333333402872e-1,6.000000834465e-1,1.000000000000e0,1.333333104849e-1,6.000000238419e-1,1.000000000000e0,1.333333402872e-1
762,6.666666865349e-1,1.000000000000e0,1.333333402872e-1,6.666666865349e-1,9.999999403954e-1,1.333333700895e-1,6.666666865349e-1,1.000000000000e0,1.333333402872e-1
763,7.333333492279e-1,1.000000000000e0,1.333333402872e-1,7.333332896233e-1,9.999999403954e-1,1.333333402872e-1,7.333333492279e-1,1.000000000000e0,1.333333402872e-1
764,8.000000119209e-1,1.000000000000e0,1.333333402872e-1,8.000000119209e-1,1.000000000000e0,1.333333700895e-1,8.000000119209e-1,1.000000000000e0,1.333333402872e-1
765,8.666666746140e-1,1.000000000000e0,1.333333402872e-1,8.666666746140e-1,9.999999403954e-1,1.333333998919e-1,8.666666746140e-1,1.000000000000e0,1.333333402872e-1
766,9.333333373070e-1,1.000000000000e0,1.333333402872e-1,9.333333373070e-1,9.999999403954e-1,1.333333253860e-1,9.333333373070e-1,1.000000000000e0,1.333333402872e-1
767,1.000000000000e0,1.000000000000e0,1.333333402872e-1,9.999999403954e-1,1.000000000000e0,1.333408504725e-1,1.000000000000e0,1.000000000000e0,1.333333402872e-1
768,0.000000000000e0,0.000000000000e0,2.000000029802e-1,0.000000000000e0,0.000000000000e0,2.000000029802e-1,0.000000000000e0,0.000000000000e0,2.000000029802e-1
769,6.666667014360e-2,0.000000000000e0,2.000000029802e-1,6.666667014360e-2,0.000000000000e0,2.000000029802e-1,6.666667014360e-2,5.603156860492e-18,2.000000029802e-1
770,1.333333402872e-1,0.000000000000e0,2.000000029802e-1,1.333333402872e-1,0.000000000000e0,2.000000029802e-1,1.333333402872e-1,5.603156860492e-18,2.000000029802e-1
771,2.000000029802e-1,0.000000000000e0,2.000000029802e-1,1.999999880791e-1,0.000000000000e0,2.000000029802e-1,2.000000029802e-1,0.000000000000e0,2.000000029802e-1
772,2.666666805744e-1,0.000000000000e0,2.000000029802e-1,2.666667103767e-1,6.016343867543e-9,2.000000029802e-1,2.666666805744e-1,1.120631372098e-17,2.000000029802e-1
773,3.333333432674e-1,0.000000000000e0,2.000000029802e-1,3.333333432674e-1,6.016343867543e-9,1.999999880791e-1,3.333333432674e-1,0.000000000000e0,2.000000029802e-1
774,4.000000059605e-1,0.000000000000e0,2.000000029802e-1,4.000000059605e-1,4.512257678613e-9,2.000000029802e-1,4.000000059605e-1,0.000000000000e0,2.000000029802e-1
775,4.666666686535e-1,0.000000000000e0,2.000000029802e-1,4.666666388512e-1,0.000000000000e0,2.000000029802e-1,4.666666686535e-1,2.381341645030e-17,2.000000029802e-1
776,5.333333611488e-1,0.000000000000e0,2.000000029802e-1,5.333333015442e-1,0.000000000000e0,2.000000029802e-1,5.333333611488e-1,0.000000000000e0,2.000000029802e-1
777,6.000000238419e-1,0.000000000000e0,2.000000029802e-1,6.000000238419e-1,1.504085966886e-9,2.000000029802e-1,6.000000238419e-1,1.400789215123e-18,2.000000029802e-1
778,6.666666865349e-1,0.000000000000e0,2.000000029802e-1,6.666666865349e-1,1.504085922477e-8,2.000000029802e-1,6.666666865349e-1,0.000000000000e0,2.000000029802e-1
779,7.333333492279e-1,0.000000000000e0,2.000000029802e-1,7.333333492279e-1,0.000000000000e0,2.000000178814e-1,7.333333492279e-1,0.000000000000e0,2.000000029802e-1
780,8.000000119209e-1,0.000000000000e0,2.000000029802e-1,8.000000119209e-1,0.000000000000e0,2.000000029802e-1,8.000000119209e-1,0.000000000000e0,2.000000029802e-1
781,8.666666746140e-1,0.000000000000e0,2.000000029802e-1,8.666666746140e-1,9.024515357225e-9,1.999999880791e-1,8.666666746140e-1,5.603156695056e-17,2.000000029802e-1
782,9.333333373070e-1,0.000000000000e0,2.000000029802e-1,9.333333373070e-1,7.520429834429e-10,2.000000029802e-1,9.333333373070e-1,0.000000000000e0,2.000000029802e-1
783,1.000000000000e0,0.000000000000e0,2.000000029802e-1,1.000000000000e0,0.000000000000e0,2.000000178814e-1,1.000000000000e0,2.451381178164e-17,2.000000029802e-1
784,0.000000000000e0,6.666667014360e-2,2.000000029802e-1,0.000000000000e0,6.666667014360e-2,1.999999880791e-1,0.000000000000e0,6.666667014360e-2,2.000000029802e-1
785,6.666667014360e-2,6.666667014360e-2,2.000000029802e-1,6.666667014360e-2,6.666667014360e-2,1.999999880791e-1,6.666667014360e-2,6.666667014360e-2,2.000000029802e-1
786,1.333333402872e-1,6.666667014360e-2,2.000000029802e-1,1.333333253860e-1,6.666667014360e-2,2.000000029802e-1,1.333333402872e-1,6.666667014360e-2,2.000000029802e-1
787,2.000000029802e-1,6.666667014360e-2,2.000000029802e-1,2.000000029802e-1,6.666667014360e-2,2.000000029802e-1,2.000000029802e-1,6.666667014360e-2,2.000000029802e-1
788,2.666666805744e-1,6.666667014360e-2,2.000000029802e-1,2.666666805744e-1,6.666667759418e-2,1.999999880791e-1,2.666666805744e-1,6.666667014360e-2,2.000000029802e-1
789,3.333333432674e-1,6.666667014360e-2,2.000000029802e-1,3.333333432674e-1,6.666666269302e-2,2.000000029802e-1,3.333333432674e-1,6.666667014360e-2,2.000000029802e-1
790,4.000000059605e-1,6.666667014360e-2,2.000000029802e-1,4.000000059605e-1,6.666667014360e-2,2.000000029802e-1,4.000000059605e-1,6.666667014360e-2,2.000000029802e-1
791,4.666666686535e-1,6.666667014360e-2,2.000000029802e-1,4.666666686535e-1,6.666667759418e-2,2.000000029802e-1,4.666666686535e-1,6.666667014360e-2,2.000000029802e-1
792,5.333333611488e-1,6.666667014360e-2,2.000000029802e-1,5.333333611488e-1,6.666667014360e-2,1.999999880791e-1,5.333333611488e-1,6.666667014360e-2,2.000000029802e-1
793,6.000000238419e-1,6.666667014360e-2,2.000000029802e-1,6.000000238419e-1,6.666667759418e-2,2.000000029802e-1,6.000000238419e-1,6.666667014360e-2,2.000000029802e-1
794,6.666666865349e-1,6.666667014360e-2,2.000000029802e-1,6.666666865349e-1,6.666668504477e-2,2.000000029802e-1,6.666666865349e-1,6.666667014360e-2,2.000000029802e-1
795,7.333333492279e-1,6.666667014360e-2,2.000000029802e-1,7.333333492279e-1,6.666667014360e-2,2.000000327826e-1,7.333333492279e-1,6.666667014360e-2,2.000000029802e-1
796,8.000000119209e-1,6.666667014360e-2,2.000000029802e-1,8.000000119209e-1,6.666667014360e-2,2.000000029802e-1,8.000000119209e-1,6.666667014360e-2,2.000000029802e-1
797,8.666666746140e-1,6.666667014360e-2,2.000000029802e-1,8.666666746140e-1,6.666669249535e-2,2.000000178814e-1,8.666666746140e-1,6.666667014360e-2,2.000000029802e-1
798,9.333333373070e-1,6.666667014360e-2,2.000000029802e-1,9.333333373070e-1,6.666660308838e-2,2.000000029802e-1,9.333333373070e-1,6.666667014360e-2,2.000000029802e-1
799,1.000000000000e0,6.666667014360e-2,2.000000029802e-1,1.000000000000e0,6.666667014360e-2,2.000000178814e-1,1.000000000000e0,6.666667014360e-2,2.000000029802e-1
800,0.000000000000e0,1.333333402872e-1,2.000000029802e-1,1.804903071445e-8,1.333333551884e-1,2.000000327826e-1,5.603156860492e-18,1.333333402872e-1,2.000000029802e-1
801,6.666667014360e-2,1.333333402872e-1,2.000000029802e-1,6.666666269302e-2,1.333333253860e-1,2.000000029802e-1,6.666667014360e-2,1.333333402872e-1,2.000000029802e-1
802,1.333333402872e-1,1.333333402872e-1,2.000000029802e-1,1.333333402872e-1,1.333333402872e-1,2.000000029802e-1,1.333333402872e-1,1.333333402872e-1,2.000000029802e-1
803,2.000000029802e-1,1.333333402872e-1,2.000000029802e-1,2.000000029802e-1,1.333333402872e-1,1.999999880791e-1,2.000000029802e-1,1.333333402872e-1,2.000000029802e-1
804,2.666666805744e-1,1.333333402872e-1,2.000000029802e-1,2.666666805744e-1,1.333333253860e-1,2.000000029802e-1,2.666666805744e-1,1.333333402872e-1,2.000000029802e-1
805,3.333333432674e-1,1.333333402872e-1,2.000000029802e-1,3.333333432674e-1,1.333333551884e-1,2.000000029802e-1,3.333333432674e-1,1.333333402872e-1,2.000000029802e-1
806,4.000000059605e-1,1.333333402872e-1,2.000000029802e-1,4.000000059605e-1,1.333333402872e-1,1.999999880791e-1,4.000000059605e-1,1.333333402872e-1,2.000000029802e-1
807,4.666666686535e-1,1.333333402872e-1,2.000000029802e-1,4.666666388512e-1,1.333333402872e-1,2.000000029802e-1,4.666666686535e-1,1.333333402872e-1,2.000000029802e-1
808,5.333333611488e-1,1.333333402872e-1,2.000000029802e-1,5.333333611488e-1,1.333333551884e-1,2.000000178814e-1,5.333333611488e-1,1.333333402872e-1,2.000000029802e-1
809,6.000000238419e-1,1.333333402872e-1,2.000000029802e-1,6.000000238419e-1,1.333333402872e-1,2.000000029802e-1,6.000000238419e-1,1.333333402872e-1,2.000000029802e-1
810,6.666666865349e-1,1.333333402872e-1,2.000000029802e-1,6.666666865349e-1,1.333333402872e-1,2.000000178814e-1,6.666666865349e-1,1.333333402872e-1,2.000000029802e-1
811,7.333333492279e-1,1.333333402872e-1,2.000000029802e-1,7.333333492279e-1,1.333333402872e-1,2.000000029802e-1,7.333333492279e-1,1.333333402872e-1,2.000000029802e-1
812,8.000000119209e-1,1.333333402872e-1,2.000000029802e-1,8.000000119209e-1,1.333333402872e-1,2.000000029802e-1,8.000000119209e-1,1.333333402872e-1,2.000000029802e-1
813,8.666666746140e-1,1.333333402872e-1,2.000000029802e-1,8.666666746140e-1,1.333333402872e-1,2.000000029802e-1,8.666666746140e-1,1.333333402872e-1,2.000000029802e-1
814,9.333333373070e-1,1.333333402872e-1,2.000000029802e-1,9.333333373070e-1,1.333333402872e-1,2.000000029802e-1,9.333333373070e-1,1.333333402872e-1,2.000000029802e-1
815,1.000000000000e0,1.333333402872e-1,2.000000029802e-1,1.000000000000e0,1.333333700895e-1,2.000000029802e-1,1.000000000000e0,1.333333402872e-1,2.000000029802e-1
816,0.000000000000e0,2.000000029802e-1,2.000000029802e-1,0.000000000000e0,2.000000029802e-1,2.000000029802e-1,2.241262744197e-17,2.000000029802e-1,2.000000029802e-1
817,6.666667014360e-2,2.000000029802e-1,2.000000029802e-1,6.666666269302e-2,2.000000029802e-1,2.000000029802e-1,6.666667014360e-2,2.000000029802e-1,2.000000029802e-1
818,1.333333402872e-1,2.000000029802e-1,2.000000029802e-1,1.333333551884e-1,2.000000029802e-1,2.000000029802e-1,1.333333402872e-1,2.000000029802e-1,2.000000029802e-1
819,2.000000029802e-1,2.000000029802e-1,2.000000029802e-1,2.000000029802e-1,2.000000029802e-1,2.000000029802e-1,2.000000029802e-1,2.000000029802e-1,2.000000029802e-1
820,2.666666805744e-1,2.000000029802e-1,2.000000029802e-1,2.666666805744e-1,2.000000029802e-1,1.999999880791e-1,2.666666805744e-1,2.000000029802e-1,2.000000029802e-1
821,3.333333432674e-1,2.000000029802e-1,2.000000029802e-1,3.333333432674e-1,2.000000029802e-1,2.000000178814e-1,3.333333432674e-1,2.000000029802e-1,2.000000029802e-1
822,4.000000059605e-1,2.000000029802e-1,2.000000029802e-1,3.999999761581e-1,2.000000029802e-1,2.000000029802e-1,4.000000059605e-1,2.000000029802e-1,2.000000029802e-1
823,4.666666686535e-1,2.000000029802e-1,2.000000029802e-1,4.666666686535e-1,2.000000029802e-1,2.000000029802e-1,4.666666686535e-1,2.000000029802e-1,2.000000029802e-1
824,5.333333611488e-1,2.000000029802e-1,2.000000029802e-1,5.333333611488e-1,2.000000029802e-1,2.000000029802e-1,5.333333611488e-1,2.000000029802e-1,2.000000029802e-1
825,6.000000238419e-1,2.000000029802e-1,2.000000029802e-1,6.000000238419e-1,2.000000029802e-1,2.000000029802e-1,6.000000238419e-1,2.000000029802e-1,2.000000029802e-1
826,6.666666865349e-1,2.000000029802e-1,2.000000029802e-1,6.666666865349e-1,2.000000029802e-1,2.000000029802e-1,6.666666865349e-1,2.000000029802e-1,2.000000029802e-1
827,7.333333492279e-1,2.000000029802e-1,2.000000029802e-1,7.333333492279e-1,2.000000029802e-1,2.000000029802e-1,7.333333492279e-1,2.000000029802e-1,2.000000029802e-1
828,8.000000119209e-1,2.000000029802e-1,2.000000029802e-1,8.000000119209e-1,1.999999880791e-1,1.999999880791e-1,8.000000119209e-1,2.000000029802e-1,2.000000029802e-1
829,8.666666746140e-1,2.000000029802e-1,2.000000029802e-1,8.666666746140e-1,2.000000327826e-1,1.999999880791e-1,8.666666746140e-1,2.000000029802e-1,2.000000029802e-1
830,9.333333373070e-1,2.000000029802e-1,2.000000029802e-1,9.333333373070e-1,2.000000029802e-1,2.000000327826e-1,9.333333373070e-1,2.000000029802e-1,2.000000029802e-1
831,1.000000000000e0,2.000000029802e-1,2.000000029802e-1,1.000000000000e0,2.000000178814e-1,1.999999880791e-1,1.000000000000e0,2.000000029802e-1,2.000000029802e-1
832,0.000000000000e0,2.666666805744e-1,2.000000029802e-1,0.000000000000e0,2.666666805744e-1,2.000000178814e-1,9.805524712657e-18,2.666666805744e-1,2.000000029802e-1
833,6.666667014360e-2,2.666666805744e-1,2.000000029802e-1,6.666666269302e-2,2.666666805744e-1,2.000000029802e-1,6.666667014360e-2,2.666666805744e-1,2.000000029802e-1
834,1.333333402872e-1,2.666666805744e-1,2.000000029802e-1,1.333333253860e-1,2.666666805744e-1,1.999999880791e-1,1.333333402872e-1,2.666666805744e-1,2.000000029802e-1
835,2.000000029802e-1,2.666666805744e-1,2.000000029802e-1,2.000000029802e-1,2.666666805744e-1,2.000000178814e-1,2.000000029802e-1,2.666666805744e-1,2.000000029802e-1
836,2.666666805744e-1,2.666666805744e-1,2.000000029802e-1,2.666666805744e-1,2.666666805744e-1,2.000000178814e-1,2.666666805744e-1,2.666666805744e-1,2.000000029802e-1
837,3.333333432674e-1,2.666666805744e-1,2.000000029802e-1,3.333333432674e-1,2.666666805744e-1,2.000000029802e-1,3.333333432674e-1,2.666666805744e-1,2.000000029802e-1
838,4.000000059605e-1,2.666666805744e-1,2.000000029802e-1,4.000000059605e-1,2.666666805744e-1,1.999999880791e-1,4.000000059605e-1,2.666666805744e-1,2.000000029802e-1
839,4.666666686535e-1,2.666666805744e-1,2.000000029802e-1,4.666666686535e-1,2.666666805744e-1,2.000000178814e-1,4.666666686535e-1,2.666666805744e-1,2.000000029802e-1
840,5.333333611488e-1,2.666666805744e-1,2.000000029802e-1,5.333333611488e-1,2.666666805744e-1,2.000000029802e-1,5.333333611488e-1,2.666666805744e-1,2.000000029802e-1
841,6.000000238419e-1,2.666666805744e-1,2.000000029802e-1,6.000000238419e-1,2.666666507721e-1,2.000000029802e-1,6.000000238419e-1,2.666666805744e-1,2.000000029802e-1
842,6.666666865349e-1,2.666666805744e-1,2.000000029802e-1,6.666666865349e-1,2.666666805744e-1,2.000000029802e-1,6.666666865349e-1,2.666666805744e-1,2.000000029802e-1
843,7.333333492279e-1,2.666666805744e-1,2.000000029802e-1,7.333333492279e-1,2.666666507721e-1,2.000000029802e-1,7.333333492279e-1,2.666666805744e-1,2.000000029802e-1
844,8.000000119209e-1,2.666666805744e-1,2.000000029802e-1,8.000000119209e-1,2.666666805744e-1,1.999999880791e-1,8.000000119209e-1,2.666666805744e-1,2.000000029802e-1
845,8.666666746140e-1,2.666666805744e-1,2.000000029802e-1,8.666666746140e-1,2.666666805744e-1,2.000000029802e-1,8.666666746140e-1,2.666666805744e-1,2.000000029802e-1
846,9.333333373070e-1,2.666666805744e-1,2.000000029802e-1,9.333333373070e-1,2.666666805744e-1,2.000000029802e-1,9.333333373070e-1,2.666666805744e-1,2.000000029802e-1
847,1.000000000000e0,2.666666805744e-1,2.000000029802e-1,1.000000000000e0,2.666667103767e-1,2.000000476837e-1,1.000000000000e0,2.666666805744e-1,2.000000029802e-1
848,0.000000000000e0,3.333333432674e-1,2.000000029802e-1,2.180924596473e-8,3.333333432674e-1,1.999999880791e-1,0.000000000000e0,3.333333432674e-1,2.000000029802e-1
849,6.666667014360e-2,3.333333432674e-1,2.000000029802e-1,6.666667759418e-2,3.333333432674e-1,2.000000029802e-1,6.666667014360e-2,3.333333432674e-1,2.000000029802e-1
850,1.333333402872e-1,3.333333432674e-1,2.000000029802e-1,1.333333551884e-1,3.333333432674e-1,2.000000029802e-1,1.333333402872e-1,3.333333432674e-1,2.000000029802e-1
851,2.000000029802e-1,3.333333432674e-1,2.000000029802e-1,2.000000029802e-1,3.333333432674e-1,2.000000029802e-1,2.000000029802e-1,3.333333432674e-1,2.000000029802e-1
852,2.666666805744e-1,3.333333432674e-1,2.000000029802e-1,2.666666507721e-1,3.333333432674e-1,2.000000029802e-1,2.666666805744e-1,3.333333432674e-1,2.000000029802e-1
853,3.333333432674e-1,3.333333432674e-1,2.000000029802e-1,3.333333432674e-1,3.333333432674e-1,2.000000029802e-1,3.333333432674e-1,3.333333432674e-1,2.000000029802e-1
854,4.000000059605e-1,3.333333432674e-1,2.000000029802e-1,4.000000059605e-1,3.333333730698e-1,2.000000029802e-1,4.000000059605e-1,3.333333432674e-1,2.000000029802e-1
855,4.666666686535e-1,3.333333432674e-1,2.000000029802e-1,4.666666686535e-1,3.333333432674e-1,2.000000029802e-1,4.666666686535e-1,3.333333432674e-1,2.000000029802e-1
856,5.333333611488e-1,3.333333432674e-1,2.000000029802e-1,5.333333611488e-1,3.333333432674e-1,2.000000029802e-1,5.333333611488e-1,3.333333432674e-1,2.000000029802e-1
857,6.000000238419e-1,3.333333432674e-1,2.000000029802e-1,6.000000834465e-1,3.333333432674e-1,2.000000029802e-1,6.000000238419e-1,3.333333432674e-1,2.000000029802e-1
858,6.666666865349e-1,3.333333432674e-1,2.000000029802e-1,6.666666865349e-1,3.333333432674e-1,2.000000029802e-1,6.666666865349e-1,3.333333432674e-1,2.000000029802e-1
859,7.333333492279e-1,3.333333432674e-1,2.000000029802e-1,7.333333492279e-1,3.333333432674e-1,2.000000029802e-1,7.333333492279e-1,3.333333432674e-1,2.000000029802e-1
860,8.000000119209e-1,3.333333432674e-1,2.000000029802e-1,8.000000715256e-1,3.333333432674e-1,2.000000178814e-1,8.000000119209e-1,3.333333432674e-1,2.000000029802e-1
861,8.666666746140e-1,3.333333432674e-1,2.000000029802e-1,8.666666746140e-1,3.333333432674e-1,2.000000029802e-1,8.666666746140e-1,3.333333432674e-1,2.000000029802e-1
862,9.333333373070e-1,3.333333432674e-1,2.000000029802e-1,9.333333373070e-1,3.333333432674e-1,2.000000029802e-1,9.333333373070e-1,3.333333432674e-1,2.000000029802e-1
863,1.000000000000e0,3.333333432674e-1,2.000000029802e-1,1.000000000000e0,3.333333134651e-1,2.000000178814e-1,1.000000000000e0,3.333333432674e-1,2.000000029802e-1
864,0.000000000000e0,4.000000059605e-1,2.000000029802e-1,7.520429612384e-9,4.000000059605e-1,2.000000029802e-1,0.000000000000e0,4.000000059605e-1,2.000000029802e-1
865,6.666667014360e-2,4.000000059605e-1,2.000000029802e-1,6.666669249535e-2,4.000000059605e-1,2.000000029802e-1,6.666667014360e-2,4.000000059605e-1,2.000000029802e-1
866,1.333333402872e-1,4.000000059605e-1,2.000000029802e-1,1.333333402872e-1,4.000000059605e-1,2.000000029802e-1,1.333333402872e-1,4.000000059605e-1,2.000000029802e-1
867,2.000000029802e-1,4.000000059605e-1,2.000000029802e-1,2.000000029802e-1,4.000000059605e-1,1.999999880791e-1,2.000000029802e-1,4.000000059605e-1,2.000000029802e-1
868,2.666666805744e-1,4.000000059605e-1,2.000000029802e-1,2.666666805744e-1,3.999999761581e-1,2.000000178814e-1,2.666666805744e-1,4.000000059605e-1,2.000000029802e-1
869,3.333333432674e-1,4.000000059605e-1,2.000000029802e-1,3.333333432674e-1,3.999999761581e-1,2.000000029802e-1,3.333333432674e-1,4.000000059605e-1,2.000000029802e-1
870,4.000000059605e-1,4.000000059605e-1,2.000000029802e-1,4.000000059605e-1,4.000000059605e-1,2.000000029802e-1,4.000000059605e-1,4.000000059605e-1,2.000000029802e-1
871,4.666666686535e-1,4.000000059605e-1,2.000000029802e-1,4.666666686535e-1,4.000000059605e-1,2.000000029802e-1,4.666666686535e-1,4.000000059605e-1,2.000000029802e-1
872,5.333333611488e-1,4.000000059605e-1,2.000000029802e-1,5.333333611488e-1,4.000000059605e-1,2.000000029802e-1,5.333333611488e-1,4.000000059605e-1,2.000000029802e-1
873,6.000000238419e-1,4.000000059605e-1,2.000000029802e-1,6.000000238419e-1,4.000000059605e-1,2.000000029802e-1,6.000000238419e-1,4.000000059605e-1,2.000000029802e-1
874,6.666666865349e-1,4.000000059605e-1,2.000000029802e-1,6.666666865349e-1,3.999999761581e-1,2.000000178814e-1,6.666666865349e-1,4.000000059605e-1,2.000000029802e-1
875,7.333333492279e-1,4.000000059605e-1,2.000000029802e-1,7.333333492279e-1,4.000000059605e-1,2.000000029802e-1,7.333333492279e-1,4.000000059605e-1,2.000000029802e-1
876,8.000000119209e-1,4.000000059605e-1,2.000000029802e-1,8.000000119209e-1,4.000000059605e-1,2.000000029802e-1,8.000000119209e-1,4.000000059605e-1,2.000000029802e-1
877,8.666666746140e-1,4.000000059605e-1,2.000000029802e-1,8.666666746140e-1,3.999999761581e-1,2.000000178814e-1,8.666666746140e-1,4.000000059605e-1,2.000000029802e-1
878,9.333333373070e-1,4.000000059605e-1,2.000000029802e-1,9.333333373070e-1,4.000000059605e-1,2.000000178814e-1,9.333333373070e-1,4.000000059605e-1,2.000000029802e-1
879,1.000000000000e0,4.000000059605e-1,2.000000029802e-1,1.000000000000e0,4.000000059605e-1,2.000000327826e-1,1.000000000000e0,4.000000059605e-1,2.000000029802e-1
880,0.000000000000e0,4.666666686535e-1,2.000000029802e-1,0.000000000000e0,4.666666686535e-1,2.000000178814e-1,1.919081255738e-16,4.666666686535e-1,2.000000029802e-1
881,6.666667014360e-2,4.666666686535e-1,2.000000029802e-1,6.666665524244e-2,4.666666686535e-1,1.999999880791e-1,6.666667014360e-2,4.666666686535e-1,2.000000029802e-1
882,1.333333402872e-1,4.666666686535e-1,2.000000029802e-1,1.333333104849e-1,4.666666686535e-1,2.000000029802e-1,1.333333402872e-1,4.666666686535e-1,2.000000029802e-1
883,2.000000029802e-1,4.666666686535e-1,2.000000029802e-1,2.000000029802e-1,4.666666686535e-1,2.000000029802e-1,2.000000029802e-1,4.666666686535e-1,2.000000029802e-1
884,2.666666805744e-1,4.666666686535e-1,2.000000029802e-1,2.666666507721e-1,4.666666686535e-1,2.000000029802e-1,2.666666805744e-1,4.666666686535e-1,2.000000029802e-1
885,3.333333432674e-1,4.666666686535e-1,2.000000029802e-1,3.333333432674e-1,4.666666388512e-1,2.000000029802e-1,3.333333432674e-1,4.666666686535e-1,2.000000029802e-1
886,4.000000059605e-1,4.666666686535e-1,2.000000029802e-1,4.000000357628e-1,4.666666686535e-1,2.000000029802e-1,4.000000059605e-1,4.666666686535e-1,2.000000029802e-1
887,4.666666686535e-1,4.666666686535e-1,2.000000029802e-1,4.666666686535e-1,4.666666984558e-1,2.000000327826e-1,4.666666686535e-1,4.666666686535e-1,2.000000029802e-1
888,5.333333611488e-1,4.666666686535e-1,2.000000029802e-1,5.333333611488e-1,4.666666984558e-1,2.000000029802e-1,5.333333611488e-1,4.666666686535e-1,2.000000029802e-1
889,6.000000238419e-1,4.666666686535e-1,2.000000029802e-1,6.000000238419e-1,4.666666984558e-1,2.000000178814e-1,6.000000238419e-1,4.666666686535e-1,2.000000029802e-1
890,6.666666865349e-1,4.666666686535e-1,2.000000029802e-1,6.666666865349e-1,4.666666984558e-1,2.000000029802e-1,6.666666865349e-1,4.666666686535e-1,2.000000029802e-1
891,7.333333492279e-1,4.666666686535e-1,2.000000029802e-1,7.333333492279e-1,4.666666388512e-1,1.999999880791e-1,7.333333492279e-1,4.666666686535e-1,2.000000029802e-1
892,8.000000119209e-1,4.666666686535e-1,2.000000029802e-1,8.000000119209e-1,4.666666686535e-1,2.000000029802e-1,8.000000119209e-1,4.666666686535e-1,2.000000029802e-1
893,8.666666746140e-1,4.666666686535e-1,2.000000029802e-1,8.666666746140e-1,4.666666686535e-1,2.000000327826e-1,8.666666746140e-1,4.666666686535e-1,2.000000029802e-1
894,9.333333373070e-1,4.666666686535e-1,2.000000029802e-1,9.333333373070e-1,4.666666388512e-1,2.000000327826e-1,9.333333373070e-1,4.666666686535e-1,2.000000029802e-1
895,1.000000000000e0,4.666666686535e-1,2.000000029802e-1,1.000000000000e0,4.666666388512e-1,2.000000029802e-1,1.000000000000e0,4.666666686535e-1,2.000000029802e-1
896,0.000000000000e0,5.333333611488e-1,2.000000029802e-1,3.083376043378e-8,5.333333611488e-1,1.999999731779e-1,3.361894149383e-16,5.333333611488e-1,2.000000029802e-1
897,6.666667014360e-2,5.333333611488e-1,2.000000029802e-1,6.666677445173e-2,5.333333611488e-1,2.000000029802e-1,6.666667014360e-2,5.333333611488e-1,2.000000029802e-1
898,1.333333402872e-1,5.333333611488e-1,2.000000029802e-1,1.333332508802e-1,5.333333611488e-1,2.000000029802e-1,1.333333402872e-1,5.333333611488e-1,2.000000029802e-1
899,2.000000029802e-1,5.333333611488e-1,2.000000029802e-1,2.000000327826e-1,5.333333611488e-1,1.999999731779e-1,2.000000029802e-1,5.333333611488e-1,2.000000029802e-1
900,2.666666805744e-1,5.333333611488e-1,2.000000029802e-1,2.666667103767e-1,5.333333611488e-1,2.000000029802e-1,2.666666805744e-1,5.333333611488e-1,2.000000029802e-1
901,3.333333432674e-1,5.333333611488e-1,2.000000029802e-1,3.333333432674e-1,5.333333611488e-1,2.000000029802e-1,3.333333432674e-1,5.333333611488e-1,2.000000029802e-1
902,4.000000059605e-1,5.333333611488e-1,2.000000029802e-1,4.000000059605e-1,5.333333611488e-1,2.000000178814e-1,4.000000059605e-1,5.333333611488e-1,2.000000029802e-1
903,4.666666686535e-1,5.333333611488e-1,2.000000029802e-1,4.666666388512e-1,5.333333611488e-1,2.000000327826e-1,4.666666686535e-1,5.333333611488e-1,2.000000029802e-1
904,5.333333611488e-1,5.333333611488e-1,2.000000029802e-1,5.333333611488e-1,5.333333611488e-1,2.000000327826e-1,5.333333611488e-1,5.333333611488e-1,2.000000029802e-1
905,6.000000238419e-1,5.333333611488e-1,2.000000029802e-1,6.000000238419e-1,5.333333611488e-1,2.000000029802e-1,6.000000238419e-1,5.333333611488e-1,2.000000029802e-1
906,6.666666865349e-1,5.333333611488e-1,2.000000029802e-1,6.666666269302e-1,5.333333611488e-1,2.000000178814e-1,6.666666865349e-1,5.333333611488e-1,2.000000029802e-1
907,7.333333492279e-1,5.333333611488e-1,2.000000029802e-1,7.333333492279e-1,5.333333611488e-1,2.000000029802e-1,7.333333492279e-1,5.333333611488e-1,2.000000029802e-1
908,8.000000119209e-1,5.333333611488e-1,2.000000029802e-1,8.000000119209e-1,5.333333611488e-1,2.000000029802e-1,8.000000119209e-1,5.333333611488e-1,2.000000029802e-1
909,8.666666746140e-1,5.333333611488e-1,2.000000029802e-1,8.666666746140e-1,5.333333611488e-1,2.000000029802e-1,8.666666746140e-1,5.333333611488e-1,2.000000029802e-1
910,9.333333373070e-1,5.333333611488e-1,2.000000029802e-1,9.333333373070e-1,5.333333611488e-1,2.000000327826e-1,9.333333373070e-1,5.333333611488e-1,2.000000029802e-1
911,1.000000000000e0,5.333333611488e-1,2.000000029802e-1,1.000000000000e0,5.333333611488e-1,2.000000029802e-1,1.000000000000e0,5.333333611488e-1,2.000000029802e-1
912,0.000000000000e0,6.000000238419e-1,2.000000029802e-1,1.541688163798e-7,6.000000238419e-1,2.000000327826e-1,6.443630430925e-17,6.000000238419e-1,2.000000029802e-1
913,6.666667014360e-2,6.000000238419e-1,2.000000029802e-1,6.666663289070e-2,6.000000238419e-1,1.999999880791e-1,6.666667014360e-2,6.000000238419e-1,2.000000029802e-1
914,1.333333402872e-1,6.000000238419e-1,2.000000029802e-1,1.333333700895e-1,6.000000238419e-1,2.000000029802e-1,1.333333402872e-1,6.000000238419e-1,2.000000029802e-1
915,2.000000029802e-1,6.000000238419e-1,2.000000029802e-1,1.999999731779e-1,6.000000238419e-1,2.000000178814e-1,2.000000029802e-1,6.000000238419e-1,2.000000029802e-1
916,2.666666805744e-1,6.000000238419e-1,2.000000029802e-1,2.666666507721e-1,6.000000238419e-1,2.000000029802e-1,2.666666805744e-1,6.000000238419e-1,2.000000029802e-1
917,3.333333432674e-1,6.000000238419e-1,2.000000029802e-1,3.333333432674e-1,6.000000238419e-1,2.000000029802e-1,3.333333432674e-1,6.000000238419e-1,2.000000029802e-1
918,4.000000059605e-1,6.000000238419e-1,2.000000029802e-1,4.000000357628e-1,6.000000238419e-1,2.000000029802e-1,4.000000059605e-1,6.000000238419e-1,2.000000029802e-1
919,4.666666686535e-1,6.000000238419e-1,2.000000029802e-1,4.666666388512e-1,6.000000238419e-1,2.000000029802e-1,4.666666686535e-1,6.000000238419e-1,2.000000029802e-1
920,5.333333611488e-1,6.000000238419e-1,2.000000029802e-1,5.333333611488e-1,6.000000238419e-1,1.999999731779e-1,5.333333611488e-1,6.000000238419e-1,2.000000029802e-1
921,6.000000238419e-1,6.000000238419e-1,2.000000029802e-1,6.000000238419e-1,6.000000238419e-1,2.000000327826e-1,6.000000238419e-1,6.000000238419e-1,2.000000029802e-1
922,6.666666865349e-1,6.000000238419e-1,2.000000029802e-1,6.666666865349e-1,6.000000238419e-1,2.000000029802e-1,6.666666865349e-1,6.000000238419e-1,2.000000029802e-1
923,7.333333492279e-1,6.000000238419e-1,2.000000029802e-1,7.333333492279e-1,6.000000238419e-1,2.000000029802e-1,7.333333492279e-1,6.000000238419e-1,2.000000029802e-1
924,8.000000119209e-1,6.000000238419e-1,2.000000029802e-1,7.999999523163e-1,6.000000238419e-1,2.000000029802e-1,8.000000119209e-1,6.000000238419e-1,2.000000029802e-1
925,8.666666746140e-1,6.000000238419e-1,2.000000029802e-1,8.666666746140e-1,6.000000238419e-1,2.000000476837e-1,8.666666746140e-1,6.000000238419e-1,2.000000029802e-1
926,9.333333373070e-1,6.000000238419e-1,2.000000029802e-1,9.333333373070e-1,6.000000238419e-1,2.000000029802e-1,9.333333373070e-1,6.000000238419e-1,2.000000029802e-1
927,1.000000000000e0,6.000000238419e-1,2.000000029802e-1,1.000000000000e0,6.000000238419e-1,2.000000029802e-1,1.000000000000e0,6.000000238419e-1,2.000000029802e-1
928,0.000000000000e0,6.666666865349e-1,2.000000029802e-1,0.000000000000e0,6.666666865349e-1,2.000000178814e-1,0.000000000000e0,6.666666865349e-1,2.000000029802e-1
929,6.666667014360e-2,6.666666865349e-1,2.000000029802e-1,6.666667759418e-2,6.666666865349e-1,1.999999731779e-1,6.666667014360e-2,6.666666865349e-1,2.000000029802e-1
930,1.333333402872e-1,6.666666865349e-1,2.000000029802e-1,1.333333551884e-1,6.666666865349e-1,2.000000029802e-1,1.333333402872e-1,6.666666865349e-1,2.000000029802e-1
931,2.000000029802e-1,6.666666865349e-1,2.000000029802e-1,1.999999284744e-1,6.666666865349e-1,2.000000029802e-1,2.000000029802e-1,6.666666865349e-1,2.000000029802e-1
932,2.666666805744e-1,6.666666865349e-1,2.000000029802e-1,2.666667103767e-1,6.666666865349e-1,2.000000178814e-1,2.666666805744e-1,6.666666865349e-1,2.000000029802e-1
933,3.333333432674e-1,6.666666865349e-1,2.000000029802e-1,3.333333432674e-1,6.666666865349e-1,2.000000029802e-1,3.333333432674e-1,6.666666865349e-1,2.000000029802e-1
934,4.000000059605e-1,6.666666865349e-1,2.000000029802e-1,4.000000059605e-1,6.666666269302e-1,2.000000327826e-1,4.000000059605e-1,6.666666865349e-1,2.000000029802e-1
935,4.666666686535e-1,6.666666865349e-1,2.000000029802e-1,4.666666984558e-1,6.666666865349e-1,2.000000327826e-1,4.666666686535e-1,6.666666865349e-1,2.000000029802e-1
936,5.333333611488e-1,6.666666865349e-1,2.000000029802e-1,5.333333611488e-1,6.666667461395e-1,2.000000327826e-1,5.333333611488e-1,6.666666865349e-1,2.000000029802e-1
937,6.000000238419e-1,6.666666865349e-1,2.000000029802e-1,6.000000238419e-1,6.666666865349e-1,1.999999880791e-1,6.000000238419e-1,6.666666865349e-1,2.000000029802e-1
938,6.666666865349e-1,6.666666865349e-1,2.000000029802e-1,6.666666865349e-1,6.666666865349e-1,2.000000178814e-1,6.666666865349e-1,6.666666865349e-1,2.000000029802e-1
939,7.333333492279e-1,6.666666865349e-1,2.000000029802e-1,7.333333492279e-1,6.666666865349e-1,2.000000029802e-1,7.333333492279e-1,6.666666865349e-1,2.000000029802e-1
940,8.000000119209e-1,6.666666865349e-1,2.000000029802e-1,7.999999523163e-1,6.666666865349e-1,2.000000029802e-1,8.000000119209e-1,6.666666865349e-1,2.000000029802e-1
941,8.666666746140e-1,6.666666865349e-1,2.000000029802e-1,8.666666746140e-1,6.666666865349e-1,2.000000029802e-1,8.666666746140e-1,6.666666865349e-1,2.000000029802e-1
942,9.333333373070e-1,6.666666865349e-1,2.000000029802e-1,9.333333373070e-1,6.666666865349e-1,2.000000327826e-1,9.333333373070e-1,6.666666865349e-1,2.000000029802e-1
943,1.000000000000e0,6.666666865349e-1,2.000000029802e-1,1.000000000000e0,6.666666865349e-1,2.000000327826e-1,1.000000000000e0,6.666666865349e-1,2.000000029802e-1
944,0.000000000000e0,7.333333492279e-1,2.000000029802e-1,0.000000000000e0,7.333333492279e-1,2.000000923872e-1,3.978241379221e-16,7.333333492279e-1,2.000000029802e-1
945,6.666667014360e-2,7.333333492279e-1,2.000000029802e-1,6.666669994593e-2,7.333333492279e-1,2.000000327826e-1,6.666667014360e-2,7.333333492279e-1,2.000000029802e-1
946,1.333333402872e-1,7.333333492279e-1,2.000000029802e-1,1.333333253860e-1,7.333333492279e-1,2.000000029802e-1,1.333333402872e-1,7.333333492279e-1,2.000000029802e-1
947,2.000000029802e-1,7.333333492279e-1,2.000000029802e-1,1.999999880791e-1,7.333333492279e-1,2.000000029802e-1,2.000000029802e-1,7.333333492279e-1,2.000000029802e-1
948,2.666666805744e-1,7.333333492279e-1,2.000000029802e-1,2.666666507721e-1,7.333332896233e-1,2.000000327826e-1,2.666666805744e-1,7.333333492279e-1,2.000000029802e-1
949,3.333333432674e-1,7.333333492279e-1,2.000000029802e-1,3.333333134651e-1,7.333332896233e-1,2.000000029802e-1,3.333333432674e-1,7.333333492279e-1,2.000000029802e-1
950,4.000000059605e-1,7.333333492279e-1,2.000000029802e-1,4.000000059605e-1,7.333333492279e-1,1.999999731779e-1,4.000000059605e-1,7.333333492279e-1,2.000000029802e-1
951,4.666666686535e-1,7.333333492279e-1,2.000000029802e-1,4.666666686535e-1,7.333332896233e-1,2.000000029802e-1,4.666666686535e-1,7.333333492279e-1,2.000000029802e-1
952,5.333333611488e-1,7.333333492279e-1,2.000000029802e-1,5.333333611488e-1,7.333333492279e-1,2.000000029802e-1,5.333333611488e-1,7.333333492279e-1,2.000000029802e-1
953,6.000000238419e-1,7.333333492279e-1,2.000000029802e-1,6.000000238419e-1,7.333333492279e-1,2.000000327826e-1,6.000000238419e-1,7.333333492279e-1,2.000000029802e-1
954,6.666666865349e-1,7.333333492279e-1,2.000000029802e-1,6.666666865349e-1,7.333333492279e-1,2.000000029802e-1,6.666666865349e-1,7.333333492279e-1,2.000000029802e-1
955,7.333333492279e-1,7.333333492279e-1,2.000000029802e-1,7.333332896233e-1,7.333332896233e-1,2.000000327826e-1,7.333333492279e-1,7.333333492279e-1,2.000000029802e-1
956,8.000000119209e-1,7.333333492279e-1,2.000000029802e-1,8.000000119209e-1,7.333333492279e-1,2.000000029802e-1,8.000000119209e-1,7.333333492279e-1,2.000000029802e-1
957,8.666666746140e-1,7.333333492279e-1,2.000000029802e-1,8.666666746140e-1,7.333333492279e-1,2.000000029802e-1,8.666666746140e-1,7.333333492279e-1,2.000000029802e-1
958,9.333333373070e-1,7.333333492279e-1,2.000000029802e-1,9.333333373070e-1,7.333333492279e-1,1.999999880791e-1,9.333333373070e-1,7.333333492279e-1,2.000000029802e-1
959,1.000000000000e0,7.333333492279e-1,2.000000029802e-1,1.000000000000e0,7.333333492279e-1,2.000004649162e-1,1.000000000000e0,7.333333492279e-1,2.000000029802e-1
960,0.000000000000e0,8.000000119209e-1,2.000000029802e-1,0.000000000000e0,8.000000119209e-1,2.000000029802e-1,0.000000000000e0,8.000000119209e-1,2.000000029802e-1
961,6.666667014360e-2,8.000000119209e-1,2.000000029802e-1,6.666667014360e-2,8.000000715256e-1,1.999999731779e-1,6.666667014360e-2,8.000000119209e-1,2.000000029802e-1
962,1.333333402872e-1,8.000000119209e-1,2.000000029802e-1,1.333333551884e-1,8.000000119209e-1,2.000000029802e-1,1.333333402872e-1,8.000000119209e-1,2.000000029802e-1
963,2.000000029802e-1,8.000000119209e-1,2.000000029802e-1,1.999999880791e-1,8.000000119209e-1,1.999999880791e-1,2.000000029802e-1,8.000000119209e-1,2.000000029802e-1
964,2.666666805744e-1,8.000000119209e-1,2.000000029802e-1,2.666666507721e-1,8.000000119209e-1,2.000000029802e-1,2.666666805744e-1,8.000000119209e-1,2.000000029802e-1
965,3.333333432674e-1,8.000000119209e-1,2.000000029802e-1,3.333333432674e-1,8.000000119209e-1,2.000000327826e-1,3.333333432674e-1,8.000000119209e-1,2.000000029802e-1
966,4.000000059605e-1,8.000000119209e-1,2.000000029802e-1,4.000000059605e-1,8.000000119209e-1,1.999999731779e-1,4.000000059605e-1,8.000000119209e-1,2.000000029802e-1
967,4.666666686535e-1,8.000000119209e-1,2.000000029802e-1,4.666666686535e-1,8.000000119209e-1,2.000000029802e-1,4.666666686535e-1,8.000000119209e-1,2.000000029802e-1
968,5.333333611488e-1,8.000000119209e-1,2.000000029802e-1,5.333333611488e-1,8.000000119209e-1,1.999999731779e-1,5.333333611488e-1,8.000000119209e-1,2.000000029802e-1
969,6.000000238419e-1,8.000000119209e-1,2.000000029802e-1,6.000000238419e-1,8.000000715256e-1,1.999999731779e-1,6.000000238419e-1,8.000000119209e-1,2.000000029802e-1
970,6.666666865349e-1,8.000000119209e-1,2.000000029802e-1,6.666666865349e-1,8.000000119209e-1,2.000000029802e-1,6.666666865349e-1,8.000000119209e-1,2.000000029802e-1
971,7.333333492279e-1,8.000000119209e-1,2.000000029802e-1,7.333333492279e-1,8.000000119209e-1,2.000000029802e-1,7.333333492279e-1,8.000000119209e-1,2.000000029802e-1
972,8.000000119209e-1,8.000000119209e-1,2.000000029802e-1,8.000000119209e-1,8.000000119209e-1,2.000000327826e-1,8.000000119209e-1,8.000000119209e-1,2.000000029802e-1
973,8.666666746140e-1,8.000000119209e-1,2.000000029802e-1,8.666666150093e-1,8.000000119209e-1,2.000000029802e-1,8.666666746140e-1,8.000000119209e-1,2.000000029802e-1
974,9.333333373070e-1,8.000000119209e-1,2.000000029802e-1,9.333333373070e-1,8.000000119209e-1,1.999999880791e-1,9.333333373070e-1,8.000000119209e-1,2.000000029802e-1
975,1.000000000000e0,8.000000119209e-1,2.000000029802e-1,9.999999403954e-1,8.000000119209e-1,1.999999731779e-1,1.000000000000e0,8.000000119209e-1,2.000000029802e-1
976,0.000000000000e0,8.666666746140e-1,2.000000029802e-1,0.000000000000e0,8.666666746140e-1,2.000000327826e-1,0.000000000000e0,8.666666746140e-1,2.000000029802e-1
977,6.666667014360e-2,8.666666746140e-1,2.000000029802e-1,6.666662544012e-2,8.666666746140e-1,2.000000029802e-1,6.666667014360e-2,8.666666746140e-1,2.000000029802e-1
978,1.333333402872e-1,8.666666746140e-1,2.000000029802e-1,1.333333700895e-1,8.666666746140e-1,2.000000029802e-1,1.333333402872e-1,8.666666746140e-1,2.000000029802e-1
979,2.000000029802e-1,8.666666746140e-1,2.000000029802e-1,1.999999880791e-1,8.666666746140e-1,2.000000178814e-1,2.000000029802e-1,8.666666746140e-1,2.000000029802e-1
980,2.666666805744e-1,8.666666746140e-1,2.000000029802e-1,2.666666805744e-1,8.666666746140e-1,1.999999880791e-1,2.666666805744e-1,8.666666746140e-1,2.000000029802e-1
981,3.333333432674e-1,8.666666746140e-1,2.000000029802e-1,3.333333432674e-1,8.666666150093e-1,1.999999880791e-1,3.333333432674e-1,8.666666746140e-1,2.000000029802e-1
982,4.000000059605e-1,8.666666746140e-1,2.000000029802e-1,4.000000059605e-1,8.666666746140e-1,2.000000029802e-1,4.000000059605e-1,8.666666746140e-1,2.000000029802e-1
983,4.666666686535e-1,8.666666746140e-1,2.000000029802e-1,4.666666686535e-1,8.666666746140e-1,2.000000029802e-1,4.666666686535e-1,8.666666746140e-1,2.000000029802e-1
984,5.333333611488e-1,8.666666746140e-1,2.000000029802e-1,5.333333611488e-1,8.666666746140e-1,1.999999433756e-1,5.333333611488e-1,8.666666746140e-1,2.000000029802e-1
985,6.000000238419e-1,8.666666746140e-1,2.000000029802e-1,6.000000238419e-1,8.666666746140e-1,2.000000327826e-1,6.000000238419e-1,8.666666746140e-1,2.000000029802e-1
986,6.666666865349e-1,8.666666746140e-1,2.000000029802e-1,6.666666269302e-1,8.666666746140e-1,1.999999731779e-1,6.666666865349e-1,8.666666746140e-1,2.000000029802e-1
987,7.333333492279e-1,8.666666746140e-1,2.000000029802e-1,7.333333492279e-1,8.666667342186e-1,2.000000029802e-1,7.333333492279e-1,8.666666746140e-1,2.000000029802e-1
988,8.000000119209e-1,8.666666746140e-1,2.000000029802e-1,7.999999523163e-1,8.666667342186e-1,2.000000029802e-1,8.000000119209e-1,8.666666746140e-1,2.000000029802e-1
989,8.666666746140e-1,8.666666746140e-1,2.000000029802e-1,8.666666746140e-1,8.666666746140e-1,2.000000029802e-1,8.666666746140e-1,8.666666746140e-1,2.000000029802e-1
990,9.333333373070e-1,8.666666746140e-1,2.000000029802e-1,9.333333373070e-1,8.666666746140e-1,1.999999731779e-1,9.333333373070e-1,8.666666746140e-1,2.000000029802e-1
991,1.000000000000e0,8.666666746140e-1,2.000000029802e-1,1.000000000000e0,8.666666746140e-1,2.000000029802e-1,1.000000000000e0,8.666666746140e-1,2.000000029802e-1
992,0.000000000000e0,9.333333373070e-1,2.000000029802e-1,0.000000000000e0,9.333333373070e-1,2.000000774860e-1,0.000000000000e0,9.333333373070e-1,2.000000029802e-1
993,6.666667014360e-2,9.333333373070e-1,2.000000029802e-1,6.666719168425e-2,9.333333373070e-1,2.000000178814e-1,6.666667014360e-2,9.333333373070e-1,2.000000029802e-1
994,1.333333402872e-1,9.333333373070e-1,2.000000029802e-1,1.333333253860e-1,9.333333373070e-1,2.000000029802e-1,1.333333402872e-1,9.333333373070e-1,2.000000029802e-1
995,2.000000029802e-1,9.333333373070e-1,2.000000029802e-1,2.000000029802e-1,9.333333373070e-1,1.999999880791e-1,2.000000029802e-1,9.333333373070e-1,2.000000029802e-1
996,2.666666805744e-1,9.333333373070e-1,2.000000029802e-1,2.666667401791e-1,9.333333373070e-1,2.000000029802e-1,2.666666805744e-1,9.333333373070e-1,2.000000029802e-1
997,3.333333432674e-1,9.333333373070e-1,2.000000029802e-1,3.333334028721e-1,9.333333373070e-1,2.000000327826e-1,3.333333432674e-1,9.333333373070e-1,2.000000029802e-1
998,4.000000059605e-1,9.333333373070e-1,2.000000029802e-1,3.999999761581e-1,9.333333373070e-1,2.000000327826e-1,4.000000059605e-1,9.333333373070e-1,2.000000029802e-1
999,4.666666686535e-1,9.333333373070e-1,2.000000029802e-1,4.666666984558e-1,9.333333373070e-1,1.999999880791e-1,4.666666686535e-1,9.333333373070e-1,2.000000029802e-1
1000,5.333333611488e-1,9.333333373070e-1,2.000000029802e-1,5.333333611488e-1,9.333333373070e-1,2.000000029802e-1,5.333333611488e-1,9.333333373070e-1,2.000000029802e-1
1001,6.000000238419e-1,9.333333373070e-1,2.000000029802e-1,6.000000238419e-1,9.333333373070e-1,2.000000029802e-1,6.000000238419e-1,9.333333373070e-1,2.000000029802e-1
1002,6.666666865349e-1,9.333333373070e-1,2.000000029802e-1,6.666667461395e-1,9.333333373070e-1,1.999999880791e-1,6.666666865349e-1,9.333333373070e-1,2.000000029802e-1
1003,7.333333492279e-1,9.333333373070e-1,2.000000029802e-1,7.333333492279e-1,9.333333373070e-1,2.000000029802e-1,7.333333492279e-1,9.333333373070e-1,2.000000029802e-1
1004,8.000000119209e-1,9.333333373070e-1,2.000000029802e-1,8.000000119209e-1,9.333333373070e-1,2.000000029802e-1,8.000000119209e-1,9.333333373070e-1,2.000000029802e-1
1005,8.666666746140e-1,9.333333373070e-1,2.000000029802e-1,8.666666746140e-1,9.333333373070e-1,2.000000029802e-1,8.666666746140e-1,9.333333373070e-1,2.000000029802e-1
1006,9.333333373070e-1,9.333333373070e-1,2.000000029802e-1,9.333333969116e-1,9.333333373070e-1,2.000000029802e-1,9.333333373070e-1,9.333333373070e-1,2.000000029802e-1
1007,1.000000000000e0,9.333333373070e-1,2.000000029802e-1,1.000000000000e0,9.333333373070e-1,2.000017464161e-1,1.000000000000e0,9.333333373070e-1,2.000000029802e-1
1008,0.000000000000e0,1.000000000000e0,2.000000029802e-1,4.066554879500e-7,9.999999403954e-1,2.000000029802e-1,9.827411911665e-18,1.000000000000e0,2.000000029802e-1
1009,6.666667014360e-2,1.000000000000e0,2.000000029802e-1,6.666726619005e-2,9.999999403954e-1,2.000000178814e-1,6.666667014360e-2,1.000000000000e0,2.000000029802e-1
1010,1.333333402872e-1,1.000000000000e0,2.000000029802e-1,1.333333104849e-1,1.000000000000e0,2.000000029802e-1,1.333333402872e-1,1.000000000000e0,2.000000029802e-1
1011,2.000000029802e-1,1.000000000000e0,2.000000029802e-1,2.000009566545e-1,1.000000000000e0,2.000009715557e-1,2.000000029802e-1,1.000000000000e0,2.000000029802e-1
1012,2.666666805744e-1,1.000000000000e0,2.000000029802e-1,2.666666209698e-1,1.000000000000e0,2.000000476837e-1,2.666666805744e-1,1.000000000000e0,2.000000029802e-1
1013,3.333333432674e-1,1.000000000000e0,2.000000029802e-1,3.333334624767e-1,1.000000000000e0,2.000000029802e-1,3.333333432674e-1,1.000000000000e0,2.000000029802e-1
1014,4.000000059605e-1,1.000000000000e0,2.000000029802e-1,4.000000357628e-1,1.000000000000e0,2.000000327826e-1,4.000000059605e-1,1.000000000000e0,2.000000029802e-1
1015,4.666666686535e-1,1.000000000000e0,2.000000029802e-1,4.666666686535e-1,1.000000000000e0,2.000000029802e-1,4.666666686535e-1,1.000000000000e0,2.000000029802e-1
1016,5.333333611488e-1,1.000000000000e0,2.000000029802e-1,5.333333611488e-1,1.000000000000e0,2.000000327826e-1,5.333333611488e-1,1.000000000000e0,2.000000029802e-1
1017,6.000000238419e-1,1.000000000000e0,2.000000029802e-1,6.000000238419e-1,1.000000000000e0,1.999999731779e-1,6.000000238419e-1,1.000000000000e0,2.000000029802e-1
1018,6.666666865349e-1,1.000000000000e0,2.000000029802e-1,6.666666865349e-1,1.000000000000e0,1.999999880791e-1,6.666666865349e-1,1.000000000000e0,2.000000029802e-1
1019,7.333333492279e-1,1.000000000000e0,2.000000029802e-1,7.333333492279e-1,1.000000000000e0,2.000000774860e-1,7.333333492279e-1,1.000000000000e0,2.000000029802e-1
1020,8.000000119209e-1,1.000000000000e0,2.000000029802e-1,8.000000715256e-1,1.000000000000e0,2.000000029802e-1,8.000000119209e-1,1.000000000000e0,2.000000029802e-1
1021,8.666666746140e-1,1.000000000000e0,2.000000029802e-1,8.666666150093e-1,1.000000000000e0,2.000000476837e-1,8.666666746140e-1,1.000000000000e0,2.000000029802e-1
1022,9.333333373070e-1,1.000000000000e0,2.000000029802e-1,9.333333373070e-1,1.000000000000e0,2.000032961369e-1,9.333333373070e-1,1.000000000000e0,2.000000029802e-1
1023,1.000000000000e0,1.000000000000e0,2.000000029802e-1,1.000000000000e0,1.000000000000e0,2.000000327826e-1,1.000000000000e0,1.000000000000e0,2.000000029802e-1
1024,0.000000000000e0,0.000000000000e0,2.666666805744e-1,6.768386739964e-9,0.000000000000e0,2.666666805744e-1,0.000000000000e0,2.241262744197e-17,2.666666805744e-1
1025,6.666667014360e-2,0.000000000000e0,2.666666805744e-1,6.666667759418e-2,0.000000000000e0,2.666666805744e-1,6.666667014360e-2,2.801578430246e-18,2.666666805744e-1
1026,1.333333402872e-1,0.000000000000e0,2.666666805744e-1,1.333333551884e-1,3.008171933772e-9,2.666666805744e-1,1.333333402872e-1,0.000000000000e0,2.666666805744e-1
1027,2.000000029802e-1,0.000000000000e0,2.666666805744e-1,1.999999880791e-1,0.000000000000e0,2.666666805744e-1,2.000000029802e-1,1.120631372098e-17,2.666666805744e-1
1028,2.666666805744e-1,0.000000000000e0,2.666666805744e-1,2.666667103767e-1,1.504085966886e-9,2.666666805744e-1,2.666666805744e-1,1.120631372098e-17,2.666666805744e-1
1029,3.333333432674e-1,0.000000000000e0,2.666666805744e-1,3.333333432674e-1,0.000000000000e0,2.666666805744e-1,3.333333432674e-1,0.000000000000e0,2.666666805744e-1
1030,4.000000059605e-1,0.000000000000e0,2.666666805744e-1,4.000000059605e-1,0.000000000000e0,2.666666805744e-1,4.000000059605e-1,0.000000000000e0,2.666666805744e-1
1031,4.666666686535e-1,0.000000000000e0,2.666666805744e-1,4.666666686535e-1,6.016343867543e-9,2.666666805744e-1,4.666666686535e-1,0.000000000000e0,2.666666805744e-1
1032,5.333333611488e-1,0.000000000000e0,2.666666805744e-1,5.333333611488e-1,0.000000000000e0,2.666666805744e-1,5.333333611488e-1,0.000000000000e0,2.666666805744e-1
1033,6.000000238419e-1,0.000000000000e0,2.666666805744e-1,6.000000238419e-1,0.000000000000e0,2.666666805744e-1,6.000000238419e-1,0.000000000000e0,2.666666805744e-1
1034,6.666666865349e-1,0.000000000000e0,2.666666805744e-1,6.666666269302e-1,3.008171933772e-9,2.666666805744e-1,6.666666865349e-1,0.000000000000e0,2.666666805744e-1
1035,7.333333492279e-1,0.000000000000e0,2.666666805744e-1,7.333333492279e-1,3.459397746042e-8,2.666666805744e-1,7.333333492279e-1,0.000000000000e0,2.666666805744e-1
1036,8.000000119209e-1,0.000000000000e0,2.666666805744e-1,8.000000119209e-1,0.000000000000e0,2.666666805744e-1,8.000000119209e-1,0.000000000000e0,2.666666805744e-1
1037,8.666666746140e-1,0.000000000000e0,2.666666805744e-1,8.666666746140e-1,0.000000000000e0,2.666666805744e-1,8.666666746140e-1,0.000000000000e0,2.666666805744e-1
1038,9.333333373070e-1,0.000000000000e0,2.666666805744e-1,9.333333373070e-1,0.000000000000e0,2.666666805744e-1,9.333333373070e-1,0.000000000000e0,2.666666805744e-1
1039,1.000000000000e0,0.000000000000e0,2.666666805744e-1,1.000000000000e0,6.655580619963e-8,2.666666805744e-1,1.000000000000e0,5.603156860492e-18,2.666666805744e-1
1040,0.000000000000e0,6.666667014360e-2,2.666666805744e-1,5.264300995123e-9,6.666667759418e-2,2.666667103767e-1,1.400789215123e-18,6.666667014360e-2,2.666666805744e-1
1041,6.666667014360e-2,6.666667014360e-2,2.666666805744e-1,6.666667014360e-2,6.666666269302e-2,2.666666805744e-1,6.666667014360e-2,6.666667014360e-2,2.666666805744e-1
1042,1.333333402872e-1,6.666667014360e-2,2.666666805744e-1,1.333333402872e-1,6.666667014360e-2,2.666666805744e-1,1.333333402872e-1,6.666667014360e-2,2.666666805744e-1
1043,2.000000029802e-1,6.666667014360e-2,2.666666805744e-1,2.000000029802e-1,6.666667759418e-2,2.666666805744e-1,2.000000029802e-1,6.666667014360e-2,2.666666805744e-1
1044,2.666666805744e-1,6.666667014360e-2,2.666666805744e-1,2.666666805744e-1,6.666666269302e-2,2.666666805744e-1,2.666666805744e-1,6.666667014360e-2,2.666666805744e-1
1045,3.333333432674e-1,6.666667014360e-2,2.666666805744e-1,3.333333432674e-1,6.666667759418e-2,2.666666805744e-1,3.333333432674e-1,6.666667014360e-2,2.666666805744e-1
1046,4.000000059605e-1,6.666667014360e-2,2.666666805744e-1,4.000000357628e-1,6.666667014360e-2,2.666666805744e-1,4.000000059605e-1,6.666667014360e-2,2.666666805744e-1
1047,4.666666686535e-1,6.666667014360e-2,2.666666805744e-1,4.666666388512e-1,6.666668504477e-2,2.666667103767e-1,4.666666686535e-1,6.666667014360e-2,2.666666805744e-1
1048,5.333333611488e-1,6.666667014360e-2,2.666666805744e-1,5.333333611488e-1,6.666667014360e-2,2.666667103767e-1,5.333333611488e-1,6.666667014360e-2,2.666666805744e-1
1049,6.000000238419e-1,6.666667014360e-2,2.666666805744e-1,6.000000238419e-1,6.666668504477e-2,2.666667103767e-1,6.000000238419e-1,6.666667014360e-2,2.666666805744e-1
1050,6.666666865349e-1,6.666667014360e-2,2.666666805744e-1,6.666667461395e-1,6.666668504477e-2,2.666666805744e-1,6.666666865349e-1,6.666667014360e-2,2.666666805744e-1
1051,7.333333492279e-1,6.666667014360e-2,2.666666805744e-1,7.333333492279e-1,6.666668504477e-2,2.666666805744e-1,7.333333492279e-1,6.666667014360e-2,2.666666805744e-1
1052,8.000000119209e-1,6.666667014360e-2,2.666666805744e-1,7.999999523163e-1,6.666668504477e-2,2.666666507721e-1,8.000000119209e-1,6.666667014360e-2,2.666666805744e-1
1053,8.666666746140e-1,6.666667014360e-2,2.666666805744e-1,8.666666746140e-1,6.666667014360e-2,2.666666507721e-1,8.666666746140e-1,6.666667014360e-2,2.666666805744e-1
1054,9.333333373070e-1,6.666667014360e-2,2.666666805744e-1,9.333333373070e-1,6.666670739651e-2,2.666666805744e-1,9.333333373070e-1,6.666667014360e-2,2.666666805744e-1
1055,1.000000000000e0,6.666667014360e-2,2.666666805744e-1,1.000000000000e0,6.666664034128e-2,2.666666805744e-1,1.000000000000e0,6.666667014360e-2,2.666666805744e-1
1056,0.000000000000e0,1.333333402872e-1,2.666666805744e-1,7.520429834429e-10,1.333333551884e-1,2.666666805744e-1,4.202367438574e-18,1.333333402872e-1,2.666666805744e-1
1057,6.666667014360e-2,1.333333402872e-1,2.666666805744e-1,6.666667759418e-2,1.333333402872e-1,2.666666805744e-1,6.666667014360e-2,1.333333402872e-1,2.666666805744e-1
1058,1.333333402872e-1,1.333333402872e-1,2.666666805744e-1,1.333333402872e-1,1.333333551884e-1,2.666666805744e-1,1.333333402872e-1,1.333333402872e-1,2.666666805744e-1
1059,2.000000029802e-1,1.333333402872e-1,2.666666805744e-1,2.000000178814e-1,1.333333551884e-1,2.666666805744e-1,2.000000029802e-1,1.333333402872e-1,2.666666805744e-1
1060,2.666666805744e-1,1.333333402872e-1,2.666666805744e-1,2.666666805744e-1,1.333333253860e-1,2.666666805744e-1,2.666666805744e-1,1.333333402872e-1,2.666666805744e-1
1061,3.333333432674e-1,1.333333402872e-1,2.666666805744e-1,3.333333432674e-1,1.333333402872e-1,2.666666805744e-1,3.333333432674e-1,1.333333402872e-1,2.666666805744e-1
1062,4.000000059605e-1,1.333333402872e-1,2.666666805744e-1,3.999999761581e-1,1.333333253860e-1,2.666666805744e-1,4.000000059605e-1,1.333333402872e-1,2.666666805744e-1
1063,4.666666686535e-1,1.333333402872e-1,2.666666805744e-1,4.666666686535e-1,1.333333402872e-1,2.666666805744e-1,4.666666686535e-1,1.333333402872e-1,2.666666805744e-1
1064,5.333333611488e-1,1.333333402872e-1,2.666666805744e-1,5.333333611488e-1,1.333333253860e-1,2.666666805744e-1,5.333333611488e-1,1.333333402872e-1,2.666666805744e-1
1065,6.000000238419e-1,1.333333402872e-1,2.666666805744e-1,6.000000238419e-1,1.333333551884e-1,2.666666805744e-1,6.000000238419e-1,1.333333402872e-1,2.666666805744e-1
1066,6.666666865349e-1,1.333333402872e-1,2.666666805744e-1,6.666666865349e-1,1.333333253860e-1,2.666666805744e-1,6.666666865349e-1,1.333333402872e-1,2.666666805744e-1
1067,7.333333492279e-1,1.333333402872e-1,2.666666805744e-1,7.333333492279e-1,1.333333104849e-1,2.666666805744e-1,7.333333492279e-1,1.333333402872e-1,2.666666805744e-1
1068,8.000000119209e-1,1.333333402872e-1,2.666666805744e-1,8.000000119209e-1,1.333333402872e-1,2.666666805744e-1,8.000000119209e-1,1.333333402872e-1,2.666666805744e-1
1069,8.666666746140e-1,1.333333402872e-1,2.666666805744e-1,8.666666150093e-1,1.333333253860e-1,2.666666805744e-1,8.666666746140e-1,1.333333402872e-1,2.666666805744e-1
1070,9.333333373070e-1,1.333333402872e-1,2.666666805744e-1,9.333333373070e-1,1.333333253860e-1,2.666666507721e-1,9.333333373070e-1,1.333333402872e-1,2.666666805744e-1
1071,1.000000000000e0,1.333333402872e-1,2.666666805744e-1,1.000000000000e0,1.333334147930e-1,2.666667103767e-1,1.000000000000e0,1.333333402872e-1,2.666666805744e-1
1072,0.000000000000e0,2.000000029802e-1,2.666666805744e-1,0.000000000000e0,2.000000029802e-1,2.666666805744e-1,0.000000000000e0,2.000000029802e-1,2.666666805744e-1
1073,6.666667014360e-2,2.000000029802e-1,2.666666805744e-1,6.666665524244e-2,2.000000029802e-1,2.666666805744e-1,6.666667014360e-2,2.000000029802e-1,2.666666805744e-1
1074,1.333333402872e-1,2.000000029802e-1,2.666666805744e-1,1.333333402872e-1,2.000000029802e-1,2.666666805744e-1,1.333333402872e-1,2.000000029802e-1,2.666666805744e-1
1075,2.000000029802e-1,2.000000029802e-1,2.666666805744e-1,2.000000029802e-1,2.000000029802e-1,2.666666507721e-1,2.000000029802e-1,2.000000029802e-1,2.666666805744e-1
1076,2.666666805744e-1,2.000000029802e-1,2.666666805744e-1,2.666666507721e-1,2.000000029802e-1,2.666666805744e-1,2.666666805744e-1,2.000000029802e-1,2.666666805744e-1
1077,3.333333432674e-1,2.000000029802e-1,2.666666805744e-1,3.333333432674e-1,2.000000178814e-1,2.666666507721e-1,3.333333432674e-1,2.000000029802e-1,2.666666805744e-1
1078,4.000000059605e-1,2.000000029802e-1,2.666666805744e-1,3.999999761581e-1,2.000000029802e-1,2.666666805744e-1,4.000000059605e-1,2.000000029802e-1,2.666666805744e-1
1079,4.666666686535e-1,2.000000029802e-1,2.666666805744e-1,4.666666984558e-1,2.000000029802e-1,2.666666805744e-1,4.666666686535e-1,2.000000029802e-1,2.666666805744e-1
1080,5.333333611488e-1,2.000000029802e-1,2.666666805744e-1,5.333333611488e-1,2.000000029802e-1,2.666666805744e-1,5.333333611488e-1,2.000000029802e-1,2.666666805744e-1
1081,6.000000238419e-1,2.000000029802e-1,2.666666805744e-1,6.000000238419e-1,2.000000029802e-1,2.666667103767e-1,6.000000238419e-1,2.000000029802e-1,2.666666805744e-1
1082,6.666666865349e-1,2.000000029802e-1,2.666666805744e-1,6.666666865349e-1,2.000000029802e-1,2.666666805744e-1,6.666666865349e-1,2.000000029802e-1,2.666666805744e-1
1083,7.333333492279e-1,2.000000029802e-1,2.666666805744e-1,7.333334088326e-1,2.000000029802e-1,2.666666805744e-1,7.333333492279e-1,2.000000029802e-1,2.666666805744e-1
1084,8.000000119209e-1,2.000000029802e-1,2.666666805744e-1,8.000000119209e-1,2.000000029802e-1,2.666666805744e-1,8.000000119209e-1,2.000000029802e-1,2.666666805744e-1
1085,8.666666746140e-1,2.000000029802e-1,2.666666805744e-1,8.666667342186e-1,1.999999731779e-1,2.666666805744e-1,8.666666746140e-1,2.000000029802e-1,2.666666805744e-1
1086,9.333333373070e-1,2.000000029802e-1,2.666666805744e-1,9.333333373070e-1,2.000000029802e-1,2.666667103767e-1,9.333333373070e-1,2.000000029802e-1,2.666666805744e-1
1087,1.000000000000e0,2.000000029802e-1,2.666666805744e-1,1.000000000000e0,2.000000029802e-1,2.666667103767e-1,1.000000000000e0,2.000000029802e-1,2.666666805744e-1
1088,0.000000000000e0,2.666666805744e-1,2.666666805744e-1,2.256128972533e-8,2.666666805744e-1,2.666666805744e-1,5.463077959660e-17,2.666666805744e-1,2.666666805744e-1
1089,6.666667014360e-2,2.666666805744e-1,2.666666805744e-1,6.666667759418e-2,2.666666805744e-1,2.666666805744e-1,6.666667014360e-2,2.666666805744e-1,2.666666805744e-1
1090,1.333333402872e-1,2.666666805744e-1,2.666666805744e-1,1.333333402872e-1,2.666666805744e-1,2.666666805744e-1,1.333333402872e-1,2.666666805744e-1,2.666666805744e-1
1091,2.000000029802e-1,2.666666805744e-1,2.666666805744e-1,2.000000178814e-1,2.666666805744e-1,2.666666805744e-1,2.000000029802e-1,2.666666805744e-1,2.666666805744e-1
1092,2.666666805744e-1,2.666666805744e-1,2.666666805744e-1,2.666666805744e-1,2.666666805744e-1,2.666667103767e-1,2.666666805744e-1,2.666666805744e-1,2.666666805744e-1
1093,3.333333432674e-1,2.666666805744e-1,2.666666805744e-1,3.333333432674e-1,2.666666805744e-1,2.666666805744e-1,3.333333432674e-1,2.666666805744e-1,2.666666805744e-1
1094,4.000000059605e-1,2.666666805744e-1,2.666666805744e-1,4.000000059605e-1,2.666666507721e-1,2.666666805744e-1,4.000000059605e-1,2.666666805744e-1,2.666666805744e-1
1095,4.666666686535e-1,2.666666805744e-1,2.666666805744e-1,4.666666686535e-1,2.666666805744e-1,2.666666507721e-1,4.666666686535e-1,2.666666805744e-1,2.666666805744e-1
1096,5.333333611488e-1,2.666666805744e-1,2.666666805744e-1,5.333333611488e-1,2.666666507721e-1,2.666666507721e-1,5.333333611488e-1,2.666666805744e-1,2.666666805744e-1
1097,6.000000238419e-1,2.666666805744e-1,2.666666805744e-1,6.000000238419e-1,2.666666805744e-1,2.666666805744e-1,6.000000238419e-1,2.666666805744e-1,2.666666805744e-1
1098,6.666666865349e-1,2.666666805744e-1,2.666666805744e-1,6.666666865349e-1,2.666666805744e-1,2.666666507721e-1,6.666666865349e-1,2.666666805744e-1,2.666666805744e-1
1099,7.333333492279e-1,2.666666805744e-1,2.666666805744e-1,7.333333492279e-1,2.666666805744e-1,2.666666805744e-1,7.333333492279e-1,2.666666805744e-1,2.666666805744e-1
1100,8.000000119209e-1,2.666666805744e-1,2.666666805744e-1,8.000000119209e-1,2.666667103767e-1,2.666666805744e-1,8.000000119209e-1,2.666666805744e-1,2.666666805744e-1
1101,8.666666746140e-1,2.666666805744e-1,2.666666805744e-1,8.666666746140e-1,2.666666805744e-1,2.666666507721e-1,8.666666746140e-1,2.666666805744e-1,2.666666805744e-1
1102,9.333333373070e-1,2.666666805744e-1,2.666666805744e-1,9.333333373070e-1,2.666666805744e-1,2.666667103767e-1,9.333333373070e-1,2.666666805744e-1,2.666666805744e-1
1103,1.000000000000e0,2.666666805744e-1,2.666666805744e-1,1.000000000000e0,2.666667103767e-1,2.666667103767e-1,1.000000000000e0,2.666666805744e-1,2.666666805744e-1
1104,0.000000000000e0,3.333333432674e-1,2.666666805744e-1,0.000000000000e0,3.333333432674e-1,2.666666805744e-1,0.000000000000e0,3.333333432674e-1,2.666666805744e-1
1105,6.666667014360e-2,3.333333432674e-1,2.666666805744e-1,6.666669994593e-2,3.333333432674e-1,2.666666805744e-1,6.666667014360e-2,3.333333432674e-1,2.666666805744e-1
1106,1.333333402872e-1,3.333333432674e-1,2.666666805744e-1,1.333333402872e-1,3.333333432674e-1,2.666666805744e-1,1.333333402872e-1,3.333333432674e-1,2.666666805744e-1
1107,2.000000029802e-1,3.333333432674e-1,2.666666805744e-1,2.000000178814e-1,3.333333432674e-1,2.666666805744e-1,2.000000029802e-1,3.333333432674e-1,2.666666805744e-1
1108,2.666666805744e-1,3.333333432674e-1,2.666666805744e-1,2.666666805744e-1,3.333333432674e-1,2.666666805744e-1,2.666666805744e-1,3.333333432674e-1,2.666666805744e-1
1109,3.333333432674e-1,3.333333432674e-1,2.666666805744e-1,3.333333730698e-1,3.333333432674e-1,2.666666805744e-1,3.333333432674e-1,3.333333432674e-1,2.666666805744e-1
1110,4.000000059605e-1,3.333333432674e-1,2.666666805744e-1,4.000000059605e-1,3.333333432674e-1,2.666666805744e-1,4.000000059605e-1,3.333333432674e-1,2.666666805744e-1
1111,4.666666686535e-1,3.333333432674e-1,2.666666805744e-1,4.666666686535e-1,3.333333432674e-1,2.666666507721e-1,4.666666686535e-1,3.333333432674e-1,2.666666805744e-1
1112,5.333333611488e-1,3.333333432674e-1,2.666666805744e-1,5.333333611488e-1,3.333333432674e-1,2.666667103767e-1,5.333333611488e-1,3.333333432674e-1,2.666666805744e-1
1113,6.000000238419e-1,3.333333432674e-1,2.666666805744e-1,6.000000238419e-1,3.333333432674e-1,2.666666805744e-1,6.000000238419e-1,3.333333432674e-1,2.666666805744e-1
1114,6.666666865349e-1,3.333333432674e-1,2.666666805744e-1,6.666666865349e-1,3.333333432674e-1,2.666666805744e-1,6.666666865349e-1,3.333333432674e-1,2.666666805744e-1
1115,7.333333492279e-1,3.333333432674e-1,2.666666805744e-1,7.333333492279e-1,3.333333730698e-1,2.666666805744e-1,7.333333492279e-1,3.333333432674e-1,2.666666805744e-1
1116,8.000000119209e-1,3.333333432674e-1,2.666666805744e-1,8.000000119209e-1,3.333333432674e-1,2.666666805744e-1,8.000000119209e-1,3.333333432674e-1,2.666666805744e-1
1117,8.666666746140e-1,3.333333432674e-1,2.666666805744e-1,8.666666150093e-1,3.333333432674e-1,2.666666805744e-1,8.666666746140e-1,3.333333432674e-1,2.666666805744e-1
1118,9.333333373070e-1,3.333333432674e-1,2.666666805744e-1,9.333333373070e-1,3.333333730698e-1,2.666666805744e-1,9.333333373070e-1,3.333333432674e-1,2.666666805744e-1
1119,1.000000000000e0,3.333333432674e-1,2.666666805744e-1,1.000000000000e0,3.333333432674e-1,2.666666805744e-1,1.000000000000e0,3.333333432674e-1,2.666666805744e-1
1120,0.000000000000e0,4.000000059605e-1,2.666666805744e-1,1.195748353666e-7,4.000000059605e-1,2.666666805744e-1,0.000000000000e0,4.000000059605e-1,2.666666805744e-1
1121,6.666667014360e-2,4.000000059605e-1,2.666666805744e-1,6.666667759418e-2,3.999999761581e-1,2.666667103767e-1,6.666667014360e-2,4.000000059605e-1,2.666666805744e-1
1122,1.333333402872e-1,4.000000059605e-1,2.666666805744e-1,1.333333104849e-1,4.000000059605e-1,2.666666805744e-1,1.333333402872e-1,4.000000059605e-1,2.666666805744e-1
1123,2.000000029802e-1,4.000000059605e-1,2.666666805744e-1,2.000000178814e-1,4.000000059605e-1,2.666666507721e-1,2.000000029802e-1,4.000000059605e-1,2.666666805744e-1
1124,2.666666805744e-1,4.000000059605e-1,2.666666805744e-1,2.666666805744e-1,4.000000059605e-1,2.666666805744e-1,2.666666805744e-1,4.000000059605e-1,2.666666805744e-1
1125,3.333333432674e-1,4.000000059605e-1,2.666666805744e-1,3.333333432674e-1,4.000000059605e-1,2.666666805744e-1,3.333333432674e-1,4.000000059605e-1,2.666666805744e-1
1126,4.000000059605e-1,4.000000059605e-1,2.666666805744e-1,4.000000059605e-1,4.000000059605e-1,2.666666507721e-1,4.000000059605e-1,4.000000059605e-1,2.666666805744e-1
1127,4.666666686535e-1,4.000000059605e-1,2.666666805744e-1,4.666666686535e-1,4.000000357628e-1,2.666666507721e-1,4.666666686535e-1,4.000000059605e-1,2.666666805744e-1
1128,5.333333611488e-1,4.000000059605e-1,2.666666805744e-1,5.333333611488e-1,4.000000059605e-1,2.666666805744e-1,5.333333611488e-1,4.000000059605e-1,2.666666805744e-1
1129,6.000000238419e-1,4.000000059605e-1,2.666666805744e-1,6.000000238419e-1,4.000000059605e-1,2.666666805744e-1,6.000000238419e-1,4.000000059605e-1,2.666666805744e-1
1130,6.666666865349e-1,4.000000059605e-1,2.666666805744e-1,6.666666865349e-1,4.000000059605e-1,2.666666805744e-1,6.666666865349e-1,4.000000059605e-1,2.666666805744e-1
1131,7.333333492279e-1,4.000000059605e-1,2.666666805744e-1,7.333333492279e-1,4.000000059605e-1,2.666666805744e-1,7.333333492279e-1,4.000000059605e-1,2.666666805744e-1
1132,8.000000119209e-1,4.000000059605e-1,2.666666805744e-1,8.000000119209e-1,3.999999761581e-1,2.666666805744e-1,8.000000119209e-1,4.000000059605e-1,2.666666805744e-1
1133,8.666666746140e-1,4.000000059605e-1,2.666666805744e-1,8.666666746140e-1,4.000000059605e-1,2.666666805744e-1,8.666666746140e-1,4.000000059605e-1,2.666666805744e-1
1134,9.333333373070e-1,4.000000059605e-1,2.666666805744e-1,9.333333969116e-1,4.000000059605e-1,2.666666507721e-1,9.333333373070e-1,4.000000059605e-1,2.666666805744e-1
1135,1.000000000000e0,4.000000059605e-1,2.666666805744e-1,1.000000000000e0,4.000000059605e-1,2.666666805744e-1,1.000000000000e0,4.000000059605e-1,2.666666805744e-1
1136,0.000000000000e0,4.666666686535e-1,2.666666805744e-1,0.000000000000e0,4.666666984558e-1,2.666666805744e-1,0.000000000000e0,4.666666686535e-1,2.666666805744e-1
1137,6.666667014360e-2,4.666666686535e-1,2.666666805744e-1,6.666679680347e-2,4.666666686535e-1,2.666666507721e-1,6.666667014360e-2,4.666666686535e-1,2.666666805744e-1
1138,1.333333402872e-1,4.666666686535e-1,2.666666805744e-1,1.333333253860e-1,4.666667282581e-1,2.666666507721e-1,1.333333402872e-1,4.666666686535e-1,2.666666805744e-1
1139,2.000000029802e-1,4.666666686535e-1,2.666666805744e-1,2.000000327826e-1,4.666666984558e-1,2.666666805744e-1,2.000000029802e-1,4.666666686535e-1,2.666666805744e-1
1140,2.666666805744e-1,4.666666686535e-1,2.666666805744e-1,2.666666805744e-1,4.666666388512e-1,2.666666805744e-1,2.666666805744e-1,4.666666686535e-1,2.666666805744e-1
1141,3.333333432674e-1,4.666666686535e-1,2.666666805744e-1,3.333333432674e-1,4.666666686535e-1,2.666666805744e-1,3.333333432674e-1,4.666666686535e-1,2.666666805744e-1
1142,4.000000059605e-1,4.666666686535e-1,2.666666805744e-1,4.000000059605e-1,4.666666686535e-1,2.666666507721e-1,4.000000059605e-1,4.666666686535e-1,2.666666805744e-1
1143,4.666666686535e-1,4.666666686535e-1,2.666666805744e-1,4.666666686535e-1,4.666666686535e-1,2.666666507721e-1,4.666666686535e-1,4.666666686535e-1,2.666666805744e-1
1144,5.333333611488e-1,4.666666686535e-1,2.666666805744e-1,5.333333611488e-1,4.666666686535e-1,2.666666805744e-1,5.333333611488e-1,4.666666686535e-1,2.666666805744e-1
1145,6.000000238419e-1,4.666666686535e-1,2.666666805744e-1,6.000000238419e-1,4.666666686535e-1,2.666667103767e-1,6.000000238419e-1,4.666666686535e-1,2.666666805744e-1
1146,6.666666865349e-1,4.666666686535e-1,2.666666805744e-1,6.666666865349e-1,4.666666686535e-1,2.666666805744e-1,6.666666865349e-1,4.666666686535e-1,2.666666805744e-1
1147,7.333333492279e-1,4.666666686535e-1,2.666666805744e-1,7.333333492279e-1,4.666666388512e-1,2.666666805744e-1,7.333333492279e-1,4.666666686535e-1,2.666666805744e-1
1148,8.000000119209e-1,4.666666686535e-1,2.666666805744e-1,8.000000119209e-1,4.666666686535e-1,2.666666805744e-1,8.000000119209e-1,4.666666686535e-1,2.666666805744e-1
1149,8.666666746140e-1,4.666666686535e-1,2.666666805744e-1,8.666666746140e-1,4.666666686535e-1,2.666666507721e-1,8.666666746140e-1,4.666666686535e-1,2.666666805744e-1
1150,9.333333373070e-1,4.666666686535e-1,2.666666805744e-1,9.333333373070e-1,4.666666686535e-1,2.666666507721e-1,9.333333373070e-1,4.666666686535e-1,2.666666805744e-1
1151,1.000000000000e0,4.666666686535e-1,2.666666805744e-1,1.000000000000e0,4.666666984558e-1,2.666666805744e-1,1.000000000000e0,4.666666686535e-1,2.666666805744e-1
1152,0.000000000000e0,5.333333611488e-1,2.666666805744e-1,0.000000000000e0,5.333333611488e-1,2.666666805744e-1,4.916770031345e-16,5.333333611488e-1,2.666666805744e-1
1153,6.666667014360e-2,5.333333611488e-1,2.666666805744e-1,6.666658818722e-2,5.333333611488e-1,2.666667103767e-1,6.666667014360e-2,5.333333611488e-1,2.666666805744e-1
1154,1.333333402872e-1,5.333333611488e-1,2.666666805744e-1,1.333333253860e-1,5.333333611488e-1,2.666666805744e-1,1.333333402872e-1,5.333333611488e-1,2.666666805744e-1
1155,2.000000029802e-1,5.333333611488e-1,2.666666805744e-1,1.999999731779e-1,5.333333611488e-1,2.666666507721e-1,2.000000029802e-1,5.333333611488e-1,2.666666805744e-1
1156,2.666666805744e-1,5.333333611488e-1,2.666666805744e-1,2.666666805744e-1,5.333333611488e-1,2.666667103767e-1,2.666666805744e-1,5.333333611488e-1,2.666666805744e-1
1157,3.333333432674e-1,5.333333611488e-1,2.666666805744e-1,3.333333432674e-1,5.333333611488e-1,2.666666805744e-1,3.333333432674e-1,5.333333611488e-1,2.666666805744e-1
1158,4.000000059605e-1,5.333333611488e-1,2.666666805744e-1,4.000000357628e-1,5.333333611488e-1,2.666666805744e-1,4.000000059605e-1,5.333333611488e-1,2.666666805744e-1
1159,4.666666686535e-1,5.333333611488e-1,2.666666805744e-1,4.666666984558e-1,5.333333611488e-1,2.666666507721e-1,4.666666686535e-1,5.333333611488e-1,2.666666805744e-1
1160,5.333333611488e-1,5.333333611488e-1,2.666666805744e-1,5.333333611488e-1,5.333333611488e-1,2.666667103767e-1,5.333333611488e-1,5.333333611488e-1,2.666666805744e-1
1161,6.000000238419e-1,5.333333611488e-1,2.666666805744e-1,6.000000238419e-1,5.333333611488e-1,2.666666805744e-1,6.000000238419e-1,5.333333611488e-1,2.666666805744e-1
1162,6.666666865349e-1,5.333333611488e-1,2.666666805744e-1,6.666666865349e-1,5.333333611488e-1,2.666666805744e-1,6.666666865349e-1,5.333333611488e-1,2.666666805744e-1
1163,7.333333492279e-1,5.333333611488e-1,2.666666805744e-1,7.333333492279e-1,5.333333611488e-1,2.666666805744e-1,7.333333492279e-1,5.333333611488e-1,2.666666805744e-1
1164,8.000000119209e-1,5.333333611488e-1,2.666666805744e-1,8.000000119209e-1,5.333333611488e-1,2.666666507721e-1,8.000000119209e-1,5.333333611488e-1,2.666666805744e-1
1165,8.666666746140e-1,5.333333611488e-1,2.666666805744e-1,8.666666746140e-1,5.333333611488e-1,2.666666507721e-1,8.666666746140e-1,5.333333611488e-1,2.666666805744e-1
1166,9.333333373070e-1,5.333333611488e-1,2.666666805744e-1,9.333333373070e-1,5.333333611488e-1,2.666666507721e-1,9.333333373070e-1,5.333333611488e-1,2.666666805744e-1
1167,1.000000000000e0,5.333333611488e-1,2.666666805744e-1,1.000000000000e0,5.333333611488e-1,2.666666805744e-1,1.000000000000e0,5.333333611488e-1,2.666666805744e-1
1168,0.000000000000e0,6.000000238419e-1,2.666666805744e-1,1.504085922477e-8,6.000000238419e-1,2.666666805744e-1,8.965050976788e-17,6.000000238419e-1,2.666666805744e-1
1169,6.666667014360e-2,6.000000238419e-1,2.666666805744e-1,6.666684150696e-2,6.000000238419e-1,2.666666805744e-1,6.666667014360e-2,6.000000238419e-1,2.666666805744e-1
1170,1.333333402872e-1,6.000000238419e-1,2.666666805744e-1,1.333333402872e-1,6.000000238419e-1,2.666666805744e-1,1.333333402872e-1,6.000000238419e-1,2.666666805744e-1
1171,2.000000029802e-1,6.000000238419e-1,2.666666805744e-1,1.999999731779e-1,6.000000238419e-1,2.666666507721e-1,2.000000029802e-1,6.000000238419e-1,2.666666805744e-1
1172,2.666666805744e-1,6.000000238419e-1,2.666666805744e-1,2.666666805744e-1,6.000000238419e-1,2.666666507721e-1,2.666666805744e-1,6.000000238419e-1,2.666666805744e-1
1173,3.333333432674e-1,6.000000238419e-1,2.666666805744e-1,3.333333432674e-1,6.000000238419e-1,2.666666805744e-1,3.333333432674e-1,6.000000238419e-1,2.666666805744e-1
1174,4.000000059605e-1,6.000000238419e-1,2.666666805744e-1,4.000000059605e-1,6.000000238419e-1,2.666666805744e-1,4.000000059605e-1,6.000000238419e-1,2.666666805744e-1
1175,4.666666686535e-1,6.000000238419e-1,2.666666805744e-1,4.666666388512e-1,6.000000238419e-1,2.666666805744e-1,4.666666686535e-1,6.000000238419e-1,2.666666805744e-1
1176,5.333333611488e-1,6.000000238419e-1,2.666666805744e-1,5.333333611488e-1,6.000000238419e-1,2.666666805744e-1,5.333333611488e-1,6.000000238419e-1,2.666666805744e-1
1177,6.000000238419e-1,6.000000238419e-1,2.666666805744e-1,6.000000238419e-1,6.000000238419e-1,2.666667103767e-1,6.000000238419e-1,6.000000238419e-1,2.666666805744e-1
1178,6.666666865349e-1,6.000000238419e-1,2.666666805744e-1,6.666666865349e-1,6.000000238419e-1,2.666666507721e-1,6.666666865349e-1,6.000000238419e-1,2.666666805744e-1
1179,7.333333492279e-1,6.000000238419e-1,2.666666805744e-1,7.333333492279e-1,6.000000238419e-1,2.666666805744e-1,7.333333492279e-1,6.000000238419e-1,2.666666805744e-1
1180,8.000000119209e-1,6.000000238419e-1,2.666666805744e-1,8.000000119209e-1,6.000000238419e-1,2.666666805744e-1,8.000000119209e-1,6.000000238419e-1,2.666666805744e-1
1181,8.666666746140e-1,6.000000238419e-1,2.666666805744e-1,8.666666746140e-1,6.000000238419e-1,2.666666805744e-1,8.666666746140e-1,6.000000238419e-1,2.666666805744e-1
1182,9.333333373070e-1,6.000000238419e-1,2.666666805744e-1,9.333333373070e-1,6.000000238419e-1,2.666666805744e-1,9.333333373070e-1,6.000000238419e-1,2.666666805744e-1
1183,1.000000000000e0,6.000000238419e-1,2.666666805744e-1,1.000000000000e0,6.000000238419e-1,2.666666507721e-1,1.000000000000e0,6.000000238419e-1,2.666666805744e-1
1184,0.000000000000e0,6.666666865349e-1,2.666666805744e-1,2.902885967160e-7,6.666666865349e-1,2.666666805744e-1,2.871617979924e-16,6.666666865349e-1,2.666666805744e-1
1185,6.666667014360e-2,6.666666865349e-1,2.666666805744e-1,6.666673719883e-2,6.666666865349e-1,2.666666507721e-1,6.666667014360e-2,6.666666865349e-1,2.666666805744e-1
1186,1.333333402872e-1,6.666666865349e-1,2.666666805744e-1,1.333332955837e-1,6.666666865349e-1,2.666666805744e-1,1.333333402872e-1,6.666666865349e-1,2.666666805744e-1
1187,2.000000029802e-1,6.666666865349e-1,2.666666805744e-1,1.999999582767e-1,6.666666865349e-1,2.666666507721e-1,2.000000029802e-1,6.666666865349e-1,2.666666805744e-1
1188,2.666666805744e-1,6.666666865349e-1,2.666666805744e-1,2.666666805744e-1,6.666666865349e-1,2.666666805744e-1,2.666666805744e-1,6.666666865349e-1,2.666666805744e-1
1189,3.333333432674e-1,6.666666865349e-1,2.666666805744e-1,3.333333134651e-1,6.666666865349e-1,2.666666805744e-1,3.333333432674e-1,6.666666865349e-1,2.666666805744e-1
1190,4.000000059605e-1,6.666666865349e-1,2.666666805744e-1,4.000000357628e-1,6.666666865349e-1,2.666666805744e-1,4.000000059605e-1,6.666666865349e-1,2.666666805744e-1
1191,4.666666686535e-1,6.666666865349e-1,2.666666805744e-1,4.666666388512e-1,6.666666865349e-1,2.666666805744e-1,4.666666686535e-1,6.666666865349e-1,2.666666805744e-1
1192,5.333333611488e-1,6.666666865349e-1,2.666666805744e-1,5.333333611488e-1,6.666666865349e-1,2.666667103767e-1,5.333333611488e-1,6.666666865349e-1,2.666666805744e-1
1193,6.000000238419e-1,6.666666865349e-1,2.666666805744e-1,6.000000238419e-1,6.666666865349e-1,2.666666805744e-1,6.000000238419e-1,6.666666865349e-1,2.666666805744e-1
1194,6.666666865349e-1,6.666666865349e-1,2.666666805744e-1,6.666666865349e-1,6.666666865349e-1,2.666666805744e-1,6.666666865349e-1,6.666666865349e-1,2.666666805744e-1
1195,7.333333492279e-1,6.666666865349e-1,2.666666805744e-1,7.333333492279e-1,6.666666865349e-1,2.666666805744e-1,7.333333492279e-1,6.666666865349e-1,2.666666805744e-1
1196,8.000000119209e-1,6.666666865349e-1,2.666666805744e-1,8.000000119209e-1,6.666666865349e-1,2.666666805744e-1,8.000000119209e-1,6.666666865349e-1,2.666666805744e-1
1197,8.666666746140e-1,6.666666865349e-1,2.666666805744e-1,8.666666746140e-1,6.666666865349e-1,2.666667103767e-1,8.666666746140e-1,6.666666865349e-1,2.666666805744e-1
1198,9.333333373070e-1,6.666666865349e-1,2.666666805744e-1,9.333333373070e-1,6.666666865349e-1,2.666666805744e-1,9.333333373070e-1,6.666666865349e-1,2.666666805744e-1
1199,1.000000000000e0,6.666666865349e-1,2.666666805744e-1,1.000000000000e0,6.666666865349e-1,2.666667103767e-1,1.000000000000e0,6.666666865349e-1,2.666666805744e-1
1200,0.000000000000e0,7.333333492279e-1,2.666666805744e-1,0.000000000000e0,7.333332896233e-1,2.666666805744e-1,1.400789173764e-17,7.333333492279e-1,2.666666805744e-1
1201,6.666667014360e-2,7.333333492279e-1,2.666666805744e-1,6.666655093431e-2,7.333333492279e-1,2.666666507721e-1,6.666667014360e-2,7.333333492279e-1,2.666666805744e-1
1202,1.333333402872e-1,7.333333492279e-1,2.666666805744e-1,1.333333253860e-1,7.333333492279e-1,2.666666805744e-1,1.333333402872e-1,7.333333492279e-1,2.666666805744e-1
1203,2.000000029802e-1,7.333333492279e-1,2.666666805744e-1,1.999999880791e-1,7.333333492279e-1,2.666666805744e-1,2.000000029802e-1,7.333333492279e-1,2.666666805744e-1
1204,2.666666805744e-1,7.333333492279e-1,2.666666805744e-1,2.666666805744e-1,7.333333492279e-1,2.666666805744e-1,2.666666805744e-1,7.333333492279e-1,2.666666805744e-1
1205,3.333333432674e-1,7.333333492279e-1,2.666666805744e-1,3.333333432674e-1,7.333333492279e-1,2.666666805744e-1,3.333333432674e-1,7.333333492279e-1,2.666666805744e-1
1206,4.000000059605e-1,7.333333492279e-1,2.666666805744e-1,4.000000059605e-1,7.333332896233e-1,2.666666805744e-1,4.000000059605e-1,7.333333492279e-1,2.666666805744e-1
1207,4.666666686535e-1,7.333333492279e-1,2.666666805744e-1,4.666666388512e-1,7.333333492279e-1,2.666666805744e-1,4.666666686535e-1,7.333333492279e-1,2.666666805744e-1
1208,5.333333611488e-1,7.333333492279e-1,2.666666805744e-1,5.333333611488e-1,7.333333492279e-1,2.666666805744e-1,5.333333611488e-1,7.333333492279e-1,2.666666805744e-1
1209,6.000000238419e-1,7.333333492279e-1,2.666666805744e-1,6.000000238419e-1,7.333333492279e-1,2.666666805744e-1,6.000000238419e-1,7.333333492279e-1,2.666666805744e-1
1210,6.666666865349e-1,7.333333492279e-1,2.666666805744e-1,6.666666865349e-1,7.333333492279e-1,2.666666805744e-1,6.666666865349e-1,7.333333492279e-1,2.666666805744e-1
1211,7.333333492279e-1,7.333333492279e-1,2.666666805744e-1,7.333333492279e-1,7.333333492279e-1,2.666666805744e-1,7.333333492279e-1,7.333333492279e-1,2.666666805744e-1
1212,8.000000119209e-1,7.333333492279e-1,2.666666805744e-1,8.000000119209e-1,7.333333492279e-1,2.666667103767e-1,8.000000119209e-1,7.333333492279e-1,2.666666805744e-1
1213,8.666666746140e-1,7.333333492279e-1,2.666666805744e-1,8.666666746140e-1,7.333334088326e-1,2.666666805744e-1,8.666666746140e-1,7.333333492279e-1,2.666666805744e-1
1214,9.333333373070e-1,7.333333492279e-1,2.666666805744e-1,9.333333373070e-1,7.333333492279e-1,2.666666805744e-1,9.333333373070e-1,7.333333492279e-1,2.666666805744e-1
1215,1.000000000000e0,7.333333492279e-1,2.666666805744e-1,1.000000000000e0,7.333333492279e-1,2.666666805744e-1,1.000000000000e0,7.333333492279e-1,2.666666805744e-1
1216,0.000000000000e0,8.000000119209e-1,2.666666805744e-1,7.520429790020e-8,8.000000119209e-1,2.666666805744e-1,0.000000000000e0,8.000000119209e-1,2.666666805744e-1
1217,6.666667014360e-2,8.000000119209e-1,2.666666805744e-1,6.666668504477e-2,8.000000119209e-1,2.666666805744e-1,6.666667014360e-2,8.000000119209e-1,2.666666805744e-1
1218,1.333333402872e-1,8.000000119209e-1,2.666666805744e-1,1.333332806826e-1,8.000000119209e-1,2.666667103767e-1,1.333333402872e-1,8.000000119209e-1,2.666666805744e-1
1219,2.000000029802e-1,8.000000119209e-1,2.666666805744e-1,2.000000327826e-1,8.000000119209e-1,2.666666805744e-1,2.000000029802e-1,8.000000119209e-1,2.666666805744e-1
1220,2.666666805744e-1,8.000000119209e-1,2.666666805744e-1,2.666667103767e-1,8.000000119209e-1,2.666666507721e-1,2.666666805744e-1,8.000000119209e-1,2.666666805744e-1
1221,3.333333432674e-1,8.000000119209e-1,2.666666805744e-1,3.333333432674e-1,8.000000119209e-1,2.666666805744e-1,3.333333432674e-1,8.000000119209e-1,2.666666805744e-1
1222,4.000000059605e-1,8.000000119209e-1,2.666666805744e-1,4.000000059605e-1,8.000000119209e-1,2.666666805744e-1,4.000000059605e-1,8.000000119209e-1,2.666666805744e-1
1223,4.666666686535e-1,8.000000119209e-1,2.666666805744e-1,4.666666686535e-1,8.000000119209e-1,2.666666507721e-1,4.666666686535e-1,8.000000119209e-1,2.666666805744e-1
1224,5.333333611488e-1,8.000000119209e-1,2.666666805744e-1,5.333333611488e-1,8.000000119209e-1,2.666666805744e-1,5.333333611488e-1,8.000000119209e-1,2.666666805744e-1
1225,6.000000238419e-1,8.000000119209e-1,2.666666805744e-1,6.000000238419e-1,8.000000119209e-1,2.666666805744e-1,6.000000238419e-1,8.000000119209e-1,2.666666805744e-1
1226,6.666666865349e-1,8.000000119209e-1,2.666666805744e-1,6.666666865349e-1,8.000000119209e-1,2.666667103767e-1,6.666666865349e-1,8.000000119209e-1,2.666666805744e-1
1227,7.333333492279e-1,8.000000119209e-1,2.666666805744e-1,7.333334088326e-1,8.000000119209e-1,2.666666805744e-1,7.333333492279e-1,8.000000119209e-1,2.666666805744e-1
1228,8.000000119209e-1,8.000000119209e-1,2.666666805744e-1,8.000000119209e-1,8.000000119209e-1,2.666666507721e-1,8.000000119209e-1,8.000000119209e-1,2.666666805744e-1
1229,8.666666746140e-1,8.000000119209e-1,2.666666805744e-1,8.666666150093e-1,8.000000119209e-1,2.666666805744e-1,8.666666746140e-1,8.000000119209e-1,2.666666805744e-1
1230,9.333333373070e-1,8.000000119209e-1,2.666666805744e-1,9.333333373070e-1,8.000000119209e-1,2.666666805744e-1,9.333333373070e-1,8.000000119209e-1,2.666666805744e-1
1231,1.000000000000e0,8.000000119209e-1,2.666666805744e-1,1.000000000000e0,8.000000119209e-1,2.666667401791e-1,1.000000000000e0,8.000000119209e-1,2.666666805744e-1
1232,0.000000000000e0,8.666666746140e-1,2.666666805744e-1,1.052860199025e-7,8.666666746140e-1,2.666667103767e-1,2.493404798783e-16,8.666666746140e-1,2.666666805744e-1
1233,6.666667014360e-2,8.666666746140e-1,2.666666805744e-1,6.666722893715e-2,8.666666746140e-1,2.666666805744e-1,6.666667014360e-2,8.666666746140e-1,2.666666805744e-1
1234,1.333333402872e-1,8.666666746140e-1,2.666666805744e-1,1.333333402872e-1,8.666666746140e-1,2.666666507721e-1,1.333333402872e-1,8.666666746140e-1,2.666666805744e-1
1235,2.000000029802e-1,8.666666746140e-1,2.666666805744e-1,1.999999880791e-1,8.666667342186e-1,2.666666507721e-1,2.000000029802e-1,8.666666746140e-1,2.666666805744e-1
1236,2.666666805744e-1,8.666666746140e-1,2.666666805744e-1,2.666667103767e-1,8.666666746140e-1,2.666667103767e-1,2.666666805744e-1,8.666666746140e-1,2.666666805744e-1
1237,3.333333432674e-1,8.666666746140e-1,2.666666805744e-1,3.333333432674e-1,8.666666746140e-1,2.666666805744e-1,3.333333432674e-1,8.666666746140e-1,2.666666805744e-1
1238,4.000000059605e-1,8.666666746140e-1,2.666666805744e-1,3.999999761581e-1,8.666666150093e-1,2.666666805744e-1,4.000000059605e-1,8.666666746140e-1,2.666666805744e-1
1239,4.666666686535e-1,8.666666746140e-1,2.666666805744e-1,4.666667282581e-1,8.666666746140e-1,2.666666507721e-1,4.666666686535e-1,8.666666746140e-1,2.666666805744e-1
1240,5.333333611488e-1,8.666666746140e-1,2.666666805744e-1,5.333333611488e-1,8.666666150093e-1,2.666666805744e-1,5.333333611488e-1,8.666666746140e-1,2.666666805744e-1
1241,6.000000238419e-1,8.666666746140e-1,2.666666805744e-1,6.000000238419e-1,8.666667342186e-1,2.666666805744e-1,6.000000238419e-1,8.666666746140e-1,2.666666805744e-1
1242,6.666666865349e-1,8.666666746140e-1,2.666666805744e-1,6.666666865349e-1,8.666666746140e-1,2.666667103767e-1,6.666666865349e-1,8.666666746140e-1,2.666666805744e-1
1243,7.333333492279e-1,8.666666746140e-1,2.666666805744e-1,7.333334088326e-1,8.666666746140e-1,2.666667103767e-1,7.333333492279e-1,8.666666746140e-1,2.666666805744e-1
1244,8.000000119209e-1,8.666666746140e-1,2.666666805744e-1,7.999999523163e-1,8.666666746140e-1,2.666666507721e-1,8.000000119209e-1,8.666666746140e-1,2.666666805744e-1
1245,8.666666746140e-1,8.666666746140e-1,2.666666805744e-1,8.666666746140e-1,8.666666746140e-1,2.666667103767e-1,8.666666746140e-1,8.666666746140e-1,2.666666805744e-1
1246,9.333333373070e-1,8.666666746140e-1,2.666666805744e-1,9.333333373070e-1,8.666666746140e-1,2.666666507721e-1,9.333333373070e-1,8.666666746140e-1,2.666666805744e-1
1247,1.000000000000e0,8.666666746140e-1,2.666666805744e-1,1.000000000000e0,8.666666746140e-1,2.666667103767e-1,1.000000000000e0,8.666666746140e-1,2.666666805744e-1
1248,0.000000000000e0,9.333333373070e-1,2.666666805744e-1,5.264300995123e-9,9.333333373070e-1,2.666666805744e-1,1.436509327391e-15,9.333333373070e-1,2.666666805744e-1
1249,6.666667014360e-2,9.333333373070e-1,2.666666805744e-1,6.666682660580e-2,9.333333373070e-1,2.666666805744e-1,6.666667014360e-2,9.333333373070e-1,2.666666805744e-1
1250,1.333333402872e-1,9.333333373070e-1,2.666666805744e-1,1.333333551884e-1,9.333333373070e-1,2.666666805744e-1,1.333333402872e-1,9.333333373070e-1,2.666666805744e-1
1251,2.000000029802e-1,9.333333373070e-1,2.666666805744e-1,2.000000327826e-1,9.333333373070e-1,2.666666209698e-1,2.000000029802e-1,9.333333373070e-1,2.666666805744e-1
1252,2.666666805744e-1,9.333333373070e-1,2.666666805744e-1,2.666666507721e-1,9.333333373070e-1,2.666667103767e-1,2.666666805744e-1,9.333333373070e-1,2.666666805744e-1
1253,3.333333432674e-1,9.333333373070e-1,2.666666805744e-1,3.333333432674e-1,9.333333373070e-1,2.666666209698e-1,3.333333432674e-1,9.333333373070e-1,2.666666805744e-1
1254,4.000000059605e-1,9.333333373070e-1,2.666666805744e-1,4.000000357628e-1,9.333333373070e-1,2.666666805744e-1,4.000000059605e-1,9.333333373070e-1,2.666666805744e-1
1255,4.666666686535e-1,9.333333373070e-1,2.666666805744e-1,4.666666984558e-1,9.333333373070e-1,2.666666805744e-1,4.666666686535e-1,9.333333373070e-1,2.666666805744e-1
1256,5.333333611488e-1,9.333333373070e-1,2.666666805744e-1,5.333333611488e-1,9.333333373070e-1,2.666666805744e-1,5.333333611488e-1,9.333333373070e-1,2.666666805744e-1
1257,6.000000238419e-1,9.333333373070e-1,2.666666805744e-1,6.000000238419e-1,9.333333373070e-1,2.666666805744e-1,6.000000238419e-1,9.333333373070e-1,2.666666805744e-1
1258,6.666666865349e-1,9.333333373070e-1,2.666666805744e-1,6.666666865349e-1,9.333333373070e-1,2.666666805744e-1,6.666666865349e-1,9.333333373070e-1,2.666666805744e-1
1259,7.333333492279e-1,9.333333373070e-1,2.666666805744e-1,7.333333492279e-1,9.333333373070e-1,2.666666805744e-1,7.333333492279e-1,9.333333373070e-1,2.666666805744e-1
1260,8.000000119209e-1,9.333333373070e-1,2.666666805744e-1,8.000000119209e-1,9.333333373070e-1,2.666667103767e-1,8.000000119209e-1,9.333333373070e-1,2.666666805744e-1
1261,8.666666746140e-1,9.333333373070e-1,2.666666805744e-1,8.666666746140e-1,9.333333373070e-1,2.666666507721e-1,8.666666746140e-1,9.333333373070e-1,2.666666805744e-1
1262,9.333333373070e-1,9.333333373070e-1,2.666666805744e-1,9.333333373070e-1,9.333333373070e-1,2.666667103767e-1,9.333333373070e-1,9.333333373070e-1,2.666666805744e-1
1263,1.000000000000e0,9.333333373070e-1,2.666666805744e-1,1.000000000000e0,9.333333373070e-1,2.666666805744e-1,1.000000000000e0,9.333333373070e-1,2.666666805744e-1
1264,0.000000000000e0,1.000000000000e0,2.666666805744e-1,0.000000000000e0,1.000000000000e0,2.666667401791e-1,0.000000000000e0,1.000000000000e0,2.666666805744e-1
1265,6.666667014360e-2,1.000000000000e0,2.666666805744e-1,6.666629016399e-2,1.000000000000e0,2.666666507721e-1,6.666667014360e-2,1.000000000000e0,2.666666805744e-1
1266,1.333333402872e-1,1.000000000000e0,2.666666805744e-1,1.333348006010e-1,1.000000000000e0,2.666673362255e-1,1.333333402872e-1,1.000000000000e0,2.666666805744e-1
1267,2.000000029802e-1,1.000000000000e0,2.666666805744e-1,1.999998837709e-1,1.000000000000e0,2.666666507721e-1,2.000000029802e-1,1.000000000000e0,2.666666805744e-1
1268,2.666666805744e-1,1.000000000000e0,2.666666805744e-1,2.666666805744e-1,1.000000000000e0,2.666667103767e-1,2.666666805744e-1,1.000000000000e0,2.666666805744e-1
1269,3.333333432674e-1,1.000000000000e0,2.666666805744e-1,3.333333432674e-1,1.000000000000e0,2.666666805744e-1,3.333333432674e-1,1.000000000000e0,2.666666805744e-1
1270,4.000000059605e-1,1.000000000000e0,2.666666805744e-1,4.000004231930e-1,1.000000000000e0,2.666674256325e-1,4.000000059605e-1,1.000000000000e0,2.666666805744e-1
1271,4.666666686535e-1,1.000000000000e0,2.666666805744e-1,4.666669368744e-1,1.000000000000e0,2.666674852371e-1,4.666666686535e-1,1.000000000000e0,2.666666805744e-1
1272,5.333333611488e-1,1.000000000000e0,2.666666805744e-1,5.333333611488e-1,1.000000000000e0,2.666666805744e-1,5.333333611488e-1,1.000000000000e0,2.666666805744e-1
1273,6.000000238419e-1,1.000000000000e0,2.666666805744e-1,5.999999642372e-1,9.999999403954e-1,2.666666805744e-1,6.000000238419e-1,1.000000000000e0,2.666666805744e-1
1274,6.666666865349e-1,1.000000000000e0,2.666666805744e-1,6.666666865349e-1,1.000000000000e0,2.666666805744e-1,6.666666865349e-1,1.000000000000e0,2.666666805744e-1
1275,7.333333492279e-1,1.000000000000e0,2.666666805744e-1,7.333333492279e-1,9.999999403954e-1,2.666666805744e-1,7.333333492279e-1,1.000000000000e0,2.666666805744e-1
1276,8.000000119209e-1,1.000000000000e0,2.666666805744e-1,8.000001311302e-1,1.000000000000e0,2.666681408882e-1,8.000000119209e-1,1.000000000000e0,2.666666805744e-1
1277,8.666666746140e-1,1.000000000000e0,2.666666805744e-1,8.666666746140e-1,1.000000000000e0,2.666666507721e-1,8.666666746140e-1,1.000000000000e0,2.666666805744e-1
1278,9.333333373070e-1,1.000000000000e0,2.666666805744e-1,9.333333373070e-1,1.000000000000e0,2.666666805744e-1,9.333333373070e-1,1.000000000000e0,2.666666805744e-1
1279,1.000000000000e0,1.000000000000e0,2.666666805744e-1,1.000000000000e0,9.999999403954e-1,2.666667103767e-1,1.000000000000e0,1.000000000000e0,2.666666805744e-1
1280,0.000000000000e0,0.000000000000e0,3.333333432674e-1,2.256128839306e-9,7.520429612384e-9,3.333333432674e-1,0.000000000000e0,0.000000000000e0,3.333333432674e-1
1281,6.666667014360e-2,0.000000000000e0,3.333333432674e-1,6.666667014360e-2,6.016343867543e-9,3.333333432674e-1,6.666667014360e-2,1.680946975430e-17,3.333333432674e-1
1282,1.333333402872e-1,0.000000000000e0,3.333333432674e-1,1.333333402872e-1,0.000000000000e0,3.333333432674e-1,1.333333402872e-1,2.801578430246e-18,3.333333432674e-1
1283,2.000000029802e-1,0.000000000000e0,3.333333432674e-1,2.000000029802e-1,0.000000000000e0,3.333333432674e-1,2.000000029802e-1,0.000000000000e0,3.333333432674e-1
1284,2.666666805744e-1,0.000000000000e0,3.333333432674e-1,2.666666805744e-1,0.000000000000e0,3.333333432674e-1,2.666666805744e-1,0.000000000000e0,3.333333432674e-1
1285,3.333333432674e-1,0.000000000000e0,3.333333432674e-1,3.333333432674e-1,0.000000000000e0,3.333333432674e-1,3.333333432674e-1,0.000000000000e0,3.333333432674e-1
1286,4.000000059605e-1,0.000000000000e0,3.333333432674e-1,4.000000059605e-1,6.768386739964e-9,3.333333432674e-1,4.000000059605e-1,0.000000000000e0,3.333333432674e-1
1287,4.666666686535e-1,0.000000000000e0,3.333333432674e-1,4.666666686535e-1,6.016343867543e-9,3.333333432674e-1,4.666666686535e-1,0.000000000000e0,3.333333432674e-1
1288,5.333333611488e-1,0.000000000000e0,3.333333432674e-1,5.333333611488e-1,0.000000000000e0,3.333333432674e-1,5.333333611488e-1,0.000000000000e0,3.333333432674e-1
1289,6.000000238419e-1,0.000000000000e0,3.333333432674e-1,6.000000238419e-1,2.406537547017e-8,3.333333432674e-1,6.000000238419e-1,0.000000000000e0,3.333333432674e-1
1290,6.666666865349e-1,0.000000000000e0,3.333333432674e-1,6.666666865349e-1,1.504085966886e-9,3.333333432674e-1,6.666666865349e-1,0.000000000000e0,3.333333432674e-1
1291,7.333333492279e-1,0.000000000000e0,3.333333432674e-1,7.333333492279e-1,0.000000000000e0,3.333333432674e-1,7.333333492279e-1,0.000000000000e0,3.333333432674e-1
1292,8.000000119209e-1,0.000000000000e0,3.333333432674e-1,8.000000119209e-1,4.512257945066e-8,3.333333432674e-1,8.000000119209e-1,0.000000000000e0,3.333333432674e-1
1293,8.666666746140e-1,0.000000000000e0,3.333333432674e-1,8.666666746140e-1,0.000000000000e0,3.333333134651e-1,8.666666746140e-1,0.000000000000e0,3.333333432674e-1
1294,9.333333373070e-1,0.000000000000e0,3.333333432674e-1,9.333333373070e-1,0.000000000000e0,3.333333432674e-1,9.333333373070e-1,3.361893950859e-17,3.333333432674e-1
1295,1.000000000000e0,0.000000000000e0,3.333333432674e-1,1.000000000000e0,6.016343867543e-9,3.333333432674e-1,1.000000000000e0,1.075806064275e-15,3.333333432674e-1
1296,0.000000000000e0,6.666667014360e-2,3.333333432674e-1,6.768386739964e-9,6.666667014360e-2,3.333333432674e-1,0.000000000000e0,6.666667014360e-2,3.333333432674e-1
1297,6.666667014360e-2,6.666667014360e-2,3.333333432674e-1,6.666665524244e-2,6.666665524244e-2,3.333333432674e-1,6.666667014360e-2,6.666667014360e-2,3.333333432674e-1
1298,1.333333402872e-1,6.666667014360e-2,3.333333432674e-1,1.333333551884e-1,6.666667014360e-2,3.333333432674e-1,1.333333402872e-1,6.666667014360e-2,3.333333432674e-1
1299,2.000000029802e-1,6.666667014360e-2,3.333333432674e-1,2.000000029802e-1,6.666667014360e-2,3.333333432674e-1,2.000000029802e-1,6.666667014360e-2,3.333333432674e-1
1300,2.666666805744e-1,6.666667014360e-2,3.333333432674e-1,2.666666805744e-1,6.666666269302e-2,3.333333432674e-1,2.666666805744e-1,6.666667014360e-2,3.333333432674e-1
1301,3.333333432674e-1,6.666667014360e-2,3.333333432674e-1,3.333333432674e-1,6.666667014360e-2,3.333333432674e-1,3.333333432674e-1,6.666667014360e-2,3.333333432674e-1
1302,4.000000059605e-1,6.666667014360e-2,3.333333432674e-1,4.000000059605e-1,6.666667014360e-2,3.333333432674e-1,4.000000059605e-1,6.666667014360e-2,3.333333432674e-1
1303,4.666666686535e-1,6.666667014360e-2,3.333333432674e-1,4.666666686535e-1,6.666667014360e-2,3.333333432674e-1,4.666666686535e-1,6.666667014360e-2,3.333333432674e-1
1304,5.333333611488e-1,6.666667014360e-2,3.333333432674e-1,5.333333611488e-1,6.666667014360e-2,3.333333432674e-1,5.333333611488e-1,6.666667014360e-2,3.333333432674e-1
1305,6.000000238419e-1,6.666667014360e-2,3.333333432674e-1,6.000000238419e-1,6.666667014360e-2,3.333333432674e-1,6.000000238419e-1,6.666667014360e-2,3.333333432674e-1
1306,6.666666865349e-1,6.666667014360e-2,3.333333432674e-1,6.666666865349e-1,6.666667759418e-2,3.333333432674e-1,6.666666865349e-1,6.666667014360e-2,3.333333432674e-1
1307,7.333333492279e-1,6.666667014360e-2,3.333333432674e-1,7.333333492279e-1,6.666669249535e-2,3.333333432674e-1,7.333333492279e-1,6.666667014360e-2,3.333333432674e-1
1308,8.000000119209e-1,6.666667014360e-2,3.333333432674e-1,8.000000119209e-1,6.666665524244e-2,3.333333432674e-1,8.000000119209e-1,6.666667014360e-2,3.333333432674e-1
1309,8.666666746140e-1,6.666667014360e-2,3.333333432674e-1,8.666666746140e-1,6.666662544012e-2,3.333333432674e-1,8.666666746140e-1,6.666667014360e-2,3.333333432674e-1
1310,9.333333373070e-1,6.666667014360e-2,3.333333432674e-1,9.333333373070e-1,6.666667759418e-2,3.333333432674e-1,9.333333373070e-1,6.666667014360e-2,3.333333432674e-1
1311,1.000000000000e0,6.666667014360e-2,3.333333432674e-1,1.000000000000e0,6.666669249535e-2,3.333333432674e-1,1.000000000000e0,6.666667014360e-2,3.333333432674e-1
1312,0.000000000000e0,1.333333402872e-1,3.333333432674e-1,0.000000000000e0,1.333333253860e-1,3.333333134651e-1,4.202367438574e-18,1.333333402872e-1,3.333333432674e-1
1313,6.666667014360e-2,1.333333402872e-1,3.333333432674e-1,6.666667014360e-2,1.333333402872e-1,3.333333432674e-1,6.666667014360e-2,1.333333402872e-1,3.333333432674e-1
1314,1.333333402872e-1,1.333333402872e-1,3.333333432674e-1,1.333333402872e-1,1.333333402872e-1,3.333333432674e-1,1.333333402872e-1,1.333333402872e-1,3.333333432674e-1
1315,2.000000029802e-1,1.333333402872e-1,3.333333432674e-1,1.999999880791e-1,1.333333402872e-1,3.333333432674e-1,2.000000029802e-1,1.333333402872e-1,3.333333432674e-1
1316,2.666666805744e-1,1.333333402872e-1,3.333333432674e-1,2.666666805744e-1,1.333333253860e-1,3.333333432674e-1,2.666666805744e-1,1.333333402872e-1,3.333333432674e-1
1317,3.333333432674e-1,1.333333402872e-1,3.333333432674e-1,3.333333432674e-1,1.333333253860e-1,3.333333432674e-1,3.333333432674e-1,1.333333402872e-1,3.333333432674e-1
1318,4.000000059605e-1,1.333333402872e-1,3.333333432674e-1,3.999999761581e-1,1.333333402872e-1,3.333333432674e-1,4.000000059605e-1,1.333333402872e-1,3.333333432674e-1
1319,4.666666686535e-1,1.333333402872e-1,3.333333432674e-1,4.666666388512e-1,1.333333402872e-1,3.333333432674e-1,4.666666686535e-1,1.333333402872e-1,3.333333432674e-1
1320,5.333333611488e-1,1.333333402872e-1,3.333333432674e-1,5.333333611488e-1,1.333333253860e-1,3.333333432674e-1,5.333333611488e-1,1.333333402872e-1,3.333333432674e-1
1321,6.000000238419e-1,1.333333402872e-1,3.333333432674e-1,6.000000238419e-1,1.333333551884e-1,3.333333432674e-1,6.000000238419e-1,1.333333402872e-1,3.333333432674e-1
1322,6.666666865349e-1,1.333333402872e-1,3.333333432674e-1,6.666666865349e-1,1.333333253860e-1,3.333333432674e-1,6.666666865349e-1,1.333333402872e-1,3.333333432674e-1
1323,7.333333492279e-1,1.333333402872e-1,3.333333432674e-1,7.333333492279e-1,1.333333253860e-1,3.333333432674e-1,7.333333492279e-1,1.333333402872e-1,3.333333432674e-1
1324,8.000000119209e-1,1.333333402872e-1,3.333333432674e-1,8.000000119209e-1,1.333333551884e-1,3.333333432674e-1,8.000000119209e-1,1.333333402872e-1,3.333333432674e-1
1325,8.666666746140e-1,1.333333402872e-1,3.333333432674e-1,8.666666150093e-1,1.333333253860e-1,3.333333432674e-1,8.666666746140e-1,1.333333402872e-1,3.333333432674e-1
1326,9.333333373070e-1,1.333333402872e-1,3.333333432674e-1,9.333332777023e-1,1.333333402872e-1,3.333333730698e-1,9.333333373070e-1,1.333333402872e-1,3.333333432674e-1
1327,1.000000000000e0,1.333333402872e-1,3.333333432674e-1,1.000000000000e0,1.333333402872e-1,3.333333134651e-1,1.000000000000e0,1.333333402872e-1,3.333333432674e-1
1328,0.000000000000e0,2.000000029802e-1,3.333333432674e-1,0.000000000000e0,2.000000029802e-1,3.333333432674e-1,4.762683290059e-17,2.000000029802e-1,3.333333432674e-1
1329,6.666667014360e-2,2.000000029802e-1,3.333333432674e-1,6.666667759418e-2,2.000000029802e-1,3.333333432674e-1,6.666667014360e-2,2.000000029802e-1,3.333333432674e-1
1330,1.333333402872e-1,2.000000029802e-1,3.333333432674e-1,1.333333402872e-1,2.000000178814e-1,3.333333432674e-1,1.333333402872e-1,2.000000029802e-1,3.333333432674e-1
1331,2.000000029802e-1,2.000000029802e-1,3.333333432674e-1,2.000000178814e-1,2.000000029802e-1,3.333333432674e-1,2.000000029802e-1,2.000000029802e-1,3.333333432674e-1
1332,2.666666805744e-1,2.000000029802e-1,3.333333432674e-1,2.666666507721e-1,2.000000029802e-1,3.333333730698e-1,2.666666805744e-1,2.000000029802e-1,3.333333432674e-1
1333,3.333333432674e-1,2.000000029802e-1,3.333333432674e-1,3.333333432674e-1,2.000000029802e-1,3.333333432674e-1,3.333333432674e-1,2.000000029802e-1,3.333333432674e-1
1334,4.000000059605e-1,2.000000029802e-1,3.333333432674e-1,4.000000059605e-1,2.000000029802e-1,3.333333432674e-1,4.000000059605e-1,2.000000029802e-1,3.333333432674e-1
1335,4.666666686535e-1,2.000000029802e-1,3.333333432674e-1,4.666666686535e-1,2.000000178814e-1,3.333333432674e-1,4.666666686535e-1,2.000000029802e-1,3.333333432674e-1
1336,5.333333611488e-1,2.000000029802e-1,3.333333432674e-1,5.333333611488e-1,2.000000029802e-1,3.333333432674e-1,5.333333611488e-1,2.000000029802e-1,3.333333432674e-1
1337,6.000000238419e-1,2.000000029802e-1,3.333333432674e-1,6.000000238419e-1,2.000000029802e-1,3.333333730698e-1,6.000000238419e-1,2.000000029802e-1,3.333333432674e-1
1338,6.666666865349e-1,2.000000029802e-1,3.333333432674e-1,6.666666865349e-1,1.999999880791e-1,3.333333432674e-1,6.666666865349e-1,2.000000029802e-1,3.333333432674e-1
1339,7.333333492279e-1,2.000000029802e-1,3.333333432674e-1,7.333333492279e-1,2.000000029802e-1,3.333333432674e-1,7.333333492279e-1,2.000000029802e-1,3.333333432674e-1
1340,8.000000119209e-1,2.000000029802e-1,3.333333432674e-1,8.000000119209e-1,2.000000178814e-1,3.333333432674e-1,8.000000119209e-1,2.000000029802e-1,3.333333432674e-1
1341,8.666666746140e-1,2.000000029802e-1,3.333333432674e-1,8.666667342186e-1,2.000000327826e-1,3.333333432674e-1,8.666666746140e-1,2.000000029802e-1,3.333333432674e-1
1342,9.333333373070e-1,2.000000029802e-1,3.333333432674e-1,9.333333373070e-1,2.000000029802e-1,3.333333432674e-1,9.333333373070e-1,2.000000029802e-1,3.333333432674e-1
1343,1.000000000000e0,2.000000029802e-1,3.333333432674e-1,1.000000000000e0,2.000000923872e-1,3.333333730698e-1,1.000000000000e0,2.000000029802e-1,3.333333432674e-1
1344,0.000000000000e0,2.666666805744e-1,3.333333432674e-1,0.000000000000e0,2.666666805744e-1,3.333333432674e-1,0.000000000000e0,2.666666805744e-1,3.333333432674e-1
1345,6.666667014360e-2,2.666666805744e-1,3.333333432674e-1,6.666667759418e-2,2.666666805744e-1,3.333333432674e-1,6.666667014360e-2,2.666666805744e-1,3.333333432674e-1
1346,1.333333402872e-1,2.666666805744e-1,3.333333432674e-1,1.333333402872e-1,2.666666805744e-1,3.333333432674e-1,1.333333402872e-1,2.666666805744e-1,3.333333432674e-1
1347,2.000000029802e-1,2.666666805744e-1,3.333333432674e-1,2.000000029802e-1,2.666666805744e-1,3.333333730698e-1,2.000000029802e-1,2.666666805744e-1,3.333333432674e-1
1348,2.666666805744e-1,2.666666805744e-1,3.333333432674e-1,2.666666507721e-1,2.666666805744e-1,3.333333432674e-1,2.666666805744e-1,2.666666805744e-1,3.333333432674e-1
1349,3.333333432674e-1,2.666666805744e-1,3.333333432674e-1,3.333333432674e-1,2.666666805744e-1,3.333333730698e-1,3.333333432674e-1,2.666666805744e-1,3.333333432674e-1
1350,4.000000059605e-1,2.666666805744e-1,3.333333432674e-1,4.000000059605e-1,2.666666805744e-1,3.333333432674e-1,4.000000059605e-1,2.666666805744e-1,3.333333432674e-1
1351,4.666666686535e-1,2.666666805744e-1,3.333333432674e-1,4.666666388512e-1,2.666666805744e-1,3.333333432674e-1,4.666666686535e-1,2.666666805744e-1,3.333333432674e-1
1352,5.333333611488e-1,2.666666805744e-1,3.333333432674e-1,5.333333611488e-1,2.666666507721e-1,3.333333432674e-1,5.333333611488e-1,2.666666805744e-1,3.333333432674e-1
1353,6.000000238419e-1,2.666666805744e-1,3.333333432674e-1,6.000000238419e-1,2.666666805744e-1,3.333333432674e-1,6.000000238419e-1,2.666666805744e-1,3.333333432674e-1
1354,6.666666865349e-1,2.666666805744e-1,3.333333432674e-1,6.666666865349e-1,2.666666805744e-1,3.333333432674e-1,6.666666865349e-1,2.666666805744e-1,3.333333432674e-1
1355,7.333333492279e-1,2.666666805744e-1,3.333333432674e-1,7.333333492279e-1,2.666666805744e-1,3.333333432674e-1,7.333333492279e-1,2.666666805744e-1,3.333333432674e-1
1356,8.000000119209e-1,2.666666805744e-1,3.333333432674e-1,8.000000119209e-1,2.666666805744e-1,3.333333730698e-1,8.000000119209e-1,2.666666805744e-1,3.333333432674e-1
1357,8.666666746140e-1,2.666666805744e-1,3.333333432674e-1,8.666666746140e-1,2.666666805744e-1,3.333333730698e-1,8.666666746140e-1,2.666666805744e-1,3.333333432674e-1
1358,9.333333373070e-1,2.666666805744e-1,3.333333432674e-1,9.333333373070e-1,2.666666805744e-1,3.333333432674e-1,9.333333373070e-1,2.666666805744e-1,3.333333432674e-1
1359,1.000000000000e0,2.666666805744e-1,3.333333432674e-1,1.000000000000e0,2.666666805744e-1,3.333333432674e-1,1.000000000000e0,2.666666805744e-1,3.333333432674e-1
1360,0.000000000000e0,3.333333432674e-1,3.333333432674e-1,4.286644994522e-8,3.333333432674e-1,3.333333134651e-1,7.003945868820e-18,3.333333432674e-1,3.333333432674e-1
1361,6.666667014360e-2,3.333333432674e-1,3.333333432674e-1,6.666669994593e-2,3.333333432674e-1,3.333333432674e-1,6.666667014360e-2,3.333333432674e-1,3.333333432674e-1
1362,1.333333402872e-1,3.333333432674e-1,3.333333432674e-1,1.333333551884e-1,3.333333134651e-1,3.333333432674e-1,1.333333402872e-1,3.333333432674e-1,3.333333432674e-1
1363,2.000000029802e-1,3.333333432674e-1,3.333333432674e-1,2.000000029802e-1,3.333333432674e-1,3.333333432674e-1,2.000000029802e-1,3.333333432674e-1,3.333333432674e-1
1364,2.666666805744e-1,3.333333432674e-1,3.333333432674e-1,2.666666805744e-1,3.333333432674e-1,3.333333432674e-1,2.666666805744e-1,3.333333432674e-1,3.333333432674e-1
1365,3.333333432674e-1,3.333333432674e-1,3.333333432674e-1,3.333333432674e-1,3.333333432674e-1,3.333333432674e-1,3.333333432674e-1,3.333333432674e-1,3.333333432674e-1
1366,4.000000059605e-1,3.333333432674e-1,3.333333432674e-1,3.999999761581e-1,3.333333432674e-1,3.333333432674e-1,4.000000059605e-1,3.333333432674e-1,3.333333432674e-1
1367,4.666666686535e-1,3.333333432674e-1,3.333333432674e-1,4.666666686535e-1,3.333333432674e-1,3.333333432674e-1,4.666666686535e-1,3.333333432674e-1,3.333333432674e-1
1368,5.333333611488e-1,3.333333432674e-1,3.333333432674e-1,5.333333611488e-1,3.333333432674e-1,3.333333432674e-1,5.333333611488e-1,3.333333432674e-1,3.333333432674e-1
1369,6.000000238419e-1,3.333333432674e-1,3.333333432674e-1,6.000000238419e-1,3.333333432674e-1,3.333333134651e-1,6.000000238419e-1,3.333333432674e-1,3.333333432674e-1
1370,6.666666865349e-1,3.333333432674e-1,3.333333432674e-1,6.666666865349e-1,3.333333432674e-1,3.333333432674e-1,6.666666865349e-1,3.333333432674e-1,3.333333432674e-1
1371,7.333333492279e-1,3.333333432674e-1,3.333333432674e-1,7.333333492279e-1,3.333333134651e-1,3.333333432674e-1,7.333333492279e-1,3.333333432674e-1,3.333333432674e-1
1372,8.000000119209e-1,3.333333432674e-1,3.333333432674e-1,8.000000119209e-1,3.333333730698e-1,3.333333432674e-1,8.000000119209e-1,3.333333432674e-1,3.333333432674e-1
1373,8.666666746140e-1,3.333333432674e-1,3.333333432674e-1,8.666667342186e-1,3.333333432674e-1,3.333333432674e-1,8.666666746140e-1,3.333333432674e-1,3.333333432674e-1
1374,9.333333373070e-1,3.333333432674e-1,3.333333432674e-1,9.333333373070e-1,3.333333432674e-1,3.333333432674e-1,9.333333373070e-1,3.333333432674e-1,3.333333432674e-1
1375,1.000000000000e0,3.333333432674e-1,3.333333432674e-1,9.999999403954e-1,3.333333432674e-1,3.333333432674e-1,1.000000000000e0,3.333333432674e-1,3.333333432674e-1
1376,0.000000000000e0,4.000000059605e-1,3.333333432674e-1,0.000000000000e0,4.000000059605e-1,3.333333432674e-1,0.000000000000e0,4.000000059605e-1,3.333333432674e-1
1377,6.666667014360e-2,4.000000059605e-1,3.333333432674e-1,6.666667759418e-2,3.999999761581e-1,3.333333432674e-1,6.666667014360e-2,4.000000059605e-1,3.333333432674e-1
1378,1.333333402872e-1,4.000000059605e-1,3.333333432674e-1,1.333333402872e-1,4.000000059605e-1,3.333333432674e-1,1.333333402872e-1,4.000000059605e-1,3.333333432674e-1
1379,2.000000029802e-1,4.000000059605e-1,3.333333432674e-1,2.000000178814e-1,4.000000357628e-1,3.333333432674e-1,2.000000029802e-1,4.000000059605e-1,3.333333432674e-1
1380,2.666666805744e-1,4.000000059605e-1,3.333333432674e-1,2.666666805744e-1,4.000000059605e-1,3.333333432674e-1,2.666666805744e-1,4.000000059605e-1,3.333333432674e-1
1381,3.333333432674e-1,4.000000059605e-1,3.333333432674e-1,3.333333432674e-1,4.000000059605e-1,3.333333432674e-1,3.333333432674e-1,4.000000059605e-1,3.333333432674e-1
1382,4.000000059605e-1,4.000000059605e-1,3.333333432674e-1,4.000000059605e-1,4.000000357628e-1,3.333333432674e-1,4.000000059605e-1,4.000000059605e-1,3.333333432674e-1
1383,4.666666686535e-1,4.000000059605e-1,3.333333432674e-1,4.666666686535e-1,4.000000059605e-1,3.333333432674e-1,4.666666686535e-1,4.000000059605e-1,3.333333432674e-1
1384,5.333333611488e-1,4.000000059605e-1,3.333333432674e-1,5.333333611488e-1,4.000000059605e-1,3.333333432674e-1,5.333333611488e-1,4.000000059605e-1,3.333333432674e-1
1385,6.000000238419e-1,4.000000059605e-1,3.333333432674e-1,6.000000238419e-1,3.999999761581e-1,3.333333432674e-1,6.000000238419e-1,4.000000059605e-1,3.333333432674e-1
1386,6.666666865349e-1,4.000000059605e-1,3.333333432674e-1,6.666666865349e-1,4.000000059605e-1,3.333333432674e-1,6.666666865349e-1,4.000000059605e-1,3.333333432674e-1
1387,7.333333492279e-1,4.000000059605e-1,3.333333432674e-1,7.333333492279e-1,3.999999761581e-1,3.333333432674e-1,7.333333492279e-1,4.000000059605e-1,3.333333432674e-1
1388,8.000000119209e-1,4.000000059605e-1,3.333333432674e-1,8.000000119209e-1,4.000000059605e-1,3.333333432674e-1,8.000000119209e-1,4.000000059605e-1,3.333333432674e-1
1389,8.666666746140e-1,4.000000059605e-1,3.333333432674e-1,8.666667342186e-1,4.000000059605e-1,3.333333432674e-1,8.666666746140e-1,4.000000059605e-1,3.333333432674e-1
1390,9.333333373070e-1,4.000000059605e-1,3.333333432674e-1,9.333333373070e-1,4.000000357628e-1,3.333333432674e-1,9.333333373070e-1,4.000000059605e-1,3.333333432674e-1
1391,1.000000000000e0,4.000000059605e-1,3.333333432674e-1,1.000000000000e0,3.999999761581e-1,3.333333432674e-1,1.000000000000e0,4.000000059605e-1,3.333333432674e-1
1392,0.000000000000e0,4.666666686535e-1,3.333333432674e-1,2.857763270470e-8,4.666666686535e-1,3.333333432674e-1,5.883314827594e-17,4.666666686535e-1,3.333333432674e-1
1393,6.666667014360e-2,4.666666686535e-1,3.333333432674e-1,6.666659563780e-2,4.666666984558e-1,3.333333730698e-1,6.666667014360e-2,4.666666686535e-1,3.333333432674e-1
1394,1.333333402872e-1,4.666666686535e-1,3.333333432674e-1,1.333333700895e-1,4.666666686535e-1,3.333333432674e-1,1.333333402872e-1,4.666666686535e-1,3.333333432674e-1
1395,2.000000029802e-1,4.666666686535e-1,3.333333432674e-1,2.000000029802e-1,4.666666984558e-1,3.333333432674e-1,2.000000029802e-1,4.666666686535e-1,3.333333432674e-1
1396,2.666666805744e-1,4.666666686535e-1,3.333333432674e-1,2.666667103767e-1,4.666666388512e-1,3.333333432674e-1,2.666666805744e-1,4.666666686535e-1,3.333333432674e-1
1397,3.333333432674e-1,4.666666686535e-1,3.333333432674e-1,3.333333432674e-1,4.666666388512e-1,3.333333432674e-1,3.333333432674e-1,4.666666686535e-1,3.333333432674e-1
1398,4.000000059605e-1,4.666666686535e-1,3.333333432674e-1,4.000000059605e-1,4.666666686535e-1,3.333333432674e-1,4.000000059605e-1,4.666666686535e-1,3.333333432674e-1
1399,4.666666686535e-1,4.666666686535e-1,3.333333432674e-1,4.666666686535e-1,4.666666984558e-1,3.333333432674e-1,4.666666686535e-1,4.666666686535e-1,3.333333432674e-1
1400,5.333333611488e-1,4.666666686535e-1,3.333333432674e-1,5.333333611488e-1,4.666666984558e-1,3.333333432674e-1,5.333333611488e-1,4.666666686535e-1,3.333333432674e-1
1401,6.000000238419e-1,4.666666686535e-1,3.333333432674e-1,6.000000238419e-1,4.666666686535e-1,3.333333432674e-1,6.000000238419e-1,4.666666686535e-1,3.333333432674e-1
1402,6.666666865349e-1,4.666666686535e-1,3.333333432674e-1,6.666666865349e-1,4.666666388512e-1,3.333333432674e-1,6.666666865349e-1,4.666666686535e-1,3.333333432674e-1
1403,7.333333492279e-1,4.666666686535e-1,3.333333432674e-1,7.333333492279e-1,4.666666686535e-1,3.333333432674e-1,7.333333492279e-1,4.666666686535e-1,3.333333432674e-1
1404,8.000000119209e-1,4.666666686535e-1,3.333333432674e-1,8.000000119209e-1,4.666666686535e-1,3.333333432674e-1,8.000000119209e-1,4.666666686535e-1,3.333333432674e-1
1405,8.666666746140e-1,4.666666686535e-1,3.333333432674e-1,8.666666746140e-1,4.666666686535e-1,3.333333432674e-1,8.666666746140e-1,4.666666686535e-1,3.333333432674e-1
1406,9.333333373070e-1,4.666666686535e-1,3.333333432674e-1,9.333333373070e-1,4.666666686535e-1,3.333333432674e-1,9.333333373070e-1,4.666666686535e-1,3.333333432674e-1
1407,1.000000000000e0,4.666666686535e-1,3.333333432674e-1,1.000000000000e0,4.666666984558e-1,3.333333730698e-1,1.000000000000e0,4.666666686535e-1,3.333333432674e-1
1408,0.000000000000e0,5.333333611488e-1,3.333333432674e-1,1.270952623145e-7,5.333333611488e-1,3.333333134651e-1,0.000000000000e0,5.333333611488e-1,3.333333432674e-1
1409,6.666667014360e-2,5.333333611488e-1,3.333333432674e-1,6.666667014360e-2,5.333333611488e-1,3.333333432674e-1,6.666667014360e-2,5.333333611488e-1,3.333333432674e-1
1410,1.333333402872e-1,5.333333611488e-1,3.333333432674e-1,1.333333700895e-1,5.333333611488e-1,3.333333432674e-1,1.333333402872e-1,5.333333611488e-1,3.333333432674e-1
1411,2.000000029802e-1,5.333333611488e-1,3.333333432674e-1,2.000000327826e-1,5.333333611488e-1,3.333333432674e-1,2.000000029802e-1,5.333333611488e-1,3.333333432674e-1
1412,2.666666805744e-1,5.333333611488e-1,3.333333432674e-1,2.666667103767e-1,5.333333611488e-1,3.333333432674e-1,2.666666805744e-1,5.333333611488e-1,3.333333432674e-1
1413,3.333333432674e-1,5.333333611488e-1,3.333333432674e-1,3.333333432674e-1,5.333333611488e-1,3.333333432674e-1,3.333333432674e-1,5.333333611488e-1,3.333333432674e-1
1414,4.000000059605e-1,5.333333611488e-1,3.333333432674e-1,4.000000059605e-1,5.333333611488e-1,3.333333432674e-1,4.000000059605e-1,5.333333611488e-1,3.333333432674e-1
1415,4.666666686535e-1,5.333333611488e-1,3.333333432674e-1,4.666666686535e-1,5.333333611488e-1,3.333333730698e-1,4.666666686535e-1,5.333333611488e-1,3.333333432674e-1
1416,5.333333611488e-1,5.333333611488e-1,3.333333432674e-1,5.333333611488e-1,5.333333611488e-1,3.333333432674e-1,5.333333611488e-1,5.333333611488e-1,3.333333432674e-1
1417,6.000000238419e-1,5.333333611488e-1,3.333333432674e-1,6.000000238419e-1,5.333333611488e-1,3.333333432674e-1,6.000000238419e-1,5.333333611488e-1,3.333333432674e-1
1418,6.666666865349e-1,5.333333611488e-1,3.333333432674e-1,6.666666865349e-1,5.333333611488e-1,3.333333432674e-1,6.666666865349e-1,5.333333611488e-1,3.333333432674e-1
1419,7.333333492279e-1,5.333333611488e-1,3.333333432674e-1,7.333333492279e-1,5.333333611488e-1,3.333333432674e-1,7.333333492279e-1,5.333333611488e-1,3.333333432674e-1
1420,8.000000119209e-1,5.333333611488e-1,3.333333432674e-1,7.999999523163e-1,5.333333611488e-1,3.333333432674e-1,8.000000119209e-1,5.333333611488e-1,3.333333432674e-1
1421,8.666666746140e-1,5.333333611488e-1,3.333333432674e-1,8.666666746140e-1,5.333333611488e-1,3.333333432674e-1,8.666666746140e-1,5.333333611488e-1,3.333333432674e-1
1422,9.333333373070e-1,5.333333611488e-1,3.333333432674e-1,9.333333373070e-1,5.333333611488e-1,3.333333432674e-1,9.333333373070e-1,5.333333611488e-1,3.333333432674e-1
1423,1.000000000000e0,5.333333611488e-1,3.333333432674e-1,1.000000000000e0,5.333333611488e-1,3.333333432674e-1,1.000000000000e0,5.333333611488e-1,3.333333432674e-1
1424,0.000000000000e0,6.000000238419e-1,3.333333432674e-1,1.413840777786e-7,6.000000238419e-1,3.333333432674e-1,0.000000000000e0,6.000000238419e-1,3.333333432674e-1
1425,6.666667014360e-2,6.000000238419e-1,3.333333432674e-1,6.666667759418e-2,6.000000238419e-1,3.333333134651e-1,6.666667014360e-2,6.000000238419e-1,3.333333432674e-1
1426,1.333333402872e-1,6.000000238419e-1,3.333333432674e-1,1.333333700895e-1,6.000000238419e-1,3.333333134651e-1,1.333333402872e-1,6.000000238419e-1,3.333333432674e-1
1427,2.000000029802e-1,6.000000238419e-1,3.333333432674e-1,2.000000029802e-1,6.000000238419e-1,3.333333432674e-1,2.000000029802e-1,6.000000238419e-1,3.333333432674e-1
1428,2.666666805744e-1,6.000000238419e-1,3.333333432674e-1,2.666666805744e-1,6.000000238419e-1,3.333333432674e-1,2.666666805744e-1,6.000000238419e-1,3.333333432674e-1
1429,3.333333432674e-1,6.000000238419e-1,3.333333432674e-1,3.333333432674e-1,6.000000238419e-1,3.333333432674e-1,3.333333432674e-1,6.000000238419e-1,3.333333432674e-1
1430,4.000000059605e-1,6.000000238419e-1,3.333333432674e-1,4.000000059605e-1,6.000000238419e-1,3.333333730698e-1,4.000000059605e-1,6.000000238419e-1,3.333333432674e-1
1431,4.666666686535e-1,6.000000238419e-1,3.333333432674e-1,4.666666984558e-1,6.000000238419e-1,3.333333432674e-1,4.666666686535e-1,6.000000238419e-1,3.333333432674e-1
1432,5.333333611488e-1,6.000000238419e-1,3.333333432674e-1,5.333333611488e-1,6.000000238419e-1,3.333333432674e-1,5.333333611488e-1,6.000000238419e-1,3.333333432674e-1
1433,6.000000238419e-1,6.000000238419e-1,3.333333432674e-1,6.000000238419e-1,6.000000238419e-1,3.333333432674e-1,6.000000238419e-1,6.000000238419e-1,3.333333432674e-1
1434,6.666666865349e-1,6.000000238419e-1,3.333333432674e-1,6.666666865349e-1,6.000000238419e-1,3.333333432674e-1,6.666666865349e-1,6.000000238419e-1,3.333333432674e-1
1435,7.333333492279e-1,6.000000238419e-1,3.333333432674e-1,7.333333492279e-1,6.000000238419e-1,3.333333730698e-1,7.333333492279e-1,6.000000238419e-1,3.333333432674e-1
1436,8.000000119209e-1,6.000000238419e-1,3.333333432674e-1,8.000000119209e-1,6.000000238419e-1,3.333333432674e-1,8.000000119209e-1,6.000000238419e-1,3.333333432674e-1
1437,8.666666746140e-1,6.000000238419e-1,3.333333432674e-1,8.666666746140e-1,6.000000238419e-1,3.333333730698e-1,8.666666746140e-1,6.000000238419e-1,3.333333432674e-1
1438,9.333333373070e-1,6.000000238419e-1,3.333333432674e-1,9.333333373070e-1,6.000000238419e-1,3.333333432674e-1,9.333333373070e-1,6.000000238419e-1,3.333333432674e-1
1439,1.000000000000e0,6.000000238419e-1,3.333333432674e-1,1.000000000000e0,6.000000834465e-1,3.333333432674e-1,1.000000000000e0,6.000000238419e-1,3.333333432674e-1
1440,0.000000000000e0,6.666666865349e-1,3.333333432674e-1,0.000000000000e0,6.666666865349e-1,3.333333730698e-1,0.000000000000e0,6.666666865349e-1,3.333333432674e-1
1441,6.666667014360e-2,6.666666865349e-1,3.333333432674e-1,6.666673719883e-2,6.666666865349e-1,3.333333432674e-1,6.666667014360e-2,6.666666865349e-1,3.333333432674e-1
1442,1.333333402872e-1,6.666666865349e-1,3.333333432674e-1,1.333332508802e-1,6.666666865349e-1,3.333333432674e-1,1.333333402872e-1,6.666666865349e-1,3.333333432674e-1
1443,2.000000029802e-1,6.666666865349e-1,3.333333432674e-1,2.000001370907e-1,6.666666865349e-1,3.333333432674e-1,2.000000029802e-1,6.666666865349e-1,3.333333432674e-1
1444,2.666666805744e-1,6.666666865349e-1,3.333333432674e-1,2.666667401791e-1,6.666666865349e-1,3.333333432674e-1,2.666666805744e-1,6.666666865349e-1,3.333333432674e-1
1445,3.333333432674e-1,6.666666865349e-1,3.333333432674e-1,3.333333432674e-1,6.666666865349e-1,3.333333134651e-1,3.333333432674e-1,6.666666865349e-1,3.333333432674e-1
1446,4.000000059605e-1,6.666666865349e-1,3.333333432674e-1,4.000000059605e-1,6.666666865349e-1,3.333333134651e-1,4.000000059605e-1,6.666666865349e-1,3.333333432674e-1
1447,4.666666686535e-1,6.666666865349e-1,3.333333432674e-1,4.666666388512e-1,6.666666865349e-1,3.333333134651e-1,4.666666686535e-1,6.666666865349e-1,3.333333432674e-1
1448,5.333333611488e-1,6.666666865349e-1,3.333333432674e-1,5.333333611488e-1,6.666666865349e-1,3.333333134651e-1,5.333333611488e-1,6.666666865349e-1,3.333333432674e-1
1449,6.000000238419e-1,6.666666865349e-1,3.333333432674e-1,6.000000834465e-1,6.666666865349e-1,3.333333432674e-1,6.000000238419e-1,6.666666865349e-1,3.333333432674e-1
1450,6.666666865349e-1,6.666666865349e-1,3.333333432674e-1,6.666666865349e-1,6.666666865349e-1,3.333333432674e-1,6.666666865349e-1,6.666666865349e-1,3.333333432674e-1
1451,7.333333492279e-1,6.666666865349e-1,3.333333432674e-1,7.333333492279e-1,6.666666865349e-1,3.333333432674e-1,7.333333492279e-1,6.666666865349e-1,3.333333432674e-1
1452,8.000000119209e-1,6.666666865349e-1,3.333333432674e-1,8.000000715256e-1,6.666666865349e-1,3.333333432674e-1,8.000000119209e-1,6.666666865349e-1,3.333333432674e-1
1453,8.666666746140e-1,6.666666865349e-1,3.333333432674e-1,8.666666746140e-1,6.666666865349e-1,3.333333432674e-1,8.666666746140e-1,6.666666865349e-1,3.333333432674e-1
1454,9.333333373070e-1,6.666666865349e-1,3.333333432674e-1,9.333333373070e-1,6.666666865349e-1,3.333333432674e-1,9.333333373070e-1,6.666666865349e-1,3.333333432674e-1
1455,1.000000000000e0,6.666666865349e-1,3.333333432674e-1,1.000000000000e0,6.666666865349e-1,3.333333432674e-1,1.000000000000e0,6.666666865349e-1,3.333333432674e-1
1456,0.000000000000e0,7.333333492279e-1,3.333333432674e-1,1.744739677179e-7,7.333333492279e-1,3.333333730698e-1,4.202367438574e-18,7.333333492279e-1,3.333333432674e-1
1457,6.666667014360e-2,7.333333492279e-1,3.333333432674e-1,6.666663289070e-2,7.333333492279e-1,3.333333432674e-1,6.666667014360e-2,7.333333492279e-1,3.333333432674e-1
1458,1.333333402872e-1,7.333333492279e-1,3.333333432674e-1,1.333332210779e-1,7.333333492279e-1,3.333333432674e-1,1.333333402872e-1,7.333333492279e-1,3.333333432674e-1
1459,2.000000029802e-1,7.333333492279e-1,3.333333432674e-1,1.999999880791e-1,7.333333492279e-1,3.333333730698e-1,2.000000029802e-1,7.333333492279e-1,3.333333432674e-1
1460,2.666666805744e-1,7.333333492279e-1,3.333333432674e-1,2.666667103767e-1,7.333333492279e-1,3.333333432674e-1,2.666666805744e-1,7.333333492279e-1,3.333333432674e-1
1461,3.333333432674e-1,7.333333492279e-1,3.333333432674e-1,3.333334624767e-1,7.333333492279e-1,3.333333432674e-1,3.333333432674e-1,7.333333492279e-1,3.333333432674e-1
1462,4.000000059605e-1,7.333333492279e-1,3.333333432674e-1,4.000000059605e-1,7.333333492279e-1,3.333333432674e-1,4.000000059605e-1,7.333333492279e-1,3.333333432674e-1
1463,4.666666686535e-1,7.333333492279e-1,3.333333432674e-1,4.666666686535e-1,7.333333492279e-1,3.333333432674e-1,4.666666686535e-1,7.333333492279e-1,3.333333432674e-1
1464,5.333333611488e-1,7.333333492279e-1,3.333333432674e-1,5.333333611488e-1,7.333333492279e-1,3.333333432674e-1,5.333333611488e-1,7.333333492279e-1,3.333333432674e-1
1465,6.000000238419e-1,7.333333492279e-1,3.333333432674e-1,6.000000238419e-1,7.333333492279e-1,3.333333432674e-1,6.000000238419e-1,7.333333492279e-1,3.333333432674e-1
1466,6.666666865349e-1,7.333333492279e-1,3.333333432674e-1,6.666666865349e-1,7.333334088326e-1,3.333333432674e-1,6.666666865349e-1,7.333333492279e-1,3.333333432674e-1
1467,7.333333492279e-1,7.333333492279e-1,3.333333432674e-1,7.333333492279e-1,7.333332896233e-1,3.333333432674e-1,7.333333492279e-1,7.333333492279e-1,3.333333432674e-1
1468,8.000000119209e-1,7.333333492279e-1,3.333333432674e-1,8.000000715256e-1,7.333333492279e-1,3.333333432674e-1,8.000000119209e-1,7.333333492279e-1,3.333333432674e-1
1469,8.666666746140e-1,7.333333492279e-1,3.333333432674e-1,8.666667342186e-1,7.333333492279e-1,3.333333432674e-1,8.666666746140e-1,7.333333492279e-1,3.333333432674e-1
1470,9.333333373070e-1,7.333333492279e-1,3.333333432674e-1,9.333333373070e-1,7.333333492279e-1,3.333333730698e-1,9.333333373070e-1,7.333333492279e-1,3.333333432674e-1
1471,1.000000000000e0,7.333333492279e-1,3.333333432674e-1,1.000000000000e0,7.333333492279e-1,3.333333730698e-1,1.000000000000e0,7.333333492279e-1,3.333333432674e-1
1472,0.000000000000e0,8.000000119209e-1,3.333333432674e-1,9.663752109645e-8,8.000000119209e-1,3.333333730698e-1,0.000000000000e0,8.000000119209e-1,3.333333432674e-1
1473,6.666667014360e-2,8.000000119209e-1,3.333333432674e-1,6.666654348373e-2,7.999999523163e-1,3.333333432674e-1,6.666667014360e-2,8.000000119209e-1,3.333333432674e-1
1474,1.333333402872e-1,8.000000119209e-1,3.333333432674e-1,1.333332061768e-1,8.000000119209e-1,3.333333432674e-1,1.333333402872e-1,8.000000119209e-1,3.333333432674e-1
1475,2.000000029802e-1,8.000000119209e-1,3.333333432674e-1,1.999999880791e-1,8.000000119209e-1,3.333333432674e-1,2.000000029802e-1,8.000000119209e-1,3.333333432674e-1
1476,2.666666805744e-1,8.000000119209e-1,3.333333432674e-1,2.666667103767e-1,8.000000119209e-1,3.333333432674e-1,2.666666805744e-1,8.000000119209e-1,3.333333432674e-1
1477,3.333333432674e-1,8.000000119209e-1,3.333333432674e-1,3.333333432674e-1,8.000000119209e-1,3.333333432674e-1,3.333333432674e-1,8.000000119209e-1,3.333333432674e-1
1478,4.000000059605e-1,8.000000119209e-1,3.333333432674e-1,4.000000059605e-1,8.000000119209e-1,3.333333730698e-1,4.000000059605e-1,8.000000119209e-1,3.333333432674e-1
1479,4.666666686535e-1,8.000000119209e-1,3.333333432674e-1,4.666666388512e-1,8.000000715256e-1,3.333333432674e-1,4.666666686535e-1,8.000000119209e-1,3.333333432674e-1
1480,5.333333611488e-1,8.000000119209e-1,3.333333432674e-1,5.333333611488e-1,8.000000119209e-1,3.333333134651e-1,5.333333611488e-1,8.000000119209e-1,3.333333432674e-1
1481,6.000000238419e-1,8.000000119209e-1,3.333333432674e-1,6.000000238419e-1,8.000000715256e-1,3.333333134651e-1,6.000000238419e-1,8.000000119209e-1,3.333333432674e-1
1482,6.666666865349e-1,8.000000119209e-1,3.333333432674e-1,6.666666865349e-1,8.000000119209e-1,3.333333432674e-1,6.666666865349e-1,8.000000119209e-1,3.333333432674e-1
1483,7.333333492279e-1,8.000000119209e-1,3.333333432674e-1,7.333333492279e-1,8.000000119209e-1,3.333333432674e-1,7.333333492279e-1,8.000000119209e-1,3.333333432674e-1
1484,8.000000119209e-1,8.000000119209e-1,3.333333432674e-1,8.000000119209e-1,8.000000119209e-1,3.333333432674e-1,8.000000119209e-1,8.000000119209e-1,3.333333432674e-1
1485,8.666666746140e-1,8.000000119209e-1,3.333333432674e-1,8.666666746140e-1,8.000000119209e-1,3.333333432674e-1,8.666666746140e-1,8.000000119209e-1,3.333333432674e-1
1486,9.333333373070e-1,8.000000119209e-1,3.333333432674e-1,9.333333373070e-1,8.000000119209e-1,3.333333432674e-1,9.333333373070e-1,8.000000119209e-1,3.333333432674e-1
1487,1.000000000000e0,8.000000119209e-1,3.333333432674e-1,1.000000000000e0,8.000000119209e-1,3.333333432674e-1,1.000000000000e0,8.000000119209e-1,3.333333432674e-1
1488,0.000000000000e0,8.666666746140e-1,3.333333432674e-1,4.072312833614e-7,8.666666746140e-1,3.333333432674e-1,0.000000000000e0,8.666666746140e-1,3.333333432674e-1
1489,6.666667014360e-2,8.666666746140e-1,3.333333432674e-1,6.666661798954e-2,8.666666746140e-1,3.333333432674e-1,6.666667014360e-2,8.666666746140e-1,3.333333432674e-1
1490,1.333333402872e-1,8.666666746140e-1,3.333333432674e-1,1.333334892988e-1,8.666666150093e-1,3.333333432674e-1,1.333333402872e-1,8.666666746140e-1,3.333333432674e-1
1491,2.000000029802e-1,8.666666746140e-1,3.333333432674e-1,1.999999731779e-1,8.666667342186e-1,3.333333432674e-1,2.000000029802e-1,8.666666746140e-1,3.333333432674e-1
1492,2.666666805744e-1,8.666666746140e-1,3.333333432674e-1,2.666666805744e-1,8.666666150093e-1,3.333333432674e-1,2.666666805744e-1,8.666666746140e-1,3.333333432674e-1
1493,3.333333432674e-1,8.666666746140e-1,3.333333432674e-1,3.333333730698e-1,8.666666150093e-1,3.333333134651e-1,3.333333432674e-1,8.666666746140e-1,3.333333432674e-1
1494,4.000000059605e-1,8.666666746140e-1,3.333333432674e-1,4.000000059605e-1,8.666666746140e-1,3.333333432674e-1,4.000000059605e-1,8.666666746140e-1,3.333333432674e-1
1495,4.666666686535e-1,8.666666746140e-1,3.333333432674e-1,4.666666686535e-1,8.666666746140e-1,3.333333432674e-1,4.666666686535e-1,8.666666746140e-1,3.333333432674e-1
1496,5.333333611488e-1,8.666666746140e-1,3.333333432674e-1,5.333333611488e-1,8.666666746140e-1,3.333333432674e-1,5.333333611488e-1,8.666666746140e-1,3.333333432674e-1
1497,6.000000238419e-1,8.666666746140e-1,3.333333432674e-1,6.000000238419e-1,8.666666746140e-1,3.333333432674e-1,6.000000238419e-1,8.666666746140e-1,3.333333432674e-1
1498,6.666666865349e-1,8.666666746140e-1,3.333333432674e-1,6.666666865349e-1,8.666666150093e-1,3.333333730698e-1,6.666666865349e-1,8.666666746140e-1,3.333333432674e-1
1499,7.333333492279e-1,8.666666746140e-1,3.333333432674e-1,7.333333492279e-1,8.666666150093e-1,3.333333730698e-1,7.333333492279e-1,8.666666746140e-1,3.333333432674e-1
1500,8.000000119209e-1,8.666666746140e-1,3.333333432674e-1,7.999999523163e-1,8.666666150093e-1,3.333333432674e-1,8.000000119209e-1,8.666666746140e-1,3.333333432674e-1
1501,8.666666746140e-1,8.666666746140e-1,3.333333432674e-1,8.666666746140e-1,8.666666150093e-1,3.333333432674e-1,8.666666746140e-1,8.666666746140e-1,3.333333432674e-1
1502,9.333333373070e-1,8.666666746140e-1,3.333333432674e-1,9.333333373070e-1,8.666666746140e-1,3.333333432674e-1,9.333333373070e-1,8.666666746140e-1,3.333333432674e-1
1503,1.000000000000e0,8.666666746140e-1,3.333333432674e-1,1.000000000000e0,8.666666746140e-1,3.333333432674e-1,1.000000000000e0,8.666666746140e-1,3.333333432674e-1
1504,0.000000000000e0,9.333333373070e-1,3.333333432674e-1,0.000000000000e0,9.333332777023e-1,3.333333730698e-1,2.307800292403e-16,9.333333373070e-1,3.333333432674e-1
1505,6.666667014360e-2,9.333333373070e-1,3.333333432674e-1,6.666665524244e-2,9.333333373070e-1,3.333333134651e-1,6.666667014360e-2,9.333333373070e-1,3.333333432674e-1
1506,1.333333402872e-1,9.333333373070e-1,3.333333432674e-1,1.333333551884e-1,9.333333373070e-1,3.333333432674e-1,1.333333402872e-1,9.333333373070e-1,3.333333432674e-1
1507,2.000000029802e-1,9.333333373070e-1,3.333333432674e-1,2.000000029802e-1,9.333333373070e-1,3.333333432674e-1,2.000000029802e-1,9.333333373070e-1,3.333333432674e-1
1508,2.666666805744e-1,9.333333373070e-1,3.333333432674e-1,2.666667103767e-1,9.333333373070e-1,3.333334028721e-1,2.666666805744e-1,9.333333373070e-1,3.333333432674e-1
1509,3.333333432674e-1,9.333333373070e-1,3.333333432674e-1,3.333333432674e-1,9.333333373070e-1,3.333333730698e-1,3.333333432674e-1,9.333333373070e-1,3.333333432674e-1
1510,4.000000059605e-1,9.333333373070e-1,3.333333432674e-1,4.000000357628e-1,9.333333373070e-1,3.333333432674e-1,4.000000059605e-1,9.333333373070e-1,3.333333432674e-1
1511,4.666666686535e-1,9.333333373070e-1,3.333333432674e-1,4.666666686535e-1,9.333333969116e-1,3.333333432674e-1,4.666666686535e-1,9.333333373070e-1,3.333333432674e-1
1512,5.333333611488e-1,9.333333373070e-1,3.333333432674e-1,5.333333015442e-1,9.333333373070e-1,3.333333730698e-1,5.333333611488e-1,9.333333373070e-1,3.333333432674e-1
1513,6.000000238419e-1,9.333333373070e-1,3.333333432674e-1,6.000000238419e-1,9.333333373070e-1,3.333333432674e-1,6.000000238419e-1,9.333333373070e-1,3.333333432674e-1
1514,6.666666865349e-1,9.333333373070e-1,3.333333432674e-1,6.666666865349e-1,9.333333373070e-1,3.333333730698e-1,6.666666865349e-1,9.333333373070e-1,3.333333432674e-1
1515,7.333333492279e-1,9.333333373070e-1,3.333333432674e-1,7.333333492279e-1,9.333333373070e-1,3.333333432674e-1,7.333333492279e-1,9.333333373070e-1,3.333333432674e-1
1516,8.000000119209e-1,9.333333373070e-1,3.333333432674e-1,8.000000119209e-1,9.333333373070e-1,3.333333432674e-1,8.000000119209e-1,9.333333373070e-1,3.333333432674e-1
1517,8.666666746140e-1,9.333333373070e-1,3.333333432674e-1,8.666666746140e-1,9.333333373070e-1,3.333333432674e-1,8.666666746140e-1,9.333333373070e-1,3.333333432674e-1
1518,9.333333373070e-1,9.333333373070e-1,3.333333432674e-1,9.333333373070e-1,9.333333373070e-1,3.333333432674e-1,9.333333373070e-1,9.333333373070e-1,3.333333432674e-1
1519,1.000000000000e0,9.333333373070e-1,3.333333432674e-1,9.999999403954e-1,9.333333373070e-1,3.333333730698e-1,1.000000000000e0,9.333333373070e-1,3.333333432674e-1
1520,0.000000000000e0,1.000000000000e0,3.333333432674e-1,0.000000000000e0,1.000000000000e0,3.333333730698e-1,0.000000000000e0,1.000000000000e0,3.333333432674e-1
1521,6.666667014360e-2,1.000000000000e0,3.333333432674e-1,6.666665524244e-2,1.000000000000e0,3.333333432674e-1,6.666667014360e-2,1.000000000000e0,3.333333432674e-1
1522,1.333333402872e-1,1.000000000000e0,3.333333432674e-1,1.333333849907e-1,1.000000000000e0,3.333333432674e-1,1.333333402872e-1,1.000000000000e0,3.333333432674e-1
1523,2.000000029802e-1,1.000000000000e0,3.333333432674e-1,1.999999880791e-1,1.000000000000e0,3.333333432674e-1,2.000000029802e-1,1.000000000000e0,3.333333432674e-1
1524,2.666666805744e-1,1.000000000000e0,3.333333432674e-1,2.666673958302e-1,1.000000000000e0,3.333338499069e-1,2.666666805744e-1,1.000000000000e0,3.333333432674e-1
1525,3.333333432674e-1,1.000000000000e0,3.333333432674e-1,3.333333432674e-1,1.000000000000e0,3.333333432674e-1,3.333333432674e-1,1.000000000000e0,3.333333432674e-1
1526,4.000000059605e-1,1.000000000000e0,3.333333432674e-1,3.999999761581e-1,1.000000000000e0,3.333333432674e-1,4.000000059605e-1,1.000000000000e0,3.333333432674e-1
1527,4.666666686535e-1,1.000000000000e0,3.333333432674e-1,4.666666686535e-1,1.000000000000e0,3.333333432674e-1,4.666666686535e-1,1.000000000000e0,3.333333432674e-1
1528,5.333333611488e-1,1.000000000000e0,3.333333432674e-1,5.333334207535e-1,1.000000000000e0,3.333333432674e-1,5.333333611488e-1,1.000000000000e0,3.333333432674e-1
1529,6.000000238419e-1,1.000000000000e0,3.333333432674e-1,6.000000238419e-1,1.000000000000e0,3.333333432674e-1,6.000000238419e-1,1.000000000000e0,3.333333432674e-1
1530,6.666666865349e-1,1.000000000000e0,3.333333432674e-1,6.666667461395e-1,1.000000000000e0,3.333333432674e-1,6.666666865349e-1,1.000000000000e0,3.333333432674e-1
1531,7.333333492279e-1,1.000000000000e0,3.333333432674e-1,7.333333492279e-1,9.999999403954e-1,3.333333432674e-1,7.333333492279e-1,1.000000000000e0,3.333333432674e-1
1532,8.000000119209e-1,1.000000000000e0,3.333333432674e-1,8.000000119209e-1,1.000000000000e0,3.333333432674e-1,8.000000119209e-1,1.000000000000e0,3.333333432674e-1
1533,8.666666746140e-1,1.000000000000e0,3.333333432674e-1,8.666666746140e-1,1.000000000000e0,3.333334028721e-1,8.666666746140e-1,1.000000000000e0,3.333333432674e-1
1534,9.333333373070e-1,1.000000000000e0,3.333333432674e-1,9.333333373070e-1,1.000000000000e0,3.333333134651e-1,9.333333373070e-1,1.000000000000e0,3.333333432674e-1
1535,1.000000000000e0,1.000000000000e0,3.333333432674e-1,1.000000000000e0,9.999998807907e-1,3.333360552788e-1,1.000000000000e0,1.000000000000e0,3.333333432674e-1
1536,0.000000000000e0,0.000000000000e0,4.000000059605e-1,0.000000000000e0,2.707354518350e-8,3.999999761581e-1,2.241262744197e-17,0.000000000000e0,4.000000059605e-1
1537,6.666667014360e-2,0.000000000000e0,4.000000059605e-1,6.666667759418e-2,3.008171933772e-9,4.000000059605e-1,6.666667014360e-2,0.000000000000e0,4.000000059605e-1
1538,1.333333402872e-1,0.000000000000e0,4.000000059605e-1,1.333333551884e-1,2.180924596473e-8,4.000000059605e-1,1.333333402872e-1,0.000000000000e0,4.000000059605e-1
1539,2.000000029802e-1,0.000000000000e0,4.000000059605e-1,2.000000029802e-1,0.000000000000e0,4.000000357628e-1,2.000000029802e-1,4.202367438574e-18,4.000000059605e-1
1540,2.666666805744e-1,0.000000000000e0,4.000000059605e-1,2.666666805744e-1,0.000000000000e0,4.000000059605e-1,2.666666805744e-1,0.000000000000e0,4.000000059605e-1
1541,3.333333432674e-1,0.000000000000e0,4.000000059605e-1,3.333333432674e-1,0.000000000000e0,3.999999761581e-1,3.333333432674e-1,0.000000000000e0,4.000000059605e-1
1542,4.000000059605e-1,0.000000000000e0,4.000000059605e-1,4.000000059605e-1,1.353677347993e-8,4.000000059605e-1,4.000000059605e-1,0.000000000000e0,4.000000059605e-1
1543,4.666666686535e-1,0.000000000000e0,4.000000059605e-1,4.666666984558e-1,1.203268773509e-8,4.000000059605e-1,4.666666686535e-1,1.400789215123e-18,4.000000059605e-1
1544,5.333333611488e-1,0.000000000000e0,4.000000059605e-1,5.333333611488e-1,0.000000000000e0,4.000000059605e-1,5.333333611488e-1,2.521420545863e-17,4.000000059605e-1
1545,6.000000238419e-1,0.000000000000e0,4.000000059605e-1,6.000000238419e-1,0.000000000000e0,4.000000059605e-1,6.000000238419e-1,0.000000000000e0,4.000000059605e-1
1546,6.666666865349e-1,0.000000000000e0,4.000000059605e-1,6.666666865349e-1,0.000000000000e0,4.000000059605e-1,6.666666865349e-1,0.000000000000e0,4.000000059605e-1
1547,7.333333492279e-1,0.000000000000e0,4.000000059605e-1,7.333333492279e-1,1.654494496961e-8,3.999999761581e-1,7.333333492279e-1,0.000000000000e0,4.000000059605e-1
1548,8.000000119209e-1,0.000000000000e0,4.000000059605e-1,8.000000119209e-1,0.000000000000e0,4.000000059605e-1,8.000000119209e-1,0.000000000000e0,4.000000059605e-1
1549,8.666666746140e-1,0.000000000000e0,4.000000059605e-1,8.666666746140e-1,2.707354695985e-8,3.999999761581e-1,8.666666746140e-1,0.000000000000e0,4.000000059605e-1
1550,9.333333373070e-1,0.000000000000e0,4.000000059605e-1,9.333333373070e-1,3.308988993922e-8,3.999999761581e-1,9.333333373070e-1,0.000000000000e0,4.000000059605e-1
1551,1.000000000000e0,0.000000000000e0,4.000000059605e-1,1.000000000000e0,0.000000000000e0,4.000000357628e-1,1.000000000000e0,0.000000000000e0,4.000000059605e-1
1552,0.000000000000e0,6.666667014360e-2,4.000000059605e-1,0.000000000000e0,6.666668504477e-2,4.000000059605e-1,0.000000000000e0,6.666667014360e-2,4.000000059605e-1
1553,6.666667014360e-2,6.666667014360e-2,4.000000059605e-1,6.666667014360e-2,6.666666269302e-2,4.000000059605e-1,6.666667014360e-2,6.666667014360e-2,4.000000059605e-1
1554,1.333333402872e-1,6.666667014360e-2,4.000000059605e-1,1.333333402872e-1,6.666667014360e-2,4.000000059605e-1,1.333333402872e-1,6.666667014360e-2,4.000000059605e-1
1555,2.000000029802e-1,6.666667014360e-2,4.000000059605e-1,2.000000029802e-1,6.666667759418e-2,4.000000059605e-1,2.000000029802e-1,6.666667014360e-2,4.000000059605e-1
1556,2.666666805744e-1,6.666667014360e-2,4.000000059605e-1,2.666666805744e-1,6.666667014360e-2,3.999999761581e-1,2.666666805744e-1,6.666667014360e-2,4.000000059605e-1
1557,3.333333432674e-1,6.666667014360e-2,4.000000059605e-1,3.333333432674e-1,6.666669994593e-2,3.999999761581e-1,3.333333432674e-1,6.666667014360e-2,4.000000059605e-1
1558,4.000000059605e-1,6.666667014360e-2,4.000000059605e-1,4.000000059605e-1,6.666667014360e-2,3.999999761581e-1,4.000000059605e-1,6.666667014360e-2,4.000000059605e-1
1559,4.666666686535e-1,6.666667014360e-2,4.000000059605e-1,4.666666686535e-1,6.666667014360e-2,4.000000059605e-1,4.666666686535e-1,6.666667014360e-2,4.000000059605e-1
1560,5.333333611488e-1,6.666667014360e-2,4.000000059605e-1,5.333333611488e-1,6.666667014360e-2,4.000000059605e-1,5.333333611488e-1,6.666667014360e-2,4.000000059605e-1
1561,6.000000238419e-1,6.666667014360e-2,4.000000059605e-1,6.000000238419e-1,6.666668504477e-2,4.000000059605e-1,6.000000238419e-1,6.666667014360e-2,4.000000059605e-1
1562,6.666666865349e-1,6.666667014360e-2,4.000000059605e-1,6.666666865349e-1,6.666666269302e-2,4.000000059605e-1,6.666666865349e-1,6.666667014360e-2,4.000000059605e-1
1563,7.333333492279e-1,6.666667014360e-2,4.000000059605e-1,7.333333492279e-1,6.666667759418e-2,4.000000059605e-1,7.333333492279e-1,6.666667014360e-2,4.000000059605e-1
1564,8.000000119209e-1,6.666667014360e-2,4.000000059605e-1,8.000000119209e-1,6.666667014360e-2,4.000000059605e-1,8.000000119209e-1,6.666667014360e-2,4.000000059605e-1
1565,8.666666746140e-1,6.666667014360e-2,4.000000059605e-1,8.666666746140e-1,6.666663289070e-2,4.000000059605e-1,8.666666746140e-1,6.666667014360e-2,4.000000059605e-1
1566,9.333333373070e-1,6.666667014360e-2,4.000000059605e-1,9.333333373070e-1,6.666671484709e-2,4.000000357628e-1,9.333333373070e-1,6.666667014360e-2,4.000000059605e-1
1567,1.000000000000e0,6.666667014360e-2,4.000000059605e-1,1.000000000000e0,6.666685640812e-2,4.000000059605e-1,1.000000000000e0,6.666667014360e-2,4.000000059605e-1
1568,0.000000000000e0,1.333333402872e-1,4.000000059605e-1,1.504085966886e-9,1.333333402872e-1,4.000000059605e-1,0.000000000000e0,1.333333402872e-1,4.000000059605e-1
1569,6.666667014360e-2,1.333333402872e-1,4.000000059605e-1,6.666667014360e-2,1.333333253860e-1,4.000000059605e-1,6.666667014360e-2,1.333333402872e-1,4.000000059605e-1
1570,1.333333402872e-1,1.333333402872e-1,4.000000059605e-1,1.333333551884e-1,1.333333253860e-1,4.000000059605e-1,1.333333402872e-1,1.333333402872e-1,4.000000059605e-1
1571,2.000000029802e-1,1.333333402872e-1,4.000000059605e-1,2.000000029802e-1,1.333333551884e-1,4.000000059605e-1,2.000000029802e-1,1.333333402872e-1,4.000000059605e-1
1572,2.666666805744e-1,1.333333402872e-1,4.000000059605e-1,2.666666805744e-1,1.333333402872e-1,4.000000059605e-1,2.666666805744e-1,1.333333402872e-1,4.000000059605e-1
1573,3.333333432674e-1,1.333333402872e-1,4.000000059605e-1,3.333333432674e-1,1.333333551884e-1,4.000000059605e-1,3.333333432674e-1,1.333333402872e-1,4.000000059605e-1
1574,4.000000059605e-1,1.333333402872e-1,4.000000059605e-1,4.000000059605e-1,1.333333402872e-1,4.000000059605e-1,4.000000059605e-1,1.333333402872e-1,4.000000059605e-1
1575,4.666666686535e-1,1.333333402872e-1,4.000000059605e-1,4.666666686535e-1,1.333333402872e-1,4.000000059605e-1,4.666666686535e-1,1.333333402872e-1,4.000000059605e-1
1576,5.333333611488e-1,1.333333402872e-1,4.000000059605e-1,5.333333611488e-1,1.333333402872e-1,4.000000059605e-1,5.333333611488e-1,1.333333402872e-1,4.000000059605e-1
1577,6.000000238419e-1,1.333333402872e-1,4.000000059605e-1,6.000000238419e-1,1.333333402872e-1,3.999999761581e-1,6.000000238419e-1,1.333333402872e-1,4.000000059605e-1
1578,6.666666865349e-1,1.333333402872e-1,4.000000059605e-1,6.666666865349e-1,1.333333253860e-1,4.000000059605e-1,6.666666865349e-1,1.333333402872e-1,4.000000059605e-1
1579,7.333333492279e-1,1.333333402872e-1,4.000000059605e-1,7.333333492279e-1,1.333333402872e-1,4.000000059605e-1,7.333333492279e-1,1.333333402872e-1,4.000000059605e-1
1580,8.000000119209e-1,1.333333402872e-1,4.000000059605e-1,8.000000119209e-1,1.333333402872e-1,4.000000357628e-1,8.000000119209e-1,1.333333402872e-1,4.000000059605e-1
1581,8.666666746140e-1,1.333333402872e-1,4.000000059605e-1,8.666666746140e-1,1.333333253860e-1,4.000000059605e-1,8.666666746140e-1,1.333333402872e-1,4.000000059605e-1
1582,9.333333373070e-1,1.333333402872e-1,4.000000059605e-1,9.333333373070e-1,1.333333402872e-1,3.999999761581e-1,9.333333373070e-1,1.333333402872e-1,4.000000059605e-1
1583,1.000000000000e0,1.333333402872e-1,4.000000059605e-1,9.999999403954e-1,1.333333402872e-1,4.000000059605e-1,1.000000000000e0,1.333333402872e-1,4.000000059605e-1
1584,0.000000000000e0,2.000000029802e-1,4.000000059605e-1,7.520429834429e-10,2.000000029802e-1,3.999999761581e-1,7.003946034256e-17,2.000000029802e-1,4.000000059605e-1
1585,6.666667014360e-2,2.000000029802e-1,4.000000059605e-1,6.666666269302e-2,2.000000029802e-1,4.000000059605e-1,6.666667014360e-2,2.000000029802e-1,4.000000059605e-1
1586,1.333333402872e-1,2.000000029802e-1,4.000000059605e-1,1.333333402872e-1,2.000000327826e-1,4.000000059605e-1,1.333333402872e-1,2.000000029802e-1,4.000000059605e-1
1587,2.000000029802e-1,2.000000029802e-1,4.000000059605e-1,2.000000029802e-1,2.000000029802e-1,4.000000059605e-1,2.000000029802e-1,2.000000029802e-1,4.000000059605e-1
1588,2.666666805744e-1,2.000000029802e-1,4.000000059605e-1,2.666666805744e-1,2.000000029802e-1,3.999999761581e-1,2.666666805744e-1,2.000000029802e-1,4.000000059605e-1
1589,3.333333432674e-1,2.000000029802e-1,4.000000059605e-1,3.333333432674e-1,2.000000178814e-1,4.000000357628e-1,3.333333432674e-1,2.000000029802e-1,4.000000059605e-1
1590,4.000000059605e-1,2.000000029802e-1,4.000000059605e-1,4.000000059605e-1,2.000000178814e-1,4.000000059605e-1,4.000000059605e-1,2.000000029802e-1,4.000000059605e-1
1591,4.666666686535e-1,2.000000029802e-1,4.000000059605e-1,4.666666984558e-1,1.999999880791e-1,4.000000059605e-1,4.666666686535e-1,2.000000029802e-1,4.000000059605e-1
1592,5.333333611488e-1,2.000000029802e-1,4.000000059605e-1,5.333333611488e-1,1.999999880791e-1,4.000000059605e-1,5.333333611488e-1,2.000000029802e-1,4.000000059605e-1
1593,6.000000238419e-1,2.000000029802e-1,4.000000059605e-1,6.000000238419e-1,1.999999731779e-1,4.000000059605e-1,6.000000238419e-1,2.000000029802e-1,4.000000059605e-1
1594,6.666666865349e-1,2.000000029802e-1,4.000000059605e-1,6.666666865349e-1,2.000000029802e-1,4.000000059605e-1,6.666666865349e-1,2.000000029802e-1,4.000000059605e-1
1595,7.333333492279e-1,2.000000029802e-1,4.000000059605e-1,7.333333492279e-1,1.999999880791e-1,4.000000357628e-1,7.333333492279e-1,2.000000029802e-1,4.000000059605e-1
1596,8.000000119209e-1,2.000000029802e-1,4.000000059605e-1,8.000000119209e-1,2.000000178814e-1,4.000000357628e-1,8.000000119209e-1,2.000000029802e-1,4.000000059605e-1
1597,8.666666746140e-1,2.000000029802e-1,4.000000059605e-1,8.666666746140e-1,2.000000029802e-1,4.000000357628e-1,8.666666746140e-1,2.000000029802e-1,4.000000059605e-1
1598,9.333333373070e-1,2.000000029802e-1,4.000000059605e-1,9.333333373070e-1,2.000000178814e-1,4.000000059605e-1,9.333333373070e-1,2.000000029802e-1,4.000000059605e-1
1599,1.000000000000e0,2.000000029802e-1,4.000000059605e-1,9.999999403954e-1,2.000000029802e-1,4.000000059605e-1,1.000000000000e0,2.000000029802e-1,4.000000059605e-1
1600,0.000000000000e0,2.666666805744e-1,4.000000059605e-1,4.361849192946e-8,2.666666805744e-1,4.000000357628e-1,0.000000000000e0,2.666666805744e-1,4.000000059605e-1
1601,6.666667014360e-2,2.666666805744e-1,4.000000059605e-1,6.666669249535e-2,2.666666507721e-1,4.000000059605e-1,6.666667014360e-2,2.666666805744e-1,4.000000059605e-1
1602,1.333333402872e-1,2.666666805744e-1,4.000000059605e-1,1.333333551884e-1,2.666666805744e-1,4.000000059605e-1,1.333333402872e-1,2.666666805744e-1,4.000000059605e-1
1603,2.000000029802e-1,2.666666805744e-1,4.000000059605e-1,2.000000029802e-1,2.666666805744e-1,4.000000059605e-1,2.000000029802e-1,2.666666805744e-1,4.000000059605e-1
1604,2.666666805744e-1,2.666666805744e-1,4.000000059605e-1,2.666666805744e-1,2.666666805744e-1,4.000000059605e-1,2.666666805744e-1,2.666666805744e-1,4.000000059605e-1
1605,3.333333432674e-1,2.666666805744e-1,4.000000059605e-1,3.333333432674e-1,2.666666805744e-1,4.000000059605e-1,3.333333432674e-1,2.666666805744e-1,4.000000059605e-1
1606,4.000000059605e-1,2.666666805744e-1,4.000000059605e-1,4.000000357628e-1,2.666666507721e-1,4.000000059605e-1,4.000000059605e-1,2.666666805744e-1,4.000000059605e-1
1607,4.666666686535e-1,2.666666805744e-1,4.000000059605e-1,4.666666686535e-1,2.666667103767e-1,4.000000059605e-1,4.666666686535e-1,2.666666805744e-1,4.000000059605e-1
1608,5.333333611488e-1,2.666666805744e-1,4.000000059605e-1,5.333333611488e-1,2.666667103767e-1,4.000000059605e-1,5.333333611488e-1,2.666666805744e-1,4.000000059605e-1
1609,6.000000238419e-1,2.666666805744e-1,4.000000059605e-1,6.000000238419e-1,2.666666805744e-1,4.000000059605e-1,6.000000238419e-1,2.666666805744e-1,4.000000059605e-1
1610,6.666666865349e-1,2.666666805744e-1,4.000000059605e-1,6.666666865349e-1,2.666666805744e-1,4.000000059605e-1,6.666666865349e-1,2.666666805744e-1,4.000000059605e-1
1611,7.333333492279e-1,2.666666805744e-1,4.000000059605e-1,7.333333492279e-1,2.666666805744e-1,4.000000059605e-1,7.333333492279e-1,2.666666805744e-1,4.000000059605e-1
1612,8.000000119209e-1,2.666666805744e-1,4.000000059605e-1,8.000000119209e-1,2.666667103767e-1,4.000000059605e-1,8.000000119209e-1,2.666666805744e-1,4.000000059605e-1
1613,8.666666746140e-1,2.666666805744e-1,4.000000059605e-1,8.666666746140e-1,2.666666805744e-1,4.000000059605e-1,8.666666746140e-1,2.666666805744e-1,4.000000059605e-1
1614,9.333333373070e-1,2.666666805744e-1,4.000000059605e-1,9.333333373070e-1,2.666666805744e-1,4.000000059605e-1,9.333333373070e-1,2.666666805744e-1,4.000000059605e-1
1615,1.000000000000e0,2.666666805744e-1,4.000000059605e-1,1.000000000000e0,2.666666805744e-1,4.000000357628e-1,1.000000000000e0,2.666666805744e-1,4.000000059605e-1
1616,0.000000000000e0,3.333333432674e-1,4.000000059605e-1,1.353677347993e-8,3.333333730698e-1,4.000000059605e-1,1.120631372098e-17,3.333333432674e-1,4.000000059605e-1
1617,6.666667014360e-2,3.333333432674e-1,4.000000059605e-1,6.666666269302e-2,3.333333432674e-1,3.999999761581e-1,6.666667014360e-2,3.333333432674e-1,4.000000059605e-1
1618,1.333333402872e-1,3.333333432674e-1,4.000000059605e-1,1.333333402872e-1,3.333333432674e-1,3.999999761581e-1,1.333333402872e-1,3.333333432674e-1,4.000000059605e-1
1619,2.000000029802e-1,3.333333432674e-1,4.000000059605e-1,2.000000029802e-1,3.333333134651e-1,3.999999761581e-1,2.000000029802e-1,3.333333432674e-1,4.000000059605e-1
1620,2.666666805744e-1,3.333333432674e-1,4.000000059605e-1,2.666667103767e-1,3.333333134651e-1,4.000000059605e-1,2.666666805744e-1,3.333333432674e-1,4.000000059605e-1
1621,3.333333432674e-1,3.333333432674e-1,4.000000059605e-1,3.333333432674e-1,3.333333432674e-1,3.999999761581e-1,3.333333432674e-1,3.333333432674e-1,4.000000059605e-1
1622,4.000000059605e-1,3.333333432674e-1,4.000000059605e-1,4.000000059605e-1,3.333333432674e-1,4.000000059605e-1,4.000000059605e-1,3.333333432674e-1,4.000000059605e-1
1623,4.666666686535e-1,3.333333432674e-1,4.000000059605e-1,4.666666984558e-1,3.333333730698e-1,4.000000059605e-1,4.666666686535e-1,3.333333432674e-1,4.000000059605e-1
1624,5.333333611488e-1,3.333333432674e-1,4.000000059605e-1,5.333333611488e-1,3.333333730698e-1,4.000000059605e-1,5.333333611488e-1,3.333333432674e-1,4.000000059605e-1
1625,6.000000238419e-1,3.333333432674e-1,4.000000059605e-1,6.000000238419e-1,3.333333432674e-1,4.000000357628e-1,6.000000238419e-1,3.333333432674e-1,4.000000059605e-1
1626,6.666666865349e-1,3.333333432674e-1,4.000000059605e-1,6.666666865349e-1,3.333333432674e-1,4.000000059605e-1,6.666666865349e-1,3.333333432674e-1,4.000000059605e-1
1627,7.333333492279e-1,3.333333432674e-1,4.000000059605e-1,7.333333492279e-1,3.333333432674e-1,4.000000059605e-1,7.333333492279e-1,3.333333432674e-1,4.000000059605e-1
1628,8.000000119209e-1,3.333333432674e-1,4.000000059605e-1,7.999999523163e-1,3.333333432674e-1,4.000000059605e-1,8.000000119209e-1,3.333333432674e-1,4.000000059605e-1
1629,8.666666746140e-1,3.333333432674e-1,4.000000059605e-1,8.666666746140e-1,3.333333432674e-1,4.000000059605e-1,8.666666746140e-1,3.333333432674e-1,4.000000059605e-1
1630,9.333333373070e-1,3.333333432674e-1,4.000000059605e-1,9.333333373070e-1,3.333333432674e-1,3.999999761581e-1,9.333333373070e-1,3.333333432674e-1,4.000000059605e-1
1631,1.000000000000e0,3.333333432674e-1,4.000000059605e-1,1.000000000000e0,3.333333730698e-1,4.000000357628e-1,1.000000000000e0,3.333333432674e-1,4.000000059605e-1
1632,0.000000000000e0,4.000000059605e-1,4.000000059605e-1,2.707354695985e-8,4.000000059605e-1,3.999999761581e-1,5.603156860492e-18,4.000000059605e-1,4.000000059605e-1
1633,6.666667014360e-2,4.000000059605e-1,4.000000059605e-1,6.666665524244e-2,4.000000059605e-1,4.000000059605e-1,6.666667014360e-2,4.000000059605e-1,4.000000059605e-1
1634,1.333333402872e-1,4.000000059605e-1,4.000000059605e-1,1.333333253860e-1,4.000000059605e-1,4.000000357628e-1,1.333333402872e-1,4.000000059605e-1,4.000000059605e-1
1635,2.000000029802e-1,4.000000059605e-1,4.000000059605e-1,2.000000029802e-1,4.000000059605e-1,4.000000059605e-1,2.000000029802e-1,4.000000059605e-1,4.000000059605e-1
1636,2.666666805744e-1,4.000000059605e-1,4.000000059605e-1,2.666666805744e-1,4.000000059605e-1,4.000000059605e-1,2.666666805744e-1,4.000000059605e-1,4.000000059605e-1
1637,3.333333432674e-1,4.000000059605e-1,4.000000059605e-1,3.333333432674e-1,4.000000357628e-1,4.000000059605e-1,3.333333432674e-1,4.000000059605e-1,4.000000059605e-1
1638,4.000000059605e-1,4.000000059605e-1,4.000000059605e-1,4.000000059605e-1,4.000000059605e-1,4.000000059605e-1,4.000000059605e-1,4.000000059605e-1,4.000000059605e-1
1639,4.666666686535e-1,4.000000059605e-1,4.000000059605e-1,4.666666388512e-1,4.000000357628e-1,3.999999761581e-1,4.666666686535e-1,4.000000059605e-1,4.000000059605e-1
1640,5.333333611488e-1,4.000000059605e-1,4.000000059605e-1,5.333333611488e-1,3.999999761581e-1,4.000000059605e-1,5.333333611488e-1,4.000000059605e-1,4.000000059605e-1
1641,6.000000238419e-1,4.000000059605e-1,4.000000059605e-1,6.000000238419e-1,4.000000059605e-1,4.000000059605e-1,6.000000238419e-1,4.000000059605e-1,4.000000059605e-1
1642,6.666666865349e-1,4.000000059605e-1,4.000000059605e-1,6.666666865349e-1,4.000000059605e-1,4.000000059605e-1,6.666666865349e-1,4.000000059605e-1,4.000000059605e-1
1643,7.333333492279e-1,4.000000059605e-1,4.000000059605e-1,7.333333492279e-1,4.000000059605e-1,4.000000357628e-1,7.333333492279e-1,4.000000059605e-1,4.000000059605e-1
1644,8.000000119209e-1,4.000000059605e-1,4.000000059605e-1,8.000000119209e-1,4.000000357628e-1,4.000000059605e-1,8.000000119209e-1,4.000000059605e-1,4.000000059605e-1
1645,8.666666746140e-1,4.000000059605e-1,4.000000059605e-1,8.666666746140e-1,3.999999761581e-1,4.000000059605e-1,8.666666746140e-1,4.000000059605e-1,4.000000059605e-1
1646,9.333333373070e-1,4.000000059605e-1,4.000000059605e-1,9.333333373070e-1,4.000000357628e-1,4.000000059605e-1,9.333333373070e-1,4.000000059605e-1,4.000000059605e-1
1647,1.000000000000e0,4.000000059605e-1,4.000000059605e-1,9.999999403954e-1,4.000000059605e-1,4.000000059605e-1,1.000000000000e0,4.000000059605e-1,4.000000059605e-1
1648,0.000000000000e0,4.666666686535e-1,4.000000059605e-1,0.000000000000e0,4.666666686535e-1,4.000000059605e-1,1.400789215123e-18,4.666666686535e-1,4.000000059605e-1
1649,6.666667014360e-2,4.666666686535e-1,4.000000059605e-1,6.666660308838e-2,4.666666686535e-1,4.000000059605e-1,6.666667014360e-2,4.666666686535e-1,4.000000059605e-1
1650,1.333333402872e-1,4.666666686535e-1,4.000000059605e-1,1.333333402872e-1,4.666666984558e-1,4.000000059605e-1,1.333333402872e-1,4.666666686535e-1,4.000000059605e-1
1651,2.000000029802e-1,4.666666686535e-1,4.000000059605e-1,1.999999731779e-1,4.666666686535e-1,4.000000059605e-1,2.000000029802e-1,4.666666686535e-1,4.000000059605e-1
1652,2.666666805744e-1,4.666666686535e-1,4.000000059605e-1,2.666666805744e-1,4.666666984558e-1,4.000000059605e-1,2.666666805744e-1,4.666666686535e-1,4.000000059605e-1
1653,3.333333432674e-1,4.666666686535e-1,4.000000059605e-1,3.333333432674e-1,4.666666388512e-1,4.000000059605e-1,3.333333432674e-1,4.666666686535e-1,4.000000059605e-1
1654,4.000000059605e-1,4.666666686535e-1,4.000000059605e-1,3.999999761581e-1,4.666666686535e-1,4.000000059605e-1,4.000000059605e-1,4.666666686535e-1,4.000000059605e-1
1655,4.666666686535e-1,4.666666686535e-1,4.000000059605e-1,4.666666388512e-1,4.666666388512e-1,4.000000059605e-1,4.666666686535e-1,4.666666686535e-1,4.000000059605e-1
1656,5.333333611488e-1,4.666666686535e-1,4.000000059605e-1,5.333333611488e-1,4.666666686535e-1,4.000000059605e-1,5.333333611488e-1,4.666666686535e-1,4.000000059605e-1
1657,6.000000238419e-1,4.666666686535e-1,4.000000059605e-1,6.000000238419e-1,4.666666686535e-1,3.999999761581e-1,6.000000238419e-1,4.666666686535e-1,4.000000059605e-1
1658,6.666666865349e-1,4.666666686535e-1,4.000000059605e-1,6.666666865349e-1,4.666666686535e-1,4.000000059605e-1,6.666666865349e-1,4.666666686535e-1,4.000000059605e-1
1659,7.333333492279e-1,4.666666686535e-1,4.000000059605e-1,7.333333492279e-1,4.666666686535e-1,4.000000059605e-1,7.333333492279e-1,4.666666686535e-1,4.000000059605e-1
1660,8.000000119209e-1,4.666666686535e-1,4.000000059605e-1,8.000000119209e-1,4.666666388512e-1,4.000000059605e-1,8.000000119209e-1,4.666666686535e-1,4.000000059605e-1
1661,8.666666746140e-1,4.666666686535e-1,4.000000059605e-1,8.666666150093e-1,4.666666388512e-1,4.000000357628e-1,8.666666746140e-1,4.666666686535e-1,4.000000059605e-1
1662,9.333333373070e-1,4.666666686535e-1,4.000000059605e-1,9.333333373070e-1,4.666666686535e-1,4.000000059605e-1,9.333333373070e-1,4.666666686535e-1,4.000000059605e-1
1663,1.000000000000e0,4.666666686535e-1,4.000000059605e-1,1.000000000000e0,4.666666984558e-1,4.000000357628e-1,1.000000000000e0,4.666666686535e-1,4.000000059605e-1
1664,0.000000000000e0,5.333333611488e-1,4.000000059605e-1,0.000000000000e0,5.333333611488e-1,4.000000059605e-1,0.000000000000e0,5.333333611488e-1,4.000000059605e-1
1665,6.666667014360e-2,5.333333611488e-1,4.000000059605e-1,6.666669994593e-2,5.333333611488e-1,3.999999761581e-1,6.666667014360e-2,5.333333611488e-1,4.000000059605e-1
1666,1.333333402872e-1,5.333333611488e-1,4.000000059605e-1,1.333333104849e-1,5.333333611488e-1,4.000000357628e-1,1.333333402872e-1,5.333333611488e-1,4.000000059605e-1
1667,2.000000029802e-1,5.333333611488e-1,4.000000059605e-1,1.999999731779e-1,5.333333611488e-1,4.000000059605e-1,2.000000029802e-1,5.333333611488e-1,4.000000059605e-1
1668,2.666666805744e-1,5.333333611488e-1,4.000000059605e-1,2.666666805744e-1,5.333333611488e-1,4.000000059605e-1,2.666666805744e-1,5.333333611488e-1,4.000000059605e-1
1669,3.333333432674e-1,5.333333611488e-1,4.000000059605e-1,3.333333134651e-1,5.333333611488e-1,4.000000059605e-1,3.333333432674e-1,5.333333611488e-1,4.000000059605e-1
1670,4.000000059605e-1,5.333333611488e-1,4.000000059605e-1,4.000000059605e-1,5.333333611488e-1,4.000000059605e-1,4.000000059605e-1,5.333333611488e-1,4.000000059605e-1
1671,4.666666686535e-1,5.333333611488e-1,4.000000059605e-1,4.666666388512e-1,5.333333611488e-1,4.000000357628e-1,4.666666686535e-1,5.333333611488e-1,4.000000059605e-1
1672,5.333333611488e-1,5.333333611488e-1,4.000000059605e-1,5.333333611488e-1,5.333333611488e-1,4.000000059605e-1,5.333333611488e-1,5.333333611488e-1,4.000000059605e-1
1673,6.000000238419e-1,5.333333611488e-1,4.000000059605e-1,6.000000238419e-1,5.333333611488e-1,4.000000059605e-1,6.000000238419e-1,5.333333611488e-1,4.000000059605e-1
1674,6.666666865349e-1,5.333333611488e-1,4.000000059605e-1,6.666667461395e-1,5.333333611488e-1,4.000000059605e-1,6.666666865349e-1,5.333333611488e-1,4.000000059605e-1
1675,7.333333492279e-1,5.333333611488e-1,4.000000059605e-1,7.333333492279e-1,5.333333611488e-1,4.000000059605e-1,7.333333492279e-1,5.333333611488e-1,4.000000059605e-1
1676,8.000000119209e-1,5.333333611488e-1,4.000000059605e-1,8.000000119209e-1,5.333333611488e-1,4.000000059605e-1,8.000000119209e-1,5.333333611488e-1,4.000000059605e-1
1677,8.666666746140e-1,5.333333611488e-1,4.000000059605e-1,8.666666746140e-1,5.333333611488e-1,4.000000059605e-1,8.666666746140e-1,5.333333611488e-1,4.000000059605e-1
1678,9.333333373070e-1,5.333333611488e-1,4.000000059605e-1,9.333332777023e-1,5.333333611488e-1,4.000000059605e-1,9.333333373070e-1,5.333333611488e-1,4.000000059605e-1
1679,1.000000000000e0,5.333333611488e-1,4.000000059605e-1,1.000000000000e0,5.333333611488e-1,4.000000357628e-1,1.000000000000e0,5.333333611488e-1,4.000000059605e-1
1680,0.000000000000e0,6.000000238419e-1,4.000000059605e-1,0.000000000000e0,6.000000238419e-1,4.000000059605e-1,0.000000000000e0,6.000000238419e-1,4.000000059605e-1
1681,6.666667014360e-2,6.000000238419e-1,4.000000059605e-1,6.666672974825e-2,6.000000238419e-1,4.000000059605e-1,6.666667014360e-2,6.000000238419e-1,4.000000059605e-1
1682,1.333333402872e-1,6.000000238419e-1,4.000000059605e-1,1.333333551884e-1,6.000000238419e-1,4.000000059605e-1,1.333333402872e-1,6.000000238419e-1,4.000000059605e-1
1683,2.000000029802e-1,6.000000238419e-1,4.000000059605e-1,2.000000178814e-1,6.000000238419e-1,4.000000059605e-1,2.000000029802e-1,6.000000238419e-1,4.000000059605e-1
1684,2.666666805744e-1,6.000000238419e-1,4.000000059605e-1,2.666666805744e-1,6.000000238419e-1,4.000000059605e-1,2.666666805744e-1,6.000000238419e-1,4.000000059605e-1
1685,3.333333432674e-1,6.000000238419e-1,4.000000059605e-1,3.333333432674e-1,6.000000238419e-1,4.000000059605e-1,3.333333432674e-1,6.000000238419e-1,4.000000059605e-1
1686,4.000000059605e-1,6.000000238419e-1,4.000000059605e-1,4.000000059605e-1,6.000000238419e-1,4.000000059605e-1,4.000000059605e-1,6.000000238419e-1,4.000000059605e-1
1687,4.666666686535e-1,6.000000238419e-1,4.000000059605e-1,4.666666984558e-1,6.000000238419e-1,4.000000059605e-1,4.666666686535e-1,6.000000238419e-1,4.000000059605e-1
1688,5.333333611488e-1,6.000000238419e-1,4.000000059605e-1,5.333333611488e-1,6.000000238419e-1,4.000000059605e-1,5.333333611488e-1,6.000000238419e-1,4.000000059605e-1
1689,6.000000238419e-1,6.000000238419e-1,4.000000059605e-1,6.000000238419e-1,6.000000238419e-1,4.000000059605e-1,6.000000238419e-1,6.000000238419e-1,4.000000059605e-1
1690,6.666666865349e-1,6.000000238419e-1,4.000000059605e-1,6.666666865349e-1,6.000000238419e-1,4.000000059605e-1,6.666666865349e-1,6.000000238419e-1,4.000000059605e-1
1691,7.333333492279e-1,6.000000238419e-1,4.000000059605e-1,7.333333492279e-1,6.000000238419e-1,4.000000059605e-1,7.333333492279e-1,6.000000238419e-1,4.000000059605e-1
1692,8.000000119209e-1,6.000000238419e-1,4.000000059605e-1,8.000000119209e-1,6.000000238419e-1,4.000000059605e-1,8.000000119209e-1,6.000000238419e-1,4.000000059605e-1
1693,8.666666746140e-1,6.000000238419e-1,4.000000059605e-1,8.666666746140e-1,6.000000238419e-1,4.000000357628e-1,8.666666746140e-1,6.000000238419e-1,4.000000059605e-1
1694,9.333333373070e-1,6.000000238419e-1,4.000000059605e-1,9.333333373070e-1,6.000000238419e-1,4.000000357628e-1,9.333333373070e-1,6.000000238419e-1,4.000000059605e-1
1695,1.000000000000e0,6.000000238419e-1,4.000000059605e-1,1.000000000000e0,6.000000238419e-1,4.000000059605e-1,1.000000000000e0,6.000000238419e-1,4.000000059605e-1
1696,0.000000000000e0,6.666666865349e-1,4.000000059605e-1,9.550945634373e-8,6.666666865349e-1,4.000000059605e-1,1.344757580344e-16,6.666666865349e-1,4.000000059605e-1
1697,6.666667014360e-2,6.666666865349e-1,4.000000059605e-1,6.666667759418e-2,6.666666865349e-1,3.999999761581e-1,6.666667014360e-2,6.666666865349e-1,4.000000059605e-1
1698,1.333333402872e-1,6.666666865349e-1,4.000000059605e-1,1.333333551884e-1,6.666666865349e-1,4.000000059605e-1,1.333333402872e-1,6.666666865349e-1,4.000000059605e-1
1699,2.000000029802e-1,6.666666865349e-1,4.000000059605e-1,1.999999731779e-1,6.666666865349e-1,4.000000357628e-1,2.000000029802e-1,6.666666865349e-1,4.000000059605e-1
1700,2.666666805744e-1,6.666666865349e-1,4.000000059605e-1,2.666666805744e-1,6.666666865349e-1,4.000000059605e-1,2.666666805744e-1,6.666666865349e-1,4.000000059605e-1
1701,3.333333432674e-1,6.666666865349e-1,4.000000059605e-1,3.333333432674e-1,6.666666865349e-1,3.999999761581e-1,3.333333432674e-1,6.666666865349e-1,4.000000059605e-1
1702,4.000000059605e-1,6.666666865349e-1,4.000000059605e-1,4.000000059605e-1,6.666666865349e-1,4.000000059605e-1,4.000000059605e-1,6.666666865349e-1,4.000000059605e-1
1703,4.666666686535e-1,6.666666865349e-1,4.000000059605e-1,4.666666388512e-1,6.666666865349e-1,4.000000059605e-1,4.666666686535e-1,6.666666865349e-1,4.000000059605e-1
1704,5.333333611488e-1,6.666666865349e-1,4.000000059605e-1,5.333333611488e-1,6.666666865349e-1,4.000000059605e-1,5.333333611488e-1,6.666666865349e-1,4.000000059605e-1
1705,6.000000238419e-1,6.666666865349e-1,4.000000059605e-1,6.000000238419e-1,6.666666865349e-1,4.000000357628e-1,6.000000238419e-1,6.666666865349e-1,4.000000059605e-1
1706,6.666666865349e-1,6.666666865349e-1,4.000000059605e-1,6.666666865349e-1,6.666666865349e-1,4.000000059605e-1,6.666666865349e-1,6.666666865349e-1,4.000000059605e-1
1707,7.333333492279e-1,6.666666865349e-1,4.000000059605e-1,7.333333492279e-1,6.666666865349e-1,4.000000059605e-1,7.333333492279e-1,6.666666865349e-1,4.000000059605e-1
1708,8.000000119209e-1,6.666666865349e-1,4.000000059605e-1,8.000000119209e-1,6.666666865349e-1,4.000000059605e-1,8.000000119209e-1,6.666666865349e-1,4.000000059605e-1
1709,8.666666746140e-1,6.666666865349e-1,4.000000059605e-1,8.666666746140e-1,6.666666865349e-1,4.000000059605e-1,8.666666746140e-1,6.666666865349e-1,4.000000059605e-1
1710,9.333333373070e-1,6.666666865349e-1,4.000000059605e-1,9.333333373070e-1,6.666666865349e-1,4.000000059605e-1,9.333333373070e-1,6.666666865349e-1,4.000000059605e-1
1711,1.000000000000e0,6.666666865349e-1,4.000000059605e-1,1.000000000000e0,6.666666865349e-1,4.000000059605e-1,1.000000000000e0,6.666666865349e-1,4.000000059605e-1
1712,0.000000000000e0,7.333333492279e-1,4.000000059605e-1,0.000000000000e0,7.333333492279e-1,4.000000059605e-1,0.000000000000e0,7.333333492279e-1,4.000000059605e-1
1713,6.666667014360e-2,7.333333492279e-1,4.000000059605e-1,6.666668504477e-2,7.333333492279e-1,4.000000357628e-1,6.666667014360e-2,7.333333492279e-1,4.000000059605e-1
1714,1.333333402872e-1,7.333333492279e-1,4.000000059605e-1,1.333333253860e-1,7.333333492279e-1,4.000000059605e-1,1.333333402872e-1,7.333333492279e-1,4.000000059605e-1
1715,2.000000029802e-1,7.333333492279e-1,4.000000059605e-1,1.999999284744e-1,7.333333492279e-1,3.999999761581e-1,2.000000029802e-1,7.333333492279e-1,4.000000059605e-1
1716,2.666666805744e-1,7.333333492279e-1,4.000000059605e-1,2.666666507721e-1,7.333334088326e-1,4.000000059605e-1,2.666666805744e-1,7.333333492279e-1,4.000000059605e-1
1717,3.333333432674e-1,7.333333492279e-1,4.000000059605e-1,3.333333134651e-1,7.333334088326e-1,4.000000059605e-1,3.333333432674e-1,7.333333492279e-1,4.000000059605e-1
1718,4.000000059605e-1,7.333333492279e-1,4.000000059605e-1,3.999999761581e-1,7.333333492279e-1,4.000000059605e-1,4.000000059605e-1,7.333333492279e-1,4.000000059605e-1
1719,4.666666686535e-1,7.333333492279e-1,4.000000059605e-1,4.666666686535e-1,7.333334088326e-1,4.000000059605e-1,4.666666686535e-1,7.333333492279e-1,4.000000059605e-1
1720,5.333333611488e-1,7.333333492279e-1,4.000000059605e-1,5.333333611488e-1,7.333332896233e-1,3.999999761581e-1,5.333333611488e-1,7.333333492279e-1,4.000000059605e-1
1721,6.000000238419e-1,7.333333492279e-1,4.000000059605e-1,6.000000238419e-1,7.333333492279e-1,4.000000059605e-1,6.000000238419e-1,7.333333492279e-1,4.000000059605e-1
1722,6.666666865349e-1,7.333333492279e-1,4.000000059605e-1,6.666666865349e-1,7.333333492279e-1,4.000000059605e-1,6.666666865349e-1,7.333333492279e-1,4.000000059605e-1
1723,7.333333492279e-1,7.333333492279e-1,4.000000059605e-1,7.333333492279e-1,7.333333492279e-1,4.000000357628e-1,7.333333492279e-1,7.333333492279e-1,4.000000059605e-1
1724,8.000000119209e-1,7.333333492279e-1,4.000000059605e-1,8.000000715256e-1,7.333333492279e-1,4.000000059605e-1,8.000000119209e-1,7.333333492279e-1,4.000000059605e-1
1725,8.666666746140e-1,7.333333492279e-1,4.000000059605e-1,8.666666150093e-1,7.333333492279e-1,4.000000059605e-1,8.666666746140e-1,7.333333492279e-1,4.000000059605e-1
1726,9.333333373070e-1,7.333333492279e-1,4.000000059605e-1,9.333333373070e-1,7.333332896233e-1,4.000000059605e-1,9.333333373070e-1,7.333333492279e-1,4.000000059605e-1
1727,1.000000000000e0,7.333333492279e-1,4.000000059605e-1,1.000000000000e0,7.333333492279e-1,3.999999761581e-1,1.000000000000e0,7.333333492279e-1,4.000000059605e-1
1728,0.000000000000e0,8.000000119209e-1,4.000000059605e-1,8.836504861165e-8,7.999999523163e-1,4.000000059605e-1,7.003946034256e-17,8.000000119209e-1,4.000000059605e-1
1729,6.666667014360e-2,8.000000119209e-1,4.000000059605e-1,6.666667759418e-2,8.000000119209e-1,4.000000059605e-1,6.666667014360e-2,8.000000119209e-1,4.000000059605e-1
1730,1.333333402872e-1,8.000000119209e-1,4.000000059605e-1,1.333333998919e-1,7.999999523163e-1,4.000000059605e-1,1.333333402872e-1,8.000000119209e-1,4.000000059605e-1
1731,2.000000029802e-1,8.000000119209e-1,4.000000059605e-1,1.999999582767e-1,8.000000119209e-1,4.000000059605e-1,2.000000029802e-1,8.000000119209e-1,4.000000059605e-1
1732,2.666666805744e-1,8.000000119209e-1,4.000000059605e-1,2.666666507721e-1,8.000000119209e-1,4.000000059605e-1,2.666666805744e-1,8.000000119209e-1,4.000000059605e-1
1733,3.333333432674e-1,8.000000119209e-1,4.000000059605e-1,3.333333134651e-1,8.000000119209e-1,4.000000059605e-1,3.333333432674e-1,8.000000119209e-1,4.000000059605e-1
1734,4.000000059605e-1,8.000000119209e-1,4.000000059605e-1,4.000000357628e-1,8.000000119209e-1,4.000000059605e-1,4.000000059605e-1,8.000000119209e-1,4.000000059605e-1
1735,4.666666686535e-1,8.000000119209e-1,4.000000059605e-1,4.666666388512e-1,8.000000119209e-1,4.000000357628e-1,4.666666686535e-1,8.000000119209e-1,4.000000059605e-1
1736,5.333333611488e-1,8.000000119209e-1,4.000000059605e-1,5.333333611488e-1,8.000000119209e-1,4.000000059605e-1,5.333333611488e-1,8.000000119209e-1,4.000000059605e-1
1737,6.000000238419e-1,8.000000119209e-1,4.000000059605e-1,6.000000238419e-1,8.000000119209e-1,4.000000059605e-1,6.000000238419e-1,8.000000119209e-1,4.000000059605e-1
1738,6.666666865349e-1,8.000000119209e-1,4.000000059605e-1,6.666666269302e-1,8.000000715256e-1,4.000000059605e-1,6.666666865349e-1,8.000000119209e-1,4.000000059605e-1
1739,7.333333492279e-1,8.000000119209e-1,4.000000059605e-1,7.333333492279e-1,8.000000119209e-1,4.000000059605e-1,7.333333492279e-1,8.000000119209e-1,4.000000059605e-1
1740,8.000000119209e-1,8.000000119209e-1,4.000000059605e-1,8.000000119209e-1,8.000000119209e-1,3.999999761581e-1,8.000000119209e-1,8.000000119209e-1,4.000000059605e-1
1741,8.666666746140e-1,8.000000119209e-1,4.000000059605e-1,8.666667342186e-1,8.000000119209e-1,3.999999761581e-1,8.666666746140e-1,8.000000119209e-1,4.000000059605e-1
1742,9.333333373070e-1,8.000000119209e-1,4.000000059605e-1,9.333333373070e-1,8.000000119209e-1,4.000000059605e-1,9.333333373070e-1,8.000000119209e-1,4.000000059605e-1
1743,1.000000000000e0,8.000000119209e-1,4.000000059605e-1,1.000000000000e0,7.999999523163e-1,4.000000357628e-1,1.000000000000e0,8.000000119209e-1,4.000000059605e-1
1744,0.000000000000e0,8.666666746140e-1,4.000000059605e-1,5.933619036114e-7,8.666666150093e-1,4.000000357628e-1,0.000000000000e0,8.666666746140e-1,4.000000059605e-1
1745,6.666667014360e-2,8.666666746140e-1,4.000000059605e-1,6.666673719883e-2,8.666667342186e-1,3.999999761581e-1,6.666667014360e-2,8.666666746140e-1,4.000000059605e-1
1746,1.333333402872e-1,8.666666746140e-1,4.000000059605e-1,1.333333402872e-1,8.666666746140e-1,4.000000059605e-1,1.333333402872e-1,8.666666746140e-1,4.000000059605e-1
1747,2.000000029802e-1,8.666666746140e-1,4.000000059605e-1,1.999998837709e-1,8.666666746140e-1,4.000000059605e-1,2.000000029802e-1,8.666666746140e-1,4.000000059605e-1
1748,2.666666805744e-1,8.666666746140e-1,4.000000059605e-1,2.666667699814e-1,8.666666150093e-1,3.999999761581e-1,2.666666805744e-1,8.666666746140e-1,4.000000059605e-1
1749,3.333333432674e-1,8.666666746140e-1,4.000000059605e-1,3.333333432674e-1,8.666667342186e-1,3.999999761581e-1,3.333333432674e-1,8.666666746140e-1,4.000000059605e-1
1750,4.000000059605e-1,8.666666746140e-1,4.000000059605e-1,4.000000059605e-1,8.666667342186e-1,3.999999761581e-1,4.000000059605e-1,8.666666746140e-1,4.000000059605e-1
1751,4.666666686535e-1,8.666666746140e-1,4.000000059605e-1,4.666666984558e-1,8.666666150093e-1,3.999999761581e-1,4.666666686535e-1,8.666666746140e-1,4.000000059605e-1
1752,5.333333611488e-1,8.666666746140e-1,4.000000059605e-1,5.333333611488e-1,8.666666746140e-1,4.000000357628e-1,5.333333611488e-1,8.666666746140e-1,4.000000059605e-1
1753,6.000000238419e-1,8.666666746140e-1,4.000000059605e-1,6.000000238419e-1,8.666666746140e-1,4.000000059605e-1,6.000000238419e-1,8.666666746140e-1,4.000000059605e-1
1754,6.666666865349e-1,8.666666746140e-1,4.000000059605e-1,6.666666865349e-1,8.666666746140e-1,3.999999761581e-1,6.666666865349e-1,8.666666746140e-1,4.000000059605e-1
1755,7.333333492279e-1,8.666666746140e-1,4.000000059605e-1,7.333333492279e-1,8.666666746140e-1,4.000000059605e-1,7.333333492279e-1,8.666666746140e-1,4.000000059605e-1
1756,8.000000119209e-1,8.666666746140e-1,4.000000059605e-1,8.000000119209e-1,8.666666746140e-1,4.000000059605e-1,8.000000119209e-1,8.666666746140e-1,4.000000059605e-1
1757,8.666666746140e-1,8.666666746140e-1,4.000000059605e-1,8.666666746140e-1,8.666666746140e-1,4.000000357628e-1,8.666666746140e-1,8.666666746140e-1,4.000000059605e-1
1758,9.333333373070e-1,8.666666746140e-1,4.000000059605e-1,9.333333373070e-1,8.666666746140e-1,4.000000059605e-1,9.333333373070e-1,8.666666746140e-1,4.000000059605e-1
1759,1.000000000000e0,8.666666746140e-1,4.000000059605e-1,1.000000000000e0,8.666666150093e-1,4.000000059605e-1,1.000000000000e0,8.666666746140e-1,4.000000059605e-1
1760,0.000000000000e0,9.333333373070e-1,4.000000059605e-1,2.068118121201e-9,9.333333373070e-1,4.000000059605e-1,0.000000000000e0,9.333333373070e-1,4.000000059605e-1
1761,6.666667014360e-2,9.333333373070e-1,4.000000059605e-1,6.666667759418e-2,9.333333373070e-1,4.000000059605e-1,6.666667014360e-2,9.333333373070e-1,4.000000059605e-1
1762,1.333333402872e-1,9.333333373070e-1,4.000000059605e-1,1.333333253860e-1,9.333333373070e-1,4.000000059605e-1,1.333333402872e-1,9.333333373070e-1,4.000000059605e-1
1763,2.000000029802e-1,9.333333373070e-1,4.000000059605e-1,2.000000178814e-1,9.333333373070e-1,3.999999761581e-1,2.000000029802e-1,9.333333373070e-1,4.000000059605e-1
1764,2.666666805744e-1,9.333333373070e-1,4.000000059605e-1,2.666666805744e-1,9.333333373070e-1,4.000000059605e-1,2.666666805744e-1,9.333333373070e-1,4.000000059605e-1
1765,3.333333432674e-1,9.333333373070e-1,4.000000059605e-1,3.333334028721e-1,9.333333373070e-1,4.000000357628e-1,3.333333432674e-1,9.333333373070e-1,4.000000059605e-1
1766,4.000000059605e-1,9.333333373070e-1,4.000000059605e-1,3.999999761581e-1,9.333333373070e-1,4.000000357628e-1,4.000000059605e-1,9.333333373070e-1,4.000000059605e-1
1767,4.666666686535e-1,9.333333373070e-1,4.000000059605e-1,4.666666984558e-1,9.333333373070e-1,3.999999761581e-1,4.666666686535e-1,9.333333373070e-1,4.000000059605e-1
1768,5.333333611488e-1,9.333333373070e-1,4.000000059605e-1,5.333333611488e-1,9.333333373070e-1,4.000000357628e-1,5.333333611488e-1,9.333333373070e-1,4.000000059605e-1
1769,6.000000238419e-1,9.333333373070e-1,4.000000059605e-1,6.000000834465e-1,9.333333373070e-1,4.000000059605e-1,6.000000238419e-1,9.333333373070e-1,4.000000059605e-1
1770,6.666666865349e-1,9.333333373070e-1,4.000000059605e-1,6.666666865349e-1,9.333333373070e-1,4.000000059605e-1,6.666666865349e-1,9.333333373070e-1,4.000000059605e-1
1771,7.333333492279e-1,9.333333373070e-1,4.000000059605e-1,7.333333492279e-1,9.333333373070e-1,3.999999761581e-1,7.333333492279e-1,9.333333373070e-1,4.000000059605e-1
1772,8.000000119209e-1,9.333333373070e-1,4.000000059605e-1,7.999999523163e-1,9.333333373070e-1,4.000000357628e-1,8.000000119209e-1,9.333333373070e-1,4.000000059605e-1
1773,8.666666746140e-1,9.333333373070e-1,4.000000059605e-1,8.666667342186e-1,9.333333373070e-1,4.000000059605e-1,8.666666746140e-1,9.333333373070e-1,4.000000059605e-1
1774,9.333333373070e-1,9.333333373070e-1,4.000000059605e-1,9.333333373070e-1,9.333333373070e-1,4.000000059605e-1,9.333333373070e-1,9.333333373070e-1,4.000000059605e-1
1775,1.000000000000e0,9.333333373070e-1,4.000000059605e-1,1.000000000000e0,9.333333373070e-1,4.000000059605e-1,1.000000000000e0,9.333333373070e-1,4.000000059605e-1
1776,0.000000000000e0,1.000000000000e0,4.000000059605e-1,0.000000000000e0,1.000000000000e0,4.000000059605e-1,7.172040569672e-15,1.000000000000e0,4.000000059605e-1
1777,6.666667014360e-2,1.000000000000e0,4.000000059605e-1,6.666640192270e-2,1.000000000000e0,4.000000357628e-1,6.666667014360e-2,1.000000000000e0,4.000000059605e-1
1778,1.333333402872e-1,1.000000000000e0,4.000000059605e-1,1.333349794149e-1,1.000000000000e0,4.000003635883e-1,1.333333402872e-1,1.000000000000e0,4.000000059605e-1
1779,2.000000029802e-1,1.000000000000e0,4.000000059605e-1,1.999999731779e-1,1.000000000000e0,4.000000059605e-1,2.000000029802e-1,1.000000000000e0,4.000000059605e-1
1780,2.666666805744e-1,1.000000000000e0,4.000000059605e-1,2.666666507721e-1,1.000000000000e0,4.000000357628e-1,2.666666805744e-1,1.000000000000e0,4.000000059605e-1
1781,3.333333432674e-1,1.000000000000e0,4.000000059605e-1,3.333338797092e-1,1.000000000000e0,4.000004231930e-1,3.333333432674e-1,1.000000000000e0,4.000000059605e-1
1782,4.000000059605e-1,1.000000000000e0,4.000000059605e-1,4.000000357628e-1,1.000000000000e0,4.000000357628e-1,4.000000059605e-1,1.000000000000e0,4.000000059605e-1
1783,4.666666686535e-1,1.000000000000e0,4.000000059605e-1,4.666666388512e-1,1.000000000000e0,3.999999761581e-1,4.666666686535e-1,1.000000000000e0,4.000000059605e-1
1784,5.333333611488e-1,1.000000000000e0,4.000000059605e-1,5.333333611488e-1,1.000000000000e0,3.999999761581e-1,5.333333611488e-1,1.000000000000e0,4.000000059605e-1
1785,6.000000238419e-1,1.000000000000e0,4.000000059605e-1,5.999999642372e-1,1.000000000000e0,4.000000357628e-1,6.000000238419e-1,1.000000000000e0,4.000000059605e-1
1786,6.666666865349e-1,1.000000000000e0,4.000000059605e-1,6.666666865349e-1,1.000000000000e0,3.999999761581e-1,6.666666865349e-1,1.000000000000e0,4.000000059605e-1
1787,7.333333492279e-1,1.000000000000e0,4.000000059605e-1,7.333333492279e-1,1.000000000000e0,4.000000357628e-1,7.333333492279e-1,1.000000000000e0,4.000000059605e-1
1788,8.000000119209e-1,1.000000000000e0,4.000000059605e-1,8.000000715256e-1,9.999999403954e-1,4.000000059605e-1,8.000000119209e-1,1.000000000000e0,4.000000059605e-1
1789,8.666666746140e-1,1.000000000000e0,4.000000059605e-1,8.666667342186e-1,1.000000000000e0,4.000000059605e-1,8.666666746140e-1,1.000000000000e0,4.000000059605e-1
1790,9.333333373070e-1,1.000000000000e0,4.000000059605e-1,9.333333373070e-1,9.999999403954e-1,3.999999761581e-1,9.333333373070e-1,1.000000000000e0,4.000000059605e-1
1791,1.000000000000e0,1.000000000000e0,4.000000059605e-1,1.000000000000e0,1.000000000000e0,4.000000059605e-1,1.000000000000e0,1.000000000000e0,4.000000059605e-1
1792,0.000000000000e0,0.000000000000e0,4.666666686535e-1,5.790730384092e-8,0.000000000000e0,4.666666388512e-1,1.120631372098e-17,2.801578430246e-18,4.666666686535e-1
1793,6.666667014360e-2,0.000000000000e0,4.666666686535e-1,6.666666269302e-2,0.000000000000e0,4.666666686535e-1,6.666667014360e-2,3.922209885063e-17,4.666666686535e-1
1794,1.333333402872e-1,0.000000000000e0,4.666666686535e-1,1.333333551884e-1,0.000000000000e0,4.666666388512e-1,1.333333402872e-1,0.000000000000e0,4.666666686535e-1
1795,2.000000029802e-1,0.000000000000e0,4.666666686535e-1,2.000000029802e-1,0.000000000000e0,4.666666686535e-1,2.000000029802e-1,1.680946975430e-17,4.666666686535e-1
1796,2.666666805744e-1,0.000000000000e0,4.666666686535e-1,2.666666805744e-1,1.203268773509e-8,4.666666686535e-1,2.666666805744e-1,1.120631372098e-17,4.666666686535e-1
1797,3.333333432674e-1,0.000000000000e0,4.666666686535e-1,3.333333432674e-1,1.203268773509e-8,4.666666686535e-1,3.333333432674e-1,0.000000000000e0,4.666666686535e-1
1798,4.000000059605e-1,0.000000000000e0,4.666666686535e-1,4.000000059605e-1,2.481741745441e-8,4.666666686535e-1,4.000000059605e-1,0.000000000000e0,4.666666686535e-1
1799,4.666666686535e-1,0.000000000000e0,4.666666686535e-1,4.666666686535e-1,0.000000000000e0,4.666666686535e-1,4.666666686535e-1,1.680946975430e-17,4.666666686535e-1
1800,5.333333611488e-1,0.000000000000e0,4.666666686535e-1,5.333333611488e-1,2.256128972533e-8,4.666666388512e-1,5.333333611488e-1,0.000000000000e0,4.666666686535e-1
1801,6.000000238419e-1,0.000000000000e0,4.666666686535e-1,6.000000238419e-1,0.000000000000e0,4.666666686535e-1,6.000000238419e-1,0.000000000000e0,4.666666686535e-1
1802,6.666666865349e-1,0.000000000000e0,4.666666686535e-1,6.666666865349e-1,0.000000000000e0,4.666666686535e-1,6.666666865349e-1,0.000000000000e0,4.666666686535e-1
1803,7.333333492279e-1,0.000000000000e0,4.666666686535e-1,7.333333492279e-1,0.000000000000e0,4.666666388512e-1,7.333333492279e-1,0.000000000000e0,4.666666686535e-1
1804,8.000000119209e-1,0.000000000000e0,4.666666686535e-1,8.000000119209e-1,0.000000000000e0,4.666666388512e-1,8.000000119209e-1,1.400789215123e-18,4.666666686535e-1
1805,8.666666746140e-1,0.000000000000e0,4.666666686535e-1,8.666666746140e-1,9.024515357225e-9,4.666666686535e-1,8.666666746140e-1,0.000000000000e0,4.666666686535e-1
1806,9.333333373070e-1,0.000000000000e0,4.666666686535e-1,9.333333373070e-1,1.353677347993e-8,4.666666686535e-1,9.333333373070e-1,2.801578430246e-18,4.666666686535e-1
1807,1.000000000000e0,0.000000000000e0,4.666666686535e-1,1.000000000000e0,0.000000000000e0,4.666666686535e-1,1.000000000000e0,1.260710272931e-17,4.666666686535e-1
1808,0.000000000000e0,6.666667014360e-2,4.666666686535e-1,0.000000000000e0,6.666667014360e-2,4.666666388512e-1,3.221815215463e-17,6.666667014360e-2,4.666666686535e-1
1809,6.666667014360e-2,6.666667014360e-2,4.666666686535e-1,6.666667014360e-2,6.666667014360e-2,4.666666984558e-1,6.666667014360e-2,6.666667014360e-2,4.666666686535e-1
1810,1.333333402872e-1,6.666667014360e-2,4.666666686535e-1,1.333333551884e-1,6.666667759418e-2,4.666666686535e-1,1.333333402872e-1,6.666667014360e-2,4.666666686535e-1
1811,2.000000029802e-1,6.666667014360e-2,4.666666686535e-1,2.000000029802e-1,6.666667014360e-2,4.666666984558e-1,2.000000029802e-1,6.666667014360e-2,4.666666686535e-1
1812,2.666666805744e-1,6.666667014360e-2,4.666666686535e-1,2.666666805744e-1,6.666666269302e-2,4.666666388512e-1,2.666666805744e-1,6.666667014360e-2,4.666666686535e-1
1813,3.333333432674e-1,6.666667014360e-2,4.666666686535e-1,3.333333432674e-1,6.666667759418e-2,4.666666686535e-1,3.333333432674e-1,6.666667014360e-2,4.666666686535e-1
1814,4.000000059605e-1,6.666667014360e-2,4.666666686535e-1,4.000000059605e-1,6.666667014360e-2,4.666666686535e-1,4.000000059605e-1,6.666667014360e-2,4.666666686535e-1
1815,4.666666686535e-1,6.666667014360e-2,4.666666686535e-1,4.666666686535e-1,6.666667759418e-2,4.666666686535e-1,4.666666686535e-1,6.666667014360e-2,4.666666686535e-1
1816,5.333333611488e-1,6.666667014360e-2,4.666666686535e-1,5.333333611488e-1,6.666668504477e-2,4.666666686535e-1,5.333333611488e-1,6.666667014360e-2,4.666666686535e-1
1817,6.000000238419e-1,6.666667014360e-2,4.666666686535e-1,6.000000238419e-1,6.666665524244e-2,4.666666686535e-1,6.000000238419e-1,6.666667014360e-2,4.666666686535e-1
1818,6.666666865349e-1,6.666667014360e-2,4.666666686535e-1,6.666666865349e-1,6.666667014360e-2,4.666666686535e-1,6.666666865349e-1,6.666667014360e-2,4.666666686535e-1
1819,7.333333492279e-1,6.666667014360e-2,4.666666686535e-1,7.333333492279e-1,6.666667759418e-2,4.666666686535e-1,7.333333492279e-1,6.666667014360e-2,4.666666686535e-1
1820,8.000000119209e-1,6.666667014360e-2,4.666666686535e-1,8.000000119209e-1,6.666667014360e-2,4.666666686535e-1,8.000000119209e-1,6.666667014360e-2,4.666666686535e-1
1821,8.666666746140e-1,6.666667014360e-2,4.666666686535e-1,8.666666746140e-1,6.666670739651e-2,4.666666388512e-1,8.666666746140e-1,6.666667014360e-2,4.666666686535e-1
1822,9.333333373070e-1,6.666667014360e-2,4.666666686535e-1,9.333333373070e-1,6.666667014360e-2,4.666666388512e-1,9.333333373070e-1,6.666667014360e-2,4.666666686535e-1
1823,1.000000000000e0,6.666667014360e-2,4.666666686535e-1,1.000000000000e0,6.666667014360e-2,4.666666686535e-1,1.000000000000e0,6.666667014360e-2,4.666666686535e-1
1824,0.000000000000e0,1.333333402872e-1,4.666666686535e-1,7.520429834429e-10,1.333333253860e-1,4.666666686535e-1,9.245208447581e-17,1.333333402872e-1,4.666666686535e-1
1825,6.666667014360e-2,1.333333402872e-1,4.666666686535e-1,6.666665524244e-2,1.333333402872e-1,4.666666686535e-1,6.666667014360e-2,1.333333402872e-1,4.666666686535e-1
1826,1.333333402872e-1,1.333333402872e-1,4.666666686535e-1,1.333333402872e-1,1.333333402872e-1,4.666666984558e-1,1.333333402872e-1,1.333333402872e-1,4.666666686535e-1
1827,2.000000029802e-1,1.333333402872e-1,4.666666686535e-1,2.000000029802e-1,1.333333253860e-1,4.666666686535e-1,2.000000029802e-1,1.333333402872e-1,4.666666686535e-1
1828,2.666666805744e-1,1.333333402872e-1,4.666666686535e-1,2.666666805744e-1,1.333333402872e-1,4.666666984558e-1,2.666666805744e-1,1.333333402872e-1,4.666666686535e-1
1829,3.333333432674e-1,1.333333402872e-1,4.666666686535e-1,3.333333730698e-1,1.333333253860e-1,4.666666686535e-1,3.333333432674e-1,1.333333402872e-1,4.666666686535e-1
1830,4.000000059605e-1,1.333333402872e-1,4.666666686535e-1,4.000000357628e-1,1.333333402872e-1,4.666666388512e-1,4.000000059605e-1,1.333333402872e-1,4.666666686535e-1
1831,4.666666686535e-1,1.333333402872e-1,4.666666686535e-1,4.666666686535e-1,1.333333253860e-1,4.666666984558e-1,4.666666686535e-1,1.333333402872e-1,4.666666686535e-1
1832,5.333333611488e-1,1.333333402872e-1,4.666666686535e-1,5.333333611488e-1,1.333333253860e-1,4.666666686535e-1,5.333333611488e-1,1.333333402872e-1,4.666666686535e-1
1833,6.000000238419e-1,1.333333402872e-1,4.666666686535e-1,6.000000238419e-1,1.333333551884e-1,4.666666686535e-1,6.000000238419e-1,1.333333402872e-1,4.666666686535e-1
1834,6.666666865349e-1,1.333333402872e-1,4.666666686535e-1,6.666666865349e-1,1.333333402872e-1,4.666666686535e-1,6.666666865349e-1,1.333333402872e-1,4.666666686535e-1
1835,7.333333492279e-1,1.333333402872e-1,4.666666686535e-1,7.333333492279e-1,1.333333402872e-1,4.666666984558e-1,7.333333492279e-1,1.333333402872e-1,4.666666686535e-1
1836,8.000000119209e-1,1.333333402872e-1,4.666666686535e-1,8.000000119209e-1,1.333333700895e-1,4.666666686535e-1,8.000000119209e-1,1.333333402872e-1,4.666666686535e-1
1837,8.666666746140e-1,1.333333402872e-1,4.666666686535e-1,8.666666746140e-1,1.333333253860e-1,4.666666388512e-1,8.666666746140e-1,1.333333402872e-1,4.666666686535e-1
1838,9.333333373070e-1,1.333333402872e-1,4.666666686535e-1,9.333333373070e-1,1.333333402872e-1,4.666666686535e-1,9.333333373070e-1,1.333333402872e-1,4.666666686535e-1
1839,1.000000000000e0,1.333333402872e-1,4.666666686535e-1,1.000000000000e0,1.333333402872e-1,4.666666686535e-1,1.000000000000e0,1.333333402872e-1,4.666666686535e-1
1840,0.000000000000e0,2.000000029802e-1,4.666666686535e-1,0.000000000000e0,1.999999880791e-1,4.666666686535e-1,1.120631372098e-17,2.000000029802e-1,4.666666686535e-1
1841,6.666667014360e-2,2.000000029802e-1,4.666666686535e-1,6.666667759418e-2,2.000000029802e-1,4.666666686535e-1,6.666667014360e-2,2.000000029802e-1,4.666666686535e-1
1842,1.333333402872e-1,2.000000029802e-1,4.666666686535e-1,1.333333402872e-1,2.000000029802e-1,4.666666686535e-1,1.333333402872e-1,2.000000029802e-1,4.666666686535e-1
1843,2.000000029802e-1,2.000000029802e-1,4.666666686535e-1,2.000000029802e-1,1.999999880791e-1,4.666666686535e-1,2.000000029802e-1,2.000000029802e-1,4.666666686535e-1
1844,2.666666805744e-1,2.000000029802e-1,4.666666686535e-1,2.666666805744e-1,2.000000029802e-1,4.666666686535e-1,2.666666805744e-1,2.000000029802e-1,4.666666686535e-1
1845,3.333333432674e-1,2.000000029802e-1,4.666666686535e-1,3.333333730698e-1,2.000000029802e-1,4.666666686535e-1,3.333333432674e-1,2.000000029802e-1,4.666666686535e-1
1846,4.000000059605e-1,2.000000029802e-1,4.666666686535e-1,4.000000059605e-1,2.000000029802e-1,4.666666984558e-1,4.000000059605e-1,2.000000029802e-1,4.666666686535e-1
1847,4.666666686535e-1,2.000000029802e-1,4.666666686535e-1,4.666666984558e-1,2.000000029802e-1,4.666666686535e-1,4.666666686535e-1,2.000000029802e-1,4.666666686535e-1
1848,5.333333611488e-1,2.000000029802e-1,4.666666686535e-1,5.333333611488e-1,2.000000029802e-1,4.666666388512e-1,5.333333611488e-1,2.000000029802e-1,4.666666686535e-1
1849,6.000000238419e-1,2.000000029802e-1,4.666666686535e-1,6.000000238419e-1,2.000000178814e-1,4.666666686535e-1,6.000000238419e-1,2.000000029802e-1,4.666666686535e-1
1850,6.666666865349e-1,2.000000029802e-1,4.666666686535e-1,6.666666865349e-1,2.000000029802e-1,4.666666984558e-1,6.666666865349e-1,2.000000029802e-1,4.666666686535e-1
1851,7.333333492279e-1,2.000000029802e-1,4.666666686535e-1,7.333333492279e-1,1.999999731779e-1,4.666666686535e-1,7.333333492279e-1,2.000000029802e-1,4.666666686535e-1
1852,8.000000119209e-1,2.000000029802e-1,4.666666686535e-1,8.000000119209e-1,2.000000029802e-1,4.666666388512e-1,8.000000119209e-1,2.000000029802e-1,4.666666686535e-1
1853,8.666666746140e-1,2.000000029802e-1,4.666666686535e-1,8.666666746140e-1,2.000000029802e-1,4.666666388512e-1,8.666666746140e-1,2.000000029802e-1,4.666666686535e-1
1854,9.333333373070e-1,2.000000029802e-1,4.666666686535e-1,9.333333373070e-1,1.999999731779e-1,4.666666686535e-1,9.333333373070e-1,2.000000029802e-1,4.666666686535e-1
1855,1.000000000000e0,2.000000029802e-1,4.666666686535e-1,1.000000000000e0,2.000000327826e-1,4.666666686535e-1,1.000000000000e0,2.000000029802e-1,4.666666686535e-1
1856,0.000000000000e0,2.666666805744e-1,4.666666686535e-1,7.520429834429e-10,2.666666805744e-1,4.666666686535e-1,0.000000000000e0,2.666666805744e-1,4.666666686535e-1
1857,6.666667014360e-2,2.666666805744e-1,4.666666686535e-1,6.666666269302e-2,2.666666805744e-1,4.666666686535e-1,6.666667014360e-2,2.666666805744e-1,4.666666686535e-1
1858,1.333333402872e-1,2.666666805744e-1,4.666666686535e-1,1.333333551884e-1,2.666666805744e-1,4.666666686535e-1,1.333333402872e-1,2.666666805744e-1,4.666666686535e-1
1859,2.000000029802e-1,2.666666805744e-1,4.666666686535e-1,2.000000029802e-1,2.666666805744e-1,4.666666686535e-1,2.000000029802e-1,2.666666805744e-1,4.666666686535e-1
1860,2.666666805744e-1,2.666666805744e-1,4.666666686535e-1,2.666666805744e-1,2.666666805744e-1,4.666666686535e-1,2.666666805744e-1,2.666666805744e-1,4.666666686535e-1
1861,3.333333432674e-1,2.666666805744e-1,4.666666686535e-1,3.333333432674e-1,2.666666805744e-1,4.666666984558e-1,3.333333432674e-1,2.666666805744e-1,4.666666686535e-1
1862,4.000000059605e-1,2.666666805744e-1,4.666666686535e-1,4.000000059605e-1,2.666666805744e-1,4.666666984558e-1,4.000000059605e-1,2.666666805744e-1,4.666666686535e-1
1863,4.666666686535e-1,2.666666805744e-1,4.666666686535e-1,4.666666984558e-1,2.666666805744e-1,4.666666686535e-1,4.666666686535e-1,2.666666805744e-1,4.666666686535e-1
1864,5.333333611488e-1,2.666666805744e-1,4.666666686535e-1,5.333333611488e-1,2.666667103767e-1,4.666666686535e-1,5.333333611488e-1,2.666666805744e-1,4.666666686535e-1
1865,6.000000238419e-1,2.666666805744e-1,4.666666686535e-1,6.000000238419e-1,2.666666805744e-1,4.666666388512e-1,6.000000238419e-1,2.666666805744e-1,4.666666686535e-1
1866,6.666666865349e-1,2.666666805744e-1,4.666666686535e-1,6.666666865349e-1,2.666666507721e-1,4.666666984558e-1,6.666666865349e-1,2.666666805744e-1,4.666666686535e-1
1867,7.333333492279e-1,2.666666805744e-1,4.666666686535e-1,7.333333492279e-1,2.666666805744e-1,4.666666984558e-1,7.333333492279e-1,2.666666805744e-1,4.666666686535e-1
1868,8.000000119209e-1,2.666666805744e-1,4.666666686535e-1,8.000000119209e-1,2.666666805744e-1,4.666666984558e-1,8.000000119209e-1,2.666666805744e-1,4.666666686535e-1
1869,8.666666746140e-1,2.666666805744e-1,4.666666686535e-1,8.666666746140e-1,2.666666805744e-1,4.666666388512e-1,8.666666746140e-1,2.666666805744e-1,4.666666686535e-1
1870,9.333333373070e-1,2.666666805744e-1,4.666666686535e-1,9.333333373070e-1,2.666666507721e-1,4.666666686535e-1,9.333333373070e-1,2.666666805744e-1,4.666666686535e-1
1871,1.000000000000e0,2.666666805744e-1,4.666666686535e-1,1.000000000000e0,2.666666805744e-1,4.666666686535e-1,1.000000000000e0,2.666666805744e-1,4.666666686535e-1
1872,0.000000000000e0,3.333333432674e-1,4.666666686535e-1,0.000000000000e0,3.333333432674e-1,4.666666388512e-1,4.482525488394e-17,3.333333432674e-1,4.666666686535e-1
1873,6.666667014360e-2,3.333333432674e-1,4.666666686535e-1,6.666665524244e-2,3.333333432674e-1,4.666666686535e-1,6.666667014360e-2,3.333333432674e-1,4.666666686535e-1
1874,1.333333402872e-1,3.333333432674e-1,4.666666686535e-1,1.333333253860e-1,3.333333432674e-1,4.666666686535e-1,1.333333402872e-1,3.333333432674e-1,4.666666686535e-1
1875,2.000000029802e-1,3.333333432674e-1,4.666666686535e-1,2.000000178814e-1,3.333333432674e-1,4.666666984558e-1,2.000000029802e-1,3.333333432674e-1,4.666666686535e-1
1876,2.666666805744e-1,3.333333432674e-1,4.666666686535e-1,2.666666805744e-1,3.333333432674e-1,4.666666388512e-1,2.666666805744e-1,3.333333432674e-1,4.666666686535e-1
1877,3.333333432674e-1,3.333333432674e-1,4.666666686535e-1,3.333333432674e-1,3.333333432674e-1,4.666666686535e-1,3.333333432674e-1,3.333333432674e-1,4.666666686535e-1
1878,4.000000059605e-1,3.333333432674e-1,4.666666686535e-1,4.000000059605e-1,3.333333432674e-1,4.666666686535e-1,4.000000059605e-1,3.333333432674e-1,4.666666686535e-1
1879,4.666666686535e-1,3.333333432674e-1,4.666666686535e-1,4.666666686535e-1,3.333333134651e-1,4.666666686535e-1,4.666666686535e-1,3.333333432674e-1,4.666666686535e-1
1880,5.333333611488e-1,3.333333432674e-1,4.666666686535e-1,5.333333611488e-1,3.333333134651e-1,4.666666388512e-1,5.333333611488e-1,3.333333432674e-1,4.666666686535e-1
1881,6.000000238419e-1,3.333333432674e-1,4.666666686535e-1,6.000000238419e-1,3.333333432674e-1,4.666666686535e-1,6.000000238419e-1,3.333333432674e-1,4.666666686535e-1
1882,6.666666865349e-1,3.333333432674e-1,4.666666686535e-1,6.666666865349e-1,3.333333432674e-1,4.666666984558e-1,6.666666865349e-1,3.333333432674e-1,4.666666686535e-1
1883,7.333333492279e-1,3.333333432674e-1,4.666666686535e-1,7.333333492279e-1,3.333333730698e-1,4.666666686535e-1,7.333333492279e-1,3.333333432674e-1,4.666666686535e-1
1884,8.000000119209e-1,3.333333432674e-1,4.666666686535e-1,8.000000119209e-1,3.333333432674e-1,4.666666686535e-1,8.000000119209e-1,3.333333432674e-1,4.666666686535e-1
1885,8.666666746140e-1,3.333333432674e-1,4.666666686535e-1,8.666666746140e-1,3.333333432674e-1,4.666666686535e-1,8.666666746140e-1,3.333333432674e-1,4.666666686535e-1
1886,9.333333373070e-1,3.333333432674e-1,4.666666686535e-1,9.333333373070e-1,3.333333432674e-1,4.666666686535e-1,9.333333373070e-1,3.333333432674e-1,4.666666686535e-1
1887,1.000000000000e0,3.333333432674e-1,4.666666686535e-1,1.000000000000e0,3.333333432674e-1,4.666666686535e-1,1.000000000000e0,3.333333432674e-1,4.666666686535e-1
1888,0.000000000000e0,4.000000059605e-1,4.666666686535e-1,0.000000000000e0,4.000000059605e-1,4.666666686535e-1,0.000000000000e0,4.000000059605e-1,4.666666686535e-1
1889,6.666667014360e-2,4.000000059605e-1,4.666666686535e-1,6.666666269302e-2,4.000000059605e-1,4.666666686535e-1,6.666667014360e-2,4.000000059605e-1,4.666666686535e-1
1890,1.333333402872e-1,4.000000059605e-1,4.666666686535e-1,1.333333998919e-1,4.000000059605e-1,4.666666686535e-1,1.333333402872e-1,4.000000059605e-1,4.666666686535e-1
1891,2.000000029802e-1,4.000000059605e-1,4.666666686535e-1,2.000000029802e-1,4.000000059605e-1,4.666666984558e-1,2.000000029802e-1,4.000000059605e-1,4.666666686535e-1
1892,2.666666805744e-1,4.000000059605e-1,4.666666686535e-1,2.666667103767e-1,4.000000059605e-1,4.666666686535e-1,2.666666805744e-1,4.000000059605e-1,4.666666686535e-1
1893,3.333333432674e-1,4.000000059605e-1,4.666666686535e-1,3.333333432674e-1,4.000000357628e-1,4.666666686535e-1,3.333333432674e-1,4.000000059605e-1,4.666666686535e-1
1894,4.000000059605e-1,4.000000059605e-1,4.666666686535e-1,4.000000059605e-1,4.000000059605e-1,4.666666686535e-1,4.000000059605e-1,4.000000059605e-1,4.666666686535e-1
1895,4.666666686535e-1,4.000000059605e-1,4.666666686535e-1,4.666666388512e-1,4.000000059605e-1,4.666666686535e-1,4.666666686535e-1,4.000000059605e-1,4.666666686535e-1
1896,5.333333611488e-1,4.000000059605e-1,4.666666686535e-1,5.333333611488e-1,4.000000357628e-1,4.666666686535e-1,5.333333611488e-1,4.000000059605e-1,4.666666686535e-1
1897,6.000000238419e-1,4.000000059605e-1,4.666666686535e-1,6.000000238419e-1,4.000000059605e-1,4.666666984558e-1,6.000000238419e-1,4.000000059605e-1,4.666666686535e-1
1898,6.666666865349e-1,4.000000059605e-1,4.666666686535e-1,6.666666865349e-1,4.000000059605e-1,4.666666984558e-1,6.666666865349e-1,4.000000059605e-1,4.666666686535e-1
1899,7.333333492279e-1,4.000000059605e-1,4.666666686535e-1,7.333333492279e-1,4.000000059605e-1,4.666666388512e-1,7.333333492279e-1,4.000000059605e-1,4.666666686535e-1
1900,8.000000119209e-1,4.000000059605e-1,4.666666686535e-1,7.999999523163e-1,3.999999761581e-1,4.666666686535e-1,8.000000119209e-1,4.000000059605e-1,4.666666686535e-1
1901,8.666666746140e-1,4.000000059605e-1,4.666666686535e-1,8.666666746140e-1,4.000000059605e-1,4.666666388512e-1,8.666666746140e-1,4.000000059605e-1,4.666666686535e-1
1902,9.333333373070e-1,4.000000059605e-1,4.666666686535e-1,9.333333373070e-1,4.000000059605e-1,4.666666686535e-1,9.333333373070e-1,4.000000059605e-1,4.666666686535e-1
1903,1.000000000000e0,4.000000059605e-1,4.666666686535e-1,1.000000000000e0,4.000000357628e-1,4.666666686535e-1,1.000000000000e0,4.000000059605e-1,4.666666686535e-1
1904,0.000000000000e0,4.666666686535e-1,4.666666686535e-1,0.000000000000e0,4.666666686535e-1,4.666666686535e-1,1.680946975430e-17,4.666666686535e-1,4.666666686535e-1
1905,6.666667014360e-2,4.666666686535e-1,4.666666686535e-1,6.666667014360e-2,4.666666388512e-1,4.666666686535e-1,6.666667014360e-2,4.666666686535e-1,4.666666686535e-1
1906,1.333333402872e-1,4.666666686535e-1,4.666666686535e-1,1.333333253860e-1,4.666666686535e-1,4.666666984558e-1,1.333333402872e-1,4.666666686535e-1,4.666666686535e-1
1907,2.000000029802e-1,4.666666686535e-1,4.666666686535e-1,2.000000029802e-1,4.666666388512e-1,4.666666984558e-1,2.000000029802e-1,4.666666686535e-1,4.666666686535e-1
1908,2.666666805744e-1,4.666666686535e-1,4.666666686535e-1,2.666666805744e-1,4.666666686535e-1,4.666666686535e-1,2.666666805744e-1,4.666666686535e-1,4.666666686535e-1
1909,3.333333432674e-1,4.666666686535e-1,4.666666686535e-1,3.333333432674e-1,4.666666686535e-1,4.666666686535e-1,3.333333432674e-1,4.666666686535e-1,4.666666686535e-1
1910,4.000000059605e-1,4.666666686535e-1,4.666666686535e-1,3.999999761581e-1,4.666666686535e-1,4.666666686535e-1,4.000000059605e-1,4.666666686535e-1,4.666666686535e-1
1911,4.666666686535e-1,4.666666686535e-1,4.666666686535e-1,4.666666984558e-1,4.666666686535e-1,4.666666686535e-1,4.666666686535e-1,4.666666686535e-1,4.666666686535e-1
1912,5.333333611488e-1,4.666666686535e-1,4.666666686535e-1,5.333333611488e-1,4.666666984558e-1,4.666666686535e-1,5.333333611488e-1,4.666666686535e-1,4.666666686535e-1
1913,6.000000238419e-1,4.666666686535e-1,4.666666686535e-1,6.000000238419e-1,4.666666984558e-1,4.666666388512e-1,6.000000238419e-1,4.666666686535e-1,4.666666686535e-1
1914,6.666666865349e-1,4.666666686535e-1,4.666666686535e-1,6.666666865349e-1,4.666666686535e-1,4.666666388512e-1,6.666666865349e-1,4.666666686535e-1,4.666666686535e-1
1915,7.333333492279e-1,4.666666686535e-1,4.666666686535e-1,7.333333492279e-1,4.666666686535e-1,4.666666984558e-1,7.333333492279e-1,4.666666686535e-1,4.666666686535e-1
1916,8.000000119209e-1,4.666666686535e-1,4.666666686535e-1,8.000000715256e-1,4.666666686535e-1,4.666666686535e-1,8.000000119209e-1,4.666666686535e-1,4.666666686535e-1
1917,8.666666746140e-1,4.666666686535e-1,4.666666686535e-1,8.666666746140e-1,4.666666686535e-1,4.666666686535e-1,8.666666746140e-1,4.666666686535e-1,4.666666686535e-1
1918,9.333333373070e-1,4.666666686535e-1,4.666666686535e-1,9.333333373070e-1,4.666666686535e-1,4.666666686535e-1,9.333333373070e-1,4.666666686535e-1,4.666666686535e-1
1919,1.000000000000e0,4.666666686535e-1,4.666666686535e-1,1.000000000000e0,4.666666686535e-1,4.666666984558e-1,1.000000000000e0,4.666666686535e-1,4.666666686535e-1
1920,0.000000000000e0,5.333333611488e-1,4.666666686535e-1,1.729698873021e-8,5.333333611488e-1,4.666666686535e-1,0.000000000000e0,5.333333611488e-1,4.666666686535e-1
1921,6.666667014360e-2,5.333333611488e-1,4.666666686535e-1,6.666670739651e-2,5.333333611488e-1,4.666666984558e-1,6.666667014360e-2,5.333333611488e-1,4.666666686535e-1
1922,1.333333402872e-1,5.333333611488e-1,4.666666686535e-1,1.333333551884e-1,5.333333611488e-1,4.666666984558e-1,1.333333402872e-1,5.333333611488e-1,4.666666686535e-1
1923,2.000000029802e-1,5.333333611488e-1,4.666666686535e-1,2.000000327826e-1,5.333333611488e-1,4.666666686535e-1,2.000000029802e-1,5.333333611488e-1,4.666666686535e-1
1924,2.666666805744e-1,5.333333611488e-1,4.666666686535e-1,2.666667103767e-1,5.333333611488e-1,4.666666686535e-1,2.666666805744e-1,5.333333611488e-1,4.666666686535e-1
1925,3.333333432674e-1,5.333333611488e-1,4.666666686535e-1,3.333333432674e-1,5.333333611488e-1,4.666666686535e-1,3.333333432674e-1,5.333333611488e-1,4.666666686535e-1
1926,4.000000059605e-1,5.333333611488e-1,4.666666686535e-1,4.000000059605e-1,5.333333611488e-1,4.666666388512e-1,4.000000059605e-1,5.333333611488e-1,4.666666686535e-1
1927,4.666666686535e-1,5.333333611488e-1,4.666666686535e-1,4.666666388512e-1,5.333333611488e-1,4.666666686535e-1,4.666666686535e-1,5.333333611488e-1,4.666666686535e-1
1928,5.333333611488e-1,5.333333611488e-1,4.666666686535e-1,5.333333611488e-1,5.333333611488e-1,4.666666686535e-1,5.333333611488e-1,5.333333611488e-1,4.666666686535e-1
1929,6.000000238419e-1,5.333333611488e-1,4.666666686535e-1,6.000000238419e-1,5.333333611488e-1,4.666666686535e-1,6.000000238419e-1,5.333333611488e-1,4.666666686535e-1
1930,6.666666865349e-1,5.333333611488e-1,4.666666686535e-1,6.666666865349e-1,5.333333611488e-1,4.666666984558e-1,6.666666865349e-1,5.333333611488e-1,4.666666686535e-1
1931,7.333333492279e-1,5.333333611488e-1,4.666666686535e-1,7.333333492279e-1,5.333333611488e-1,4.666666686535e-1,7.333333492279e-1,5.333333611488e-1,4.666666686535e-1
1932,8.000000119209e-1,5.333333611488e-1,4.666666686535e-1,7.999999523163e-1,5.333333611488e-1,4.666666388512e-1,8.000000119209e-1,5.333333611488e-1,4.666666686535e-1
1933,8.666666746140e-1,5.333333611488e-1,4.666666686535e-1,8.666666746140e-1,5.333333611488e-1,4.666666686535e-1,8.666666746140e-1,5.333333611488e-1,4.666666686535e-1
1934,9.333333373070e-1,5.333333611488e-1,4.666666686535e-1,9.333333969116e-1,5.333333611488e-1,4.666666686535e-1,9.333333373070e-1,5.333333611488e-1,4.666666686535e-1
1935,1.000000000000e0,5.333333611488e-1,4.666666686535e-1,1.000000000000e0,5.333333611488e-1,4.666666388512e-1,1.000000000000e0,5.333333611488e-1,4.666666686535e-1
1936,0.000000000000e0,6.000000238419e-1,4.666666686535e-1,2.256128839306e-9,6.000000238419e-1,4.666666686535e-1,0.000000000000e0,6.000000238419e-1,4.666666686535e-1
1937,6.666667014360e-2,6.000000238419e-1,4.666666686535e-1,6.666666269302e-2,6.000000238419e-1,4.666666686535e-1,6.666667014360e-2,6.000000238419e-1,4.666666686535e-1
1938,1.333333402872e-1,6.000000238419e-1,4.666666686535e-1,1.333333104849e-1,6.000000238419e-1,4.666666686535e-1,1.333333402872e-1,6.000000238419e-1,4.666666686535e-1
1939,2.000000029802e-1,6.000000238419e-1,4.666666686535e-1,2.000000178814e-1,6.000000238419e-1,4.666666686535e-1,2.000000029802e-1,6.000000238419e-1,4.666666686535e-1
1940,2.666666805744e-1,6.000000238419e-1,4.666666686535e-1,2.666666805744e-1,6.000000238419e-1,4.666666984558e-1,2.666666805744e-1,6.000000238419e-1,4.666666686535e-1
1941,3.333333432674e-1,6.000000238419e-1,4.666666686535e-1,3.333333432674e-1,6.000000238419e-1,4.666666686535e-1,3.333333432674e-1,6.000000238419e-1,4.666666686535e-1
1942,4.000000059605e-1,6.000000238419e-1,4.666666686535e-1,4.000000357628e-1,6.000000238419e-1,4.666666984558e-1,4.000000059605e-1,6.000000238419e-1,4.666666686535e-1
1943,4.666666686535e-1,6.000000238419e-1,4.666666686535e-1,4.666666388512e-1,6.000000238419e-1,4.666666686535e-1,4.666666686535e-1,6.000000238419e-1,4.666666686535e-1
1944,5.333333611488e-1,6.000000238419e-1,4.666666686535e-1,5.333333611488e-1,6.000000238419e-1,4.666666686535e-1,5.333333611488e-1,6.000000238419e-1,4.666666686535e-1
1945,6.000000238419e-1,6.000000238419e-1,4.666666686535e-1,6.000000238419e-1,6.000000238419e-1,4.666666984558e-1,6.000000238419e-1,6.000000238419e-1,4.666666686535e-1
1946,6.666666865349e-1,6.000000238419e-1,4.666666686535e-1,6.666666865349e-1,6.000000238419e-1,4.666666686535e-1,6.666666865349e-1,6.000000238419e-1,4.666666686535e-1
1947,7.333333492279e-1,6.000000238419e-1,4.666666686535e-1,7.333333492279e-1,6.000000238419e-1,4.666666686535e-1,7.333333492279e-1,6.000000238419e-1,4.666666686535e-1
1948,8.000000119209e-1,6.000000238419e-1,4.666666686535e-1,8.000000119209e-1,6.000000238419e-1,4.666666686535e-1,8.000000119209e-1,6.000000238419e-1,4.666666686535e-1
1949,8.666666746140e-1,6.000000238419e-1,4.666666686535e-1,8.666667342186e-1,6.000000238419e-1,4.666666686535e-1,8.666666746140e-1,6.000000238419e-1,4.666666686535e-1
1950,9.333333373070e-1,6.000000238419e-1,4.666666686535e-1,9.333333373070e-1,6.000000238419e-1,4.666666686535e-1,9.333333373070e-1,6.000000238419e-1,4.666666686535e-1
1951,1.000000000000e0,6.000000238419e-1,4.666666686535e-1,1.000000000000e0,6.000000834465e-1,4.666666388512e-1,1.000000000000e0,6.000000238419e-1,4.666666686535e-1
1952,0.000000000000e0,6.666666865349e-1,4.666666686535e-1,1.233350417351e-7,6.666666865349e-1,4.666666686535e-1,0.000000000000e0,6.666666865349e-1,4.666666686535e-1
1953,6.666667014360e-2,6.666666865349e-1,4.666666686535e-1,6.666667014360e-2,6.666666865349e-1,4.666666388512e-1,6.666667014360e-2,6.666666865349e-1,4.666666686535e-1
1954,1.333333402872e-1,6.666666865349e-1,4.666666686535e-1,1.333334147930e-1,6.666666865349e-1,4.666666686535e-1,1.333333402872e-1,6.666666865349e-1,4.666666686535e-1
1955,2.000000029802e-1,6.666666865349e-1,4.666666686535e-1,2.000000327826e-1,6.666666865349e-1,4.666666686535e-1,2.000000029802e-1,6.666666865349e-1,4.666666686535e-1
1956,2.666666805744e-1,6.666666865349e-1,4.666666686535e-1,2.666667103767e-1,6.666666865349e-1,4.666666686535e-1,2.666666805744e-1,6.666666865349e-1,4.666666686535e-1
1957,3.333333432674e-1,6.666666865349e-1,4.666666686535e-1,3.333333432674e-1,6.666666865349e-1,4.666666686535e-1,3.333333432674e-1,6.666666865349e-1,4.666666686535e-1
1958,4.000000059605e-1,6.666666865349e-1,4.666666686535e-1,4.000000059605e-1,6.666666865349e-1,4.666666388512e-1,4.000000059605e-1,6.666666865349e-1,4.666666686535e-1
1959,4.666666686535e-1,6.666666865349e-1,4.666666686535e-1,4.666667282581e-1,6.666666865349e-1,4.666666686535e-1,4.666666686535e-1,6.666666865349e-1,4.666666686535e-1
1960,5.333333611488e-1,6.666666865349e-1,4.666666686535e-1,5.333333611488e-1,6.666666865349e-1,4.666666388512e-1,5.333333611488e-1,6.666666865349e-1,4.666666686535e-1
1961,6.000000238419e-1,6.666666865349e-1,4.666666686535e-1,6.000000238419e-1,6.666666865349e-1,4.666666984558e-1,6.000000238419e-1,6.666666865349e-1,4.666666686535e-1
1962,6.666666865349e-1,6.666666865349e-1,4.666666686535e-1,6.666666865349e-1,6.666666865349e-1,4.666666686535e-1,6.666666865349e-1,6.666666865349e-1,4.666666686535e-1
1963,7.333333492279e-1,6.666666865349e-1,4.666666686535e-1,7.333333492279e-1,6.666666865349e-1,4.666666984558e-1,7.333333492279e-1,6.666666865349e-1,4.666666686535e-1
1964,8.000000119209e-1,6.666666865349e-1,4.666666686535e-1,7.999999523163e-1,6.666666865349e-1,4.666666686535e-1,8.000000119209e-1,6.666666865349e-1,4.666666686535e-1
1965,8.666666746140e-1,6.666666865349e-1,4.666666686535e-1,8.666666150093e-1,6.666666865349e-1,4.666666686535e-1,8.666666746140e-1,6.666666865349e-1,4.666666686535e-1
1966,9.333333373070e-1,6.666666865349e-1,4.666666686535e-1,9.333333373070e-1,6.666666865349e-1,4.666666090488e-1,9.333333373070e-1,6.666666865349e-1,4.666666686535e-1
1967,1.000000000000e0,6.666666865349e-1,4.666666686535e-1,1.000000000000e0,6.666666865349e-1,4.666666686535e-1,1.000000000000e0,6.666666865349e-1,4.666666686535e-1
1968,0.000000000000e0,7.333333492279e-1,4.666666686535e-1,0.000000000000e0,7.333333492279e-1,4.666666984558e-1,0.000000000000e0,7.333333492279e-1,4.666666686535e-1
1969,6.666667014360e-2,7.333333492279e-1,4.666666686535e-1,6.666665524244e-2,7.333333492279e-1,4.666666686535e-1,6.666667014360e-2,7.333333492279e-1,4.666666686535e-1
1970,1.333333402872e-1,7.333333492279e-1,4.666666686535e-1,1.333333402872e-1,7.333333492279e-1,4.666666686535e-1,1.333333402872e-1,7.333333492279e-1,4.666666686535e-1
1971,2.000000029802e-1,7.333333492279e-1,4.666666686535e-1,2.000000327826e-1,7.333333492279e-1,4.666666686535e-1,2.000000029802e-1,7.333333492279e-1,4.666666686535e-1
1972,2.666666805744e-1,7.333333492279e-1,4.666666686535e-1,2.666665911674e-1,7.333333492279e-1,4.666666686535e-1,2.666666805744e-1,7.333333492279e-1,4.666666686535e-1
1973,3.333333432674e-1,7.333333492279e-1,4.666666686535e-1,3.333333730698e-1,7.333333492279e-1,4.666666686535e-1,3.333333432674e-1,7.333333492279e-1,4.666666686535e-1
1974,4.000000059605e-1,7.333333492279e-1,4.666666686535e-1,4.000000357628e-1,7.333333492279e-1,4.666666686535e-1,4.000000059605e-1,7.333333492279e-1,4.666666686535e-1
1975,4.666666686535e-1,7.333333492279e-1,4.666666686535e-1,4.666666984558e-1,7.333333492279e-1,4.666666686535e-1,4.666666686535e-1,7.333333492279e-1,4.666666686535e-1
1976,5.333333611488e-1,7.333333492279e-1,4.666666686535e-1,5.333333611488e-1,7.333333492279e-1,4.666666686535e-1,5.333333611488e-1,7.333333492279e-1,4.666666686535e-1
1977,6.000000238419e-1,7.333333492279e-1,4.666666686535e-1,6.000000238419e-1,7.333333492279e-1,4.666666686535e-1,6.000000238419e-1,7.333333492279e-1,4.666666686535e-1
1978,6.666666865349e-1,7.333333492279e-1,4.666666686535e-1,6.666666865349e-1,7.333333492279e-1,4.666666388512e-1,6.666666865349e-1,7.333333492279e-1,4.666666686535e-1
1979,7.333333492279e-1,7.333333492279e-1,4.666666686535e-1,7.333333492279e-1,7.333333492279e-1,4.666666984558e-1,7.333333492279e-1,7.333333492279e-1,4.666666686535e-1
1980,8.000000119209e-1,7.333333492279e-1,4.666666686535e-1,8.000000119209e-1,7.333333492279e-1,4.666666686535e-1,8.000000119209e-1,7.333333492279e-1,4.666666686535e-1
1981,8.666666746140e-1,7.333333492279e-1,4.666666686535e-1,8.666667342186e-1,7.333333492279e-1,4.666666388512e-1,8.666666746140e-1,7.333333492279e-1,4.666666686535e-1
1982,9.333333373070e-1,7.333333492279e-1,4.666666686535e-1,9.333333373070e-1,7.333333492279e-1,4.666666686535e-1,9.333333373070e-1,7.333333492279e-1,4.666666686535e-1
1983,1.000000000000e0,7.333333492279e-1,4.666666686535e-1,1.000000000000e0,7.333333492279e-1,4.666666984558e-1,1.000000000000e0,7.333333492279e-1,4.666666686535e-1
1984,0.000000000000e0,8.000000119209e-1,4.666666686535e-1,0.000000000000e0,8.000000715256e-1,4.666666984558e-1,0.000000000000e0,8.000000119209e-1,4.666666686535e-1
1985,6.666667014360e-2,8.000000119209e-1,4.666666686535e-1,6.666665524244e-2,8.000000119209e-1,4.666666388512e-1,6.666667014360e-2,8.000000119209e-1,4.666666686535e-1
1986,1.333333402872e-1,8.000000119209e-1,4.666666686535e-1,1.333333700895e-1,8.000000119209e-1,4.666666686535e-1,1.333333402872e-1,8.000000119209e-1,4.666666686535e-1
1987,2.000000029802e-1,8.000000119209e-1,4.666666686535e-1,1.999999731779e-1,8.000000715256e-1,4.666666686535e-1,2.000000029802e-1,8.000000119209e-1,4.666666686535e-1
1988,2.666666805744e-1,8.000000119209e-1,4.666666686535e-1,2.666667103767e-1,8.000000119209e-1,4.666666388512e-1,2.666666805744e-1,8.000000119209e-1,4.666666686535e-1
1989,3.333333432674e-1,8.000000119209e-1,4.666666686535e-1,3.333333432674e-1,8.000000119209e-1,4.666666686535e-1,3.333333432674e-1,8.000000119209e-1,4.666666686535e-1
1990,4.000000059605e-1,8.000000119209e-1,4.666666686535e-1,4.000000357628e-1,7.999999523163e-1,4.666666388512e-1,4.000000059605e-1,8.000000119209e-1,4.666666686535e-1
1991,4.666666686535e-1,8.000000119209e-1,4.666666686535e-1,4.666666984558e-1,8.000000119209e-1,4.666666388512e-1,4.666666686535e-1,8.000000119209e-1,4.666666686535e-1
1992,5.333333611488e-1,8.000000119209e-1,4.666666686535e-1,5.333333611488e-1,8.000000119209e-1,4.666666686535e-1,5.333333611488e-1,8.000000119209e-1,4.666666686535e-1
1993,6.000000238419e-1,8.000000119209e-1,4.666666686535e-1,6.000000238419e-1,7.999999523163e-1,4.666666388512e-1,6.000000238419e-1,8.000000119209e-1,4.666666686535e-1
1994,6.666666865349e-1,8.000000119209e-1,4.666666686535e-1,6.666666865349e-1,7.999999523163e-1,4.666666388512e-1,6.666666865349e-1,8.000000119209e-1,4.666666686535e-1
1995,7.333333492279e-1,8.000000119209e-1,4.666666686535e-1,7.333333492279e-1,8.000000119209e-1,4.666666984558e-1,7.333333492279e-1,8.000000119209e-1,4.666666686535e-1
1996,8.000000119209e-1,8.000000119209e-1,4.666666686535e-1,8.000000119209e-1,8.000000119209e-1,4.666666984558e-1,8.000000119209e-1,8.000000119209e-1,4.666666686535e-1
1997,8.666666746140e-1,8.000000119209e-1,4.666666686535e-1,8.666666150093e-1,8.000000119209e-1,4.666666686535e-1,8.666666746140e-1,8.000000119209e-1,4.666666686535e-1
1998,9.333333373070e-1,8.000000119209e-1,4.666666686535e-1,9.333333373070e-1,7.999999523163e-1,4.666666388512e-1,9.333333373070e-1,8.000000119209e-1,4.666666686535e-1
1999,1.000000000000e0,8.000000119209e-1,4.666666686535e-1,1.000000000000e0,8.000000119209e-1,4.666666686535e-1,1.000000000000e0,8.000000119209e-1,4.666666686535e-1
2000,0.000000000000e0,8.666666746140e-1,4.666666686535e-1,0.000000000000e0,8.666666746140e-1,4.666666388512e-1,1.807018135072e-16,8.666666746140e-1,4.666666686535e-1
2001,6.666667014360e-2,8.666666746140e-1,4.666666686535e-1,6.666663289070e-2,8.666666746140e-1,4.666666984558e-1,6.666667014360e-2,8.666666746140e-1,4.666666686535e-1
2002,1.333333402872e-1,8.666666746140e-1,4.666666686535e-1,1.333333700895e-1,8.666666746140e-1,4.666666090488e-1,1.333333402872e-1,8.666666746140e-1,4.666666686535e-1
2003,2.000000029802e-1,8.666666746140e-1,4.666666686535e-1,2.000000476837e-1,8.666666746140e-1,4.666666686535e-1,2.000000029802e-1,8.666666746140e-1,4.666666686535e-1
2004,2.666666805744e-1,8.666666746140e-1,4.666666686535e-1,2.666666507721e-1,8.666666746140e-1,4.666666090488e-1,2.666666805744e-1,8.666666746140e-1,4.666666686535e-1
2005,3.333333432674e-1,8.666666746140e-1,4.666666686535e-1,3.333333432674e-1,8.666666746140e-1,4.666666984558e-1,3.333333432674e-1,8.666666746140e-1,4.666666686535e-1
2006,4.000000059605e-1,8.666666746140e-1,4.666666686535e-1,4.000000357628e-1,8.666666746140e-1,4.666666686535e-1,4.000000059605e-1,8.666666746140e-1,4.666666686535e-1
2007,4.666666686535e-1,8.666666746140e-1,4.666666686535e-1,4.666666388512e-1,8.666666746140e-1,4.666666686535e-1,4.666666686535e-1,8.666666746140e-1,4.666666686535e-1
2008,5.333333611488e-1,8.666666746140e-1,4.666666686535e-1,5.333333611488e-1,8.666666746140e-1,4.666666686535e-1,5.333333611488e-1,8.666666746140e-1,4.666666686535e-1
2009,6.000000238419e-1,8.666666746140e-1,4.666666686535e-1,6.000000238419e-1,8.666666746140e-1,4.666666686535e-1,6.000000238419e-1,8.666666746140e-1,4.666666686535e-1
2010,6.666666865349e-1,8.666666746140e-1,4.666666686535e-1,6.666666865349e-1,8.666666746140e-1,4.666666388512e-1,6.666666865349e-1,8.666666746140e-1,4.666666686535e-1
2011,7.333333492279e-1,8.666666746140e-1,4.666666686535e-1,7.333333492279e-1,8.666666746140e-1,4.666666984558e-1,7.333333492279e-1,8.666666746140e-1,4.666666686535e-1
2012,8.000000119209e-1,8.666666746140e-1,4.666666686535e-1,8.000000119209e-1,8.666666746140e-1,4.666666686535e-1,8.000000119209e-1,8.666666746140e-1,4.666666686535e-1
2013,8.666666746140e-1,8.666666746140e-1,4.666666686535e-1,8.666666746140e-1,8.666666746140e-1,4.666666686535e-1,8.666666746140e-1,8.666666746140e-1,4.666666686535e-1
2014,9.333333373070e-1,8.666666746140e-1,4.666666686535e-1,9.333333373070e-1,8.666666746140e-1,4.666666090488e-1,9.333333373070e-1,8.666666746140e-1,4.666666686535e-1
2015,1.000000000000e0,8.666666746140e-1,4.666666686535e-1,1.000000000000e0,8.666666746140e-1,4.666666984558e-1,1.000000000000e0,8.666666746140e-1,4.666666686535e-1
2016,0.000000000000e0,9.333333373070e-1,4.666666686535e-1,2.530624669816e-7,9.333333373070e-1,4.666666686535e-1,0.000000000000e0,9.333333373070e-1,4.666666686535e-1
2017,6.666667014360e-2,9.333333373070e-1,4.666666686535e-1,6.666667014360e-2,9.333333373070e-1,4.666666686535e-1,6.666667014360e-2,9.333333373070e-1,4.666666686535e-1
2018,1.333333402872e-1,9.333333373070e-1,4.666666686535e-1,1.333333253860e-1,9.333333373070e-1,4.666666388512e-1,1.333333402872e-1,9.333333373070e-1,4.666666686535e-1
2019,2.000000029802e-1,9.333333373070e-1,4.666666686535e-1,2.000000029802e-1,9.333333373070e-1,4.666666388512e-1,2.000000029802e-1,9.333333373070e-1,4.666666686535e-1
2020,2.666666805744e-1,9.333333373070e-1,4.666666686535e-1,2.666666805744e-1,9.333333373070e-1,4.666666686535e-1,2.666666805744e-1,9.333333373070e-1,4.666666686535e-1
2021,3.333333432674e-1,9.333333373070e-1,4.666666686535e-1,3.333333432674e-1,9.333333373070e-1,4.666666686535e-1,3.333333432674e-1,9.333333373070e-1,4.666666686535e-1
2022,4.000000059605e-1,9.333333373070e-1,4.666666686535e-1,4.000000059605e-1,9.333333373070e-1,4.666666388512e-1,4.000000059605e-1,9.333333373070e-1,4.666666686535e-1
2023,4.666666686535e-1,9.333333373070e-1,4.666666686535e-1,4.666666686535e-1,9.333333373070e-1,4.666666686535e-1,4.666666686535e-1,9.333333373070e-1,4.666666686535e-1
2024,5.333333611488e-1,9.333333373070e-1,4.666666686535e-1,5.333333611488e-1,9.333333373070e-1,4.666666686535e-1,5.333333611488e-1,9.333333373070e-1,4.666666686535e-1
2025,6.000000238419e-1,9.333333373070e-1,4.666666686535e-1,6.000000238419e-1,9.333333373070e-1,4.666666686535e-1,6.000000238419e-1,9.333333373070e-1,4.666666686535e-1
2026,6.666666865349e-1,9.333333373070e-1,4.666666686535e-1,6.666666865349e-1,9.333333373070e-1,4.666666686535e-1,6.666666865349e-1,9.333333373070e-1,4.666666686535e-1
2027,7.333333492279e-1,9.333333373070e-1,4.666666686535e-1,7.333334088326e-1,9.333333373070e-1,4.666666686535e-1,7.333333492279e-1,9.333333373070e-1,4.666666686535e-1
2028,8.000000119209e-1,9.333333373070e-1,4.666666686535e-1,8.000000119209e-1,9.333333373070e-1,4.666666686535e-1,8.000000119209e-1,9.333333373070e-1,4.666666686535e-1
2029,8.666666746140e-1,9.333333373070e-1,4.666666686535e-1,8.666667342186e-1,9.333333373070e-1,4.666666388512e-1,8.666666746140e-1,9.333333373070e-1,4.666666686535e-1
2030,9.333333373070e-1,9.333333373070e-1,4.666666686535e-1,9.333333373070e-1,9.333333373070e-1,4.666666686535e-1,9.333333373070e-1,9.333333373070e-1,4.666666686535e-1
2031,1.000000000000e0,9.333333373070e-1,4.666666686535e-1,1.000000000000e0,9.333333373070e-1,4.666666984558e-1,1.000000000000e0,9.333333373070e-1,4.666666686535e-1
2032,0.000000000000e0,1.000000000000e0,4.666666686535e-1,0.000000000000e0,1.000000000000e0,4.666667282581e-1,8.832632463259e-16,1.000000000000e0,4.666666686535e-1
2033,6.666667014360e-2,1.000000000000e0,4.666666686535e-1,6.666686385870e-2,1.000000000000e0,4.666666984558e-1,6.666667014360e-2,1.000000000000e0,4.666666686535e-1
2034,1.333333402872e-1,1.000000000000e0,4.666666686535e-1,1.333349198103e-1,1.000000000000e0,4.666669368744e-1,1.333333402872e-1,1.000000000000e0,4.666666686535e-1
2035,2.000000029802e-1,1.000000000000e0,4.666666686535e-1,2.000009715557e-1,1.000000000000e0,4.666669666767e-1,2.000000029802e-1,1.000000000000e0,4.666666686535e-1
2036,2.666666805744e-1,1.000000000000e0,4.666666686535e-1,2.666667103767e-1,1.000000000000e0,4.666667282581e-1,2.666666805744e-1,1.000000000000e0,4.666666686535e-1
2037,3.333333432674e-1,1.000000000000e0,4.666666686535e-1,3.333333432674e-1,1.000000000000e0,4.666666388512e-1,3.333333432674e-1,1.000000000000e0,4.666666686535e-1
2038,4.000000059605e-1,1.000000000000e0,4.666666686535e-1,4.000004231930e-1,1.000000000000e0,4.666670560837e-1,4.000000059605e-1,1.000000000000e0,4.666666686535e-1
2039,4.666666686535e-1,1.000000000000e0,4.666666686535e-1,4.666666388512e-1,1.000000000000e0,4.666666388512e-1,4.666666686535e-1,1.000000000000e0,4.666666686535e-1
2040,5.333333611488e-1,1.000000000000e0,4.666666686535e-1,5.333333611488e-1,1.000000000000e0,4.666666984558e-1,5.333333611488e-1,1.000000000000e0,4.666666686535e-1
2041,6.000000238419e-1,1.000000000000e0,4.666666686535e-1,6.000003218651e-1,1.000000000000e0,4.666670858860e-1,6.000000238419e-1,1.000000000000e0,4.666666686535e-1
2042,6.666666865349e-1,1.000000000000e0,4.666666686535e-1,6.666666865349e-1,9.999999403954e-1,4.666666686535e-1,6.666666865349e-1,1.000000000000e0,4.666666686535e-1
2043,7.333333492279e-1,1.000000000000e0,4.666666686535e-1,7.333333492279e-1,1.000000000000e0,4.666666388512e-1,7.333333492279e-1,1.000000000000e0,4.666666686535e-1
2044,8.000000119209e-1,1.000000000000e0,4.666666686535e-1,8.000000119209e-1,1.000000000000e0,4.666666984558e-1,8.000000119209e-1,1.000000000000e0,4.666666686535e-1
2045,8.666666746140e-1,1.000000000000e0,4.666666686535e-1,8.666667342186e-1,1.000000000000e0,4.666674733162e-1,8.666666746140e-1,1.000000000000e0,4.666666686535e-1
2046,9.333333373070e-1,1.000000000000e0,4.666666686535e-1,9.333333373070e-1,1.000000000000e0,4.666666686535e-1,9.333333373070e-1,1.000000000000e0,4.666666686535e-1
2047,1.000000000000e0,1.000000000000e0,4.666666686535e-1,1.000000000000e0,1.000000000000e0,4.666666686535e-1,1.000000000000e0,1.000000000000e0,4.666666686535e-1
2048,0.000000000000e0,0.000000000000e0,5.333333611488e-1,0.000000000000e0,2.105720220413e-8,5.333333611488e-1,0.000000000000e0,4.482525488394e-17,5.333333611488e-1
2049,6.666667014360e-2,0.000000000000e0,5.333333611488e-1,6.666667014360e-2,0.000000000000e0,5.333333611488e-1,6.666667014360e-2,8.965050976788e-17,5.333333611488e-1
2050,1.333333402872e-1,0.000000000000e0,5.333333611488e-1,1.333333551884e-1,0.000000000000e0,5.333333611488e-1,1.333333402872e-1,2.241262744197e-17,5.333333611488e-1
2051,2.000000029802e-1,0.000000000000e0,5.333333611488e-1,2.000000029802e-1,0.000000000000e0,5.333333611488e-1,2.000000029802e-1,0.000000000000e0,5.333333611488e-1
2052,2.666666805744e-1,0.000000000000e0,5.333333611488e-1,2.666666805744e-1,0.000000000000e0,5.333333611488e-1,2.666666805744e-1,0.000000000000e0,5.333333611488e-1
2053,3.333333432674e-1,0.000000000000e0,5.333333611488e-1,3.333333432674e-1,1.804903071445e-8,5.333333611488e-1,3.333333432674e-1,0.000000000000e0,5.333333611488e-1
2054,4.000000059605e-1,0.000000000000e0,5.333333611488e-1,4.000000059605e-1,0.000000000000e0,5.333333611488e-1,4.000000059605e-1,0.000000000000e0,5.333333611488e-1
2055,4.666666686535e-1,0.000000000000e0,5.333333611488e-1,4.666666388512e-1,0.000000000000e0,5.333333611488e-1,4.666666686535e-1,0.000000000000e0,5.333333611488e-1
2056,5.333333611488e-1,0.000000000000e0,5.333333611488e-1,5.333333611488e-1,0.000000000000e0,5.333333611488e-1,5.333333611488e-1,0.000000000000e0,5.333333611488e-1
2057,6.000000238419e-1,0.000000000000e0,5.333333611488e-1,6.000000238419e-1,0.000000000000e0,5.333333611488e-1,6.000000238419e-1,3.221815215463e-17,5.333333611488e-1
2058,6.666666865349e-1,0.000000000000e0,5.333333611488e-1,6.666666865349e-1,0.000000000000e0,5.333333611488e-1,6.666666865349e-1,0.000000000000e0,5.333333611488e-1
2059,7.333333492279e-1,0.000000000000e0,5.333333611488e-1,7.333333492279e-1,2.857763270470e-8,5.333333611488e-1,7.333333492279e-1,4.482525488394e-17,5.333333611488e-1
2060,8.000000119209e-1,0.000000000000e0,5.333333611488e-1,8.000000119209e-1,0.000000000000e0,5.333333611488e-1,8.000000119209e-1,7.003945868820e-18,5.333333611488e-1
2061,8.666666746140e-1,0.000000000000e0,5.333333611488e-1,8.666666746140e-1,0.000000000000e0,5.333333611488e-1,8.666666746140e-1,2.521420545863e-17,5.333333611488e-1
2062,9.333333373070e-1,0.000000000000e0,5.333333611488e-1,9.333333373070e-1,7.370021393172e-8,5.333333611488e-1,9.333333373070e-1,0.000000000000e0,5.333333611488e-1
2063,1.000000000000e0,0.000000000000e0,5.333333611488e-1,9.999999403954e-1,0.000000000000e0,5.333333611488e-1,1.000000000000e0,4.587584705377e-17,5.333333611488e-1
2064,0.000000000000e0,6.666667014360e-2,5.333333611488e-1,0.000000000000e0,6.666667014360e-2,5.333333611488e-1,0.000000000000e0,6.666667014360e-2,5.333333611488e-1
2065,6.666667014360e-2,6.666667014360e-2,5.333333611488e-1,6.666666269302e-2,6.666666269302e-2,5.333333611488e-1,6.666667014360e-2,6.666667014360e-2,5.333333611488e-1
2066,1.333333402872e-1,6.666667014360e-2,5.333333611488e-1,1.333333551884e-1,6.666667759418e-2,5.333333611488e-1,1.333333402872e-1,6.666667014360e-2,5.333333611488e-1
2067,2.000000029802e-1,6.666667014360e-2,5.333333611488e-1,2.000000029802e-1,6.666668504477e-2,5.333333611488e-1,2.000000029802e-1,6.666667014360e-2,5.333333611488e-1
2068,2.666666805744e-1,6.666667014360e-2,5.333333611488e-1,2.666666805744e-1,6.666667014360e-2,5.333333611488e-1,2.666666805744e-1,6.666667014360e-2,5.333333611488e-1
2069,3.333333432674e-1,6.666667014360e-2,5.333333611488e-1,3.333333432674e-1,6.666665524244e-2,5.333333611488e-1,3.333333432674e-1,6.666667014360e-2,5.333333611488e-1
2070,4.000000059605e-1,6.666667014360e-2,5.333333611488e-1,3.999999761581e-1,6.666662544012e-2,5.333333611488e-1,4.000000059605e-1,6.666667014360e-2,5.333333611488e-1
2071,4.666666686535e-1,6.666667014360e-2,5.333333611488e-1,4.666666686535e-1,6.666665524244e-2,5.333333611488e-1,4.666666686535e-1,6.666667014360e-2,5.333333611488e-1
2072,5.333333611488e-1,6.666667014360e-2,5.333333611488e-1,5.333333611488e-1,6.666668504477e-2,5.333333611488e-1,5.333333611488e-1,6.666667014360e-2,5.333333611488e-1
2073,6.000000238419e-1,6.666667014360e-2,5.333333611488e-1,6.000000238419e-1,6.666666269302e-2,5.333333611488e-1,6.000000238419e-1,6.666667014360e-2,5.333333611488e-1
2074,6.666666865349e-1,6.666667014360e-2,5.333333611488e-1,6.666666865349e-1,6.666667014360e-2,5.333333611488e-1,6.666666865349e-1,6.666667014360e-2,5.333333611488e-1
2075,7.333333492279e-1,6.666667014360e-2,5.333333611488e-1,7.333333492279e-1,6.666665524244e-2,5.333333611488e-1,7.333333492279e-1,6.666667014360e-2,5.333333611488e-1
2076,8.000000119209e-1,6.666667014360e-2,5.333333611488e-1,8.000000119209e-1,6.666667014360e-2,5.333333611488e-1,8.000000119209e-1,6.666667014360e-2,5.333333611488e-1
2077,8.666666746140e-1,6.666667014360e-2,5.333333611488e-1,8.666666746140e-1,6.666667014360e-2,5.333333611488e-1,8.666666746140e-1,6.666667014360e-2,5.333333611488e-1
2078,9.333333373070e-1,6.666667014360e-2,5.333333611488e-1,9.333333373070e-1,6.666669249535e-2,5.333333611488e-1,9.333333373070e-1,6.666667014360e-2,5.333333611488e-1
2079,1.000000000000e0,6.666667014360e-2,5.333333611488e-1,1.000000000000e0,6.666665524244e-2,5.333333611488e-1,1.000000000000e0,6.666667014360e-2,5.333333611488e-1
2080,0.000000000000e0,1.333333402872e-1,5.333333611488e-1,9.776559117824e-9,1.333333253860e-1,5.333333611488e-1,0.000000000000e0,1.333333402872e-1,5.333333611488e-1
2081,6.666667014360e-2,1.333333402872e-1,5.333333611488e-1,6.666668504477e-2,1.333333253860e-1,5.333333611488e-1,6.666667014360e-2,1.333333402872e-1,5.333333611488e-1
2082,1.333333402872e-1,1.333333402872e-1,5.333333611488e-1,1.333333253860e-1,1.333333402872e-1,5.333333611488e-1,1.333333402872e-1,1.333333402872e-1,5.333333611488e-1
2083,2.000000029802e-1,1.333333402872e-1,5.333333611488e-1,2.000000029802e-1,1.333333551884e-1,5.333333611488e-1,2.000000029802e-1,1.333333402872e-1,5.333333611488e-1
2084,2.666666805744e-1,1.333333402872e-1,5.333333611488e-1,2.666666805744e-1,1.333333402872e-1,5.333333611488e-1,2.666666805744e-1,1.333333402872e-1,5.333333611488e-1
2085,3.333333432674e-1,1.333333402872e-1,5.333333611488e-1,3.333333432674e-1,1.333333551884e-1,5.333333611488e-1,3.333333432674e-1,1.333333402872e-1,5.333333611488e-1
2086,4.000000059605e-1,1.333333402872e-1,5.333333611488e-1,4.000000059605e-1,1.333333253860e-1,5.333333611488e-1,4.000000059605e-1,1.333333402872e-1,5.333333611488e-1
2087,4.666666686535e-1,1.333333402872e-1,5.333333611488e-1,4.666666388512e-1,1.333333253860e-1,5.333333611488e-1,4.666666686535e-1,1.333333402872e-1,5.333333611488e-1
2088,5.333333611488e-1,1.333333402872e-1,5.333333611488e-1,5.333333611488e-1,1.333333551884e-1,5.333333611488e-1,5.333333611488e-1,1.333333402872e-1,5.333333611488e-1
2089,6.000000238419e-1,1.333333402872e-1,5.333333611488e-1,6.000000238419e-1,1.333333253860e-1,5.333333611488e-1,6.000000238419e-1,1.333333402872e-1,5.333333611488e-1
2090,6.666666865349e-1,1.333333402872e-1,5.333333611488e-1,6.666666865349e-1,1.333333402872e-1,5.333333611488e-1,6.666666865349e-1,1.333333402872e-1,5.333333611488e-1
2091,7.333333492279e-1,1.333333402872e-1,5.333333611488e-1,7.333333492279e-1,1.333333849907e-1,5.333333611488e-1,7.333333492279e-1,1.333333402872e-1,5.333333611488e-1
2092,8.000000119209e-1,1.333333402872e-1,5.333333611488e-1,8.000000119209e-1,1.333333402872e-1,5.333333611488e-1,8.000000119209e-1,1.333333402872e-1,5.333333611488e-1
2093,8.666666746140e-1,1.333333402872e-1,5.333333611488e-1,8.666666746140e-1,1.333333551884e-1,5.333333611488e-1,8.666666746140e-1,1.333333402872e-1,5.333333611488e-1
2094,9.333333373070e-1,1.333333402872e-1,5.333333611488e-1,9.333332777023e-1,1.333333253860e-1,5.333333611488e-1,9.333333373070e-1,1.333333402872e-1,5.333333611488e-1
2095,1.000000000000e0,1.333333402872e-1,5.333333611488e-1,9.999999403954e-1,1.333333551884e-1,5.333333611488e-1,1.000000000000e0,1.333333402872e-1,5.333333611488e-1
2096,0.000000000000e0,2.000000029802e-1,5.333333611488e-1,2.932967646530e-8,1.999999880791e-1,5.333333611488e-1,0.000000000000e0,2.000000029802e-1,5.333333611488e-1
2097,6.666667014360e-2,2.000000029802e-1,5.333333611488e-1,6.666666269302e-2,1.999999880791e-1,5.333333611488e-1,6.666667014360e-2,2.000000029802e-1,5.333333611488e-1
2098,1.333333402872e-1,2.000000029802e-1,5.333333611488e-1,1.333333551884e-1,2.000000029802e-1,5.333333611488e-1,1.333333402872e-1,2.000000029802e-1,5.333333611488e-1
2099,2.000000029802e-1,2.000000029802e-1,5.333333611488e-1,1.999999880791e-1,1.999999880791e-1,5.333333611488e-1,2.000000029802e-1,2.000000029802e-1,5.333333611488e-1
2100,2.666666805744e-1,2.000000029802e-1,5.333333611488e-1,2.666666805744e-1,2.000000029802e-1,5.333333611488e-1,2.666666805744e-1,2.000000029802e-1,5.333333611488e-1
2101,3.333333432674e-1,2.000000029802e-1,5.333333611488e-1,3.333333432674e-1,2.000000178814e-1,5.333333611488e-1,3.333333432674e-1,2.000000029802e-1,5.333333611488e-1
2102,4.000000059605e-1,2.000000029802e-1,5.333333611488e-1,4.000000059605e-1,2.000000029802e-1,5.333333611488e-1,4.000000059605e-1,2.000000029802e-1,5.333333611488e-1
2103,4.666666686535e-1,2.000000029802e-1,5.333333611488e-1,4.666666686535e-1,2.000000029802e-1,5.333333611488e-1,4.666666686535e-1,2.000000029802e-1,5.333333611488e-1
2104,5.333333611488e-1,2.000000029802e-1,5.333333611488e-1,5.333333611488e-1,1.999999731779e-1,5.333333611488e-1,5.333333611488e-1,2.000000029802e-1,5.333333611488e-1
2105,6.000000238419e-1,2.000000029802e-1,5.333333611488e-1,6.000000238419e-1,2.000000178814e-1,5.333333611488e-1,6.000000238419e-1,2.000000029802e-1,5.333333611488e-1
2106,6.666666865349e-1,2.000000029802e-1,5.333333611488e-1,6.666666269302e-1,2.000000029802e-1,5.333333611488e-1,6.666666865349e-1,2.000000029802e-1,5.333333611488e-1
2107,7.333333492279e-1,2.000000029802e-1,5.333333611488e-1,7.333332896233e-1,2.000000178814e-1,5.333333611488e-1,7.333333492279e-1,2.000000029802e-1,5.333333611488e-1
2108,8.000000119209e-1,2.000000029802e-1,5.333333611488e-1,8.000000119209e-1,2.000000029802e-1,5.333333611488e-1,8.000000119209e-1,2.000000029802e-1,5.333333611488e-1
2109,8.666666746140e-1,2.000000029802e-1,5.333333611488e-1,8.666666150093e-1,2.000000178814e-1,5.333333611488e-1,8.666666746140e-1,2.000000029802e-1,5.333333611488e-1
2110,9.333333373070e-1,2.000000029802e-1,5.333333611488e-1,9.333333373070e-1,2.000000029802e-1,5.333333611488e-1,9.333333373070e-1,2.000000029802e-1,5.333333611488e-1
2111,1.000000000000e0,2.000000029802e-1,5.333333611488e-1,1.000000000000e0,2.000000476837e-1,5.333333611488e-1,1.000000000000e0,2.000000029802e-1,5.333333611488e-1
2112,0.000000000000e0,2.666666805744e-1,5.333333611488e-1,1.128064486267e-8,2.666666805744e-1,5.333333611488e-1,0.000000000000e0,2.666666805744e-1,5.333333611488e-1
2113,6.666667014360e-2,2.666666805744e-1,5.333333611488e-1,6.666667014360e-2,2.666666805744e-1,5.333333611488e-1,6.666667014360e-2,2.666666805744e-1,5.333333611488e-1
2114,1.333333402872e-1,2.666666805744e-1,5.333333611488e-1,1.333333551884e-1,2.666666805744e-1,5.333333611488e-1,1.333333402872e-1,2.666666805744e-1,5.333333611488e-1
2115,2.000000029802e-1,2.666666805744e-1,5.333333611488e-1,2.000000178814e-1,2.666666805744e-1,5.333333611488e-1,2.000000029802e-1,2.666666805744e-1,5.333333611488e-1
2116,2.666666805744e-1,2.666666805744e-1,5.333333611488e-1,2.666666805744e-1,2.666666507721e-1,5.333333611488e-1,2.666666805744e-1,2.666666805744e-1,5.333333611488e-1
2117,3.333333432674e-1,2.666666805744e-1,5.333333611488e-1,3.333333432674e-1,2.666666805744e-1,5.333333611488e-1,3.333333432674e-1,2.666666805744e-1,5.333333611488e-1
2118,4.000000059605e-1,2.666666805744e-1,5.333333611488e-1,4.000000357628e-1,2.666666805744e-1,5.333333611488e-1,4.000000059605e-1,2.666666805744e-1,5.333333611488e-1
2119,4.666666686535e-1,2.666666805744e-1,5.333333611488e-1,4.666666686535e-1,2.666666507721e-1,5.333333611488e-1,4.666666686535e-1,2.666666805744e-1,5.333333611488e-1
2120,5.333333611488e-1,2.666666805744e-1,5.333333611488e-1,5.333333611488e-1,2.666666507721e-1,5.333333611488e-1,5.333333611488e-1,2.666666805744e-1,5.333333611488e-1
2121,6.000000238419e-1,2.666666805744e-1,5.333333611488e-1,6.000000238419e-1,2.666667103767e-1,5.333333611488e-1,6.000000238419e-1,2.666666805744e-1,5.333333611488e-1
2122,6.666666865349e-1,2.666666805744e-1,5.333333611488e-1,6.666666865349e-1,2.666666805744e-1,5.333333611488e-1,6.666666865349e-1,2.666666805744e-1,5.333333611488e-1
2123,7.333333492279e-1,2.666666805744e-1,5.333333611488e-1,7.333333492279e-1,2.666666805744e-1,5.333333611488e-1,7.333333492279e-1,2.666666805744e-1,5.333333611488e-1
2124,8.000000119209e-1,2.666666805744e-1,5.333333611488e-1,8.000000119209e-1,2.666666805744e-1,5.333333611488e-1,8.000000119209e-1,2.666666805744e-1,5.333333611488e-1
2125,8.666666746140e-1,2.666666805744e-1,5.333333611488e-1,8.666666746140e-1,2.666666805744e-1,5.333333611488e-1,8.666666746140e-1,2.666666805744e-1,5.333333611488e-1
2126,9.333333373070e-1,2.666666805744e-1,5.333333611488e-1,9.333333373070e-1,2.666667103767e-1,5.333333611488e-1,9.333333373070e-1,2.666666805744e-1,5.333333611488e-1
2127,1.000000000000e0,2.666666805744e-1,5.333333611488e-1,1.000000000000e0,2.666666805744e-1,5.333333611488e-1,1.000000000000e0,2.666666805744e-1,5.333333611488e-1
2128,0.000000000000e0,3.333333432674e-1,5.333333611488e-1,1.000217153546e-7,3.333333432674e-1,5.333333611488e-1,0.000000000000e0,3.333333432674e-1,5.333333611488e-1
2129,6.666667014360e-2,3.333333432674e-1,5.333333611488e-1,6.666672229767e-2,3.333333432674e-1,5.333333611488e-1,6.666667014360e-2,3.333333432674e-1,5.333333611488e-1
2130,1.333333402872e-1,3.333333432674e-1,5.333333611488e-1,1.333333551884e-1,3.333333432674e-1,5.333333611488e-1,1.333333402872e-1,3.333333432674e-1,5.333333611488e-1
2131,2.000000029802e-1,3.333333432674e-1,5.333333611488e-1,2.000000029802e-1,3.333333432674e-1,5.333334207535e-1,2.000000029802e-1,3.333333432674e-1,5.333333611488e-1
2132,2.666666805744e-1,3.333333432674e-1,5.333333611488e-1,2.666667103767e-1,3.333333432674e-1,5.333333611488e-1,2.666666805744e-1,3.333333432674e-1,5.333333611488e-1
2133,3.333333432674e-1,3.333333432674e-1,5.333333611488e-1,3.333333432674e-1,3.333333432674e-1,5.333333611488e-1,3.333333432674e-1,3.333333432674e-1,5.333333611488e-1
2134,4.000000059605e-1,3.333333432674e-1,5.333333611488e-1,4.000000059605e-1,3.333333432674e-1,5.333333611488e-1,4.000000059605e-1,3.333333432674e-1,5.333333611488e-1
2135,4.666666686535e-1,3.333333432674e-1,5.333333611488e-1,4.666666984558e-1,3.333333432674e-1,5.333333611488e-1,4.666666686535e-1,3.333333432674e-1,5.333333611488e-1
2136,5.333333611488e-1,3.333333432674e-1,5.333333611488e-1,5.333333611488e-1,3.333333432674e-1,5.333333611488e-1,5.333333611488e-1,3.333333432674e-1,5.333333611488e-1
2137,6.000000238419e-1,3.333333432674e-1,5.333333611488e-1,6.000000238419e-1,3.333333432674e-1,5.333333611488e-1,6.000000238419e-1,3.333333432674e-1,5.333333611488e-1
2138,6.666666865349e-1,3.333333432674e-1,5.333333611488e-1,6.666666865349e-1,3.333333432674e-1,5.333333611488e-1,6.666666865349e-1,3.333333432674e-1,5.333333611488e-1
2139,7.333333492279e-1,3.333333432674e-1,5.333333611488e-1,7.333333492279e-1,3.333333730698e-1,5.333333611488e-1,7.333333492279e-1,3.333333432674e-1,5.333333611488e-1
2140,8.000000119209e-1,3.333333432674e-1,5.333333611488e-1,8.000000715256e-1,3.333333432674e-1,5.333333611488e-1,8.000000119209e-1,3.333333432674e-1,5.333333611488e-1
2141,8.666666746140e-1,3.333333432674e-1,5.333333611488e-1,8.666666746140e-1,3.333333432674e-1,5.333333611488e-1,8.666666746140e-1,3.333333432674e-1,5.333333611488e-1
2142,9.333333373070e-1,3.333333432674e-1,5.333333611488e-1,9.333333373070e-1,3.333333432674e-1,5.333333611488e-1,9.333333373070e-1,3.333333432674e-1,5.333333611488e-1
2143,1.000000000000e0,3.333333432674e-1,5.333333611488e-1,1.000000000000e0,3.333333432674e-1,5.333333611488e-1,1.000000000000e0,3.333333432674e-1,5.333333611488e-1
2144,0.000000000000e0,4.000000059605e-1,5.333333611488e-1,0.000000000000e0,4.000000357628e-1,5.333333611488e-1,8.965050976788e-17,4.000000059605e-1,5.333333611488e-1
2145,6.666667014360e-2,4.000000059605e-1,5.333333611488e-1,6.666669994593e-2,4.000000059605e-1,5.333333611488e-1,6.666667014360e-2,4.000000059605e-1,5.333333611488e-1
2146,1.333333402872e-1,4.000000059605e-1,5.333333611488e-1,1.333333551884e-1,4.000000059605e-1,5.333333611488e-1,1.333333402872e-1,4.000000059605e-1,5.333333611488e-1
2147,2.000000029802e-1,4.000000059605e-1,5.333333611488e-1,2.000000029802e-1,3.999999761581e-1,5.333333611488e-1,2.000000029802e-1,4.000000059605e-1,5.333333611488e-1
2148,2.666666805744e-1,4.000000059605e-1,5.333333611488e-1,2.666666805744e-1,4.000000059605e-1,5.333333015442e-1,2.666666805744e-1,4.000000059605e-1,5.333333611488e-1
2149,3.333333432674e-1,4.000000059605e-1,5.333333611488e-1,3.333333432674e-1,4.000000059605e-1,5.333333611488e-1,3.333333432674e-1,4.000000059605e-1,5.333333611488e-1
2150,4.000000059605e-1,4.000000059605e-1,5.333333611488e-1,4.000000059605e-1,4.000000059605e-1,5.333333611488e-1,4.000000059605e-1,4.000000059605e-1,5.333333611488e-1
2151,4.666666686535e-1,4.000000059605e-1,5.333333611488e-1,4.666666686535e-1,4.000000059605e-1,5.333333611488e-1,4.666666686535e-1,4.000000059605e-1,5.333333611488e-1
2152,5.333333611488e-1,4.000000059605e-1,5.333333611488e-1,5.333333611488e-1,4.000000059605e-1,5.333333611488e-1,5.333333611488e-1,4.000000059605e-1,5.333333611488e-1
2153,6.000000238419e-1,4.000000059605e-1,5.333333611488e-1,6.000000238419e-1,4.000000059605e-1,5.333333611488e-1,6.000000238419e-1,4.000000059605e-1,5.333333611488e-1
2154,6.666666865349e-1,4.000000059605e-1,5.333333611488e-1,6.666666865349e-1,3.999999761581e-1,5.333333611488e-1,6.666666865349e-1,4.000000059605e-1,5.333333611488e-1
2155,7.333333492279e-1,4.000000059605e-1,5.333333611488e-1,7.333333492279e-1,3.999999761581e-1,5.333333611488e-1,7.333333492279e-1,4.000000059605e-1,5.333333611488e-1
2156,8.000000119209e-1,4.000000059605e-1,5.333333611488e-1,8.000000119209e-1,4.000000357628e-1,5.333333611488e-1,8.000000119209e-1,4.000000059605e-1,5.333333611488e-1
2157,8.666666746140e-1,4.000000059605e-1,5.333333611488e-1,8.666666746140e-1,4.000000059605e-1,5.333333611488e-1,8.666666746140e-1,4.000000059605e-1,5.333333611488e-1
2158,9.333333373070e-1,4.000000059605e-1,5.333333611488e-1,9.333333373070e-1,3.999999761581e-1,5.333333611488e-1,9.333333373070e-1,4.000000059605e-1,5.333333611488e-1
2159,1.000000000000e0,4.000000059605e-1,5.333333611488e-1,1.000000000000e0,4.000000059605e-1,5.333333611488e-1,1.000000000000e0,4.000000059605e-1,5.333333611488e-1
2160,0.000000000000e0,4.666666686535e-1,5.333333611488e-1,0.000000000000e0,4.666666388512e-1,5.333333611488e-1,0.000000000000e0,4.666666686535e-1,5.333333611488e-1
2161,6.666667014360e-2,4.666666686535e-1,5.333333611488e-1,6.666666269302e-2,4.666666686535e-1,5.333333611488e-1,6.666667014360e-2,4.666666686535e-1,5.333333611488e-1
2162,1.333333402872e-1,4.666666686535e-1,5.333333611488e-1,1.333333402872e-1,4.666666388512e-1,5.333333611488e-1,1.333333402872e-1,4.666666686535e-1,5.333333611488e-1
2163,2.000000029802e-1,4.666666686535e-1,5.333333611488e-1,2.000000178814e-1,4.666666686535e-1,5.333333611488e-1,2.000000029802e-1,4.666666686535e-1,5.333333611488e-1
2164,2.666666805744e-1,4.666666686535e-1,5.333333611488e-1,2.666666805744e-1,4.666666388512e-1,5.333333611488e-1,2.666666805744e-1,4.666666686535e-1,5.333333611488e-1
2165,3.333333432674e-1,4.666666686535e-1,5.333333611488e-1,3.333333432674e-1,4.666666984558e-1,5.333333611488e-1,3.333333432674e-1,4.666666686535e-1,5.333333611488e-1
2166,4.000000059605e-1,4.666666686535e-1,5.333333611488e-1,4.000000059605e-1,4.666666984558e-1,5.333333611488e-1,4.000000059605e-1,4.666666686535e-1,5.333333611488e-1
2167,4.666666686535e-1,4.666666686535e-1,5.333333611488e-1,4.666666984558e-1,4.666666984558e-1,5.333333611488e-1,4.666666686535e-1,4.666666686535e-1,5.333333611488e-1
2168,5.333333611488e-1,4.666666686535e-1,5.333333611488e-1,5.333333611488e-1,4.666666388512e-1,5.333333611488e-1,5.333333611488e-1,4.666666686535e-1,5.333333611488e-1
2169,6.000000238419e-1,4.666666686535e-1,5.333333611488e-1,6.000000238419e-1,4.666666686535e-1,5.333333611488e-1,6.000000238419e-1,4.666666686535e-1,5.333333611488e-1
2170,6.666666865349e-1,4.666666686535e-1,5.333333611488e-1,6.666666865349e-1,4.666666686535e-1,5.333333611488e-1,6.666666865349e-1,4.666666686535e-1,5.333333611488e-1
2171,7.333333492279e-1,4.666666686535e-1,5.333333611488e-1,7.333332896233e-1,4.666666388512e-1,5.333333611488e-1,7.333333492279e-1,4.666666686535e-1,5.333333611488e-1
2172,8.000000119209e-1,4.666666686535e-1,5.333333611488e-1,8.000000119209e-1,4.666666686535e-1,5.333333611488e-1,8.000000119209e-1,4.666666686535e-1,5.333333611488e-1
2173,8.666666746140e-1,4.666666686535e-1,5.333333611488e-1,8.666666150093e-1,4.666666686535e-1,5.333333611488e-1,8.666666746140e-1,4.666666686535e-1,5.333333611488e-1
2174,9.333333373070e-1,4.666666686535e-1,5.333333611488e-1,9.333333373070e-1,4.666666984558e-1,5.333333611488e-1,9.333333373070e-1,4.666666686535e-1,5.333333611488e-1
2175,1.000000000000e0,4.666666686535e-1,5.333333611488e-1,1.000000000000e0,4.666666686535e-1,5.333333611488e-1,1.000000000000e0,4.666666686535e-1,5.333333611488e-1
2176,0.000000000000e0,5.333333611488e-1,5.333333611488e-1,4.813075094035e-8,5.333333611488e-1,5.333333611488e-1,5.603156695056e-17,5.333333611488e-1,5.333333611488e-1
2177,6.666667014360e-2,5.333333611488e-1,5.333333611488e-1,6.666658818722e-2,5.333333611488e-1,5.333333611488e-1,6.666667014360e-2,5.333333611488e-1,5.333333611488e-1
2178,1.333333402872e-1,5.333333611488e-1,5.333333611488e-1,1.333333551884e-1,5.333333611488e-1,5.333333611488e-1,1.333333402872e-1,5.333333611488e-1,5.333333611488e-1
2179,2.000000029802e-1,5.333333611488e-1,5.333333611488e-1,2.000000327826e-1,5.333333611488e-1,5.333333611488e-1,2.000000029802e-1,5.333333611488e-1,5.333333611488e-1
2180,2.666666805744e-1,5.333333611488e-1,5.333333611488e-1,2.666666805744e-1,5.333333611488e-1,5.333333611488e-1,2.666666805744e-1,5.333333611488e-1,5.333333611488e-1
2181,3.333333432674e-1,5.333333611488e-1,5.333333611488e-1,3.333333432674e-1,5.333333611488e-1,5.333333611488e-1,3.333333432674e-1,5.333333611488e-1,5.333333611488e-1
2182,4.000000059605e-1,5.333333611488e-1,5.333333611488e-1,3.999999761581e-1,5.333333611488e-1,5.333333611488e-1,4.000000059605e-1,5.333333611488e-1,5.333333611488e-1
2183,4.666666686535e-1,5.333333611488e-1,5.333333611488e-1,4.666666686535e-1,5.333333611488e-1,5.333333611488e-1,4.666666686535e-1,5.333333611488e-1,5.333333611488e-1
2184,5.333333611488e-1,5.333333611488e-1,5.333333611488e-1,5.333333611488e-1,5.333333611488e-1,5.333333611488e-1,5.333333611488e-1,5.333333611488e-1,5.333333611488e-1
2185,6.000000238419e-1,5.333333611488e-1,5.333333611488e-1,6.000000238419e-1,5.333333611488e-1,5.333333611488e-1,6.000000238419e-1,5.333333611488e-1,5.333333611488e-1
2186,6.666666865349e-1,5.333333611488e-1,5.333333611488e-1,6.666666865349e-1,5.333333611488e-1,5.333333611488e-1,6.666666865349e-1,5.333333611488e-1,5.333333611488e-1
2187,7.333333492279e-1,5.333333611488e-1,5.333333611488e-1,7.333333492279e-1,5.333333611488e-1,5.333333611488e-1,7.333333492279e-1,5.333333611488e-1,5.333333611488e-1
2188,8.000000119209e-1,5.333333611488e-1,5.333333611488e-1,8.000000119209e-1,5.333333611488e-1,5.333333611488e-1,8.000000119209e-1,5.333333611488e-1,5.333333611488e-1
2189,8.666666746140e-1,5.333333611488e-1,5.333333611488e-1,8.666666746140e-1,5.333333611488e-1,5.333333611488e-1,8.666666746140e-1,5.333333611488e-1,5.333333611488e-1
2190,9.333333373070e-1,5.333333611488e-1,5.333333611488e-1,9.333333969116e-1,5.333333611488e-1,5.333333611488e-1,9.333333373070e-1,5.333333611488e-1,5.333333611488e-1
2191,1.000000000000e0,5.333333611488e-1,5.333333611488e-1,1.000000000000e0,5.333333611488e-1,5.333333611488e-1,1.000000000000e0,5.333333611488e-1,5.333333611488e-1
2192,0.000000000000e0,6.000000238419e-1,5.333333611488e-1,1.428881635235e-8,6.000000238419e-1,5.333333611488e-1,0.000000000000e0,6.000000238419e-1,5.333333611488e-1
2193,6.666667014360e-2,6.000000238419e-1,5.333333611488e-1,6.666667759418e-2,6.000000238419e-1,5.333333611488e-1,6.666667014360e-2,6.000000238419e-1,5.333333611488e-1
2194,1.333333402872e-1,6.000000238419e-1,5.333333611488e-1,1.333333104849e-1,6.000000238419e-1,5.333333611488e-1,1.333333402872e-1,6.000000238419e-1,5.333333611488e-1
2195,2.000000029802e-1,6.000000238419e-1,5.333333611488e-1,2.000000178814e-1,6.000000238419e-1,5.333333611488e-1,2.000000029802e-1,6.000000238419e-1,5.333333611488e-1
2196,2.666666805744e-1,6.000000238419e-1,5.333333611488e-1,2.666666805744e-1,6.000000834465e-1,5.333333611488e-1,2.666666805744e-1,6.000000238419e-1,5.333333611488e-1
2197,3.333333432674e-1,6.000000238419e-1,5.333333611488e-1,3.333333432674e-1,6.000000238419e-1,5.333333611488e-1,3.333333432674e-1,6.000000238419e-1,5.333333611488e-1
2198,4.000000059605e-1,6.000000238419e-1,5.333333611488e-1,4.000000059605e-1,6.000000238419e-1,5.333333611488e-1,4.000000059605e-1,6.000000238419e-1,5.333333611488e-1
2199,4.666666686535e-1,6.000000238419e-1,5.333333611488e-1,4.666666686535e-1,6.000000238419e-1,5.333333611488e-1,4.666666686535e-1,6.000000238419e-1,5.333333611488e-1
2200,5.333333611488e-1,6.000000238419e-1,5.333333611488e-1,5.333333611488e-1,6.000000238419e-1,5.333333611488e-1,5.333333611488e-1,6.000000238419e-1,5.333333611488e-1
2201,6.000000238419e-1,6.000000238419e-1,5.333333611488e-1,6.000000238419e-1,6.000000238419e-1,5.333333611488e-1,6.000000238419e-1,6.000000238419e-1,5.333333611488e-1
2202,6.666666865349e-1,6.000000238419e-1,5.333333611488e-1,6.666666865349e-1,6.000000238419e-1,5.333333611488e-1,6.666666865349e-1,6.000000238419e-1,5.333333611488e-1
2203,7.333333492279e-1,6.000000238419e-1,5.333333611488e-1,7.333332896233e-1,6.000000238419e-1,5.333333611488e-1,7.333333492279e-1,6.000000238419e-1,5.333333611488e-1
2204,8.000000119209e-1,6.000000238419e-1,5.333333611488e-1,8.000000119209e-1,6.000000238419e-1,5.333333611488e-1,8.000000119209e-1,6.000000238419e-1,5.333333611488e-1
2205,8.666666746140e-1,6.000000238419e-1,5.333333611488e-1,8.666667342186e-1,6.000000834465e-1,5.333333611488e-1,8.666666746140e-1,6.000000238419e-1,5.333333611488e-1
2206,9.333333373070e-1,6.000000238419e-1,5.333333611488e-1,9.333333373070e-1,6.000000238419e-1,5.333333611488e-1,9.333333373070e-1,6.000000238419e-1,5.333333611488e-1
2207,1.000000000000e0,6.000000238419e-1,5.333333611488e-1,1.000000000000e0,6.000000238419e-1,5.333333611488e-1,1.000000000000e0,6.000000238419e-1,5.333333611488e-1
2208,0.000000000000e0,6.666666865349e-1,5.333333611488e-1,4.437053746642e-8,6.666666865349e-1,5.333333611488e-1,0.000000000000e0,6.666666865349e-1,5.333333611488e-1
2209,6.666667014360e-2,6.666666865349e-1,5.333333611488e-1,6.666663289070e-2,6.666666269302e-1,5.333333611488e-1,6.666667014360e-2,6.666666865349e-1,5.333333611488e-1
2210,1.333333402872e-1,6.666666865349e-1,5.333333611488e-1,1.333333700895e-1,6.666666865349e-1,5.333333611488e-1,1.333333402872e-1,6.666666865349e-1,5.333333611488e-1
2211,2.000000029802e-1,6.666666865349e-1,5.333333611488e-1,2.000000029802e-1,6.666666865349e-1,5.333333611488e-1,2.000000029802e-1,6.666666865349e-1,5.333333611488e-1
2212,2.666666805744e-1,6.666666865349e-1,5.333333611488e-1,2.666667103767e-1,6.666666865349e-1,5.333333611488e-1,2.666666805744e-1,6.666666865349e-1,5.333333611488e-1
2213,3.333333432674e-1,6.666666865349e-1,5.333333611488e-1,3.333333134651e-1,6.666666865349e-1,5.333333611488e-1,3.333333432674e-1,6.666666865349e-1,5.333333611488e-1
2214,4.000000059605e-1,6.666666865349e-1,5.333333611488e-1,4.000000059605e-1,6.666666865349e-1,5.333333611488e-1,4.000000059605e-1,6.666666865349e-1,5.333333611488e-1
2215,4.666666686535e-1,6.666666865349e-1,5.333333611488e-1,4.666666686535e-1,6.666666865349e-1,5.333333611488e-1,4.666666686535e-1,6.666666865349e-1,5.333333611488e-1
2216,5.333333611488e-1,6.666666865349e-1,5.333333611488e-1,5.333333611488e-1,6.666666865349e-1,5.333333611488e-1,5.333333611488e-1,6.666666865349e-1,5.333333611488e-1
2217,6.000000238419e-1,6.666666865349e-1,5.333333611488e-1,6.000000238419e-1,6.666666865349e-1,5.333333611488e-1,6.000000238419e-1,6.666666865349e-1,5.333333611488e-1
2218,6.666666865349e-1,6.666666865349e-1,5.333333611488e-1,6.666666865349e-1,6.666666865349e-1,5.333333611488e-1,6.666666865349e-1,6.666666865349e-1,5.333333611488e-1
2219,7.333333492279e-1,6.666666865349e-1,5.333333611488e-1,7.333333492279e-1,6.666666865349e-1,5.333333611488e-1,7.333333492279e-1,6.666666865349e-1,5.333333611488e-1
2220,8.000000119209e-1,6.666666865349e-1,5.333333611488e-1,8.000000715256e-1,6.666666865349e-1,5.333333611488e-1,8.000000119209e-1,6.666666865349e-1,5.333333611488e-1
2221,8.666666746140e-1,6.666666865349e-1,5.333333611488e-1,8.666666746140e-1,6.666666865349e-1,5.333333611488e-1,8.666666746140e-1,6.666666865349e-1,5.333333611488e-1
2222,9.333333373070e-1,6.666666865349e-1,5.333333611488e-1,9.333333373070e-1,6.666666865349e-1,5.333333611488e-1,9.333333373070e-1,6.666666865349e-1,5.333333611488e-1
2223,1.000000000000e0,6.666666865349e-1,5.333333611488e-1,1.000000000000e0,6.666666865349e-1,5.333333611488e-1,1.000000000000e0,6.666666865349e-1,5.333333611488e-1
2224,0.000000000000e0,7.333333492279e-1,5.333333611488e-1,0.000000000000e0,7.333333492279e-1,5.333333611488e-1,0.000000000000e0,7.333333492279e-1,5.333333611488e-1
2225,6.666667014360e-2,7.333333492279e-1,5.333333611488e-1,6.666661798954e-2,7.333333492279e-1,5.333333611488e-1,6.666667014360e-2,7.333333492279e-1,5.333333611488e-1
2226,1.333333402872e-1,7.333333492279e-1,5.333333611488e-1,1.333333253860e-1,7.333333492279e-1,5.333333611488e-1,1.333333402872e-1,7.333333492279e-1,5.333333611488e-1
2227,2.000000029802e-1,7.333333492279e-1,5.333333611488e-1,2.000000029802e-1,7.333333492279e-1,5.333333611488e-1,2.000000029802e-1,7.333333492279e-1,5.333333611488e-1
2228,2.666666805744e-1,7.333333492279e-1,5.333333611488e-1,2.666666805744e-1,7.333334088326e-1,5.333333611488e-1,2.666666805744e-1,7.333333492279e-1,5.333333611488e-1
2229,3.333333432674e-1,7.333333492279e-1,5.333333611488e-1,3.333333432674e-1,7.333333492279e-1,5.333333611488e-1,3.333333432674e-1,7.333333492279e-1,5.333333611488e-1
2230,4.000000059605e-1,7.333333492279e-1,5.333333611488e-1,3.999999761581e-1,7.333333492279e-1,5.333333015442e-1,4.000000059605e-1,7.333333492279e-1,5.333333611488e-1
2231,4.666666686535e-1,7.333333492279e-1,5.333333611488e-1,4.666666984558e-1,7.333333492279e-1,5.333333611488e-1,4.666666686535e-1,7.333333492279e-1,5.333333611488e-1
2232,5.333333611488e-1,7.333333492279e-1,5.333333611488e-1,5.333333611488e-1,7.333333492279e-1,5.333333611488e-1,5.333333611488e-1,7.333333492279e-1,5.333333611488e-1
2233,6.000000238419e-1,7.333333492279e-1,5.333333611488e-1,6.000000238419e-1,7.333333492279e-1,5.333333611488e-1,6.000000238419e-1,7.333333492279e-1,5.333333611488e-1
2234,6.666666865349e-1,7.333333492279e-1,5.333333611488e-1,6.666666865349e-1,7.333332896233e-1,5.333333611488e-1,6.666666865349e-1,7.333333492279e-1,5.333333611488e-1
2235,7.333333492279e-1,7.333333492279e-1,5.333333611488e-1,7.333333492279e-1,7.333333492279e-1,5.333333611488e-1,7.333333492279e-1,7.333333492279e-1,5.333333611488e-1
2236,8.000000119209e-1,7.333333492279e-1,5.333333611488e-1,8.000000715256e-1,7.333333492279e-1,5.333333611488e-1,8.000000119209e-1,7.333333492279e-1,5.333333611488e-1
2237,8.666666746140e-1,7.333333492279e-1,5.333333611488e-1,8.666666746140e-1,7.333333492279e-1,5.333333611488e-1,8.666666746140e-1,7.333333492279e-1,5.333333611488e-1
2238,9.333333373070e-1,7.333333492279e-1,5.333333611488e-1,9.333333373070e-1,7.333333492279e-1,5.333333611488e-1,9.333333373070e-1,7.333333492279e-1,5.333333611488e-1
2239,1.000000000000e0,7.333333492279e-1,5.333333611488e-1,1.000000000000e0,7.333333492279e-1,5.333333611488e-1,1.000000000000e0,7.333333492279e-1,5.333333611488e-1
2240,0.000000000000e0,8.000000119209e-1,5.333333611488e-1,1.474004278634e-7,8.000000119209e-1,5.333333611488e-1,0.000000000000e0,8.000000119209e-1,5.333333611488e-1
2241,6.666667014360e-2,8.000000119209e-1,5.333333611488e-1,6.666667759418e-2,8.000000715256e-1,5.333333611488e-1,6.666667014360e-2,8.000000119209e-1,5.333333611488e-1
2242,1.333333402872e-1,8.000000119209e-1,5.333333611488e-1,1.333333700895e-1,8.000000119209e-1,5.333333611488e-1,1.333333402872e-1,8.000000119209e-1,5.333333611488e-1
2243,2.000000029802e-1,8.000000119209e-1,5.333333611488e-1,2.000000178814e-1,8.000000119209e-1,5.333333015442e-1,2.000000029802e-1,8.000000119209e-1,5.333333611488e-1
2244,2.666666805744e-1,8.000000119209e-1,5.333333611488e-1,2.666667103767e-1,7.999999523163e-1,5.333333611488e-1,2.666666805744e-1,8.000000119209e-1,5.333333611488e-1
2245,3.333333432674e-1,8.000000119209e-1,5.333333611488e-1,3.333334028721e-1,8.000000119209e-1,5.333333611488e-1,3.333333432674e-1,8.000000119209e-1,5.333333611488e-1
2246,4.000000059605e-1,8.000000119209e-1,5.333333611488e-1,3.999999761581e-1,8.000000119209e-1,5.333333611488e-1,4.000000059605e-1,8.000000119209e-1,5.333333611488e-1
2247,4.666666686535e-1,8.000000119209e-1,5.333333611488e-1,4.666666686535e-1,8.000000119209e-1,5.333333611488e-1,4.666666686535e-1,8.000000119209e-1,5.333333611488e-1
2248,5.333333611488e-1,8.000000119209e-1,5.333333611488e-1,5.333333611488e-1,8.000000119209e-1,5.333333611488e-1,5.333333611488e-1,8.000000119209e-1,5.333333611488e-1
2249,6.000000238419e-1,8.000000119209e-1,5.333333611488e-1,6.000000238419e-1,8.000000119209e-1,5.333333611488e-1,6.000000238419e-1,8.000000119209e-1,5.333333611488e-1
2250,6.666666865349e-1,8.000000119209e-1,5.333333611488e-1,6.666666865349e-1,8.000000119209e-1,5.333333611488e-1,6.666666865349e-1,8.000000119209e-1,5.333333611488e-1
2251,7.333333492279e-1,8.000000119209e-1,5.333333611488e-1,7.333333492279e-1,8.000000119209e-1,5.333333611488e-1,7.333333492279e-1,8.000000119209e-1,5.333333611488e-1
2252,8.000000119209e-1,8.000000119209e-1,5.333333611488e-1,7.999999523163e-1,8.000000119209e-1,5.333333611488e-1,8.000000119209e-1,8.000000119209e-1,5.333333611488e-1
2253,8.666666746140e-1,8.000000119209e-1,5.333333611488e-1,8.666666746140e-1,8.000000119209e-1,5.333333611488e-1,8.666666746140e-1,8.000000119209e-1,5.333333611488e-1
2254,9.333333373070e-1,8.000000119209e-1,5.333333611488e-1,9.333333373070e-1,8.000000119209e-1,5.333333611488e-1,9.333333373070e-1,8.000000119209e-1,5.333333611488e-1
2255,1.000000000000e0,8.000000119209e-1,5.333333611488e-1,1.000000000000e0,8.000000119209e-1,5.333333611488e-1,1.000000000000e0,8.000000119209e-1,5.333333611488e-1
2256,0.000000000000e0,8.666666746140e-1,5.333333611488e-1,0.000000000000e0,8.666666746140e-1,5.333333611488e-1,0.000000000000e0,8.666666746140e-1,5.333333611488e-1
2257,6.666667014360e-2,8.666666746140e-1,5.333333611488e-1,6.666668504477e-2,8.666667342186e-1,5.333333611488e-1,6.666667014360e-2,8.666666746140e-1,5.333333611488e-1
2258,1.333333402872e-1,8.666666746140e-1,5.333333611488e-1,1.333333700895e-1,8.666666746140e-1,5.333333611488e-1,1.333333402872e-1,8.666666746140e-1,5.333333611488e-1
2259,2.000000029802e-1,8.666666746140e-1,5.333333611488e-1,2.000000625849e-1,8.666666746140e-1,5.333333611488e-1,2.000000029802e-1,8.666666746140e-1,5.333333611488e-1
2260,2.666666805744e-1,8.666666746140e-1,5.333333611488e-1,2.666666805744e-1,8.666666746140e-1,5.333333611488e-1,2.666666805744e-1,8.666666746140e-1,5.333333611488e-1
2261,3.333333432674e-1,8.666666746140e-1,5.333333611488e-1,3.333333432674e-1,8.666667342186e-1,5.333333611488e-1,3.333333432674e-1,8.666666746140e-1,5.333333611488e-1
2262,4.000000059605e-1,8.666666746140e-1,5.333333611488e-1,4.000000357628e-1,8.666666746140e-1,5.333333611488e-1,4.000000059605e-1,8.666666746140e-1,5.333333611488e-1
2263,4.666666686535e-1,8.666666746140e-1,5.333333611488e-1,4.666666686535e-1,8.666666746140e-1,5.333333611488e-1,4.666666686535e-1,8.666666746140e-1,5.333333611488e-1
2264,5.333333611488e-1,8.666666746140e-1,5.333333611488e-1,5.333333611488e-1,8.666666746140e-1,5.333333611488e-1,5.333333611488e-1,8.666666746140e-1,5.333333611488e-1
2265,6.000000238419e-1,8.666666746140e-1,5.333333611488e-1,5.999999642372e-1,8.666666746140e-1,5.333333611488e-1,6.000000238419e-1,8.666666746140e-1,5.333333611488e-1
2266,6.666666865349e-1,8.666666746140e-1,5.333333611488e-1,6.666666865349e-1,8.666666746140e-1,5.333333611488e-1,6.666666865349e-1,8.666666746140e-1,5.333333611488e-1
2267,7.333333492279e-1,8.666666746140e-1,5.333333611488e-1,7.333333492279e-1,8.666666746140e-1,5.333334207535e-1,7.333333492279e-1,8.666666746140e-1,5.333333611488e-1
2268,8.000000119209e-1,8.666666746140e-1,5.333333611488e-1,8.000000119209e-1,8.666666150093e-1,5.333333611488e-1,8.000000119209e-1,8.666666746140e-1,5.333333611488e-1
2269,8.666666746140e-1,8.666666746140e-1,5.333333611488e-1,8.666666746140e-1,8.666667342186e-1,5.333333611488e-1,8.666666746140e-1,8.666666746140e-1,5.333333611488e-1
2270,9.333333373070e-1,8.666666746140e-1,5.333333611488e-1,9.333333373070e-1,8.666666150093e-1,5.333333611488e-1,9.333333373070e-1,8.666666746140e-1,5.333333611488e-1
2271,1.000000000000e0,8.666666746140e-1,5.333333611488e-1,1.000000000000e0,8.666666746140e-1,5.333333611488e-1,1.000000000000e0,8.666666746140e-1,5.333333611488e-1
2272,0.000000000000e0,9.333333373070e-1,5.333333611488e-1,3.367272540800e-7,9.333333373070e-1,5.333333611488e-1,3.656059956937e-16,9.333333373070e-1,5.333333611488e-1
2273,6.666667014360e-2,9.333333373070e-1,5.333333611488e-1,6.666688621044e-2,9.333333373070e-1,5.333333611488e-1,6.666667014360e-2,9.333333373070e-1,5.333333611488e-1
2274,1.333333402872e-1,9.333333373070e-1,5.333333611488e-1,1.333332806826e-1,9.333333373070e-1,5.333333611488e-1,1.333333402872e-1,9.333333373070e-1,5.333333611488e-1
2275,2.000000029802e-1,9.333333373070e-1,5.333333611488e-1,2.000000178814e-1,9.333333373070e-1,5.333333611488e-1,2.000000029802e-1,9.333333373070e-1,5.333333611488e-1
2276,2.666666805744e-1,9.333333373070e-1,5.333333611488e-1,2.666666805744e-1,9.333333373070e-1,5.333333611488e-1,2.666666805744e-1,9.333333373070e-1,5.333333611488e-1
2277,3.333333432674e-1,9.333333373070e-1,5.333333611488e-1,3.333332836628e-1,9.333333373070e-1,5.333333611488e-1,3.333333432674e-1,9.333333373070e-1,5.333333611488e-1
2278,4.000000059605e-1,9.333333373070e-1,5.333333611488e-1,4.000000357628e-1,9.333333373070e-1,5.333333611488e-1,4.000000059605e-1,9.333333373070e-1,5.333333611488e-1
2279,4.666666686535e-1,9.333333373070e-1,5.333333611488e-1,4.666666388512e-1,9.333333373070e-1,5.333333611488e-1,4.666666686535e-1,9.333333373070e-1,5.333333611488e-1
2280,5.333333611488e-1,9.333333373070e-1,5.333333611488e-1,5.333333611488e-1,9.333333373070e-1,5.333333611488e-1,5.333333611488e-1,9.333333373070e-1,5.333333611488e-1
2281,6.000000238419e-1,9.333333373070e-1,5.333333611488e-1,6.000000238419e-1,9.333333373070e-1,5.333333611488e-1,6.000000238419e-1,9.333333373070e-1,5.333333611488e-1
2282,6.666666865349e-1,9.333333373070e-1,5.333333611488e-1,6.666666865349e-1,9.333333373070e-1,5.333333611488e-1,6.666666865349e-1,9.333333373070e-1,5.333333611488e-1
2283,7.333333492279e-1,9.333333373070e-1,5.333333611488e-1,7.333332896233e-1,9.333333373070e-1,5.333333611488e-1,7.333333492279e-1,9.333333373070e-1,5.333333611488e-1
2284,8.000000119209e-1,9.333333373070e-1,5.333333611488e-1,8.000000119209e-1,9.333333373070e-1,5.333333611488e-1,8.000000119209e-1,9.333333373070e-1,5.333333611488e-1
2285,8.666666746140e-1,9.333333373070e-1,5.333333611488e-1,8.666666150093e-1,9.333333373070e-1,5.333333611488e-1,8.666666746140e-1,9.333333373070e-1,5.333333611488e-1
2286,9.333333373070e-1,9.333333373070e-1,5.333333611488e-1,9.333333373070e-1,9.333333373070e-1,5.333333611488e-1,9.333333373070e-1,9.333333373070e-1,5.333333611488e-1
2287,1.000000000000e0,9.333333373070e-1,5.333333611488e-1,1.000000000000e0,9.333333373070e-1,5.333333611488e-1,1.000000000000e0,9.333333373070e-1,5.333333611488e-1
2288,0.000000000000e0,1.000000000000e0,5.333333611488e-1,0.000000000000e0,1.000000000000e0,5.333333611488e-1,0.000000000000e0,1.000000000000e0,5.333333611488e-1
2289,6.666667014360e-2,1.000000000000e0,5.333333611488e-1,6.666664779186e-2,1.000000000000e0,5.333333611488e-1,6.666667014360e-2,1.000000000000e0,5.333333611488e-1
2290,1.333333402872e-1,1.000000000000e0,5.333333611488e-1,1.333334296942e-1,1.000000000000e0,5.333333611488e-1,1.333333402872e-1,1.000000000000e0,5.333333611488e-1
2291,2.000000029802e-1,1.000000000000e0,5.333333611488e-1,1.999999731779e-1,9.999999403954e-1,5.333333611488e-1,2.000000029802e-1,1.000000000000e0,5.333333611488e-1
2292,2.666666805744e-1,1.000000000000e0,5.333333611488e-1,2.666667401791e-1,1.000000000000e0,5.333333611488e-1,2.666666805744e-1,1.000000000000e0,5.333333611488e-1
2293,3.333333432674e-1,1.000000000000e0,5.333333611488e-1,3.333333432674e-1,1.000000000000e0,5.333333611488e-1,3.333333432674e-1,1.000000000000e0,5.333333611488e-1
2294,4.000000059605e-1,1.000000000000e0,5.333333611488e-1,4.000000059605e-1,1.000000000000e0,5.333333611488e-1,4.000000059605e-1,1.000000000000e0,5.333333611488e-1
2295,4.666666686535e-1,1.000000000000e0,5.333333611488e-1,4.666666388512e-1,1.000000000000e0,5.333333611488e-1,4.666666686535e-1,1.000000000000e0,5.333333611488e-1
2296,5.333333611488e-1,1.000000000000e0,5.333333611488e-1,5.333333611488e-1,1.000000000000e0,5.333333611488e-1,5.333333611488e-1,1.000000000000e0,5.333333611488e-1
2297,6.000000238419e-1,1.000000000000e0,5.333333611488e-1,6.000000238419e-1,9.999999403954e-1,5.333333611488e-1,6.000000238419e-1,1.000000000000e0,5.333333611488e-1
2298,6.666666865349e-1,1.000000000000e0,5.333333611488e-1,6.666666865349e-1,1.000000000000e0,5.333333611488e-1,6.666666865349e-1,1.000000000000e0,5.333333611488e-1
2299,7.333333492279e-1,1.000000000000e0,5.333333611488e-1,7.333333492279e-1,1.000000000000e0,5.333333611488e-1,7.333333492279e-1,1.000000000000e0,5.333333611488e-1
2300,8.000000119209e-1,1.000000000000e0,5.333333611488e-1,8.000000119209e-1,1.000000000000e0,5.333333611488e-1,8.000000119209e-1,1.000000000000e0,5.333333611488e-1
2301,8.666666746140e-1,1.000000000000e0,5.333333611488e-1,8.666665554047e-1,1.000000000000e0,5.333333611488e-1,8.666666746140e-1,1.000000000000e0,5.333333611488e-1
2302,9.333333373070e-1,1.000000000000e0,5.333333611488e-1,9.333333373070e-1,1.000000000000e0,5.333333611488e-1,9.333333373070e-1,1.000000000000e0,5.333333611488e-1
2303,1.000000000000e0,1.000000000000e0,5.333333611488e-1,1.000000000000e0,1.000000000000e0,5.333333611488e-1,1.000000000000e0,1.000000000000e0,5.333333611488e-1
2304,0.000000000000e0,0.000000000000e0,6.000000238419e-1,6.617977277301e-8,0.000000000000e0,6.000000238419e-1,0.000000000000e0,8.965050976788e-17,6.000000238419e-1
2305,6.666667014360e-2,0.000000000000e0,6.000000238419e-1,6.666668504477e-2,7.520429834429e-10,6.000000238419e-1,6.666667014360e-2,0.000000000000e0,6.000000238419e-1
2306,1.333333402872e-1,0.000000000000e0,6.000000238419e-1,1.333333402872e-1,0.000000000000e0,5.999999642372e-1,1.333333402872e-1,0.000000000000e0,6.000000238419e-1
2307,2.000000029802e-1,0.000000000000e0,6.000000238419e-1,2.000000029802e-1,0.000000000000e0,6.000000238419e-1,2.000000029802e-1,4.482525488394e-17,6.000000238419e-1
2308,2.666666805744e-1,0.000000000000e0,6.000000238419e-1,2.666666805744e-1,6.016343867543e-9,6.000000238419e-1,2.666666805744e-1,6.163472298387e-17,6.000000238419e-1
2309,3.333333432674e-1,0.000000000000e0,6.000000238419e-1,3.333333432674e-1,0.000000000000e0,6.000000238419e-1,3.333333432674e-1,2.381341645030e-17,6.000000238419e-1
2310,4.000000059605e-1,0.000000000000e0,6.000000238419e-1,3.999999761581e-1,9.024515357225e-9,6.000000238419e-1,4.000000059605e-1,1.120631372098e-17,6.000000238419e-1
2311,4.666666686535e-1,0.000000000000e0,6.000000238419e-1,4.666666686535e-1,4.512257678613e-9,6.000000238419e-1,4.666666686535e-1,0.000000000000e0,6.000000238419e-1
2312,5.333333611488e-1,0.000000000000e0,6.000000238419e-1,5.333333611488e-1,0.000000000000e0,6.000000238419e-1,5.333333611488e-1,2.801578430246e-18,6.000000238419e-1
2313,6.000000238419e-1,0.000000000000e0,6.000000238419e-1,6.000000238419e-1,0.000000000000e0,6.000000238419e-1,6.000000238419e-1,0.000000000000e0,6.000000238419e-1
2314,6.666666865349e-1,0.000000000000e0,6.000000238419e-1,6.666666865349e-1,1.504085922477e-8,6.000000238419e-1,6.666666865349e-1,0.000000000000e0,6.000000238419e-1
2315,7.333333492279e-1,0.000000000000e0,6.000000238419e-1,7.333333492279e-1,2.406537547017e-8,6.000000238419e-1,7.333333492279e-1,0.000000000000e0,6.000000238419e-1
2316,8.000000119209e-1,0.000000000000e0,6.000000238419e-1,8.000000119209e-1,0.000000000000e0,6.000000238419e-1,8.000000119209e-1,0.000000000000e0,6.000000238419e-1
2317,8.666666746140e-1,0.000000000000e0,6.000000238419e-1,8.666666746140e-1,0.000000000000e0,6.000000238419e-1,8.666666746140e-1,4.482525488394e-17,6.000000238419e-1
2318,9.333333373070e-1,0.000000000000e0,6.000000238419e-1,9.333333373070e-1,1.541688021689e-8,6.000000238419e-1,9.333333373070e-1,0.000000000000e0,6.000000238419e-1
2319,1.000000000000e0,0.000000000000e0,6.000000238419e-1,1.000000000000e0,3.760214917214e-10,6.000000238419e-1,1.000000000000e0,1.434408156286e-15,6.000000238419e-1
2320,0.000000000000e0,6.666667014360e-2,6.000000238419e-1,0.000000000000e0,6.666669249535e-2,6.000000238419e-1,1.120631372098e-17,6.666667014360e-2,6.000000238419e-1
2321,6.666667014360e-2,6.666667014360e-2,6.000000238419e-1,6.666666269302e-2,6.666668504477e-2,6.000000238419e-1,6.666667014360e-2,6.666667014360e-2,6.000000238419e-1
2322,1.333333402872e-1,6.666667014360e-2,6.000000238419e-1,1.333333402872e-1,6.666668504477e-2,6.000000238419e-1,1.333333402872e-1,6.666667014360e-2,6.000000238419e-1
2323,2.000000029802e-1,6.666667014360e-2,6.000000238419e-1,2.000000029802e-1,6.666667014360e-2,6.000000238419e-1,2.000000029802e-1,6.666667014360e-2,6.000000238419e-1
2324,2.666666805744e-1,6.666667014360e-2,6.000000238419e-1,2.666666805744e-1,6.666666269302e-2,6.000000238419e-1,2.666666805744e-1,6.666667014360e-2,6.000000238419e-1
2325,3.333333432674e-1,6.666667014360e-2,6.000000238419e-1,3.333333432674e-1,6.666667014360e-2,6.000000238419e-1,3.333333432674e-1,6.666667014360e-2,6.000000238419e-1
2326,4.000000059605e-1,6.666667014360e-2,6.000000238419e-1,4.000000059605e-1,6.666666269302e-2,6.000000238419e-1,4.000000059605e-1,6.666667014360e-2,6.000000238419e-1
2327,4.666666686535e-1,6.666667014360e-2,6.000000238419e-1,4.666666686535e-1,6.666669249535e-2,6.000000238419e-1,4.666666686535e-1,6.666667014360e-2,6.000000238419e-1
2328,5.333333611488e-1,6.666667014360e-2,6.000000238419e-1,5.333333611488e-1,6.666664779186e-2,6.000000238419e-1,5.333333611488e-1,6.666667014360e-2,6.000000238419e-1
2329,6.000000238419e-1,6.666667014360e-2,6.000000238419e-1,6.000000238419e-1,6.666666269302e-2,6.000000238419e-1,6.000000238419e-1,6.666667014360e-2,6.000000238419e-1
2330,6.666666865349e-1,6.666667014360e-2,6.000000238419e-1,6.666666865349e-1,6.666667014360e-2,6.000000238419e-1,6.666666865349e-1,6.666667014360e-2,6.000000238419e-1
2331,7.333333492279e-1,6.666667014360e-2,6.000000238419e-1,7.333333492279e-1,6.666669994593e-2,6.000000238419e-1,7.333333492279e-1,6.666667014360e-2,6.000000238419e-1
2332,8.000000119209e-1,6.666667014360e-2,6.000000238419e-1,8.000000119209e-1,6.666669994593e-2,6.000000238419e-1,8.000000119209e-1,6.666667014360e-2,6.000000238419e-1
2333,8.666666746140e-1,6.666667014360e-2,6.000000238419e-1,8.666666746140e-1,6.666666269302e-2,6.000000238419e-1,8.666666746140e-1,6.666667014360e-2,6.000000238419e-1
2334,9.333333373070e-1,6.666667014360e-2,6.000000238419e-1,9.333333373070e-1,6.666667759418e-2,6.000000238419e-1,9.333333373070e-1,6.666667014360e-2,6.000000238419e-1
2335,1.000000000000e0,6.666667014360e-2,6.000000238419e-1,1.000000000000e0,6.666669249535e-2,6.000000238419e-1,1.000000000000e0,6.666667014360e-2,6.000000238419e-1
2336,0.000000000000e0,1.333333402872e-1,6.000000238419e-1,0.000000000000e0,1.333333402872e-1,6.000000238419e-1,4.482525488394e-17,1.333333402872e-1,6.000000238419e-1
2337,6.666667014360e-2,1.333333402872e-1,6.000000238419e-1,6.666668504477e-2,1.333333551884e-1,6.000000238419e-1,6.666667014360e-2,1.333333402872e-1,6.000000238419e-1
2338,1.333333402872e-1,1.333333402872e-1,6.000000238419e-1,1.333333551884e-1,1.333333402872e-1,6.000000238419e-1,1.333333402872e-1,1.333333402872e-1,6.000000238419e-1
2339,2.000000029802e-1,1.333333402872e-1,6.000000238419e-1,2.000000327826e-1,1.333333253860e-1,6.000000238419e-1,2.000000029802e-1,1.333333402872e-1,6.000000238419e-1
2340,2.666666805744e-1,1.333333402872e-1,6.000000238419e-1,2.666666805744e-1,1.333333253860e-1,6.000000238419e-1,2.666666805744e-1,1.333333402872e-1,6.000000238419e-1
2341,3.333333432674e-1,1.333333402872e-1,6.000000238419e-1,3.333333432674e-1,1.333333402872e-1,6.000000238419e-1,3.333333432674e-1,1.333333402872e-1,6.000000238419e-1
2342,4.000000059605e-1,1.333333402872e-1,6.000000238419e-1,4.000000059605e-1,1.333333253860e-1,6.000000238419e-1,4.000000059605e-1,1.333333402872e-1,6.000000238419e-1
2343,4.666666686535e-1,1.333333402872e-1,6.000000238419e-1,4.666666984558e-1,1.333333402872e-1,6.000000238419e-1,4.666666686535e-1,1.333333402872e-1,6.000000238419e-1
2344,5.333333611488e-1,1.333333402872e-1,6.000000238419e-1,5.333333611488e-1,1.333333402872e-1,6.000000238419e-1,5.333333611488e-1,1.333333402872e-1,6.000000238419e-1
2345,6.000000238419e-1,1.333333402872e-1,6.000000238419e-1,6.000000238419e-1,1.333333551884e-1,6.000000238419e-1,6.000000238419e-1,1.333333402872e-1,6.000000238419e-1
2346,6.666666865349e-1,1.333333402872e-1,6.000000238419e-1,6.666666865349e-1,1.333333104849e-1,6.000000238419e-1,6.666666865349e-1,1.333333402872e-1,6.000000238419e-1
2347,7.333333492279e-1,1.333333402872e-1,6.000000238419e-1,7.333333492279e-1,1.333333402872e-1,6.000000238419e-1,7.333333492279e-1,1.333333402872e-1,6.000000238419e-1
2348,8.000000119209e-1,1.333333402872e-1,6.000000238419e-1,8.000000715256e-1,1.333333551884e-1,6.000000238419e-1,8.000000119209e-1,1.333333402872e-1,6.000000238419e-1
2349,8.666666746140e-1,1.333333402872e-1,6.000000238419e-1,8.666666746140e-1,1.333333402872e-1,6.000000238419e-1,8.666666746140e-1,1.333333402872e-1,6.000000238419e-1
2350,9.333333373070e-1,1.333333402872e-1,6.000000238419e-1,9.333333373070e-1,1.333333253860e-1,6.000000238419e-1,9.333333373070e-1,1.333333402872e-1,6.000000238419e-1
2351,1.000000000000e0,1.333333402872e-1,6.000000238419e-1,1.000000000000e0,1.333335042000e-1,6.000000238419e-1,1.000000000000e0,1.333333402872e-1,6.000000238419e-1
2352,0.000000000000e0,2.000000029802e-1,6.000000238419e-1,0.000000000000e0,2.000000178814e-1,5.999999642372e-1,0.000000000000e0,2.000000029802e-1,6.000000238419e-1
2353,6.666667014360e-2,2.000000029802e-1,6.000000238419e-1,6.666667759418e-2,2.000000178814e-1,6.000000238419e-1,6.666667014360e-2,2.000000029802e-1,6.000000238419e-1
2354,1.333333402872e-1,2.000000029802e-1,6.000000238419e-1,1.333333253860e-1,2.000000029802e-1,6.000000238419e-1,1.333333402872e-1,2.000000029802e-1,6.000000238419e-1
2355,2.000000029802e-1,2.000000029802e-1,6.000000238419e-1,1.999999880791e-1,2.000000029802e-1,6.000000238419e-1,2.000000029802e-1,2.000000029802e-1,6.000000238419e-1
2356,2.666666805744e-1,2.000000029802e-1,6.000000238419e-1,2.666666805744e-1,2.000000178814e-1,6.000000238419e-1,2.666666805744e-1,2.000000029802e-1,6.000000238419e-1
2357,3.333333432674e-1,2.000000029802e-1,6.000000238419e-1,3.333333432674e-1,2.000000029802e-1,6.000000238419e-1,3.333333432674e-1,2.000000029802e-1,6.000000238419e-1
2358,4.000000059605e-1,2.000000029802e-1,6.000000238419e-1,4.000000059605e-1,2.000000029802e-1,6.000000238419e-1,4.000000059605e-1,2.000000029802e-1,6.000000238419e-1
2359,4.666666686535e-1,2.000000029802e-1,6.000000238419e-1,4.666666686535e-1,2.000000029802e-1,6.000000238419e-1,4.666666686535e-1,2.000000029802e-1,6.000000238419e-1
2360,5.333333611488e-1,2.000000029802e-1,6.000000238419e-1,5.333333611488e-1,2.000000029802e-1,6.000000238419e-1,5.333333611488e-1,2.000000029802e-1,6.000000238419e-1
2361,6.000000238419e-1,2.000000029802e-1,6.000000238419e-1,6.000000238419e-1,2.000000029802e-1,6.000000238419e-1,6.000000238419e-1,2.000000029802e-1,6.000000238419e-1
2362,6.666666865349e-1,2.000000029802e-1,6.000000238419e-1,6.666666865349e-1,2.000000178814e-1,6.000000238419e-1,6.666666865349e-1,2.000000029802e-1,6.000000238419e-1
2363,7.333333492279e-1,2.000000029802e-1,6.000000238419e-1,7.333333492279e-1,2.000000178814e-1,6.000000238419e-1,7.333333492279e-1,2.000000029802e-1,6.000000238419e-1
2364,8.000000119209e-1,2.000000029802e-1,6.000000238419e-1,8.000000119209e-1,2.000000029802e-1,6.000000238419e-1,8.000000119209e-1,2.000000029802e-1,6.000000238419e-1
2365,8.666666746140e-1,2.000000029802e-1,6.000000238419e-1,8.666666746140e-1,2.000000327826e-1,6.000000238419e-1,8.666666746140e-1,2.000000029802e-1,6.000000238419e-1
2366,9.333333373070e-1,2.000000029802e-1,6.000000238419e-1,9.333333373070e-1,2.000000029802e-1,6.000000238419e-1,9.333333373070e-1,2.000000029802e-1,6.000000238419e-1
2367,1.000000000000e0,2.000000029802e-1,6.000000238419e-1,1.000000000000e0,2.000000029802e-1,6.000000238419e-1,1.000000000000e0,2.000000029802e-1,6.000000238419e-1
2368,0.000000000000e0,2.666666805744e-1,6.000000238419e-1,1.278473060751e-8,2.666666805744e-1,6.000000238419e-1,4.482525488394e-17,2.666666805744e-1,6.000000238419e-1
2369,6.666667014360e-2,2.666666805744e-1,6.000000238419e-1,6.666667759418e-2,2.666666805744e-1,6.000000238419e-1,6.666667014360e-2,2.666666805744e-1,6.000000238419e-1
2370,1.333333402872e-1,2.666666805744e-1,6.000000238419e-1,1.333333551884e-1,2.666666805744e-1,6.000000238419e-1,1.333333402872e-1,2.666666805744e-1,6.000000238419e-1
2371,2.000000029802e-1,2.666666805744e-1,6.000000238419e-1,2.000000178814e-1,2.666666805744e-1,6.000000238419e-1,2.000000029802e-1,2.666666805744e-1,6.000000238419e-1
2372,2.666666805744e-1,2.666666805744e-1,6.000000238419e-1,2.666666805744e-1,2.666666805744e-1,6.000000238419e-1,2.666666805744e-1,2.666666805744e-1,6.000000238419e-1
2373,3.333333432674e-1,2.666666805744e-1,6.000000238419e-1,3.333333432674e-1,2.666666805744e-1,6.000000238419e-1,3.333333432674e-1,2.666666805744e-1,6.000000238419e-1
2374,4.000000059605e-1,2.666666805744e-1,6.000000238419e-1,4.000000059605e-1,2.666666507721e-1,6.000000238419e-1,4.000000059605e-1,2.666666805744e-1,6.000000238419e-1
2375,4.666666686535e-1,2.666666805744e-1,6.000000238419e-1,4.666666984558e-1,2.666667103767e-1,6.000000238419e-1,4.666666686535e-1,2.666666805744e-1,6.000000238419e-1
2376,5.333333611488e-1,2.666666805744e-1,6.000000238419e-1,5.333333015442e-1,2.666666805744e-1,6.000000238419e-1,5.333333611488e-1,2.666666805744e-1,6.000000238419e-1
2377,6.000000238419e-1,2.666666805744e-1,6.000000238419e-1,6.000000238419e-1,2.666666805744e-1,6.000000238419e-1,6.000000238419e-1,2.666666805744e-1,6.000000238419e-1
2378,6.666666865349e-1,2.666666805744e-1,6.000000238419e-1,6.666666865349e-1,2.666666805744e-1,6.000000834465e-1,6.666666865349e-1,2.666666805744e-1,6.000000238419e-1
2379,7.333333492279e-1,2.666666805744e-1,6.000000238419e-1,7.333333492279e-1,2.666666805744e-1,6.000000238419e-1,7.333333492279e-1,2.666666805744e-1,6.000000238419e-1
2380,8.000000119209e-1,2.666666805744e-1,6.000000238419e-1,8.000000119209e-1,2.666666805744e-1,6.000000238419e-1,8.000000119209e-1,2.666666805744e-1,6.000000238419e-1
2381,8.666666746140e-1,2.666666805744e-1,6.000000238419e-1,8.666666746140e-1,2.666666805744e-1,6.000000238419e-1,8.666666746140e-1,2.666666805744e-1,6.000000238419e-1
2382,9.333333373070e-1,2.666666805744e-1,6.000000238419e-1,9.333333373070e-1,2.666666805744e-1,6.000000238419e-1,9.333333373070e-1,2.666666805744e-1,6.000000238419e-1
2383,1.000000000000e0,2.666666805744e-1,6.000000238419e-1,1.000000000000e0,2.666667699814e-1,5.999999642372e-1,1.000000000000e0,2.666666805744e-1,6.000000238419e-1
2384,0.000000000000e0,3.333333432674e-1,6.000000238419e-1,0.000000000000e0,3.333333432674e-1,6.000000238419e-1,0.000000000000e0,3.333333432674e-1,6.000000238419e-1
2385,6.666667014360e-2,3.333333432674e-1,6.000000238419e-1,6.666666269302e-2,3.333333730698e-1,6.000000238419e-1,6.666667014360e-2,3.333333432674e-1,6.000000238419e-1
2386,1.333333402872e-1,3.333333432674e-1,6.000000238419e-1,1.333333700895e-1,3.333333432674e-1,6.000000238419e-1,1.333333402872e-1,3.333333432674e-1,6.000000238419e-1
2387,2.000000029802e-1,3.333333432674e-1,6.000000238419e-1,2.000000029802e-1,3.333333432674e-1,6.000000238419e-1,2.000000029802e-1,3.333333432674e-1,6.000000238419e-1
2388,2.666666805744e-1,3.333333432674e-1,6.000000238419e-1,2.666666805744e-1,3.333333432674e-1,6.000000238419e-1,2.666666805744e-1,3.333333432674e-1,6.000000238419e-1
2389,3.333333432674e-1,3.333333432674e-1,6.000000238419e-1,3.333333432674e-1,3.333333432674e-1,6.000000238419e-1,3.333333432674e-1,3.333333432674e-1,6.000000238419e-1
2390,4.000000059605e-1,3.333333432674e-1,6.000000238419e-1,3.999999761581e-1,3.333333432674e-1,6.000000238419e-1,4.000000059605e-1,3.333333432674e-1,6.000000238419e-1
2391,4.666666686535e-1,3.333333432674e-1,6.000000238419e-1,4.666666388512e-1,3.333333432674e-1,6.000000238419e-1,4.666666686535e-1,3.333333432674e-1,6.000000238419e-1
2392,5.333333611488e-1,3.333333432674e-1,6.000000238419e-1,5.333333611488e-1,3.333333432674e-1,6.000000238419e-1,5.333333611488e-1,3.333333432674e-1,6.000000238419e-1
2393,6.000000238419e-1,3.333333432674e-1,6.000000238419e-1,6.000000238419e-1,3.333333432674e-1,6.000000238419e-1,6.000000238419e-1,3.333333432674e-1,6.000000238419e-1
2394,6.666666865349e-1,3.333333432674e-1,6.000000238419e-1,6.666666865349e-1,3.333333432674e-1,6.000000238419e-1,6.666666865349e-1,3.333333432674e-1,6.000000238419e-1
2395,7.333333492279e-1,3.333333432674e-1,6.000000238419e-1,7.333333492279e-1,3.333333432674e-1,6.000000238419e-1,7.333333492279e-1,3.333333432674e-1,6.000000238419e-1
2396,8.000000119209e-1,3.333333432674e-1,6.000000238419e-1,8.000000119209e-1,3.333333432674e-1,6.000000238419e-1,8.000000119209e-1,3.333333432674e-1,6.000000238419e-1
2397,8.666666746140e-1,3.333333432674e-1,6.000000238419e-1,8.666666746140e-1,3.333333432674e-1,6.000000238419e-1,8.666666746140e-1,3.333333432674e-1,6.000000238419e-1
2398,9.333333373070e-1,3.333333432674e-1,6.000000238419e-1,9.333333373070e-1,3.333333432674e-1,6.000000238419e-1,9.333333373070e-1,3.333333432674e-1,6.000000238419e-1
2399,1.000000000000e0,3.333333432674e-1,6.000000238419e-1,1.000000000000e0,3.333333432674e-1,6.000000238419e-1,1.000000000000e0,3.333333432674e-1,6.000000238419e-1
2400,0.000000000000e0,4.000000059605e-1,6.000000238419e-1,0.000000000000e0,4.000000059605e-1,6.000000238419e-1,0.000000000000e0,4.000000059605e-1,6.000000238419e-1
2401,6.666667014360e-2,4.000000059605e-1,6.000000238419e-1,6.666658818722e-2,4.000000357628e-1,6.000000238419e-1,6.666667014360e-2,4.000000059605e-1,6.000000238419e-1
2402,1.333333402872e-1,4.000000059605e-1,6.000000238419e-1,1.333333253860e-1,4.000000059605e-1,6.000000238419e-1,1.333333402872e-1,4.000000059605e-1,6.000000238419e-1
2403,2.000000029802e-1,4.000000059605e-1,6.000000238419e-1,2.000000029802e-1,4.000000059605e-1,6.000000238419e-1,2.000000029802e-1,4.000000059605e-1,6.000000238419e-1
2404,2.666666805744e-1,4.000000059605e-1,6.000000238419e-1,2.666666805744e-1,4.000000059605e-1,6.000000238419e-1,2.666666805744e-1,4.000000059605e-1,6.000000238419e-1
2405,3.333333432674e-1,4.000000059605e-1,6.000000238419e-1,3.333333432674e-1,4.000000059605e-1,6.000000238419e-1,3.333333432674e-1,4.000000059605e-1,6.000000238419e-1
2406,4.000000059605e-1,4.000000059605e-1,6.000000238419e-1,4.000000059605e-1,4.000000059605e-1,6.000000238419e-1,4.000000059605e-1,4.000000059605e-1,6.000000238419e-1
2407,4.666666686535e-1,4.000000059605e-1,6.000000238419e-1,4.666666686535e-1,4.000000059605e-1,6.000000238419e-1,4.666666686535e-1,4.000000059605e-1,6.000000238419e-1
2408,5.333333611488e-1,4.000000059605e-1,6.000000238419e-1,5.333333611488e-1,4.000000059605e-1,6.000000238419e-1,5.333333611488e-1,4.000000059605e-1,6.000000238419e-1
2409,6.000000238419e-1,4.000000059605e-1,6.000000238419e-1,6.000000238419e-1,4.000000059605e-1,5.999999642372e-1,6.000000238419e-1,4.000000059605e-1,6.000000238419e-1
2410,6.666666865349e-1,4.000000059605e-1,6.000000238419e-1,6.666666865349e-1,3.999999761581e-1,6.000000238419e-1,6.666666865349e-1,4.000000059605e-1,6.000000238419e-1
2411,7.333333492279e-1,4.000000059605e-1,6.000000238419e-1,7.333332896233e-1,4.000000059605e-1,6.000000238419e-1,7.333333492279e-1,4.000000059605e-1,6.000000238419e-1
2412,8.000000119209e-1,4.000000059605e-1,6.000000238419e-1,8.000000715256e-1,3.999999761581e-1,6.000000238419e-1,8.000000119209e-1,4.000000059605e-1,6.000000238419e-1
2413,8.666666746140e-1,4.000000059605e-1,6.000000238419e-1,8.666666746140e-1,4.000000059605e-1,6.000000238419e-1,8.666666746140e-1,4.000000059605e-1,6.000000238419e-1
2414,9.333333373070e-1,4.000000059605e-1,6.000000238419e-1,9.333333373070e-1,4.000000059605e-1,6.000000238419e-1,9.333333373070e-1,4.000000059605e-1,6.000000238419e-1
2415,1.000000000000e0,4.000000059605e-1,6.000000238419e-1,1.000000000000e0,4.000000357628e-1,6.000000238419e-1,1.000000000000e0,4.000000059605e-1,6.000000238419e-1
2416,0.000000000000e0,4.666666686535e-1,6.000000238419e-1,5.264300995123e-8,4.666666984558e-1,6.000000238419e-1,1.961104942531e-17,4.666666686535e-1,6.000000238419e-1
2417,6.666667014360e-2,4.666666686535e-1,6.000000238419e-1,6.666661798954e-2,4.666666388512e-1,6.000000238419e-1,6.666667014360e-2,4.666666686535e-1,6.000000238419e-1
2418,1.333333402872e-1,4.666666686535e-1,6.000000238419e-1,1.333333253860e-1,4.666666686535e-1,6.000000238419e-1,1.333333402872e-1,4.666666686535e-1,6.000000238419e-1
2419,2.000000029802e-1,4.666666686535e-1,6.000000238419e-1,2.000000327826e-1,4.666666984558e-1,6.000000238419e-1,2.000000029802e-1,4.666666686535e-1,6.000000238419e-1
2420,2.666666805744e-1,4.666666686535e-1,6.000000238419e-1,2.666666805744e-1,4.666666686535e-1,6.000000238419e-1,2.666666805744e-1,4.666666686535e-1,6.000000238419e-1
2421,3.333333432674e-1,4.666666686535e-1,6.000000238419e-1,3.333333432674e-1,4.666666686535e-1,6.000000238419e-1,3.333333432674e-1,4.666666686535e-1,6.000000238419e-1
2422,4.000000059605e-1,4.666666686535e-1,6.000000238419e-1,4.000000059605e-1,4.666666984558e-1,6.000000238419e-1,4.000000059605e-1,4.666666686535e-1,6.000000238419e-1
2423,4.666666686535e-1,4.666666686535e-1,6.000000238419e-1,4.666666984558e-1,4.666666388512e-1,6.000000238419e-1,4.666666686535e-1,4.666666686535e-1,6.000000238419e-1
2424,5.333333611488e-1,4.666666686535e-1,6.000000238419e-1,5.333333611488e-1,4.666666984558e-1,6.000000238419e-1,5.333333611488e-1,4.666666686535e-1,6.000000238419e-1
2425,6.000000238419e-1,4.666666686535e-1,6.000000238419e-1,6.000000238419e-1,4.666666686535e-1,6.000000238419e-1,6.000000238419e-1,4.666666686535e-1,6.000000238419e-1
2426,6.666666865349e-1,4.666666686535e-1,6.000000238419e-1,6.666666865349e-1,4.666666686535e-1,6.000000238419e-1,6.666666865349e-1,4.666666686535e-1,6.000000238419e-1
2427,7.333333492279e-1,4.666666686535e-1,6.000000238419e-1,7.333333492279e-1,4.666666686535e-1,6.000000238419e-1,7.333333492279e-1,4.666666686535e-1,6.000000238419e-1
2428,8.000000119209e-1,4.666666686535e-1,6.000000238419e-1,8.000000119209e-1,4.666666686535e-1,6.000000238419e-1,8.000000119209e-1,4.666666686535e-1,6.000000238419e-1
2429,8.666666746140e-1,4.666666686535e-1,6.000000238419e-1,8.666666746140e-1,4.666666686535e-1,6.000000238419e-1,8.666666746140e-1,4.666666686535e-1,6.000000238419e-1
2430,9.333333373070e-1,4.666666686535e-1,6.000000238419e-1,9.333333373070e-1,4.666666686535e-1,6.000000238419e-1,9.333333373070e-1,4.666666686535e-1,6.000000238419e-1
2431,1.000000000000e0,4.666666686535e-1,6.000000238419e-1,1.000000000000e0,4.666666686535e-1,6.000000238419e-1,1.000000000000e0,4.666666686535e-1,6.000000238419e-1
2432,0.000000000000e0,5.333333611488e-1,6.000000238419e-1,3.263866403813e-7,5.333333611488e-1,6.000000238419e-1,1.821025942437e-16,5.333333611488e-1,6.000000238419e-1
2433,6.666667014360e-2,5.333333611488e-1,6.000000238419e-1,6.666660308838e-2,5.333333611488e-1,6.000000238419e-1,6.666667014360e-2,5.333333611488e-1,6.000000238419e-1
2434,1.333333402872e-1,5.333333611488e-1,6.000000238419e-1,1.333333104849e-1,5.333333611488e-1,6.000000238419e-1,1.333333402872e-1,5.333333611488e-1,6.000000238419e-1
2435,2.000000029802e-1,5.333333611488e-1,6.000000238419e-1,2.000000029802e-1,5.333333611488e-1,6.000000238419e-1,2.000000029802e-1,5.333333611488e-1,6.000000238419e-1
2436,2.666666805744e-1,5.333333611488e-1,6.000000238419e-1,2.666667103767e-1,5.333333611488e-1,6.000000238419e-1,2.666666805744e-1,5.333333611488e-1,6.000000238419e-1
2437,3.333333432674e-1,5.333333611488e-1,6.000000238419e-1,3.333333134651e-1,5.333333611488e-1,6.000000238419e-1,3.333333432674e-1,5.333333611488e-1,6.000000238419e-1
2438,4.000000059605e-1,5.333333611488e-1,6.000000238419e-1,3.999999761581e-1,5.333333611488e-1,6.000000238419e-1,4.000000059605e-1,5.333333611488e-1,6.000000238419e-1
2439,4.666666686535e-1,5.333333611488e-1,6.000000238419e-1,4.666666388512e-1,5.333333611488e-1,6.000000238419e-1,4.666666686535e-1,5.333333611488e-1,6.000000238419e-1
2440,5.333333611488e-1,5.333333611488e-1,6.000000238419e-1,5.333333611488e-1,5.333333611488e-1,6.000000238419e-1,5.333333611488e-1,5.333333611488e-1,6.000000238419e-1
2441,6.000000238419e-1,5.333333611488e-1,6.000000238419e-1,6.000000238419e-1,5.333333611488e-1,6.000000238419e-1,6.000000238419e-1,5.333333611488e-1,6.000000238419e-1
2442,6.666666865349e-1,5.333333611488e-1,6.000000238419e-1,6.666666865349e-1,5.333333611488e-1,6.000000238419e-1,6.666666865349e-1,5.333333611488e-1,6.000000238419e-1
2443,7.333333492279e-1,5.333333611488e-1,6.000000238419e-1,7.333333492279e-1,5.333333611488e-1,6.000000238419e-1,7.333333492279e-1,5.333333611488e-1,6.000000238419e-1
2444,8.000000119209e-1,5.333333611488e-1,6.000000238419e-1,8.000000119209e-1,5.333333611488e-1,6.000000238419e-1,8.000000119209e-1,5.333333611488e-1,6.000000238419e-1
2445,8.666666746140e-1,5.333333611488e-1,6.000000238419e-1,8.666666746140e-1,5.333333611488e-1,6.000000238419e-1,8.666666746140e-1,5.333333611488e-1,6.000000238419e-1
2446,9.333333373070e-1,5.333333611488e-1,6.000000238419e-1,9.333333373070e-1,5.333333611488e-1,6.000000238419e-1,9.333333373070e-1,5.333333611488e-1,6.000000238419e-1
2447,1.000000000000e0,5.333333611488e-1,6.000000238419e-1,1.000000000000e0,5.333333611488e-1,6.000000238419e-1,1.000000000000e0,5.333333611488e-1,6.000000238419e-1
2448,0.000000000000e0,6.000000238419e-1,6.000000238419e-1,0.000000000000e0,6.000000238419e-1,6.000000238419e-1,4.202367438574e-18,6.000000238419e-1,6.000000238419e-1
2449,6.666667014360e-2,6.000000238419e-1,6.000000238419e-1,6.666656583548e-2,6.000000238419e-1,6.000000238419e-1,6.666667014360e-2,6.000000238419e-1,6.000000238419e-1
2450,1.333333402872e-1,6.000000238419e-1,6.000000238419e-1,1.333333104849e-1,6.000000238419e-1,6.000000238419e-1,1.333333402872e-1,6.000000238419e-1,6.000000238419e-1
2451,2.000000029802e-1,6.000000238419e-1,6.000000238419e-1,2.000000327826e-1,6.000000238419e-1,6.000000238419e-1,2.000000029802e-1,6.000000238419e-1,6.000000238419e-1
2452,2.666666805744e-1,6.000000238419e-1,6.000000238419e-1,2.666667103767e-1,6.000000238419e-1,6.000000238419e-1,2.666666805744e-1,6.000000238419e-1,6.000000238419e-1
2453,3.333333432674e-1,6.000000238419e-1,6.000000238419e-1,3.333333134651e-1,6.000000238419e-1,6.000000238419e-1,3.333333432674e-1,6.000000238419e-1,6.000000238419e-1
2454,4.000000059605e-1,6.000000238419e-1,6.000000238419e-1,4.000000059605e-1,6.000000238419e-1,6.000000238419e-1,4.000000059605e-1,6.000000238419e-1,6.000000238419e-1
2455,4.666666686535e-1,6.000000238419e-1,6.000000238419e-1,4.666666984558e-1,6.000000238419e-1,6.000000238419e-1,4.666666686535e-1,6.000000238419e-1,6.000000238419e-1
2456,5.333333611488e-1,6.000000238419e-1,6.000000238419e-1,5.333333611488e-1,6.000000238419e-1,6.000000238419e-1,5.333333611488e-1,6.000000238419e-1,6.000000238419e-1
2457,6.000000238419e-1,6.000000238419e-1,6.000000238419e-1,6.000000238419e-1,5.999999642372e-1,6.000000238419e-1,6.000000238419e-1,6.000000238419e-1,6.000000238419e-1
2458,6.666666865349e-1,6.000000238419e-1,6.000000238419e-1,6.666666865349e-1,6.000000238419e-1,6.000000238419e-1,6.666666865349e-1,6.000000238419e-1,6.000000238419e-1
2459,7.333333492279e-1,6.000000238419e-1,6.000000238419e-1,7.333332896233e-1,6.000000238419e-1,6.000000238419e-1,7.333333492279e-1,6.000000238419e-1,6.000000238419e-1
2460,8.000000119209e-1,6.000000238419e-1,6.000000238419e-1,8.000000119209e-1,6.000000238419e-1,6.000000238419e-1,8.000000119209e-1,6.000000238419e-1,6.000000238419e-1
2461,8.666666746140e-1,6.000000238419e-1,6.000000238419e-1,8.666666746140e-1,6.000000238419e-1,6.000000238419e-1,8.666666746140e-1,6.000000238419e-1,6.000000238419e-1
2462,9.333333373070e-1,6.000000238419e-1,6.000000238419e-1,9.333333373070e-1,6.000000238419e-1,6.000000238419e-1,9.333333373070e-1,6.000000238419e-1,6.000000238419e-1
2463,1.000000000000e0,6.000000238419e-1,6.000000238419e-1,1.000000000000e0,6.000000238419e-1,6.000000238419e-1,1.000000000000e0,6.000000238419e-1,6.000000238419e-1
2464,0.000000000000e0,6.666666865349e-1,6.000000238419e-1,0.000000000000e0,6.666666865349e-1,6.000000238419e-1,0.000000000000e0,6.666666865349e-1,6.000000238419e-1
2465,6.666667014360e-2,6.666666865349e-1,6.000000238419e-1,6.666663289070e-2,6.666666865349e-1,6.000000238419e-1,6.666667014360e-2,6.666666865349e-1,6.000000238419e-1
2466,1.333333402872e-1,6.666666865349e-1,6.000000238419e-1,1.333333402872e-1,6.666666865349e-1,6.000000834465e-1,1.333333402872e-1,6.666666865349e-1,6.000000238419e-1
2467,2.000000029802e-1,6.666666865349e-1,6.000000238419e-1,1.999999731779e-1,6.666666865349e-1,6.000000238419e-1,2.000000029802e-1,6.666666865349e-1,6.000000238419e-1
2468,2.666666805744e-1,6.666666865349e-1,6.000000238419e-1,2.666666805744e-1,6.666666865349e-1,6.000000238419e-1,2.666666805744e-1,6.666666865349e-1,6.000000238419e-1
2469,3.333333432674e-1,6.666666865349e-1,6.000000238419e-1,3.333333432674e-1,6.666666865349e-1,6.000000238419e-1,3.333333432674e-1,6.666666865349e-1,6.000000238419e-1
2470,4.000000059605e-1,6.666666865349e-1,6.000000238419e-1,4.000000059605e-1,6.666666865349e-1,6.000000238419e-1,4.000000059605e-1,6.666666865349e-1,6.000000238419e-1
2471,4.666666686535e-1,6.666666865349e-1,6.000000238419e-1,4.666666686535e-1,6.666666865349e-1,6.000000238419e-1,4.666666686535e-1,6.666666865349e-1,6.000000238419e-1
2472,5.333333611488e-1,6.666666865349e-1,6.000000238419e-1,5.333333611488e-1,6.666666865349e-1,6.000000238419e-1,5.333333611488e-1,6.666666865349e-1,6.000000238419e-1
2473,6.000000238419e-1,6.666666865349e-1,6.000000238419e-1,6.000000238419e-1,6.666666865349e-1,6.000000238419e-1,6.000000238419e-1,6.666666865349e-1,6.000000238419e-1
2474,6.666666865349e-1,6.666666865349e-1,6.000000238419e-1,6.666666865349e-1,6.666666865349e-1,5.999999642372e-1,6.666666865349e-1,6.666666865349e-1,6.000000238419e-1
2475,7.333333492279e-1,6.666666865349e-1,6.000000238419e-1,7.333334088326e-1,6.666666865349e-1,6.000000238419e-1,7.333333492279e-1,6.666666865349e-1,6.000000238419e-1
2476,8.000000119209e-1,6.666666865349e-1,6.000000238419e-1,8.000000119209e-1,6.666666865349e-1,6.000000238419e-1,8.000000119209e-1,6.666666865349e-1,6.000000238419e-1
2477,8.666666746140e-1,6.666666865349e-1,6.000000238419e-1,8.666666150093e-1,6.666666865349e-1,6.000000834465e-1,8.666666746140e-1,6.666666865349e-1,6.000000238419e-1
2478,9.333333373070e-1,6.666666865349e-1,6.000000238419e-1,9.333333373070e-1,6.666666865349e-1,6.000000238419e-1,9.333333373070e-1,6.666666865349e-1,6.000000238419e-1
2479,1.000000000000e0,6.666666865349e-1,6.000000238419e-1,1.000000000000e0,6.666667461395e-1,6.000000834465e-1,1.000000000000e0,6.666666865349e-1,6.000000238419e-1
2480,0.000000000000e0,7.333333492279e-1,6.000000238419e-1,1.902668742559e-7,7.333333492279e-1,6.000000238419e-1,0.000000000000e0,7.333333492279e-1,6.000000238419e-1
2481,6.666667014360e-2,7.333333492279e-1,6.000000238419e-1,6.666655093431e-2,7.333333492279e-1,6.000000238419e-1,6.666667014360e-2,7.333333492279e-1,6.000000238419e-1
2482,1.333333402872e-1,7.333333492279e-1,6.000000238419e-1,1.333333104849e-1,7.333333492279e-1,6.000000238419e-1,1.333333402872e-1,7.333333492279e-1,6.000000238419e-1
2483,2.000000029802e-1,7.333333492279e-1,6.000000238419e-1,2.000000029802e-1,7.333333492279e-1,6.000000238419e-1,2.000000029802e-1,7.333333492279e-1,6.000000238419e-1
2484,2.666666805744e-1,7.333333492279e-1,6.000000238419e-1,2.666666805744e-1,7.333333492279e-1,6.000000238419e-1,2.666666805744e-1,7.333333492279e-1,6.000000238419e-1
2485,3.333333432674e-1,7.333333492279e-1,6.000000238419e-1,3.333333432674e-1,7.333334088326e-1,6.000000238419e-1,3.333333432674e-1,7.333333492279e-1,6.000000238419e-1
2486,4.000000059605e-1,7.333333492279e-1,6.000000238419e-1,4.000000357628e-1,7.333333492279e-1,6.000000238419e-1,4.000000059605e-1,7.333333492279e-1,6.000000238419e-1
2487,4.666666686535e-1,7.333333492279e-1,6.000000238419e-1,4.666666686535e-1,7.333333492279e-1,6.000000238419e-1,4.666666686535e-1,7.333333492279e-1,6.000000238419e-1
2488,5.333333611488e-1,7.333333492279e-1,6.000000238419e-1,5.333333611488e-1,7.333333492279e-1,6.000000238419e-1,5.333333611488e-1,7.333333492279e-1,6.000000238419e-1
2489,6.000000238419e-1,7.333333492279e-1,6.000000238419e-1,6.000000238419e-1,7.333334088326e-1,6.000000238419e-1,6.000000238419e-1,7.333333492279e-1,6.000000238419e-1
2490,6.666666865349e-1,7.333333492279e-1,6.000000238419e-1,6.666666865349e-1,7.333333492279e-1,6.000000238419e-1,6.666666865349e-1,7.333333492279e-1,6.000000238419e-1
2491,7.333333492279e-1,7.333333492279e-1,6.000000238419e-1,7.333333492279e-1,7.333333492279e-1,6.000000238419e-1,7.333333492279e-1,7.333333492279e-1,6.000000238419e-1
2492,8.000000119209e-1,7.333333492279e-1,6.000000238419e-1,8.000000715256e-1,7.333333492279e-1,6.000000238419e-1,8.000000119209e-1,7.333333492279e-1,6.000000238419e-1
2493,8.666666746140e-1,7.333333492279e-1,6.000000238419e-1,8.666666746140e-1,7.333333492279e-1,6.000000238419e-1,8.666666746140e-1,7.333333492279e-1,6.000000238419e-1
2494,9.333333373070e-1,7.333333492279e-1,6.000000238419e-1,9.333333373070e-1,7.333333492279e-1,6.000000238419e-1,9.333333373070e-1,7.333333492279e-1,6.000000238419e-1
2495,1.000000000000e0,7.333333492279e-1,6.000000238419e-1,1.000000000000e0,7.333334088326e-1,6.000000238419e-1,1.000000000000e0,7.333333492279e-1,6.000000238419e-1
2496,0.000000000000e0,8.000000119209e-1,6.000000238419e-1,3.906863241809e-7,8.000000119209e-1,6.000000238419e-1,9.574394567642e-16,8.000000119209e-1,6.000000238419e-1
2497,6.666667014360e-2,8.000000119209e-1,6.000000238419e-1,6.666690856218e-2,8.000000119209e-1,6.000000238419e-1,6.666667014360e-2,8.000000119209e-1,6.000000238419e-1
2498,1.333333402872e-1,8.000000119209e-1,6.000000238419e-1,1.333333551884e-1,8.000000119209e-1,6.000000238419e-1,1.333333402872e-1,8.000000119209e-1,6.000000238419e-1
2499,2.000000029802e-1,8.000000119209e-1,6.000000238419e-1,2.000000029802e-1,8.000000119209e-1,6.000000238419e-1,2.000000029802e-1,8.000000119209e-1,6.000000238419e-1
2500,2.666666805744e-1,8.000000119209e-1,6.000000238419e-1,2.666666209698e-1,8.000000119209e-1,6.000000238419e-1,2.666666805744e-1,8.000000119209e-1,6.000000238419e-1
2501,3.333333432674e-1,8.000000119209e-1,6.000000238419e-1,3.333333134651e-1,8.000000119209e-1,5.999999642372e-1,3.333333432674e-1,8.000000119209e-1,6.000000238419e-1
2502,4.000000059605e-1,8.000000119209e-1,6.000000238419e-1,4.000000357628e-1,7.999999523163e-1,6.000000238419e-1,4.000000059605e-1,8.000000119209e-1,6.000000238419e-1
2503,4.666666686535e-1,8.000000119209e-1,6.000000238419e-1,4.666666388512e-1,8.000000119209e-1,6.000000238419e-1,4.666666686535e-1,8.000000119209e-1,6.000000238419e-1
2504,5.333333611488e-1,8.000000119209e-1,6.000000238419e-1,5.333333611488e-1,8.000000119209e-1,6.000000238419e-1,5.333333611488e-1,8.000000119209e-1,6.000000238419e-1
2505,6.000000238419e-1,8.000000119209e-1,6.000000238419e-1,6.000000238419e-1,8.000000715256e-1,6.000000238419e-1,6.000000238419e-1,8.000000119209e-1,6.000000238419e-1
2506,6.666666865349e-1,8.000000119209e-1,6.000000238419e-1,6.666666865349e-1,8.000000119209e-1,6.000000238419e-1,6.666666865349e-1,8.000000119209e-1,6.000000238419e-1
2507,7.333333492279e-1,8.000000119209e-1,6.000000238419e-1,7.333333492279e-1,8.000000119209e-1,6.000000238419e-1,7.333333492279e-1,8.000000119209e-1,6.000000238419e-1
2508,8.000000119209e-1,8.000000119209e-1,6.000000238419e-1,8.000000715256e-1,8.000000119209e-1,6.000000238419e-1,8.000000119209e-1,8.000000119209e-1,6.000000238419e-1
2509,8.666666746140e-1,8.000000119209e-1,6.000000238419e-1,8.666666746140e-1,8.000000119209e-1,6.000000238419e-1,8.666666746140e-1,8.000000119209e-1,6.000000238419e-1
2510,9.333333373070e-1,8.000000119209e-1,6.000000238419e-1,9.333333373070e-1,8.000000119209e-1,6.000000238419e-1,9.333333373070e-1,8.000000119209e-1,6.000000238419e-1
2511,1.000000000000e0,8.000000119209e-1,6.000000238419e-1,1.000000000000e0,8.000000119209e-1,6.000000238419e-1,1.000000000000e0,8.000000119209e-1,6.000000238419e-1
2512,0.000000000000e0,8.666666746140e-1,6.000000238419e-1,7.520429834429e-10,8.666666746140e-1,6.000000238419e-1,0.000000000000e0,8.666666746140e-1,6.000000238419e-1
2513,6.666667014360e-2,8.666666746140e-1,6.000000238419e-1,6.666645407677e-2,8.666666746140e-1,6.000000238419e-1,6.666667014360e-2,8.666666746140e-1,6.000000238419e-1
2514,1.333333402872e-1,8.666666746140e-1,6.000000238419e-1,1.333333402872e-1,8.666666746140e-1,6.000000238419e-1,1.333333402872e-1,8.666666746140e-1,6.000000238419e-1
2515,2.000000029802e-1,8.666666746140e-1,6.000000238419e-1,2.000000178814e-1,8.666666746140e-1,6.000000238419e-1,2.000000029802e-1,8.666666746140e-1,6.000000238419e-1
2516,2.666666805744e-1,8.666666746140e-1,6.000000238419e-1,2.666666805744e-1,8.666666746140e-1,6.000000238419e-1,2.666666805744e-1,8.666666746140e-1,6.000000238419e-1
2517,3.333333432674e-1,8.666666746140e-1,6.000000238419e-1,3.333333134651e-1,8.666666746140e-1,6.000000238419e-1,3.333333432674e-1,8.666666746140e-1,6.000000238419e-1
2518,4.000000059605e-1,8.666666746140e-1,6.000000238419e-1,4.000000059605e-1,8.666666746140e-1,6.000000238419e-1,4.000000059605e-1,8.666666746140e-1,6.000000238419e-1
2519,4.666666686535e-1,8.666666746140e-1,6.000000238419e-1,4.666666984558e-1,8.666667938232e-1,6.000000238419e-1,4.666666686535e-1,8.666666746140e-1,6.000000238419e-1
2520,5.333333611488e-1,8.666666746140e-1,6.000000238419e-1,5.333333611488e-1,8.666666746140e-1,6.000000238419e-1,5.333333611488e-1,8.666666746140e-1,6.000000238419e-1
2521,6.000000238419e-1,8.666666746140e-1,6.000000238419e-1,6.000000238419e-1,8.666666746140e-1,5.999999642372e-1,6.000000238419e-1,8.666666746140e-1,6.000000238419e-1
2522,6.666666865349e-1,8.666666746140e-1,6.000000238419e-1,6.666666865349e-1,8.666666150093e-1,6.000000238419e-1,6.666666865349e-1,8.666666746140e-1,6.000000238419e-1
2523,7.333333492279e-1,8.666666746140e-1,6.000000238419e-1,7.333333492279e-1,8.666666746140e-1,6.000000238419e-1,7.333333492279e-1,8.666666746140e-1,6.000000238419e-1
2524,8.000000119209e-1,8.666666746140e-1,6.000000238419e-1,8.000000119209e-1,8.666666746140e-1,6.000000238419e-1,8.000000119209e-1,8.666666746140e-1,6.000000238419e-1
2525,8.666666746140e-1,8.666666746140e-1,6.000000238419e-1,8.666667342186e-1,8.666666746140e-1,6.000000238419e-1,8.666666746140e-1,8.666666746140e-1,6.000000238419e-1
2526,9.333333373070e-1,8.666666746140e-1,6.000000238419e-1,9.333333373070e-1,8.666666746140e-1,6.000000238419e-1,9.333333373070e-1,8.666666746140e-1,6.000000238419e-1
2527,1.000000000000e0,8.666666746140e-1,6.000000238419e-1,1.000000000000e0,8.666666746140e-1,6.000001430511e-1,1.000000000000e0,8.666666746140e-1,6.000000238419e-1
2528,0.000000000000e0,9.333333373070e-1,6.000000238419e-1,0.000000000000e0,9.333333373070e-1,6.000000834465e-1,0.000000000000e0,9.333333373070e-1,6.000000238419e-1
2529,6.666667014360e-2,9.333333373070e-1,6.000000238419e-1,6.666707247496e-2,9.333333373070e-1,6.000000238419e-1,6.666667014360e-2,9.333333373070e-1,6.000000238419e-1
2530,1.333333402872e-1,9.333333373070e-1,6.000000238419e-1,1.333332210779e-1,9.333333373070e-1,6.000000238419e-1,1.333333402872e-1,9.333333373070e-1,6.000000238419e-1
2531,2.000000029802e-1,9.333333373070e-1,6.000000238419e-1,1.999998986721e-1,9.333333373070e-1,6.000000238419e-1,2.000000029802e-1,9.333333373070e-1,6.000000238419e-1
2532,2.666666805744e-1,9.333333373070e-1,6.000000238419e-1,2.666667103767e-1,9.333333373070e-1,6.000000238419e-1,2.666666805744e-1,9.333333373070e-1,6.000000238419e-1
2533,3.333333432674e-1,9.333333373070e-1,6.000000238419e-1,3.333333730698e-1,9.333333373070e-1,6.000000238419e-1,3.333333432674e-1,9.333333373070e-1,6.000000238419e-1
2534,4.000000059605e-1,9.333333373070e-1,6.000000238419e-1,4.000000357628e-1,9.333333373070e-1,6.000000238419e-1,4.000000059605e-1,9.333333373070e-1,6.000000238419e-1
2535,4.666666686535e-1,9.333333373070e-1,6.000000238419e-1,4.666666984558e-1,9.333333373070e-1,6.000000238419e-1,4.666666686535e-1,9.333333373070e-1,6.000000238419e-1
2536,5.333333611488e-1,9.333333373070e-1,6.000000238419e-1,5.333333611488e-1,9.333333373070e-1,6.000000238419e-1,5.333333611488e-1,9.333333373070e-1,6.000000238419e-1
2537,6.000000238419e-1,9.333333373070e-1,6.000000238419e-1,6.000000238419e-1,9.333333373070e-1,6.000000238419e-1,6.000000238419e-1,9.333333373070e-1,6.000000238419e-1
2538,6.666666865349e-1,9.333333373070e-1,6.000000238419e-1,6.666666865349e-1,9.333333373070e-1,6.000000238419e-1,6.666666865349e-1,9.333333373070e-1,6.000000238419e-1
2539,7.333333492279e-1,9.333333373070e-1,6.000000238419e-1,7.333333492279e-1,9.333333373070e-1,6.000000238419e-1,7.333333492279e-1,9.333333373070e-1,6.000000238419e-1
2540,8.000000119209e-1,9.333333373070e-1,6.000000238419e-1,8.000000119209e-1,9.333333373070e-1,6.000000238419e-1,8.000000119209e-1,9.333333373070e-1,6.000000238419e-1
2541,8.666666746140e-1,9.333333373070e-1,6.000000238419e-1,8.666666746140e-1,9.333333373070e-1,6.000000238419e-1,8.666666746140e-1,9.333333373070e-1,6.000000238419e-1
2542,9.333333373070e-1,9.333333373070e-1,6.000000238419e-1,9.333333373070e-1,9.333333373070e-1,6.000000238419e-1,9.333333373070e-1,9.333333373070e-1,6.000000238419e-1
2543,1.000000000000e0,9.333333373070e-1,6.000000238419e-1,1.000000000000e0,9.333333373070e-1,6.000000834465e-1,1.000000000000e0,9.333333373070e-1,6.000000238419e-1
2544,0.000000000000e0,1.000000000000e0,6.000000238419e-1,7.903736900516e-7,1.000000000000e0,6.000000238419e-1,1.907262102099e-16,1.000000000000e0,6.000000238419e-1
2545,6.666667014360e-2,1.000000000000e0,6.000000238419e-1,6.666963547468e-2,1.000000000000e0,6.000001430511e-1,6.666667014360e-2,1.000000000000e0,6.000000238419e-1
2546,1.333333402872e-1,1.000000000000e0,6.000000238419e-1,1.333332061768e-1,1.000000000000e0,6.000000238419e-1,1.333333402872e-1,1.000000000000e0,6.000000238419e-1
2547,2.000000029802e-1,1.000000000000e0,6.000000238419e-1,1.999998986721e-1,1.000000000000e0,6.000000238419e-1,2.000000029802e-1,1.000000000000e0,6.000000238419e-1
2548,2.666666805744e-1,1.000000000000e0,6.000000238419e-1,2.666667699814e-1,1.000000000000e0,6.000000238419e-1,2.666666805744e-1,1.000000000000e0,6.000000238419e-1
2549,3.333333432674e-1,1.000000000000e0,6.000000238419e-1,3.333333432674e-1,1.000000000000e0,6.000000238419e-1,3.333333432674e-1,1.000000000000e0,6.000000238419e-1
2550,4.000000059605e-1,1.000000000000e0,6.000000238419e-1,3.999999463558e-1,1.000000000000e0,5.999999642372e-1,4.000000059605e-1,1.000000000000e0,6.000000238419e-1
2551,4.666666686535e-1,1.000000000000e0,6.000000238419e-1,4.666666686535e-1,9.999999403954e-1,6.000000238419e-1,4.666666686535e-1,1.000000000000e0,6.000000238419e-1
2552,5.333333611488e-1,1.000000000000e0,6.000000238419e-1,5.333333611488e-1,1.000000000000e0,6.000000238419e-1,5.333333611488e-1,1.000000000000e0,6.000000238419e-1
2553,6.000000238419e-1,1.000000000000e0,6.000000238419e-1,6.000000238419e-1,1.000000000000e0,6.000000238419e-1,6.000000238419e-1,1.000000000000e0,6.000000238419e-1
2554,6.666666865349e-1,1.000000000000e0,6.000000238419e-1,6.666669249535e-1,1.000000000000e0,6.000003218651e-1,6.666666865349e-1,1.000000000000e0,6.000000238419e-1
2555,7.333333492279e-1,1.000000000000e0,6.000000238419e-1,7.333333492279e-1,1.000000000000e0,6.000000238419e-1,7.333333492279e-1,1.000000000000e0,6.000000238419e-1
2556,8.000000119209e-1,1.000000000000e0,6.000000238419e-1,7.999999523163e-1,1.000000000000e0,6.000000238419e-1,8.000000119209e-1,1.000000000000e0,6.000000238419e-1
2557,8.666666746140e-1,1.000000000000e0,6.000000238419e-1,8.666666746140e-1,1.000000000000e0,6.000000238419e-1,8.666666746140e-1,1.000000000000e0,6.000000238419e-1
2558,9.333333373070e-1,1.000000000000e0,6.000000238419e-1,9.333333373070e-1,1.000000000000e0,6.000000238419e-1,9.333333373070e-1,1.000000000000e0,6.000000238419e-1
2559,1.000000000000e0,1.000000000000e0,6.000000238419e-1,1.000000000000e0,1.000000000000e0,6.000000238419e-1,1.000000000000e0,1.000000000000e0,6.000000238419e-1
2560,0.000000000000e0,0.000000000000e0,6.666666865349e-1,4.211440085555e-8,0.000000000000e0,6.666666269302e-1,3.221815215463e-17,0.000000000000e0,6.666666865349e-1
2561,6.666667014360e-2,0.000000000000e0,6.666666865349e-1,6.666669249535e-2,0.000000000000e0,6.666666865349e-1,6.666667014360e-2,0.000000000000e0,6.666666865349e-1
2562,1.333333402872e-1,0.000000000000e0,6.666666865349e-1,1.333333402872e-1,0.000000000000e0,6.666666865349e-1,1.333333402872e-1,3.922209885063e-17,6.666666865349e-1
2563,2.000000029802e-1,0.000000000000e0,6.666666865349e-1,2.000000029802e-1,0.000000000000e0,6.666667461395e-1,2.000000029802e-1,0.000000000000e0,6.666666865349e-1
2564,2.666666805744e-1,0.000000000000e0,6.666666865349e-1,2.666666805744e-1,0.000000000000e0,6.666666865349e-1,2.666666805744e-1,0.000000000000e0,6.666666865349e-1
2565,3.333333432674e-1,0.000000000000e0,6.666666865349e-1,3.333333134651e-1,0.000000000000e0,6.666666865349e-1,3.333333432674e-1,0.000000000000e0,6.666666865349e-1
2566,4.000000059605e-1,0.000000000000e0,6.666666865349e-1,4.000000059605e-1,4.512257678613e-9,6.666666865349e-1,4.000000059605e-1,0.000000000000e0,6.666666865349e-1
2567,4.666666686535e-1,0.000000000000e0,6.666666865349e-1,4.666666686535e-1,7.520429834429e-10,6.666666865349e-1,4.666666686535e-1,1.260710272931e-17,6.666666865349e-1
2568,5.333333611488e-1,0.000000000000e0,6.666666865349e-1,5.333333611488e-1,0.000000000000e0,6.666666865349e-1,5.333333611488e-1,8.965050976788e-17,6.666666865349e-1
2569,6.000000238419e-1,0.000000000000e0,6.666666865349e-1,6.000000238419e-1,2.105720398049e-8,6.666666865349e-1,6.000000238419e-1,0.000000000000e0,6.666666865349e-1
2570,6.666666865349e-1,0.000000000000e0,6.666666865349e-1,6.666666865349e-1,6.016343867543e-9,6.666666865349e-1,6.666666865349e-1,3.361893950859e-17,6.666666865349e-1
2571,7.333333492279e-1,0.000000000000e0,6.666666865349e-1,7.333333492279e-1,0.000000000000e0,6.666666865349e-1,7.333333492279e-1,2.241262744197e-17,6.666666865349e-1
2572,8.000000119209e-1,0.000000000000e0,6.666666865349e-1,7.999999523163e-1,0.000000000000e0,6.666666865349e-1,8.000000119209e-1,0.000000000000e0,6.666666865349e-1
2573,8.666666746140e-1,0.000000000000e0,6.666666865349e-1,8.666666746140e-1,1.504085966886e-9,6.666666865349e-1,8.666666746140e-1,1.793010195358e-16,6.666666865349e-1
2574,9.333333373070e-1,0.000000000000e0,6.666666865349e-1,9.333333373070e-1,3.572204221314e-8,6.666666865349e-1,9.333333373070e-1,8.895011278217e-17,6.666666865349e-1
2575,1.000000000000e0,0.000000000000e0,6.666666865349e-1,1.000000000000e0,0.000000000000e0,6.666666865349e-1,1.000000000000e0,0.000000000000e0,6.666666865349e-1
2576,0.000000000000e0,6.666667014360e-2,6.666666865349e-1,3.233784795498e-8,6.666664034128e-2,6.666666865349e-1,2.661499446695e-17,6.666667014360e-2,6.666666865349e-1
2577,6.666667014360e-2,6.666667014360e-2,6.666666865349e-1,6.666666269302e-2,6.666665524244e-2,6.666666865349e-1,6.666667014360e-2,6.666667014360e-2,6.666666865349e-1
2578,1.333333402872e-1,6.666667014360e-2,6.666666865349e-1,1.333333551884e-1,6.666663289070e-2,6.666666865349e-1,1.333333402872e-1,6.666667014360e-2,6.666666865349e-1
2579,2.000000029802e-1,6.666667014360e-2,6.666666865349e-1,2.000000327826e-1,6.666667014360e-2,6.666666865349e-1,2.000000029802e-1,6.666667014360e-2,6.666666865349e-1
2580,2.666666805744e-1,6.666667014360e-2,6.666666865349e-1,2.666666805744e-1,6.666666269302e-2,6.666666865349e-1,2.666666805744e-1,6.666667014360e-2,6.666666865349e-1
2581,3.333333432674e-1,6.666667014360e-2,6.666666865349e-1,3.333333432674e-1,6.666669249535e-2,6.666666865349e-1,3.333333432674e-1,6.666667014360e-2,6.666666865349e-1
2582,4.000000059605e-1,6.666667014360e-2,6.666666865349e-1,4.000000059605e-1,6.666666269302e-2,6.666666865349e-1,4.000000059605e-1,6.666667014360e-2,6.666666865349e-1
2583,4.666666686535e-1,6.666667014360e-2,6.666666865349e-1,4.666666686535e-1,6.666667014360e-2,6.666666865349e-1,4.666666686535e-1,6.666667014360e-2,6.666666865349e-1
2584,5.333333611488e-1,6.666667014360e-2,6.666666865349e-1,5.333333611488e-1,6.666668504477e-2,6.666666865349e-1,5.333333611488e-1,6.666667014360e-2,6.666666865349e-1
2585,6.000000238419e-1,6.666667014360e-2,6.666666865349e-1,6.000000238419e-1,6.666667759418e-2,6.666667461395e-1,6.000000238419e-1,6.666667014360e-2,6.666666865349e-1
2586,6.666666865349e-1,6.666667014360e-2,6.666666865349e-1,6.666666865349e-1,6.666668504477e-2,6.666666865349e-1,6.666666865349e-1,6.666667014360e-2,6.666666865349e-1
2587,7.333333492279e-1,6.666667014360e-2,6.666666865349e-1,7.333333492279e-1,6.666669249535e-2,6.666666865349e-1,7.333333492279e-1,6.666667014360e-2,6.666666865349e-1
2588,8.000000119209e-1,6.666667014360e-2,6.666666865349e-1,8.000000715256e-1,6.666667014360e-2,6.666666865349e-1,8.000000119209e-1,6.666667014360e-2,6.666666865349e-1
2589,8.666666746140e-1,6.666667014360e-2,6.666666865349e-1,8.666667342186e-1,6.666661798954e-2,6.666666865349e-1,8.666666746140e-1,6.666667014360e-2,6.666666865349e-1
2590,9.333333373070e-1,6.666667014360e-2,6.666666865349e-1,9.333333373070e-1,6.666667014360e-2,6.666666865349e-1,9.333333373070e-1,6.666667014360e-2,6.666666865349e-1
2591,1.000000000000e0,6.666667014360e-2,6.666666865349e-1,1.000000000000e0,6.666673719883e-2,6.666666865349e-1,1.000000000000e0,6.666667014360e-2,6.666666865349e-1
2592,0.000000000000e0,1.333333402872e-1,6.666666865349e-1,0.000000000000e0,1.333333551884e-1,6.666666865349e-1,0.000000000000e0,1.333333402872e-1,6.666666865349e-1
2593,6.666667014360e-2,1.333333402872e-1,6.666666865349e-1,6.666668504477e-2,1.333333402872e-1,6.666667461395e-1,6.666667014360e-2,1.333333402872e-1,6.666666865349e-1
2594,1.333333402872e-1,1.333333402872e-1,6.666666865349e-1,1.333333253860e-1,1.333333253860e-1,6.666666865349e-1,1.333333402872e-1,1.333333402872e-1,6.666666865349e-1
2595,2.000000029802e-1,1.333333402872e-1,6.666666865349e-1,2.000000029802e-1,1.333333551884e-1,6.666666865349e-1,2.000000029802e-1,1.333333402872e-1,6.666666865349e-1
2596,2.666666805744e-1,1.333333402872e-1,6.666666865349e-1,2.666666805744e-1,1.333333402872e-1,6.666666865349e-1,2.666666805744e-1,1.333333402872e-1,6.666666865349e-1
2597,3.333333432674e-1,1.333333402872e-1,6.666666865349e-1,3.333333432674e-1,1.333333402872e-1,6.666666865349e-1,3.333333432674e-1,1.333333402872e-1,6.666666865349e-1
2598,4.000000059605e-1,1.333333402872e-1,6.666666865349e-1,3.999999761581e-1,1.333333551884e-1,6.666666865349e-1,4.000000059605e-1,1.333333402872e-1,6.666666865349e-1
2599,4.666666686535e-1,1.333333402872e-1,6.666666865349e-1,4.666666388512e-1,1.333333551884e-1,6.666666865349e-1,4.666666686535e-1,1.333333402872e-1,6.666666865349e-1
2600,5.333333611488e-1,1.333333402872e-1,6.666666865349e-1,5.333333611488e-1,1.333333402872e-1,6.666666865349e-1,5.333333611488e-1,1.333333402872e-1,6.666666865349e-1
2601,6.000000238419e-1,1.333333402872e-1,6.666666865349e-1,6.000000238419e-1,1.333333551884e-1,6.666666865349e-1,6.000000238419e-1,1.333333402872e-1,6.666666865349e-1
2602,6.666666865349e-1,1.333333402872e-1,6.666666865349e-1,6.666666865349e-1,1.333333551884e-1,6.666666865349e-1,6.666666865349e-1,1.333333402872e-1,6.666666865349e-1
2603,7.333333492279e-1,1.333333402872e-1,6.666666865349e-1,7.333333492279e-1,1.333333998919e-1,6.666666865349e-1,7.333333492279e-1,1.333333402872e-1,6.666666865349e-1
2604,8.000000119209e-1,1.333333402872e-1,6.666666865349e-1,8.000000119209e-1,1.333333402872e-1,6.666666865349e-1,8.000000119209e-1,1.333333402872e-1,6.666666865349e-1
2605,8.666666746140e-1,1.333333402872e-1,6.666666865349e-1,8.666666746140e-1,1.333333402872e-1,6.666666865349e-1,8.666666746140e-1,1.333333402872e-1,6.666666865349e-1
2606,9.333333373070e-1,1.333333402872e-1,6.666666865349e-1,9.333333373070e-1,1.333333253860e-1,6.666666865349e-1,9.333333373070e-1,1.333333402872e-1,6.666666865349e-1
2607,1.000000000000e0,1.333333402872e-1,6.666666865349e-1,1.000000000000e0,1.333333253860e-1,6.666666865349e-1,1.000000000000e0,1.333333402872e-1,6.666666865349e-1
2608,0.000000000000e0,2.000000029802e-1,6.666666865349e-1,4.963483490883e-8,1.999999880791e-1,6.666666865349e-1,0.000000000000e0,2.000000029802e-1,6.666666865349e-1
2609,6.666667014360e-2,2.000000029802e-1,6.666666865349e-1,6.666666269302e-2,1.999999731779e-1,6.666666865349e-1,6.666667014360e-2,2.000000029802e-1,6.666666865349e-1
2610,1.333333402872e-1,2.000000029802e-1,6.666666865349e-1,1.333333253860e-1,2.000000029802e-1,6.666666865349e-1,1.333333402872e-1,2.000000029802e-1,6.666666865349e-1
2611,2.000000029802e-1,2.000000029802e-1,6.666666865349e-1,2.000000327826e-1,2.000000029802e-1,6.666666865349e-1,2.000000029802e-1,2.000000029802e-1,6.666666865349e-1
2612,2.666666805744e-1,2.000000029802e-1,6.666666865349e-1,2.666666805744e-1,2.000000029802e-1,6.666666865349e-1,2.666666805744e-1,2.000000029802e-1,6.666666865349e-1
2613,3.333333432674e-1,2.000000029802e-1,6.666666865349e-1,3.333333432674e-1,2.000000029802e-1,6.666666865349e-1,3.333333432674e-1,2.000000029802e-1,6.666666865349e-1
2614,4.000000059605e-1,2.000000029802e-1,6.666666865349e-1,4.000000059605e-1,1.999999880791e-1,6.666666865349e-1,4.000000059605e-1,2.000000029802e-1,6.666666865349e-1
2615,4.666666686535e-1,2.000000029802e-1,6.666666865349e-1,4.666666388512e-1,2.000000029802e-1,6.666666865349e-1,4.666666686535e-1,2.000000029802e-1,6.666666865349e-1
2616,5.333333611488e-1,2.000000029802e-1,6.666666865349e-1,5.333333611488e-1,2.000000029802e-1,6.666666865349e-1,5.333333611488e-1,2.000000029802e-1,6.666666865349e-1
2617,6.000000238419e-1,2.000000029802e-1,6.666666865349e-1,6.000000238419e-1,1.999999731779e-1,6.666666865349e-1,6.000000238419e-1,2.000000029802e-1,6.666666865349e-1
2618,6.666666865349e-1,2.000000029802e-1,6.666666865349e-1,6.666666865349e-1,1.999999880791e-1,6.666666865349e-1,6.666666865349e-1,2.000000029802e-1,6.666666865349e-1
2619,7.333333492279e-1,2.000000029802e-1,6.666666865349e-1,7.333333492279e-1,1.999999880791e-1,6.666666865349e-1,7.333333492279e-1,2.000000029802e-1,6.666666865349e-1
2620,8.000000119209e-1,2.000000029802e-1,6.666666865349e-1,8.000000119209e-1,2.000000029802e-1,6.666666269302e-1,8.000000119209e-1,2.000000029802e-1,6.666666865349e-1
2621,8.666666746140e-1,2.000000029802e-1,6.666666865349e-1,8.666666746140e-1,2.000000029802e-1,6.666666865349e-1,8.666666746140e-1,2.000000029802e-1,6.666666865349e-1
2622,9.333333373070e-1,2.000000029802e-1,6.666666865349e-1,9.333333373070e-1,1.999999731779e-1,6.666666865349e-1,9.333333373070e-1,2.000000029802e-1,6.666666865349e-1
2623,1.000000000000e0,2.000000029802e-1,6.666666865349e-1,1.000000000000e0,1.999999731779e-1,6.666666865349e-1,1.000000000000e0,2.000000029802e-1,6.666666865349e-1
2624,0.000000000000e0,2.666666805744e-1,6.666666865349e-1,4.512257678613e-9,2.666666805744e-1,6.666666865349e-1,7.003945868820e-18,2.666666805744e-1,6.666666865349e-1
2625,6.666667014360e-2,2.666666805744e-1,6.666666865349e-1,6.666665524244e-2,2.666666805744e-1,6.666666865349e-1,6.666667014360e-2,2.666666805744e-1,6.666666865349e-1
2626,1.333333402872e-1,2.666666805744e-1,6.666666865349e-1,1.333333253860e-1,2.666666507721e-1,6.666666865349e-1,1.333333402872e-1,2.666666805744e-1,6.666666865349e-1
2627,2.000000029802e-1,2.666666805744e-1,6.666666865349e-1,1.999999880791e-1,2.666666805744e-1,6.666666865349e-1,2.000000029802e-1,2.666666805744e-1,6.666666865349e-1
2628,2.666666805744e-1,2.666666805744e-1,6.666666865349e-1,2.666666805744e-1,2.666666805744e-1,6.666666865349e-1,2.666666805744e-1,2.666666805744e-1,6.666666865349e-1
2629,3.333333432674e-1,2.666666805744e-1,6.666666865349e-1,3.333333432674e-1,2.666666805744e-1,6.666666865349e-1,3.333333432674e-1,2.666666805744e-1,6.666666865349e-1
2630,4.000000059605e-1,2.666666805744e-1,6.666666865349e-1,4.000000059605e-1,2.666666805744e-1,6.666666865349e-1,4.000000059605e-1,2.666666805744e-1,6.666666865349e-1
2631,4.666666686535e-1,2.666666805744e-1,6.666666865349e-1,4.666666388512e-1,2.666666805744e-1,6.666666865349e-1,4.666666686535e-1,2.666666805744e-1,6.666666865349e-1
2632,5.333333611488e-1,2.666666805744e-1,6.666666865349e-1,5.333333611488e-1,2.666666805744e-1,6.666666865349e-1,5.333333611488e-1,2.666666805744e-1,6.666666865349e-1
2633,6.000000238419e-1,2.666666805744e-1,6.666666865349e-1,6.000000238419e-1,2.666667103767e-1,6.666666865349e-1,6.000000238419e-1,2.666666805744e-1,6.666666865349e-1
2634,6.666666865349e-1,2.666666805744e-1,6.666666865349e-1,6.666666865349e-1,2.666666507721e-1,6.666666865349e-1,6.666666865349e-1,2.666666805744e-1,6.666666865349e-1
2635,7.333333492279e-1,2.666666805744e-1,6.666666865349e-1,7.333334088326e-1,2.666666805744e-1,6.666666865349e-1,7.333333492279e-1,2.666666805744e-1,6.666666865349e-1
2636,8.000000119209e-1,2.666666805744e-1,6.666666865349e-1,8.000000119209e-1,2.666666805744e-1,6.666666865349e-1,8.000000119209e-1,2.666666805744e-1,6.666666865349e-1
2637,8.666666746140e-1,2.666666805744e-1,6.666666865349e-1,8.666667342186e-1,2.666667103767e-1,6.666666865349e-1,8.666666746140e-1,2.666666805744e-1,6.666666865349e-1
2638,9.333333373070e-1,2.666666805744e-1,6.666666865349e-1,9.333333373070e-1,2.666666805744e-1,6.666666865349e-1,9.333333373070e-1,2.666666805744e-1,6.666666865349e-1
2639,1.000000000000e0,2.666666805744e-1,6.666666865349e-1,1.000000000000e0,2.666667103767e-1,6.666666865349e-1,1.000000000000e0,2.666666805744e-1,6.666666865349e-1
2640,0.000000000000e0,3.333333432674e-1,6.666666865349e-1,9.325332683829e-8,3.333333432674e-1,6.666666865349e-1,6.723787901719e-17,3.333333432674e-1,6.666666865349e-1
2641,6.666667014360e-2,3.333333432674e-1,6.666666865349e-1,6.666666269302e-2,3.333333432674e-1,6.666666865349e-1,6.666667014360e-2,3.333333432674e-1,6.666666865349e-1
2642,1.333333402872e-1,3.333333432674e-1,6.666666865349e-1,1.333333402872e-1,3.333333730698e-1,6.666666865349e-1,1.333333402872e-1,3.333333432674e-1,6.666666865349e-1
2643,2.000000029802e-1,3.333333432674e-1,6.666666865349e-1,2.000000029802e-1,3.333333432674e-1,6.666666865349e-1,2.000000029802e-1,3.333333432674e-1,6.666666865349e-1
2644,2.666666805744e-1,3.333333432674e-1,6.666666865349e-1,2.666666805744e-1,3.333333432674e-1,6.666666865349e-1,2.666666805744e-1,3.333333432674e-1,6.666666865349e-1
2645,3.333333432674e-1,3.333333432674e-1,6.666666865349e-1,3.333333432674e-1,3.333333432674e-1,6.666666865349e-1,3.333333432674e-1,3.333333432674e-1,6.666666865349e-1
2646,4.000000059605e-1,3.333333432674e-1,6.666666865349e-1,4.000000059605e-1,3.333333134651e-1,6.666666865349e-1,4.000000059605e-1,3.333333432674e-1,6.666666865349e-1
2647,4.666666686535e-1,3.333333432674e-1,6.666666865349e-1,4.666666984558e-1,3.333333432674e-1,6.666666865349e-1,4.666666686535e-1,3.333333432674e-1,6.666666865349e-1
2648,5.333333611488e-1,3.333333432674e-1,6.666666865349e-1,5.333333611488e-1,3.333333432674e-1,6.666666865349e-1,5.333333611488e-1,3.333333432674e-1,6.666666865349e-1
2649,6.000000238419e-1,3.333333432674e-1,6.666666865349e-1,6.000000238419e-1,3.333333432674e-1,6.666666865349e-1,6.000000238419e-1,3.333333432674e-1,6.666666865349e-1
2650,6.666666865349e-1,3.333333432674e-1,6.666666865349e-1,6.666667461395e-1,3.333333432674e-1,6.666666865349e-1,6.666666865349e-1,3.333333432674e-1,6.666666865349e-1
2651,7.333333492279e-1,3.333333432674e-1,6.666666865349e-1,7.333333492279e-1,3.333333432674e-1,6.666666865349e-1,7.333333492279e-1,3.333333432674e-1,6.666666865349e-1
2652,8.000000119209e-1,3.333333432674e-1,6.666666865349e-1,8.000000119209e-1,3.333333432674e-1,6.666666865349e-1,8.000000119209e-1,3.333333432674e-1,6.666666865349e-1
2653,8.666666746140e-1,3.333333432674e-1,6.666666865349e-1,8.666666746140e-1,3.333333730698e-1,6.666666865349e-1,8.666666746140e-1,3.333333432674e-1,6.666666865349e-1
2654,9.333333373070e-1,3.333333432674e-1,6.666666865349e-1,9.333333373070e-1,3.333333730698e-1,6.666666865349e-1,9.333333373070e-1,3.333333432674e-1,6.666666865349e-1
2655,1.000000000000e0,3.333333432674e-1,6.666666865349e-1,1.000000000000e0,3.333333432674e-1,6.666666865349e-1,1.000000000000e0,3.333333432674e-1,6.666666865349e-1
2656,0.000000000000e0,4.000000059605e-1,6.666666865349e-1,0.000000000000e0,4.000000059605e-1,6.666667461395e-1,0.000000000000e0,4.000000059605e-1,6.666666865349e-1
2657,6.666667014360e-2,4.000000059605e-1,6.666666865349e-1,6.666667759418e-2,4.000000059605e-1,6.666666865349e-1,6.666667014360e-2,4.000000059605e-1,6.666666865349e-1
2658,1.333333402872e-1,4.000000059605e-1,6.666666865349e-1,1.333333104849e-1,4.000000357628e-1,6.666666865349e-1,1.333333402872e-1,4.000000059605e-1,6.666666865349e-1
2659,2.000000029802e-1,4.000000059605e-1,6.666666865349e-1,2.000000178814e-1,4.000000059605e-1,6.666666865349e-1,2.000000029802e-1,4.000000059605e-1,6.666666865349e-1
2660,2.666666805744e-1,4.000000059605e-1,6.666666865349e-1,2.666666805744e-1,4.000000059605e-1,6.666666865349e-1,2.666666805744e-1,4.000000059605e-1,6.666666865349e-1
2661,3.333333432674e-1,4.000000059605e-1,6.666666865349e-1,3.333333432674e-1,4.000000059605e-1,6.666666865349e-1,3.333333432674e-1,4.000000059605e-1,6.666666865349e-1
2662,4.000000059605e-1,4.000000059605e-1,6.666666865349e-1,3.999999761581e-1,4.000000059605e-1,6.666666865349e-1,4.000000059605e-1,4.000000059605e-1,6.666666865349e-1
2663,4.666666686535e-1,4.000000059605e-1,6.666666865349e-1,4.666666686535e-1,3.999999761581e-1,6.666666865349e-1,4.666666686535e-1,4.000000059605e-1,6.666666865349e-1
2664,5.333333611488e-1,4.000000059605e-1,6.666666865349e-1,5.333333611488e-1,4.000000059605e-1,6.666666865349e-1,5.333333611488e-1,4.000000059605e-1,6.666666865349e-1
2665,6.000000238419e-1,4.000000059605e-1,6.666666865349e-1,6.000000238419e-1,4.000000357628e-1,6.666666865349e-1,6.000000238419e-1,4.000000059605e-1,6.666666865349e-1
2666,6.666666865349e-1,4.000000059605e-1,6.666666865349e-1,6.666666865349e-1,4.000000059605e-1,6.666666865349e-1,6.666666865349e-1,4.000000059605e-1,6.666666865349e-1
2667,7.333333492279e-1,4.000000059605e-1,6.666666865349e-1,7.333333492279e-1,4.000000059605e-1,6.666666865349e-1,7.333333492279e-1,4.000000059605e-1,6.666666865349e-1
2668,8.000000119209e-1,4.000000059605e-1,6.666666865349e-1,8.000000119209e-1,4.000000059605e-1,6.666666865349e-1,8.000000119209e-1,4.000000059605e-1,6.666666865349e-1
2669,8.666666746140e-1,4.000000059605e-1,6.666666865349e-1,8.666667342186e-1,4.000000059605e-1,6.666666865349e-1,8.666666746140e-1,4.000000059605e-1,6.666666865349e-1
2670,9.333333373070e-1,4.000000059605e-1,6.666666865349e-1,9.333333373070e-1,3.999999761581e-1,6.666666865349e-1,9.333333373070e-1,4.000000059605e-1,6.666666865349e-1
2671,1.000000000000e0,4.000000059605e-1,6.666666865349e-1,1.000000000000e0,4.000000059605e-1,6.666666865349e-1,1.000000000000e0,4.000000059605e-1,6.666666865349e-1
2672,0.000000000000e0,4.666666686535e-1,6.666666865349e-1,9.400537237525e-8,4.666666984558e-1,6.666666865349e-1,0.000000000000e0,4.666666686535e-1,6.666666865349e-1
2673,6.666667014360e-2,4.666666686535e-1,6.666666865349e-1,6.666659563780e-2,4.666666686535e-1,6.666666865349e-1,6.666667014360e-2,4.666666686535e-1,6.666666865349e-1
2674,1.333333402872e-1,4.666666686535e-1,6.666666865349e-1,1.333333700895e-1,4.666666686535e-1,6.666666865349e-1,1.333333402872e-1,4.666666686535e-1,6.666666865349e-1
2675,2.000000029802e-1,4.666666686535e-1,6.666666865349e-1,1.999999731779e-1,4.666666686535e-1,6.666666865349e-1,2.000000029802e-1,4.666666686535e-1,6.666666865349e-1
2676,2.666666805744e-1,4.666666686535e-1,6.666666865349e-1,2.666666805744e-1,4.666666686535e-1,6.666666865349e-1,2.666666805744e-1,4.666666686535e-1,6.666666865349e-1
2677,3.333333432674e-1,4.666666686535e-1,6.666666865349e-1,3.333333730698e-1,4.666666686535e-1,6.666666865349e-1,3.333333432674e-1,4.666666686535e-1,6.666666865349e-1
2678,4.000000059605e-1,4.666666686535e-1,6.666666865349e-1,4.000000059605e-1,4.666666388512e-1,6.666666865349e-1,4.000000059605e-1,4.666666686535e-1,6.666666865349e-1
2679,4.666666686535e-1,4.666666686535e-1,6.666666865349e-1,4.666666686535e-1,4.666666686535e-1,6.666666865349e-1,4.666666686535e-1,4.666666686535e-1,6.666666865349e-1
2680,5.333333611488e-1,4.666666686535e-1,6.666666865349e-1,5.333333611488e-1,4.666666686535e-1,6.666666269302e-1,5.333333611488e-1,4.666666686535e-1,6.666666865349e-1
2681,6.000000238419e-1,4.666666686535e-1,6.666666865349e-1,6.000000238419e-1,4.666666388512e-1,6.666666865349e-1,6.000000238419e-1,4.666666686535e-1,6.666666865349e-1
2682,6.666666865349e-1,4.666666686535e-1,6.666666865349e-1,6.666666865349e-1,4.666666686535e-1,6.666666865349e-1,6.666666865349e-1,4.666666686535e-1,6.666666865349e-1
2683,7.333333492279e-1,4.666666686535e-1,6.666666865349e-1,7.333333492279e-1,4.666666984558e-1,6.666666865349e-1,7.333333492279e-1,4.666666686535e-1,6.666666865349e-1
2684,8.000000119209e-1,4.666666686535e-1,6.666666865349e-1,8.000000119209e-1,4.666666686535e-1,6.666666865349e-1,8.000000119209e-1,4.666666686535e-1,6.666666865349e-1
2685,8.666666746140e-1,4.666666686535e-1,6.666666865349e-1,8.666666746140e-1,4.666666984558e-1,6.666666865349e-1,8.666666746140e-1,4.666666686535e-1,6.666666865349e-1
2686,9.333333373070e-1,4.666666686535e-1,6.666666865349e-1,9.333333373070e-1,4.666666686535e-1,6.666666865349e-1,9.333333373070e-1,4.666666686535e-1,6.666666865349e-1
2687,1.000000000000e0,4.666666686535e-1,6.666666865349e-1,9.999999403954e-1,4.666666686535e-1,6.666666865349e-1,1.000000000000e0,4.666666686535e-1,6.666666865349e-1
2688,0.000000000000e0,5.333333611488e-1,6.666666865349e-1,1.970352627723e-7,5.333333611488e-1,6.666666865349e-1,1.863049629230e-16,5.333333611488e-1,6.666666865349e-1
2689,6.666667014360e-2,5.333333611488e-1,6.666666865349e-1,6.666662544012e-2,5.333333611488e-1,6.666666865349e-1,6.666667014360e-2,5.333333611488e-1,6.666666865349e-1
2690,1.333333402872e-1,5.333333611488e-1,6.666666865349e-1,1.333333551884e-1,5.333333611488e-1,6.666667461395e-1,1.333333402872e-1,5.333333611488e-1,6.666666865349e-1
2691,2.000000029802e-1,5.333333611488e-1,6.666666865349e-1,1.999999880791e-1,5.333333611488e-1,6.666666865349e-1,2.000000029802e-1,5.333333611488e-1,6.666666865349e-1
2692,2.666666805744e-1,5.333333611488e-1,6.666666865349e-1,2.666666805744e-1,5.333333611488e-1,6.666666865349e-1,2.666666805744e-1,5.333333611488e-1,6.666666865349e-1
2693,3.333333432674e-1,5.333333611488e-1,6.666666865349e-1,3.333333432674e-1,5.333333611488e-1,6.666666865349e-1,3.333333432674e-1,5.333333611488e-1,6.666666865349e-1
2694,4.000000059605e-1,5.333333611488e-1,6.666666865349e-1,4.000000357628e-1,5.333333611488e-1,6.666666865349e-1,4.000000059605e-1,5.333333611488e-1,6.666666865349e-1
2695,4.666666686535e-1,5.333333611488e-1,6.666666865349e-1,4.666666686535e-1,5.333333611488e-1,6.666666865349e-1,4.666666686535e-1,5.333333611488e-1,6.666666865349e-1
2696,5.333333611488e-1,5.333333611488e-1,6.666666865349e-1,5.333333611488e-1,5.333333611488e-1,6.666666865349e-1,5.333333611488e-1,5.333333611488e-1,6.666666865349e-1
2697,6.000000238419e-1,5.333333611488e-1,6.666666865349e-1,6.000000238419e-1,5.333333611488e-1,6.666666865349e-1,6.000000238419e-1,5.333333611488e-1,6.666666865349e-1
2698,6.666666865349e-1,5.333333611488e-1,6.666666865349e-1,6.666666865349e-1,5.333333611488e-1,6.666666865349e-1,6.666666865349e-1,5.333333611488e-1,6.666666865349e-1
2699,7.333333492279e-1,5.333333611488e-1,6.666666865349e-1,7.333333492279e-1,5.333333611488e-1,6.666666865349e-1,7.333333492279e-1,5.333333611488e-1,6.666666865349e-1
2700,8.000000119209e-1,5.333333611488e-1,6.666666865349e-1,8.000000119209e-1,5.333333611488e-1,6.666666865349e-1,8.000000119209e-1,5.333333611488e-1,6.666666865349e-1
2701,8.666666746140e-1,5.333333611488e-1,6.666666865349e-1,8.666666746140e-1,5.333333611488e-1,6.666666865349e-1,8.666666746140e-1,5.333333611488e-1,6.666666865349e-1
2702,9.333333373070e-1,5.333333611488e-1,6.666666865349e-1,9.333333373070e-1,5.333333611488e-1,6.666666865349e-1,9.333333373070e-1,5.333333611488e-1,6.666666865349e-1
2703,1.000000000000e0,5.333333611488e-1,6.666666865349e-1,1.000000000000e0,5.333333611488e-1,6.666666865349e-1,1.000000000000e0,5.333333611488e-1,6.666666865349e-1
2704,0.000000000000e0,6.000000238419e-1,6.666666865349e-1,0.000000000000e0,6.000000238419e-1,6.666666269302e-1,0.000000000000e0,6.000000238419e-1,6.666666865349e-1
2705,6.666667014360e-2,6.000000238419e-1,6.666666865349e-1,6.666669249535e-2,6.000000238419e-1,6.666666865349e-1,6.666667014360e-2,6.000000238419e-1,6.666666865349e-1
2706,1.333333402872e-1,6.000000238419e-1,6.666666865349e-1,1.333333253860e-1,6.000000238419e-1,6.666666865349e-1,1.333333402872e-1,6.000000238419e-1,6.666666865349e-1
2707,2.000000029802e-1,6.000000238419e-1,6.666666865349e-1,2.000000476837e-1,6.000000238419e-1,6.666666865349e-1,2.000000029802e-1,6.000000238419e-1,6.666666865349e-1
2708,2.666666805744e-1,6.000000238419e-1,6.666666865349e-1,2.666667103767e-1,6.000000238419e-1,6.666666865349e-1,2.666666805744e-1,6.000000238419e-1,6.666666865349e-1
2709,3.333333432674e-1,6.000000238419e-1,6.666666865349e-1,3.333333432674e-1,6.000000238419e-1,6.666666865349e-1,3.333333432674e-1,6.000000238419e-1,6.666666865349e-1
2710,4.000000059605e-1,6.000000238419e-1,6.666666865349e-1,4.000000357628e-1,6.000000238419e-1,6.666666865349e-1,4.000000059605e-1,6.000000238419e-1,6.666666865349e-1
2711,4.666666686535e-1,6.000000238419e-1,6.666666865349e-1,4.666666984558e-1,6.000000238419e-1,6.666666865349e-1,4.666666686535e-1,6.000000238419e-1,6.666666865349e-1
2712,5.333333611488e-1,6.000000238419e-1,6.666666865349e-1,5.333333611488e-1,6.000000238419e-1,6.666666865349e-1,5.333333611488e-1,6.000000238419e-1,6.666666865349e-1
2713,6.000000238419e-1,6.000000238419e-1,6.666666865349e-1,6.000000238419e-1,6.000000238419e-1,6.666666865349e-1,6.000000238419e-1,6.000000238419e-1,6.666666865349e-1
2714,6.666666865349e-1,6.000000238419e-1,6.666666865349e-1,6.666666865349e-1,6.000000238419e-1,6.666666865349e-1,6.666666865349e-1,6.000000238419e-1,6.666666865349e-1
2715,7.333333492279e-1,6.000000238419e-1,6.666666865349e-1,7.333333492279e-1,6.000000238419e-1,6.666666865349e-1,7.333333492279e-1,6.000000238419e-1,6.666666865349e-1
2716,8.000000119209e-1,6.000000238419e-1,6.666666865349e-1,8.000000119209e-1,6.000000238419e-1,6.666666865349e-1,8.000000119209e-1,6.000000238419e-1,6.666666865349e-1
2717,8.666666746140e-1,6.000000238419e-1,6.666666865349e-1,8.666666746140e-1,6.000000238419e-1,6.666666865349e-1,8.666666746140e-1,6.000000238419e-1,6.666666865349e-1
2718,9.333333373070e-1,6.000000238419e-1,6.666666865349e-1,9.333333373070e-1,6.000000238419e-1,6.666666865349e-1,9.333333373070e-1,6.000000238419e-1,6.666666865349e-1
2719,1.000000000000e0,6.000000238419e-1,6.666666865349e-1,1.000000000000e0,6.000000238419e-1,6.666666865349e-1,1.000000000000e0,6.000000238419e-1,6.666666865349e-1
2720,0.000000000000e0,6.666666865349e-1,6.666666865349e-1,0.000000000000e0,6.666666865349e-1,6.666666865349e-1,0.000000000000e0,6.666666865349e-1,6.666666865349e-1
2721,6.666667014360e-2,6.666666865349e-1,6.666666865349e-1,6.666669994593e-2,6.666666865349e-1,6.666666865349e-1,6.666667014360e-2,6.666666865349e-1,6.666666865349e-1
2722,1.333333402872e-1,6.666666865349e-1,6.666666865349e-1,1.333332657814e-1,6.666666865349e-1,6.666666865349e-1,1.333333402872e-1,6.666666865349e-1,6.666666865349e-1
2723,2.000000029802e-1,6.666666865349e-1,6.666666865349e-1,2.000000178814e-1,6.666666865349e-1,6.666666865349e-1,2.000000029802e-1,6.666666865349e-1,6.666666865349e-1
2724,2.666666805744e-1,6.666666865349e-1,6.666666865349e-1,2.666666507721e-1,6.666666865349e-1,6.666666865349e-1,2.666666805744e-1,6.666666865349e-1,6.666666865349e-1
2725,3.333333432674e-1,6.666666865349e-1,6.666666865349e-1,3.333333134651e-1,6.666666865349e-1,6.666666865349e-1,3.333333432674e-1,6.666666865349e-1,6.666666865349e-1
2726,4.000000059605e-1,6.666666865349e-1,6.666666865349e-1,3.999999761581e-1,6.666666865349e-1,6.666666865349e-1,4.000000059605e-1,6.666666865349e-1,6.666666865349e-1
2727,4.666666686535e-1,6.666666865349e-1,6.666666865349e-1,4.666666984558e-1,6.666666865349e-1,6.666666865349e-1,4.666666686535e-1,6.666666865349e-1,6.666666865349e-1
2728,5.333333611488e-1,6.666666865349e-1,6.666666865349e-1,5.333333611488e-1,6.666666865349e-1,6.666666865349e-1,5.333333611488e-1,6.666666865349e-1,6.666666865349e-1
2729,6.000000238419e-1,6.666666865349e-1,6.666666865349e-1,6.000000238419e-1,6.666666865349e-1,6.666666865349e-1,6.000000238419e-1,6.666666865349e-1,6.666666865349e-1
2730,6.666666865349e-1,6.666666865349e-1,6.666666865349e-1,6.666666865349e-1,6.666666865349e-1,6.666666865349e-1,6.666666865349e-1,6.666666865349e-1,6.666666865349e-1
2731,7.333333492279e-1,6.666666865349e-1,6.666666865349e-1,7.333333492279e-1,6.666666865349e-1,6.666666865349e-1,7.333333492279e-1,6.666666865349e-1,6.666666865349e-1
2732,8.000000119209e-1,6.666666865349e-1,6.666666865349e-1,8.000000119209e-1,6.666666865349e-1,6.666666865349e-1,8.000000119209e-1,6.666666865349e-1,6.666666865349e-1
2733,8.666666746140e-1,6.666666865349e-1,6.666666865349e-1,8.666666746140e-1,6.666666865349e-1,6.666666865349e-1,8.666666746140e-1,6.666666865349e-1,6.666666865349e-1
2734,9.333333373070e-1,6.666666865349e-1,6.666666865349e-1,9.333333373070e-1,6.666666865349e-1,6.666666865349e-1,9.333333373070e-1,6.666666865349e-1,6.666666865349e-1
2735,1.000000000000e0,6.666666865349e-1,6.666666865349e-1,1.000000000000e0,6.666666269302e-1,6.666666269302e-1,1.000000000000e0,6.666666865349e-1,6.666666865349e-1
2736,0.000000000000e0,7.333333492279e-1,6.666666865349e-1,2.150842988158e-7,7.333333492279e-1,6.666666865349e-1,0.000000000000e0,7.333333492279e-1,6.666666865349e-1
2737,6.666667014360e-2,7.333333492279e-1,6.666666865349e-1,6.666645407677e-2,7.333333492279e-1,6.666666865349e-1,6.666667014360e-2,7.333333492279e-1,6.666666865349e-1
2738,1.333333402872e-1,7.333333492279e-1,6.666666865349e-1,1.333334445953e-1,7.333333492279e-1,6.666666865349e-1,1.333333402872e-1,7.333333492279e-1,6.666666865349e-1
2739,2.000000029802e-1,7.333333492279e-1,6.666666865349e-1,2.000000327826e-1,7.333333492279e-1,6.666666865349e-1,2.000000029802e-1,7.333333492279e-1,6.666666865349e-1
2740,2.666666805744e-1,7.333333492279e-1,6.666666865349e-1,2.666666805744e-1,7.333333492279e-1,6.666666865349e-1,2.666666805744e-1,7.333333492279e-1,6.666666865349e-1
2741,3.333333432674e-1,7.333333492279e-1,6.666666865349e-1,3.333333432674e-1,7.333333492279e-1,6.666666865349e-1,3.333333432674e-1,7.333333492279e-1,6.666666865349e-1
2742,4.000000059605e-1,7.333333492279e-1,6.666666865349e-1,3.999999761581e-1,7.333333492279e-1,6.666666865349e-1,4.000000059605e-1,7.333333492279e-1,6.666666865349e-1
2743,4.666666686535e-1,7.333333492279e-1,6.666666865349e-1,4.666666686535e-1,7.333334088326e-1,6.666666865349e-1,4.666666686535e-1,7.333333492279e-1,6.666666865349e-1
2744,5.333333611488e-1,7.333333492279e-1,6.666666865349e-1,5.333333611488e-1,7.333333492279e-1,6.666666865349e-1,5.333333611488e-1,7.333333492279e-1,6.666666865349e-1
2745,6.000000238419e-1,7.333333492279e-1,6.666666865349e-1,6.000000238419e-1,7.333333492279e-1,6.666666269302e-1,6.000000238419e-1,7.333333492279e-1,6.666666865349e-1
2746,6.666666865349e-1,7.333333492279e-1,6.666666865349e-1,6.666666269302e-1,7.333333492279e-1,6.666666865349e-1,6.666666865349e-1,7.333333492279e-1,6.666666865349e-1
2747,7.333333492279e-1,7.333333492279e-1,6.666666865349e-1,7.333333492279e-1,7.333334088326e-1,6.666666865349e-1,7.333333492279e-1,7.333333492279e-1,6.666666865349e-1
2748,8.000000119209e-1,7.333333492279e-1,6.666666865349e-1,8.000000119209e-1,7.333332896233e-1,6.666666865349e-1,8.000000119209e-1,7.333333492279e-1,6.666666865349e-1
2749,8.666666746140e-1,7.333333492279e-1,6.666666865349e-1,8.666666746140e-1,7.333332896233e-1,6.666666865349e-1,8.666666746140e-1,7.333333492279e-1,6.666666865349e-1
2750,9.333333373070e-1,7.333333492279e-1,6.666666865349e-1,9.333333373070e-1,7.333333492279e-1,6.666666865349e-1,9.333333373070e-1,7.333333492279e-1,6.666666865349e-1
2751,1.000000000000e0,7.333333492279e-1,6.666666865349e-1,1.000000000000e0,7.333333492279e-1,6.666666865349e-1,1.000000000000e0,7.333333492279e-1,6.666666865349e-1
2752,0.000000000000e0,8.000000119209e-1,6.666666865349e-1,8.498085435349e-8,8.000000119209e-1,6.666666269302e-1,5.603156860492e-18,8.000000119209e-1,6.666666865349e-1
2753,6.666667014360e-2,8.000000119209e-1,6.666666865349e-1,6.666681915522e-2,8.000000119209e-1,6.666666865349e-1,6.666667014360e-2,8.000000119209e-1,6.666666865349e-1
2754,1.333333402872e-1,8.000000119209e-1,6.666666865349e-1,1.333333253860e-1,8.000000119209e-1,6.666666865349e-1,1.333333402872e-1,8.000000119209e-1,6.666666865349e-1
2755,2.000000029802e-1,8.000000119209e-1,6.666666865349e-1,2.000000625849e-1,8.000000119209e-1,6.666666865349e-1,2.000000029802e-1,8.000000119209e-1,6.666666865349e-1
2756,2.666666805744e-1,8.000000119209e-1,6.666666865349e-1,2.666666805744e-1,8.000000119209e-1,6.666666865349e-1,2.666666805744e-1,8.000000119209e-1,6.666666865349e-1
2757,3.333333432674e-1,8.000000119209e-1,6.666666865349e-1,3.333332538605e-1,8.000000715256e-1,6.666666865349e-1,3.333333432674e-1,8.000000119209e-1,6.666666865349e-1
2758,4.000000059605e-1,8.000000119209e-1,6.666666865349e-1,3.999999761581e-1,8.000000119209e-1,6.666666865349e-1,4.000000059605e-1,8.000000119209e-1,6.666666865349e-1
2759,4.666666686535e-1,8.000000119209e-1,6.666666865349e-1,4.666666388512e-1,8.000000119209e-1,6.666666865349e-1,4.666666686535e-1,8.000000119209e-1,6.666666865349e-1
2760,5.333333611488e-1,8.000000119209e-1,6.666666865349e-1,5.333333611488e-1,8.000000119209e-1,6.666667461395e-1,5.333333611488e-1,8.000000119209e-1,6.666666865349e-1
2761,6.000000238419e-1,8.000000119209e-1,6.666666865349e-1,6.000000238419e-1,8.000000119209e-1,6.666666865349e-1,6.000000238419e-1,8.000000119209e-1,6.666666865349e-1
2762,6.666666865349e-1,8.000000119209e-1,6.666666865349e-1,6.666666865349e-1,8.000000119209e-1,6.666666865349e-1,6.666666865349e-1,8.000000119209e-1,6.666666865349e-1
2763,7.333333492279e-1,8.000000119209e-1,6.666666865349e-1,7.333333492279e-1,8.000000119209e-1,6.666666865349e-1,7.333333492279e-1,8.000000119209e-1,6.666666865349e-1
2764,8.000000119209e-1,8.000000119209e-1,6.666666865349e-1,8.000000119209e-1,7.999999523163e-1,6.666666865349e-1,8.000000119209e-1,8.000000119209e-1,6.666666865349e-1
2765,8.666666746140e-1,8.000000119209e-1,6.666666865349e-1,8.666667342186e-1,8.000000119209e-1,6.666666865349e-1,8.666666746140e-1,8.000000119209e-1,6.666666865349e-1
2766,9.333333373070e-1,8.000000119209e-1,6.666666865349e-1,9.333333373070e-1,7.999999523163e-1,6.666666865349e-1,9.333333373070e-1,8.000000119209e-1,6.666666865349e-1
2767,1.000000000000e0,8.000000119209e-1,6.666666865349e-1,1.000000000000e0,8.000000119209e-1,6.666666865349e-1,1.000000000000e0,8.000000119209e-1,6.666666865349e-1
2768,0.000000000000e0,8.666666746140e-1,6.666666865349e-1,0.000000000000e0,8.666666150093e-1,6.666666865349e-1,8.614853807424e-17,8.666666746140e-1,6.666666865349e-1
2769,6.666667014360e-2,8.666666746140e-1,6.666666865349e-1,6.666641682386e-2,8.666666746140e-1,6.666667461395e-1,6.666667014360e-2,8.666666746140e-1,6.666666865349e-1
2770,1.333333402872e-1,8.666666746140e-1,6.666666865349e-1,1.333335191011e-1,8.666666746140e-1,6.666666269302e-1,1.333333402872e-1,8.666666746140e-1,6.666666865349e-1
2771,2.000000029802e-1,8.666666746140e-1,6.666666865349e-1,1.999999731779e-1,8.666666150093e-1,6.666666865349e-1,2.000000029802e-1,8.666666746140e-1,6.666666865349e-1
2772,2.666666805744e-1,8.666666746140e-1,6.666666865349e-1,2.666666507721e-1,8.666666746140e-1,6.666666865349e-1,2.666666805744e-1,8.666666746140e-1,6.666666865349e-1
2773,3.333333432674e-1,8.666666746140e-1,6.666666865349e-1,3.333333730698e-1,8.666666746140e-1,6.666666865349e-1,3.333333432674e-1,8.666666746140e-1,6.666666865349e-1
2774,4.000000059605e-1,8.666666746140e-1,6.666666865349e-1,4.000000059605e-1,8.666666746140e-1,6.666666865349e-1,4.000000059605e-1,8.666666746140e-1,6.666666865349e-1
2775,4.666666686535e-1,8.666666746140e-1,6.666666865349e-1,4.666666686535e-1,8.666666746140e-1,6.666666865349e-1,4.666666686535e-1,8.666666746140e-1,6.666666865349e-1
2776,5.333333611488e-1,8.666666746140e-1,6.666666865349e-1,5.333333611488e-1,8.666667342186e-1,6.666666865349e-1,5.333333611488e-1,8.666666746140e-1,6.666666865349e-1
2777,6.000000238419e-1,8.666666746140e-1,6.666666865349e-1,6.000000238419e-1,8.666666746140e-1,6.666666865349e-1,6.000000238419e-1,8.666666746140e-1,6.666666865349e-1
2778,6.666666865349e-1,8.666666746140e-1,6.666666865349e-1,6.666666865349e-1,8.666666746140e-1,6.666666865349e-1,6.666666865349e-1,8.666666746140e-1,6.666666865349e-1
2779,7.333333492279e-1,8.666666746140e-1,6.666666865349e-1,7.333333492279e-1,8.666666746140e-1,6.666666865349e-1,7.333333492279e-1,8.666666746140e-1,6.666666865349e-1
2780,8.000000119209e-1,8.666666746140e-1,6.666666865349e-1,8.000000119209e-1,8.666666746140e-1,6.666666865349e-1,8.000000119209e-1,8.666666746140e-1,6.666666865349e-1
2781,8.666666746140e-1,8.666666746140e-1,6.666666865349e-1,8.666667342186e-1,8.666667342186e-1,6.666666865349e-1,8.666666746140e-1,8.666666746140e-1,6.666666865349e-1
2782,9.333333373070e-1,8.666666746140e-1,6.666666865349e-1,9.333333373070e-1,8.666666746140e-1,6.666666269302e-1,9.333333373070e-1,8.666666746140e-1,6.666666865349e-1
2783,1.000000000000e0,8.666666746140e-1,6.666666865349e-1,1.000000000000e0,8.666666746140e-1,6.666666865349e-1,1.000000000000e0,8.666666746140e-1,6.666666865349e-1
2784,0.000000000000e0,9.333333373070e-1,6.666666865349e-1,1.316075248781e-9,9.333333373070e-1,6.666666865349e-1,0.000000000000e0,9.333333373070e-1,6.666666865349e-1
2785,6.666667014360e-2,9.333333373070e-1,6.666666865349e-1,6.666690856218e-2,9.333333373070e-1,6.666666865349e-1,6.666667014360e-2,9.333333373070e-1,6.666666865349e-1
2786,1.333333402872e-1,9.333333373070e-1,6.666666865349e-1,1.333332806826e-1,9.333333373070e-1,6.666666865349e-1,1.333333402872e-1,9.333333373070e-1,6.666666865349e-1
2787,2.000000029802e-1,9.333333373070e-1,6.666666865349e-1,2.000000029802e-1,9.333333373070e-1,6.666667461395e-1,2.000000029802e-1,9.333333373070e-1,6.666666865349e-1
2788,2.666666805744e-1,9.333333373070e-1,6.666666865349e-1,2.666665315628e-1,9.333333373070e-1,6.666666865349e-1,2.666666805744e-1,9.333333373070e-1,6.666666865349e-1
2789,3.333333432674e-1,9.333333373070e-1,6.666666865349e-1,3.333332836628e-1,9.333333373070e-1,6.666666865349e-1,3.333333432674e-1,9.333333373070e-1,6.666666865349e-1
2790,4.000000059605e-1,9.333333373070e-1,6.666666865349e-1,4.000000357628e-1,9.333333373070e-1,6.666666865349e-1,4.000000059605e-1,9.333333373070e-1,6.666666865349e-1
2791,4.666666686535e-1,9.333333373070e-1,6.666666865349e-1,4.666666388512e-1,9.333333373070e-1,6.666666865349e-1,4.666666686535e-1,9.333333373070e-1,6.666666865349e-1
2792,5.333333611488e-1,9.333333373070e-1,6.666666865349e-1,5.333333611488e-1,9.333333373070e-1,6.666666865349e-1,5.333333611488e-1,9.333333373070e-1,6.666666865349e-1
2793,6.000000238419e-1,9.333333373070e-1,6.666666865349e-1,6.000000238419e-1,9.333333373070e-1,6.666666865349e-1,6.000000238419e-1,9.333333373070e-1,6.666666865349e-1
2794,6.666666865349e-1,9.333333373070e-1,6.666666865349e-1,6.666666865349e-1,9.333333373070e-1,6.666666865349e-1,6.666666865349e-1,9.333333373070e-1,6.666666865349e-1
2795,7.333333492279e-1,9.333333373070e-1,6.666666865349e-1,7.333333492279e-1,9.333333373070e-1,6.666666865349e-1,7.333333492279e-1,9.333333373070e-1,6.666666865349e-1
2796,8.000000119209e-1,9.333333373070e-1,6.666666865349e-1,8.000000119209e-1,9.333333373070e-1,6.666666865349e-1,8.000000119209e-1,9.333333373070e-1,6.666666865349e-1
2797,8.666666746140e-1,9.333333373070e-1,6.666666865349e-1,8.666667342186e-1,9.333333373070e-1,6.666666865349e-1,8.666666746140e-1,9.333333373070e-1,6.666666865349e-1
2798,9.333333373070e-1,9.333333373070e-1,6.666666865349e-1,9.333333373070e-1,9.333333373070e-1,6.666666865349e-1,9.333333373070e-1,9.333333373070e-1,6.666666865349e-1
2799,1.000000000000e0,9.333333373070e-1,6.666666865349e-1,1.000000000000e0,9.333333373070e-1,6.666668057442e-1,1.000000000000e0,9.333333373070e-1,6.666666865349e-1
2800,0.000000000000e0,1.000000000000e0,6.666666865349e-1,0.000000000000e0,9.999999403954e-1,6.666666865349e-1,8.606448514200e-15,1.000000000000e0,6.666666865349e-1
2801,6.666667014360e-2,1.000000000000e0,6.666666865349e-1,6.666670739651e-2,1.000000000000e0,6.666666865349e-1,6.666667014360e-2,1.000000000000e0,6.666666865349e-1
2802,1.333333402872e-1,1.000000000000e0,6.666666865349e-1,1.333330273628e-1,1.000000000000e0,6.666666865349e-1,1.333333402872e-1,1.000000000000e0,6.666666865349e-1
2803,2.000000029802e-1,1.000000000000e0,6.666666865349e-1,2.000000029802e-1,9.999999403954e-1,6.666666865349e-1,2.000000029802e-1,1.000000000000e0,6.666666865349e-1
2804,2.666666805744e-1,1.000000000000e0,6.666666865349e-1,2.666666805744e-1,1.000000000000e0,6.666666865349e-1,2.666666805744e-1,1.000000000000e0,6.666666865349e-1
2805,3.333333432674e-1,1.000000000000e0,6.666666865349e-1,3.333333432674e-1,1.000000000000e0,6.666666865349e-1,3.333333432674e-1,1.000000000000e0,6.666666865349e-1
2806,4.000000059605e-1,1.000000000000e0,6.666666865349e-1,3.999998867512e-1,1.000000000000e0,6.666666865349e-1,4.000000059605e-1,1.000000000000e0,6.666666865349e-1
2807,4.666666686535e-1,1.000000000000e0,6.666666865349e-1,4.666666388512e-1,9.999999403954e-1,6.666666865349e-1,4.666666686535e-1,1.000000000000e0,6.666666865349e-1
2808,5.333333611488e-1,1.000000000000e0,6.666666865349e-1,5.333336591721e-1,1.000000000000e0,6.666668653488e-1,5.333333611488e-1,1.000000000000e0,6.666666865349e-1
2809,6.000000238419e-1,1.000000000000e0,6.666666865349e-1,6.000000238419e-1,1.000000000000e0,6.666666865349e-1,6.000000238419e-1,1.000000000000e0,6.666666865349e-1
2810,6.666666865349e-1,1.000000000000e0,6.666666865349e-1,6.666667461395e-1,1.000000000000e0,6.666666865349e-1,6.666666865349e-1,1.000000000000e0,6.666666865349e-1
2811,7.333333492279e-1,1.000000000000e0,6.666666865349e-1,7.333335876465e-1,1.000000000000e0,6.666668653488e-1,7.333333492279e-1,1.000000000000e0,6.666666865349e-1
2812,8.000000119209e-1,1.000000000000e0,6.666666865349e-1,8.000000119209e-1,9.999999403954e-1,6.666666865349e-1,8.000000119209e-1,1.000000000000e0,6.666666865349e-1
2813,8.666666746140e-1,1.000000000000e0,6.666666865349e-1,8.666666150093e-1,9.999999403954e-1,6.666666865349e-1,8.666666746140e-1,1.000000000000e0,6.666666865349e-1
2814,9.333333373070e-1,1.000000000000e0,6.666666865349e-1,9.333333373070e-1,1.000000000000e0,6.666666865349e-1,9.333333373070e-1,1.000000000000e0,6.666666865349e-1
2815,1.000000000000e0,1.000000000000e0,6.666666865349e-1,1.000000000000e0,9.999999403954e-1,6.666667461395e-1,1.000000000000e0,1.000000000000e0,6.666666865349e-1
2816,0.000000000000e0,0.000000000000e0,7.333333492279e-1,0.000000000000e0,5.301902916699e-8,7.333333492279e-1,0.000000000000e0,8.965050976788e-17,7.333333492279e-1
2817,6.666667014360e-2,0.000000000000e0,7.333333492279e-1,6.666667759418e-2,2.481741745441e-8,7.333333492279e-1,6.666667014360e-2,2.801578347528e-17,7.333333492279e-1
2818,1.333333402872e-1,0.000000000000e0,7.333333492279e-1,1.333333402872e-1,0.000000000000e0,7.333333492279e-1,1.333333402872e-1,2.101183843364e-17,7.333333492279e-1
2819,2.000000029802e-1,0.000000000000e0,7.333333492279e-1,2.000000178814e-1,0.000000000000e0,7.333332896233e-1,2.000000029802e-1,3.642052083397e-17,7.333333492279e-1
2820,2.666666805744e-1,0.000000000000e0,7.333333492279e-1,2.666666805744e-1,0.000000000000e0,7.333333492279e-1,2.666666805744e-1,0.000000000000e0,7.333333492279e-1
2821,3.333333432674e-1,0.000000000000e0,7.333333492279e-1,3.333333134651e-1,0.000000000000e0,7.333333492279e-1,3.333333432674e-1,0.000000000000e0,7.333333492279e-1
2822,4.000000059605e-1,0.000000000000e0,7.333333492279e-1,3.999999761581e-1,0.000000000000e0,7.333332896233e-1,4.000000059605e-1,0.000000000000e0,7.333333492279e-1
2823,4.666666686535e-1,0.000000000000e0,7.333333492279e-1,4.666666388512e-1,1.052860199025e-7,7.333332896233e-1,4.666666686535e-1,1.961104942531e-17,7.333333492279e-1
2824,5.333333611488e-1,0.000000000000e0,7.333333492279e-1,5.333333611488e-1,0.000000000000e0,7.333334088326e-1,5.333333611488e-1,0.000000000000e0,7.333333492279e-1
2825,6.000000238419e-1,0.000000000000e0,7.333333492279e-1,6.000000238419e-1,6.016343689907e-8,7.333333492279e-1,6.000000238419e-1,0.000000000000e0,7.333333492279e-1
2826,6.666666865349e-1,0.000000000000e0,7.333333492279e-1,6.666666865349e-1,0.000000000000e0,7.333333492279e-1,6.666666865349e-1,0.000000000000e0,7.333333492279e-1
2827,7.333333492279e-1,0.000000000000e0,7.333333492279e-1,7.333334088326e-1,6.542774144691e-8,7.333333492279e-1,7.333333492279e-1,0.000000000000e0,7.333333492279e-1
2828,8.000000119209e-1,0.000000000000e0,7.333333492279e-1,8.000000119209e-1,5.565118144091e-8,7.333333492279e-1,8.000000119209e-1,0.000000000000e0,7.333333492279e-1
2829,8.666666746140e-1,0.000000000000e0,7.333333492279e-1,8.666666746140e-1,0.000000000000e0,7.333333492279e-1,8.666666746140e-1,0.000000000000e0,7.333333492279e-1
2830,9.333333373070e-1,0.000000000000e0,7.333333492279e-1,9.333333373070e-1,0.000000000000e0,7.333333492279e-1,9.333333373070e-1,0.000000000000e0,7.333333492279e-1
2831,1.000000000000e0,0.000000000000e0,7.333333492279e-1,1.000000000000e0,0.000000000000e0,7.333333492279e-1,1.000000000000e0,3.852170186492e-18,7.333333492279e-1
2832,0.000000000000e0,6.666667014360e-2,7.333333492279e-1,0.000000000000e0,6.666670739651e-2,7.333333492279e-1,3.221815215463e-17,6.666667014360e-2,7.333333492279e-1
2833,6.666667014360e-2,6.666667014360e-2,7.333333492279e-1,6.666664034128e-2,6.666666269302e-2,7.333333492279e-1,6.666667014360e-2,6.666667014360e-2,7.333333492279e-1
2834,1.333333402872e-1,6.666667014360e-2,7.333333492279e-1,1.333333402872e-1,6.666667014360e-2,7.333333492279e-1,1.333333402872e-1,6.666667014360e-2,7.333333492279e-1
2835,2.000000029802e-1,6.666667014360e-2,7.333333492279e-1,1.999999880791e-1,6.666663289070e-2,7.333333492279e-1,2.000000029802e-1,6.666667014360e-2,7.333333492279e-1
2836,2.666666805744e-1,6.666667014360e-2,7.333333492279e-1,2.666666805744e-1,6.666667759418e-2,7.333333492279e-1,2.666666805744e-1,6.666667014360e-2,7.333333492279e-1
2837,3.333333432674e-1,6.666667014360e-2,7.333333492279e-1,3.333333432674e-1,6.666665524244e-2,7.333333492279e-1,3.333333432674e-1,6.666667014360e-2,7.333333492279e-1
2838,4.000000059605e-1,6.666667014360e-2,7.333333492279e-1,4.000000059605e-1,6.666666269302e-2,7.333333492279e-1,4.000000059605e-1,6.666667014360e-2,7.333333492279e-1
2839,4.666666686535e-1,6.666667014360e-2,7.333333492279e-1,4.666666686535e-1,6.666664779186e-2,7.333333492279e-1,4.666666686535e-1,6.666667014360e-2,7.333333492279e-1
2840,5.333333611488e-1,6.666667014360e-2,7.333333492279e-1,5.333333611488e-1,6.666671484709e-2,7.333333492279e-1,5.333333611488e-1,6.666667014360e-2,7.333333492279e-1
2841,6.000000238419e-1,6.666667014360e-2,7.333333492279e-1,6.000000238419e-1,6.666664034128e-2,7.333333492279e-1,6.000000238419e-1,6.666667014360e-2,7.333333492279e-1
2842,6.666666865349e-1,6.666667014360e-2,7.333333492279e-1,6.666666865349e-1,6.666672229767e-2,7.333333492279e-1,6.666666865349e-1,6.666667014360e-2,7.333333492279e-1
2843,7.333333492279e-1,6.666667014360e-2,7.333333492279e-1,7.333333492279e-1,6.666667014360e-2,7.333334088326e-1,7.333333492279e-1,6.666667014360e-2,7.333333492279e-1
2844,8.000000119209e-1,6.666667014360e-2,7.333333492279e-1,8.000000119209e-1,6.666669994593e-2,7.333333492279e-1,8.000000119209e-1,6.666667014360e-2,7.333333492279e-1
2845,8.666666746140e-1,6.666667014360e-2,7.333333492279e-1,8.666666746140e-1,6.666670739651e-2,7.333333492279e-1,8.666666746140e-1,6.666667014360e-2,7.333333492279e-1
2846,9.333333373070e-1,6.666667014360e-2,7.333333492279e-1,9.333333373070e-1,6.666670739651e-2,7.333333492279e-1,9.333333373070e-1,6.666667014360e-2,7.333333492279e-1
2847,1.000000000000e0,6.666667014360e-2,7.333333492279e-1,9.999999403954e-1,6.666667759418e-2,7.333334088326e-1,1.000000000000e0,6.666667014360e-2,7.333333492279e-1
2848,0.000000000000e0,1.333333402872e-1,7.333333492279e-1,7.520429834429e-10,1.333333402872e-1,7.333333492279e-1,0.000000000000e0,1.333333402872e-1,7.333333492279e-1
2849,6.666667014360e-2,1.333333402872e-1,7.333333492279e-1,6.666666269302e-2,1.333333402872e-1,7.333333492279e-1,6.666667014360e-2,1.333333402872e-1,7.333333492279e-1
2850,1.333333402872e-1,1.333333402872e-1,7.333333492279e-1,1.333333253860e-1,1.333333700895e-1,7.333333492279e-1,1.333333402872e-1,1.333333402872e-1,7.333333492279e-1
2851,2.000000029802e-1,1.333333402872e-1,7.333333492279e-1,1.999999880791e-1,1.333333551884e-1,7.333333492279e-1,2.000000029802e-1,1.333333402872e-1,7.333333492279e-1
2852,2.666666805744e-1,1.333333402872e-1,7.333333492279e-1,2.666666805744e-1,1.333333402872e-1,7.333332896233e-1,2.666666805744e-1,1.333333402872e-1,7.333333492279e-1
2853,3.333333432674e-1,1.333333402872e-1,7.333333492279e-1,3.333333730698e-1,1.333333253860e-1,7.333333492279e-1,3.333333432674e-1,1.333333402872e-1,7.333333492279e-1
2854,4.000000059605e-1,1.333333402872e-1,7.333333492279e-1,4.000000059605e-1,1.333333402872e-1,7.333333492279e-1,4.000000059605e-1,1.333333402872e-1,7.333333492279e-1
2855,4.666666686535e-1,1.333333402872e-1,7.333333492279e-1,4.666666686535e-1,1.333333551884e-1,7.333334088326e-1,4.666666686535e-1,1.333333402872e-1,7.333333492279e-1
2856,5.333333611488e-1,1.333333402872e-1,7.333333492279e-1,5.333333611488e-1,1.333333402872e-1,7.333332896233e-1,5.333333611488e-1,1.333333402872e-1,7.333333492279e-1
2857,6.000000238419e-1,1.333333402872e-1,7.333333492279e-1,6.000000238419e-1,1.333333551884e-1,7.333334088326e-1,6.000000238419e-1,1.333333402872e-1,7.333333492279e-1
2858,6.666666865349e-1,1.333333402872e-1,7.333333492279e-1,6.666666865349e-1,1.333333551884e-1,7.333333492279e-1,6.666666865349e-1,1.333333402872e-1,7.333333492279e-1
2859,7.333333492279e-1,1.333333402872e-1,7.333333492279e-1,7.333333492279e-1,1.333333253860e-1,7.333333492279e-1,7.333333492279e-1,1.333333402872e-1,7.333333492279e-1
2860,8.000000119209e-1,1.333333402872e-1,7.333333492279e-1,8.000000715256e-1,1.333333253860e-1,7.333333492279e-1,8.000000119209e-1,1.333333402872e-1,7.333333492279e-1
2861,8.666666746140e-1,1.333333402872e-1,7.333333492279e-1,8.666666746140e-1,1.333333402872e-1,7.333333492279e-1,8.666666746140e-1,1.333333402872e-1,7.333333492279e-1
2862,9.333333373070e-1,1.333333402872e-1,7.333333492279e-1,9.333333373070e-1,1.333333551884e-1,7.333333492279e-1,9.333333373070e-1,1.333333402872e-1,7.333333492279e-1
2863,1.000000000000e0,1.333333402872e-1,7.333333492279e-1,1.000000000000e0,1.333333700895e-1,7.333333492279e-1,1.000000000000e0,1.333333402872e-1,7.333333492279e-1
2864,0.000000000000e0,2.000000029802e-1,7.333333492279e-1,1.128064486267e-8,2.000000327826e-1,7.333333492279e-1,0.000000000000e0,2.000000029802e-1,7.333333492279e-1
2865,6.666667014360e-2,2.000000029802e-1,7.333333492279e-1,6.666665524244e-2,1.999999880791e-1,7.333333492279e-1,6.666667014360e-2,2.000000029802e-1,7.333333492279e-1
2866,1.333333402872e-1,2.000000029802e-1,7.333333492279e-1,1.333333402872e-1,2.000000029802e-1,7.333333492279e-1,1.333333402872e-1,2.000000029802e-1,7.333333492279e-1
2867,2.000000029802e-1,2.000000029802e-1,7.333333492279e-1,1.999999880791e-1,2.000000029802e-1,7.333333492279e-1,2.000000029802e-1,2.000000029802e-1,7.333333492279e-1
2868,2.666666805744e-1,2.000000029802e-1,7.333333492279e-1,2.666666805744e-1,2.000000029802e-1,7.333334088326e-1,2.666666805744e-1,2.000000029802e-1,7.333333492279e-1
2869,3.333333432674e-1,2.000000029802e-1,7.333333492279e-1,3.333333432674e-1,2.000000029802e-1,7.333333492279e-1,3.333333432674e-1,2.000000029802e-1,7.333333492279e-1
2870,4.000000059605e-1,2.000000029802e-1,7.333333492279e-1,4.000000059605e-1,2.000000029802e-1,7.333333492279e-1,4.000000059605e-1,2.000000029802e-1,7.333333492279e-1
2871,4.666666686535e-1,2.000000029802e-1,7.333333492279e-1,4.666666686535e-1,2.000000029802e-1,7.333333492279e-1,4.666666686535e-1,2.000000029802e-1,7.333333492279e-1
2872,5.333333611488e-1,2.000000029802e-1,7.333333492279e-1,5.333333611488e-1,2.000000327826e-1,7.333333492279e-1,5.333333611488e-1,2.000000029802e-1,7.333333492279e-1
2873,6.000000238419e-1,2.000000029802e-1,7.333333492279e-1,6.000000238419e-1,2.000000178814e-1,7.333333492279e-1,6.000000238419e-1,2.000000029802e-1,7.333333492279e-1
2874,6.666666865349e-1,2.000000029802e-1,7.333333492279e-1,6.666666865349e-1,1.999999880791e-1,7.333333492279e-1,6.666666865349e-1,2.000000029802e-1,7.333333492279e-1
2875,7.333333492279e-1,2.000000029802e-1,7.333333492279e-1,7.333333492279e-1,2.000000029802e-1,7.333333492279e-1,7.333333492279e-1,2.000000029802e-1,7.333333492279e-1
2876,8.000000119209e-1,2.000000029802e-1,7.333333492279e-1,7.999999523163e-1,2.000000327826e-1,7.333333492279e-1,8.000000119209e-1,2.000000029802e-1,7.333333492279e-1
2877,8.666666746140e-1,2.000000029802e-1,7.333333492279e-1,8.666666746140e-1,2.000000029802e-1,7.333332896233e-1,8.666666746140e-1,2.000000029802e-1,7.333333492279e-1
2878,9.333333373070e-1,2.000000029802e-1,7.333333492279e-1,9.333333373070e-1,2.000000178814e-1,7.333333492279e-1,9.333333373070e-1,2.000000029802e-1,7.333333492279e-1
2879,1.000000000000e0,2.000000029802e-1,7.333333492279e-1,1.000000000000e0,2.000000327826e-1,7.333334088326e-1,1.000000000000e0,2.000000029802e-1,7.333333492279e-1
2880,0.000000000000e0,2.666666805744e-1,7.333333492279e-1,3.760214917214e-10,2.666666805744e-1,7.333333492279e-1,0.000000000000e0,2.666666805744e-1,7.333333492279e-1
2881,6.666667014360e-2,2.666666805744e-1,7.333333492279e-1,6.666670739651e-2,2.666666805744e-1,7.333334088326e-1,6.666667014360e-2,2.666666805744e-1,7.333333492279e-1
2882,1.333333402872e-1,2.666666805744e-1,7.333333492279e-1,1.333333551884e-1,2.666666805744e-1,7.333333492279e-1,1.333333402872e-1,2.666666805744e-1,7.333333492279e-1
2883,2.000000029802e-1,2.666666805744e-1,7.333333492279e-1,2.000000029802e-1,2.666666805744e-1,7.333333492279e-1,2.000000029802e-1,2.666666805744e-1,7.333333492279e-1
2884,2.666666805744e-1,2.666666805744e-1,7.333333492279e-1,2.666667103767e-1,2.666666805744e-1,7.333333492279e-1,2.666666805744e-1,2.666666805744e-1,7.333333492279e-1
2885,3.333333432674e-1,2.666666805744e-1,7.333333492279e-1,3.333333432674e-1,2.666666805744e-1,7.333333492279e-1,3.333333432674e-1,2.666666805744e-1,7.333333492279e-1
2886,4.000000059605e-1,2.666666805744e-1,7.333333492279e-1,4.000000357628e-1,2.666666805744e-1,7.333332896233e-1,4.000000059605e-1,2.666666805744e-1,7.333333492279e-1
2887,4.666666686535e-1,2.666666805744e-1,7.333333492279e-1,4.666666388512e-1,2.666667103767e-1,7.333333492279e-1,4.666666686535e-1,2.666666805744e-1,7.333333492279e-1
2888,5.333333611488e-1,2.666666805744e-1,7.333333492279e-1,5.333333611488e-1,2.666666805744e-1,7.333332896233e-1,5.333333611488e-1,2.666666805744e-1,7.333333492279e-1
2889,6.000000238419e-1,2.666666805744e-1,7.333333492279e-1,6.000000238419e-1,2.666666507721e-1,7.333334088326e-1,6.000000238419e-1,2.666666805744e-1,7.333333492279e-1
2890,6.666666865349e-1,2.666666805744e-1,7.333333492279e-1,6.666666865349e-1,2.666666805744e-1,7.333333492279e-1,6.666666865349e-1,2.666666805744e-1,7.333333492279e-1
2891,7.333333492279e-1,2.666666805744e-1,7.333333492279e-1,7.333333492279e-1,2.666666805744e-1,7.333333492279e-1,7.333333492279e-1,2.666666805744e-1,7.333333492279e-1
2892,8.000000119209e-1,2.666666805744e-1,7.333333492279e-1,8.000000119209e-1,2.666666805744e-1,7.333332896233e-1,8.000000119209e-1,2.666666805744e-1,7.333333492279e-1
2893,8.666666746140e-1,2.666666805744e-1,7.333333492279e-1,8.666666746140e-1,2.666666805744e-1,7.333333492279e-1,8.666666746140e-1,2.666666805744e-1,7.333333492279e-1
2894,9.333333373070e-1,2.666666805744e-1,7.333333492279e-1,9.333333373070e-1,2.666666507721e-1,7.333333492279e-1,9.333333373070e-1,2.666666805744e-1,7.333333492279e-1
2895,1.000000000000e0,2.666666805744e-1,7.333333492279e-1,9.999999403954e-1,2.666667103767e-1,7.333333492279e-1,1.000000000000e0,2.666666805744e-1,7.333333492279e-1
2896,0.000000000000e0,3.333333432674e-1,7.333333492279e-1,7.520429834429e-10,3.333333134651e-1,7.333333492279e-1,4.202367438574e-18,3.333333432674e-1,7.333333492279e-1
2897,6.666667014360e-2,3.333333432674e-1,7.333333492279e-1,6.666667759418e-2,3.333333432674e-1,7.333333492279e-1,6.666667014360e-2,3.333333432674e-1,7.333333492279e-1
2898,1.333333402872e-1,3.333333432674e-1,7.333333492279e-1,1.333333253860e-1,3.333333432674e-1,7.333332896233e-1,1.333333402872e-1,3.333333432674e-1,7.333333492279e-1
2899,2.000000029802e-1,3.333333432674e-1,7.333333492279e-1,2.000000029802e-1,3.333333432674e-1,7.333333492279e-1,2.000000029802e-1,3.333333432674e-1,7.333333492279e-1
2900,2.666666805744e-1,3.333333432674e-1,7.333333492279e-1,2.666666805744e-1,3.333333134651e-1,7.333333492279e-1,2.666666805744e-1,3.333333432674e-1,7.333333492279e-1
2901,3.333333432674e-1,3.333333432674e-1,7.333333492279e-1,3.333333432674e-1,3.333333432674e-1,7.333333492279e-1,3.333333432674e-1,3.333333432674e-1,7.333333492279e-1
2902,4.000000059605e-1,3.333333432674e-1,7.333333492279e-1,4.000000357628e-1,3.333333432674e-1,7.333333492279e-1,4.000000059605e-1,3.333333432674e-1,7.333333492279e-1
2903,4.666666686535e-1,3.333333432674e-1,7.333333492279e-1,4.666666686535e-1,3.333333432674e-1,7.333332896233e-1,4.666666686535e-1,3.333333432674e-1,7.333333492279e-1
2904,5.333333611488e-1,3.333333432674e-1,7.333333492279e-1,5.333333611488e-1,3.333333432674e-1,7.333333492279e-1,5.333333611488e-1,3.333333432674e-1,7.333333492279e-1
2905,6.000000238419e-1,3.333333432674e-1,7.333333492279e-1,6.000000238419e-1,3.333333432674e-1,7.333333492279e-1,6.000000238419e-1,3.333333432674e-1,7.333333492279e-1
2906,6.666666865349e-1,3.333333432674e-1,7.333333492279e-1,6.666666865349e-1,3.333333432674e-1,7.333333492279e-1,6.666666865349e-1,3.333333432674e-1,7.333333492279e-1
2907,7.333333492279e-1,3.333333432674e-1,7.333333492279e-1,7.333333492279e-1,3.333333432674e-1,7.333333492279e-1,7.333333492279e-1,3.333333432674e-1,7.333333492279e-1
2908,8.000000119209e-1,3.333333432674e-1,7.333333492279e-1,8.000000119209e-1,3.333333730698e-1,7.333332896233e-1,8.000000119209e-1,3.333333432674e-1,7.333333492279e-1
2909,8.666666746140e-1,3.333333432674e-1,7.333333492279e-1,8.666666746140e-1,3.333333432674e-1,7.333334088326e-1,8.666666746140e-1,3.333333432674e-1,7.333333492279e-1
2910,9.333333373070e-1,3.333333432674e-1,7.333333492279e-1,9.333333373070e-1,3.333333432674e-1,7.333332896233e-1,9.333333373070e-1,3.333333432674e-1,7.333333492279e-1
2911,1.000000000000e0,3.333333432674e-1,7.333333492279e-1,1.000000000000e0,3.333333432674e-1,7.333333492279e-1,1.000000000000e0,3.333333432674e-1,7.333333492279e-1
2912,0.000000000000e0,4.000000059605e-1,7.333333492279e-1,0.000000000000e0,4.000000059605e-1,7.333333492279e-1,1.498844387803e-16,4.000000059605e-1,7.333333492279e-1
2913,6.666667014360e-2,4.000000059605e-1,7.333333492279e-1,6.666662544012e-2,4.000000059605e-1,7.333333492279e-1,6.666667014360e-2,4.000000059605e-1,7.333333492279e-1
2914,1.333333402872e-1,4.000000059605e-1,7.333333492279e-1,1.333333998919e-1,4.000000059605e-1,7.333333492279e-1,1.333333402872e-1,4.000000059605e-1,7.333333492279e-1
2915,2.000000029802e-1,4.000000059605e-1,7.333333492279e-1,2.000000178814e-1,4.000000059605e-1,7.333333492279e-1,2.000000029802e-1,4.000000059605e-1,7.333333492279e-1
2916,2.666666805744e-1,4.000000059605e-1,7.333333492279e-1,2.666667103767e-1,4.000000357628e-1,7.333333492279e-1,2.666666805744e-1,4.000000059605e-1,7.333333492279e-1
2917,3.333333432674e-1,4.000000059605e-1,7.333333492279e-1,3.333333432674e-1,3.999999761581e-1,7.333333492279e-1,3.333333432674e-1,4.000000059605e-1,7.333333492279e-1
2918,4.000000059605e-1,4.000000059605e-1,7.333333492279e-1,4.000000059605e-1,4.000000059605e-1,7.333333492279e-1,4.000000059605e-1,4.000000059605e-1,7.333333492279e-1
2919,4.666666686535e-1,4.000000059605e-1,7.333333492279e-1,4.666666388512e-1,4.000000059605e-1,7.333334088326e-1,4.666666686535e-1,4.000000059605e-1,7.333333492279e-1
2920,5.333333611488e-1,4.000000059605e-1,7.333333492279e-1,5.333333611488e-1,4.000000059605e-1,7.333333492279e-1,5.333333611488e-1,4.000000059605e-1,7.333333492279e-1
2921,6.000000238419e-1,4.000000059605e-1,7.333333492279e-1,6.000000238419e-1,4.000000059605e-1,7.333333492279e-1,6.000000238419e-1,4.000000059605e-1,7.333333492279e-1
2922,6.666666865349e-1,4.000000059605e-1,7.333333492279e-1,6.666666865349e-1,4.000000357628e-1,7.333333492279e-1,6.666666865349e-1,4.000000059605e-1,7.333333492279e-1
2923,7.333333492279e-1,4.000000059605e-1,7.333333492279e-1,7.333333492279e-1,4.000000059605e-1,7.333333492279e-1,7.333333492279e-1,4.000000059605e-1,7.333333492279e-1
2924,8.000000119209e-1,4.000000059605e-1,7.333333492279e-1,8.000000119209e-1,4.000000059605e-1,7.333333492279e-1,8.000000119209e-1,4.000000059605e-1,7.333333492279e-1
2925,8.666666746140e-1,4.000000059605e-1,7.333333492279e-1,8.666666746140e-1,4.000000059605e-1,7.333333492279e-1,8.666666746140e-1,4.000000059605e-1,7.333333492279e-1
2926,9.333333373070e-1,4.000000059605e-1,7.333333492279e-1,9.333333373070e-1,4.000000059605e-1,7.333333492279e-1,9.333333373070e-1,4.000000059605e-1,7.333333492279e-1
2927,1.000000000000e0,4.000000059605e-1,7.333333492279e-1,1.000000000000e0,4.000000059605e-1,7.333333492279e-1,1.000000000000e0,4.000000059605e-1,7.333333492279e-1
2928,0.000000000000e0,4.666666686535e-1,7.333333492279e-1,1.240870872721e-8,4.666666686535e-1,7.333333492279e-1,0.000000000000e0,4.666666686535e-1,7.333333492279e-1
2929,6.666667014360e-2,4.666666686535e-1,7.333333492279e-1,6.666666269302e-2,4.666666388512e-1,7.333333492279e-1,6.666667014360e-2,4.666666686535e-1,7.333333492279e-1
2930,1.333333402872e-1,4.666666686535e-1,7.333333492279e-1,1.333333402872e-1,4.666666984558e-1,7.333333492279e-1,1.333333402872e-1,4.666666686535e-1,7.333333492279e-1
2931,2.000000029802e-1,4.666666686535e-1,7.333333492279e-1,2.000000029802e-1,4.666666686535e-1,7.333332896233e-1,2.000000029802e-1,4.666666686535e-1,7.333333492279e-1
2932,2.666666805744e-1,4.666666686535e-1,7.333333492279e-1,2.666666805744e-1,4.666666686535e-1,7.333333492279e-1,2.666666805744e-1,4.666666686535e-1,7.333333492279e-1
2933,3.333333432674e-1,4.666666686535e-1,7.333333492279e-1,3.333333432674e-1,4.666666388512e-1,7.333333492279e-1,3.333333432674e-1,4.666666686535e-1,7.333333492279e-1
2934,4.000000059605e-1,4.666666686535e-1,7.333333492279e-1,4.000000059605e-1,4.666666388512e-1,7.333334088326e-1,4.000000059605e-1,4.666666686535e-1,7.333333492279e-1
2935,4.666666686535e-1,4.666666686535e-1,7.333333492279e-1,4.666666686535e-1,4.666666686535e-1,7.333333492279e-1,4.666666686535e-1,4.666666686535e-1,7.333333492279e-1
2936,5.333333611488e-1,4.666666686535e-1,7.333333492279e-1,5.333333611488e-1,4.666666388512e-1,7.333333492279e-1,5.333333611488e-1,4.666666686535e-1,7.333333492279e-1
2937,6.000000238419e-1,4.666666686535e-1,7.333333492279e-1,6.000000238419e-1,4.666666686535e-1,7.333333492279e-1,6.000000238419e-1,4.666666686535e-1,7.333333492279e-1
2938,6.666666865349e-1,4.666666686535e-1,7.333333492279e-1,6.666666865349e-1,4.666666686535e-1,7.333333492279e-1,6.666666865349e-1,4.666666686535e-1,7.333333492279e-1
2939,7.333333492279e-1,4.666666686535e-1,7.333333492279e-1,7.333333492279e-1,4.666666686535e-1,7.333333492279e-1,7.333333492279e-1,4.666666686535e-1,7.333333492279e-1
2940,8.000000119209e-1,4.666666686535e-1,7.333333492279e-1,8.000000119209e-1,4.666666984558e-1,7.333333492279e-1,8.000000119209e-1,4.666666686535e-1,7.333333492279e-1
2941,8.666666746140e-1,4.666666686535e-1,7.333333492279e-1,8.666666746140e-1,4.666666984558e-1,7.333333492279e-1,8.666666746140e-1,4.666666686535e-1,7.333333492279e-1
2942,9.333333373070e-1,4.666666686535e-1,7.333333492279e-1,9.333333373070e-1,4.666666686535e-1,7.333333492279e-1,9.333333373070e-1,4.666666686535e-1,7.333333492279e-1
2943,1.000000000000e0,4.666666686535e-1,7.333333492279e-1,1.000000000000e0,4.666666388512e-1,7.333333492279e-1,1.000000000000e0,4.666666686535e-1,7.333333492279e-1
2944,0.000000000000e0,5.333333611488e-1,7.333333492279e-1,5.452311668819e-8,5.333333611488e-1,7.333333492279e-1,3.473957137700e-16,5.333333611488e-1,7.333333492279e-1
2945,6.666667014360e-2,5.333333611488e-1,7.333333492279e-1,6.666667759418e-2,5.333333611488e-1,7.333333492279e-1,6.666667014360e-2,5.333333611488e-1,7.333333492279e-1
2946,1.333333402872e-1,5.333333611488e-1,7.333333492279e-1,1.333333104849e-1,5.333333611488e-1,7.333332896233e-1,1.333333402872e-1,5.333333611488e-1,7.333333492279e-1
2947,2.000000029802e-1,5.333333611488e-1,7.333333492279e-1,2.000000029802e-1,5.333333611488e-1,7.333333492279e-1,2.000000029802e-1,5.333333611488e-1,7.333333492279e-1
2948,2.666666805744e-1,5.333333611488e-1,7.333333492279e-1,2.666666507721e-1,5.333333611488e-1,7.333333492279e-1,2.666666805744e-1,5.333333611488e-1,7.333333492279e-1
2949,3.333333432674e-1,5.333333611488e-1,7.333333492279e-1,3.333333432674e-1,5.333333611488e-1,7.333333492279e-1,3.333333432674e-1,5.333333611488e-1,7.333333492279e-1
2950,4.000000059605e-1,5.333333611488e-1,7.333333492279e-1,4.000000357628e-1,5.333333611488e-1,7.333332896233e-1,4.000000059605e-1,5.333333611488e-1,7.333333492279e-1
2951,4.666666686535e-1,5.333333611488e-1,7.333333492279e-1,4.666666984558e-1,5.333333611488e-1,7.333333492279e-1,4.666666686535e-1,5.333333611488e-1,7.333333492279e-1
2952,5.333333611488e-1,5.333333611488e-1,7.333333492279e-1,5.333333611488e-1,5.333333611488e-1,7.333333492279e-1,5.333333611488e-1,5.333333611488e-1,7.333333492279e-1
2953,6.000000238419e-1,5.333333611488e-1,7.333333492279e-1,6.000000238419e-1,5.333333611488e-1,7.333333492279e-1,6.000000238419e-1,5.333333611488e-1,7.333333492279e-1
2954,6.666666865349e-1,5.333333611488e-1,7.333333492279e-1,6.666666865349e-1,5.333333611488e-1,7.333334088326e-1,6.666666865349e-1,5.333333611488e-1,7.333333492279e-1
2955,7.333333492279e-1,5.333333611488e-1,7.333333492279e-1,7.333333492279e-1,5.333333611488e-1,7.333332896233e-1,7.333333492279e-1,5.333333611488e-1,7.333333492279e-1
2956,8.000000119209e-1,5.333333611488e-1,7.333333492279e-1,7.999999523163e-1,5.333333611488e-1,7.333333492279e-1,8.000000119209e-1,5.333333611488e-1,7.333333492279e-1
2957,8.666666746140e-1,5.333333611488e-1,7.333333492279e-1,8.666666746140e-1,5.333333611488e-1,7.333332896233e-1,8.666666746140e-1,5.333333611488e-1,7.333333492279e-1
2958,9.333333373070e-1,5.333333611488e-1,7.333333492279e-1,9.333333373070e-1,5.333333611488e-1,7.333333492279e-1,9.333333373070e-1,5.333333611488e-1,7.333333492279e-1
2959,1.000000000000e0,5.333333611488e-1,7.333333492279e-1,1.000000000000e0,5.333333611488e-1,7.333333492279e-1,1.000000000000e0,5.333333611488e-1,7.333333492279e-1
2960,0.000000000000e0,6.000000238419e-1,7.333333492279e-1,0.000000000000e0,6.000000238419e-1,7.333333492279e-1,1.400789215123e-18,6.000000238419e-1,7.333333492279e-1
2961,6.666667014360e-2,6.000000238419e-1,7.333333492279e-1,6.666678935289e-2,6.000000238419e-1,7.333333492279e-1,6.666667014360e-2,6.000000238419e-1,7.333333492279e-1
2962,1.333333402872e-1,6.000000238419e-1,7.333333492279e-1,1.333333551884e-1,6.000000238419e-1,7.333333492279e-1,1.333333402872e-1,6.000000238419e-1,7.333333492279e-1
2963,2.000000029802e-1,6.000000238419e-1,7.333333492279e-1,2.000000178814e-1,6.000000238419e-1,7.333333492279e-1,2.000000029802e-1,6.000000238419e-1,7.333333492279e-1
2964,2.666666805744e-1,6.000000238419e-1,7.333333492279e-1,2.666667103767e-1,6.000000238419e-1,7.333333492279e-1,2.666666805744e-1,6.000000238419e-1,7.333333492279e-1
2965,3.333333432674e-1,6.000000238419e-1,7.333333492279e-1,3.333333134651e-1,6.000000238419e-1,7.333332300186e-1,3.333333432674e-1,6.000000238419e-1,7.333333492279e-1
2966,4.000000059605e-1,6.000000238419e-1,7.333333492279e-1,3.999999761581e-1,6.000000238419e-1,7.333333492279e-1,4.000000059605e-1,6.000000238419e-1,7.333333492279e-1
2967,4.666666686535e-1,6.000000238419e-1,7.333333492279e-1,4.666666686535e-1,6.000000238419e-1,7.333334088326e-1,4.666666686535e-1,6.000000238419e-1,7.333333492279e-1
2968,5.333333611488e-1,6.000000238419e-1,7.333333492279e-1,5.333333611488e-1,6.000000238419e-1,7.333333492279e-1,5.333333611488e-1,6.000000238419e-1,7.333333492279e-1
2969,6.000000238419e-1,6.000000238419e-1,7.333333492279e-1,6.000000238419e-1,6.000000238419e-1,7.333333492279e-1,6.000000238419e-1,6.000000238419e-1,7.333333492279e-1
2970,6.666666865349e-1,6.000000238419e-1,7.333333492279e-1,6.666666269302e-1,6.000000238419e-1,7.333333492279e-1,6.666666865349e-1,6.000000238419e-1,7.333333492279e-1
2971,7.333333492279e-1,6.000000238419e-1,7.333333492279e-1,7.333333492279e-1,6.000000238419e-1,7.333334088326e-1,7.333333492279e-1,6.000000238419e-1,7.333333492279e-1
2972,8.000000119209e-1,6.000000238419e-1,7.333333492279e-1,8.000000119209e-1,6.000000238419e-1,7.333333492279e-1,8.000000119209e-1,6.000000238419e-1,7.333333492279e-1
2973,8.666666746140e-1,6.000000238419e-1,7.333333492279e-1,8.666666746140e-1,6.000000238419e-1,7.333333492279e-1,8.666666746140e-1,6.000000238419e-1,7.333333492279e-1
2974,9.333333373070e-1,6.000000238419e-1,7.333333492279e-1,9.333333373070e-1,6.000000238419e-1,7.333333492279e-1,9.333333373070e-1,6.000000238419e-1,7.333333492279e-1
2975,1.000000000000e0,6.000000238419e-1,7.333333492279e-1,1.000000000000e0,6.000000238419e-1,7.333333492279e-1,1.000000000000e0,6.000000238419e-1,7.333333492279e-1
2976,0.000000000000e0,6.666666865349e-1,7.333333492279e-1,0.000000000000e0,6.666666865349e-1,7.333333492279e-1,1.933089063103e-16,6.666666865349e-1,7.333333492279e-1
2977,6.666667014360e-2,6.666666865349e-1,7.333333492279e-1,6.666669994593e-2,6.666666865349e-1,7.333333492279e-1,6.666667014360e-2,6.666666865349e-1,7.333333492279e-1
2978,1.333333402872e-1,6.666666865349e-1,7.333333492279e-1,1.333333104849e-1,6.666666865349e-1,7.333333492279e-1,1.333333402872e-1,6.666666865349e-1,7.333333492279e-1
2979,2.000000029802e-1,6.666666865349e-1,7.333333492279e-1,2.000001221895e-1,6.666666865349e-1,7.333333492279e-1,2.000000029802e-1,6.666666865349e-1,7.333333492279e-1
2980,2.666666805744e-1,6.666666865349e-1,7.333333492279e-1,2.666666805744e-1,6.666666865349e-1,7.333333492279e-1,2.666666805744e-1,6.666666865349e-1,7.333333492279e-1
2981,3.333333432674e-1,6.666666865349e-1,7.333333492279e-1,3.333333432674e-1,6.666666865349e-1,7.333332896233e-1,3.333333432674e-1,6.666666865349e-1,7.333333492279e-1
2982,4.000000059605e-1,6.666666865349e-1,7.333333492279e-1,3.999999761581e-1,6.666666865349e-1,7.333334088326e-1,4.000000059605e-1,6.666666865349e-1,7.333333492279e-1
2983,4.666666686535e-1,6.666666865349e-1,7.333333492279e-1,4.666666984558e-1,6.666666865349e-1,7.333334088326e-1,4.666666686535e-1,6.666666865349e-1,7.333333492279e-1
2984,5.333333611488e-1,6.666666865349e-1,7.333333492279e-1,5.333333611488e-1,6.666666865349e-1,7.333333492279e-1,5.333333611488e-1,6.666666865349e-1,7.333333492279e-1
2985,6.000000238419e-1,6.666666865349e-1,7.333333492279e-1,6.000000238419e-1,6.666666865349e-1,7.333333492279e-1,6.000000238419e-1,6.666666865349e-1,7.333333492279e-1
2986,6.666666865349e-1,6.666666865349e-1,7.333333492279e-1,6.666666865349e-1,6.666666865349e-1,7.333333492279e-1,6.666666865349e-1,6.666666865349e-1,7.333333492279e-1
2987,7.333333492279e-1,6.666666865349e-1,7.333333492279e-1,7.333334088326e-1,6.666666865349e-1,7.333334088326e-1,7.333333492279e-1,6.666666865349e-1,7.333333492279e-1
2988,8.000000119209e-1,6.666666865349e-1,7.333333492279e-1,8.000000119209e-1,6.666666865349e-1,7.333334088326e-1,8.000000119209e-1,6.666666865349e-1,7.333333492279e-1
2989,8.666666746140e-1,6.666666865349e-1,7.333333492279e-1,8.666666746140e-1,6.666666865349e-1,7.333332896233e-1,8.666666746140e-1,6.666666865349e-1,7.333333492279e-1
2990,9.333333373070e-1,6.666666865349e-1,7.333333492279e-1,9.333333373070e-1,6.666666865349e-1,7.333333492279e-1,9.333333373070e-1,6.666666865349e-1,7.333333492279e-1
2991,1.000000000000e0,6.666666865349e-1,7.333333492279e-1,1.000000000000e0,6.666667461395e-1,7.333333492279e-1,1.000000000000e0,6.666666865349e-1,7.333333492279e-1
2992,0.000000000000e0,7.333333492279e-1,7.333333492279e-1,0.000000000000e0,7.333333492279e-1,7.333333492279e-1,8.965050976788e-17,7.333333492279e-1,7.333333492279e-1
2993,6.666667014360e-2,7.333333492279e-1,7.333333492279e-1,6.666678935289e-2,7.333333492279e-1,7.333333492279e-1,6.666667014360e-2,7.333333492279e-1,7.333333492279e-1
2994,1.333333402872e-1,7.333333492279e-1,7.333333492279e-1,1.333333104849e-1,7.333333492279e-1,7.333333492279e-1,1.333333402872e-1,7.333333492279e-1,7.333333492279e-1
2995,2.000000029802e-1,7.333333492279e-1,7.333333492279e-1,2.000000625849e-1,7.333333492279e-1,7.333333492279e-1,2.000000029802e-1,7.333333492279e-1,7.333333492279e-1
2996,2.666666805744e-1,7.333333492279e-1,7.333333492279e-1,2.666666805744e-1,7.333333492279e-1,7.333333492279e-1,2.666666805744e-1,7.333333492279e-1,7.333333492279e-1
2997,3.333333432674e-1,7.333333492279e-1,7.333333492279e-1,3.333333432674e-1,7.333334088326e-1,7.333333492279e-1,3.333333432674e-1,7.333333492279e-1,7.333333492279e-1
2998,4.000000059605e-1,7.333333492279e-1,7.333333492279e-1,3.999999761581e-1,7.333333492279e-1,7.333333492279e-1,4.000000059605e-1,7.333333492279e-1,7.333333492279e-1
2999,4.666666686535e-1,7.333333492279e-1,7.333333492279e-1,4.666666984558e-1,7.333333492279e-1,7.333333492279e-1,4.666666686535e-1,7.333333492279e-1,7.333333492279e-1
3000,5.333333611488e-1,7.333333492279e-1,7.333333492279e-1,5.333333611488e-1,7.333332896233e-1,7.333333492279e-1,5.333333611488e-1,7.333333492279e-1,7.333333492279e-1
3001,6.000000238419e-1,7.333333492279e-1,7.333333492279e-1,6.000000238419e-1,7.333333492279e-1,7.333333492279e-1,6.000000238419e-1,7.333333492279e-1,7.333333492279e-1
3002,6.666666865349e-1,7.333333492279e-1,7.333333492279e-1,6.666666865349e-1,7.333332896233e-1,7.333333492279e-1,6.666666865349e-1,7.333333492279e-1,7.333333492279e-1
3003,7.333333492279e-1,7.333333492279e-1,7.333333492279e-1,7.333334088326e-1,7.333334088326e-1,7.333333492279e-1,7.333333492279e-1,7.333333492279e-1,7.333333492279e-1
3004,8.000000119209e-1,7.333333492279e-1,7.333333492279e-1,8.000000119209e-1,7.333333492279e-1,7.333334088326e-1,8.000000119209e-1,7.333333492279e-1,7.333333492279e-1
3005,8.666666746140e-1,7.333333492279e-1,7.333333492279e-1,8.666666150093e-1,7.333333492279e-1,7.333334088326e-1,8.666666746140e-1,7.333333492279e-1,7.333333492279e-1
3006,9.333333373070e-1,7.333333492279e-1,7.333333492279e-1,9.333332777023e-1,7.333333492279e-1,7.333333492279e-1,9.333333373070e-1,7.333333492279e-1,7.333333492279e-1
3007,1.000000000000e0,7.333333492279e-1,7.333333492279e-1,1.000000000000e0,7.333333492279e-1,7.333333492279e-1,1.000000000000e0,7.333333492279e-1,7.333333492279e-1
3008,0.000000000000e0,8.000000119209e-1,7.333333492279e-1,0.000000000000e0,8.000000119209e-1,7.333333492279e-1,0.000000000000e0,8.000000119209e-1,7.333333492279e-1
3009,6.666667014360e-2,8.000000119209e-1,7.333333492279e-1,6.666639447212e-2,8.000000119209e-1,7.333333492279e-1,6.666667014360e-2,8.000000119209e-1,7.333333492279e-1
3010,1.333333402872e-1,8.000000119209e-1,7.333333492279e-1,1.333333551884e-1,8.000000119209e-1,7.333333492279e-1,1.333333402872e-1,8.000000119209e-1,7.333333492279e-1
3011,2.000000029802e-1,8.000000119209e-1,7.333333492279e-1,1.999999582767e-1,8.000000119209e-1,7.333333492279e-1,2.000000029802e-1,8.000000119209e-1,7.333333492279e-1
3012,2.666666805744e-1,8.000000119209e-1,7.333333492279e-1,2.666666507721e-1,8.000000119209e-1,7.333333492279e-1,2.666666805744e-1,8.000000119209e-1,7.333333492279e-1
3013,3.333333432674e-1,8.000000119209e-1,7.333333492279e-1,3.333333432674e-1,8.000000119209e-1,7.333334088326e-1,3.333333432674e-1,8.000000119209e-1,7.333333492279e-1
3014,4.000000059605e-1,8.000000119209e-1,7.333333492279e-1,4.000000059605e-1,8.000000119209e-1,7.333333492279e-1,4.000000059605e-1,8.000000119209e-1,7.333333492279e-1
3015,4.666666686535e-1,8.000000119209e-1,7.333333492279e-1,4.666666388512e-1,8.000000119209e-1,7.333333492279e-1,4.666666686535e-1,8.000000119209e-1,7.333333492279e-1
3016,5.333333611488e-1,8.000000119209e-1,7.333333492279e-1,5.333333611488e-1,8.000000119209e-1,7.333333492279e-1,5.333333611488e-1,8.000000119209e-1,7.333333492279e-1
3017,6.000000238419e-1,8.000000119209e-1,7.333333492279e-1,6.000000238419e-1,8.000000119209e-1,7.333333492279e-1,6.000000238419e-1,8.000000119209e-1,7.333333492279e-1
3018,6.666666865349e-1,8.000000119209e-1,7.333333492279e-1,6.666666865349e-1,8.000000119209e-1,7.333333492279e-1,6.666666865349e-1,8.000000119209e-1,7.333333492279e-1
3019,7.333333492279e-1,8.000000119209e-1,7.333333492279e-1,7.333333492279e-1,8.000000119209e-1,7.333333492279e-1,7.333333492279e-1,8.000000119209e-1,7.333333492279e-1
3020,8.000000119209e-1,8.000000119209e-1,7.333333492279e-1,7.999999523163e-1,8.000000119209e-1,7.333333492279e-1,8.000000119209e-1,8.000000119209e-1,7.333333492279e-1
3021,8.666666746140e-1,8.000000119209e-1,7.333333492279e-1,8.666666746140e-1,8.000000119209e-1,7.333333492279e-1,8.666666746140e-1,8.000000119209e-1,7.333333492279e-1
3022,9.333333373070e-1,8.000000119209e-1,7.333333492279e-1,9.333333373070e-1,8.000000119209e-1,7.333333492279e-1,9.333333373070e-1,8.000000119209e-1,7.333333492279e-1
3023,1.000000000000e0,8.000000119209e-1,7.333333492279e-1,1.000000000000e0,8.000000119209e-1,7.333333492279e-1,1.000000000000e0,8.000000119209e-1,7.333333492279e-1
3024,0.000000000000e0,8.666666746140e-1,7.333333492279e-1,7.520429612384e-9,8.666666746140e-1,7.333334088326e-1,2.311302111895e-17,8.666666746140e-1,7.333333492279e-1
3025,6.666667014360e-2,8.666666746140e-1,7.333333492279e-1,6.666669249535e-2,8.666666746140e-1,7.333333492279e-1,6.666667014360e-2,8.666666746140e-1,7.333333492279e-1
3026,1.333333402872e-1,8.666666746140e-1,7.333333492279e-1,1.333332955837e-1,8.666666746140e-1,7.333333492279e-1,1.333333402872e-1,8.666666746140e-1,7.333333492279e-1
3027,2.000000029802e-1,8.666666746140e-1,7.333333492279e-1,2.000001519918e-1,8.666666746140e-1,7.333333492279e-1,2.000000029802e-1,8.666666746140e-1,7.333333492279e-1
3028,2.666666805744e-1,8.666666746140e-1,7.333333492279e-1,2.666666805744e-1,8.666666746140e-1,7.333333492279e-1,2.666666805744e-1,8.666666746140e-1,7.333333492279e-1
3029,3.333333432674e-1,8.666666746140e-1,7.333333492279e-1,3.333333432674e-1,8.666666746140e-1,7.333332896233e-1,3.333333432674e-1,8.666666746140e-1,7.333333492279e-1
3030,4.000000059605e-1,8.666666746140e-1,7.333333492279e-1,4.000000059605e-1,8.666667342186e-1,7.333333492279e-1,4.000000059605e-1,8.666666746140e-1,7.333333492279e-1
3031,4.666666686535e-1,8.666666746140e-1,7.333333492279e-1,4.666667282581e-1,8.666666746140e-1,7.333333492279e-1,4.666666686535e-1,8.666666746140e-1,7.333333492279e-1
3032,5.333333611488e-1,8.666666746140e-1,7.333333492279e-1,5.333333611488e-1,8.666666746140e-1,7.333333492279e-1,5.333333611488e-1,8.666666746140e-1,7.333333492279e-1
3033,6.000000238419e-1,8.666666746140e-1,7.333333492279e-1,6.000000238419e-1,8.666666746140e-1,7.333333492279e-1,6.000000238419e-1,8.666666746140e-1,7.333333492279e-1
3034,6.666666865349e-1,8.666666746140e-1,7.333333492279e-1,6.666666865349e-1,8.666666746140e-1,7.333333492279e-1,6.666666865349e-1,8.666666746140e-1,7.333333492279e-1
3035,7.333333492279e-1,8.666666746140e-1,7.333333492279e-1,7.333333492279e-1,8.666666746140e-1,7.333333492279e-1,7.333333492279e-1,8.666666746140e-1,7.333333492279e-1
3036,8.000000119209e-1,8.666666746140e-1,7.333333492279e-1,8.000000119209e-1,8.666666150093e-1,7.333334088326e-1,8.000000119209e-1,8.666666746140e-1,7.333333492279e-1
3037,8.666666746140e-1,8.666666746140e-1,7.333333492279e-1,8.666666746140e-1,8.666666746140e-1,7.333333492279e-1,8.666666746140e-1,8.666666746140e-1,7.333333492279e-1
3038,9.333333373070e-1,8.666666746140e-1,7.333333492279e-1,9.333333373070e-1,8.666666746140e-1,7.333333492279e-1,9.333333373070e-1,8.666666746140e-1,7.333333492279e-1
3039,1.000000000000e0,8.666666746140e-1,7.333333492279e-1,1.000000000000e0,8.666666746140e-1,7.333333492279e-1,1.000000000000e0,8.666666746140e-1,7.333333492279e-1
3040,0.000000000000e0,9.333333373070e-1,7.333333492279e-1,3.404874462376e-7,9.333333373070e-1,7.333332896233e-1,4.272407054427e-17,9.333333373070e-1,7.333333492279e-1
3041,6.666667014360e-2,9.333333373070e-1,7.333333492279e-1,6.666653603315e-2,9.333333373070e-1,7.333333492279e-1,6.666667014360e-2,9.333333373070e-1,7.333333492279e-1
3042,1.333333402872e-1,9.333333373070e-1,7.333333492279e-1,1.333330273628e-1,9.333333373070e-1,7.333333492279e-1,1.333333402872e-1,9.333333373070e-1,7.333333492279e-1
3043,2.000000029802e-1,9.333333373070e-1,7.333333492279e-1,1.999999880791e-1,9.333333373070e-1,7.333333492279e-1,2.000000029802e-1,9.333333373070e-1,7.333333492279e-1
3044,2.666666805744e-1,9.333333373070e-1,7.333333492279e-1,2.666667401791e-1,9.333333373070e-1,7.333333492279e-1,2.666666805744e-1,9.333333373070e-1,7.333333492279e-1
3045,3.333333432674e-1,9.333333373070e-1,7.333333492279e-1,3.333333432674e-1,9.333333373070e-1,7.333334088326e-1,3.333333432674e-1,9.333333373070e-1,7.333333492279e-1
3046,4.000000059605e-1,9.333333373070e-1,7.333333492279e-1,4.000000059605e-1,9.333333373070e-1,7.333334088326e-1,4.000000059605e-1,9.333333373070e-1,7.333333492279e-1
3047,4.666666686535e-1,9.333333373070e-1,7.333333492279e-1,4.666666388512e-1,9.333333373070e-1,7.333333492279e-1,4.666666686535e-1,9.333333373070e-1,7.333333492279e-1
3048,5.333333611488e-1,9.333333373070e-1,7.333333492279e-1,5.333333611488e-1,9.333333373070e-1,7.333333492279e-1,5.333333611488e-1,9.333333373070e-1,7.333333492279e-1
3049,6.000000238419e-1,9.333333373070e-1,7.333333492279e-1,6.000000238419e-1,9.333333373070e-1,7.333333492279e-1,6.000000238419e-1,9.333333373070e-1,7.333333492279e-1
3050,6.666666865349e-1,9.333333373070e-1,7.333333492279e-1,6.666666865349e-1,9.333333373070e-1,7.333333492279e-1,6.666666865349e-1,9.333333373070e-1,7.333333492279e-1
3051,7.333333492279e-1,9.333333373070e-1,7.333333492279e-1,7.333333492279e-1,9.333333373070e-1,7.333333492279e-1,7.333333492279e-1,9.333333373070e-1,7.333333492279e-1
3052,8.000000119209e-1,9.333333373070e-1,7.333333492279e-1,8.000000715256e-1,9.333333373070e-1,7.333333492279e-1,8.000000119209e-1,9.333333373070e-1,7.333333492279e-1
3053,8.666666746140e-1,9.333333373070e-1,7.333333492279e-1,8.666666746140e-1,9.333333373070e-1,7.333333492279e-1,8.666666746140e-1,9.333333373070e-1,7.333333492279e-1
3054,9.333333373070e-1,9.333333373070e-1,7.333333492279e-1,9.333333373070e-1,9.333333373070e-1,7.333333492279e-1,9.333333373070e-1,9.333333373070e-1,7.333333492279e-1
3055,1.000000000000e0,9.333333373070e-1,7.333333492279e-1,1.000000000000e0,9.333332777023e-1,7.333334684372e-1,1.000000000000e0,9.333333373070e-1,7.333333492279e-1
3056,0.000000000000e0,1.000000000000e0,7.333333492279e-1,4.274424156847e-7,1.000000000000e0,7.333333492279e-1,0.000000000000e0,1.000000000000e0,7.333333492279e-1
3057,6.666667014360e-2,1.000000000000e0,7.333333492279e-1,6.666953116655e-2,1.000000000000e0,7.333334088326e-1,6.666667014360e-2,1.000000000000e0,7.333333492279e-1
3058,1.333333402872e-1,1.000000000000e0,7.333333492279e-1,1.333353370428e-1,1.000000000000e0,7.333334684372e-1,1.333333402872e-1,1.000000000000e0,7.333333492279e-1
3059,2.000000029802e-1,1.000000000000e0,7.333333492279e-1,1.999998539686e-1,1.000000000000e0,7.333333492279e-1,2.000000029802e-1,1.000000000000e0,7.333333492279e-1
3060,2.666666805744e-1,1.000000000000e0,7.333333492279e-1,2.666667699814e-1,1.000000000000e0,7.333333492279e-1,2.666666805744e-1,1.000000000000e0,7.333333492279e-1
3061,3.333333432674e-1,1.000000000000e0,7.333333492279e-1,3.333333134651e-1,1.000000000000e0,7.333333492279e-1,3.333333432674e-1,1.000000000000e0,7.333333492279e-1
3062,4.000000059605e-1,1.000000000000e0,7.333333492279e-1,4.000000357628e-1,1.000000000000e0,7.333333492279e-1,4.000000059605e-1,1.000000000000e0,7.333333492279e-1
3063,4.666666686535e-1,1.000000000000e0,7.333333492279e-1,4.666667282581e-1,1.000000000000e0,7.333333492279e-1,4.666666686535e-1,1.000000000000e0,7.333333492279e-1
3064,5.333333611488e-1,1.000000000000e0,7.333333492279e-1,5.333333611488e-1,9.999999403954e-1,7.333333492279e-1,5.333333611488e-1,1.000000000000e0,7.333333492279e-1
3065,6.000000238419e-1,1.000000000000e0,7.333333492279e-1,6.000000238419e-1,1.000000000000e0,7.333333492279e-1,6.000000238419e-1,1.000000000000e0,7.333333492279e-1
3066,6.666666865349e-1,1.000000000000e0,7.333333492279e-1,6.666666865349e-1,1.000000000000e0,7.333333492279e-1,6.666666865349e-1,1.000000000000e0,7.333333492279e-1
3067,7.333333492279e-1,1.000000000000e0,7.333333492279e-1,7.333335280418e-1,1.000000000000e0,7.333335280418e-1,7.333333492279e-1,1.000000000000e0,7.333333492279e-1
3068,8.000000119209e-1,1.000000000000e0,7.333333492279e-1,7.999999523163e-1,1.000000000000e0,7.333333492279e-1,8.000000119209e-1,1.000000000000e0,7.333333492279e-1
3069,8.666666746140e-1,1.000000000000e0,7.333333492279e-1,8.666666746140e-1,9.999999403954e-1,7.333334088326e-1,8.666666746140e-1,1.000000000000e0,7.333333492279e-1
3070,9.333333373070e-1,1.000000000000e0,7.333333492279e-1,9.333333373070e-1,1.000000000000e0,7.333333492279e-1,9.333333373070e-1,1.000000000000e0,7.333333492279e-1
3071,1.000000000000e0,1.000000000000e0,7.333333492279e-1,9.999999403954e-1,1.000000000000e0,7.333333492279e-1,1.000000000000e0,1.000000000000e0,7.333333492279e-1
3072,0.000000000000e0,0.000000000000e0,8.000000119209e-1,0.000000000000e0,3.534601944466e-8,8.000000119209e-1,2.171223211062e-17,2.311302111895e-17,8.000000119209e-1
3073,6.666667014360e-2,0.000000000000e0,8.000000119209e-1,6.666672974825e-2,0.000000000000e0,7.999999523163e-1,6.666667014360e-2,0.000000000000e0,8.000000119209e-1
3074,1.333333402872e-1,0.000000000000e0,8.000000119209e-1,1.333333402872e-1,4.963483490883e-8,8.000000119209e-1,1.333333402872e-1,1.120631372098e-17,8.000000119209e-1
3075,2.000000029802e-1,0.000000000000e0,8.000000119209e-1,2.000000029802e-1,0.000000000000e0,8.000000119209e-1,2.000000029802e-1,2.801578430246e-18,8.000000119209e-1
3076,2.666666805744e-1,0.000000000000e0,8.000000119209e-1,2.666666805744e-1,3.158580597074e-8,8.000000119209e-1,2.666666805744e-1,2.241262744197e-17,8.000000119209e-1
3077,3.333333432674e-1,0.000000000000e0,8.000000119209e-1,3.333333432674e-1,3.083376043378e-8,8.000000119209e-1,3.333333432674e-1,1.400789215123e-18,8.000000119209e-1
3078,4.000000059605e-1,0.000000000000e0,8.000000119209e-1,4.000000059605e-1,0.000000000000e0,8.000000119209e-1,4.000000059605e-1,8.965050976788e-17,8.000000119209e-1
3079,4.666666686535e-1,0.000000000000e0,8.000000119209e-1,4.666666388512e-1,9.024515357225e-9,8.000000119209e-1,4.666666686535e-1,0.000000000000e0,8.000000119209e-1
3080,5.333333611488e-1,0.000000000000e0,8.000000119209e-1,5.333333611488e-1,3.760214806192e-9,8.000000119209e-1,5.333333611488e-1,0.000000000000e0,8.000000119209e-1
3081,6.000000238419e-1,0.000000000000e0,8.000000119209e-1,6.000000238419e-1,0.000000000000e0,8.000000119209e-1,6.000000238419e-1,2.241262744197e-17,8.000000119209e-1
3082,6.666666865349e-1,0.000000000000e0,8.000000119209e-1,6.666666865349e-1,0.000000000000e0,7.999999523163e-1,6.666666865349e-1,3.291854583161e-17,8.000000119209e-1
3083,7.333333492279e-1,0.000000000000e0,8.000000119209e-1,7.333333492279e-1,8.272472484805e-9,8.000000715256e-1,7.333333492279e-1,8.965050976788e-17,8.000000119209e-1
3084,8.000000119209e-1,0.000000000000e0,8.000000119209e-1,8.000000119209e-1,4.963483490883e-8,8.000000119209e-1,8.000000119209e-1,9.245208447581e-17,8.000000119209e-1
3085,8.666666746140e-1,0.000000000000e0,8.000000119209e-1,8.666666746140e-1,7.520429834429e-10,8.000000119209e-1,8.666666746140e-1,0.000000000000e0,8.000000119209e-1
3086,9.333333373070e-1,0.000000000000e0,8.000000119209e-1,9.333333373070e-1,3.008171933772e-9,8.000000119209e-1,9.333333373070e-1,0.000000000000e0,8.000000119209e-1
3087,1.000000000000e0,0.000000000000e0,8.000000119209e-1,9.999999403954e-1,0.000000000000e0,8.000000119209e-1,1.000000000000e0,9.525366580119e-17,8.000000119209e-1
3088,0.000000000000e0,6.666667014360e-2,8.000000119209e-1,0.000000000000e0,6.666672974825e-2,7.999999523163e-1,2.241262744197e-17,6.666667014360e-2,8.000000119209e-1
3089,6.666667014360e-2,6.666667014360e-2,8.000000119209e-1,6.666668504477e-2,6.666667759418e-2,8.000000119209e-1,6.666667014360e-2,6.666667014360e-2,8.000000119209e-1
3090,1.333333402872e-1,6.666667014360e-2,8.000000119209e-1,1.333333551884e-1,6.666666269302e-2,8.000000119209e-1,1.333333402872e-1,6.666667014360e-2,8.000000119209e-1
3091,2.000000029802e-1,6.666667014360e-2,8.000000119209e-1,2.000000029802e-1,6.666666269302e-2,8.000000119209e-1,2.000000029802e-1,6.666667014360e-2,8.000000119209e-1
3092,2.666666805744e-1,6.666667014360e-2,8.000000119209e-1,2.666666805744e-1,6.666665524244e-2,8.000000119209e-1,2.666666805744e-1,6.666667014360e-2,8.000000119209e-1
3093,3.333333432674e-1,6.666667014360e-2,8.000000119209e-1,3.333333432674e-1,6.666663289070e-2,8.000000715256e-1,3.333333432674e-1,6.666667014360e-2,8.000000119209e-1
3094,4.000000059605e-1,6.666667014360e-2,8.000000119209e-1,4.000000059605e-1,6.666667014360e-2,8.000000119209e-1,4.000000059605e-1,6.666667014360e-2,8.000000119209e-1
3095,4.666666686535e-1,6.666667014360e-2,8.000000119209e-1,4.666666388512e-1,6.666665524244e-2,8.000000119209e-1,4.666666686535e-1,6.666667014360e-2,8.000000119209e-1
3096,5.333333611488e-1,6.666667014360e-2,8.000000119209e-1,5.333333611488e-1,6.666669249535e-2,8.000000119209e-1,5.333333611488e-1,6.666667014360e-2,8.000000119209e-1
3097,6.000000238419e-1,6.666667014360e-2,8.000000119209e-1,6.000000238419e-1,6.666667014360e-2,8.000000119209e-1,6.000000238419e-1,6.666667014360e-2,8.000000119209e-1
3098,6.666666865349e-1,6.666667014360e-2,8.000000119209e-1,6.666666865349e-1,6.666668504477e-2,8.000000119209e-1,6.666666865349e-1,6.666667014360e-2,8.000000119209e-1
3099,7.333333492279e-1,6.666667014360e-2,8.000000119209e-1,7.333333492279e-1,6.666669994593e-2,8.000000119209e-1,7.333333492279e-1,6.666667014360e-2,8.000000119209e-1
3100,8.000000119209e-1,6.666667014360e-2,8.000000119209e-1,8.000000119209e-1,6.666669994593e-2,8.000000119209e-1,8.000000119209e-1,6.666667014360e-2,8.000000119209e-1
3101,8.666666746140e-1,6.666667014360e-2,8.000000119209e-1,8.666666746140e-1,6.666663289070e-2,8.000000119209e-1,8.666666746140e-1,6.666667014360e-2,8.000000119209e-1
3102,9.333333373070e-1,6.666667014360e-2,8.000000119209e-1,9.333333373070e-1,6.666663289070e-2,8.000000119209e-1,9.333333373070e-1,6.666667014360e-2,8.000000119209e-1
3103,1.000000000000e0,6.666667014360e-2,8.000000119209e-1,1.000000000000e0,6.666667759418e-2,8.000000119209e-1,1.000000000000e0,6.666667014360e-2,8.000000119209e-1
3104,0.000000000000e0,1.333333402872e-1,8.000000119209e-1,0.000000000000e0,1.333333551884e-1,8.000000119209e-1,0.000000000000e0,1.333333402872e-1,8.000000119209e-1
3105,6.666667014360e-2,1.333333402872e-1,8.000000119209e-1,6.666668504477e-2,1.333333253860e-1,8.000000119209e-1,6.666667014360e-2,1.333333402872e-1,8.000000119209e-1
3106,1.333333402872e-1,1.333333402872e-1,8.000000119209e-1,1.333333402872e-1,1.333333253860e-1,8.000000119209e-1,1.333333402872e-1,1.333333402872e-1,8.000000119209e-1
3107,2.000000029802e-1,1.333333402872e-1,8.000000119209e-1,2.000000029802e-1,1.333333402872e-1,8.000000119209e-1,2.000000029802e-1,1.333333402872e-1,8.000000119209e-1
3108,2.666666805744e-1,1.333333402872e-1,8.000000119209e-1,2.666666507721e-1,1.333333402872e-1,8.000000119209e-1,2.666666805744e-1,1.333333402872e-1,8.000000119209e-1
3109,3.333333432674e-1,1.333333402872e-1,8.000000119209e-1,3.333333432674e-1,1.333333402872e-1,8.000000119209e-1,3.333333432674e-1,1.333333402872e-1,8.000000119209e-1
3110,4.000000059605e-1,1.333333402872e-1,8.000000119209e-1,4.000000059605e-1,1.333333253860e-1,8.000000119209e-1,4.000000059605e-1,1.333333402872e-1,8.000000119209e-1
3111,4.666666686535e-1,1.333333402872e-1,8.000000119209e-1,4.666666686535e-1,1.333333253860e-1,8.000000119209e-1,4.666666686535e-1,1.333333402872e-1,8.000000119209e-1
3112,5.333333611488e-1,1.333333402872e-1,8.000000119209e-1,5.333333611488e-1,1.333333402872e-1,8.000000119209e-1,5.333333611488e-1,1.333333402872e-1,8.000000119209e-1
3113,6.000000238419e-1,1.333333402872e-1,8.000000119209e-1,6.000000238419e-1,1.333333253860e-1,8.000000119209e-1,6.000000238419e-1,1.333333402872e-1,8.000000119209e-1
3114,6.666666865349e-1,1.333333402872e-1,8.000000119209e-1,6.666666865349e-1,1.333333402872e-1,8.000000119209e-1,6.666666865349e-1,1.333333402872e-1,8.000000119209e-1
3115,7.333333492279e-1,1.333333402872e-1,8.000000119209e-1,7.333333492279e-1,1.333333253860e-1,8.000000119209e-1,7.333333492279e-1,1.333333402872e-1,8.000000119209e-1
3116,8.000000119209e-1,1.333333402872e-1,8.000000119209e-1,8.000000119209e-1,1.333333551884e-1,8.000000119209e-1,8.000000119209e-1,1.333333402872e-1,8.000000119209e-1
3117,8.666666746140e-1,1.333333402872e-1,8.000000119209e-1,8.666666150093e-1,1.333333402872e-1,8.000000119209e-1,8.666666746140e-1,1.333333402872e-1,8.000000119209e-1
3118,9.333333373070e-1,1.333333402872e-1,8.000000119209e-1,9.333333373070e-1,1.333333104849e-1,8.000000119209e-1,9.333333373070e-1,1.333333402872e-1,8.000000119209e-1
3119,1.000000000000e0,1.333333402872e-1,8.000000119209e-1,1.000000000000e0,1.333333253860e-1,8.000000119209e-1,1.000000000000e0,1.333333402872e-1,8.000000119209e-1
3120,0.000000000000e0,2.000000029802e-1,8.000000119209e-1,0.000000000000e0,2.000000327826e-1,8.000000119209e-1,6.163472298387e-17,2.000000029802e-1,8.000000119209e-1
3121,6.666667014360e-2,2.000000029802e-1,8.000000119209e-1,6.666671484709e-2,1.999999880791e-1,8.000000119209e-1,6.666667014360e-2,2.000000029802e-1,8.000000119209e-1
3122,1.333333402872e-1,2.000000029802e-1,8.000000119209e-1,1.333333253860e-1,2.000000029802e-1,8.000000119209e-1,1.333333402872e-1,2.000000029802e-1,8.000000119209e-1
3123,2.000000029802e-1,2.000000029802e-1,8.000000119209e-1,2.000000029802e-1,1.999999880791e-1,8.000000119209e-1,2.000000029802e-1,2.000000029802e-1,8.000000119209e-1
3124,2.666666805744e-1,2.000000029802e-1,8.000000119209e-1,2.666666805744e-1,2.000000029802e-1,8.000000119209e-1,2.666666805744e-1,2.000000029802e-1,8.000000119209e-1
3125,3.333333432674e-1,2.000000029802e-1,8.000000119209e-1,3.333333134651e-1,2.000000029802e-1,8.000000119209e-1,3.333333432674e-1,2.000000029802e-1,8.000000119209e-1
3126,4.000000059605e-1,2.000000029802e-1,8.000000119209e-1,4.000000357628e-1,2.000000178814e-1,8.000000715256e-1,4.000000059605e-1,2.000000029802e-1,8.000000119209e-1
3127,4.666666686535e-1,2.000000029802e-1,8.000000119209e-1,4.666666686535e-1,1.999999880791e-1,8.000000119209e-1,4.666666686535e-1,2.000000029802e-1,8.000000119209e-1
3128,5.333333611488e-1,2.000000029802e-1,8.000000119209e-1,5.333333611488e-1,2.000000029802e-1,8.000000119209e-1,5.333333611488e-1,2.000000029802e-1,8.000000119209e-1
3129,6.000000238419e-1,2.000000029802e-1,8.000000119209e-1,6.000000238419e-1,1.999999731779e-1,8.000000119209e-1,6.000000238419e-1,2.000000029802e-1,8.000000119209e-1
3130,6.666666865349e-1,2.000000029802e-1,8.000000119209e-1,6.666666865349e-1,2.000000178814e-1,8.000000119209e-1,6.666666865349e-1,2.000000029802e-1,8.000000119209e-1
3131,7.333333492279e-1,2.000000029802e-1,8.000000119209e-1,7.333333492279e-1,1.999999731779e-1,8.000000119209e-1,7.333333492279e-1,2.000000029802e-1,8.000000119209e-1
3132,8.000000119209e-1,2.000000029802e-1,8.000000119209e-1,8.000000715256e-1,1.999999880791e-1,8.000000119209e-1,8.000000119209e-1,2.000000029802e-1,8.000000119209e-1
3133,8.666666746140e-1,2.000000029802e-1,8.000000119209e-1,8.666666746140e-1,2.000000178814e-1,8.000000119209e-1,8.666666746140e-1,2.000000029802e-1,8.000000119209e-1
3134,9.333333373070e-1,2.000000029802e-1,8.000000119209e-1,9.333333373070e-1,1.999999731779e-1,7.999999523163e-1,9.333333373070e-1,2.000000029802e-1,8.000000119209e-1
3135,1.000000000000e0,2.000000029802e-1,8.000000119209e-1,1.000000000000e0,2.000000625849e-1,8.000000119209e-1,1.000000000000e0,2.000000029802e-1,8.000000119209e-1
3136,0.000000000000e0,2.666666805744e-1,8.000000119209e-1,5.113892243003e-8,2.666666805744e-1,7.999999523163e-1,0.000000000000e0,2.666666805744e-1,8.000000119209e-1
3137,6.666667014360e-2,2.666666805744e-1,8.000000119209e-1,6.666659563780e-2,2.666666805744e-1,8.000000119209e-1,6.666667014360e-2,2.666666805744e-1,8.000000119209e-1
3138,1.333333402872e-1,2.666666805744e-1,8.000000119209e-1,1.333333253860e-1,2.666666805744e-1,8.000000119209e-1,1.333333402872e-1,2.666666805744e-1,8.000000119209e-1
3139,2.000000029802e-1,2.666666805744e-1,8.000000119209e-1,2.000000029802e-1,2.666666805744e-1,8.000000119209e-1,2.000000029802e-1,2.666666805744e-1,8.000000119209e-1
3140,2.666666805744e-1,2.666666805744e-1,8.000000119209e-1,2.666666805744e-1,2.666666805744e-1,7.999999523163e-1,2.666666805744e-1,2.666666805744e-1,8.000000119209e-1
3141,3.333333432674e-1,2.666666805744e-1,8.000000119209e-1,3.333333134651e-1,2.666666805744e-1,8.000000119209e-1,3.333333432674e-1,2.666666805744e-1,8.000000119209e-1
3142,4.000000059605e-1,2.666666805744e-1,8.000000119209e-1,4.000000059605e-1,2.666666805744e-1,8.000000119209e-1,4.000000059605e-1,2.666666805744e-1,8.000000119209e-1
3143,4.666666686535e-1,2.666666805744e-1,8.000000119209e-1,4.666666984558e-1,2.666666805744e-1,8.000000119209e-1,4.666666686535e-1,2.666666805744e-1,8.000000119209e-1
3144,5.333333611488e-1,2.666666805744e-1,8.000000119209e-1,5.333333611488e-1,2.666666507721e-1,8.000000119209e-1,5.333333611488e-1,2.666666805744e-1,8.000000119209e-1
3145,6.000000238419e-1,2.666666805744e-1,8.000000119209e-1,6.000000238419e-1,2.666666507721e-1,8.000000119209e-1,6.000000238419e-1,2.666666805744e-1,8.000000119209e-1
3146,6.666666865349e-1,2.666666805744e-1,8.000000119209e-1,6.666666865349e-1,2.666666805744e-1,8.000000119209e-1,6.666666865349e-1,2.666666805744e-1,8.000000119209e-1
3147,7.333333492279e-1,2.666666805744e-1,8.000000119209e-1,7.333333492279e-1,2.666666805744e-1,8.000000119209e-1,7.333333492279e-1,2.666666805744e-1,8.000000119209e-1
3148,8.000000119209e-1,2.666666805744e-1,8.000000119209e-1,8.000000119209e-1,2.666667103767e-1,8.000000119209e-1,8.000000119209e-1,2.666666805744e-1,8.000000119209e-1
3149,8.666666746140e-1,2.666666805744e-1,8.000000119209e-1,8.666666746140e-1,2.666666805744e-1,8.000000119209e-1,8.666666746140e-1,2.666666805744e-1,8.000000119209e-1
3150,9.333333373070e-1,2.666666805744e-1,8.000000119209e-1,9.333333373070e-1,2.666666805744e-1,8.000000119209e-1,9.333333373070e-1,2.666666805744e-1,8.000000119209e-1
3151,1.000000000000e0,2.666666805744e-1,8.000000119209e-1,1.000000000000e0,2.666667103767e-1,8.000000119209e-1,1.000000000000e0,2.666666805744e-1,8.000000119209e-1
3152,0.000000000000e0,3.333333432674e-1,8.000000119209e-1,0.000000000000e0,3.333333432674e-1,8.000000119209e-1,2.171223211062e-17,3.333333432674e-1,8.000000119209e-1
3153,6.666667014360e-2,3.333333432674e-1,8.000000119209e-1,6.666663289070e-2,3.333333432674e-1,8.000000119209e-1,6.666667014360e-2,3.333333432674e-1,8.000000119209e-1
3154,1.333333402872e-1,3.333333432674e-1,8.000000119209e-1,1.333333402872e-1,3.333333432674e-1,8.000000119209e-1,1.333333402872e-1,3.333333432674e-1,8.000000119209e-1
3155,2.000000029802e-1,3.333333432674e-1,8.000000119209e-1,2.000000178814e-1,3.333333432674e-1,8.000000119209e-1,2.000000029802e-1,3.333333432674e-1,8.000000119209e-1
3156,2.666666805744e-1,3.333333432674e-1,8.000000119209e-1,2.666666805744e-1,3.333333432674e-1,8.000000715256e-1,2.666666805744e-1,3.333333432674e-1,8.000000119209e-1
3157,3.333333432674e-1,3.333333432674e-1,8.000000119209e-1,3.333333432674e-1,3.333333432674e-1,8.000000119209e-1,3.333333432674e-1,3.333333432674e-1,8.000000119209e-1
3158,4.000000059605e-1,3.333333432674e-1,8.000000119209e-1,4.000000059605e-1,3.333333432674e-1,8.000000119209e-1,4.000000059605e-1,3.333333432674e-1,8.000000119209e-1
3159,4.666666686535e-1,3.333333432674e-1,8.000000119209e-1,4.666666984558e-1,3.333333432674e-1,7.999999523163e-1,4.666666686535e-1,3.333333432674e-1,8.000000119209e-1
3160,5.333333611488e-1,3.333333432674e-1,8.000000119209e-1,5.333333611488e-1,3.333333432674e-1,8.000000119209e-1,5.333333611488e-1,3.333333432674e-1,8.000000119209e-1
3161,6.000000238419e-1,3.333333432674e-1,8.000000119209e-1,6.000000238419e-1,3.333333432674e-1,7.999999523163e-1,6.000000238419e-1,3.333333432674e-1,8.000000119209e-1
3162,6.666666865349e-1,3.333333432674e-1,8.000000119209e-1,6.666666865349e-1,3.333333432674e-1,8.000000119209e-1,6.666666865349e-1,3.333333432674e-1,8.000000119209e-1
3163,7.333333492279e-1,3.333333432674e-1,8.000000119209e-1,7.333334088326e-1,3.333333432674e-1,8.000000119209e-1,7.333333492279e-1,3.333333432674e-1,8.000000119209e-1
3164,8.000000119209e-1,3.333333432674e-1,8.000000119209e-1,8.000000119209e-1,3.333333432674e-1,8.000000119209e-1,8.000000119209e-1,3.333333432674e-1,8.000000119209e-1
3165,8.666666746140e-1,3.333333432674e-1,8.000000119209e-1,8.666667342186e-1,3.333333432674e-1,8.000000119209e-1,8.666666746140e-1,3.333333432674e-1,8.000000119209e-1
3166,9.333333373070e-1,3.333333432674e-1,8.000000119209e-1,9.333333373070e-1,3.333333432674e-1,8.000000119209e-1,9.333333373070e-1,3.333333432674e-1,8.000000119209e-1
3167,1.000000000000e0,3.333333432674e-1,8.000000119209e-1,1.000000000000e0,3.333333730698e-1,8.000000119209e-1,1.000000000000e0,3.333333432674e-1,8.000000119209e-1
3168,0.000000000000e0,4.000000059605e-1,8.000000119209e-1,0.000000000000e0,4.000000059605e-1,8.000000119209e-1,1.008568218345e-16,4.000000059605e-1,8.000000119209e-1
3169,6.666667014360e-2,4.000000059605e-1,8.000000119209e-1,6.666667759418e-2,4.000000059605e-1,8.000000119209e-1,6.666667014360e-2,4.000000059605e-1,8.000000119209e-1
3170,1.333333402872e-1,4.000000059605e-1,8.000000119209e-1,1.333333551884e-1,4.000000059605e-1,8.000000119209e-1,1.333333402872e-1,4.000000059605e-1,8.000000119209e-1
3171,2.000000029802e-1,4.000000059605e-1,8.000000119209e-1,1.999999731779e-1,4.000000357628e-1,8.000000119209e-1,2.000000029802e-1,4.000000059605e-1,8.000000119209e-1
3172,2.666666805744e-1,4.000000059605e-1,8.000000119209e-1,2.666666507721e-1,4.000000059605e-1,7.999999523163e-1,2.666666805744e-1,4.000000059605e-1,8.000000119209e-1
3173,3.333333432674e-1,4.000000059605e-1,8.000000119209e-1,3.333333432674e-1,4.000000357628e-1,8.000000715256e-1,3.333333432674e-1,4.000000059605e-1,8.000000119209e-1
3174,4.000000059605e-1,4.000000059605e-1,8.000000119209e-1,4.000000059605e-1,3.999999761581e-1,8.000000119209e-1,4.000000059605e-1,4.000000059605e-1,8.000000119209e-1
3175,4.666666686535e-1,4.000000059605e-1,8.000000119209e-1,4.666666984558e-1,4.000000059605e-1,7.999999523163e-1,4.666666686535e-1,4.000000059605e-1,8.000000119209e-1
3176,5.333333611488e-1,4.000000059605e-1,8.000000119209e-1,5.333333611488e-1,4.000000059605e-1,8.000000119209e-1,5.333333611488e-1,4.000000059605e-1,8.000000119209e-1
3177,6.000000238419e-1,4.000000059605e-1,8.000000119209e-1,6.000000238419e-1,4.000000059605e-1,8.000000119209e-1,6.000000238419e-1,4.000000059605e-1,8.000000119209e-1
3178,6.666666865349e-1,4.000000059605e-1,8.000000119209e-1,6.666666865349e-1,4.000000059605e-1,8.000000119209e-1,6.666666865349e-1,4.000000059605e-1,8.000000119209e-1
3179,7.333333492279e-1,4.000000059605e-1,8.000000119209e-1,7.333333492279e-1,4.000000357628e-1,8.000000119209e-1,7.333333492279e-1,4.000000059605e-1,8.000000119209e-1
3180,8.000000119209e-1,4.000000059605e-1,8.000000119209e-1,7.999999523163e-1,4.000000059605e-1,8.000000119209e-1,8.000000119209e-1,4.000000059605e-1,8.000000119209e-1
3181,8.666666746140e-1,4.000000059605e-1,8.000000119209e-1,8.666666746140e-1,4.000000059605e-1,8.000000119209e-1,8.666666746140e-1,4.000000059605e-1,8.000000119209e-1
3182,9.333333373070e-1,4.000000059605e-1,8.000000119209e-1,9.333333373070e-1,4.000000059605e-1,8.000000119209e-1,9.333333373070e-1,4.000000059605e-1,8.000000119209e-1
3183,1.000000000000e0,4.000000059605e-1,8.000000119209e-1,1.000000000000e0,4.000000357628e-1,8.000000119209e-1,1.000000000000e0,4.000000059605e-1,8.000000119209e-1
3184,0.000000000000e0,4.666666686535e-1,8.000000119209e-1,1.692096773809e-8,4.666666686535e-1,8.000000119209e-1,0.000000000000e0,4.666666686535e-1,8.000000119209e-1
3185,6.666667014360e-2,4.666666686535e-1,8.000000119209e-1,6.666667014360e-2,4.666666686535e-1,8.000000119209e-1,6.666667014360e-2,4.666666686535e-1,8.000000119209e-1
3186,1.333333402872e-1,4.666666686535e-1,8.000000119209e-1,1.333332955837e-1,4.666666686535e-1,8.000000119209e-1,1.333333402872e-1,4.666666686535e-1,8.000000119209e-1
3187,2.000000029802e-1,4.666666686535e-1,8.000000119209e-1,1.999999880791e-1,4.666666686535e-1,8.000000119209e-1,2.000000029802e-1,4.666666686535e-1,8.000000119209e-1
3188,2.666666805744e-1,4.666666686535e-1,8.000000119209e-1,2.666666805744e-1,4.666666686535e-1,7.999999523163e-1,2.666666805744e-1,4.666666686535e-1,8.000000119209e-1
3189,3.333333432674e-1,4.666666686535e-1,8.000000119209e-1,3.333333432674e-1,4.666666686535e-1,8.000000119209e-1,3.333333432674e-1,4.666666686535e-1,8.000000119209e-1
3190,4.000000059605e-1,4.666666686535e-1,8.000000119209e-1,4.000000059605e-1,4.666666686535e-1,8.000000119209e-1,4.000000059605e-1,4.666666686535e-1,8.000000119209e-1
3191,4.666666686535e-1,4.666666686535e-1,8.000000119209e-1,4.666666686535e-1,4.666666686535e-1,8.000000715256e-1,4.666666686535e-1,4.666666686535e-1,8.000000119209e-1
3192,5.333333611488e-1,4.666666686535e-1,8.000000119209e-1,5.333333611488e-1,4.666666686535e-1,8.000000119209e-1,5.333333611488e-1,4.666666686535e-1,8.000000119209e-1
3193,6.000000238419e-1,4.666666686535e-1,8.000000119209e-1,6.000000238419e-1,4.666666686535e-1,8.000000119209e-1,6.000000238419e-1,4.666666686535e-1,8.000000119209e-1
3194,6.666666865349e-1,4.666666686535e-1,8.000000119209e-1,6.666666865349e-1,4.666666686535e-1,8.000000119209e-1,6.666666865349e-1,4.666666686535e-1,8.000000119209e-1
3195,7.333333492279e-1,4.666666686535e-1,8.000000119209e-1,7.333333492279e-1,4.666666686535e-1,8.000000715256e-1,7.333333492279e-1,4.666666686535e-1,8.000000119209e-1
3196,8.000000119209e-1,4.666666686535e-1,8.000000119209e-1,8.000000119209e-1,4.666666388512e-1,8.000000119209e-1,8.000000119209e-1,4.666666686535e-1,8.000000119209e-1
3197,8.666666746140e-1,4.666666686535e-1,8.000000119209e-1,8.666666746140e-1,4.666666686535e-1,8.000000119209e-1,8.666666746140e-1,4.666666686535e-1,8.000000119209e-1
3198,9.333333373070e-1,4.666666686535e-1,8.000000119209e-1,9.333333373070e-1,4.666666984558e-1,8.000000119209e-1,9.333333373070e-1,4.666666686535e-1,8.000000119209e-1
3199,1.000000000000e0,4.666666686535e-1,8.000000119209e-1,1.000000000000e0,4.666666984558e-1,8.000000119209e-1,1.000000000000e0,4.666666686535e-1,8.000000119209e-1
3200,0.000000000000e0,5.333333611488e-1,8.000000119209e-1,0.000000000000e0,5.333333611488e-1,8.000000119209e-1,1.071603748535e-16,5.333333611488e-1,8.000000119209e-1
3201,6.666667014360e-2,5.333333611488e-1,8.000000119209e-1,6.666677445173e-2,5.333333611488e-1,8.000000119209e-1,6.666667014360e-2,5.333333611488e-1,8.000000119209e-1
3202,1.333333402872e-1,5.333333611488e-1,8.000000119209e-1,1.333333402872e-1,5.333333611488e-1,8.000000119209e-1,1.333333402872e-1,5.333333611488e-1,8.000000119209e-1
3203,2.000000029802e-1,5.333333611488e-1,8.000000119209e-1,2.000000327826e-1,5.333333611488e-1,8.000000119209e-1,2.000000029802e-1,5.333333611488e-1,8.000000119209e-1
3204,2.666666805744e-1,5.333333611488e-1,8.000000119209e-1,2.666666507721e-1,5.333333611488e-1,8.000000119209e-1,2.666666805744e-1,5.333333611488e-1,8.000000119209e-1
3205,3.333333432674e-1,5.333333611488e-1,8.000000119209e-1,3.333333432674e-1,5.333333611488e-1,8.000000119209e-1,3.333333432674e-1,5.333333611488e-1,8.000000119209e-1
3206,4.000000059605e-1,5.333333611488e-1,8.000000119209e-1,3.999999761581e-1,5.333333611488e-1,8.000000119209e-1,4.000000059605e-1,5.333333611488e-1,8.000000119209e-1
3207,4.666666686535e-1,5.333333611488e-1,8.000000119209e-1,4.666666686535e-1,5.333333611488e-1,8.000000119209e-1,4.666666686535e-1,5.333333611488e-1,8.000000119209e-1
3208,5.333333611488e-1,5.333333611488e-1,8.000000119209e-1,5.333333611488e-1,5.333333611488e-1,8.000000119209e-1,5.333333611488e-1,5.333333611488e-1,8.000000119209e-1
3209,6.000000238419e-1,5.333333611488e-1,8.000000119209e-1,6.000000238419e-1,5.333333611488e-1,7.999999523163e-1,6.000000238419e-1,5.333333611488e-1,8.000000119209e-1
3210,6.666666865349e-1,5.333333611488e-1,8.000000119209e-1,6.666666865349e-1,5.333333611488e-1,8.000000119209e-1,6.666666865349e-1,5.333333611488e-1,8.000000119209e-1
3211,7.333333492279e-1,5.333333611488e-1,8.000000119209e-1,7.333333492279e-1,5.333333611488e-1,8.000000119209e-1,7.333333492279e-1,5.333333611488e-1,8.000000119209e-1
3212,8.000000119209e-1,5.333333611488e-1,8.000000119209e-1,7.999999523163e-1,5.333333611488e-1,7.999999523163e-1,8.000000119209e-1,5.333333611488e-1,8.000000119209e-1
3213,8.666666746140e-1,5.333333611488e-1,8.000000119209e-1,8.666666746140e-1,5.333333611488e-1,8.000000715256e-1,8.666666746140e-1,5.333333611488e-1,8.000000119209e-1
3214,9.333333373070e-1,5.333333611488e-1,8.000000119209e-1,9.333333373070e-1,5.333333611488e-1,8.000000119209e-1,9.333333373070e-1,5.333333611488e-1,8.000000119209e-1
3215,1.000000000000e0,5.333333611488e-1,8.000000119209e-1,1.000000000000e0,5.333333611488e-1,8.000000119209e-1,1.000000000000e0,5.333333611488e-1,8.000000119209e-1
3216,0.000000000000e0,6.000000238419e-1,8.000000119209e-1,1.240870872721e-8,6.000000238419e-1,8.000000119209e-1,0.000000000000e0,6.000000238419e-1,8.000000119209e-1
3217,6.666667014360e-2,6.000000238419e-1,8.000000119209e-1,6.666666269302e-2,6.000000238419e-1,8.000000119209e-1,6.666667014360e-2,6.000000238419e-1,8.000000119209e-1
3218,1.333333402872e-1,6.000000238419e-1,8.000000119209e-1,1.333333551884e-1,6.000000238419e-1,8.000000119209e-1,1.333333402872e-1,6.000000238419e-1,8.000000119209e-1
3219,2.000000029802e-1,6.000000238419e-1,8.000000119209e-1,1.999999582767e-1,6.000000238419e-1,8.000000119209e-1,2.000000029802e-1,6.000000238419e-1,8.000000119209e-1
3220,2.666666805744e-1,6.000000238419e-1,8.000000119209e-1,2.666667103767e-1,6.000000238419e-1,8.000000715256e-1,2.666666805744e-1,6.000000238419e-1,8.000000119209e-1
3221,3.333333432674e-1,6.000000238419e-1,8.000000119209e-1,3.333334028721e-1,6.000000238419e-1,8.000000119209e-1,3.333333432674e-1,6.000000238419e-1,8.000000119209e-1
3222,4.000000059605e-1,6.000000238419e-1,8.000000119209e-1,4.000000357628e-1,6.000000238419e-1,8.000000119209e-1,4.000000059605e-1,6.000000238419e-1,8.000000119209e-1
3223,4.666666686535e-1,6.000000238419e-1,8.000000119209e-1,4.666666686535e-1,6.000000238419e-1,8.000000119209e-1,4.666666686535e-1,6.000000238419e-1,8.000000119209e-1
3224,5.333333611488e-1,6.000000238419e-1,8.000000119209e-1,5.333333611488e-1,6.000000238419e-1,8.000000119209e-1,5.333333611488e-1,6.000000238419e-1,8.000000119209e-1
3225,6.000000238419e-1,6.000000238419e-1,8.000000119209e-1,6.000000238419e-1,6.000000238419e-1,8.000000119209e-1,6.000000238419e-1,6.000000238419e-1,8.000000119209e-1
3226,6.666666865349e-1,6.000000238419e-1,8.000000119209e-1,6.666666865349e-1,6.000000238419e-1,8.000000119209e-1,6.666666865349e-1,6.000000238419e-1,8.000000119209e-1
3227,7.333333492279e-1,6.000000238419e-1,8.000000119209e-1,7.333333492279e-1,6.000000238419e-1,8.000000119209e-1,7.333333492279e-1,6.000000238419e-1,8.000000119209e-1
3228,8.000000119209e-1,6.000000238419e-1,8.000000119209e-1,8.000000119209e-1,6.000000238419e-1,8.000000119209e-1,8.000000119209e-1,6.000000238419e-1,8.000000119209e-1
3229,8.666666746140e-1,6.000000238419e-1,8.000000119209e-1,8.666666746140e-1,6.000000238419e-1,8.000000119209e-1,8.666666746140e-1,6.000000238419e-1,8.000000119209e-1
3230,9.333333373070e-1,6.000000238419e-1,8.000000119209e-1,9.333333373070e-1,6.000000238419e-1,8.000000119209e-1,9.333333373070e-1,6.000000238419e-1,8.000000119209e-1
3231,1.000000000000e0,6.000000238419e-1,8.000000119209e-1,1.000000000000e0,6.000000238419e-1,7.999999523163e-1,1.000000000000e0,6.000000238419e-1,8.000000119209e-1
3232,0.000000000000e0,6.666666865349e-1,8.000000119209e-1,0.000000000000e0,6.666666865349e-1,8.000000119209e-1,0.000000000000e0,6.666666865349e-1,8.000000119209e-1
3233,6.666667014360e-2,6.666666865349e-1,8.000000119209e-1,6.666667014360e-2,6.666666865349e-1,7.999999523163e-1,6.666667014360e-2,6.666666865349e-1,8.000000119209e-1
3234,1.333333402872e-1,6.666666865349e-1,8.000000119209e-1,1.333333551884e-1,6.666667461395e-1,8.000000119209e-1,1.333333402872e-1,6.666666865349e-1,8.000000119209e-1
3235,2.000000029802e-1,6.666666865349e-1,8.000000119209e-1,2.000000029802e-1,6.666666865349e-1,8.000000119209e-1,2.000000029802e-1,6.666666865349e-1,8.000000119209e-1
3236,2.666666805744e-1,6.666666865349e-1,8.000000119209e-1,2.666666805744e-1,6.666666865349e-1,8.000000119209e-1,2.666666805744e-1,6.666666865349e-1,8.000000119209e-1
3237,3.333333432674e-1,6.666666865349e-1,8.000000119209e-1,3.333333432674e-1,6.666666865349e-1,7.999999523163e-1,3.333333432674e-1,6.666666865349e-1,8.000000119209e-1
3238,4.000000059605e-1,6.666666865349e-1,8.000000119209e-1,3.999999761581e-1,6.666666865349e-1,8.000000119209e-1,4.000000059605e-1,6.666666865349e-1,8.000000119209e-1
3239,4.666666686535e-1,6.666666865349e-1,8.000000119209e-1,4.666666686535e-1,6.666666865349e-1,8.000000119209e-1,4.666666686535e-1,6.666666865349e-1,8.000000119209e-1
3240,5.333333611488e-1,6.666666865349e-1,8.000000119209e-1,5.333333611488e-1,6.666666865349e-1,8.000000119209e-1,5.333333611488e-1,6.666666865349e-1,8.000000119209e-1
3241,6.000000238419e-1,6.666666865349e-1,8.000000119209e-1,6.000000238419e-1,6.666666865349e-1,8.000000119209e-1,6.000000238419e-1,6.666666865349e-1,8.000000119209e-1
3242,6.666666865349e-1,6.666666865349e-1,8.000000119209e-1,6.666666865349e-1,6.666666269302e-1,8.000000119209e-1,6.666666865349e-1,6.666666865349e-1,8.000000119209e-1
3243,7.333333492279e-1,6.666666865349e-1,8.000000119209e-1,7.333333492279e-1,6.666666865349e-1,7.999999523163e-1,7.333333492279e-1,6.666666865349e-1,8.000000119209e-1
3244,8.000000119209e-1,6.666666865349e-1,8.000000119209e-1,8.000000119209e-1,6.666666865349e-1,8.000000119209e-1,8.000000119209e-1,6.666666865349e-1,8.000000119209e-1
3245,8.666666746140e-1,6.666666865349e-1,8.000000119209e-1,8.666667342186e-1,6.666666865349e-1,8.000000119209e-1,8.666666746140e-1,6.666666865349e-1,8.000000119209e-1
3246,9.333333373070e-1,6.666666865349e-1,8.000000119209e-1,9.333333373070e-1,6.666666865349e-1,8.000000119209e-1,9.333333373070e-1,6.666666865349e-1,8.000000119209e-1
3247,1.000000000000e0,6.666666865349e-1,8.000000119209e-1,1.000000000000e0,6.666666865349e-1,8.000000119209e-1,1.000000000000e0,6.666666865349e-1,8.000000119209e-1
3248,0.000000000000e0,7.333333492279e-1,8.000000119209e-1,1.692096773809e-8,7.333333492279e-1,8.000000119209e-1,0.000000000000e0,7.333333492279e-1,8.000000119209e-1
3249,6.666667014360e-2,7.333333492279e-1,8.000000119209e-1,6.666681170464e-2,7.333333492279e-1,8.000000119209e-1,6.666667014360e-2,7.333333492279e-1,8.000000119209e-1
3250,1.333333402872e-1,7.333333492279e-1,8.000000119209e-1,1.333333253860e-1,7.333333492279e-1,8.000000119209e-1,1.333333402872e-1,7.333333492279e-1,8.000000119209e-1
3251,2.000000029802e-1,7.333333492279e-1,8.000000119209e-1,2.000000327826e-1,7.333333492279e-1,8.000000119209e-1,2.000000029802e-1,7.333333492279e-1,8.000000119209e-1
3252,2.666666805744e-1,7.333333492279e-1,8.000000119209e-1,2.666666805744e-1,7.333333492279e-1,8.000000119209e-1,2.666666805744e-1,7.333333492279e-1,8.000000119209e-1
3253,3.333333432674e-1,7.333333492279e-1,8.000000119209e-1,3.333333432674e-1,7.333333492279e-1,8.000000119209e-1,3.333333432674e-1,7.333333492279e-1,8.000000119209e-1
3254,4.000000059605e-1,7.333333492279e-1,8.000000119209e-1,3.999999761581e-1,7.333333492279e-1,8.000000119209e-1,4.000000059605e-1,7.333333492279e-1,8.000000119209e-1
3255,4.666666686535e-1,7.333333492279e-1,8.000000119209e-1,4.666666388512e-1,7.333333492279e-1,8.000000119209e-1,4.666666686535e-1,7.333333492279e-1,8.000000119209e-1
3256,5.333333611488e-1,7.333333492279e-1,8.000000119209e-1,5.333333611488e-1,7.333333492279e-1,8.000000119209e-1,5.333333611488e-1,7.333333492279e-1,8.000000119209e-1
3257,6.000000238419e-1,7.333333492279e-1,8.000000119209e-1,6.000000238419e-1,7.333333492279e-1,8.000000119209e-1,6.000000238419e-1,7.333333492279e-1,8.000000119209e-1
3258,6.666666865349e-1,7.333333492279e-1,8.000000119209e-1,6.666666865349e-1,7.333332896233e-1,8.000000119209e-1,6.666666865349e-1,7.333333492279e-1,8.000000119209e-1
3259,7.333333492279e-1,7.333333492279e-1,8.000000119209e-1,7.333333492279e-1,7.333333492279e-1,8.000000119209e-1,7.333333492279e-1,7.333333492279e-1,8.000000119209e-1
3260,8.000000119209e-1,7.333333492279e-1,8.000000119209e-1,8.000000119209e-1,7.333334088326e-1,7.999999523163e-1,8.000000119209e-1,7.333333492279e-1,8.000000119209e-1
3261,8.666666746140e-1,7.333333492279e-1,8.000000119209e-1,8.666666746140e-1,7.333333492279e-1,8.000000715256e-1,8.666666746140e-1,7.333333492279e-1,8.000000119209e-1
3262,9.333333373070e-1,7.333333492279e-1,8.000000119209e-1,9.333333373070e-1,7.333333492279e-1,8.000000119209e-1,9.333333373070e-1,7.333333492279e-1,8.000000119209e-1
3263,1.000000000000e0,7.333333492279e-1,8.000000119209e-1,1.000000000000e0,7.333333492279e-1,8.000000119209e-1,1.000000000000e0,7.333333492279e-1,8.000000119209e-1
3264,0.000000000000e0,8.000000119209e-1,8.000000119209e-1,0.000000000000e0,8.000000119209e-1,8.000000119209e-1,0.000000000000e0,8.000000119209e-1,8.000000119209e-1
3265,6.666667014360e-2,8.000000119209e-1,8.000000119209e-1,6.666666269302e-2,8.000000119209e-1,8.000000119209e-1,6.666667014360e-2,8.000000119209e-1,8.000000119209e-1
3266,1.333333402872e-1,8.000000119209e-1,8.000000119209e-1,1.333333700895e-1,8.000000119209e-1,7.999999523163e-1,1.333333402872e-1,8.000000119209e-1,8.000000119209e-1
3267,2.000000029802e-1,8.000000119209e-1,8.000000119209e-1,1.999999731779e-1,8.000000119209e-1,8.000000119209e-1,2.000000029802e-1,8.000000119209e-1,8.000000119209e-1
3268,2.666666805744e-1,8.000000119209e-1,8.000000119209e-1,2.666667103767e-1,8.000000119209e-1,8.000000119209e-1,2.666666805744e-1,8.000000119209e-1,8.000000119209e-1
3269,3.333333432674e-1,8.000000119209e-1,8.000000119209e-1,3.333333432674e-1,8.000000119209e-1,8.000000119209e-1,3.333333432674e-1,8.000000119209e-1,8.000000119209e-1
3270,4.000000059605e-1,8.000000119209e-1,8.000000119209e-1,4.000000059605e-1,8.000000119209e-1,8.000000119209e-1,4.000000059605e-1,8.000000119209e-1,8.000000119209e-1
3271,4.666666686535e-1,8.000000119209e-1,8.000000119209e-1,4.666666388512e-1,8.000000715256e-1,8.000000119209e-1,4.666666686535e-1,8.000000119209e-1,8.000000119209e-1
3272,5.333333611488e-1,8.000000119209e-1,8.000000119209e-1,5.333333611488e-1,8.000000119209e-1,8.000000119209e-1,5.333333611488e-1,8.000000119209e-1,8.000000119209e-1
3273,6.000000238419e-1,8.000000119209e-1,8.000000119209e-1,6.000000238419e-1,8.000000119209e-1,8.000000119209e-1,6.000000238419e-1,8.000000119209e-1,8.000000119209e-1
3274,6.666666865349e-1,8.000000119209e-1,8.000000119209e-1,6.666666865349e-1,8.000000119209e-1,8.000000119209e-1,6.666666865349e-1,8.000000119209e-1,8.000000119209e-1
3275,7.333333492279e-1,8.000000119209e-1,8.000000119209e-1,7.333333492279e-1,8.000000119209e-1,8.000000119209e-1,7.333333492279e-1,8.000000119209e-1,8.000000119209e-1
3276,8.000000119209e-1,8.000000119209e-1,8.000000119209e-1,8.000000715256e-1,8.000000715256e-1,8.000000715256e-1,8.000000119209e-1,8.000000119209e-1,8.000000119209e-1
3277,8.666666746140e-1,8.000000119209e-1,8.000000119209e-1,8.666667342186e-1,8.000000119209e-1,8.000000119209e-1,8.666666746140e-1,8.000000119209e-1,8.000000119209e-1
3278,9.333333373070e-1,8.000000119209e-1,8.000000119209e-1,9.333333373070e-1,8.000000119209e-1,8.000000119209e-1,9.333333373070e-1,8.000000119209e-1,8.000000119209e-1
3279,1.000000000000e0,8.000000119209e-1,8.000000119209e-1,1.000000000000e0,8.000000119209e-1,8.000000119209e-1,1.000000000000e0,8.000000119209e-1,8.000000119209e-1
3280,0.000000000000e0,8.666666746140e-1,8.000000119209e-1,0.000000000000e0,8.666666746140e-1,8.000000715256e-1,0.000000000000e0,8.666666746140e-1,8.000000119209e-1
3281,6.666667014360e-2,8.666666746140e-1,8.000000119209e-1,6.666671484709e-2,8.666666746140e-1,7.999999523163e-1,6.666667014360e-2,8.666666746140e-1,8.000000119209e-1
3282,1.333333402872e-1,8.666666746140e-1,8.000000119209e-1,1.333333700895e-1,8.666666746140e-1,8.000000119209e-1,1.333333402872e-1,8.666666746140e-1,8.000000119209e-1
3283,2.000000029802e-1,8.666666746140e-1,8.000000119209e-1,2.000000327826e-1,8.666666746140e-1,8.000000119209e-1,2.000000029802e-1,8.666666746140e-1,8.000000119209e-1
3284,2.666666805744e-1,8.666666746140e-1,8.000000119209e-1,2.666666805744e-1,8.666666150093e-1,8.000000119209e-1,2.666666805744e-1,8.666666746140e-1,8.000000119209e-1
3285,3.333333432674e-1,8.666666746140e-1,8.000000119209e-1,3.333333432674e-1,8.666666150093e-1,8.000000119209e-1,3.333333432674e-1,8.666666746140e-1,8.000000119209e-1
3286,4.000000059605e-1,8.666666746140e-1,8.000000119209e-1,4.000000059605e-1,8.666666746140e-1,8.000000119209e-1,4.000000059605e-1,8.666666746140e-1,8.000000119209e-1
3287,4.666666686535e-1,8.666666746140e-1,8.000000119209e-1,4.666666686535e-1,8.666666746140e-1,8.000000119209e-1,4.666666686535e-1,8.666666746140e-1,8.000000119209e-1
3288,5.333333611488e-1,8.666666746140e-1,8.000000119209e-1,5.333333611488e-1,8.666666746140e-1,8.000000119209e-1,5.333333611488e-1,8.666666746140e-1,8.000000119209e-1
3289,6.000000238419e-1,8.666666746140e-1,8.000000119209e-1,6.000000238419e-1,8.666666150093e-1,8.000000715256e-1,6.000000238419e-1,8.666666746140e-1,8.000000119209e-1
3290,6.666666865349e-1,8.666666746140e-1,8.000000119209e-1,6.666666865349e-1,8.666666746140e-1,8.000000119209e-1,6.666666865349e-1,8.666666746140e-1,8.000000119209e-1
3291,7.333333492279e-1,8.666666746140e-1,8.000000119209e-1,7.333333492279e-1,8.666666746140e-1,8.000000119209e-1,7.333333492279e-1,8.666666746140e-1,8.000000119209e-1
3292,8.000000119209e-1,8.666666746140e-1,8.000000119209e-1,8.000000119209e-1,8.666666746140e-1,8.000000119209e-1,8.000000119209e-1,8.666666746140e-1,8.000000119209e-1
3293,8.666666746140e-1,8.666666746140e-1,8.000000119209e-1,8.666666746140e-1,8.666666150093e-1,8.000000119209e-1,8.666666746140e-1,8.666666746140e-1,8.000000119209e-1
3294,9.333333373070e-1,8.666666746140e-1,8.000000119209e-1,9.333333373070e-1,8.666666746140e-1,8.000000119209e-1,9.333333373070e-1,8.666666746140e-1,8.000000119209e-1
3295,1.000000000000e0,8.666666746140e-1,8.000000119209e-1,1.000000000000e0,8.666666746140e-1,8.000000119209e-1,1.000000000000e0,8.666666746140e-1,8.000000119209e-1
3296,0.000000000000e0,9.333333373070e-1,8.000000119209e-1,9.776559117824e-9,9.333333969116e-1,8.000000119209e-1,1.572385905866e-16,9.333333373070e-1,8.000000119209e-1
3297,6.666667014360e-2,9.333333373070e-1,8.000000119209e-1,6.666665524244e-2,9.333333373070e-1,8.000000119209e-1,6.666667014360e-2,9.333333373070e-1,8.000000119209e-1
3298,1.333333402872e-1,9.333333373070e-1,8.000000119209e-1,1.333336234093e-1,9.333333373070e-1,8.000000119209e-1,1.333333402872e-1,9.333333373070e-1,8.000000119209e-1
3299,2.000000029802e-1,9.333333373070e-1,8.000000119209e-1,1.999999731779e-1,9.333332777023e-1,8.000000119209e-1,2.000000029802e-1,9.333333373070e-1,8.000000119209e-1
3300,2.666666805744e-1,9.333333373070e-1,8.000000119209e-1,2.666666805744e-1,9.333333373070e-1,8.000000119209e-1,2.666666805744e-1,9.333333373070e-1,8.000000119209e-1
3301,3.333333432674e-1,9.333333373070e-1,8.000000119209e-1,3.333334028721e-1,9.333333373070e-1,8.000000119209e-1,3.333333432674e-1,9.333333373070e-1,8.000000119209e-1
3302,4.000000059605e-1,9.333333373070e-1,8.000000119209e-1,3.999999761581e-1,9.333333373070e-1,8.000000119209e-1,4.000000059605e-1,9.333333373070e-1,8.000000119209e-1
3303,4.666666686535e-1,9.333333373070e-1,8.000000119209e-1,4.666666090488e-1,9.333333373070e-1,8.000000119209e-1,4.666666686535e-1,9.333333373070e-1,8.000000119209e-1
3304,5.333333611488e-1,9.333333373070e-1,8.000000119209e-1,5.333333611488e-1,9.333333373070e-1,8.000000119209e-1,5.333333611488e-1,9.333333373070e-1,8.000000119209e-1
3305,6.000000238419e-1,9.333333373070e-1,8.000000119209e-1,6.000000238419e-1,9.333333373070e-1,8.000000119209e-1,6.000000238419e-1,9.333333373070e-1,8.000000119209e-1
3306,6.666666865349e-1,9.333333373070e-1,8.000000119209e-1,6.666666865349e-1,9.333333373070e-1,8.000000119209e-1,6.666666865349e-1,9.333333373070e-1,8.000000119209e-1
3307,7.333333492279e-1,9.333333373070e-1,8.000000119209e-1,7.333333492279e-1,9.333333969116e-1,8.000000119209e-1,7.333333492279e-1,9.333333373070e-1,8.000000119209e-1
3308,8.000000119209e-1,9.333333373070e-1,8.000000119209e-1,8.000000119209e-1,9.333333373070e-1,8.000000119209e-1,8.000000119209e-1,9.333333373070e-1,8.000000119209e-1
3309,8.666666746140e-1,9.333333373070e-1,8.000000119209e-1,8.666667342186e-1,9.333333373070e-1,8.000000119209e-1,8.666666746140e-1,9.333333373070e-1,8.000000119209e-1
3310,9.333333373070e-1,9.333333373070e-1,8.000000119209e-1,9.333333373070e-1,9.333333373070e-1,8.000000119209e-1,9.333333373070e-1,9.333333373070e-1,8.000000119209e-1
3311,1.000000000000e0,9.333333373070e-1,8.000000119209e-1,1.000000000000e0,9.333333373070e-1,7.999999523163e-1,1.000000000000e0,9.333333373070e-1,8.000000119209e-1
3312,0.000000000000e0,1.000000000000e0,8.000000119209e-1,0.000000000000e0,1.000000000000e0,8.000000119209e-1,1.004085730576e-14,1.000000000000e0,8.000000119209e-1
3313,6.666667014360e-2,1.000000000000e0,8.000000119209e-1,6.666682660580e-2,1.000000000000e0,8.000000119209e-1,6.666667014360e-2,1.000000000000e0,8.000000119209e-1
3314,1.333333402872e-1,1.000000000000e0,8.000000119209e-1,1.333333700895e-1,9.999999403954e-1,8.000000119209e-1,1.333333402872e-1,1.000000000000e0,8.000000119209e-1
3315,2.000000029802e-1,1.000000000000e0,8.000000119209e-1,2.000000178814e-1,1.000000000000e0,8.000000119209e-1,2.000000029802e-1,1.000000000000e0,8.000000119209e-1
3316,2.666666805744e-1,1.000000000000e0,8.000000119209e-1,2.666675448418e-1,1.000000000000e0,8.000000715256e-1,2.666666805744e-1,1.000000000000e0,8.000000119209e-1
3317,3.333333432674e-1,1.000000000000e0,8.000000119209e-1,3.333334028721e-1,1.000000000000e0,8.000000119209e-1,3.333333432674e-1,1.000000000000e0,8.000000119209e-1
3318,4.000000059605e-1,1.000000000000e0,8.000000119209e-1,4.000000059605e-1,1.000000000000e0,8.000000119209e-1,4.000000059605e-1,1.000000000000e0,8.000000119209e-1
3319,4.666666686535e-1,1.000000000000e0,8.000000119209e-1,4.666671156883e-1,1.000000000000e0,8.000000715256e-1,4.666666686535e-1,1.000000000000e0,8.000000119209e-1
3320,5.333333611488e-1,1.000000000000e0,8.000000119209e-1,5.333333611488e-1,1.000000000000e0,8.000000119209e-1,5.333333611488e-1,1.000000000000e0,8.000000119209e-1
3321,6.000000238419e-1,1.000000000000e0,8.000000119209e-1,6.000000238419e-1,1.000000000000e0,8.000000715256e-1,6.000000238419e-1,1.000000000000e0,8.000000119209e-1
3322,6.666666865349e-1,1.000000000000e0,8.000000119209e-1,6.666669249535e-1,1.000000000000e0,8.000001311302e-1,6.666666865349e-1,1.000000000000e0,8.000000119209e-1
3323,7.333333492279e-1,1.000000000000e0,8.000000119209e-1,7.333333492279e-1,1.000000000000e0,8.000000119209e-1,7.333333492279e-1,1.000000000000e0,8.000000119209e-1
3324,8.000000119209e-1,1.000000000000e0,8.000000119209e-1,8.000000119209e-1,9.999999403954e-1,8.000000119209e-1,8.000000119209e-1,1.000000000000e0,8.000000119209e-1
3325,8.666666746140e-1,1.000000000000e0,8.000000119209e-1,8.666666150093e-1,1.000000000000e0,8.000000119209e-1,8.666666746140e-1,1.000000000000e0,8.000000119209e-1
3326,9.333333373070e-1,1.000000000000e0,8.000000119209e-1,9.333333373070e-1,1.000000000000e0,8.000000715256e-1,9.333333373070e-1,1.000000000000e0,8.000000119209e-1
3327,1.000000000000e0,1.000000000000e0,8.000000119209e-1,1.000000000000e0,1.000000000000e0,8.000000715256e-1,1.000000000000e0,1.000000000000e0,8.000000119209e-1
3328,0.000000000000e0,0.000000000000e0,8.666666746140e-1,0.000000000000e0,3.572204088087e-9,8.666666746140e-1,0.000000000000e0,2.689515160687e-16,8.666666746140e-1
3329,6.666667014360e-2,0.000000000000e0,8.666666746140e-1,6.666667014360e-2,1.203268773509e-8,8.666666150093e-1,6.666667014360e-2,1.400789173764e-17,8.666666746140e-1
3330,1.333333402872e-1,0.000000000000e0,8.666666746140e-1,1.333333551884e-1,2.632150497561e-9,8.666666746140e-1,1.333333402872e-1,0.000000000000e0,8.666666746140e-1
3331,2.000000029802e-1,0.000000000000e0,8.666666746140e-1,2.000000178814e-1,0.000000000000e0,8.666666746140e-1,2.000000029802e-1,0.000000000000e0,8.666666746140e-1
3332,2.666666805744e-1,0.000000000000e0,8.666666746140e-1,2.666666507721e-1,5.790731094635e-8,8.666666746140e-1,2.666666805744e-1,0.000000000000e0,8.666666746140e-1
3333,3.333333432674e-1,0.000000000000e0,8.666666746140e-1,3.333333432674e-1,1.654494496961e-8,8.666666150093e-1,3.333333432674e-1,0.000000000000e0,8.666666746140e-1
3334,4.000000059605e-1,0.000000000000e0,8.666666746140e-1,4.000000059605e-1,0.000000000000e0,8.666666746140e-1,4.000000059605e-1,4.482525488394e-17,8.666666746140e-1
3335,4.666666686535e-1,0.000000000000e0,8.666666746140e-1,4.666666686535e-1,1.075421494079e-7,8.666666746140e-1,4.666666686535e-1,4.412486120696e-17,8.666666746140e-1
3336,5.333333611488e-1,0.000000000000e0,8.666666746140e-1,5.333333611488e-1,4.888279558912e-9,8.666666746140e-1,5.333333611488e-1,0.000000000000e0,8.666666746140e-1
3337,6.000000238419e-1,0.000000000000e0,8.666666746140e-1,6.000000238419e-1,0.000000000000e0,8.666666746140e-1,6.000000238419e-1,0.000000000000e0,8.666666746140e-1
3338,6.666666865349e-1,0.000000000000e0,8.666666746140e-1,6.666666269302e-1,0.000000000000e0,8.666666746140e-1,6.666666865349e-1,0.000000000000e0,8.666666746140e-1
3339,7.333333492279e-1,0.000000000000e0,8.666666746140e-1,7.333333492279e-1,2.256128972533e-8,8.666666746140e-1,7.333333492279e-1,5.322998893391e-17,8.666666746140e-1
3340,8.000000119209e-1,0.000000000000e0,8.666666746140e-1,8.000000119209e-1,0.000000000000e0,8.666666746140e-1,8.000000119209e-1,2.801578430246e-18,8.666666746140e-1
3341,8.666666746140e-1,0.000000000000e0,8.666666746140e-1,8.666666746140e-1,0.000000000000e0,8.666666150093e-1,8.666666746140e-1,0.000000000000e0,8.666666746140e-1
3342,9.333333373070e-1,0.000000000000e0,8.666666746140e-1,9.333333373070e-1,4.587462143490e-8,8.666666746140e-1,9.333333373070e-1,0.000000000000e0,8.666666746140e-1
3343,1.000000000000e0,0.000000000000e0,8.666666746140e-1,1.000000000000e0,3.647408419738e-8,8.666666150093e-1,1.000000000000e0,0.000000000000e0,8.666666746140e-1
3344,0.000000000000e0,6.666667014360e-2,8.666666746140e-1,0.000000000000e0,6.666669994593e-2,8.666666746140e-1,0.000000000000e0,6.666667014360e-2,8.666666746140e-1
3345,6.666667014360e-2,6.666667014360e-2,8.666666746140e-1,6.666669249535e-2,6.666666269302e-2,8.666666746140e-1,6.666667014360e-2,6.666667014360e-2,8.666666746140e-1
3346,1.333333402872e-1,6.666667014360e-2,8.666666746140e-1,1.333333402872e-1,6.666667014360e-2,8.666666746140e-1,1.333333402872e-1,6.666667014360e-2,8.666666746140e-1
3347,2.000000029802e-1,6.666667014360e-2,8.666666746140e-1,2.000000178814e-1,6.666667759418e-2,8.666667342186e-1,2.000000029802e-1,6.666667014360e-2,8.666666746140e-1
3348,2.666666805744e-1,6.666667014360e-2,8.666666746140e-1,2.666666805744e-1,6.666667759418e-2,8.666666746140e-1,2.666666805744e-1,6.666667014360e-2,8.666666746140e-1
3349,3.333333432674e-1,6.666667014360e-2,8.666666746140e-1,3.333333432674e-1,6.666659563780e-2,8.666666746140e-1,3.333333432674e-1,6.666667014360e-2,8.666666746140e-1
3350,4.000000059605e-1,6.666667014360e-2,8.666666746140e-1,4.000000059605e-1,6.666662544012e-2,8.666666746140e-1,4.000000059605e-1,6.666667014360e-2,8.666666746140e-1
3351,4.666666686535e-1,6.666667014360e-2,8.666666746140e-1,4.666666984558e-1,6.666668504477e-2,8.666666746140e-1,4.666666686535e-1,6.666667014360e-2,8.666666746140e-1
3352,5.333333611488e-1,6.666667014360e-2,8.666666746140e-1,5.333333611488e-1,6.666663289070e-2,8.666666746140e-1,5.333333611488e-1,6.666667014360e-2,8.666666746140e-1
3353,6.000000238419e-1,6.666667014360e-2,8.666666746140e-1,6.000000238419e-1,6.666666269302e-2,8.666666746140e-1,6.000000238419e-1,6.666667014360e-2,8.666666746140e-1
3354,6.666666865349e-1,6.666667014360e-2,8.666666746140e-1,6.666666865349e-1,6.666664779186e-2,8.666666746140e-1,6.666666865349e-1,6.666667014360e-2,8.666666746140e-1
3355,7.333333492279e-1,6.666667014360e-2,8.666666746140e-1,7.333333492279e-1,6.666664779186e-2,8.666666746140e-1,7.333333492279e-1,6.666667014360e-2,8.666666746140e-1
3356,8.000000119209e-1,6.666667014360e-2,8.666666746140e-1,8.000000119209e-1,6.666667014360e-2,8.666666746140e-1,8.000000119209e-1,6.666667014360e-2,8.666666746140e-1
3357,8.666666746140e-1,6.666667014360e-2,8.666666746140e-1,8.666666746140e-1,6.666663289070e-2,8.666666746140e-1,8.666666746140e-1,6.666667014360e-2,8.666666746140e-1
3358,9.333333373070e-1,6.666667014360e-2,8.666666746140e-1,9.333333373070e-1,6.666668504477e-2,8.666666746140e-1,9.333333373070e-1,6.666667014360e-2,8.666666746140e-1
3359,1.000000000000e0,6.666667014360e-2,8.666666746140e-1,1.000000000000e0,6.666670739651e-2,8.666666746140e-1,1.000000000000e0,6.666667014360e-2,8.666666746140e-1
3360,0.000000000000e0,1.333333402872e-1,8.666666746140e-1,4.850677370882e-8,1.333333402872e-1,8.666667342186e-1,0.000000000000e0,1.333333402872e-1,8.666666746140e-1
3361,6.666667014360e-2,1.333333402872e-1,8.666666746140e-1,6.666667014360e-2,1.333333551884e-1,8.666666746140e-1,6.666667014360e-2,1.333333402872e-1,8.666666746140e-1
3362,1.333333402872e-1,1.333333402872e-1,8.666666746140e-1,1.333333700895e-1,1.333333402872e-1,8.666666746140e-1,1.333333402872e-1,1.333333402872e-1,8.666666746140e-1
3363,2.000000029802e-1,1.333333402872e-1,8.666666746140e-1,1.999999731779e-1,1.333333700895e-1,8.666666746140e-1,2.000000029802e-1,1.333333402872e-1,8.666666746140e-1
3364,2.666666805744e-1,1.333333402872e-1,8.666666746140e-1,2.666667103767e-1,1.333333551884e-1,8.666666746140e-1,2.666666805744e-1,1.333333402872e-1,8.666666746140e-1
3365,3.333333432674e-1,1.333333402872e-1,8.666666746140e-1,3.333333432674e-1,1.333333402872e-1,8.666666746140e-1,3.333333432674e-1,1.333333402872e-1,8.666666746140e-1
3366,4.000000059605e-1,1.333333402872e-1,8.666666746140e-1,4.000000059605e-1,1.333333402872e-1,8.666666746140e-1,4.000000059605e-1,1.333333402872e-1,8.666666746140e-1
3367,4.666666686535e-1,1.333333402872e-1,8.666666746140e-1,4.666666686535e-1,1.333333253860e-1,8.666666746140e-1,4.666666686535e-1,1.333333402872e-1,8.666666746140e-1
3368,5.333333611488e-1,1.333333402872e-1,8.666666746140e-1,5.333333611488e-1,1.333333253860e-1,8.666666150093e-1,5.333333611488e-1,1.333333402872e-1,8.666666746140e-1
3369,6.000000238419e-1,1.333333402872e-1,8.666666746140e-1,6.000000238419e-1,1.333333253860e-1,8.666666746140e-1,6.000000238419e-1,1.333333402872e-1,8.666666746140e-1
3370,6.666666865349e-1,1.333333402872e-1,8.666666746140e-1,6.666666865349e-1,1.333333253860e-1,8.666666746140e-1,6.666666865349e-1,1.333333402872e-1,8.666666746140e-1
3371,7.333333492279e-1,1.333333402872e-1,8.666666746140e-1,7.333333492279e-1,1.333333551884e-1,8.666666746140e-1,7.333333492279e-1,1.333333402872e-1,8.666666746140e-1
3372,8.000000119209e-1,1.333333402872e-1,8.666666746140e-1,8.000000119209e-1,1.333333104849e-1,8.666666150093e-1,8.000000119209e-1,1.333333402872e-1,8.666666746140e-1
3373,8.666666746140e-1,1.333333402872e-1,8.666666746140e-1,8.666666746140e-1,1.333333402872e-1,8.666666746140e-1,8.666666746140e-1,1.333333402872e-1,8.666666746140e-1
3374,9.333333373070e-1,1.333333402872e-1,8.666666746140e-1,9.333333373070e-1,1.333333551884e-1,8.666666746140e-1,9.333333373070e-1,1.333333402872e-1,8.666666746140e-1
3375,1.000000000000e0,1.333333402872e-1,8.666666746140e-1,1.000000000000e0,1.333333551884e-1,8.666666150093e-1,1.000000000000e0,1.333333402872e-1,8.666666746140e-1
3376,0.000000000000e0,2.000000029802e-1,8.666666746140e-1,0.000000000000e0,2.000000178814e-1,8.666666746140e-1,0.000000000000e0,2.000000029802e-1,8.666666746140e-1
3377,6.666667014360e-2,2.000000029802e-1,8.666666746140e-1,6.666661798954e-2,2.000000029802e-1,8.666666746140e-1,6.666667014360e-2,2.000000029802e-1,8.666666746140e-1
3378,1.333333402872e-1,2.000000029802e-1,8.666666746140e-1,1.333333402872e-1,2.000000029802e-1,8.666666150093e-1,1.333333402872e-1,2.000000029802e-1,8.666666746140e-1
3379,2.000000029802e-1,2.000000029802e-1,8.666666746140e-1,1.999999880791e-1,2.000000029802e-1,8.666666746140e-1,2.000000029802e-1,2.000000029802e-1,8.666666746140e-1
3380,2.666666805744e-1,2.000000029802e-1,8.666666746140e-1,2.666666805744e-1,2.000000029802e-1,8.666666746140e-1,2.666666805744e-1,2.000000029802e-1,8.666666746140e-1
3381,3.333333432674e-1,2.000000029802e-1,8.666666746140e-1,3.333333730698e-1,2.000000029802e-1,8.666666746140e-1,3.333333432674e-1,2.000000029802e-1,8.666666746140e-1
3382,4.000000059605e-1,2.000000029802e-1,8.666666746140e-1,4.000000059605e-1,2.000000178814e-1,8.666666746140e-1,4.000000059605e-1,2.000000029802e-1,8.666666746140e-1
3383,4.666666686535e-1,2.000000029802e-1,8.666666746140e-1,4.666666686535e-1,2.000000178814e-1,8.666666746140e-1,4.666666686535e-1,2.000000029802e-1,8.666666746140e-1
3384,5.333333611488e-1,2.000000029802e-1,8.666666746140e-1,5.333333611488e-1,1.999999880791e-1,8.666666746140e-1,5.333333611488e-1,2.000000029802e-1,8.666666746140e-1
3385,6.000000238419e-1,2.000000029802e-1,8.666666746140e-1,6.000000238419e-1,2.000000029802e-1,8.666666746140e-1,6.000000238419e-1,2.000000029802e-1,8.666666746140e-1
3386,6.666666865349e-1,2.000000029802e-1,8.666666746140e-1,6.666666865349e-1,2.000000327826e-1,8.666666150093e-1,6.666666865349e-1,2.000000029802e-1,8.666666746140e-1
3387,7.333333492279e-1,2.000000029802e-1,8.666666746140e-1,7.333333492279e-1,2.000000029802e-1,8.666666746140e-1,7.333333492279e-1,2.000000029802e-1,8.666666746140e-1
3388,8.000000119209e-1,2.000000029802e-1,8.666666746140e-1,8.000000119209e-1,1.999999731779e-1,8.666667342186e-1,8.000000119209e-1,2.000000029802e-1,8.666666746140e-1
3389,8.666666746140e-1,2.000000029802e-1,8.666666746140e-1,8.666666150093e-1,2.000000029802e-1,8.666666746140e-1,8.666666746140e-1,2.000000029802e-1,8.666666746140e-1
3390,9.333333373070e-1,2.000000029802e-1,8.666666746140e-1,9.333333373070e-1,2.000000178814e-1,8.666666746140e-1,9.333333373070e-1,2.000000029802e-1,8.666666746140e-1
3391,1.000000000000e0,2.000000029802e-1,8.666666746140e-1,1.000000000000e0,2.000000327826e-1,8.666666746140e-1,1.000000000000e0,2.000000029802e-1,8.666666746140e-1
3392,0.000000000000e0,2.666666805744e-1,8.666666746140e-1,0.000000000000e0,2.666666805744e-1,8.666666746140e-1,4.622604223791e-17,2.666666805744e-1,8.666666746140e-1
3393,6.666667014360e-2,2.666666805744e-1,8.666666746140e-1,6.666667759418e-2,2.666667103767e-1,8.666666746140e-1,6.666667014360e-2,2.666666805744e-1,8.666666746140e-1
3394,1.333333402872e-1,2.666666805744e-1,8.666666746140e-1,1.333333402872e-1,2.666666805744e-1,8.666666150093e-1,1.333333402872e-1,2.666666805744e-1,8.666666746140e-1
3395,2.000000029802e-1,2.666666805744e-1,8.666666746140e-1,2.000000327826e-1,2.666666507721e-1,8.666666746140e-1,2.000000029802e-1,2.666666805744e-1,8.666666746140e-1
3396,2.666666805744e-1,2.666666805744e-1,8.666666746140e-1,2.666667103767e-1,2.666666805744e-1,8.666666746140e-1,2.666666805744e-1,2.666666805744e-1,8.666666746140e-1
3397,3.333333432674e-1,2.666666805744e-1,8.666666746140e-1,3.333333432674e-1,2.666666507721e-1,8.666666746140e-1,3.333333432674e-1,2.666666805744e-1,8.666666746140e-1
3398,4.000000059605e-1,2.666666805744e-1,8.666666746140e-1,4.000000059605e-1,2.666666805744e-1,8.666666746140e-1,4.000000059605e-1,2.666666805744e-1,8.666666746140e-1
3399,4.666666686535e-1,2.666666805744e-1,8.666666746140e-1,4.666666686535e-1,2.666666507721e-1,8.666666150093e-1,4.666666686535e-1,2.666666805744e-1,8.666666746140e-1
3400,5.333333611488e-1,2.666666805744e-1,8.666666746140e-1,5.333333611488e-1,2.666666805744e-1,8.666666150093e-1,5.333333611488e-1,2.666666805744e-1,8.666666746140e-1
3401,6.000000238419e-1,2.666666805744e-1,8.666666746140e-1,6.000000238419e-1,2.666667103767e-1,8.666666746140e-1,6.000000238419e-1,2.666666805744e-1,8.666666746140e-1
3402,6.666666865349e-1,2.666666805744e-1,8.666666746140e-1,6.666666865349e-1,2.666666507721e-1,8.666666746140e-1,6.666666865349e-1,2.666666805744e-1,8.666666746140e-1
3403,7.333333492279e-1,2.666666805744e-1,8.666666746140e-1,7.333332896233e-1,2.666666805744e-1,8.666666746140e-1,7.333333492279e-1,2.666666805744e-1,8.666666746140e-1
3404,8.000000119209e-1,2.666666805744e-1,8.666666746140e-1,8.000000119209e-1,2.666666507721e-1,8.666666746140e-1,8.000000119209e-1,2.666666805744e-1,8.666666746140e-1
3405,8.666666746140e-1,2.666666805744e-1,8.666666746140e-1,8.666666746140e-1,2.666666805744e-1,8.666666746140e-1,8.666666746140e-1,2.666666805744e-1,8.666666746140e-1
3406,9.333333373070e-1,2.666666805744e-1,8.666666746140e-1,9.333333373070e-1,2.666666805744e-1,8.666666746140e-1,9.333333373070e-1,2.666666805744e-1,8.666666746140e-1
3407,1.000000000000e0,2.666666805744e-1,8.666666746140e-1,1.000000000000e0,2.666667103767e-1,8.666666746140e-1,1.000000000000e0,2.666666805744e-1,8.666666746140e-1
3408,0.000000000000e0,3.333333432674e-1,8.666666746140e-1,0.000000000000e0,3.333333432674e-1,8.666666746140e-1,2.801578430246e-18,3.333333432674e-1,8.666666746140e-1
3409,6.666667014360e-2,3.333333432674e-1,8.666666746140e-1,6.666667014360e-2,3.333333432674e-1,8.666666746140e-1,6.666667014360e-2,3.333333432674e-1,8.666666746140e-1
3410,1.333333402872e-1,3.333333432674e-1,8.666666746140e-1,1.333333253860e-1,3.333333432674e-1,8.666666746140e-1,1.333333402872e-1,3.333333432674e-1,8.666666746140e-1
3411,2.000000029802e-1,3.333333432674e-1,8.666666746140e-1,2.000000029802e-1,3.333333432674e-1,8.666666746140e-1,2.000000029802e-1,3.333333432674e-1,8.666666746140e-1
3412,2.666666805744e-1,3.333333432674e-1,8.666666746140e-1,2.666666805744e-1,3.333333432674e-1,8.666666746140e-1,2.666666805744e-1,3.333333432674e-1,8.666666746140e-1
3413,3.333333432674e-1,3.333333432674e-1,8.666666746140e-1,3.333333432674e-1,3.333333432674e-1,8.666666150093e-1,3.333333432674e-1,3.333333432674e-1,8.666666746140e-1
3414,4.000000059605e-1,3.333333432674e-1,8.666666746140e-1,3.999999761581e-1,3.333333432674e-1,8.666666746140e-1,4.000000059605e-1,3.333333432674e-1,8.666666746140e-1
3415,4.666666686535e-1,3.333333432674e-1,8.666666746140e-1,4.666666984558e-1,3.333333432674e-1,8.666666746140e-1,4.666666686535e-1,3.333333432674e-1,8.666666746140e-1
3416,5.333333611488e-1,3.333333432674e-1,8.666666746140e-1,5.333333611488e-1,3.333333432674e-1,8.666666746140e-1,5.333333611488e-1,3.333333432674e-1,8.666666746140e-1
3417,6.000000238419e-1,3.333333432674e-1,8.666666746140e-1,6.000000238419e-1,3.333333134651e-1,8.666666746140e-1,6.000000238419e-1,3.333333432674e-1,8.666666746140e-1
3418,6.666666865349e-1,3.333333432674e-1,8.666666746140e-1,6.666666865349e-1,3.333333432674e-1,8.666666746140e-1,6.666666865349e-1,3.333333432674e-1,8.666666746140e-1
3419,7.333333492279e-1,3.333333432674e-1,8.666666746140e-1,7.333334088326e-1,3.333333432674e-1,8.666666746140e-1,7.333333492279e-1,3.333333432674e-1,8.666666746140e-1
3420,8.000000119209e-1,3.333333432674e-1,8.666666746140e-1,7.999999523163e-1,3.333333134651e-1,8.666666746140e-1,8.000000119209e-1,3.333333432674e-1,8.666666746140e-1
3421,8.666666746140e-1,3.333333432674e-1,8.666666746140e-1,8.666666746140e-1,3.333333432674e-1,8.666667342186e-1,8.666666746140e-1,3.333333432674e-1,8.666666746140e-1
3422,9.333333373070e-1,3.333333432674e-1,8.666666746140e-1,9.333333373070e-1,3.333333432674e-1,8.666666746140e-1,9.333333373070e-1,3.333333432674e-1,8.666666746140e-1
3423,1.000000000000e0,3.333333432674e-1,8.666666746140e-1,1.000000000000e0,3.333333432674e-1,8.666666746140e-1,1.000000000000e0,3.333333432674e-1,8.666666746140e-1
3424,0.000000000000e0,4.000000059605e-1,8.666666746140e-1,0.000000000000e0,4.000000059605e-1,8.666666746140e-1,1.120631339011e-16,4.000000059605e-1,8.666666746140e-1
3425,6.666667014360e-2,4.000000059605e-1,8.666666746140e-1,6.666668504477e-2,4.000000059605e-1,8.666666746140e-1,6.666667014360e-2,4.000000059605e-1,8.666666746140e-1
3426,1.333333402872e-1,4.000000059605e-1,8.666666746140e-1,1.333333700895e-1,3.999999761581e-1,8.666666746140e-1,1.333333402872e-1,4.000000059605e-1,8.666666746140e-1
3427,2.000000029802e-1,4.000000059605e-1,8.666666746140e-1,2.000000029802e-1,4.000000059605e-1,8.666666746140e-1,2.000000029802e-1,4.000000059605e-1,8.666666746140e-1
3428,2.666666805744e-1,4.000000059605e-1,8.666666746140e-1,2.666666805744e-1,4.000000059605e-1,8.666666150093e-1,2.666666805744e-1,4.000000059605e-1,8.666666746140e-1
3429,3.333333432674e-1,4.000000059605e-1,8.666666746140e-1,3.333333432674e-1,4.000000059605e-1,8.666666746140e-1,3.333333432674e-1,4.000000059605e-1,8.666666746140e-1
3430,4.000000059605e-1,4.000000059605e-1,8.666666746140e-1,4.000000357628e-1,4.000000059605e-1,8.666666746140e-1,4.000000059605e-1,4.000000059605e-1,8.666666746140e-1
3431,4.666666686535e-1,4.000000059605e-1,8.666666746140e-1,4.666666686535e-1,3.999999761581e-1,8.666666746140e-1,4.666666686535e-1,4.000000059605e-1,8.666666746140e-1
3432,5.333333611488e-1,4.000000059605e-1,8.666666746140e-1,5.333333611488e-1,3.999999761581e-1,8.666666746140e-1,5.333333611488e-1,4.000000059605e-1,8.666666746140e-1
3433,6.000000238419e-1,4.000000059605e-1,8.666666746140e-1,6.000000238419e-1,4.000000357628e-1,8.666666150093e-1,6.000000238419e-1,4.000000059605e-1,8.666666746140e-1
3434,6.666666865349e-1,4.000000059605e-1,8.666666746140e-1,6.666666865349e-1,4.000000059605e-1,8.666666746140e-1,6.666666865349e-1,4.000000059605e-1,8.666666746140e-1
3435,7.333333492279e-1,4.000000059605e-1,8.666666746140e-1,7.333333492279e-1,3.999999761581e-1,8.666666746140e-1,7.333333492279e-1,4.000000059605e-1,8.666666746140e-1
3436,8.000000119209e-1,4.000000059605e-1,8.666666746140e-1,8.000000119209e-1,4.000000059605e-1,8.666666150093e-1,8.000000119209e-1,4.000000059605e-1,8.666666746140e-1
3437,8.666666746140e-1,4.000000059605e-1,8.666666746140e-1,8.666666746140e-1,4.000000059605e-1,8.666666746140e-1,8.666666746140e-1,4.000000059605e-1,8.666666746140e-1
3438,9.333333373070e-1,4.000000059605e-1,8.666666746140e-1,9.333333373070e-1,4.000000059605e-1,8.666666746140e-1,9.333333373070e-1,4.000000059605e-1,8.666666746140e-1
3439,1.000000000000e0,4.000000059605e-1,8.666666746140e-1,1.000000000000e0,3.999999761581e-1,8.666666746140e-1,1.000000000000e0,4.000000059605e-1,8.666666746140e-1
3440,0.000000000000e0,4.666666686535e-1,8.666666746140e-1,0.000000000000e0,4.666666686535e-1,8.666666746140e-1,0.000000000000e0,4.666666686535e-1,8.666666746140e-1
3441,6.666667014360e-2,4.666666686535e-1,8.666666746140e-1,6.666673719883e-2,4.666666686535e-1,8.666666746140e-1,6.666667014360e-2,4.666666686535e-1,8.666666746140e-1
3442,1.333333402872e-1,4.666666686535e-1,8.666666746140e-1,1.333333849907e-1,4.666666686535e-1,8.666666746140e-1,1.333333402872e-1,4.666666686535e-1,8.666666746140e-1
3443,2.000000029802e-1,4.666666686535e-1,8.666666746140e-1,2.000000029802e-1,4.666666686535e-1,8.666666746140e-1,2.000000029802e-1,4.666666686535e-1,8.666666746140e-1
3444,2.666666805744e-1,4.666666686535e-1,8.666666746140e-1,2.666666805744e-1,4.666666984558e-1,8.666666150093e-1,2.666666805744e-1,4.666666686535e-1,8.666666746140e-1
3445,3.333333432674e-1,4.666666686535e-1,8.666666746140e-1,3.333333432674e-1,4.666666686535e-1,8.666666150093e-1,3.333333432674e-1,4.666666686535e-1,8.666666746140e-1
3446,4.000000059605e-1,4.666666686535e-1,8.666666746140e-1,4.000000059605e-1,4.666666984558e-1,8.666666746140e-1,4.000000059605e-1,4.666666686535e-1,8.666666746140e-1
3447,4.666666686535e-1,4.666666686535e-1,8.666666746140e-1,4.666666388512e-1,4.666666388512e-1,8.666666746140e-1,4.666666686535e-1,4.666666686535e-1,8.666666746140e-1
3448,5.333333611488e-1,4.666666686535e-1,8.666666746140e-1,5.333333611488e-1,4.666666388512e-1,8.666666150093e-1,5.333333611488e-1,4.666666686535e-1,8.666666746140e-1
3449,6.000000238419e-1,4.666666686535e-1,8.666666746140e-1,6.000000238419e-1,4.666666686535e-1,8.666666746140e-1,6.000000238419e-1,4.666666686535e-1,8.666666746140e-1
3450,6.666666865349e-1,4.666666686535e-1,8.666666746140e-1,6.666666865349e-1,4.666666686535e-1,8.666666746140e-1,6.666666865349e-1,4.666666686535e-1,8.666666746140e-1
3451,7.333333492279e-1,4.666666686535e-1,8.666666746140e-1,7.333333492279e-1,4.666666686535e-1,8.666666746140e-1,7.333333492279e-1,4.666666686535e-1,8.666666746140e-1
3452,8.000000119209e-1,4.666666686535e-1,8.666666746140e-1,8.000000119209e-1,4.666666686535e-1,8.666666150093e-1,8.000000119209e-1,4.666666686535e-1,8.666666746140e-1
3453,8.666666746140e-1,4.666666686535e-1,8.666666746140e-1,8.666666150093e-1,4.666666388512e-1,8.666666746140e-1,8.666666746140e-1,4.666666686535e-1,8.666666746140e-1
3454,9.333333373070e-1,4.666666686535e-1,8.666666746140e-1,9.333333373070e-1,4.666666686535e-1,8.666666746140e-1,9.333333373070e-1,4.666666686535e-1,8.666666746140e-1
3455,1.000000000000e0,4.666666686535e-1,8.666666746140e-1,1.000000000000e0,4.666666686535e-1,8.666666746140e-1,1.000000000000e0,4.666666686535e-1,8.666666746140e-1
3456,0.000000000000e0,5.333333611488e-1,8.666666746140e-1,0.000000000000e0,5.333333611488e-1,8.666666746140e-1,2.269278557451e-16,5.333333611488e-1,8.666666746140e-1
3457,6.666667014360e-2,5.333333611488e-1,8.666666746140e-1,6.666678935289e-2,5.333333611488e-1,8.666667342186e-1,6.666667014360e-2,5.333333611488e-1,8.666666746140e-1
3458,1.333333402872e-1,5.333333611488e-1,8.666666746140e-1,1.333333551884e-1,5.333333611488e-1,8.666666746140e-1,1.333333402872e-1,5.333333611488e-1,8.666666746140e-1
3459,2.000000029802e-1,5.333333611488e-1,8.666666746140e-1,1.999999880791e-1,5.333333611488e-1,8.666666150093e-1,2.000000029802e-1,5.333333611488e-1,8.666666746140e-1
3460,2.666666805744e-1,5.333333611488e-1,8.666666746140e-1,2.666666805744e-1,5.333333611488e-1,8.666666150093e-1,2.666666805744e-1,5.333333611488e-1,8.666666746140e-1
3461,3.333333432674e-1,5.333333611488e-1,8.666666746140e-1,3.333333432674e-1,5.333333611488e-1,8.666666746140e-1,3.333333432674e-1,5.333333611488e-1,8.666666746140e-1
3462,4.000000059605e-1,5.333333611488e-1,8.666666746140e-1,4.000000357628e-1,5.333333611488e-1,8.666666746140e-1,4.000000059605e-1,5.333333611488e-1,8.666666746140e-1
3463,4.666666686535e-1,5.333333611488e-1,8.666666746140e-1,4.666666388512e-1,5.333333611488e-1,8.666666746140e-1,4.666666686535e-1,5.333333611488e-1,8.666666746140e-1
3464,5.333333611488e-1,5.333333611488e-1,8.666666746140e-1,5.333333611488e-1,5.333333611488e-1,8.666666746140e-1,5.333333611488e-1,5.333333611488e-1,8.666666746140e-1
3465,6.000000238419e-1,5.333333611488e-1,8.666666746140e-1,6.000000238419e-1,5.333333611488e-1,8.666666746140e-1,6.000000238419e-1,5.333333611488e-1,8.666666746140e-1
3466,6.666666865349e-1,5.333333611488e-1,8.666666746140e-1,6.666666865349e-1,5.333333611488e-1,8.666666746140e-1,6.666666865349e-1,5.333333611488e-1,8.666666746140e-1
3467,7.333333492279e-1,5.333333611488e-1,8.666666746140e-1,7.333333492279e-1,5.333333611488e-1,8.666666746140e-1,7.333333492279e-1,5.333333611488e-1,8.666666746140e-1
3468,8.000000119209e-1,5.333333611488e-1,8.666666746140e-1,8.000000119209e-1,5.333333611488e-1,8.666666150093e-1,8.000000119209e-1,5.333333611488e-1,8.666666746140e-1
3469,8.666666746140e-1,5.333333611488e-1,8.666666746140e-1,8.666667342186e-1,5.333333611488e-1,8.666666746140e-1,8.666666746140e-1,5.333333611488e-1,8.666666746140e-1
3470,9.333333373070e-1,5.333333611488e-1,8.666666746140e-1,9.333333373070e-1,5.333333611488e-1,8.666666746140e-1,9.333333373070e-1,5.333333611488e-1,8.666666746140e-1
3471,1.000000000000e0,5.333333611488e-1,8.666666746140e-1,1.000000000000e0,5.333333611488e-1,8.666666150093e-1,1.000000000000e0,5.333333611488e-1,8.666666746140e-1
3472,0.000000000000e0,6.000000238419e-1,8.666666746140e-1,1.818063850578e-7,6.000000238419e-1,8.666666746140e-1,1.050591921682e-17,6.000000238419e-1,8.666666746140e-1
3473,6.666667014360e-2,6.000000238419e-1,8.666666746140e-1,6.666678190231e-2,6.000000238419e-1,8.666666746140e-1,6.666667014360e-2,6.000000238419e-1,8.666666746140e-1
3474,1.333333402872e-1,6.000000238419e-1,8.666666746140e-1,1.333333402872e-1,6.000000238419e-1,8.666667342186e-1,1.333333402872e-1,6.000000238419e-1,8.666666746140e-1
3475,2.000000029802e-1,6.000000238419e-1,8.666666746140e-1,2.000000029802e-1,6.000000238419e-1,8.666666746140e-1,2.000000029802e-1,6.000000238419e-1,8.666666746140e-1
3476,2.666666805744e-1,6.000000238419e-1,8.666666746140e-1,2.666667103767e-1,6.000000238419e-1,8.666666746140e-1,2.666666805744e-1,6.000000238419e-1,8.666666746140e-1
3477,3.333333432674e-1,6.000000238419e-1,8.666666746140e-1,3.333333730698e-1,6.000000238419e-1,8.666666746140e-1,3.333333432674e-1,6.000000238419e-1,8.666666746140e-1
3478,4.000000059605e-1,6.000000238419e-1,8.666666746140e-1,4.000000357628e-1,6.000000238419e-1,8.666666150093e-1,4.000000059605e-1,6.000000238419e-1,8.666666746140e-1
3479,4.666666686535e-1,6.000000238419e-1,8.666666746140e-1,4.666666388512e-1,6.000000238419e-1,8.666667342186e-1,4.666666686535e-1,6.000000238419e-1,8.666666746140e-1
3480,5.333333611488e-1,6.000000238419e-1,8.666666746140e-1,5.333333611488e-1,6.000000238419e-1,8.666666746140e-1,5.333333611488e-1,6.000000238419e-1,8.666666746140e-1
3481,6.000000238419e-1,6.000000238419e-1,8.666666746140e-1,6.000000238419e-1,6.000000238419e-1,8.666666746140e-1,6.000000238419e-1,6.000000238419e-1,8.666666746140e-1
3482,6.666666865349e-1,6.000000238419e-1,8.666666746140e-1,6.666666865349e-1,6.000000238419e-1,8.666667342186e-1,6.666666865349e-1,6.000000238419e-1,8.666666746140e-1
3483,7.333333492279e-1,6.000000238419e-1,8.666666746140e-1,7.333333492279e-1,6.000000238419e-1,8.666666746140e-1,7.333333492279e-1,6.000000238419e-1,8.666666746140e-1
3484,8.000000119209e-1,6.000000238419e-1,8.666666746140e-1,8.000000119209e-1,6.000000238419e-1,8.666666746140e-1,8.000000119209e-1,6.000000238419e-1,8.666666746140e-1
3485,8.666666746140e-1,6.000000238419e-1,8.666666746140e-1,8.666666746140e-1,6.000000238419e-1,8.666666150093e-1,8.666666746140e-1,6.000000238419e-1,8.666666746140e-1
3486,9.333333373070e-1,6.000000238419e-1,8.666666746140e-1,9.333333969116e-1,6.000000238419e-1,8.666666746140e-1,9.333333373070e-1,6.000000238419e-1,8.666666746140e-1
3487,1.000000000000e0,6.000000238419e-1,8.666666746140e-1,1.000000000000e0,6.000000238419e-1,8.666666746140e-1,1.000000000000e0,6.000000238419e-1,8.666666746140e-1
3488,0.000000000000e0,6.666666865349e-1,8.666666746140e-1,0.000000000000e0,6.666666865349e-1,8.666666746140e-1,1.400789173764e-17,6.666666865349e-1,8.666666746140e-1
3489,6.666667014360e-2,6.666666865349e-1,8.666666746140e-1,6.666671484709e-2,6.666666865349e-1,8.666666746140e-1,6.666667014360e-2,6.666666865349e-1,8.666666746140e-1
3490,1.333333402872e-1,6.666666865349e-1,8.666666746140e-1,1.333332657814e-1,6.666666865349e-1,8.666666150093e-1,1.333333402872e-1,6.666666865349e-1,8.666666746140e-1
3491,2.000000029802e-1,6.666666865349e-1,8.666666746140e-1,2.000001519918e-1,6.666666865349e-1,8.666666150093e-1,2.000000029802e-1,6.666666865349e-1,8.666666746140e-1
3492,2.666666805744e-1,6.666666865349e-1,8.666666746140e-1,2.666666507721e-1,6.666666865349e-1,8.666667342186e-1,2.666666805744e-1,6.666666865349e-1,8.666666746140e-1
3493,3.333333432674e-1,6.666666865349e-1,8.666666746140e-1,3.333333432674e-1,6.666666865349e-1,8.666666746140e-1,3.333333432674e-1,6.666666865349e-1,8.666666746140e-1
3494,4.000000059605e-1,6.666666865349e-1,8.666666746140e-1,4.000000059605e-1,6.666666865349e-1,8.666666746140e-1,4.000000059605e-1,6.666666865349e-1,8.666666746140e-1
3495,4.666666686535e-1,6.666666865349e-1,8.666666746140e-1,4.666666984558e-1,6.666666865349e-1,8.666666746140e-1,4.666666686535e-1,6.666666865349e-1,8.666666746140e-1
3496,5.333333611488e-1,6.666666865349e-1,8.666666746140e-1,5.333333611488e-1,6.666666865349e-1,8.666666746140e-1,5.333333611488e-1,6.666666865349e-1,8.666666746140e-1
3497,6.000000238419e-1,6.666666865349e-1,8.666666746140e-1,6.000000238419e-1,6.666666865349e-1,8.666666746140e-1,6.000000238419e-1,6.666666865349e-1,8.666666746140e-1
3498,6.666666865349e-1,6.666666865349e-1,8.666666746140e-1,6.666666269302e-1,6.666666865349e-1,8.666666746140e-1,6.666666865349e-1,6.666666865349e-1,8.666666746140e-1
3499,7.333333492279e-1,6.666666865349e-1,8.666666746140e-1,7.333333492279e-1,6.666666865349e-1,8.666666746140e-1,7.333333492279e-1,6.666666865349e-1,8.666666746140e-1
3500,8.000000119209e-1,6.666666865349e-1,8.666666746140e-1,8.000000119209e-1,6.666666865349e-1,8.666666150093e-1,8.000000119209e-1,6.666666865349e-1,8.666666746140e-1
3501,8.666666746140e-1,6.666666865349e-1,8.666666746140e-1,8.666666746140e-1,6.666666865349e-1,8.666666150093e-1,8.666666746140e-1,6.666666865349e-1,8.666666746140e-1
3502,9.333333373070e-1,6.666666865349e-1,8.666666746140e-1,9.333333373070e-1,6.666666865349e-1,8.666666746140e-1,9.333333373070e-1,6.666666865349e-1,8.666666746140e-1
3503,1.000000000000e0,6.666666865349e-1,8.666666746140e-1,1.000000000000e0,6.666666865349e-1,8.666666746140e-1,1.000000000000e0,6.666666865349e-1,8.666666746140e-1
3504,0.000000000000e0,7.333333492279e-1,8.666666746140e-1,0.000000000000e0,7.333333492279e-1,8.666666746140e-1,3.193799402209e-16,7.333333492279e-1,8.666666746140e-1
3505,6.666667014360e-2,7.333333492279e-1,8.666666746140e-1,6.666681915522e-2,7.333333492279e-1,8.666666150093e-1,6.666667014360e-2,7.333333492279e-1,8.666666746140e-1
3506,1.333333402872e-1,7.333333492279e-1,8.666666746140e-1,1.333333253860e-1,7.333333492279e-1,8.666666746140e-1,1.333333402872e-1,7.333333492279e-1,8.666666746140e-1
3507,2.000000029802e-1,7.333333492279e-1,8.666666746140e-1,2.000000029802e-1,7.333333492279e-1,8.666666746140e-1,2.000000029802e-1,7.333333492279e-1,8.666666746140e-1
3508,2.666666805744e-1,7.333333492279e-1,8.666666746140e-1,2.666666507721e-1,7.333333492279e-1,8.666666150093e-1,2.666666805744e-1,7.333333492279e-1,8.666666746140e-1
3509,3.333333432674e-1,7.333333492279e-1,8.666666746140e-1,3.333333432674e-1,7.333333492279e-1,8.666667342186e-1,3.333333432674e-1,7.333333492279e-1,8.666666746140e-1
3510,4.000000059605e-1,7.333333492279e-1,8.666666746140e-1,4.000000655651e-1,7.333333492279e-1,8.666666746140e-1,4.000000059605e-1,7.333333492279e-1,8.666666746140e-1
3511,4.666666686535e-1,7.333333492279e-1,8.666666746140e-1,4.666666388512e-1,7.333333492279e-1,8.666666746140e-1,4.666666686535e-1,7.333333492279e-1,8.666666746140e-1
3512,5.333333611488e-1,7.333333492279e-1,8.666666746140e-1,5.333333611488e-1,7.333333492279e-1,8.666666746140e-1,5.333333611488e-1,7.333333492279e-1,8.666666746140e-1
3513,6.000000238419e-1,7.333333492279e-1,8.666666746140e-1,6.000000238419e-1,7.333334088326e-1,8.666666746140e-1,6.000000238419e-1,7.333333492279e-1,8.666666746140e-1
3514,6.666666865349e-1,7.333333492279e-1,8.666666746140e-1,6.666666865349e-1,7.333333492279e-1,8.666666746140e-1,6.666666865349e-1,7.333333492279e-1,8.666666746140e-1
3515,7.333333492279e-1,7.333333492279e-1,8.666666746140e-1,7.333333492279e-1,7.333333492279e-1,8.666666150093e-1,7.333333492279e-1,7.333333492279e-1,8.666666746140e-1
3516,8.000000119209e-1,7.333333492279e-1,8.666666746140e-1,8.000000715256e-1,7.333333492279e-1,8.666666746140e-1,8.000000119209e-1,7.333333492279e-1,8.666666746140e-1
3517,8.666666746140e-1,7.333333492279e-1,8.666666746140e-1,8.666666746140e-1,7.333333492279e-1,8.666666746140e-1,8.666666746140e-1,7.333333492279e-1,8.666666746140e-1
3518,9.333333373070e-1,7.333333492279e-1,8.666666746140e-1,9.333333373070e-1,7.333333492279e-1,8.666666746140e-1,9.333333373070e-1,7.333333492279e-1,8.666666746140e-1
3519,1.000000000000e0,7.333333492279e-1,8.666666746140e-1,1.000000000000e0,7.333333492279e-1,8.666666150093e-1,1.000000000000e0,7.333333492279e-1,8.666666746140e-1
3520,0.000000000000e0,8.000000119209e-1,8.666666746140e-1,9.475741791221e-8,8.000000119209e-1,8.666666746140e-1,5.358018610327e-16,8.000000119209e-1,8.666666746140e-1
3521,6.666667014360e-2,8.000000119209e-1,8.666666746140e-1,6.666661798954e-2,8.000000119209e-1,8.666666746140e-1,6.666667014360e-2,8.000000119209e-1,8.666666746140e-1
3522,1.333333402872e-1,8.000000119209e-1,8.666666746140e-1,1.333333402872e-1,8.000000119209e-1,8.666667342186e-1,1.333333402872e-1,8.000000119209e-1,8.666666746140e-1
3523,2.000000029802e-1,8.000000119209e-1,8.666666746140e-1,2.000000178814e-1,8.000000119209e-1,8.666666746140e-1,2.000000029802e-1,8.000000119209e-1,8.666666746140e-1
3524,2.666666805744e-1,8.000000119209e-1,8.666666746140e-1,2.666666805744e-1,8.000000715256e-1,8.666666746140e-1,2.666666805744e-1,8.000000119209e-1,8.666666746140e-1
3525,3.333333432674e-1,8.000000119209e-1,8.666666746140e-1,3.333334028721e-1,8.000000119209e-1,8.666666150093e-1,3.333333432674e-1,8.000000119209e-1,8.666666746140e-1
3526,4.000000059605e-1,8.000000119209e-1,8.666666746140e-1,3.999999761581e-1,8.000000119209e-1,8.666666746140e-1,4.000000059605e-1,8.000000119209e-1,8.666666746140e-1
3527,4.666666686535e-1,8.000000119209e-1,8.666666746140e-1,4.666666388512e-1,8.000000119209e-1,8.666666746140e-1,4.666666686535e-1,8.000000119209e-1,8.666666746140e-1
3528,5.333333611488e-1,8.000000119209e-1,8.666666746140e-1,5.333333611488e-1,8.000000119209e-1,8.666666746140e-1,5.333333611488e-1,8.000000119209e-1,8.666666746140e-1
3529,6.000000238419e-1,8.000000119209e-1,8.666666746140e-1,6.000000238419e-1,8.000000119209e-1,8.666666746140e-1,6.000000238419e-1,8.000000119209e-1,8.666666746140e-1
3530,6.666666865349e-1,8.000000119209e-1,8.666666746140e-1,6.666666865349e-1,8.000000119209e-1,8.666666746140e-1,6.666666865349e-1,8.000000119209e-1,8.666666746140e-1
3531,7.333333492279e-1,8.000000119209e-1,8.666666746140e-1,7.333333492279e-1,8.000000119209e-1,8.666666746140e-1,7.333333492279e-1,8.000000119209e-1,8.666666746140e-1
3532,8.000000119209e-1,8.000000119209e-1,8.666666746140e-1,8.000000119209e-1,8.000000119209e-1,8.666666150093e-1,8.000000119209e-1,8.000000119209e-1,8.666666746140e-1
3533,8.666666746140e-1,8.000000119209e-1,8.666666746140e-1,8.666666746140e-1,8.000000119209e-1,8.666666746140e-1,8.666666746140e-1,8.000000119209e-1,8.666666746140e-1
3534,9.333333373070e-1,8.000000119209e-1,8.666666746140e-1,9.333333373070e-1,8.000000715256e-1,8.666666746140e-1,9.333333373070e-1,8.000000119209e-1,8.666666746140e-1
3535,1.000000000000e0,8.000000119209e-1,8.666666746140e-1,1.000000000000e0,8.000000119209e-1,8.666666746140e-1,1.000000000000e0,8.000000119209e-1,8.666666746140e-1
3536,0.000000000000e0,8.666666746140e-1,8.666666746140e-1,0.000000000000e0,8.666666746140e-1,8.666666746140e-1,0.000000000000e0,8.666666746140e-1,8.666666746140e-1
3537,6.666667014360e-2,8.666666746140e-1,8.666666746140e-1,6.666661053896e-2,8.666666746140e-1,8.666666746140e-1,6.666667014360e-2,8.666666746140e-1,8.666666746140e-1
3538,1.333333402872e-1,8.666666746140e-1,8.666666746140e-1,1.333333551884e-1,8.666666746140e-1,8.666666746140e-1,1.333333402872e-1,8.666666746140e-1,8.666666746140e-1
3539,2.000000029802e-1,8.666666746140e-1,8.666666746140e-1,1.999999880791e-1,8.666667342186e-1,8.666666746140e-1,2.000000029802e-1,8.666666746140e-1,8.666666746140e-1
3540,2.666666805744e-1,8.666666746140e-1,8.666666746140e-1,2.666667103767e-1,8.666666746140e-1,8.666666746140e-1,2.666666805744e-1,8.666666746140e-1,8.666666746140e-1
3541,3.333333432674e-1,8.666666746140e-1,8.666666746140e-1,3.333333432674e-1,8.666666746140e-1,8.666666746140e-1,3.333333432674e-1,8.666666746140e-1,8.666666746140e-1
3542,4.000000059605e-1,8.666666746140e-1,8.666666746140e-1,4.000000357628e-1,8.666666746140e-1,8.666666746140e-1,4.000000059605e-1,8.666666746140e-1,8.666666746140e-1
3543,4.666666686535e-1,8.666666746140e-1,8.666666746140e-1,4.666666388512e-1,8.666666746140e-1,8.666666746140e-1,4.666666686535e-1,8.666666746140e-1,8.666666746140e-1
3544,5.333333611488e-1,8.666666746140e-1,8.666666746140e-1,5.333333611488e-1,8.666666746140e-1,8.666666746140e-1,5.333333611488e-1,8.666666746140e-1,8.666666746140e-1
3545,6.000000238419e-1,8.666666746140e-1,8.666666746140e-1,6.000000238419e-1,8.666666746140e-1,8.666666746140e-1,6.000000238419e-1,8.666666746140e-1,8.666666746140e-1
3546,6.666666865349e-1,8.666666746140e-1,8.666666746140e-1,6.666666269302e-1,8.666666746140e-1,8.666666746140e-1,6.666666865349e-1,8.666666746140e-1,8.666666746140e-1
3547,7.333333492279e-1,8.666666746140e-1,8.666666746140e-1,7.333333492279e-1,8.666666746140e-1,8.666666746140e-1,7.333333492279e-1,8.666666746140e-1,8.666666746140e-1
3548,8.000000119209e-1,8.666666746140e-1,8.666666746140e-1,7.999999523163e-1,8.666666746140e-1,8.666666746140e-1,8.000000119209e-1,8.666666746140e-1,8.666666746140e-1
3549,8.666666746140e-1,8.666666746140e-1,8.666666746140e-1,8.666666746140e-1,8.666666746140e-1,8.666666746140e-1,8.666666746140e-1,8.666666746140e-1,8.666666746140e-1
3550,9.333333373070e-1,8.666666746140e-1,8.666666746140e-1,9.333333373070e-1,8.666667342186e-1,8.666666746140e-1,9.333333373070e-1,8.666666746140e-1,8.666666746140e-1
3551,1.000000000000e0,8.666666746140e-1,8.666666746140e-1,1.000000000000e0,8.666666746140e-1,8.666666746140e-1,1.000000000000e0,8.666666746140e-1,8.666666746140e-1
3552,0.000000000000e0,9.333333373070e-1,8.666666746140e-1,6.580376243903e-9,9.333333373070e-1,8.666666746140e-1,1.698456966247e-16,9.333333373070e-1,8.666666746140e-1
3553,6.666667014360e-2,9.333333373070e-1,8.666666746140e-1,6.666632741690e-2,9.333333373070e-1,8.666666746140e-1,6.666667014360e-2,9.333333373070e-1,8.666666746140e-1
3554,1.333333402872e-1,9.333333373070e-1,8.666666746140e-1,1.333333700895e-1,9.333333373070e-1,8.666666746140e-1,1.333333402872e-1,9.333333373070e-1,8.666666746140e-1
3555,2.000000029802e-1,9.333333373070e-1,8.666666746140e-1,1.999999880791e-1,9.333333373070e-1,8.666666746140e-1,2.000000029802e-1,9.333333373070e-1,8.666666746140e-1
3556,2.666666805744e-1,9.333333373070e-1,8.666666746140e-1,2.666666507721e-1,9.333333373070e-1,8.666666746140e-1,2.666666805744e-1,9.333333373070e-1,8.666666746140e-1
3557,3.333333432674e-1,9.333333373070e-1,8.666666746140e-1,3.333334028721e-1,9.333333373070e-1,8.666666746140e-1,3.333333432674e-1,9.333333373070e-1,8.666666746140e-1
3558,4.000000059605e-1,9.333333373070e-1,8.666666746140e-1,4.000000059605e-1,9.333333373070e-1,8.666666150093e-1,4.000000059605e-1,9.333333373070e-1,8.666666746140e-1
3559,4.666666686535e-1,9.333333373070e-1,8.666666746140e-1,4.666666388512e-1,9.333333373070e-1,8.666666746140e-1,4.666666686535e-1,9.333333373070e-1,8.666666746140e-1
3560,5.333333611488e-1,9.333333373070e-1,8.666666746140e-1,5.333333611488e-1,9.333333373070e-1,8.666666746140e-1,5.333333611488e-1,9.333333373070e-1,8.666666746140e-1
3561,6.000000238419e-1,9.333333373070e-1,8.666666746140e-1,6.000000834465e-1,9.333333373070e-1,8.666666150093e-1,6.000000238419e-1,9.333333373070e-1,8.666666746140e-1
3562,6.666666865349e-1,9.333333373070e-1,8.666666746140e-1,6.666666269302e-1,9.333333373070e-1,8.666666746140e-1,6.666666865349e-1,9.333333373070e-1,8.666666746140e-1
3563,7.333333492279e-1,9.333333373070e-1,8.666666746140e-1,7.333333492279e-1,9.333333373070e-1,8.666666150093e-1,7.333333492279e-1,9.333333373070e-1,8.666666746140e-1
3564,8.000000119209e-1,9.333333373070e-1,8.666666746140e-1,8.000000715256e-1,9.333333373070e-1,8.666666746140e-1,8.000000119209e-1,9.333333373070e-1,8.666666746140e-1
3565,8.666666746140e-1,9.333333373070e-1,8.666666746140e-1,8.666666746140e-1,9.333333373070e-1,8.666666150093e-1,8.666666746140e-1,9.333333373070e-1,8.666666746140e-1
3566,9.333333373070e-1,9.333333373070e-1,8.666666746140e-1,9.333333373070e-1,9.333333373070e-1,8.666666746140e-1,9.333333373070e-1,9.333333373070e-1,8.666666746140e-1
3567,1.000000000000e0,9.333333373070e-1,8.666666746140e-1,1.000000000000e0,9.333333373070e-1,8.666666746140e-1,1.000000000000e0,9.333333373070e-1,8.666666746140e-1
3568,0.000000000000e0,1.000000000000e0,8.666666746140e-1,4.864777913838e-9,1.000000000000e0,8.666666746140e-1,1.004085730576e-14,1.000000000000e0,8.666666746140e-1
3569,6.666667014360e-2,1.000000000000e0,8.666666746140e-1,6.666626781225e-2,1.000000000000e0,8.666667342186e-1,6.666667014360e-2,1.000000000000e0,8.666666746140e-1
3570,1.333333402872e-1,1.000000000000e0,8.666666746140e-1,1.333334892988e-1,1.000000000000e0,8.666667342186e-1,1.333333402872e-1,1.000000000000e0,8.666666746140e-1
3571,2.000000029802e-1,1.000000000000e0,8.666666746140e-1,2.000000029802e-1,1.000000000000e0,8.666667342186e-1,2.000000029802e-1,1.000000000000e0,8.666666746140e-1
3572,2.666666805744e-1,1.000000000000e0,8.666666746140e-1,2.666665315628e-1,1.000000000000e0,8.666666746140e-1,2.666666805744e-1,1.000000000000e0,8.666666746140e-1
3573,3.333333432674e-1,1.000000000000e0,8.666666746140e-1,3.333333432674e-1,1.000000000000e0,8.666666746140e-1,3.333333432674e-1,1.000000000000e0,8.666666746140e-1
3574,4.000000059605e-1,1.000000000000e0,8.666666746140e-1,4.000000059605e-1,1.000000000000e0,8.666666746140e-1,4.000000059605e-1,1.000000000000e0,8.666666746140e-1
3575,4.666666686535e-1,1.000000000000e0,8.666666746140e-1,4.666670858860e-1,1.000000000000e0,8.666667342186e-1,4.666666686535e-1,1.000000000000e0,8.666666746140e-1
3576,5.333333611488e-1,1.000000000000e0,8.666666746140e-1,5.333337187767e-1,1.000000000000e0,8.666667938232e-1,5.333333611488e-1,1.000000000000e0,8.666666746140e-1
3577,6.000000238419e-1,1.000000000000e0,8.666666746140e-1,6.000000238419e-1,1.000000000000e0,8.666666746140e-1,6.000000238419e-1,1.000000000000e0,8.666666746140e-1
3578,6.666666865349e-1,1.000000000000e0,8.666666746140e-1,6.666666865349e-1,1.000000000000e0,8.666666746140e-1,6.666666865349e-1,1.000000000000e0,8.666666746140e-1
3579,7.333333492279e-1,1.000000000000e0,8.666666746140e-1,7.333335876465e-1,1.000000000000e0,8.666667342186e-1,7.333333492279e-1,1.000000000000e0,8.666666746140e-1
3580,8.000000119209e-1,1.000000000000e0,8.666666746140e-1,7.999999523163e-1,1.000000000000e0,8.666666746140e-1,8.000000119209e-1,1.000000000000e0,8.666666746140e-1
3581,8.666666746140e-1,1.000000000000e0,8.666666746140e-1,8.666666746140e-1,1.000000000000e0,8.666666746140e-1,8.666666746140e-1,1.000000000000e0,8.666666746140e-1
3582,9.333333373070e-1,1.000000000000e0,8.666666746140e-1,9.333334565163e-1,1.000000000000e0,8.666669726372e-1,9.333333373070e-1,1.000000000000e0,8.666666746140e-1
3583,1.000000000000e0,1.000000000000e0,8.666666746140e-1,9.999999403954e-1,1.000000000000e0,8.666666746140e-1,1.000000000000e0,1.000000000000e0,8.666666746140e-1
3584,0.000000000000e0,0.000000000000e0,9.333333373070e-1,0.000000000000e0,3.146829641310e-8,9.333332777023e-1,0.000000000000e0,8.965050976788e-17,9.333333373070e-1
3585,6.666667014360e-2,0.000000000000e0,9.333333373070e-1,6.666667759418e-2,0.000000000000e0,9.333333373070e-1,6.666667014360e-2,5.743235430453e-17,9.333333373070e-1
3586,1.333333402872e-1,0.000000000000e0,9.333333373070e-1,1.333333551884e-1,0.000000000000e0,9.333333373070e-1,1.333333402872e-1,0.000000000000e0,9.333333373070e-1
3587,2.000000029802e-1,0.000000000000e0,9.333333373070e-1,2.000000178814e-1,0.000000000000e0,9.333333373070e-1,2.000000029802e-1,0.000000000000e0,9.333333373070e-1
3588,2.666666805744e-1,0.000000000000e0,9.333333373070e-1,2.666666805744e-1,3.609806142890e-8,9.333333373070e-1,2.666666805744e-1,0.000000000000e0,9.333333373070e-1
3589,3.333333432674e-1,0.000000000000e0,9.333333373070e-1,3.333333432674e-1,0.000000000000e0,9.333332777023e-1,3.333333432674e-1,0.000000000000e0,9.333333373070e-1
3590,4.000000059605e-1,0.000000000000e0,9.333333373070e-1,4.000000059605e-1,0.000000000000e0,9.333332777023e-1,4.000000059605e-1,0.000000000000e0,9.333333373070e-1
3591,4.666666686535e-1,0.000000000000e0,9.333333373070e-1,4.666666686535e-1,1.767300972233e-8,9.333332777023e-1,4.666666686535e-1,0.000000000000e0,9.333333373070e-1
3592,5.333333611488e-1,0.000000000000e0,9.333333373070e-1,5.333333611488e-1,0.000000000000e0,9.333333373070e-1,5.333333611488e-1,0.000000000000e0,9.333333373070e-1
3593,6.000000238419e-1,0.000000000000e0,9.333333373070e-1,6.000000238419e-1,1.203268773509e-8,9.333333373070e-1,6.000000238419e-1,0.000000000000e0,9.333333373070e-1
3594,6.666666865349e-1,0.000000000000e0,9.333333373070e-1,6.666666865349e-1,1.052860199025e-8,9.333333373070e-1,6.666666865349e-1,0.000000000000e0,9.333333373070e-1
3595,7.333333492279e-1,0.000000000000e0,9.333333373070e-1,7.333333492279e-1,0.000000000000e0,9.333333373070e-1,7.333333492279e-1,0.000000000000e0,9.333333373070e-1
3596,8.000000119209e-1,0.000000000000e0,9.333333373070e-1,8.000000119209e-1,0.000000000000e0,9.333333373070e-1,8.000000119209e-1,2.801578347528e-17,9.333333373070e-1
3597,8.666666746140e-1,0.000000000000e0,9.333333373070e-1,8.666666746140e-1,7.219612285780e-8,9.333333373070e-1,8.666666746140e-1,8.965050976788e-17,9.333333373070e-1
3598,9.333333373070e-1,0.000000000000e0,9.333333373070e-1,9.333333373070e-1,9.174924286981e-8,9.333333373070e-1,9.333333373070e-1,4.342446422125e-17,9.333333373070e-1
3599,1.000000000000e0,0.000000000000e0,9.333333373070e-1,1.000000000000e0,3.708403824021e-7,9.333333373070e-1,1.000000000000e0,9.017580254407e-17,9.333333373070e-1
3600,0.000000000000e0,6.666667014360e-2,9.333333373070e-1,0.000000000000e0,6.666668504477e-2,9.333333373070e-1,1.019074140043e-16,6.666667014360e-2,9.333333373070e-1
3601,6.666667014360e-2,6.666667014360e-2,9.333333373070e-1,6.666665524244e-2,6.666669249535e-2,9.333333373070e-1,6.666667014360e-2,6.666667014360e-2,9.333333373070e-1
3602,1.333333402872e-1,6.666667014360e-2,9.333333373070e-1,1.333333402872e-1,6.666667759418e-2,9.333333373070e-1,1.333333402872e-1,6.666667014360e-2,9.333333373070e-1
3603,2.000000029802e-1,6.666667014360e-2,9.333333373070e-1,1.999999880791e-1,6.666677445173e-2,9.333333373070e-1,2.000000029802e-1,6.666667014360e-2,9.333333373070e-1
3604,2.666666805744e-1,6.666667014360e-2,9.333333373070e-1,2.666666507721e-1,6.666667014360e-2,9.333333373070e-1,2.666666805744e-1,6.666667014360e-2,9.333333373070e-1
3605,3.333333432674e-1,6.666667014360e-2,9.333333373070e-1,3.333333432674e-1,6.666668504477e-2,9.333333373070e-1,3.333333432674e-1,6.666667014360e-2,9.333333373070e-1
3606,4.000000059605e-1,6.666667014360e-2,9.333333373070e-1,4.000000059605e-1,6.666667014360e-2,9.333333373070e-1,4.000000059605e-1,6.666667014360e-2,9.333333373070e-1
3607,4.666666686535e-1,6.666667014360e-2,9.333333373070e-1,4.666666388512e-1,6.666666269302e-2,9.333333373070e-1,4.666666686535e-1,6.666667014360e-2,9.333333373070e-1
3608,5.333333611488e-1,6.666667014360e-2,9.333333373070e-1,5.333333611488e-1,6.666665524244e-2,9.333333373070e-1,5.333333611488e-1,6.666667014360e-2,9.333333373070e-1
3609,6.000000238419e-1,6.666667014360e-2,9.333333373070e-1,6.000000238419e-1,6.666667014360e-2,9.333333373070e-1,6.000000238419e-1,6.666667014360e-2,9.333333373070e-1
3610,6.666666865349e-1,6.666667014360e-2,9.333333373070e-1,6.666666865349e-1,6.666673719883e-2,9.333332777023e-1,6.666666865349e-1,6.666667014360e-2,9.333333373070e-1
3611,7.333333492279e-1,6.666667014360e-2,9.333333373070e-1,7.333333492279e-1,6.666667759418e-2,9.333333373070e-1,7.333333492279e-1,6.666667014360e-2,9.333333373070e-1
3612,8.000000119209e-1,6.666667014360e-2,9.333333373070e-1,8.000000119209e-1,6.666667759418e-2,9.333333373070e-1,8.000000119209e-1,6.666667014360e-2,9.333333373070e-1
3613,8.666666746140e-1,6.666667014360e-2,9.333333373070e-1,8.666666746140e-1,6.666660308838e-2,9.333333373070e-1,8.666666746140e-1,6.666667014360e-2,9.333333373070e-1
3614,9.333333373070e-1,6.666667014360e-2,9.333333373070e-1,9.333333373070e-1,6.666667759418e-2,9.333333969116e-1,9.333333373070e-1,6.666667014360e-2,9.333333373070e-1
3615,1.000000000000e0,6.666667014360e-2,9.333333373070e-1,1.000000000000e0,6.666684895754e-2,9.333333373070e-1,1.000000000000e0,6.666667014360e-2,9.333333373070e-1
3616,0.000000000000e0,1.333333402872e-1,9.333333373070e-1,2.655651698547e-9,1.333333402872e-1,9.333333373070e-1,3.361893950859e-17,1.333333402872e-1,9.333333373070e-1
3617,6.666667014360e-2,1.333333402872e-1,9.333333373070e-1,6.666667014360e-2,1.333333253860e-1,9.333333373070e-1,6.666667014360e-2,1.333333402872e-1,9.333333373070e-1
3618,1.333333402872e-1,1.333333402872e-1,9.333333373070e-1,1.333333849907e-1,1.333333104849e-1,9.333333373070e-1,1.333333402872e-1,1.333333402872e-1,9.333333373070e-1
3619,2.000000029802e-1,1.333333402872e-1,9.333333373070e-1,2.000000029802e-1,1.333333402872e-1,9.333333373070e-1,2.000000029802e-1,1.333333402872e-1,9.333333373070e-1
3620,2.666666805744e-1,1.333333402872e-1,9.333333373070e-1,2.666666805744e-1,1.333333402872e-1,9.333333373070e-1,2.666666805744e-1,1.333333402872e-1,9.333333373070e-1
3621,3.333333432674e-1,1.333333402872e-1,9.333333373070e-1,3.333333432674e-1,1.333333551884e-1,9.333333373070e-1,3.333333432674e-1,1.333333402872e-1,9.333333373070e-1
3622,4.000000059605e-1,1.333333402872e-1,9.333333373070e-1,3.999999761581e-1,1.333333551884e-1,9.333333373070e-1,4.000000059605e-1,1.333333402872e-1,9.333333373070e-1
3623,4.666666686535e-1,1.333333402872e-1,9.333333373070e-1,4.666666686535e-1,1.333333402872e-1,9.333333373070e-1,4.666666686535e-1,1.333333402872e-1,9.333333373070e-1
3624,5.333333611488e-1,1.333333402872e-1,9.333333373070e-1,5.333333611488e-1,1.333333700895e-1,9.333333373070e-1,5.333333611488e-1,1.333333402872e-1,9.333333373070e-1
3625,6.000000238419e-1,1.333333402872e-1,9.333333373070e-1,6.000000238419e-1,1.333333402872e-1,9.333333373070e-1,6.000000238419e-1,1.333333402872e-1,9.333333373070e-1
3626,6.666666865349e-1,1.333333402872e-1,9.333333373070e-1,6.666666865349e-1,1.333333253860e-1,9.333333373070e-1,6.666666865349e-1,1.333333402872e-1,9.333333373070e-1
3627,7.333333492279e-1,1.333333402872e-1,9.333333373070e-1,7.333333492279e-1,1.333333402872e-1,9.333333373070e-1,7.333333492279e-1,1.333333402872e-1,9.333333373070e-1
3628,8.000000119209e-1,1.333333402872e-1,9.333333373070e-1,8.000000119209e-1,1.333333402872e-1,9.333333373070e-1,8.000000119209e-1,1.333333402872e-1,9.333333373070e-1
3629,8.666666746140e-1,1.333333402872e-1,9.333333373070e-1,8.666666746140e-1,1.333333253860e-1,9.333333373070e-1,8.666666746140e-1,1.333333402872e-1,9.333333373070e-1
3630,9.333333373070e-1,1.333333402872e-1,9.333333373070e-1,9.333333373070e-1,1.333333551884e-1,9.333333373070e-1,9.333333373070e-1,1.333333402872e-1,9.333333373070e-1
3631,1.000000000000e0,1.333333402872e-1,9.333333373070e-1,1.000000000000e0,1.333333402872e-1,9.333333373070e-1,1.000000000000e0,1.333333402872e-1,9.333333373070e-1
3632,0.000000000000e0,2.000000029802e-1,9.333333373070e-1,0.000000000000e0,2.000000178814e-1,9.333333373070e-1,0.000000000000e0,2.000000029802e-1,9.333333373070e-1
3633,6.666667014360e-2,2.000000029802e-1,9.333333373070e-1,6.666659563780e-2,2.000000178814e-1,9.333333373070e-1,6.666667014360e-2,2.000000029802e-1,9.333333373070e-1
3634,1.333333402872e-1,2.000000029802e-1,9.333333373070e-1,1.333333104849e-1,2.000000029802e-1,9.333333373070e-1,1.333333402872e-1,2.000000029802e-1,9.333333373070e-1
3635,2.000000029802e-1,2.000000029802e-1,9.333333373070e-1,2.000000178814e-1,1.999999880791e-1,9.333333373070e-1,2.000000029802e-1,2.000000029802e-1,9.333333373070e-1
3636,2.666666805744e-1,2.000000029802e-1,9.333333373070e-1,2.666666805744e-1,1.999999880791e-1,9.333333373070e-1,2.666666805744e-1,2.000000029802e-1,9.333333373070e-1
3637,3.333333432674e-1,2.000000029802e-1,9.333333373070e-1,3.333333432674e-1,1.999999880791e-1,9.333333373070e-1,3.333333432674e-1,2.000000029802e-1,9.333333373070e-1
3638,4.000000059605e-1,2.000000029802e-1,9.333333373070e-1,4.000000059605e-1,1.999999880791e-1,9.333333373070e-1,4.000000059605e-1,2.000000029802e-1,9.333333373070e-1
3639,4.666666686535e-1,2.000000029802e-1,9.333333373070e-1,4.666666984558e-1,1.999999731779e-1,9.333333373070e-1,4.666666686535e-1,2.000000029802e-1,9.333333373070e-1
3640,5.333333611488e-1,2.000000029802e-1,9.333333373070e-1,5.333333611488e-1,2.000000327826e-1,9.333333373070e-1,5.333333611488e-1,2.000000029802e-1,9.333333373070e-1
3641,6.000000238419e-1,2.000000029802e-1,9.333333373070e-1,6.000000238419e-1,1.999999731779e-1,9.333333373070e-1,6.000000238419e-1,2.000000029802e-1,9.333333373070e-1
3642,6.666666865349e-1,2.000000029802e-1,9.333333373070e-1,6.666666865349e-1,2.000000178814e-1,9.333333373070e-1,6.666666865349e-1,2.000000029802e-1,9.333333373070e-1
3643,7.333333492279e-1,2.000000029802e-1,9.333333373070e-1,7.333332896233e-1,2.000000029802e-1,9.333333373070e-1,7.333333492279e-1,2.000000029802e-1,9.333333373070e-1
3644,8.000000119209e-1,2.000000029802e-1,9.333333373070e-1,7.999999523163e-1,1.999999880791e-1,9.333333373070e-1,8.000000119209e-1,2.000000029802e-1,9.333333373070e-1
3645,8.666666746140e-1,2.000000029802e-1,9.333333373070e-1,8.666667342186e-1,1.999999731779e-1,9.333333373070e-1,8.666666746140e-1,2.000000029802e-1,9.333333373070e-1
3646,9.333333373070e-1,2.000000029802e-1,9.333333373070e-1,9.333333373070e-1,2.000000029802e-1,9.333333373070e-1,9.333333373070e-1,2.000000029802e-1,9.333333373070e-1
3647,1.000000000000e0,2.000000029802e-1,9.333333373070e-1,1.000000000000e0,2.000000476837e-1,9.333333373070e-1,1.000000000000e0,2.000000029802e-1,9.333333373070e-1
3648,0.000000000000e0,2.666666805744e-1,9.333333373070e-1,0.000000000000e0,2.666666805744e-1,9.333332777023e-1,1.019074140043e-16,2.666666805744e-1,9.333333373070e-1
3649,6.666667014360e-2,2.666666805744e-1,9.333333373070e-1,6.666673719883e-2,2.666666507721e-1,9.333333373070e-1,6.666667014360e-2,2.666666805744e-1,9.333333373070e-1
3650,1.333333402872e-1,2.666666805744e-1,9.333333373070e-1,1.333333104849e-1,2.666667103767e-1,9.333333373070e-1,1.333333402872e-1,2.666666805744e-1,9.333333373070e-1
3651,2.000000029802e-1,2.666666805744e-1,9.333333373070e-1,2.000000178814e-1,2.666666805744e-1,9.333333373070e-1,2.000000029802e-1,2.666666805744e-1,9.333333373070e-1
3652,2.666666805744e-1,2.666666805744e-1,9.333333373070e-1,2.666666805744e-1,2.666667103767e-1,9.333333373070e-1,2.666666805744e-1,2.666666805744e-1,9.333333373070e-1
3653,3.333333432674e-1,2.666666805744e-1,9.333333373070e-1,3.333333432674e-1,2.666667103767e-1,9.333333373070e-1,3.333333432674e-1,2.666666805744e-1,9.333333373070e-1
3654,4.000000059605e-1,2.666666805744e-1,9.333333373070e-1,4.000000357628e-1,2.666666805744e-1,9.333333373070e-1,4.000000059605e-1,2.666666805744e-1,9.333333373070e-1
3655,4.666666686535e-1,2.666666805744e-1,9.333333373070e-1,4.666666686535e-1,2.666666805744e-1,9.333333373070e-1,4.666666686535e-1,2.666666805744e-1,9.333333373070e-1
3656,5.333333611488e-1,2.666666805744e-1,9.333333373070e-1,5.333333611488e-1,2.666667103767e-1,9.333333373070e-1,5.333333611488e-1,2.666666805744e-1,9.333333373070e-1
3657,6.000000238419e-1,2.666666805744e-1,9.333333373070e-1,6.000000238419e-1,2.666666805744e-1,9.333333373070e-1,6.000000238419e-1,2.666666805744e-1,9.333333373070e-1
3658,6.666666865349e-1,2.666666805744e-1,9.333333373070e-1,6.666666865349e-1,2.666666507721e-1,9.333333373070e-1,6.666666865349e-1,2.666666805744e-1,9.333333373070e-1
3659,7.333333492279e-1,2.666666805744e-1,9.333333373070e-1,7.333333492279e-1,2.666667103767e-1,9.333333373070e-1,7.333333492279e-1,2.666666805744e-1,9.333333373070e-1
3660,8.000000119209e-1,2.666666805744e-1,9.333333373070e-1,8.000000119209e-1,2.666666805744e-1,9.333333373070e-1,8.000000119209e-1,2.666666805744e-1,9.333333373070e-1
3661,8.666666746140e-1,2.666666805744e-1,9.333333373070e-1,8.666666746140e-1,2.666667103767e-1,9.333333373070e-1,8.666666746140e-1,2.666666805744e-1,9.333333373070e-1
3662,9.333333373070e-1,2.666666805744e-1,9.333333373070e-1,9.333333373070e-1,2.666666805744e-1,9.333333373070e-1,9.333333373070e-1,2.666666805744e-1,9.333333373070e-1
3663,1.000000000000e0,2.666666805744e-1,9.333333373070e-1,1.000000000000e0,2.666667103767e-1,9.333333969116e-1,1.000000000000e0,2.666666805744e-1,9.333333373070e-1
3664,0.000000000000e0,3.333333432674e-1,9.333333373070e-1,2.096789870620e-7,3.333333432674e-1,9.333333373070e-1,0.000000000000e0,3.333333432674e-1,9.333333373070e-1
3665,6.666667014360e-2,3.333333432674e-1,9.333333373070e-1,6.666665524244e-2,3.333333432674e-1,9.333333373070e-1,6.666667014360e-2,3.333333432674e-1,9.333333373070e-1
3666,1.333333402872e-1,3.333333432674e-1,9.333333373070e-1,1.333333253860e-1,3.333333432674e-1,9.333333373070e-1,1.333333402872e-1,3.333333432674e-1,9.333333373070e-1
3667,2.000000029802e-1,3.333333432674e-1,9.333333373070e-1,1.999999582767e-1,3.333333432674e-1,9.333333373070e-1,2.000000029802e-1,3.333333432674e-1,9.333333373070e-1
3668,2.666666805744e-1,3.333333432674e-1,9.333333373070e-1,2.666667103767e-1,3.333333432674e-1,9.333333373070e-1,2.666666805744e-1,3.333333432674e-1,9.333333373070e-1
3669,3.333333432674e-1,3.333333432674e-1,9.333333373070e-1,3.333333432674e-1,3.333333432674e-1,9.333333373070e-1,3.333333432674e-1,3.333333432674e-1,9.333333373070e-1
3670,4.000000059605e-1,3.333333432674e-1,9.333333373070e-1,4.000000059605e-1,3.333333432674e-1,9.333333373070e-1,4.000000059605e-1,3.333333432674e-1,9.333333373070e-1
3671,4.666666686535e-1,3.333333432674e-1,9.333333373070e-1,4.666666686535e-1,3.333333432674e-1,9.333333373070e-1,4.666666686535e-1,3.333333432674e-1,9.333333373070e-1
3672,5.333333611488e-1,3.333333432674e-1,9.333333373070e-1,5.333333611488e-1,3.333333432674e-1,9.333333373070e-1,5.333333611488e-1,3.333333432674e-1,9.333333373070e-1
3673,6.000000238419e-1,3.333333432674e-1,9.333333373070e-1,6.000000238419e-1,3.333333432674e-1,9.333333373070e-1,6.000000238419e-1,3.333333432674e-1,9.333333373070e-1
3674,6.666666865349e-1,3.333333432674e-1,9.333333373070e-1,6.666666865349e-1,3.333333134651e-1,9.333333373070e-1,6.666666865349e-1,3.333333432674e-1,9.333333373070e-1
3675,7.333333492279e-1,3.333333432674e-1,9.333333373070e-1,7.333333492279e-1,3.333333432674e-1,9.333333373070e-1,7.333333492279e-1,3.333333432674e-1,9.333333373070e-1
3676,8.000000119209e-1,3.333333432674e-1,9.333333373070e-1,7.999999523163e-1,3.333333134651e-1,9.333333373070e-1,8.000000119209e-1,3.333333432674e-1,9.333333373070e-1
3677,8.666666746140e-1,3.333333432674e-1,9.333333373070e-1,8.666666746140e-1,3.333333432674e-1,9.333333373070e-1,8.666666746140e-1,3.333333432674e-1,9.333333373070e-1
3678,9.333333373070e-1,3.333333432674e-1,9.333333373070e-1,9.333333373070e-1,3.333333134651e-1,9.333333373070e-1,9.333333373070e-1,3.333333432674e-1,9.333333373070e-1
3679,1.000000000000e0,3.333333432674e-1,9.333333373070e-1,1.000000000000e0,3.333333134651e-1,9.333333373070e-1,1.000000000000e0,3.333333432674e-1,9.333333373070e-1
3680,0.000000000000e0,4.000000059605e-1,9.333333373070e-1,4.831876054823e-8,3.999999761581e-1,9.333333373070e-1,3.218313329796e-16,4.000000059605e-1,9.333333373070e-1
3681,6.666667014360e-2,4.000000059605e-1,9.333333373070e-1,6.666667759418e-2,4.000000059605e-1,9.333333373070e-1,6.666667014360e-2,4.000000059605e-1,9.333333373070e-1
3682,1.333333402872e-1,4.000000059605e-1,9.333333373070e-1,1.333333551884e-1,4.000000059605e-1,9.333333373070e-1,1.333333402872e-1,4.000000059605e-1,9.333333373070e-1
3683,2.000000029802e-1,4.000000059605e-1,9.333333373070e-1,2.000000327826e-1,4.000000059605e-1,9.333332777023e-1,2.000000029802e-1,4.000000059605e-1,9.333333373070e-1
3684,2.666666805744e-1,4.000000059605e-1,9.333333373070e-1,2.666666805744e-1,4.000000059605e-1,9.333333373070e-1,2.666666805744e-1,4.000000059605e-1,9.333333373070e-1
3685,3.333333432674e-1,4.000000059605e-1,9.333333373070e-1,3.333333134651e-1,4.000000059605e-1,9.333333373070e-1,3.333333432674e-1,4.000000059605e-1,9.333333373070e-1
3686,4.000000059605e-1,4.000000059605e-1,9.333333373070e-1,4.000000357628e-1,4.000000059605e-1,9.333333373070e-1,4.000000059605e-1,4.000000059605e-1,9.333333373070e-1
3687,4.666666686535e-1,4.000000059605e-1,9.333333373070e-1,4.666666984558e-1,4.000000357628e-1,9.333333373070e-1,4.666666686535e-1,4.000000059605e-1,9.333333373070e-1
3688,5.333333611488e-1,4.000000059605e-1,9.333333373070e-1,5.333333611488e-1,3.999999761581e-1,9.333333373070e-1,5.333333611488e-1,4.000000059605e-1,9.333333373070e-1
3689,6.000000238419e-1,4.000000059605e-1,9.333333373070e-1,6.000000238419e-1,3.999999761581e-1,9.333333373070e-1,6.000000238419e-1,4.000000059605e-1,9.333333373070e-1
3690,6.666666865349e-1,4.000000059605e-1,9.333333373070e-1,6.666666865349e-1,4.000000357628e-1,9.333333373070e-1,6.666666865349e-1,4.000000059605e-1,9.333333373070e-1
3691,7.333333492279e-1,4.000000059605e-1,9.333333373070e-1,7.333333492279e-1,4.000000357628e-1,9.333333373070e-1,7.333333492279e-1,4.000000059605e-1,9.333333373070e-1
3692,8.000000119209e-1,4.000000059605e-1,9.333333373070e-1,8.000000119209e-1,4.000000059605e-1,9.333333969116e-1,8.000000119209e-1,4.000000059605e-1,9.333333373070e-1
3693,8.666666746140e-1,4.000000059605e-1,9.333333373070e-1,8.666666746140e-1,4.000000059605e-1,9.333333373070e-1,8.666666746140e-1,4.000000059605e-1,9.333333373070e-1
3694,9.333333373070e-1,4.000000059605e-1,9.333333373070e-1,9.333333373070e-1,4.000000059605e-1,9.333333373070e-1,9.333333373070e-1,4.000000059605e-1,9.333333373070e-1
3695,1.000000000000e0,4.000000059605e-1,9.333333373070e-1,1.000000000000e0,4.000000357628e-1,9.333333373070e-1,1.000000000000e0,4.000000059605e-1,9.333333373070e-1
3696,0.000000000000e0,4.666666686535e-1,9.333333373070e-1,2.246728314503e-8,4.666666984558e-1,9.333333373070e-1,1.803516050881e-16,4.666666686535e-1,9.333333373070e-1
3697,6.666667014360e-2,4.666666686535e-1,9.333333373070e-1,6.666662544012e-2,4.666666686535e-1,9.333333373070e-1,6.666667014360e-2,4.666666686535e-1,9.333333373070e-1
3698,1.333333402872e-1,4.666666686535e-1,9.333333373070e-1,1.333333402872e-1,4.666666388512e-1,9.333333373070e-1,1.333333402872e-1,4.666666686535e-1,9.333333373070e-1
3699,2.000000029802e-1,4.666666686535e-1,9.333333373070e-1,2.000000178814e-1,4.666666984558e-1,9.333333373070e-1,2.000000029802e-1,4.666666686535e-1,9.333333373070e-1
3700,2.666666805744e-1,4.666666686535e-1,9.333333373070e-1,2.666666805744e-1,4.666666686535e-1,9.333333373070e-1,2.666666805744e-1,4.666666686535e-1,9.333333373070e-1
3701,3.333333432674e-1,4.666666686535e-1,9.333333373070e-1,3.333333432674e-1,4.666666686535e-1,9.333333373070e-1,3.333333432674e-1,4.666666686535e-1,9.333333373070e-1
3702,4.000000059605e-1,4.666666686535e-1,9.333333373070e-1,4.000000059605e-1,4.666666388512e-1,9.333333373070e-1,4.000000059605e-1,4.666666686535e-1,9.333333373070e-1
3703,4.666666686535e-1,4.666666686535e-1,9.333333373070e-1,4.666666686535e-1,4.666666388512e-1,9.333333373070e-1,4.666666686535e-1,4.666666686535e-1,9.333333373070e-1
3704,5.333333611488e-1,4.666666686535e-1,9.333333373070e-1,5.333333611488e-1,4.666666686535e-1,9.333333373070e-1,5.333333611488e-1,4.666666686535e-1,9.333333373070e-1
3705,6.000000238419e-1,4.666666686535e-1,9.333333373070e-1,6.000000238419e-1,4.666666984558e-1,9.333333373070e-1,6.000000238419e-1,4.666666686535e-1,9.333333373070e-1
3706,6.666666865349e-1,4.666666686535e-1,9.333333373070e-1,6.666666865349e-1,4.666666686535e-1,9.333333373070e-1,6.666666865349e-1,4.666666686535e-1,9.333333373070e-1
3707,7.333333492279e-1,4.666666686535e-1,9.333333373070e-1,7.333333492279e-1,4.666666686535e-1,9.333333373070e-1,7.333333492279e-1,4.666666686535e-1,9.333333373070e-1
3708,8.000000119209e-1,4.666666686535e-1,9.333333373070e-1,8.000000715256e-1,4.666666686535e-1,9.333333373070e-1,8.000000119209e-1,4.666666686535e-1,9.333333373070e-1
3709,8.666666746140e-1,4.666666686535e-1,9.333333373070e-1,8.666667342186e-1,4.666666686535e-1,9.333333373070e-1,8.666666746140e-1,4.666666686535e-1,9.333333373070e-1
3710,9.333333373070e-1,4.666666686535e-1,9.333333373070e-1,9.333333373070e-1,4.666666686535e-1,9.333333373070e-1,9.333333373070e-1,4.666666686535e-1,9.333333373070e-1
3711,1.000000000000e0,4.666666686535e-1,9.333333373070e-1,1.000000000000e0,4.666666388512e-1,9.333333373070e-1,1.000000000000e0,4.666666686535e-1,9.333333373070e-1
3712,0.000000000000e0,5.333333611488e-1,9.333333373070e-1,2.274929933321e-8,5.333333611488e-1,9.333333373070e-1,6.513670129496e-17,5.333333611488e-1,9.333333373070e-1
3713,6.666667014360e-2,5.333333611488e-1,9.333333373070e-1,6.666655838490e-2,5.333333611488e-1,9.333332777023e-1,6.666667014360e-2,5.333333611488e-1,9.333333373070e-1
3714,1.333333402872e-1,5.333333611488e-1,9.333333373070e-1,1.333334147930e-1,5.333333611488e-1,9.333333373070e-1,1.333333402872e-1,5.333333611488e-1,9.333333373070e-1
3715,2.000000029802e-1,5.333333611488e-1,9.333333373070e-1,1.999999880791e-1,5.333333611488e-1,9.333333373070e-1,2.000000029802e-1,5.333333611488e-1,9.333333373070e-1
3716,2.666666805744e-1,5.333333611488e-1,9.333333373070e-1,2.666667103767e-1,5.333333611488e-1,9.333333373070e-1,2.666666805744e-1,5.333333611488e-1,9.333333373070e-1
3717,3.333333432674e-1,5.333333611488e-1,9.333333373070e-1,3.333333432674e-1,5.333333611488e-1,9.333333373070e-1,3.333333432674e-1,5.333333611488e-1,9.333333373070e-1
3718,4.000000059605e-1,5.333333611488e-1,9.333333373070e-1,4.000000059605e-1,5.333333611488e-1,9.333333373070e-1,4.000000059605e-1,5.333333611488e-1,9.333333373070e-1
3719,4.666666686535e-1,5.333333611488e-1,9.333333373070e-1,4.666666686535e-1,5.333333611488e-1,9.333333373070e-1,4.666666686535e-1,5.333333611488e-1,9.333333373070e-1
3720,5.333333611488e-1,5.333333611488e-1,9.333333373070e-1,5.333333611488e-1,5.333333611488e-1,9.333333373070e-1,5.333333611488e-1,5.333333611488e-1,9.333333373070e-1
3721,6.000000238419e-1,5.333333611488e-1,9.333333373070e-1,6.000000238419e-1,5.333333611488e-1,9.333333373070e-1,6.000000238419e-1,5.333333611488e-1,9.333333373070e-1
3722,6.666666865349e-1,5.333333611488e-1,9.333333373070e-1,6.666666865349e-1,5.333333611488e-1,9.333333373070e-1,6.666666865349e-1,5.333333611488e-1,9.333333373070e-1
3723,7.333333492279e-1,5.333333611488e-1,9.333333373070e-1,7.333332896233e-1,5.333333611488e-1,9.333333373070e-1,7.333333492279e-1,5.333333611488e-1,9.333333373070e-1
3724,8.000000119209e-1,5.333333611488e-1,9.333333373070e-1,8.000000119209e-1,5.333333611488e-1,9.333333373070e-1,8.000000119209e-1,5.333333611488e-1,9.333333373070e-1
3725,8.666666746140e-1,5.333333611488e-1,9.333333373070e-1,8.666666746140e-1,5.333333611488e-1,9.333333373070e-1,8.666666746140e-1,5.333333611488e-1,9.333333373070e-1
3726,9.333333373070e-1,5.333333611488e-1,9.333333373070e-1,9.333333373070e-1,5.333333611488e-1,9.333333373070e-1,9.333333373070e-1,5.333333611488e-1,9.333333373070e-1
3727,1.000000000000e0,5.333333611488e-1,9.333333373070e-1,1.000000000000e0,5.333333611488e-1,9.333333373070e-1,1.000000000000e0,5.333333611488e-1,9.333333373070e-1
3728,0.000000000000e0,6.000000238419e-1,9.333333373070e-1,2.820161049133e-10,6.000000238419e-1,9.333333373070e-1,0.000000000000e0,6.000000238419e-1,9.333333373070e-1
3729,6.666667014360e-2,6.000000238419e-1,9.333333373070e-1,6.666660308838e-2,6.000000238419e-1,9.333333373070e-1,6.666667014360e-2,6.000000238419e-1,9.333333373070e-1
3730,1.333333402872e-1,6.000000238419e-1,9.333333373070e-1,1.333332955837e-1,6.000000238419e-1,9.333333373070e-1,1.333333402872e-1,6.000000238419e-1,9.333333373070e-1
3731,2.000000029802e-1,6.000000238419e-1,9.333333373070e-1,2.000000029802e-1,6.000000238419e-1,9.333333373070e-1,2.000000029802e-1,6.000000238419e-1,9.333333373070e-1
3732,2.666666805744e-1,6.000000238419e-1,9.333333373070e-1,2.666666805744e-1,6.000000238419e-1,9.333333373070e-1,2.666666805744e-1,6.000000238419e-1,9.333333373070e-1
3733,3.333333432674e-1,6.000000238419e-1,9.333333373070e-1,3.333332836628e-1,6.000000238419e-1,9.333333373070e-1,3.333333432674e-1,6.000000238419e-1,9.333333373070e-1
3734,4.000000059605e-1,6.000000238419e-1,9.333333373070e-1,4.000000059605e-1,6.000000238419e-1,9.333333373070e-1,4.000000059605e-1,6.000000238419e-1,9.333333373070e-1
3735,4.666666686535e-1,6.000000238419e-1,9.333333373070e-1,4.666666686535e-1,6.000000238419e-1,9.333333373070e-1,4.666666686535e-1,6.000000238419e-1,9.333333373070e-1
3736,5.333333611488e-1,6.000000238419e-1,9.333333373070e-1,5.333333611488e-1,6.000000238419e-1,9.333333969116e-1,5.333333611488e-1,6.000000238419e-1,9.333333373070e-1
3737,6.000000238419e-1,6.000000238419e-1,9.333333373070e-1,6.000000238419e-1,6.000000238419e-1,9.333333373070e-1,6.000000238419e-1,6.000000238419e-1,9.333333373070e-1
3738,6.666666865349e-1,6.000000238419e-1,9.333333373070e-1,6.666666865349e-1,6.000000238419e-1,9.333333373070e-1,6.666666865349e-1,6.000000238419e-1,9.333333373070e-1
3739,7.333333492279e-1,6.000000238419e-1,9.333333373070e-1,7.333332896233e-1,6.000000238419e-1,9.333333373070e-1,7.333333492279e-1,6.000000238419e-1,9.333333373070e-1
3740,8.000000119209e-1,6.000000238419e-1,9.333333373070e-1,8.000000119209e-1,6.000000238419e-1,9.333333373070e-1,8.000000119209e-1,6.000000238419e-1,9.333333373070e-1
3741,8.666666746140e-1,6.000000238419e-1,9.333333373070e-1,8.666666150093e-1,6.000000238419e-1,9.333333373070e-1,8.666666746140e-1,6.000000238419e-1,9.333333373070e-1
3742,9.333333373070e-1,6.000000238419e-1,9.333333373070e-1,9.333333373070e-1,6.000000238419e-1,9.333333373070e-1,9.333333373070e-1,6.000000238419e-1,9.333333373070e-1
3743,1.000000000000e0,6.000000238419e-1,9.333333373070e-1,1.000000000000e0,5.999999642372e-1,9.333333373070e-1,1.000000000000e0,6.000000238419e-1,9.333333373070e-1
3744,0.000000000000e0,6.666666865349e-1,9.333333373070e-1,1.921469845456e-7,6.666666865349e-1,9.333333373070e-1,2.206243060348e-17,6.666666865349e-1,9.333333373070e-1
3745,6.666667014360e-2,6.666666865349e-1,9.333333373070e-1,6.666655838490e-2,6.666666865349e-1,9.333333969116e-1,6.666667014360e-2,6.666666865349e-1,9.333333373070e-1
3746,1.333333402872e-1,6.666666865349e-1,9.333333373070e-1,1.333334445953e-1,6.666666865349e-1,9.333333373070e-1,1.333333402872e-1,6.666666865349e-1,9.333333373070e-1
3747,2.000000029802e-1,6.666666865349e-1,9.333333373070e-1,2.000000178814e-1,6.666666865349e-1,9.333333373070e-1,2.000000029802e-1,6.666666865349e-1,9.333333373070e-1
3748,2.666666805744e-1,6.666666865349e-1,9.333333373070e-1,2.666667401791e-1,6.666666865349e-1,9.333333373070e-1,2.666666805744e-1,6.666666865349e-1,9.333333373070e-1
3749,3.333333432674e-1,6.666666865349e-1,9.333333373070e-1,3.333333134651e-1,6.666666865349e-1,9.333333373070e-1,3.333333432674e-1,6.666666865349e-1,9.333333373070e-1
3750,4.000000059605e-1,6.666666865349e-1,9.333333373070e-1,4.000000059605e-1,6.666666865349e-1,9.333333373070e-1,4.000000059605e-1,6.666666865349e-1,9.333333373070e-1
3751,4.666666686535e-1,6.666666865349e-1,9.333333373070e-1,4.666666984558e-1,6.666666865349e-1,9.333333373070e-1,4.666666686535e-1,6.666666865349e-1,9.333333373070e-1
3752,5.333333611488e-1,6.666666865349e-1,9.333333373070e-1,5.333333611488e-1,6.666666865349e-1,9.333333373070e-1,5.333333611488e-1,6.666666865349e-1,9.333333373070e-1
3753,6.000000238419e-1,6.666666865349e-1,9.333333373070e-1,6.000000238419e-1,6.666666865349e-1,9.333333373070e-1,6.000000238419e-1,6.666666865349e-1,9.333333373070e-1
3754,6.666666865349e-1,6.666666865349e-1,9.333333373070e-1,6.666666865349e-1,6.666666865349e-1,9.333333373070e-1,6.666666865349e-1,6.666666865349e-1,9.333333373070e-1
3755,7.333333492279e-1,6.666666865349e-1,9.333333373070e-1,7.333332896233e-1,6.666666865349e-1,9.333333373070e-1,7.333333492279e-1,6.666666865349e-1,9.333333373070e-1
3756,8.000000119209e-1,6.666666865349e-1,9.333333373070e-1,8.000000119209e-1,6.666666865349e-1,9.333333373070e-1,8.000000119209e-1,6.666666865349e-1,9.333333373070e-1
3757,8.666666746140e-1,6.666666865349e-1,9.333333373070e-1,8.666666746140e-1,6.666666865349e-1,9.333333373070e-1,8.666666746140e-1,6.666666865349e-1,9.333333373070e-1
3758,9.333333373070e-1,6.666666865349e-1,9.333333373070e-1,9.333333373070e-1,6.666666865349e-1,9.333333373070e-1,9.333333373070e-1,6.666666865349e-1,9.333333373070e-1
3759,1.000000000000e0,6.666666865349e-1,9.333333373070e-1,1.000000000000e0,6.666666865349e-1,9.333333373070e-1,1.000000000000e0,6.666666865349e-1,9.333333373070e-1
3760,0.000000000000e0,7.333333492279e-1,9.333333373070e-1,1.914889367072e-7,7.333332896233e-1,9.333333373070e-1,0.000000000000e0,7.333333492279e-1,9.333333373070e-1
3761,6.666667014360e-2,7.333333492279e-1,9.333333373070e-1,6.666661053896e-2,7.333333492279e-1,9.333333373070e-1,6.666667014360e-2,7.333333492279e-1,9.333333373070e-1
3762,1.333333402872e-1,7.333333492279e-1,9.333333373070e-1,1.333333253860e-1,7.333333492279e-1,9.333333373070e-1,1.333333402872e-1,7.333333492279e-1,9.333333373070e-1
3763,2.000000029802e-1,7.333333492279e-1,9.333333373070e-1,2.000000625849e-1,7.333333492279e-1,9.333333373070e-1,2.000000029802e-1,7.333333492279e-1,9.333333373070e-1
3764,2.666666805744e-1,7.333333492279e-1,9.333333373070e-1,2.666666805744e-1,7.333333492279e-1,9.333333373070e-1,2.666666805744e-1,7.333333492279e-1,9.333333373070e-1
3765,3.333333432674e-1,7.333333492279e-1,9.333333373070e-1,3.333333432674e-1,7.333333492279e-1,9.333333373070e-1,3.333333432674e-1,7.333333492279e-1,9.333333373070e-1
3766,4.000000059605e-1,7.333333492279e-1,9.333333373070e-1,3.999999761581e-1,7.333333492279e-1,9.333333373070e-1,4.000000059605e-1,7.333333492279e-1,9.333333373070e-1
3767,4.666666686535e-1,7.333333492279e-1,9.333333373070e-1,4.666666984558e-1,7.333333492279e-1,9.333333373070e-1,4.666666686535e-1,7.333333492279e-1,9.333333373070e-1
3768,5.333333611488e-1,7.333333492279e-1,9.333333373070e-1,5.333333611488e-1,7.333333492279e-1,9.333333373070e-1,5.333333611488e-1,7.333333492279e-1,9.333333373070e-1
3769,6.000000238419e-1,7.333333492279e-1,9.333333373070e-1,6.000000238419e-1,7.333333492279e-1,9.333333373070e-1,6.000000238419e-1,7.333333492279e-1,9.333333373070e-1
3770,6.666666865349e-1,7.333333492279e-1,9.333333373070e-1,6.666666865349e-1,7.333333492279e-1,9.333333373070e-1,6.666666865349e-1,7.333333492279e-1,9.333333373070e-1
3771,7.333333492279e-1,7.333333492279e-1,9.333333373070e-1,7.333333492279e-1,7.333333492279e-1,9.333333373070e-1,7.333333492279e-1,7.333333492279e-1,9.333333373070e-1
3772,8.000000119209e-1,7.333333492279e-1,9.333333373070e-1,8.000000715256e-1,7.333333492279e-1,9.333333373070e-1,8.000000119209e-1,7.333333492279e-1,9.333333373070e-1
3773,8.666666746140e-1,7.333333492279e-1,9.333333373070e-1,8.666666746140e-1,7.333333492279e-1,9.333333373070e-1,8.666666746140e-1,7.333333492279e-1,9.333333373070e-1
3774,9.333333373070e-1,7.333333492279e-1,9.333333373070e-1,9.333333373070e-1,7.333333492279e-1,9.333332777023e-1,9.333333373070e-1,7.333333492279e-1,9.333333373070e-1
3775,1.000000000000e0,7.333333492279e-1,9.333333373070e-1,1.000000000000e0,7.333333492279e-1,9.333333373070e-1,1.000000000000e0,7.333333492279e-1,9.333333373070e-1
3776,0.000000000000e0,8.000000119209e-1,9.333333373070e-1,8.009257612684e-8,8.000000119209e-1,9.333333373070e-1,0.000000000000e0,8.000000119209e-1,9.333333373070e-1
3777,6.666667014360e-2,8.000000119209e-1,9.333333373070e-1,6.666668504477e-2,8.000000119209e-1,9.333333373070e-1,6.666667014360e-2,8.000000119209e-1,9.333333373070e-1
3778,1.333333402872e-1,8.000000119209e-1,9.333333373070e-1,1.333333253860e-1,7.999999523163e-1,9.333333373070e-1,1.333333402872e-1,8.000000119209e-1,9.333333373070e-1
3779,2.000000029802e-1,8.000000119209e-1,9.333333373070e-1,1.999999880791e-1,8.000000119209e-1,9.333333373070e-1,2.000000029802e-1,8.000000119209e-1,9.333333373070e-1
3780,2.666666805744e-1,8.000000119209e-1,9.333333373070e-1,2.666666805744e-1,8.000000119209e-1,9.333333373070e-1,2.666666805744e-1,8.000000119209e-1,9.333333373070e-1
3781,3.333333432674e-1,8.000000119209e-1,9.333333373070e-1,3.333333432674e-1,8.000000119209e-1,9.333333373070e-1,3.333333432674e-1,8.000000119209e-1,9.333333373070e-1
3782,4.000000059605e-1,8.000000119209e-1,9.333333373070e-1,4.000000059605e-1,8.000000119209e-1,9.333333373070e-1,4.000000059605e-1,8.000000119209e-1,9.333333373070e-1
3783,4.666666686535e-1,8.000000119209e-1,9.333333373070e-1,4.666666388512e-1,8.000000119209e-1,9.333333373070e-1,4.666666686535e-1,8.000000119209e-1,9.333333373070e-1
3784,5.333333611488e-1,8.000000119209e-1,9.333333373070e-1,5.333333611488e-1,8.000000715256e-1,9.333333373070e-1,5.333333611488e-1,8.000000119209e-1,9.333333373070e-1
3785,6.000000238419e-1,8.000000119209e-1,9.333333373070e-1,5.999999642372e-1,8.000000119209e-1,9.333333373070e-1,6.000000238419e-1,8.000000119209e-1,9.333333373070e-1
3786,6.666666865349e-1,8.000000119209e-1,9.333333373070e-1,6.666666865349e-1,8.000000119209e-1,9.333333373070e-1,6.666666865349e-1,8.000000119209e-1,9.333333373070e-1
3787,7.333333492279e-1,8.000000119209e-1,9.333333373070e-1,7.333333492279e-1,8.000000119209e-1,9.333333373070e-1,7.333333492279e-1,8.000000119209e-1,9.333333373070e-1
3788,8.000000119209e-1,8.000000119209e-1,9.333333373070e-1,8.000000119209e-1,8.000000119209e-1,9.333333373070e-1,8.000000119209e-1,8.000000119209e-1,9.333333373070e-1
3789,8.666666746140e-1,8.000000119209e-1,9.333333373070e-1,8.666666746140e-1,8.000000119209e-1,9.333333373070e-1,8.666666746140e-1,8.000000119209e-1,9.333333373070e-1
3790,9.333333373070e-1,8.000000119209e-1,9.333333373070e-1,9.333333373070e-1,8.000000119209e-1,9.333333373070e-1,9.333333373070e-1,8.000000119209e-1,9.333333373070e-1
3791,1.000000000000e0,8.000000119209e-1,9.333333373070e-1,1.000000000000e0,8.000000119209e-1,9.333333373070e-1,1.000000000000e0,8.000000119209e-1,9.333333373070e-1
3792,0.000000000000e0,8.666666746140e-1,9.333333373070e-1,9.945768653097e-8,8.666666746140e-1,9.333333373070e-1,0.000000000000e0,8.666666746140e-1,9.333333373070e-1
3793,6.666667014360e-2,8.666666746140e-1,9.333333373070e-1,6.666672229767e-2,8.666666746140e-1,9.333333373070e-1,6.666667014360e-2,8.666666746140e-1,9.333333373070e-1
3794,1.333333402872e-1,8.666666746140e-1,9.333333373070e-1,1.333335042000e-1,8.666666746140e-1,9.333333373070e-1,1.333333402872e-1,8.666666746140e-1,9.333333373070e-1
3795,2.000000029802e-1,8.666666746140e-1,9.333333373070e-1,2.000001519918e-1,8.666666746140e-1,9.333333373070e-1,2.000000029802e-1,8.666666746140e-1,9.333333373070e-1
3796,2.666666805744e-1,8.666666746140e-1,9.333333373070e-1,2.666666805744e-1,8.666667342186e-1,9.333332777023e-1,2.666666805744e-1,8.666666746140e-1,9.333333373070e-1
3797,3.333333432674e-1,8.666666746140e-1,9.333333373070e-1,3.333333432674e-1,8.666666746140e-1,9.333333969116e-1,3.333333432674e-1,8.666666746140e-1,9.333333373070e-1
3798,4.000000059605e-1,8.666666746140e-1,9.333333373070e-1,4.000000357628e-1,8.666666746140e-1,9.333333373070e-1,4.000000059605e-1,8.666666746140e-1,9.333333373070e-1
3799,4.666666686535e-1,8.666666746140e-1,9.333333373070e-1,4.666666388512e-1,8.666666746140e-1,9.333333373070e-1,4.666666686535e-1,8.666666746140e-1,9.333333373070e-1
3800,5.333333611488e-1,8.666666746140e-1,9.333333373070e-1,5.333333611488e-1,8.666666746140e-1,9.333333373070e-1,5.333333611488e-1,8.666666746140e-1,9.333333373070e-1
3801,6.000000238419e-1,8.666666746140e-1,9.333333373070e-1,6.000000834465e-1,8.666666746140e-1,9.333333373070e-1,6.000000238419e-1,8.666666746140e-1,9.333333373070e-1
3802,6.666666865349e-1,8.666666746140e-1,9.333333373070e-1,6.666666865349e-1,8.666666746140e-1,9.333333373070e-1,6.666666865349e-1,8.666666746140e-1,9.333333373070e-1
3803,7.333333492279e-1,8.666666746140e-1,9.333333373070e-1,7.333333492279e-1,8.666666746140e-1,9.333333373070e-1,7.333333492279e-1,8.666666746140e-1,9.333333373070e-1
3804,8.000000119209e-1,8.666666746140e-1,9.333333373070e-1,7.999999523163e-1,8.666666150093e-1,9.333333373070e-1,8.000000119209e-1,8.666666746140e-1,9.333333373070e-1
3805,8.666666746140e-1,8.666666746140e-1,9.333333373070e-1,8.666666150093e-1,8.666666150093e-1,9.333333373070e-1,8.666666746140e-1,8.666666746140e-1,9.333333373070e-1
3806,9.333333373070e-1,8.666666746140e-1,9.333333373070e-1,9.333333373070e-1,8.666666746140e-1,9.333333373070e-1,9.333333373070e-1,8.666666746140e-1,9.333333373070e-1
3807,1.000000000000e0,8.666666746140e-1,9.333333373070e-1,1.000000000000e0,8.666667342186e-1,9.333333373070e-1,1.000000000000e0,8.666666746140e-1,9.333333373070e-1
3808,0.000000000000e0,9.333333373070e-1,9.333333373070e-1,0.000000000000e0,9.333333373070e-1,9.333333373070e-1,6.296547527148e-16,9.333333373070e-1,9.333333373070e-1
3809,6.666667014360e-2,9.333333373070e-1,9.333333373070e-1,6.666693836451e-2,9.333333373070e-1,9.333333373070e-1,6.666667014360e-2,9.333333373070e-1,9.333333373070e-1
3810,1.333333402872e-1,9.333333373070e-1,9.333333373070e-1,1.333333402872e-1,9.333333373070e-1,9.333333373070e-1,1.333333402872e-1,9.333333373070e-1,9.333333373070e-1
3811,2.000000029802e-1,9.333333373070e-1,9.333333373070e-1,2.000001966953e-1,9.333333373070e-1,9.333333373070e-1,2.000000029802e-1,9.333333373070e-1,9.333333373070e-1
3812,2.666666805744e-1,9.333333373070e-1,9.333333373070e-1,2.666666805744e-1,9.333333373070e-1,9.333333373070e-1,2.666666805744e-1,9.333333373070e-1,9.333333373070e-1
3813,3.333333432674e-1,9.333333373070e-1,9.333333373070e-1,3.333333432674e-1,9.333333373070e-1,9.333333373070e-1,3.333333432674e-1,9.333333373070e-1,9.333333373070e-1
3814,4.000000059605e-1,9.333333373070e-1,9.333333373070e-1,4.000000357628e-1,9.333333373070e-1,9.333333373070e-1,4.000000059605e-1,9.333333373070e-1,9.333333373070e-1
3815,4.666666686535e-1,9.333333373070e-1,9.333333373070e-1,4.666666388512e-1,9.333333373070e-1,9.333333373070e-1,4.666666686535e-1,9.333333373070e-1,9.333333373070e-1
3816,5.333333611488e-1,9.333333373070e-1,9.333333373070e-1,5.333333015442e-1,9.333333373070e-1,9.333333373070e-1,5.333333611488e-1,9.333333373070e-1,9.333333373070e-1
3817,6.000000238419e-1,9.333333373070e-1,9.333333373070e-1,6.000000238419e-1,9.333333373070e-1,9.333333373070e-1,6.000000238419e-1,9.333333373070e-1,9.333333373070e-1
3818,6.666666865349e-1,9.333333373070e-1,9.333333373070e-1,6.666667461395e-1,9.333333373070e-1,9.333333373070e-1,6.666666865349e-1,9.333333373070e-1,9.333333373070e-1
3819,7.333333492279e-1,9.333333373070e-1,9.333333373070e-1,7.333333492279e-1,9.333333373070e-1,9.333333373070e-1,7.333333492279e-1,9.333333373070e-1,9.333333373070e-1
3820,8.000000119209e-1,9.333333373070e-1,9.333333373070e-1,7.999999523163e-1,9.333333373070e-1,9.333333373070e-1,8.000000119209e-1,9.333333373070e-1,9.333333373070e-1
3821,8.666666746140e-1,9.333333373070e-1,9.333333373070e-1,8.666666150093e-1,9.333333373070e-1,9.333333373070e-1,8.666666746140e-1,9.333333373070e-1,9.333333373070e-1
3822,9.333333373070e-1,9.333333373070e-1,9.333333373070e-1,9.333333373070e-1,9.333333373070e-1,9.333333373070e-1,9.333333373070e-1,9.333333373070e-1,9.333333373070e-1
3823,1.000000000000e0,9.333333373070e-1,9.333333373070e-1,1.000000000000e0,9.333333373070e-1,9.333333373070e-1,1.000000000000e0,9.333333373070e-1,9.333333373070e-1
3824,0.000000000000e0,1.000000000000e0,9.333333373070e-1,7.742752359263e-7,9.999999403954e-1,9.333333373070e-1,0.000000000000e0,1.000000000000e0,9.333333373070e-1
3825,6.666667014360e-2,1.000000000000e0,9.333333373070e-1,6.666734069586e-2,1.000000000000e0,9.333333373070e-1,6.666667014360e-2,1.000000000000e0,9.333333373070e-1
3826,1.333333402872e-1,1.000000000000e0,9.333333373070e-1,1.333333402872e-1,1.000000000000e0,9.333333373070e-1,1.333333402872e-1,1.000000000000e0,9.333333373070e-1
3827,2.000000029802e-1,1.000000000000e0,9.333333373070e-1,2.000000923872e-1,1.000000000000e0,9.333333373070e-1,2.000000029802e-1,1.000000000000e0,9.333333373070e-1
3828,2.666666805744e-1,1.000000000000e0,9.333333373070e-1,2.666666805744e-1,1.000000000000e0,9.333333373070e-1,2.666666805744e-1,1.000000000000e0,9.333333373070e-1
3829,3.333333432674e-1,1.000000000000e0,9.333333373070e-1,3.333333432674e-1,1.000000000000e0,9.333333373070e-1,3.333333432674e-1,1.000000000000e0,9.333333373070e-1
3830,4.000000059605e-1,1.000000000000e0,9.333333373070e-1,4.000000357628e-1,1.000000000000e0,9.333333373070e-1,4.000000059605e-1,1.000000000000e0,9.333333373070e-1
3831,4.666666686535e-1,1.000000000000e0,9.333333373070e-1,4.666666984558e-1,9.999999403954e-1,9.333333373070e-1,4.666666686535e-1,1.000000000000e0,9.333333373070e-1
3832,5.333333611488e-1,1.000000000000e0,9.333333373070e-1,5.333333611488e-1,1.000000000000e0,9.333333373070e-1,5.333333611488e-1,1.000000000000e0,9.333333373070e-1
3833,6.000000238419e-1,1.000000000000e0,9.333333373070e-1,6.000000238419e-1,1.000000000000e0,9.333333373070e-1,6.000000238419e-1,1.000000000000e0,9.333333373070e-1
3834,6.666666865349e-1,1.000000000000e0,9.333333373070e-1,6.666669845581e-1,1.000000000000e0,9.333332777023e-1,6.666666865349e-1,1.000000000000e0,9.333333373070e-1
3835,7.333333492279e-1,1.000000000000e0,9.333333373070e-1,7.333333492279e-1,1.000000000000e0,9.333333969116e-1,7.333333492279e-1,1.000000000000e0,9.333333373070e-1
3836,8.000000119209e-1,1.000000000000e0,9.333333373070e-1,8.000000715256e-1,1.000000000000e0,9.333333373070e-1,8.000000119209e-1,1.000000000000e0,9.333333373070e-1
3837,8.666666746140e-1,1.000000000000e0,9.333333373070e-1,8.666667342186e-1,1.000000000000e0,9.333333373070e-1,8.666666746140e-1,1.000000000000e0,9.333333373070e-1
3838,9.333333373070e-1,1.000000000000e0,9.333333373070e-1,9.333333373070e-1,1.000000000000e0,9.333333373070e-1,9.333333373070e-1,1.000000000000e0,9.333333373070e-1
3839,1.000000000000e0,1.000000000000e0,9.333333373070e-1,1.000000000000e0,1.000000000000e0,9.333333373070e-1,1.000000000000e0,1.000000000000e0,9.333333373070e-1
3840,0.000000000000e0,0.000000000000e0,1.000000000000e0,0.000000000000e0,5.226698363003e-8,1.000000000000e0,3.586020390715e-16,0.000000000000e0,1.000000000000e0
3841,6.666667014360e-2,0.000000000000e0,1.000000000000e0,6.666675955057e-2,0.000000000000e0,9.999999403954e-1,6.666667014360e-2,2.447879160148e-16,1.000000000000e0
3842,1.333333402872e-1,0.000000000000e0,1.000000000000e0,1.333333104849e-1,0.000000000000e0,1.000000000000e0,1.333333402872e-1,3.602654794310e-17,1.000000000000e0
3843,2.000000029802e-1,0.000000000000e0,1.000000000000e0,2.000000178814e-1,6.016343689907e-8,1.000000000000e0,2.000000029802e-1,1.793010195358e-16,1.000000000000e0
3844,2.666666805744e-1,0.000000000000e0,1.000000000000e0,2.666666805744e-1,2.436642887460e-7,1.000000000000e0,2.666666805744e-1,0.000000000000e0,1.000000000000e0
3845,3.333333432674e-1,0.000000000000e0,1.000000000000e0,3.333333432674e-1,6.189117840449e-8,1.000000000000e0,3.333333432674e-1,0.000000000000e0,1.000000000000e0
3846,4.000000059605e-1,0.000000000000e0,1.000000000000e0,4.000000059605e-1,0.000000000000e0,9.999999403954e-1,4.000000059605e-1,0.000000000000e0,1.000000000000e0
3847,4.666666686535e-1,0.000000000000e0,1.000000000000e0,4.666666686535e-1,0.000000000000e0,9.999999403954e-1,4.666666686535e-1,3.147398407963e-17,1.000000000000e0
3848,5.333333611488e-1,0.000000000000e0,1.000000000000e0,5.333333611488e-1,3.008171844954e-8,1.000000000000e0,5.333333611488e-1,7.284104166794e-17,1.000000000000e0
3849,6.000000238419e-1,0.000000000000e0,1.000000000000e0,6.000000238419e-1,0.000000000000e0,9.999999403954e-1,6.000000238419e-1,0.000000000000e0,1.000000000000e0
3850,6.666666865349e-1,0.000000000000e0,1.000000000000e0,6.666666865349e-1,3.421795469194e-8,1.000000000000e0,6.666666865349e-1,0.000000000000e0,1.000000000000e0
3851,7.333333492279e-1,0.000000000000e0,1.000000000000e0,7.333333492279e-1,0.000000000000e0,1.000000000000e0,7.333333492279e-1,9.823034471863e-17,1.000000000000e0
3852,8.000000119209e-1,0.000000000000e0,1.000000000000e0,8.000000119209e-1,0.000000000000e0,1.000000000000e0,8.000000119209e-1,0.000000000000e0,1.000000000000e0
3853,8.666666746140e-1,0.000000000000e0,1.000000000000e0,8.666666746140e-1,0.000000000000e0,1.000000000000e0,8.666666746140e-1,0.000000000000e0,1.000000000000e0
3854,9.333333373070e-1,0.000000000000e0,1.000000000000e0,9.333333373070e-1,0.000000000000e0,1.000000000000e0,9.333333373070e-1,0.000000000000e0,1.000000000000e0
3855,1.000000000000e0,0.000000000000e0,1.000000000000e0,9.999999403954e-1,5.170555255063e-7,1.000000000000e0,1.000000000000e0,0.000000000000e0,1.000000000000e0
3856,0.000000000000e0,6.666667014360e-2,1.000000000000e0,0.000000000000e0,6.666672229767e-2,1.000000000000e0,1.793010195358e-16,6.666667014360e-2,1.000000000000e0
3857,6.666667014360e-2,6.666667014360e-2,1.000000000000e0,6.666675209999e-2,6.666672229767e-2,1.000000000000e0,6.666667014360e-2,6.666667014360e-2,1.000000000000e0
3858,1.333333402872e-1,6.666667014360e-2,1.000000000000e0,1.333333104849e-1,6.666668504477e-2,1.000000000000e0,1.333333402872e-1,6.666667014360e-2,1.000000000000e0
3859,2.000000029802e-1,6.666667014360e-2,1.000000000000e0,1.999999880791e-1,6.666680425406e-2,1.000000000000e0,2.000000029802e-1,6.666667014360e-2,1.000000000000e0
3860,2.666666805744e-1,6.666667014360e-2,1.000000000000e0,2.666666805744e-1,6.666665524244e-2,1.000000000000e0,2.666666805744e-1,6.666667014360e-2,1.000000000000e0
3861,3.333333432674e-1,6.666667014360e-2,1.000000000000e0,3.333333432674e-1,6.666681170464e-2,1.000000000000e0,3.333333432674e-1,6.666667014360e-2,1.000000000000e0
3862,4.000000059605e-1,6.666667014360e-2,1.000000000000e0,4.000000059605e-1,6.666670739651e-2,9.999999403954e-1,4.000000059605e-1,6.666667014360e-2,1.000000000000e0
3863,4.666666686535e-1,6.666667014360e-2,1.000000000000e0,4.666666388512e-1,6.666668504477e-2,1.000000000000e0,4.666666686535e-1,6.666667014360e-2,1.000000000000e0
3864,5.333333611488e-1,6.666667014360e-2,1.000000000000e0,5.333333611488e-1,6.666667014360e-2,1.000000000000e0,5.333333611488e-1,6.666667014360e-2,1.000000000000e0
3865,6.000000238419e-1,6.666667014360e-2,1.000000000000e0,6.000000238419e-1,6.666667759418e-2,1.000000000000e0,6.000000238419e-1,6.666667014360e-2,1.000000000000e0
3866,6.666666865349e-1,6.666667014360e-2,1.000000000000e0,6.666666865349e-1,6.666673719883e-2,1.000000000000e0,6.666666865349e-1,6.666667014360e-2,1.000000000000e0
3867,7.333333492279e-1,6.666667014360e-2,1.000000000000e0,7.333333492279e-1,6.666668504477e-2,1.000000000000e0,7.333333492279e-1,6.666667014360e-2,1.000000000000e0
3868,8.000000119209e-1,6.666667014360e-2,1.000000000000e0,8.000000119209e-1,6.666667014360e-2,1.000000000000e0,8.000000119209e-1,6.666667014360e-2,1.000000000000e0
3869,8.666666746140e-1,6.666667014360e-2,1.000000000000e0,8.666666150093e-1,6.666699796915e-2,1.000000000000e0,8.666666746140e-1,6.666667014360e-2,1.000000000000e0
3870,9.333333373070e-1,6.666667014360e-2,1.000000000000e0,9.333333373070e-1,6.666663289070e-2,9.999999403954e-1,9.333333373070e-1,6.666667014360e-2,1.000000000000e0
3871,1.000000000000e0,6.666667014360e-2,1.000000000000e0,1.000000000000e0,6.666668504477e-2,1.000000000000e0,1.000000000000e0,6.666667014360e-2,1.000000000000e0
3872,0.000000000000e0,1.333333402872e-1,1.000000000000e0,1.099862885212e-7,1.333333253860e-1,1.000000000000e0,5.506168444745e-17,1.333333402872e-1,1.000000000000e0
3873,6.666667014360e-2,1.333333402872e-1,1.000000000000e0,6.666681170464e-2,1.333333402872e-1,1.000000000000e0,6.666667014360e-2,1.333333402872e-1,1.000000000000e0
3874,1.333333402872e-1,1.333333402872e-1,1.000000000000e0,1.333333253860e-1,1.333333253860e-1,1.000000000000e0,1.333333402872e-1,1.333333402872e-1,1.000000000000e0
3875,2.000000029802e-1,1.333333402872e-1,1.000000000000e0,2.000000327826e-1,1.333333700895e-1,1.000000000000e0,2.000000029802e-1,1.333333402872e-1,1.000000000000e0
3876,2.666666805744e-1,1.333333402872e-1,1.000000000000e0,2.666666507721e-1,1.333333253860e-1,1.000000000000e0,2.666666805744e-1,1.333333402872e-1,1.000000000000e0
3877,3.333333432674e-1,1.333333402872e-1,1.000000000000e0,3.333333432674e-1,1.333333551884e-1,1.000000000000e0,3.333333432674e-1,1.333333402872e-1,1.000000000000e0
3878,4.000000059605e-1,1.333333402872e-1,1.000000000000e0,4.000000059605e-1,1.333333253860e-1,1.000000000000e0,4.000000059605e-1,1.333333402872e-1,1.000000000000e0
3879,4.666666686535e-1,1.333333402872e-1,1.000000000000e0,4.666666686535e-1,1.333332955837e-1,9.999999403954e-1,4.666666686535e-1,1.333333402872e-1,1.000000000000e0
3880,5.333333611488e-1,1.333333402872e-1,1.000000000000e0,5.333333611488e-1,1.333333402872e-1,1.000000000000e0,5.333333611488e-1,1.333333402872e-1,1.000000000000e0
3881,6.000000238419e-1,1.333333402872e-1,1.000000000000e0,6.000000238419e-1,1.333333402872e-1,1.000000000000e0,6.000000238419e-1,1.333333402872e-1,1.000000000000e0
3882,6.666666865349e-1,1.333333402872e-1,1.000000000000e0,6.666666865349e-1,1.333333998919e-1,9.999999403954e-1,6.666666865349e-1,1.333333402872e-1,1.000000000000e0
3883,7.333333492279e-1,1.333333402872e-1,1.000000000000e0,7.333333492279e-1,1.333333551884e-1,1.000000000000e0,7.333333492279e-1,1.333333402872e-1,1.000000000000e0
3884,8.000000119209e-1,1.333333402872e-1,1.000000000000e0,8.000000715256e-1,1.333333402872e-1,1.000000000000e0,8.000000119209e-1,1.333333402872e-1,1.000000000000e0
3885,8.666666746140e-1,1.333333402872e-1,1.000000000000e0,8.666666150093e-1,1.333334147930e-1,9.999999403954e-1,8.666666746140e-1,1.333333402872e-1,1.000000000000e0
3886,9.333333373070e-1,1.333333402872e-1,1.000000000000e0,9.333333373070e-1,1.333333402872e-1,9.999999403954e-1,9.333333373070e-1,1.333333402872e-1,1.000000000000e0
3887,1.000000000000e0,1.333333402872e-1,1.000000000000e0,1.000000000000e0,1.333333402872e-1,1.000000000000e0,1.000000000000e0,1.333333402872e-1,1.000000000000e0
3888,0.000000000000e0,2.000000029802e-1,1.000000000000e0,1.631386652434e-7,2.000000029802e-1,1.000000000000e0,0.000000000000e0,2.000000029802e-1,1.000000000000e0
3889,6.666667014360e-2,2.000000029802e-1,1.000000000000e0,6.666664779186e-2,1.999999880791e-1,1.000000000000e0,6.666667014360e-2,2.000000029802e-1,1.000000000000e0
3890,1.333333402872e-1,2.000000029802e-1,1.000000000000e0,1.333333104849e-1,1.999999731779e-1,1.000000000000e0,1.333333402872e-1,2.000000029802e-1,1.000000000000e0
3891,2.000000029802e-1,2.000000029802e-1,1.000000000000e0,1.999999731779e-1,2.000000178814e-1,1.000000000000e0,2.000000029802e-1,2.000000029802e-1,1.000000000000e0
3892,2.666666805744e-1,2.000000029802e-1,1.000000000000e0,2.666667103767e-1,2.000000029802e-1,1.000000000000e0,2.666666805744e-1,2.000000029802e-1,1.000000000000e0
3893,3.333333432674e-1,2.000000029802e-1,1.000000000000e0,3.333333730698e-1,1.999999731779e-1,1.000000000000e0,3.333333432674e-1,2.000000029802e-1,1.000000000000e0
3894,4.000000059605e-1,2.000000029802e-1,1.000000000000e0,4.000000059605e-1,1.999999731779e-1,1.000000000000e0,4.000000059605e-1,2.000000029802e-1,1.000000000000e0
3895,4.666666686535e-1,2.000000029802e-1,1.000000000000e0,4.666666388512e-1,1.999999731779e-1,1.000000000000e0,4.666666686535e-1,2.000000029802e-1,1.000000000000e0
3896,5.333333611488e-1,2.000000029802e-1,1.000000000000e0,5.333333611488e-1,2.000000476837e-1,1.000000000000e0,5.333333611488e-1,2.000000029802e-1,1.000000000000e0
3897,6.000000238419e-1,2.000000029802e-1,1.000000000000e0,6.000000238419e-1,1.999999731779e-1,1.000000000000e0,6.000000238419e-1,2.000000029802e-1,1.000000000000e0
3898,6.666666865349e-1,2.000000029802e-1,1.000000000000e0,6.666666865349e-1,2.000000327826e-1,9.999999403954e-1,6.666666865349e-1,2.000000029802e-1,1.000000000000e0
3899,7.333333492279e-1,2.000000029802e-1,1.000000000000e0,7.333334088326e-1,1.999999880791e-1,1.000000000000e0,7.333333492279e-1,2.000000029802e-1,1.000000000000e0
3900,8.000000119209e-1,2.000000029802e-1,1.000000000000e0,8.000000715256e-1,2.000000029802e-1,1.000000000000e0,8.000000119209e-1,2.000000029802e-1,1.000000000000e0
3901,8.666666746140e-1,2.000000029802e-1,1.000000000000e0,8.666666746140e-1,2.000000327826e-1,1.000000000000e0,8.666666746140e-1,2.000000029802e-1,1.000000000000e0
3902,9.333333373070e-1,2.000000029802e-1,1.000000000000e0,9.333333373070e-1,2.000000029802e-1,1.000000000000e0,9.333333373070e-1,2.000000029802e-1,1.000000000000e0
3903,1.000000000000e0,2.000000029802e-1,1.000000000000e0,1.000000000000e0,1.999999880791e-1,1.000000000000e0,1.000000000000e0,2.000000029802e-1,1.000000000000e0
3904,0.000000000000e0,2.666666805744e-1,1.000000000000e0,0.000000000000e0,2.666666805744e-1,1.000000000000e0,2.240318765682e-16,2.666666805744e-1,1.000000000000e0
3905,6.666667014360e-2,2.666666805744e-1,1.000000000000e0,6.666664779186e-2,2.666666805744e-1,1.000000000000e0,6.666667014360e-2,2.666666805744e-1,1.000000000000e0
3906,1.333333402872e-1,2.666666805744e-1,1.000000000000e0,1.333333700895e-1,2.666666507721e-1,1.000000000000e0,1.333333402872e-1,2.666666805744e-1,1.000000000000e0
3907,2.000000029802e-1,2.666666805744e-1,1.000000000000e0,1.999999880791e-1,2.666666805744e-1,1.000000000000e0,2.000000029802e-1,2.666666805744e-1,1.000000000000e0
3908,2.666666805744e-1,2.666666805744e-1,1.000000000000e0,2.666666805744e-1,2.666666507721e-1,9.999999403954e-1,2.666666805744e-1,2.666666805744e-1,1.000000000000e0
3909,3.333333432674e-1,2.666666805744e-1,1.000000000000e0,3.333333432674e-1,2.666666507721e-1,1.000000000000e0,3.333333432674e-1,2.666666805744e-1,1.000000000000e0
3910,4.000000059605e-1,2.666666805744e-1,1.000000000000e0,4.000000059605e-1,2.666666805744e-1,1.000000000000e0,4.000000059605e-1,2.666666805744e-1,1.000000000000e0
3911,4.666666686535e-1,2.666666805744e-1,1.000000000000e0,4.666666686535e-1,2.666667103767e-1,1.000000000000e0,4.666666686535e-1,2.666666805744e-1,1.000000000000e0
3912,5.333333611488e-1,2.666666805744e-1,1.000000000000e0,5.333333611488e-1,2.666666507721e-1,9.999999403954e-1,5.333333611488e-1,2.666666805744e-1,1.000000000000e0
3913,6.000000238419e-1,2.666666805744e-1,1.000000000000e0,6.000000238419e-1,2.666666805744e-1,1.000000000000e0,6.000000238419e-1,2.666666805744e-1,1.000000000000e0
3914,6.666666865349e-1,2.666666805744e-1,1.000000000000e0,6.666666865349e-1,2.666666805744e-1,1.000000000000e0,6.666666865349e-1,2.666666805744e-1,1.000000000000e0
3915,7.333333492279e-1,2.666666805744e-1,1.000000000000e0,7.333333492279e-1,2.666667103767e-1,9.999999403954e-1,7.333333492279e-1,2.666666805744e-1,1.000000000000e0
3916,8.000000119209e-1,2.666666805744e-1,1.000000000000e0,8.000000119209e-1,2.666666805744e-1,1.000000000000e0,8.000000119209e-1,2.666666805744e-1,1.000000000000e0
3917,8.666666746140e-1,2.666666805744e-1,1.000000000000e0,8.666666150093e-1,2.666666805744e-1,1.000000000000e0,8.666666746140e-1,2.666666805744e-1,1.000000000000e0
3918,9.333333373070e-1,2.666666805744e-1,1.000000000000e0,9.333333373070e-1,2.666667103767e-1,1.000000000000e0,9.333333373070e-1,2.666666805744e-1,1.000000000000e0
3919,1.000000000000e0,2.666666805744e-1,1.000000000000e0,9.999999403954e-1,2.666668295860e-1,1.000000000000e0,1.000000000000e0,2.666666805744e-1,1.000000000000e0
3920,0.000000000000e0,3.333333432674e-1,1.000000000000e0,0.000000000000e0,3.333333432674e-1,9.999999403954e-1,0.000000000000e0,3.333333432674e-1,1.000000000000e0
3921,6.666667014360e-2,3.333333432674e-1,1.000000000000e0,6.666666269302e-2,3.333333432674e-1,1.000000000000e0,6.666667014360e-2,3.333333432674e-1,1.000000000000e0
3922,1.333333402872e-1,3.333333432674e-1,1.000000000000e0,1.333333998919e-1,3.333333432674e-1,1.000000000000e0,1.333333402872e-1,3.333333432674e-1,1.000000000000e0
3923,2.000000029802e-1,3.333333432674e-1,1.000000000000e0,2.000000327826e-1,3.333333432674e-1,1.000000000000e0,2.000000029802e-1,3.333333432674e-1,1.000000000000e0
3924,2.666666805744e-1,3.333333432674e-1,1.000000000000e0,2.666666805744e-1,3.333333432674e-1,1.000000000000e0,2.666666805744e-1,3.333333432674e-1,1.000000000000e0
3925,3.333333432674e-1,3.333333432674e-1,1.000000000000e0,3.333333134651e-1,3.333333730698e-1,1.000000000000e0,3.333333432674e-1,3.333333432674e-1,1.000000000000e0
3926,4.000000059605e-1,3.333333432674e-1,1.000000000000e0,4.000000357628e-1,3.333333432674e-1,1.000000000000e0,4.000000059605e-1,3.333333432674e-1,1.000000000000e0
3927,4.666666686535e-1,3.333333432674e-1,1.000000000000e0,4.666666984558e-1,3.333333730698e-1,1.000000000000e0,4.666666686535e-1,3.333333432674e-1,1.000000000000e0
3928,5.333333611488e-1,3.333333432674e-1,1.000000000000e0,5.333333611488e-1,3.333333432674e-1,9.999999403954e-1,5.333333611488e-1,3.333333432674e-1,1.000000000000e0
3929,6.000000238419e-1,3.333333432674e-1,1.000000000000e0,6.000000238419e-1,3.333333134651e-1,1.000000000000e0,6.000000238419e-1,3.333333432674e-1,1.000000000000e0
3930,6.666666865349e-1,3.333333432674e-1,1.000000000000e0,6.666666865349e-1,3.333333730698e-1,1.000000000000e0,6.666666865349e-1,3.333333432674e-1,1.000000000000e0
3931,7.333333492279e-1,3.333333432674e-1,1.000000000000e0,7.333333492279e-1,3.333333134651e-1,1.000000000000e0,7.333333492279e-1,3.333333432674e-1,1.000000000000e0
3932,8.000000119209e-1,3.333333432674e-1,1.000000000000e0,8.000000119209e-1,3.333333432674e-1,9.999999403954e-1,8.000000119209e-1,3.333333432674e-1,1.000000000000e0
3933,8.666666746140e-1,3.333333432674e-1,1.000000000000e0,8.666666746140e-1,3.333333432674e-1,1.000000000000e0,8.666666746140e-1,3.333333432674e-1,1.000000000000e0
3934,9.333333373070e-1,3.333333432674e-1,1.000000000000e0,9.333333373070e-1,3.333333730698e-1,1.000000000000e0,9.333333373070e-1,3.333333432674e-1,1.000000000000e0
3935,1.000000000000e0,3.333333432674e-1,1.000000000000e0,1.000000000000e0,3.333333432674e-1,1.000000000000e0,1.000000000000e0,3.333333432674e-1,1.000000000000e0
3936,0.000000000000e0,4.000000059605e-1,1.000000000000e0,3.948261735331e-7,4.000000059605e-1,1.000000000000e0,0.000000000000e0,4.000000059605e-1,1.000000000000e0
3937,6.666667014360e-2,4.000000059605e-1,1.000000000000e0,6.666661053896e-2,4.000000357628e-1,9.999999403954e-1,6.666667014360e-2,4.000000059605e-1,1.000000000000e0
3938,1.333333402872e-1,4.000000059605e-1,1.000000000000e0,1.333333998919e-1,4.000000357628e-1,1.000000000000e0,1.333333402872e-1,4.000000059605e-1,1.000000000000e0
3939,2.000000029802e-1,4.000000059605e-1,1.000000000000e0,2.000000625849e-1,4.000000357628e-1,1.000000000000e0,2.000000029802e-1,4.000000059605e-1,1.000000000000e0
3940,2.666666805744e-1,4.000000059605e-1,1.000000000000e0,2.666666805744e-1,4.000000059605e-1,1.000000000000e0,2.666666805744e-1,4.000000059605e-1,1.000000000000e0
3941,3.333333432674e-1,4.000000059605e-1,1.000000000000e0,3.333333432674e-1,4.000000059605e-1,9.999999403954e-1,3.333333432674e-1,4.000000059605e-1,1.000000000000e0
3942,4.000000059605e-1,4.000000059605e-1,1.000000000000e0,4.000000059605e-1,4.000000059605e-1,1.000000000000e0,4.000000059605e-1,4.000000059605e-1,1.000000000000e0
3943,4.666666686535e-1,4.000000059605e-1,1.000000000000e0,4.666666686535e-1,4.000000357628e-1,1.000000000000e0,4.666666686535e-1,4.000000059605e-1,1.000000000000e0
3944,5.333333611488e-1,4.000000059605e-1,1.000000000000e0,5.333333611488e-1,4.000000059605e-1,1.000000000000e0,5.333333611488e-1,4.000000059605e-1,1.000000000000e0
3945,6.000000238419e-1,4.000000059605e-1,1.000000000000e0,6.000000238419e-1,4.000000059605e-1,1.000000000000e0,6.000000238419e-1,4.000000059605e-1,1.000000000000e0
3946,6.666666865349e-1,4.000000059605e-1,1.000000000000e0,6.666666865349e-1,4.000000357628e-1,1.000000000000e0,6.666666865349e-1,4.000000059605e-1,1.000000000000e0
3947,7.333333492279e-1,4.000000059605e-1,1.000000000000e0,7.333332896233e-1,4.000000059605e-1,1.000000000000e0,7.333333492279e-1,4.000000059605e-1,1.000000000000e0
3948,8.000000119209e-1,4.000000059605e-1,1.000000000000e0,8.000000119209e-1,4.000000357628e-1,1.000000000000e0,8.000000119209e-1,4.000000059605e-1,1.000000000000e0
3949,8.666666746140e-1,4.000000059605e-1,1.000000000000e0,8.666666746140e-1,4.000000059605e-1,1.000000000000e0,8.666666746140e-1,4.000000059605e-1,1.000000000000e0
3950,9.333333373070e-1,4.000000059605e-1,1.000000000000e0,9.333333373070e-1,4.000000059605e-1,1.000000000000e0,9.333333373070e-1,4.000000059605e-1,1.000000000000e0
3951,1.000000000000e0,4.000000059605e-1,1.000000000000e0,9.999999403954e-1,4.000000655651e-1,1.000000000000e0,1.000000000000e0,4.000000059605e-1,1.000000000000e0
3952,0.000000000000e0,4.666666686535e-1,1.000000000000e0,4.775472817187e-8,4.666666686535e-1,1.000000000000e0,0.000000000000e0,4.666666686535e-1,1.000000000000e0
3953,6.666667014360e-2,4.666666686535e-1,1.000000000000e0,6.666667014360e-2,4.666666686535e-1,1.000000000000e0,6.666667014360e-2,4.666666686535e-1,1.000000000000e0
3954,1.333333402872e-1,4.666666686535e-1,1.000000000000e0,1.333333551884e-1,4.666666388512e-1,1.000000000000e0,1.333333402872e-1,4.666666686535e-1,1.000000000000e0
3955,2.000000029802e-1,4.666666686535e-1,1.000000000000e0,1.999999880791e-1,4.666666686535e-1,1.000000000000e0,2.000000029802e-1,4.666666686535e-1,1.000000000000e0
3956,2.666666805744e-1,4.666666686535e-1,1.000000000000e0,2.666666507721e-1,4.666666686535e-1,1.000000000000e0,2.666666805744e-1,4.666666686535e-1,1.000000000000e0
3957,3.333333432674e-1,4.666666686535e-1,1.000000000000e0,3.333333432674e-1,4.666666686535e-1,1.000000000000e0,3.333333432674e-1,4.666666686535e-1,1.000000000000e0
3958,4.000000059605e-1,4.666666686535e-1,1.000000000000e0,4.000000059605e-1,4.666666686535e-1,1.000000000000e0,4.000000059605e-1,4.666666686535e-1,1.000000000000e0
3959,4.666666686535e-1,4.666666686535e-1,1.000000000000e0,4.666666388512e-1,4.666666984558e-1,1.000000000000e0,4.666666686535e-1,4.666666686535e-1,1.000000000000e0
3960,5.333333611488e-1,4.666666686535e-1,1.000000000000e0,5.333334207535e-1,4.666666388512e-1,1.000000000000e0,5.333333611488e-1,4.666666686535e-1,1.000000000000e0
3961,6.000000238419e-1,4.666666686535e-1,1.000000000000e0,6.000000238419e-1,4.666666686535e-1,1.000000000000e0,6.000000238419e-1,4.666666686535e-1,1.000000000000e0
3962,6.666666865349e-1,4.666666686535e-1,1.000000000000e0,6.666667461395e-1,4.666666686535e-1,1.000000000000e0,6.666666865349e-1,4.666666686535e-1,1.000000000000e0
3963,7.333333492279e-1,4.666666686535e-1,1.000000000000e0,7.333333492279e-1,4.666666388512e-1,1.000000000000e0,7.333333492279e-1,4.666666686535e-1,1.000000000000e0
3964,8.000000119209e-1,4.666666686535e-1,1.000000000000e0,8.000000119209e-1,4.666666388512e-1,1.000000000000e0,8.000000119209e-1,4.666666686535e-1,1.000000000000e0
3965,8.666666746140e-1,4.666666686535e-1,1.000000000000e0,8.666667342186e-1,4.666666984558e-1,1.000000000000e0,8.666666746140e-1,4.666666686535e-1,1.000000000000e0
3966,9.333333373070e-1,4.666666686535e-1,1.000000000000e0,9.333333373070e-1,4.666666388512e-1,1.000000000000e0,9.333333373070e-1,4.666666686535e-1,1.000000000000e0
3967,1.000000000000e0,4.666666686535e-1,1.000000000000e0,1.000000000000e0,4.666666388512e-1,1.000000000000e0,1.000000000000e0,4.666666686535e-1,1.000000000000e0
3968,0.000000000000e0,5.333333611488e-1,1.000000000000e0,0.000000000000e0,5.333333611488e-1,1.000000000000e0,0.000000000000e0,5.333333611488e-1,1.000000000000e0
3969,6.666667014360e-2,5.333333611488e-1,1.000000000000e0,6.666671484709e-2,5.333333611488e-1,1.000000000000e0,6.666667014360e-2,5.333333611488e-1,1.000000000000e0
3970,1.333333402872e-1,5.333333611488e-1,1.000000000000e0,1.333333253860e-1,5.333333611488e-1,1.000000000000e0,1.333333402872e-1,5.333333611488e-1,1.000000000000e0
3971,2.000000029802e-1,5.333333611488e-1,1.000000000000e0,2.000000178814e-1,5.333333611488e-1,9.999999403954e-1,2.000000029802e-1,5.333333611488e-1,1.000000000000e0
3972,2.666666805744e-1,5.333333611488e-1,1.000000000000e0,2.666666805744e-1,5.333333611488e-1,1.000000000000e0,2.666666805744e-1,5.333333611488e-1,1.000000000000e0
3973,3.333333432674e-1,5.333333611488e-1,1.000000000000e0,3.333333134651e-1,5.333333611488e-1,9.999999403954e-1,3.333333432674e-1,5.333333611488e-1,1.000000000000e0
3974,4.000000059605e-1,5.333333611488e-1,1.000000000000e0,4.000000059605e-1,5.333333611488e-1,1.000000000000e0,4.000000059605e-1,5.333333611488e-1,1.000000000000e0
3975,4.666666686535e-1,5.333333611488e-1,1.000000000000e0,4.666666388512e-1,5.333333611488e-1,1.000000000000e0,4.666666686535e-1,5.333333611488e-1,1.000000000000e0
3976,5.333333611488e-1,5.333333611488e-1,1.000000000000e0,5.333333611488e-1,5.333333611488e-1,1.000000000000e0,5.333333611488e-1,5.333333611488e-1,1.000000000000e0
3977,6.000000238419e-1,5.333333611488e-1,1.000000000000e0,6.000000238419e-1,5.333333611488e-1,1.000000000000e0,6.000000238419e-1,5.333333611488e-1,1.000000000000e0
3978,6.666666865349e-1,5.333333611488e-1,1.000000000000e0,6.666666865349e-1,5.333333611488e-1,1.000000000000e0,6.666666865349e-1,5.333333611488e-1,1.000000000000e0
3979,7.333333492279e-1,5.333333611488e-1,1.000000000000e0,7.333333492279e-1,5.333333611488e-1,1.000000000000e0,7.333333492279e-1,5.333333611488e-1,1.000000000000e0
3980,8.000000119209e-1,5.333333611488e-1,1.000000000000e0,8.000000119209e-1,5.333333611488e-1,1.000000000000e0,8.000000119209e-1,5.333333611488e-1,1.000000000000e0
3981,8.666666746140e-1,5.333333611488e-1,1.000000000000e0,8.666666746140e-1,5.333333611488e-1,1.000000000000e0,8.666666746140e-1,5.333333611488e-1,1.000000000000e0
3982,9.333333373070e-1,5.333333611488e-1,1.000000000000e0,9.333333969116e-1,5.333333611488e-1,1.000000000000e0,9.333333373070e-1,5.333333611488e-1,1.000000000000e0
3983,1.000000000000e0,5.333333611488e-1,1.000000000000e0,1.000000000000e0,5.333333611488e-1,1.000000000000e0,1.000000000000e0,5.333333611488e-1,1.000000000000e0
3984,0.000000000000e0,6.000000238419e-1,1.000000000000e0,0.000000000000e0,6.000000238419e-1,1.000000000000e0,4.573686218202e-16,6.000000238419e-1,1.000000000000e0
3985,6.666667014360e-2,6.000000238419e-1,1.000000000000e0,6.666666269302e-2,6.000000238419e-1,1.000000000000e0,6.666667014360e-2,6.000000238419e-1,1.000000000000e0
3986,1.333333402872e-1,6.000000238419e-1,1.000000000000e0,1.333333402872e-1,6.000000238419e-1,9.999998807907e-1,1.333333402872e-1,6.000000238419e-1,1.000000000000e0
3987,2.000000029802e-1,6.000000238419e-1,1.000000000000e0,2.000001519918e-1,6.000000238419e-1,1.000000000000e0,2.000000029802e-1,6.000000238419e-1,1.000000000000e0
3988,2.666666805744e-1,6.000000238419e-1,1.000000000000e0,2.666666805744e-1,6.000000238419e-1,1.000000000000e0,2.666666805744e-1,6.000000238419e-1,1.000000000000e0
3989,3.333333432674e-1,6.000000238419e-1,1.000000000000e0,3.333334326744e-1,6.000000238419e-1,1.000000000000e0,3.333333432674e-1,6.000000238419e-1,1.000000000000e0
3990,4.000000059605e-1,6.000000238419e-1,1.000000000000e0,4.000000655651e-1,6.000000238419e-1,1.000000000000e0,4.000000059605e-1,6.000000238419e-1,1.000000000000e0
3991,4.666666686535e-1,6.000000238419e-1,1.000000000000e0,4.666666984558e-1,6.000000238419e-1,1.000000000000e0,4.666666686535e-1,6.000000238419e-1,1.000000000000e0
3992,5.333333611488e-1,6.000000238419e-1,1.000000000000e0,5.333334207535e-1,6.000000238419e-1,1.000000000000e0,5.333333611488e-1,6.000000238419e-1,1.000000000000e0
3993,6.000000238419e-1,6.000000238419e-1,1.000000000000e0,6.000000238419e-1,6.000000238419e-1,1.000000000000e0,6.000000238419e-1,6.000000238419e-1,1.000000000000e0
3994,6.666666865349e-1,6.000000238419e-1,1.000000000000e0,6.666666865349e-1,6.000000238419e-1,1.000000000000e0,6.666666865349e-1,6.000000238419e-1,1.000000000000e0
3995,7.333333492279e-1,6.000000238419e-1,1.000000000000e0,7.333333492279e-1,6.000000238419e-1,1.000000000000e0,7.333333492279e-1,6.000000238419e-1,1.000000000000e0
3996,8.000000119209e-1,6.000000238419e-1,1.000000000000e0,8.000000119209e-1,6.000000238419e-1,1.000000000000e0,8.000000119209e-1,6.000000238419e-1,1.000000000000e0
3997,8.666666746140e-1,6.000000238419e-1,1.000000000000e0,8.666666150093e-1,6.000000834465e-1,1.000000000000e0,8.666666746140e-1,6.000000238419e-1,1.000000000000e0
3998,9.333333373070e-1,6.000000238419e-1,1.000000000000e0,9.333333373070e-1,6.000000238419e-1,1.000000000000e0,9.333333373070e-1,6.000000238419e-1,1.000000000000e0
3999,1.000000000000e0,6.000000238419e-1,1.000000000000e0,1.000000000000e0,6.000000238419e-1,1.000000000000e0,1.000000000000e0,6.000000238419e-1,1.000000000000e0
4000,0.000000000000e0,6.666666865349e-1,1.000000000000e0,0.000000000000e0,6.666666865349e-1,1.000000000000e0,2.575482291372e-16,6.666666865349e-1,1.000000000000e0
4001,6.666667014360e-2,6.666666865349e-1,1.000000000000e0,6.666728109121e-2,6.666667461395e-1,1.000000000000e0,6.666667014360e-2,6.666666865349e-1,1.000000000000e0
4002,1.333333402872e-1,6.666666865349e-1,1.000000000000e0,1.333336532116e-1,6.666667461395e-1,1.000000000000e0,1.333333402872e-1,6.666666865349e-1,1.000000000000e0
4003,2.000000029802e-1,6.666666865349e-1,1.000000000000e0,2.000000029802e-1,6.666666865349e-1,1.000000000000e0,2.000000029802e-1,6.666666865349e-1,1.000000000000e0
4004,2.666666805744e-1,6.666666865349e-1,1.000000000000e0,2.666666805744e-1,6.666666865349e-1,1.000000000000e0,2.666666805744e-1,6.666666865349e-1,1.000000000000e0
4005,3.333333432674e-1,6.666666865349e-1,1.000000000000e0,3.333333730698e-1,6.666666865349e-1,9.999999403954e-1,3.333333432674e-1,6.666666865349e-1,1.000000000000e0
4006,4.000000059605e-1,6.666666865349e-1,1.000000000000e0,4.000000059605e-1,6.666666865349e-1,1.000000000000e0,4.000000059605e-1,6.666666865349e-1,1.000000000000e0
4007,4.666666686535e-1,6.666666865349e-1,1.000000000000e0,4.666666686535e-1,6.666666865349e-1,1.000000000000e0,4.666666686535e-1,6.666666865349e-1,1.000000000000e0
4008,5.333333611488e-1,6.666666865349e-1,1.000000000000e0,5.333333611488e-1,6.666666865349e-1,1.000000000000e0,5.333333611488e-1,6.666666865349e-1,1.000000000000e0
4009,6.000000238419e-1,6.666666865349e-1,1.000000000000e0,6.000000834465e-1,6.666666865349e-1,1.000000000000e0,6.000000238419e-1,6.666666865349e-1,1.000000000000e0
4010,6.666666865349e-1,6.666666865349e-1,1.000000000000e0,6.666666865349e-1,6.666666865349e-1,1.000000000000e0,6.666666865349e-1,6.666666865349e-1,1.000000000000e0
4011,7.333333492279e-1,6.666666865349e-1,1.000000000000e0,7.333333492279e-1,6.666666865349e-1,1.000000000000e0,7.333333492279e-1,6.666666865349e-1,1.000000000000e0
4012,8.000000119209e-1,6.666666865349e-1,1.000000000000e0,8.000000119209e-1,6.666666865349e-1,1.000000000000e0,8.000000119209e-1,6.666666865349e-1,1.000000000000e0
4013,8.666666746140e-1,6.666666865349e-1,1.000000000000e0,8.666667342186e-1,6.666666865349e-1,1.000000000000e0,8.666666746140e-1,6.666666865349e-1,1.000000000000e0
4014,9.333333373070e-1,6.666666865349e-1,1.000000000000e0,9.333333373070e-1,6.666666269302e-1,1.000000000000e0,9.333333373070e-1,6.666666865349e-1,1.000000000000e0
4015,1.000000000000e0,6.666666865349e-1,1.000000000000e0,1.000000000000e0,6.666666865349e-1,1.000000000000e0,1.000000000000e0,6.666666865349e-1,1.000000000000e0
4016,0.000000000000e0,7.333333492279e-1,1.000000000000e0,0.000000000000e0,7.333333492279e-1,1.000000000000e0,0.000000000000e0,7.333333492279e-1,1.000000000000e0
4017,6.666667014360e-2,7.333333492279e-1,1.000000000000e0,6.666755676270e-2,7.333333492279e-1,1.000000000000e0,6.666667014360e-2,7.333333492279e-1,1.000000000000e0
4018,1.333333402872e-1,7.333333492279e-1,1.000000000000e0,1.333337575197e-1,7.333333492279e-1,1.000000000000e0,1.333333402872e-1,7.333333492279e-1,1.000000000000e0
4019,2.000000029802e-1,7.333333492279e-1,1.000000000000e0,1.999999731779e-1,7.333333492279e-1,1.000000000000e0,2.000000029802e-1,7.333333492279e-1,1.000000000000e0
4020,2.666666805744e-1,7.333333492279e-1,1.000000000000e0,2.666666805744e-1,7.333333492279e-1,1.000000000000e0,2.666666805744e-1,7.333333492279e-1,1.000000000000e0
4021,3.333333432674e-1,7.333333492279e-1,1.000000000000e0,3.333333432674e-1,7.333333492279e-1,1.000000000000e0,3.333333432674e-1,7.333333492279e-1,1.000000000000e0
4022,4.000000059605e-1,7.333333492279e-1,1.000000000000e0,3.999999761581e-1,7.333333492279e-1,1.000000000000e0,4.000000059605e-1,7.333333492279e-1,1.000000000000e0
4023,4.666666686535e-1,7.333333492279e-1,1.000000000000e0,4.666666388512e-1,7.333333492279e-1,1.000000000000e0,4.666666686535e-1,7.333333492279e-1,1.000000000000e0
4024,5.333333611488e-1,7.333333492279e-1,1.000000000000e0,5.333333611488e-1,7.333333492279e-1,1.000000000000e0,5.333333611488e-1,7.333333492279e-1,1.000000000000e0
4025,6.000000238419e-1,7.333333492279e-1,1.000000000000e0,6.000000238419e-1,7.333333492279e-1,1.000000000000e0,6.000000238419e-1,7.333333492279e-1,1.000000000000e0
4026,6.666666865349e-1,7.333333492279e-1,1.000000000000e0,6.666666865349e-1,7.333333492279e-1,1.000000000000e0,6.666666865349e-1,7.333333492279e-1,1.000000000000e0
4027,7.333333492279e-1,7.333333492279e-1,1.000000000000e0,7.333333492279e-1,7.333333492279e-1,1.000000000000e0,7.333333492279e-1,7.333333492279e-1,1.000000000000e0
4028,8.000000119209e-1,7.333333492279e-1,1.000000000000e0,8.000000119209e-1,7.333333492279e-1,1.000000000000e0,8.000000119209e-1,7.333333492279e-1,1.000000000000e0
4029,8.666666746140e-1,7.333333492279e-1,1.000000000000e0,8.666666746140e-1,7.333333492279e-1,1.000000000000e0,8.666666746140e-1,7.333333492279e-1,1.000000000000e0
4030,9.333333373070e-1,7.333333492279e-1,1.000000000000e0,9.333333373070e-1,7.333333492279e-1,1.000000000000e0,9.333333373070e-1,7.333333492279e-1,1.000000000000e0
4031,1.000000000000e0,7.333333492279e-1,1.000000000000e0,1.000000000000e0,7.333333492279e-1,1.000000000000e0,1.000000000000e0,7.333333492279e-1,1.000000000000e0
4032,0.000000000000e0,8.000000119209e-1,1.000000000000e0,5.254900159457e-8,8.000000119209e-1,1.000000000000e0,8.930031458375e-17,8.000000119209e-1,1.000000000000e0
4033,6.666667014360e-2,8.000000119209e-1,1.000000000000e0,6.666667759418e-2,8.000000119209e-1,1.000000000000e0,6.666667014360e-2,8.000000119209e-1,1.000000000000e0
4034,1.333333402872e-1,8.000000119209e-1,1.000000000000e0,1.333339214325e-1,8.000000119209e-1,1.000000000000e0,1.333333402872e-1,8.000000119209e-1,1.000000000000e0
4035,2.000000029802e-1,8.000000119209e-1,1.000000000000e0,2.000000178814e-1,8.000000119209e-1,1.000000000000e0,2.000000029802e-1,8.000000119209e-1,1.000000000000e0
4036,2.666666805744e-1,8.000000119209e-1,1.000000000000e0,2.666666805744e-1,8.000000119209e-1,1.000000000000e0,2.666666805744e-1,8.000000119209e-1,1.000000000000e0
4037,3.333333432674e-1,8.000000119209e-1,1.000000000000e0,3.333332836628e-1,8.000000119209e-1,9.999999403954e-1,3.333333432674e-1,8.000000119209e-1,1.000000000000e0
4038,4.000000059605e-1,8.000000119209e-1,1.000000000000e0,4.000000059605e-1,8.000000119209e-1,9.999999403954e-1,4.000000059605e-1,8.000000119209e-1,1.000000000000e0
4039,4.666666686535e-1,8.000000119209e-1,1.000000000000e0,4.666666686535e-1,8.000000119209e-1,9.999998807907e-1,4.666666686535e-1,8.000000119209e-1,1.000000000000e0
4040,5.333333611488e-1,8.000000119209e-1,1.000000000000e0,5.333333611488e-1,8.000000119209e-1,1.000000000000e0,5.333333611488e-1,8.000000119209e-1,1.000000000000e0
4041,6.000000238419e-1,8.000000119209e-1,1.000000000000e0,6.000000238419e-1,8.000000119209e-1,1.000000000000e0,6.000000238419e-1,8.000000119209e-1,1.000000000000e0
4042,6.666666865349e-1,8.000000119209e-1,1.000000000000e0,6.666666865349e-1,8.000000715256e-1,1.000000000000e0,6.666666865349e-1,8.000000119209e-1,1.000000000000e0
4043,7.333333492279e-1,8.000000119209e-1,1.000000000000e0,7.333333492279e-1,8.000000119209e-1,1.000000000000e0,7.333333492279e-1,8.000000119209e-1,1.000000000000e0
4044,8.000000119209e-1,8.000000119209e-1,1.000000000000e0,8.000000119209e-1,8.000000119209e-1,1.000000000000e0,8.000000119209e-1,8.000000119209e-1,1.000000000000e0
4045,8.666666746140e-1,8.000000119209e-1,1.000000000000e0,8.666666746140e-1,8.000000119209e-1,1.000000000000e0,8.666666746140e-1,8.000000119209e-1,1.000000000000e0
4046,9.333333373070e-1,8.000000119209e-1,1.000000000000e0,9.333333373070e-1,8.000000119209e-1,1.000000000000e0,9.333333373070e-1,8.000000119209e-1,1.000000000000e0
4047,1.000000000000e0,8.000000119209e-1,1.000000000000e0,1.000000000000e0,8.000000119209e-1,1.000000000000e0,1.000000000000e0,8.000000119209e-1,1.000000000000e0
4048,0.000000000000e0,8.666666746140e-1,1.000000000000e0,1.197628449745e-7,8.666667342186e-1,1.000000000000e0,0.000000000000e0,8.666666746140e-1,1.000000000000e0
4049,6.666667014360e-2,8.666666746140e-1,1.000000000000e0,6.666668504477e-2,8.666666746140e-1,1.000000000000e0,6.666667014360e-2,8.666666746140e-1,1.000000000000e0
4050,1.333333402872e-1,8.666666746140e-1,1.000000000000e0,1.333332955837e-1,8.666666746140e-1,9.999999403954e-1,1.333333402872e-1,8.666666746140e-1,1.000000000000e0
4051,2.000000029802e-1,8.666666746140e-1,1.000000000000e0,2.000005692244e-1,8.666666746140e-1,1.000000000000e0,2.000000029802e-1,8.666666746140e-1,1.000000000000e0
4052,2.666666805744e-1,8.666666746140e-1,1.000000000000e0,2.666667103767e-1,8.666667342186e-1,1.000000000000e0,2.666666805744e-1,8.666666746140e-1,1.000000000000e0
4053,3.333333432674e-1,8.666666746140e-1,1.000000000000e0,3.333333730698e-1,8.666666746140e-1,1.000000000000e0,3.333333432674e-1,8.666666746140e-1,1.000000000000e0
4054,4.000000059605e-1,8.666666746140e-1,1.000000000000e0,3.999999761581e-1,8.666666150093e-1,1.000000000000e0,4.000000059605e-1,8.666666746140e-1,1.000000000000e0
4055,4.666666686535e-1,8.666666746140e-1,1.000000000000e0,4.666666984558e-1,8.666666746140e-1,1.000000000000e0,4.666666686535e-1,8.666666746140e-1,1.000000000000e0
4056,5.333333611488e-1,8.666666746140e-1,1.000000000000e0,5.333333611488e-1,8.666666746140e-1,1.000000000000e0,5.333333611488e-1,8.666666746140e-1,1.000000000000e0
4057,6.000000238419e-1,8.666666746140e-1,1.000000000000e0,6.000000238419e-1,8.666666746140e-1,1.000000000000e0,6.000000238419e-1,8.666666746140e-1,1.000000000000e0
4058,6.666666865349e-1,8.666666746140e-1,1.000000000000e0,6.666666865349e-1,8.666666746140e-1,1.000000000000e0,6.666666865349e-1,8.666666746140e-1,1.000000000000e0
4059,7.333333492279e-1,8.666666746140e-1,1.000000000000e0,7.333334088326e-1,8.666666746140e-1,1.000000000000e0,7.333333492279e-1,8.666666746140e-1,1.000000000000e0
4060,8.000000119209e-1,8.666666746140e-1,1.000000000000e0,8.000000715256e-1,8.666666746140e-1,1.000000000000e0,8.000000119209e-1,8.666666746140e-1,1.000000000000e0
4061,8.666666746140e-1,8.666666746140e-1,1.000000000000e0,8.666666746140e-1,8.666666746140e-1,1.000000000000e0,8.666666746140e-1,8.666666746140e-1,1.000000000000e0
4062,9.333333373070e-1,8.666666746140e-1,1.000000000000e0,9.333333373070e-1,8.666667342186e-1,1.000000000000e0,9.333333373070e-1,8.666666746140e-1,1.000000000000e0
4063,1.000000000000e0,8.666666746140e-1,1.000000000000e0,1.000000000000e0,8.666666746140e-1,1.000000000000e0,1.000000000000e0,8.666666746140e-1,1.000000000000e0
4064,0.000000000000e0,9.333333373070e-1,1.000000000000e0,0.000000000000e0,9.333333373070e-1,9.999999403954e-1,7.172040569672e-15,9.333333373070e-1,1.000000000000e0
4065,6.666667014360e-2,9.333333373070e-1,1.000000000000e0,6.666926294565e-2,9.333332777023e-1,1.000000000000e0,6.666667014360e-2,9.333333373070e-1,1.000000000000e0
4066,1.333333402872e-1,9.333333373070e-1,1.000000000000e0,1.333333551884e-1,9.333333373070e-1,1.000000000000e0,1.333333402872e-1,9.333333373070e-1,1.000000000000e0
4067,2.000000029802e-1,9.333333373070e-1,1.000000000000e0,2.000000923872e-1,9.333333373070e-1,1.000000000000e0,2.000000029802e-1,9.333333373070e-1,1.000000000000e0
4068,2.666666805744e-1,9.333333373070e-1,1.000000000000e0,2.666667103767e-1,9.333333373070e-1,1.000000000000e0,2.666666805744e-1,9.333333373070e-1,1.000000000000e0
4069,3.333333432674e-1,9.333333373070e-1,1.000000000000e0,3.333332836628e-1,9.333333373070e-1,1.000000000000e0,3.333333432674e-1,9.333333373070e-1,1.000000000000e0
4070,4.000000059605e-1,9.333333373070e-1,1.000000000000e0,4.000000059605e-1,9.333333373070e-1,1.000000000000e0,4.000000059605e-1,9.333333373070e-1,1.000000000000e0
4071,4.666666686535e-1,9.333333373070e-1,1.000000000000e0,4.666666388512e-1,9.333333373070e-1,1.000000000000e0,4.666666686535e-1,9.333333373070e-1,1.000000000000e0
4072,5.333333611488e-1,9.333333373070e-1,1.000000000000e0,5.333333611488e-1,9.333333373070e-1,1.000000000000e0,5.333333611488e-1,9.333333373070e-1,1.000000000000e0
4073,6.000000238419e-1,9.333333373070e-1,1.000000000000e0,6.000000238419e-1,9.333333373070e-1,9.999999403954e-1,6.000000238419e-1,9.333333373070e-1,1.000000000000e0
4074,6.666666865349e-1,9.333333373070e-1,1.000000000000e0,6.666666865349e-1,9.333333373070e-1,1.000000000000e0,6.666666865349e-1,9.333333373070e-1,1.000000000000e0
4075,7.333333492279e-1,9.333333373070e-1,1.000000000000e0,7.333333492279e-1,9.333333373070e-1,1.000000000000e0,7.333333492279e-1,9.333333373070e-1,1.000000000000e0
4076,8.000000119209e-1,9.333333373070e-1,1.000000000000e0,8.000000119209e-1,9.333333373070e-1,1.000000000000e0,8.000000119209e-1,9.333333373070e-1,1.000000000000e0
4077,8.666666746140e-1,9.333333373070e-1,1.000000000000e0,8.666666746140e-1,9.333333373070e-1,9.999999403954e-1,8.666666746140e-1,9.333333373070e-1,1.000000000000e0
4078,9.333333373070e-1,9.333333373070e-1,1.000000000000e0,9.333333373070e-1,9.333333373070e-1,1.000000000000e0,9.333333373070e-1,9.333333373070e-1,1.000000000000e0
4079,1.000000000000e0,9.333333373070e-1,1.000000000000e0,1.000000000000e0,9.333333373070e-1,1.000000000000e0,1.000000000000e0,9.333333373070e-1,1.000000000000e0
4080,0.000000000000e0,1.000000000000e0,1.000000000000e0,1.337226418485e-8,1.000000000000e0,1.000000000000e0,1.004085730576e-14,1.000000000000e0,1.000000000000e0
4081,6.666667014360e-2,1.000000000000e0,1.000000000000e0,6.666694581509e-2,1.000000000000e0,9.999999403954e-1,6.666667014360e-2,1.000000000000e0,1.000000000000e0
4082,1.333333402872e-1,1.000000000000e0,1.000000000000e0,1.333336234093e-1,9.999999403954e-1,1.000000000000e0,1.333333402872e-1,1.000000000000e0,1.000000000000e0
4083,2.000000029802e-1,1.000000000000e0,1.000000000000e0,2.000016272068e-1,9.999999403954e-1,1.000000000000e0,2.000000029802e-1,1.000000000000e0,1.000000000000e0
4084,2.666666805744e-1,1.000000000000e0,1.000000000000e0,2.666666805744e-1,1.000000000000e0,1.000000000000e0,2.666666805744e-1,1.000000000000e0,1.000000000000e0
4085,3.333333432674e-1,1.000000000000e0,1.000000000000e0,3.333333432674e-1,1.000000000000e0,1.000000000000e0,3.333333432674e-1,1.000000000000e0,1.000000000000e0
4086,4.000000059605e-1,1.000000000000e0,1.000000000000e0,4.000000357628e-1,1.000000000000e0,1.000000000000e0,4.000000059605e-1,1.000000000000e0,1.000000000000e0
4087,4.666666686535e-1,1.000000000000e0,1.000000000000e0,4.666671454906e-1,9.999999403954e-1,1.000000000000e0,4.666666686535e-1,1.000000000000e0,1.000000000000e0
4088,5.333333611488e-1,1.000000000000e0,1.000000000000e0,5.333333611488e-1,1.000000000000e0,1.000000000000e0,5.333333611488e-1,1.000000000000e0,1.000000000000e0
4089,6.000000238419e-1,1.000000000000e0,1.000000000000e0,6.000000238419e-1,1.000000000000e0,1.000000000000e0,6.000000238419e-1,1.000000000000e0,1.000000000000e0
4090,6.666666865349e-1,1.000000000000e0,1.000000000000e0,6.666666865349e-1,1.000000000000e0,1.000000000000e0,6.666666865349e-1,1.000000000000e0,1.000000000000e0
4091,7.333333492279e-1,1.000000000000e0,1.000000000000e0,7.333333492279e-1,1.000000000000e0,1.000000000000e0,7.333333492279e-1,1.000000000000e0,1.000000000000e0
4092,8.000000119209e-1,1.000000000000e0,1.000000000000e0,8.000000119209e-1,1.000000000000e0,1.000000000000e0,8.000000119209e-1,1.000000000000e0,1.000000000000e0
4093,8.666666746140e-1,1.000000000000e0,1.000000000000e0,8.666669130325e-1,1.000000000000e0,9.999999403954e-1,8.666666746140e-1,1.000000000000e0,1.000000000000e0
4094,9.333333373070e-1,1.000000000000e0,1.000000000000e0,9.333337545395e-1,1.000000000000e0,9.999998807907e-1,9.333333373070e-1,1.000000000000e0,1.000000000000e0
4095,1.000000000000e0,1.000000000000e0,1.000000000000e0,1.000000000000e0,1.000000000000e0,1.000000000000e0,1.000000000000e0,1.000000000000e0,1.000000000000e0
