id,r,g,b,new_r,new_g,new_b,old_r,old_g,old_b,new_min_dy,old_min_dy,new_max_step
0,0.000000000000e0,0.000000000000e0,0.000000000000e0,6.518685817719e-1,6.518686413765e-1,6.518687009811e-1,5.546384453773e-1,5.546385049820e-1,5.546385049820e-1,6.813484368134e-4,4.655355580393e-4,9.996695886571e0
1,8.253505229950e-1,1.887573599815e-1,2.307867407799e-1,9.325459599495e-1,5.651566982269e-1,5.946612358093e-1,9.920279979706e-1,6.494932174683e-1,4.723325073719e-1,4.680228628152e-4,5.940493905147e-4,1.180633617718e0
2,7.816296815872e-1,9.660510420799e-1,8.367503881454e-1,8.529943823814e-1,9.779184460640e-1,8.900376558304e-1,8.732644319534e-1,9.828601479530e-1,8.976202607155e-1,9.482467289690e-5,1.297896250637e-4,2.641294709101e-1
3,2.978041768074e-1,5.149896740913e-1,5.391256809235e-1,6.197137236595e-1,7.440179586411e-1,7.570232152939e-1,5.798484086990e-1,7.427928447723e-1,7.612877488136e-1,5.404688111790e-4,5.281841323158e-4,8.800397357254e-1
4,5.321443080902e-3,1.280583739281e-1,4.880737066269e-1,5.132016539574e-1,6.445799469948e-1,8.269771933556e-1,5.107092261314e-1,6.059514284134e-1,6.954319477081e-1,6.286697459078e-4,5.323650396144e-4,1.185847917268e0
5,9.540736079216e-1,8.497327566147e-2,1.582446098328e-1,1.000000000000e0,4.922839105129e-1,5.484538674355e-1,1.000000000000e0,6.588085889816e-1,5.170418620110e-1,3.293646319182e-4,5.593807798093e-4,1.445981590355e0
6,4.875418543816e-1,9.368902444839e-2,9.540920257568e-1,7.545219063759e-1,5.820461511612e-1,9.885794520378e-1,5.076887011528e-1,7.212930917740e-1,9.954188466072e-1,5.442191178865e-4,6.327840500501e-4,1.207449117567e0
7,6.532636284828e-1,4.951025247574e-1,3.692100644112e-1,8.113406896591e-1,7.214127182961e-1,6.473619937897e-1,8.190371394157e-1,7.022706270218e-1,5.846168398857e-1,5.095290914572e-4,4.489278313189e-4,8.084407233826e-1
8,3.684136867523e-1,3.446336984634e-1,5.872235298157e-1,6.838614940643e-1,6.736522316933e-1,8.017825484276e-1,6.105607748032e-1,6.634083390236e-1,7.477394342422e-1,5.949330985368e-4,5.235751689000e-4,9.514154391899e-1
9,9.538190960884e-1,3.459492921829e-1,1.675984263420e-1,9.874296784401e-1,6.422168612480e-1,5.355713963509e-1,1.000000000000e0,6.996300220490e-1,5.297257304192e-1,4.415784753367e-4,5.159351290740e-4,9.726306061429e-1
10,3.869508504868e-1,2.485555410385e-2,4.944626688957e-1,7.658922076225e-1,5.505279302597e-1,8.093119859695e-1,6.643173098564e-1,6.150746941566e-1,6.977418661118e-1,5.804462403264e-4,6.132810472671e-4,1.272254876303e0
11,5.792638659477e-1,9.662433862686e-1,3.429291844368e-1,7.445234060287e-1,9.843824505806e-1,6.004021763802e-1,8.090935945511e-1,9.954916238785e-1,6.519098877907e-1,1.790194924709e-4,2.121263803143e-4,7.050350569690e-1
12,1.053114533424e-1,7.505763173103e-1,7.131199836731e-1,5.007203221321e-1,8.619774580002e-1,8.382577896118e-1,6.179466843605e-1,8.945736289024e-1,8.773658871651e-1,3.782545125292e-4,4.662512466199e-4,8.855622168349e-1
13,9.472919106483e-1,5.686410069466e-1,4.800003170967e-1,9.731931686401e-1,7.411608099937e-1,6.869414448738e-1,9.995635151863e-1,7.510997653008e-1,6.153404712677e-1,3.714214407698e-4,4.033930388457e-4,6.908532672572e-1
14,7.415057420731e-1,3.327910304070e-1,2.672014832497e-1,8.759421706200e-1,6.475242376328e-1,6.072070002556e-1,9.547283649445e-1,6.785777807236e-1,4.980133771896e-1,5.300420455400e-4,5.835478110671e-4,9.526034930483e-1
15,5.295868515968e-1,8.442499041557e-1,3.016051650047e-1,7.189062833786e-1,9.122876524925e-1,5.805895924568e-1,7.835396528244e-1,9.419707059860e-1,6.238014698029e-1,3.109302651531e-4,3.653228379695e-4,7.642949651941e-1
16,8.040946722031e-1,3.263936638832e-1,3.299008011818e-1,9.069034457207e-1,6.350576281548e-1,6.369458436966e-1,9.815043807030e-1,6.796934008598e-1,5.131019949913e-1,5.000148262435e-4,5.680994028687e-4,9.686909432744e-1
17,9.298821091652e-1,5.872215032578e-1,3.154695630074e-1,9.635261893272e-1,7.613478899002e-1,5.992223620415e-1,9.940088987350e-1,7.722659111023e-1,5.560646057129e-1,3.943734911679e-4,4.381695245494e-4,7.044772439819e-1
18,1.438713073730e-1,6.408009529114e-1,7.181722521782e-1,5.214017629623e-1,8.052000999451e-1,8.473313450813e-1,5.821151733398e-1,8.386574983597e-1,8.850920200348e-1,4.564787907723e-4,5.369072154202e-4,9.084150286128e-1
19,1.839762926102e-2,3.738777041435e-1,1.850103139877e-1,4.938822686672e-1,7.191764116287e-1,5.975407958031e-1,5.471009612083e-1,7.265475392342e-1,6.231198310852e-1,5.988947352349e-4,6.572024560319e-4,1.157302048715e0
20,2.207155823708e-1,9.836444258690e-1,4.928037524223e-1,5.659769177437e-1,9.952726364136e-1,6.960796713829e-1,7.843171358109e-1,1.000000000000e0,8.036017417908e-1,1.680269738170e-4,1.970454107355e-4,7.307486101986e-1
21,6.574082374573e-1,1.304013729095e-1,7.467744946480e-1,8.476324081421e-1,5.679380893707e-1,8.854097723961e-1,8.418039083481e-1,7.241550087929e-1,8.846660852432e-1,5.252867339938e-4,6.782304427241e-4,1.196768210965e0
22,7.216250300407e-1,4.343334436417e-1,9.901631474495e-1,8.426180481911e-1,6.824181675911e-1,9.980931878090e-1,9.045555591583e-1,8.167547583580e-1,9.990351796150e-1,4.568809805258e-4,5.610212947860e-4,8.834343364138e-1
23,4.648496508598e-1,2.374923825264e-1,8.039624691010e-1,7.401334643364e-1,6.291558146477e-1,9.139948487282e-1,7.455323934555e-1,7.248147726059e-1,9.031435847282e-1,5.805378267620e-4,6.865647889981e-4,1.044786890620e0
24,6.400776505470e-1,7.500029802322e-1,2.787757515907e-1,7.870869040489e-1,8.576776981354e-1,5.726658701897e-1,8.352099061012e-1,9.053406715393e-1,5.958666205406e-1,3.765129202277e-4,4.308542558399e-4,7.291383797102e-1
25,2.245109081268e-1,8.596370220184e-1,1.538658142090e-1,5.618665814400e-1,9.272165894508e-1,4.955282509327e-1,7.190635800362e-1,9.588513970375e-1,6.096677780151e-1,3.094923674597e-4,3.598360661359e-4,1.082419601913e0
26,2.911826372147e-1,4.205948710442e-1,9.798277616501e-1,6.165608167648e-1,7.012356519699e-1,9.951541423798e-1,4.483778774738e-1,7.661658525467e-1,1.000000000000e0,5.334929915574e-4,5.605523268851e-4,9.748103499976e-1
27,8.297623991966e-1,8.350809812546e-1,7.982730865479e-1,8.856028318405e-1,8.892568945885e-1,8.640703558922e-1,8.941996097565e-1,8.980918526649e-1,8.718989491463e-1,1.853078135730e-4,2.123720131070e-4,3.528682715773e-1
28,3.852986693382e-1,3.013963103294e-1,9.478896856308e-2,7.216000556946e-1,6.794808506966e-1,5.292714238167e-1,7.403747439384e-1,6.629814505577e-1,5.105735659599e-1,6.257420257407e-4,6.374715858501e-4,1.003769213250e0
29,6.129187941551e-1,2.467410564423e-1,8.837869763374e-1,8.068212866783e-1,6.197476983070e-1,9.483764767647e-1,8.403269648552e-1,7.511842250824e-1,9.567947983742e-1,5.387872832141e-4,6.532256534889e-4,1.055790644807e0
30,5.124076604843e-1,1.036314368248e-1,8.757756948471e-1,7.724211812019e-1,5.801313519478e-1,9.523124694824e-1,7.833781838417e-1,7.104466557503e-1,9.300680756569e-1,5.508023215597e-4,6.948027635804e-4,1.201121184872e0
31,2.297386527061e-1,3.245159983635e-1,6.217476725578e-1,6.173649430275e-1,6.798284649849e-1,8.298386931419e-1,4.680068194866e-1,7.137283086777e-1,8.482512831688e-1,6.088294793770e-4,6.217224243038e-4,9.898889387300e-1
32,7.157069444656e-2,4.459384083748e-1,3.822464346886e-1,5.063468813896e-1,7.334242463112e-1,6.969194412231e-1,5.301169753075e-1,7.669515013695e-1,7.193599939346e-1,5.721490822866e-4,6.382986107383e-4,1.070591822767e0
33,3.539656996727e-1,7.066780328751e-2,6.389057636261e-1,7.275310158730e-1,5.815923810005e-1,8.630552887917e-1,6.577987670898e-1,6.229160428047e-1,7.560941576958e-1,5.981730541928e-4,6.177002564050e-4,1.187612718455e0
34,3.720989823341e-1,6.118019819260e-1,1.362766027451e-1,6.534749865532e-1,7.963208556175e-1,5.021880865097e-1,7.123267054558e-1,8.665979504585e-1,5.803678631783e-1,5.010944015251e-4,5.575578096715e-4,9.852650149590e-1
35,7.067418098450e-1,6.804838180542e-1,9.794807434082e-1,8.117614388466e-1,7.966340184212e-1,9.886641502380e-1,8.518278598785e-1,8.567688465118e-1,9.984012246132e-1,3.081474745225e-4,4.489239856236e-4,6.311257904708e-1
36,1.300352811813e-1,1.704032421112e-1,7.343471646309e-1,5.773695707321e-1,6.352364420891e-1,9.007177948952e-1,4.363420605659e-1,6.906513571739e-1,8.906042575836e-1,6.104361016978e-4,6.535651335615e-4,1.146178002151e0
37,8.772462010384e-1,2.435577511787e-1,5.954622030258e-1,9.503391385078e-1,5.910646915436e-1,7.883099913597e-1,1.000000000000e0,6.762650609016e-1,6.282429695129e-1,4.610629924479e-4,5.647252652247e-4,1.080150036092e0
38,3.006758689880e-1,2.567721605301e-1,6.661937236786e-1,6.652961969376e-1,6.509935855865e-1,8.555920124054e-1,4.992031455040e-1,6.980839967728e-1,8.549708127975e-1,6.136038741174e-4,6.323763150097e-4,1.018226892145e0
39,8.869548439980e-1,9.057670235634e-1,2.282855510712e-1,9.303872585297e-1,9.490520358086e-1,5.437884330750e-1,9.490859508514e-1,9.661887884140e-1,6.119745373726e-1,1.893269645323e-4,2.129098593258e-4,7.023919316087e-1
40,2.354133725166e-1,2.656199932098e-1,2.282192111015e-1,6.545486450195e-1,6.737251281738e-1,6.496945619583e-1,5.950713753700e-1,6.277328729630e-1,5.865600109100e-1,6.438914202999e-4,5.373189717535e-4,9.853249119395e-1
41,8.712104558945e-1,2.539592385292e-1,6.767763495445e-1,9.455890059471e-1,5.973443984985e-1,8.313227295876e-1,9.666968584061e-1,7.588983178139e-1,8.445329070091e-1,4.624861392881e-4,5.964119361253e-4,1.066422608116e0
42,5.065244436264e-1,8.427093625069e-1,8.618763685226e-1,6.943176984787e-1,9.037822484970e-1,9.155890941620e-1,7.083953022957e-1,9.154224395752e-1,9.281557202339e-1,2.686086259814e-4,3.138589401021e-4,5.141398405763e-1
43,9.662463068962e-1,2.056677341461e-1,8.880912661552e-1,9.974212646484e-1,5.742622017860e-1,9.448752403259e-1,1.000000000000e0,7.835007309914e-1,9.476134181023e-1,3.942031539572e-4,5.763751801826e-4,1.128546981120e0
44,1.562968492508e-1,6.113889813423e-1,9.001517295837e-1,5.317247509956e-1,7.895818352699e-1,9.494194388390e-1,5.532149076462e-1,8.384870886803e-1,9.761808514595e-1,4.584242080399e-4,5.309424551584e-4,9.063392802885e-1
45,1.320789456367e-1,9.973444342613e-1,8.875539302826e-1,5.425903201103e-1,1.000000000000e0,9.348202347755e-1,7.895097136497e-1,1.000000000000e0,9.621829986572e-1,1.171489967754e-4,1.637866580682e-4,6.427878448043e-1
46,2.377249002457e-1,9.035599827766e-1,8.823505640030e-1,5.604296922684e-1,9.459256529808e-1,9.319636225700e-1,6.876159310341e-1,9.600318670273e-1,9.500629901886e-1,2.305311048090e-4,3.005731838819e-4,6.717608236536e-1
47,1.728441715240e-1,2.319616079330e-1,6.158678531647e-1,6.048466563225e-1,6.568027138710e-1,8.445920944214e-1,4.630446732044e-1,6.792380213737e-1,8.214796185493e-1,6.267813373045e-4,6.262097199993e-4,1.051470370063e0
48,2.938890457153e-2,2.180128693581e-1,7.848787307739e-2,5.319610834122e-1,6.896939277649e-1,5.688965916634e-1,5.592275857925e-1,5.927036404610e-1,5.659519433975e-1,6.442792259312e-4,4.839655443068e-4,1.142056245193e0
49,2.071071863174e-1,5.986346006393e-1,5.135440826416e-1,5.622489452362e-1,7.853295803070e-1,7.366192340851e-1,5.779204964638e-1,8.150671124458e-1,7.583103775978e-1,4.981765886622e-4,5.645037643608e-4,8.971023770333e-1
50,2.141001820564e-1,9.002278447151e-1,2.493202090263e-1,5.579177141190e-1,9.488428831100e-1,5.510746836662e-1,7.176740765572e-1,9.712422490120e-1,6.227867603302e-1,2.671021148494e-4,3.256892573192e-4,9.919531037504e-1
51,1.984831094742e-1,1.276656985283e-1,2.007226347923e-1,6.934825181961e-1,6.392023563385e-1,6.939041614532e-1,5.703643560410e-1,5.621591210365e-1,5.707027316093e-1,6.645513277719e-4,4.470820877590e-4,1.007984807600e0
52,6.808419227600e-1,2.008231282234e-1,1.649982333183e-1,8.650584816933e-1,5.917313098907e-1,5.678066015244e-1,9.227458834648e-1,6.400312781334e-1,4.611471593380e-1,5.406377448761e-4,6.203484052942e-4,1.116958182187e0
53,8.163784146309e-1,7.621299028397e-1,5.160071253777e-1,8.869476914406e-1,8.537012338638e-1,6.987937688828e-1,8.989203572273e-1,8.649688363075e-1,6.871853470802e-1,3.055726304709e-4,3.392620133325e-4,5.163515433047e-1
54,9.699578881264e-1,9.888952970505e-2,7.041028141975e-1,1.000000000000e0,5.263639688492e-1,8.454406261444e-1,1.000000000000e0,6.863503456116e-1,7.023450732231e-1,3.672047038930e-4,5.482809658183e-4,1.294300250749e0
55,5.395578145981e-1,9.934505820274e-1,7.084667086601e-1,7.127599716187e-1,9.977942705154e-1,8.148784041405e-1,7.812194228172e-1,1.000000000000e0,8.280774950981e-1,1.229582509079e-4,1.747765672319e-4,4.621246381219e-1
56,9.839916825294e-1,9.677158594131e-1,5.177663564682e-1,9.894362688065e-1,9.820111989975e-1,6.960483789444e-1,9.935105443001e-1,9.851442575455e-1,7.010282874107e-1,7.922940636040e-5,9.377816231082e-5,4.423367522974e-1
57,5.679374933243e-1,8.063522577286e-1,1.285437345505e-1,7.443314790726e-1,8.947483897209e-1,4.864130914211e-1,8.140515089035e-1,9.341057538986e-1,5.815032124519e-1,3.466447737777e-4,3.833346268264e-4,9.174427979485e-1
58,4.109360575676e-1,9.284951090813e-1,9.713400006294e-1,6.442322731018e-1,9.582603573799e-1,9.838061332703e-1,7.126837968826e-1,9.642499685287e-1,9.893711209297e-1,1.877286209060e-4,2.442025328133e-4,5.181366873729e-1
59,6.472473740578e-1,2.294064760208e-1,3.437040448189e-1,8.431159257889e-1,6.077178716660e-1,6.769402623177e-1,9.029014110565e-1,6.443125605583e-1,5.098550319672e-1,5.608589199605e-4,6.166900190334e-4,1.044774715027e0
60,5.104718804359e-1,1.087704300880e-1,7.341794371605e-1,7.829769253731e-1,5.776044130325e-1,8.888382911682e-1,7.651538848877e-1,6.911803483963e-1,8.515400886536e-1,5.659095808425e-4,6.978152818259e-4,1.183204539745e0
61,9.864709973335e-1,4.843382239342e-1,1.563383936882e-1,9.992116093636e-1,7.123687267303e-1,5.210348367691e-1,1.000000000000e0,7.506131529808e-1,5.635145902634e-1,4.141367453107e-4,4.758699295380e-4,8.368730057722e-1
62,3.913326859474e-1,5.409982204437e-1,5.015319585800e-1,6.628950238228e-1,7.487388849258e-1,7.260910868645e-1,6.288529038429e-1,7.429314255714e-1,7.125246524811e-1,5.190052498471e-4,4.731671391346e-4,8.416106824149e-1
63,5.951094627380e-1,9.593613147736e-1,6.564393043518e-1,7.422920465469e-1,9.760430455208e-1,7.787265181541e-1,7.872003912926e-1,9.803465008736e-1,7.842264175415e-1,1.547031356632e-4,2.041547360617e-4,5.018401190252e-1
64,6.310640573502e-1,6.283209323883e-1,4.342889785767e-2,7.911300063133e-1,8.008861541748e-1,4.542375504971e-1,8.616588711739e-1,8.728201389313e-1,5.598536133766e-1,4.644546479978e-4,4.961967800888e-4,9.706169575436e-1
65,7.273908853531e-1,3.806939125061e-1,5.573347806931e-1,8.592886328697e-1,6.616643071175e-1,7.614728212357e-1,8.396989107132e-1,7.164002656937e-1,7.590662240982e-1,5.133098137879e-4,5.998670542139e-4,8.929043135785e-1
66,6.348918080330e-1,1.888986825943e-1,5.039831399918e-1,8.404108285904e-1,5.904219150543e-1,7.665569186211e-1,8.017537593842e-1,6.922187805176e-1,7.646156549454e-1,5.568800230178e-4,6.755465019928e-4,1.095974769923e0
67,5.070449709892e-1,1.718197464943e-1,4.090635180473e-1,7.934376597404e-1,5.997370481491e-1,7.380738258362e-1,7.077303528786e-1,6.339647173882e-1,6.816533207893e-1,5.977504581856e-4,6.066090280593e-4,1.076194558284e0
68,2.764654755592e-1,3.777678012848e-1,3.687677383423e-1,6.395258903503e-1,6.985604166985e-1,6.934264302254e-1,5.778116583824e-1,6.677585840225e-1,6.598798632622e-1,6.064943802437e-4,5.135398969198e-4,9.482546478769e-1
69,2.461289167404e-1,1.286182999611e-1,7.570157051086e-1,6.505287289619e-1,6.125136017799e-1,9.096126556396e-1,4.578783512115e-1,6.868647933006e-1,8.990489244461e-1,6.059882388132e-4,6.502701690027e-4,1.149355718424e0
70,7.374106645584e-1,2.685043811798e-1,5.939131975174e-1,8.765234351158e-1,6.149910092354e-1,7.940919995308e-1,8.826115727425e-1,7.506095170975e-1,8.412735462189e-1,5.238392721408e-4,6.419250443100e-4,1.015119883893e0
71,1.354895830154e-1,4.886505603790e-1,3.042376041412e-1,5.422639250755e-1,7.471779584885e-1,6.405500173569e-1,5.664985775948e-1,7.964562177658e-1,6.511772274971e-1,5.618845190855e-4,6.335450583580e-4,1.017561690377e0
72,4.226669073105e-1,5.764189362526e-1,3.435343503952e-1,6.792908906937e-1,7.685697078705e-1,6.314142942429e-1,6.982011198997e-1,8.090205788612e-1,6.278728246689e-1,5.076096919573e-4,5.821421614043e-4,8.433206118232e-1
73,4.668513536453e-1,6.902585029602e-1,8.987030982971e-1,6.802974343300e-1,8.158326148987e-1,9.420181512833e-1,6.525190472603e-1,8.367511034012e-1,9.496932029724e-1,3.869825759443e-4,4.251630119807e-4,6.771852094797e-1
74,6.888253092766e-1,8.233939409256e-1,9.998354315758e-1,7.968236804008e-1,8.856431841850e-1,1.000000000000e0,8.348147273064e-1,9.105857610703e-1,1.000000000000e0,2.201837254625e-4,3.215546210703e-4,4.266193327976e-1
75,5.895525217056e-2,9.082428216934e-1,1.986700892448e-1,5.105941891670e-1,9.557883143425e-1,5.240552425385e-1,7.166484594345e-1,9.817050695419e-1,6.297246813774e-1,2.574580965842e-4,3.055067975749e-4,1.107647743797e0
76,3.949901461601e-1,4.105412960052e-1,4.283188581467e-1,6.871708631516e-1,6.960338950157e-1,7.060399055481e-1,6.320207715034e-1,6.487198472023e-1,6.547065377235e-1,5.779953693014e-4,4.050447116455e-4,9.179596362855e-1
77,9.174333214760e-1,7.364501357079e-1,9.748545885086e-1,9.469905495644e-1,8.265401721001e-1,9.844964146614e-1,9.538902044296e-1,8.714644312859e-1,9.880723953247e-1,2.203887807758e-4,3.507349978250e-4,4.776547824733e-1
78,1.664429903030e-2,3.072273731232e-1,1.610583066940e-2,4.991689324379e-1,7.112038731575e-1,4.611899256706e-1,5.664020180702e-1,6.788878440857e-1,5.881934762001e-1,6.167238456910e-4,6.374005501792e-4,1.299560793998e0
79,9.610695242882e-1,9.748178720474e-2,8.857862353325e-1,9.994410872459e-1,5.336199998856e-1,9.461728334427e-1,1.000000000000e0,7.745525240898e-1,9.481987953186e-1,3.727320766320e-4,5.971345404951e-4,1.270421045512e0
80,1.497145891190e-1,5.340949296951e-1,6.909065842628e-1,5.354382991791e-1,7.577408552170e-1,8.412160873413e-1,5.455615520477e-1,7.973309159279e-1,8.832426071167e-1,5.202773802532e-4,5.880332549022e-4,9.540762393766e-1
81,5.713425874710e-1,3.296303749084e-1,6.697170138359e-1,7.841887474060e-1,6.531375050545e-1,8.353611230850e-1,8.010292053223e-1,7.360814213753e-1,8.431144952774e-1,5.610100735849e-4,6.575867757421e-4,9.443761270179e-1
82,9.133611321449e-1,6.699174046516e-1,7.939183712006e-1,9.470474123955e-1,7.880994677544e-1,8.686287999153e-1,9.319906234741e-1,8.225681781769e-1,8.761724829674e-1,2.841962256844e-4,3.617771026520e-4,5.559399840872e-1
83,5.900453329086e-1,5.518265366554e-1,5.732178688049e-4,7.760187387466e-1,7.669435143471e-1,4.378263652325e-1,8.446518182755e-1,8.345325589180e-1,5.461686849594e-1,5.117842223283e-4,5.624738806089e-4,1.035345047455e0
84,3.619436025620e-1,9.254227876663e-1,7.761503458023e-1,6.220752000809e-1,9.573853611946e-1,8.647269010544e-1,7.240309119225e-1,9.727260470390e-1,8.921386599541e-1,2.147275726396e-4,2.771730682378e-4,5.866789456726e-1
85,7.835128307343e-1,5.745164752007e-1,3.401622772217e-1,8.788903355598e-1,7.574185729027e-1,6.177787780762e-1,9.065932035446e-1,7.613648176193e-1,5.744020342827e-1,4.461602918023e-4,4.730407472662e-4,7.272594878858e-1
86,1.272865533829e-1,3.953602910042e-1,9.088882207870e-1,5.387263298035e-1,7.029111981392e-1,9.619792103767e-1,3.919219672680e-1,7.606059312820e-1,9.744250178337e-1,5.530060701068e-4,5.932760153982e-4,1.051606950711e0
87,7.264995574951e-1,7.552365064621e-1,6.365892291069e-1,8.259602785110e-1,8.448017835617e-1,7.679671049118e-1,8.297475576401e-1,8.510355949402e-1,7.638025283813e-1,3.006000569555e-4,2.982417820933e-4,5.280024201777e-1
88,2.731621265411e-3,2.209799885750e-1,3.162959814072e-1,4.875178933144e-1,6.805669069290e-1,7.332194447517e-1,5.146932005882e-1,6.122689247131e-1,6.445827484131e-1,6.304517796559e-4,5.125638941008e-4,1.168506243231e0
89,4.235981106758e-1,2.394339442253e-1,4.046578407288e-1,7.445106506348e-1,6.392734646797e-1,7.323816418648e-1,6.618873476982e-1,6.206045746803e-1,6.581916213036e-1,6.207728395274e-4,5.278656774304e-4,9.859619688531e-1
90,2.760923504829e-1,6.678283810616e-1,9.603996276855e-1,5.860158801079e-1,8.128525018692e-1,9.806697368622e-1,6.318005919456e-1,8.604269623756e-1,9.923166036606e-1,4.164147558181e-4,4.960228899512e-4,7.916112813264e-1
91,2.922863960266e-1,3.516929149628e-1,9.781602621078e-1,6.247940659523e-1,6.754189133644e-1,9.956512451172e-1,4.420624077320e-1,7.508477568626e-1,1.000000000000e0,5.518138343468e-4,5.912387068135e-4,1.025938566735e0
92,7.910218238831e-1,1.910531520844e-1,1.646488308907e-1,9.166144132614e-1,5.716144442558e-1,5.563595294952e-1,9.779930114746e-1,6.452106833458e-1,4.561597406864e-1,4.853833535202e-4,5.999938099338e-4,1.174671464203e0
93,9.510471820831e-1,3.838880062103e-1,3.486499786377e-1,9.828708171844e-1,6.521729230881e-1,6.309615969658e-1,1.000000000000e0,7.015477418900e-1,5.625533461571e-1,4.286826685205e-4,5.006672973868e-4,9.102264085396e-1
94,4.844033718109e-1,6.582593917847e-1,2.538716197014e-1,7.069278955460e-1,8.115952610970e-1,5.684341192245e-1,7.654968500137e-1,8.760250806808e-1,5.946344137192e-1,4.606387667359e-4,5.180321484084e-4,8.309931655136e-1
95,6.312960386276e-2,7.066202163696e-2,9.885494709015e-1,5.230815410614e-1,6.002203822136e-1,1.000000000000e0,4.063765406609e-1,7.191447615623e-1,1.000000000000e0,5.330481673246e-4,6.714723882262e-4,1.332163239641e0
96,6.073973178864e-1,7.433560490608e-1,5.826354622841e-1,7.552418708801e-1,8.412643074989e-1,7.392845749855e-1,7.570069432259e-1,8.527764081955e-1,7.356475591660e-1,3.413590860317e-4,3.587563506170e-4,6.147281039442e-1
97,9.630752205849e-1,3.650388121605e-1,7.646937966347e-1,9.891752004623e-1,6.403777599335e-1,8.693267107010e-1,1.000000000000e0,8.021613359451e-1,9.195346832275e-1,4.087331528598e-4,5.232406878808e-4,9.238907173341e-1
98,5.379126071930e-1,7.290544509888e-1,1.330989003181e-1,7.318651676178e-1,8.522196412086e-1,4.910477399826e-1,8.070917725563e-1,9.119807481766e-1,5.704994201660e-1,4.109088259797e-4,4.422193485910e-4,9.165469502044e-1
99,7.192314863205e-1,2.076688408852e-1,1.371747255325e-2,8.831502795219e-1,5.954520702362e-1,4.736246466637e-1,9.436762332916e-1,6.434612274170e-1,4.452193677425e-1,5.258045097677e-4,6.139706231760e-4,1.167065917217e0
100,3.536011576653e-1,4.286033511162e-1,4.311665892601e-1,6.645913124084e-1,7.073057293892e-1,7.086960077286e-1,6.070727705956e-1,6.716797351837e-1,6.732357144356e-1,5.780304048323e-4,4.432935932408e-4,9.122452392150e-1
101,6.860895752907e-1,7.563591003418e-3,4.809414148331e-1,8.835185766220e-1,4.907579720020e-1,7.641759514809e-1,8.836684226990e-1,6.544908285141e-1,6.241856813431e-1,4.626959120355e-4,6.586818825099e-4,1.499931914872e0
102,6.285026073456e-1,7.503631114960e-1,1.756011843681e-1,7.815654873848e-1,8.614476323128e-1,5.147818922997e-1,8.454809188843e-1,9.170116782188e-1,5.717315077782e-1,3.823629190531e-4,4.123427850015e-4,8.290290065069e-1
103,8.598093390465e-1,7.575764060020e-1,2.098492980003e-1,9.171681404114e-1,8.618944287300e-1,5.352404713631e-1,9.481350779533e-1,9.019660949707e-1,5.740208625793e-1,3.255730439073e-4,3.714553218502e-4,7.090702657556e-1
104,8.345871567726e-1,4.757882952690e-1,1.379402279854e-1,9.151434302330e-1,7.159547805786e-1,5.138934850693e-1,9.783462285995e-1,7.560184597969e-1,4.995834231377e-1,4.786812183716e-4,5.383202916925e-4,8.769633109016e-1
105,4.497941732407e-1,4.916197061539e-1,4.045143723488e-1,7.018752694130e-1,7.259716987610e-1,6.756358146667e-1,6.796349287033e-1,7.138144373894e-1,6.407387852669e-1,5.403711119884e-4,4.811399377066e-4,8.649226026977e-1
106,6.216037273407e-1,1.823360919952e-1,4.493814706802e-2,8.448776006699e-1,5.938545465469e-1,4.957973659039e-1,8.868035078049e-1,6.327995657921e-1,4.541161656380e-1,5.571343684230e-4,6.317324867184e-4,1.160111550689e0
107,9.841683506966e-1,8.455317020416e-1,1.407003998756e-1,9.890937209129e-1,9.143105745316e-1,5.060666203499e-1,9.996812939644e-1,9.428513050079e-1,5.709775686264e-1,2.160037161864e-4,2.405145359617e-4,7.458537520162e-1
108,6.464993953705e-2,7.860249280930e-2,6.313199996948e-1,5.528126358986e-1,6.125372648239e-1,8.767302632332e-1,4.749375879765e-1,6.425090432167e-1,7.960439920425e-1,6.055279906182e-4,6.180805048694e-4,1.233981183701e0
109,1.701874732971e-1,3.351423740387e-1,7.424200177193e-1,5.759516954422e-1,6.844863891602e-1,8.861063122749e-1,4.207991361618e-1,7.313656806946e-1,9.175850749016e-1,5.931742275420e-4,6.205314451103e-4,1.029810962800e0
110,4.064917564392e-1,6.995499730110e-1,2.845502495766e-1,6.597344279289e-1,8.328208923340e-1,5.827435255051e-1,7.174322605133e-1,8.895376324654e-1,6.099390983582e-1,4.358042641137e-4,5.024355750686e-4,8.456220773428e-1
111,2.607320547104e-1,2.510246038437e-1,4.995998144150e-1,6.578605771065e-1,6.575090885162e-1,7.868544459343e-1,5.555263161659e-1,6.343716382980e-1,7.109077572823e-1,6.322913598045e-4,5.373974019154e-4,9.981126082195e-1
112,6.134213209152e-1,9.168543815613e-1,2.800281643867e-1,7.661008834839e-1,9.556241035461e-1,5.669997334480e-1,8.241367936134e-1,9.724597930908e-1,6.171476840973e-1,2.327565659855e-4,2.696747281560e-4,7.573492964202e-1
113,3.055250644684e-2,1.330124139786e-1,4.839112758636e-1,5.376598238945e-1,6.448206305504e-1,8.235259056091e-1,5.118630528450e-1,6.062356233597e-1,6.939422488213e-1,6.348616209913e-4,5.311771816104e-4,1.151414565714e0
114,9.931640028954e-1,7.779807448387e-1,9.271471500397e-1,9.968370199203e-1,8.513070940971e-1,9.520804286003e-1,9.877320528030e-1,8.856849074364e-1,9.599319100380e-1,1.734686470299e-4,2.737962541272e-4,3.803616831302e-1
115,4.257265925407e-1,3.086155653000e-1,4.672616124153e-1,7.257936596870e-1,6.607596278191e-1,7.471900582314e-1,6.634534597397e-1,6.341805458069e-1,6.772024631500e-1,6.062203128729e-4,4.983028599959e-4,9.490207986988e-1
116,5.127869248390e-1,8.589639067650e-1,6.715729832649e-1,6.985560655594e-1,9.141966104507e-1,7.950390577316e-1,7.178910970688e-1,9.266780018806e-1,8.032010793686e-1,2.674863082643e-4,3.188206430216e-4,5.541272641053e-1
117,3.379731178284e-1,3.274510502815e-1,5.044941902161e-1,6.763756275177e-1,6.724220514297e-1,7.668596506119e-1,6.004688739777e-1,6.393797397614e-1,6.964585781097e-1,6.086381907500e-4,4.771771469979e-4,9.575122229365e-1
118,5.095723271370e-1,9.920478463173e-1,9.130617976189e-1,6.962256431580e-1,9.963734745979e-1,9.465032219887e-1,7.652564644814e-1,9.987266659737e-1,9.550015926361e-1,1.113202186700e-4,1.626016772394e-4,4.130849318747e-1
119,4.517861008644e-1,8.664765954018e-1,8.201187849045e-2,6.773323416710e-1,9.309549331665e-1,4.611316621304e-1,7.751184105873e-1,9.591517448425e-1,5.940234065056e-1,3.028938345626e-4,3.377847836719e-4,1.047519745486e0
120,4.340184926987e-1,1.568839550018e-1,8.956077098846e-1,7.285915017128e-1,6.046289205551e-1,9.613297581673e-1,4.832529723644e-1,7.253820300102e-1,9.684026241302e-1,5.707777330889e-4,6.422704332623e-4,1.141474466722e0
121,7.935202717781e-1,7.490993142128e-1,7.690538764000e-1,8.645910024643e-1,8.348315358162e-1,8.481807112694e-1,8.641753196716e-1,8.435546159744e-1,8.519107699394e-1,2.549917820321e-4,2.636100707669e-4,4.913276629042e-1
122,3.494523763657e-1,2.653223276138e-1,9.599316120148e-2,7.156217098236e-1,6.708511710167e-1,5.424748063087e-1,7.160322666168e-1,6.332877278328e-1,5.049329996109e-1,6.365992828388e-4,6.046971689819e-4,1.007261144230e0
123,4.081451296806e-1,3.755322694778e-1,8.315401673317e-1,6.865378618240e-1,6.767089366913e-1,9.187805056572e-1,5.381112694740e-1,7.595673203468e-1,9.598316550255e-1,5.555353520058e-4,6.082445622629e-4,9.639374117221e-1
124,4.350185394287e-1,8.431379795074e-1,9.261470437050e-1,6.571380496025e-1,9.059786200523e-1,9.566673040390e-1,6.811394095421e-1,9.177724719048e-1,9.675127267838e-1,2.732430371325e-4,3.247449717184e-4,5.539995553749e-1
125,6.753119826317e-1,3.439264297485e-1,6.306601762772e-1,8.357362151146e-1,6.505609154701e-1,8.083183169365e-1,8.476955890656e-1,7.502326369286e-1,8.404446840286e-1,5.341320027573e-4,6.374104658595e-4,9.288694186100e-1
126,4.452659487724e-1,8.826659917831e-1,2.983867526054e-1,6.708861589432e-1,9.356080889702e-1,5.774326324463e-1,7.602826952934e-1,9.600841403008e-1,6.313420534134e-1,2.804793007808e-4,3.326671050803e-4,8.186278784523e-1
127,8.842772245407e-1,3.583256006241e-1,6.790562272072e-1,9.455964565277e-1,6.417175531387e-1,8.237704038620e-1,9.710662961006e-1,7.914244532585e-1,8.607357740402e-1,4.524224623896e-4,5.668699196398e-4,9.309203251414e-1
128,3.175145983696e-1,2.739142775536e-1,1.684972047806e-1,6.968753933907e-1,6.726080775261e-1,6.000082492828e-1,6.850542426109e-1,6.424388885498e-1,5.340724587440e-1,6.385482911090e-4,6.068999120975e-4,9.765438505260e-1
129,1.728981733322e-1,7.083770036697e-1,5.408227443695e-2,5.405129194260e-1,8.485350608826e-1,4.430603384972e-1,6.831554770470e-1,9.039136171341e-1,5.876258015633e-1,4.343304491246e-4,4.972057568935e-4,1.222330009007e0
130,5.266065001488e-1,9.278464317322e-2,3.404697179794e-1,8.182373046875e-1,5.512657761574e-1,7.134546041489e-1,7.447776794434e-1,6.244781017303e-1,6.112525463104e-1,5.616445601301e-4,6.223982280599e-4,1.234715748052e0
131,3.072166442871e-1,1.177676916122e-1,4.832419753075e-1,7.179498076439e-1,6.075453758240e-1,8.042892217636e-1,6.256108880043e-1,5.982849597931e-1,6.742072105408e-1,6.314616294626e-4,5.439576882200e-4,1.088876110620e0
132,3.356979489326e-1,3.329309821129e-1,1.957437396049e-1,6.879153847694e-1,6.882133483887e-1,5.999222397804e-1,6.913891434669e-1,6.913529038429e-1,5.574458837509e-1,6.230019438736e-4,6.517746764821e-4,9.598544305777e-1
133,4.091748595238e-1,2.682535648346e-1,2.699786424637e-1,7.343740463257e-1,6.536676883698e-1,6.545723080635e-1,6.778649687767e-1,6.088017821312e-1,5.568810701370e-1,6.230629921138e-4,4.861667173402e-4,9.726990656675e-1
134,6.166726350784e-1,2.919221520424e-1,4.725180268288e-1,8.173075318336e-1,6.367560625076e-1,7.376915812492e-1,7.632896900177e-1,6.685733199120e-1,7.136871814728e-1,5.675257906323e-4,5.952461044740e-4,9.676482133607e-1
135,1.455056071281e-1,5.829660296440e-1,1.489098072052e-1,5.370637774467e-1,7.876490950584e-1,5.164618492126e-1,6.064798831940e-1,8.518060445786e-1,6.064411401749e-1,5.131897912401e-4,5.933915435798e-4,1.105738930052e0
136,8.949328660965e-1,3.736853599548e-2,1.270462274551e-1,9.836089015007e-1,4.608596861362e-1,5.328990221024e-1,1.000000000000e0,6.457452178001e-1,4.781502783298e-1,3.376762953494e-4,5.888068020160e-4,1.582615730976e0
137,1.433339715004e-1,2.794396877289e-1,6.380652785301e-1,5.755262374878e-1,6.726117134094e-1,8.477193117142e-1,4.432084262371e-1,7.000376582146e-1,8.491074442863e-1,6.159604789804e-4,6.298705832042e-4,1.048476422649e0
138,3.377712368965e-1,3.126892447472e-1,1.066716313362e-1,6.963287591934e-1,6.870929002762e-1,5.392863154411e-1,6.998076438904e-1,6.775062680244e-1,5.352418422699e-1,6.288731880403e-4,6.478720096731e-4,9.998694244997e-1
139,7.108330130577e-1,1.705820560455e-1,7.302019000053e-1,8.707041144371e-1,5.773839950562e-1,8.723562955856e-1,8.703419566154e-1,7.373292446136e-1,8.872718214989e-1,5.156725941133e-4,6.609679403129e-4,1.153459049825e0
140,3.045569658279e-1,1.251274347305e-1,1.872820854187e-1,7.403936982155e-1,6.161012649536e-1,6.643828749657e-1,6.197072267532e-1,5.712188482285e-1,5.453995466232e-1,6.453619051851e-4,4.740089539360e-4,1.049261340522e0
141,7.983932495117e-1,6.005489230156e-1,2.743250727654e-1,8.870332241058e-1,7.738951444626e-1,5.793045163155e-1,9.254351854324e-1,7.992692589760e-1,5.596320033073e-1,4.349651204323e-4,4.983210847004e-4,7.328030185147e-1
142,3.936489820480e-1,4.618853330612e-1,7.650992274284e-1,6.691828966141e-1,7.113669514656e-1,8.781111836433e-1,5.920078754425e-1,7.566593885422e-1,8.954606056213e-1,5.349845070828e-4,5.871345600577e-4,8.931346071537e-1
143,9.043079018593e-1,2.882350683212e-1,1.493906974792e-1,9.648486971855e-1,6.161341667175e-1,5.316088795662e-1,1.000000000000e0,6.716492176056e-1,4.892808198929e-1,4.600848250119e-4,5.386817419994e-4,1.052077421719e0
144,2.939748167992e-1,1.474766135216e-1,6.272467970848e-1,6.886588931084e-1,6.179474592209e-1,8.550911545753e-1,5.576661229134e-1,6.477227807045e-1,7.852226495743e-1,6.231202997756e-4,6.160154487857e-4,1.088014838463e0
145,6.445424556732e-1,7.540140748024e-1,7.749728560448e-1,7.732239365578e-1,8.438714742661e-1,8.574270606041e-1,7.704859375954e-1,8.490608930588e-1,8.620379567146e-1,3.035628188219e-4,2.938359271185e-4,5.416141236237e-1
146,4.399472475052e-2,1.954189538956e-1,7.902342081070e-1,5.209170579910e-1,6.455536484718e-1,9.222292304039e-1,4.099212288857e-1,7.082460522652e-1,9.327512979507e-1,5.950551221567e-4,6.598517991220e-4,1.189576141772e0
147,8.284618258476e-1,1.945075392723e-1,9.572905302048e-2,9.353147149086e-1,5.715391635895e-1,5.114717483521e-1,9.931308031082e-1,6.513335108757e-1,4.516950547695e-1,4.678829665596e-4,5.948413389372e-4,1.195608448974e0
148,5.344312787056e-1,3.740086555481e-1,8.059147000313e-1,7.533948421478e-1,6.698474884033e-1,9.028878808022e-1,8.082340359688e-1,7.726361751556e-1,9.246094822884e-1,5.428180252696e-4,6.348873426367e-4,9.335802667153e-1
149,9.217499494553e-1,3.415309786797e-1,2.929741144180e-2,9.706434607506e-1,6.464711427689e-1,4.750784933567e-1,1.000000000000e0,6.996951699257e-1,5.036070942879e-1,4.603910758603e-4,5.324828986593e-4,1.030548611632e0
150,6.886715888977e-1,3.289455175400e-2,4.364418983459e-2,8.962180614471e-1,4.721321463585e-1,4.981887042522e-1,9.223737120628e-1,6.267580986023e-1,4.500013887882e-1,4.232922996459e-4,6.396288129046e-4,1.595266022791e0
151,1.173354983330e-1,6.622371077538e-1,2.602546215057e-1,5.204432606697e-1,8.216302990913e-1,5.816652774811e-1,6.318870186806e-1,8.785912394524e-1,6.205211281776e-1,4.631052664902e-4,5.413098082703e-4,1.031400093394e0
152,3.681597113609e-1,9.992069005966e-1,1.792248487473e-1,6.641140580177e-1,1.000000000000e0,5.619221925735e-1,8.623107671738e-1,1.000000000000e0,8.372178077698e-1,1.558321290304e-4,1.395837248007e-4,7.752299008987e-1
153,8.466014266014e-1,1.502614021301e-1,4.743448495865e-1,9.438468217850e-1,5.450095534325e-1,7.346388101578e-1,9.957242012024e-1,6.638823151588e-1,5.751757025719e-1,4.509427694764e-4,6.054128432606e-4,1.240993986571e0
154,1.484756469727e-1,5.231989622116e-1,2.421649098396e-1,5.457807779312e-1,7.609463930130e-1,5.931664705276e-1,5.882644057274e-1,8.188219070435e-1,6.246513128281e-1,5.463255555224e-4,6.236150611066e-4,1.030339984978e0
155,8.521798849106e-1,2.113329768181e-1,9.785385131836e-1,9.321357011795e-1,5.889287590981e-1,9.944618940353e-1,9.522494077682e-1,7.820421457291e-1,9.932274818420e-1,4.443659272486e-4,6.101165406664e-4,1.127800194752e0
156,5.108860135078e-1,2.396351099014e-2,3.425180912018e-3,8.386343121529e-1,4.871905446053e-1,4.803527295589e-1,7.930403947830e-1,6.039944887161e-1,4.717027544975e-1,4.795778734097e-4,6.269319103094e-4,1.542524430630e0
157,4.549407958984e-2,7.350576519966e-1,8.209673762321e-1,4.796485900879e-1,8.540609478951e-1,9.015147686005e-1,6.309781670570e-1,8.944008946419e-1,9.381159543991e-1,3.783436683111e-4,4.648845633812e-4,9.291612016313e-1
158,6.347207427025e-1,8.876208066940e-1,2.263279557228e-1,7.797425389290e-1,9.392467141151e-1,5.385022759438e-1,8.357253670692e-1,9.611117243767e-1,6.016727685928e-1,2.614998504932e-4,2.979986896372e-4,7.929721756234e-1
159,7.147414684296e-1,4.826198220253e-1,2.768533229828e-1,8.483360409737e-1,7.185038924217e-1,5.958253145218e-1,8.905214071274e-1,7.249093651772e-1,5.383297204971e-1,5.072884867571e-4,5.442608974418e-4,8.227741046326e-1
160,8.294689655304e-2,6.606438755989e-1,7.446231245995e-1,4.920781254768e-1,8.160890340805e-1,8.616230487823e-1,5.911851525307e-1,8.545830845833e-1,9.023371934891e-1,4.380957041792e-4,5.260378940529e-4,9.509193821744e-1
161,1.256399750710e-1,3.918290734291e-1,7.693621516228e-1,5.410794615746e-1,7.047896981239e-1,8.944959640503e-1,4.106179177761e-1,7.499189376831e-1,9.346618056297e-1,5.714809577386e-4,6.028459919861e-4,1.034813582390e0
162,3.088787794113e-1,7.937338948250e-1,3.246240615845e-1,6.006202697754e-1,8.842881917953e-1,5.985882878304e-1,6.976360082626e-1,9.224168062210e-1,6.415588855743e-1,3.620861361415e-4,4.347379172535e-4,8.712155483432e-1
163,2.457787990570e-1,2.517704367638e-1,9.022140502930e-2,6.701902747154e-1,6.784760355949e-1,5.508267283440e-1,6.411786079407e-1,6.278645992279e-1,5.393667221069e-1,6.486179063330e-4,5.787521030244e-4,1.018673345703e0
164,1.746448874474e-1,1.900537610054e-1,1.390851140022e-1,6.541478037834e-1,6.659290194511e-1,6.260117292404e-1,5.818796753883e-1,5.763563513756e-1,5.533729195595e-1,6.622072735933e-4,4.610012911215e-4,1.002726720022e0
165,9.439722895622e-1,2.568131685257e-2,6.155431270599e-3,1.000000000000e0,4.561018645763e-1,4.775594174862e-1,1.000000000000e0,6.545111536980e-1,5.008597373962e-1,2.959910155786e-4,5.696397575343e-4,1.647752961218e0
166,7.133904099464e-1,4.321010708809e-1,5.371818542480e-1,8.459733128548e-1,6.831938028336e-1,7.435659170151e-1,8.239439725876e-1,7.069166898727e-1,7.141457796097e-1,5.013548210754e-4,5.251875865018e-4,8.491191791145e-1
167,7.928466200829e-1,2.999014854431e-1,6.127357482910e-4,9.073470234871e-1,6.373878121376e-1,4.636446833611e-1,9.756093621254e-1,6.826585531235e-1,4.583028852940e-1,5.154759064840e-4,5.936219345295e-4,1.076599841858e0
168,9.304002523422e-1,9.245198369026e-1,2.426619529724e-1,9.564349055290e-1,9.599462747574e-1,5.522320866585e-1,9.693726897240e-1,9.716902375221e-1,6.102399230003e-1,1.563169849922e-4,1.775073383222e-4,6.832055210391e-1
169,1.057628989220e-1,8.852096199989e-1,9.691858887672e-1,5.060376524925e-1,9.368207454681e-1,9.841417670250e-1,6.857767105103e-1,9.565662741661e-1,9.949602484703e-1,2.362179546512e-4,3.073634934417e-4,7.800555192785e-1
170,5.726280212402e-1,8.429254889488e-1,6.075608730316e-1,7.309961915016e-1,9.028298854828e-1,7.514378428459e-1,7.415431737900e-1,9.173983931541e-1,7.547793388367e-1,2.705835468411e-4,3.203109515968e-4,5.634319641369e-1
171,2.376593947411e-1,7.959529161453e-1,5.413004159927e-1,5.666996836662e-1,8.850746750832e-1,7.322145700455e-1,6.468878984451e-1,9.120703935623e-1,7.560933828354e-1,3.570168723185e-4,4.355318995115e-4,7.895468741321e-1
172,7.160423398018e-1,8.657363057137e-1,3.853360414505e-1,8.257608413696e-1,9.218776226044e-1,6.249385476112e-1,8.567725419998e-1,9.437959194183e-1,6.395031809807e-1,2.604659412230e-4,3.164626357555e-4,6.091302979895e-1
173,6.353625059128e-1,3.714593648911e-1,3.330883979797e-1,8.167905807495e-1,6.696025729179e-1,6.466609239578e-1,8.664597272873e-1,6.763657927513e-1,5.401775240898e-1,5.532671578483e-4,5.837808255105e-4,9.089489594651e-1
174,6.081330180168e-1,5.683153271675e-1,7.627476453781e-1,7.661527991295e-1,7.428821921349e-1,8.606700301170e-1,7.636609673500e-1,7.583609819412e-1,8.402137160301e-1,4.356031751674e-4,4.497456770545e-4,7.622214474128e-1
175,7.730771303177e-1,8.150179386139e-1,9.436368942261e-1,8.481579422951e-1,8.768894672394e-1,9.634037017822e-1,8.546316027641e-1,8.939932584763e-1,9.615471363068e-1,2.018789265361e-4,2.531522808502e-4,4.000325527872e-1
176,8.704689145088e-1,7.524526119232e-1,4.161332845688e-1,9.225538969040e-1,8.515478372574e-1,6.446135044098e-1,9.406433105469e-1,8.676561713219e-1,6.320598125458e-1,3.121167959423e-4,3.666693743684e-4,5.543103226396e-1
177,3.874665498734e-1,7.576451301575e-1,8.027028441429e-1,6.366989016533e-1,8.575044870377e-1,8.843865394592e-1,6.470397114754e-1,8.722909092903e-1,9.013116955757e-1,3.610627645981e-4,4.111229519378e-4,6.562241514753e-1
178,2.430607676506e-1,7.266676425934e-2,5.249315500259e-1,6.902068257332e-1,5.976198911667e-1,8.328743577003e-1,5.430396795273e-1,6.011909842491e-1,7.049736380577e-1,6.261953350747e-4,5.264922163362e-4,1.145561626105e0
179,7.559231519699e-1,7.572367191315e-1,4.271928071976e-1,8.520920872688e-1,8.549978733063e-1,6.516767144203e-1,8.717329502106e-1,8.772641420364e-1,6.452357172966e-1,3.362393559184e-4,4.026478187313e-4,5.842834971460e-1
180,6.432537436485e-1,5.157947540283e-2,5.005714297295e-1,8.612273931503e-1,5.192389488220e-1,7.763776183128e-1,8.100863099098e-1,6.891397833824e-1,7.698792219162e-1,5.018626882763e-4,6.927827458251e-4,1.367906288919e0
181,6.756731867790e-1,1.938459277153e-1,3.501104116440e-1,8.608797192574e-1,5.865609049797e-1,6.826009750366e-1,9.188832640648e-1,6.409410834312e-1,5.089204311371e-1,5.437258546638e-4,6.198756083317e-4,1.104347584684e0
182,6.469653248787e-1,4.947763085365e-1,1.303166151047e-2,8.126899003983e-1,7.384015321732e-1,4.516779184341e-1,8.843798041344e-1,7.961044907570e-1,5.247414112091e-1,5.253697534576e-4,5.833941845490e-4,9.967413359131e-1
183,4.174990057945e-1,9.747464656830e-1,3.840780854225e-1,6.524256467819e-1,9.895393848419e-1,6.223790049553e-1,7.662254571915e-1,1.000000000000e0,6.787552237511e-1,1.753462495563e-4,2.172794764399e-4,7.370567587422e-1
184,8.477464914322e-1,4.365000128746e-1,8.594928383827e-1,9.184503555298e-1,6.770527958870e-1,9.224538207054e-1,9.503387808800e-1,8.183584213257e-1,9.374371767044e-1,4.327931364800e-4,5.412303148269e-4,8.599066265852e-1
185,6.787550449371e-2,5.399944782257e-1,4.109600782394e-1,4.991184473038e-1,7.668194174767e-1,6.935849189758e-1,5.678739547729e-1,8.190873265266e-1,7.296636104584e-1,5.280465594381e-4,6.097759379204e-4,1.044260111309e0
186,3.421056270599e-2,2.089916467667e-1,2.748343348503e-1,5.291143655777e-1,6.778286695480e-1,7.165809869766e-1,5.281916856766e-1,5.981141924858e-1,6.190377473831e-1,6.433211441128e-4,4.869022036722e-4,1.102347214246e0
187,8.421881198883e-1,9.975540637970e-2,6.560736894608e-2,9.529712796211e-1,5.058329701424e-1,4.982647001743e-1,9.994137287140e-1,6.389003992081e-1,4.435991644859e-1,3.999843770826e-4,6.012731151945e-4,1.418930545216e0
188,9.267861247063e-1,1.223629117012e-1,1.772373914719e-1,9.901255369186e-1,5.134834051132e-1,5.570380687714e-1,1.000000000000e0,6.557896137238e-1,5.035475492477e-1,3.703956032217e-4,5.668926423078e-4,1.346293712104e0
189,2.567510008812e-1,5.844298005104e-1,1.554774045944e-1,5.953022837639e-1,7.857526540756e-1,5.196652412415e-1,6.482552289963e-1,8.528979420662e-1,5.956760048866e-1,5.176130510208e-4,5.872960286911e-4,1.026376779237e0
190,2.855279445648e-1,8.457587361336e-1,3.335788249969e-1,5.885837674141e-1,9.146499633789e-1,6.020016074181e-1,7.119317054749e-1,9.468117952347e-1,6.531971693039e-1,3.176171928332e-4,3.817984095349e-4,8.754869107849e-1
191,6.773248314857e-1,7.170378565788e-1,6.059901118279e-1,7.980889678001e-1,8.235646486282e-1,7.528796195984e-1,7.983961701393e-1,8.277377486229e-1,7.450504899025e-1,3.424669017326e-4,3.255717292944e-4,5.952594611883e-1
192,2.447943091393e-1,1.019157171249e-1,3.163796067238e-1,7.143531441689e-1,6.147308349609e-1,7.521613836288e-1,5.833184123039e-1,5.657864809036e-1,5.978880524635e-1,6.503375472227e-4,4.599763319200e-4,1.059591015854e0
193,6.021849513054e-1,7.297386527061e-1,9.762141704559e-1,7.490304112434e-1,8.312518596649e-1,9.868379831314e-1,7.503149509430e-1,8.634433746338e-1,9.929535984993e-1,3.155472945057e-4,4.067671134949e-4,5.913305603881e-1
194,4.906684160233e-2,6.952230334282e-1,6.079636216164e-1,4.839830994606e-1,8.347421288490e-1,7.827190756798e-1,6.046655178070e-1,8.764679431915e-1,8.296744227409e-1,4.238985827328e-4,5.131427475188e-4,9.686527713460e-1
195,8.469351530075e-1,5.310000181198e-1,8.151949048042e-1,9.122807383537e-1,7.188286781311e-1,8.912161588669e-1,9.517561793327e-1,8.348861336708e-1,9.445762038231e-1,3.950199957522e-4,4.726728276839e-4,7.457564542843e-1
196,8.426346778870e-1,8.290717601776e-1,4.687458276749e-1,9.028403759003e-1,8.964026570320e-1,6.704626083374e-1,9.177401065826e-1,9.133870601654e-1,6.665173768997e-1,2.563317491864e-4,3.140150615450e-4,5.003920202760e-1
197,5.104044675827e-1,5.095204114914e-1,2.955715060234e-1,7.370957732201e-1,7.386639714241e-1,6.122995018959e-1,7.622779607773e-1,7.662966847420e-1,5.884957909584e-1,5.365821743790e-4,5.990096219102e-4,8.457366017632e-1
198,4.606176018715e-1,5.942928195000e-1,6.070749163628e-1,6.886277794838e-1,7.673112750053e-1,7.747665047646e-1,6.579613089561e-1,7.586542367935e-1,7.673870921135e-1,4.714512571891e-4,3.990220137683e-4,7.753426174510e-1
199,6.148629188538e-1,7.513779997826e-1,1.942784190178e-1,7.736039161682e-1,8.615876436234e-1,5.251215696335e-1,8.360285162926e-1,9.158501625061e-1,5.759301781654e-1,3.830719752598e-4,4.179402335202e-4,8.155599648989e-1
200,8.642529249191e-1,7.612494230270e-1,2.124607563019e-1,9.197190999985e-1,8.638951778412e-1,5.365332961082e-1,9.496875405312e-1,9.030522108078e-1,5.751414299011e-1,3.215046678815e-4,3.678393458129e-4,7.050654500926e-1
201,7.307263612747e-1,9.489142894745e-1,2.062633633614e-1,8.358594775200e-1,9.757381081581e-1,5.300237536430e-1,8.748495578766e-1,9.913359880447e-1,6.450617909431e-1,1.816499161612e-4,1.913750849424e-4,7.908326614096e-1
202,1.755092144012e-1,9.253584146500e-1,8.479568362236e-1,5.364416241646e-1,9.595402479172e-1,9.117253422737e-1,7.115324735641e-1,9.783272743225e-1,9.422478079796e-1,2.104750765168e-4,2.655286321672e-4,7.145660033662e-1
203,9.173118472099e-1,1.767389774323e-1,4.227516651154e-1,9.779217839241e-1,5.510303378105e-1,6.981456875801e-1,1.000000000000e0,6.591706871986e-1,5.545570254326e-1,4.196766283955e-4,5.532425207662e-4,1.195325097989e0
204,4.852885007858e-1,9.872720837593e-1,2.338752746582e-1,6.943119764328e-1,9.989886283875e-1,5.414850115776e-1,8.528043031693e-1,1.000000000000e0,8.029333949089e-1,1.662898951382e-4,1.516160412186e-4,7.247454150754e-1
205,2.970478534698e-1,8.164566755295e-1,8.007009029388e-1,5.890000462532e-1,8.940308094025e-1,8.836799860001e-1,6.452693343163e-1,9.118442535400e-1,9.050480127335e-1,3.199370913937e-4,3.919425435899e-4,6.784030659292e-1
206,3.783048987389e-1,2.701236605644e-1,5.010297298431e-1,7.113587260246e-1,6.524851322174e-1,7.750508785248e-1,6.492291092873e-1,6.252576708794e-1,6.867783069611e-1,6.185886031465e-4,5.154329293887e-4,9.734873036310e-1
207,3.806667327881e-1,2.125015258789e-1,8.585330843925e-1,6.986308097839e-1,6.270607113838e-1,9.431260228157e-1,4.685925245285e-1,7.232709527016e-1,9.733616709709e-1,5.856258324505e-4,6.357454637393e-4,1.083636445174e0
208,2.778750658035e-1,8.231988549232e-1,2.511576414108e-1,5.859370827675e-1,9.033694267273e-1,5.538047552109e-1,7.131209373474e-1,9.407762885094e-1,6.257117986679e-1,3.403901143418e-4,4.000431642713e-4,9.468582193497e-1
209,3.994944095612e-1,2.407435178757e-1,6.302819252014e-1,7.201914191246e-1,6.385805606842e-1,8.370235562325e-1,6.744432449341e-1,6.440489888191e-1,7.562775015831e-1,6.094884784670e-4,5.947476068429e-4,1.009342623167e0
210,8.052833080292e-1,1.618778705597e-1,4.343182444572e-1,9.232222437859e-1,5.546451807022e-1,7.166479825974e-1,9.805842041969e-1,6.581940650940e-1,5.535324811935e-1,4.757911186878e-4,6.109834187887e-4,1.204916276676e0
211,9.179955720901e-2,5.520066022873e-1,8.135339021683e-1,5.055964589119e-1,7.656359076500e-1,9.057636260986e-1,5.393541455269e-1,8.241498470306e-1,9.495993852615e-1,4.969091975654e-4,5.694216569420e-4,9.886778958839e-1
212,3.277636170387e-1,7.947463989258e-1,4.303685426712e-1,6.096407771111e-1,8.830320239067e-1,6.618937253952e-1,6.768031120300e-1,9.126877784729e-1,6.809540390968e-1,3.581411966306e-4,4.360884674455e-4,7.903849745514e-1
213,4.353526234627e-1,1.307538747787e-1,9.134095907211e-1,7.301658987999e-1,5.963893532753e-1,9.701995849609e-1,4.838368594646e-1,7.234516143799e-1,9.764906764030e-1,5.647442545623e-4,6.435930193183e-4,1.171564911416e0
214,6.935582756996e-1,7.077461481094e-1,4.452852606773e-1,8.159479498863e-1,8.261113762856e-1,6.653647422791e-1,8.317652344704e-1,8.450470566750e-1,6.534746289253e-1,3.800306838622e-4,4.375708923998e-4,6.292433621241e-1
215,9.315102100372e-1,6.883592009544e-1,7.603895664215e-1,9.581886529922e-1,7.982878088951e-1,8.454115390778e-1,9.506672024727e-1,8.286740779877e-1,8.433162570000e-1,2.672087008119e-4,3.370591220786e-4,5.275006658181e-1
216,9.390337467194e-1,5.426526069641e-2,3.427413702011e-1,9.995775222778e-1,4.784551262856e-1,6.595129966736e-1,1.000000000000e0,6.549131274223e-1,5.408707261086e-1,3.432058841729e-4,5.632757032432e-4,1.471981245847e0
217,7.338300347328e-1,2.097690105438e-1,1.082568168640e-1,8.887406587601e-1,5.921427607536e-1,5.245448350906e-1,9.510728716850e-1,6.445466876030e-1,4.508594870567e-1,5.210388680285e-4,6.097642807001e-4,1.134102096205e0
218,3.483118414879e-1,6.066204309464e-1,8.604542016983e-1,6.282572150230e-1,7.789973616600e-1,9.246287941933e-1,5.845781564713e-1,8.123726248741e-1,9.440453052521e-1,4.608663394132e-4,5.155777881026e-4,7.980948129535e-1
219,8.449317812920e-1,1.513959765434e-1,7.642266154289e-1,9.380537271500e-1,5.566579699516e-1,8.843320608139e-1,9.421434998512e-1,7.568057179451e-1,9.189463853836e-1,4.519355505138e-4,6.193656798457e-4,1.224607902070e0
220,9.249066710472e-1,1.986032724380e-2,5.073853135109e-1,9.910224080086e-1,4.786744713783e-1,7.514116764069e-1,1.000000000000e0,6.516073346138e-1,5.855219364166e-1,3.572446619403e-4,5.624753207578e-4,1.482364829501e0
221,5.254586338997e-1,8.346439599991e-1,5.334194302559e-1,7.061312794685e-1,8.996555805206e-1,7.085750102997e-1,7.302184104919e-1,9.185354709625e-1,7.151393890381e-1,2.918642661908e-4,3.624633198454e-4,6.314930028284e-1
222,2.473974823952e-1,8.830277323723e-1,1.279774904251e-1,5.726130604744e-1,9.410605430603e-1,4.810425341129e-1,7.294421792030e-1,9.685069322586e-1,6.068024635315e-1,2.880615590239e-4,3.354807654194e-4,1.105588776204e0
223,2.657161951065e-1,4.504325985909e-1,9.259632825851e-1,6.026767492294e-1,7.152565717697e-1,9.670511484146e-1,4.435014128685e-1,7.775038480759e-1,9.813627004623e-1,5.329216918846e-4,5.634996441043e-4,9.564887968936e-1
224,6.202709674835e-2,7.988436818123e-1,1.612070798874e-1,5.030002593994e-1,8.947374224663e-1,5.042454004288e-1,6.893700957298e-1,9.350481033325e-1,6.111009716988e-1,3.593645827161e-4,4.255260951298e-4,1.145841993710e0
225,6.174573898315e-1,7.645036578178e-1,6.940555572510e-1,7.579479813576e-1,8.519656658173e-1,8.065716624260e-1,7.564501166344e-1,8.594000339508e-1,8.092544078827e-1,3.118514873820e-4,3.113101347635e-4,5.591047902171e-1
226,8.267742991447e-1,6.327741742134e-1,2.146212458611e-1,9.022547602654e-1,7.927876710892e-1,5.437330007553e-1,9.439758658409e-1,8.303640484810e-1,5.505579710007e-1,4.133550539520e-4,4.764390921096e-4,7.468068716532e-1
227,6.091463565826e-2,9.213876128197e-1,3.935793638229e-1,5.134854912758e-1,9.607909321785e-1,6.422925591469e-1,7.202218174934e-1,9.888217449188e-1,7.095983624458e-1,2.417280192468e-4,2.823826431915e-4,9.386529604776e-1
228,6.136422753334e-1,6.292485594749e-1,8.604879975319e-1,7.612946629524e-1,7.722467780113e-1,9.165256023407e-1,7.649267911911e-1,8.054365515709e-1,9.131579995155e-1,3.831220410257e-4,4.681413367884e-4,7.071738370618e-1
229,7.945139408112e-1,7.036442160606e-1,3.102821707726e-1,8.796064853668e-1,8.283855915070e-1,5.914207696915e-1,9.109920859337e-1,8.600252270699e-1,5.907248258591e-1,3.749781805541e-4,4.417255301463e-4,6.612645902127e-1
230,5.444037914276e-2,6.038627624512e-1,2.922773361206e-1,4.980187714100e-1,7.956439852715e-1,6.127538084984e-1,5.880835056305e-1,8.563110232353e-1,6.366025805473e-1,4.963578588459e-4,5.770927994854e-4,1.063767134060e0
231,3.757080435753e-1,4.595748186111e-1,8.631114363670e-1,6.576552391052e-1,7.109637260437e-1,9.315547943115e-1,5.280261635780e-1,7.833727598190e-1,9.710934758186e-1,5.272956836129e-4,5.745488821112e-4,9.118280785486e-1
232,5.524975657463e-1,5.766046047211e-2,3.545815944672e-1,8.325453996658e-1,5.249654650688e-1,7.199062705040e-1,7.993490099907e-1,6.241259574890e-1,5.653735399246e-1,5.312917345470e-4,6.403608941343e-4,1.338585651886e0
233,5.886107683182e-2,3.659725189209e-1,7.291385531425e-1,5.096910595894e-1,7.000724673271e-1,8.790291547775e-1,4.057798087597e-1,7.385381460190e-1,9.140197634697e-1,5.782498027758e-4,6.141123407130e-4,1.088374739159e0
234,1.840454936028e-1,3.115631937981e-1,7.829521894455e-1,5.854290127754e-1,6.747919321060e-1,9.065150618553e-1,4.191099703312e-1,7.304424047470e-1,9.372558593750e-1,5.938573723564e-4,6.274721442592e-4,1.043850177545e0
235,4.527390003204e-3,2.497272491455e-1,2.760485410690e-1,4.808763861656e-1,6.883740425110e-1,7.017410397530e-1,5.071638226509e-1,6.244270205498e-1,6.480841040611e-1,6.251081500840e-4,5.264931561973e-4,1.179618742645e0
236,5.610562562943e-1,2.022568583488e-1,7.766759395599e-2,8.166849017143e-1,6.138932108879e-1,5.201429128647e-1,8.498203158379e-1,6.297698616982e-1,4.617348611355e-1,5.863705873002e-4,6.294804757056e-4,1.097491188612e0
237,9.473640918732e-1,6.193473339081e-1,1.781511306763e-2,9.720127582550e-1,7.878184318542e-1,4.651107490063e-1,1.000000000000e0,8.461185693741e-1,5.552746653557e-1,3.836656699374e-4,4.321363337637e-4,8.566778346097e-1
238,2.804762721062e-1,9.939566254616e-1,4.695868492126e-1,5.966262221336e-1,1.000000000000e0,6.837785840034e-1,7.924787402153e-1,1.000000000000e0,7.845813632011e-1,1.546138852955e-4,1.916451403031e-4,6.919198836038e-1
239,1.419445276260e-1,6.294894814491e-1,1.087633967400e-1,5.312523245811e-1,8.096814751625e-1,4.820589125156e-1,6.375007629395e-1,8.725044727325e-1,5.916287899017e-1,4.853700588360e-4,5.609893368570e-4,1.158321618455e0
240,9.776055812836e-3,2.144481539726e-1,7.668020725250e-1,5.032097101212e-1,6.539165377617e-1,9.115091562271e-1,4.116706848145e-1,7.075521349907e-1,9.198198914528e-1,5.953926489464e-4,6.561597689319e-4,1.191501813962e0
241,4.858890175819e-1,5.082243680954e-2,3.614468574524e-1,8.103903532028e-1,5.330595374107e-1,7.356256842613e-1,6.989867687225e-1,6.231996417046e-1,6.678556203842e-1,5.535096508237e-4,6.227296335680e-4,1.311658889983e0
242,4.283502101898e-1,2.429711222649e-1,4.158126115799e-1,7.452592253685e-1,6.397534608841e-1,7.364753484726e-1,6.648967862129e-1,6.229233145714e-1,6.629878282547e-1,6.190937901152e-4,5.316928214068e-4,9.844837288183e-1
243,9.664384126663e-1,9.489823579788e-1,4.782295227051e-2,9.764683842659e-1,9.770641326904e-1,4.795835316181e-1,9.874373078346e-1,9.822047948837e-1,5.852140188217e-1,1.192869693472e-4,1.306887749206e-4,7.432605819792e-1
244,1.383730173111e-1,9.461361169815e-2,5.587332844734e-1,6.165623068810e-1,6.172403693199e-1,8.488490581512e-1,5.056999921799e-1,6.181601881981e-1,7.376160621643e-1,6.301365740682e-4,5.656669141598e-4,1.146277611765e0
245,1.957709789276e-1,3.591781854630e-1,3.257665038109e-1,6.015413403511e-1,7.010942697525e-1,6.818364858627e-1,5.602166652679e-1,6.986256241798e-1,6.657811403275e-1,6.163907629331e-4,6.195385812088e-4,9.831407026345e-1
246,6.222954392433e-1,7.192973494530e-1,2.105957269669e-2,7.794328927994e-1,8.482764363289e-1,4.434137344360e-1,8.535431027412e-1,9.125521779060e-1,5.593190193176e-1,4.075930215823e-4,4.243967616624e-4,9.986156298439e-1
247,9.534165859222e-1,8.357027769089e-1,8.123586773872e-1,9.693776965141e-1,8.888554573059e-1,8.727650642395e-1,9.724270701408e-1,9.033985733986e-1,8.769817352295e-1,1.543033297443e-4,1.973419243221e-4,2.959121690816e-1
248,2.534053921700e-1,6.589022278786e-1,4.314026236534e-1,5.823732614517e-1,8.129075169563e-1,6.801903843880e-1,6.124857664108e-1,8.522444963455e-1,6.944022774696e-1,4.637461610586e-4,5.403501276903e-4,8.650643469319e-1
249,6.541500091553e-1,7.542271614075e-1,6.408367156982e-1,7.800187468529e-1,8.446146249771e-1,7.712659239769e-1,7.806716561317e-1,8.521637916565e-1,7.692208886147e-1,3.111213725774e-4,3.109291838323e-4,5.699142013314e-1
250,7.382634282112e-1,3.872806429863e-1,1.881473660469e-1,8.706272840500e-1,6.778793931007e-1,5.547726750374e-1,9.479959607124e-1,7.102341055870e-1,4.941745400429e-1,5.296557825090e-4,5.836104217015e-4,9.177668339445e-1
251,2.815901041031e-1,1.482902169228e-1,2.355126738548e-1,7.207368016243e-1,6.302021741867e-1,6.909403204918e-1,6.025335788727e-1,5.816893577576e-1,5.928148627281e-1,6.522858753654e-4,4.893776824298e-4,1.017309731562e0
252,5.832226276398e-1,4.454358816147e-1,9.252075552940e-1,7.651684284210e-1,6.924443244934e-1,9.627168774605e-1,8.332813978195e-1,8.114696741104e-1,9.952939748764e-1,4.918399175128e-4,5.810481708525e-4,8.930248752350e-1
253,1.452627182007e-1,8.206006884575e-1,8.757841587067e-2,5.279277563095e-1,9.073643684387e-1,4.586988091469e-1,7.037860751152e-1,9.440699219704e-1,5.999314188957e-1,3.432125966474e-4,4.021283076984e-4,1.205247276553e0
254,9.113107919693e-1,7.883938550949e-1,3.068766593933e-1,9.472885131836e-1,8.765506148338e-1,5.852785110474e-1,9.660721421242e-1,9.029814004898e-1,5.990236401558e-1,2.828101018897e-4,3.389431375549e-4,6.081864364966e-1
255,5.962811708450e-1,1.868271231651e-1,7.668568491936e-1,8.115454912186e-1,5.980469584465e-1,8.947797417641e-1,8.169245719910e-1,7.246267795563e-1,8.891181945801e-1,5.537745026660e-4,6.804903299460e-4,1.104177635986e0
256,1.497848033905e-1,7.811003327370e-1,3.415588736534e-1,5.314618349075e-1,8.808007240295e-1,6.177513599396e-1,6.656501293182e-1,9.188862442970e-1,6.576642394066e-1,3.752976572345e-4,4.509503738249e-4,9.447513714641e-1
257,4.582042694092e-1,3.464837074280e-1,1.589168310165e-1,7.433769106865e-1,6.852400302887e-1,5.618536472321e-1,7.892001867294e-1,6.943413019180e-1,5.149986743927e-1,6.055044787375e-4,6.480933349116e-4,9.548070233942e-1
258,9.835414290428e-1,5.992561578751e-1,4.796383976936e-1,9.943003058434e-1,7.575578093529e-1,6.840526461601e-1,1.000000000000e0,7.735860347748e-1,6.504433155060e-1,3.445532390309e-4,3.783462261068e-4,6.463559722959e-1
259,5.865781903267e-1,8.564620614052e-1,7.572412490845e-3,7.526763677597e-1,9.252124428749e-1,4.401427507401e-1,8.252245783806e-1,9.533422589302e-1,5.793758034706e-1,3.006348266312e-4,3.308032633914e-4,1.049016795709e0
260,3.648489713669e-1,1.444807648659e-1,1.037335395813e-2,7.597860693932e-1,6.213892102242e-1,4.901126623154e-1,6.898644566536e-1,5.908330678940e-1,4.990345835686e-1,6.297974043609e-4,5.526807926043e-4,1.125167377838e0
261,1.725443005562e-1,3.519338369370e-2,4.263028502464e-1,6.750934720039e-1,5.940738916397e-1,8.163713812828e-1,5.620774626732e-1,5.601587891579e-1,6.264327168465e-1,6.321544072830e-4,4.542398798114e-4,1.164375733708e0
262,6.604790091515e-1,5.590884089470e-1,3.803521990776e-1,8.091602921486e-1,7.511231303215e-1,6.452751159668e-1,8.206852078438e-1,7.472820878029e-1,6.033064126968e-1,4.793296157790e-4,4.682693601073e-4,7.584489576494e-1
263,6.281057596207e-1,6.712639927864e-1,8.434742093086e-1,7.671652436256e-1,7.951068282127e-1,9.042056202888e-1,7.663996219635e-1,8.161864280701e-1,8.993798494339e-1,3.556151622923e-4,3.997460366520e-4,6.483830808562e-1
264,6.513495445251e-1,2.006857395172e-1,8.540916442871e-2,8.538798689842e-1,5.989932417870e-1,5.174976587296e-1,9.059876799583e-1,6.378523111343e-1,4.539514780045e-1,5.527056391626e-4,6.255736768138e-4,1.127568671595e0
265,3.891740441322e-1,8.598822355270e-1,8.437077403069e-1,6.337650418282e-1,9.172679781914e-1,9.067638516426e-1,6.805074810982e-1,9.299406409264e-1,9.224857687950e-1,2.712906110957e-4,3.348093468493e-4,5.822279355298e-1
266,4.718704223633e-1,1.073366403580e-1,4.159263372421e-1,7.925885915756e-1,5.720737576485e-1,7.560253739357e-1,7.005314826965e-1,6.326622962952e-1,6.878805756569e-1,5.894513632445e-4,6.347445292589e-4,1.168382110159e0
267,6.919658184052e-1,5.948110818863e-1,8.057489991188e-1,8.125384449959e-1,7.530204057693e-1,8.835179805756e-1,8.270119428635e-1,7.889298796654e-1,8.793339133263e-1,3.970676112138e-4,4.915606548005e-4,7.097981686365e-1
268,7.421774268150e-1,2.927317619324e-1,5.655004382133e-1,8.766755461693e-1,6.247676610947e-1,7.762772440910e-1,8.735993504524e-1,7.376703619957e-1,8.095734119415e-1,5.226779725467e-4,6.440862905306e-4,9.853313777342e-1
269,9.331672191620e-1,8.413147926331e-2,9.935113191605e-1,9.789146780968e-1,5.435570478439e-1,1.000000000000e0,9.879546761513e-1,7.734767794609e-1,1.000000000000e0,3.817388753827e-4,5.947031154623e-4,1.282136834423e0
270,3.923324346542e-1,3.988862037659e-2,3.768476247787e-1,7.807342410088e-1,5.463936924934e-1,7.608060836792e-1,6.531903743744e-1,6.020457744598e-1,6.510902643204e-1,5.819842007866e-4,5.759752742828e-4,1.269873853874e0
271,5.088880658150e-1,2.752332687378e-1,3.003190755844e-1,7.750699520111e-1,6.441475749016e-1,6.591889262199e-1,7.747190594673e-1,6.368718147278e-1,5.429322719574e-1,6.015667491441e-4,5.882067658055e-4,9.753584397351e-1
272,9.578744173050e-1,8.431595563889e-2,5.484410524368e-1,1.000000000000e0,5.080810785294e-1,7.668665647507e-1,1.000000000000e0,6.609854698181e-1,6.124814152718e-1,3.623415299064e-4,5.403711063946e-4,1.352981046261e0
273,7.907315492630e-1,1.617198586464e-1,6.774669885635e-1,9.117765426636e-1,5.632306933403e-1,8.421161770821e-1,9.088130593300e-1,7.444736361504e-1,8.748646378517e-1,4.825876776304e-4,6.434643655459e-4,1.191319251561e0
274,2.965577840805e-1,9.208460450172e-1,6.799374222755e-1,5.927106738091e-1,9.559335112572e-1,8.077520132065e-1,7.195194363594e-1,9.755914211273e-1,8.460148572922e-1,2.300526174223e-4,2.876650619597e-4,6.642721965744e-1
275,6.700278520584e-1,5.780751705170e-1,1.140239834785e-1,8.173497319221e-1,7.731297016144e-1,4.928776025772e-1,8.873525857925e-1,8.418766856194e-1,5.467604398727e-1,4.834903098833e-4,5.254436109144e-4,8.888085417027e-1
276,9.207190871239e-1,7.956950664520e-1,2.835531234741e-1,9.528186321259e-1,8.815512061119e-1,5.729776620865e-1,9.711512327194e-1,9.096863269806e-1,5.934059619904e-1,2.753760974527e-4,3.275325852965e-4,6.246232674031e-1
277,2.628235220909e-1,7.240253090858e-1,9.959995746613e-1,5.764429569244e-1,8.429535031319e-1,1.000000000000e0,6.362785100937e-1,8.753790855408e-1,1.000000000000e0,3.737118714237e-4,4.521466352578e-4,7.452900437825e-1
278,4.422560334206e-1,3.162604570389e-1,2.513336539268e-1,7.393587827682e-1,6.695032715797e-1,6.291438341141e-1,7.226048707962e-1,6.291465163231e-1,5.340045690536e-1,6.113525748612e-4,5.230146639356e-4,9.470294341709e-1
279,1.776967048645e-1,1.866440176964e-1,4.135701060295e-1,6.377778649330e-1,6.513606309891e-1,7.745605111122e-1,5.236756801605e-1,6.125050783157e-1,6.743481159210e-1,6.507831045190e-4,5.226317968152e-4,1.023245689313e0
280,7.846528291702e-1,6.889213919640e-1,1.727648973465e-1,8.752625584602e-1,8.254522681236e-1,5.178911089897e-1,9.233191609383e-1,8.793099522591e-1,5.596387982368e-1,3.933794247255e-4,4.362132871651e-4,7.758656781812e-1
281,8.704441785812e-1,1.172605752945e-1,3.315528631210e-1,9.607841372490e-1,5.190957188606e-1,6.569284796715e-1,1.000000000000e0,6.469014883041e-1,5.064495801926e-1,4.144679663146e-4,5.878341993411e-4,1.326550887581e0
282,5.375603437424e-1,2.414702773094e-1,5.461166501045e-1,7.881284952164e-1,6.249222159386e-1,7.884616851807e-1,7.415345907211e-1,6.691693663597e-1,7.484520077705e-1,5.887861910204e-4,6.426457437952e-4,1.008737174296e0
283,8.067536354065e-2,8.578768968582e-1,6.138520240784e-1,5.069654583931e-1,9.222456812859e-1,7.751353383064e-1,6.955454349518e-1,9.563239812851e-1,8.322956562042e-1,2.958785026219e-4,3.533794360491e-4,8.500662848942e-1
284,8.346736431122e-2,4.801635146141e-1,5.992994904518e-1,5.052404403687e-1,7.406678795815e-1,8.016276955605e-1,5.317584872246e-1,7.796617746353e-1,8.512230515480e-1,5.473597567167e-4,6.173052287201e-4,1.037088538320e0
285,3.923028111458e-1,3.479921817780e-2,6.545050144196e-1,7.460355758667e-1,5.647898912430e-1,8.680803775787e-1,6.862824559212e-1,6.374971270561e-1,7.755140066147e-1,5.796889931922e-4,6.557651779600e-4,1.243308328718e0
286,2.020597457886e-2,9.150328040123e-1,1.991403102875e-2,5.016677975655e-1,9.623558521271e-1,4.336294233799e-1,7.106717228889e-1,9.795222878456e-1,5.879685282707e-1,2.490033946035e-4,3.101418690770e-4,1.269758878710e0
287,3.528858423233e-1,9.140107035637e-1,3.836004734039e-1,6.193141341209e-1,9.532730579376e-1,6.254613995552e-1,7.339490652084e-1,9.723959565163e-1,6.629411578178e-1,2.460346263865e-4,3.065978971475e-4,8.112003995286e-1
288,3.119977116585e-1,1.554474234581e-1,2.054545879364e-1,7.316648364067e-1,6.283916831017e-1,6.646485328674e-1,6.321440935135e-1,5.828615427017e-1,5.536384582520e-1,6.474447299580e-4,4.967794668635e-4,1.022090486055e0
289,4.483984112740e-1,6.431162953377e-1,9.528481364250e-1,6.733663082123e-1,7.913551926613e-1,9.752092361450e-1,6.778436303139e-1,8.436465263367e-1,9.930284619331e-1,4.135356220953e-4,5.001568140529e-4,7.383697481930e-1
290,4.697096347809e-1,1.942299604416e-1,7.808771729469e-1,7.502934932709e-1,6.140483021736e-1,9.061600565910e-1,7.610214352608e-1,7.066359519958e-1,8.785730600357e-1,5.827782540484e-4,6.932386480494e-4,1.081142354583e0
291,1.336849927902e-1,7.537889480591e-2,4.795948863029e-1,6.305455565453e-1,6.146191954613e-1,8.287566900253e-1,5.359237194061e-1,5.842354297638e-1,6.700955033302e-1,6.381010423018e-4,4.930255239318e-4,1.136454563258e0
292,9.041894674301e-1,2.237910628319e-1,5.038002133369e-1,9.667583703995e-1,5.780044198036e-1,7.390586137772e-1,1.000000000000e0,6.632415652275e-1,5.792438387871e-1,4.439736934150e-4,5.446228542433e-4,1.112594903492e0
293,9.430624246597e-1,3.596176505089e-1,8.789836168289e-1,9.774746298790e-1,6.399976015091e-1,9.353435635567e-1,9.931200146675e-1,8.028179407120e-1,9.462038874626e-1,4.104041890076e-4,5.371057104326e-4,9.533741286233e-1
294,3.610969185829e-1,3.879405260086e-1,8.908752202988e-1,6.582441926003e-1,6.836062073708e-1,9.496091008186e-1,4.534907639027e-1,7.590069770813e-1,9.662729501724e-1,5.488206220406e-4,5.798260990995e-4,9.767199396988e-1
295,1.138507127762e-1,9.703545570374e-1,5.173771381378e-1,5.296316742897e-1,9.879593253136e-1,7.136674523354e-1,7.532388567924e-1,1.000000000000e0,7.924809455872e-1,1.826152302814e-4,2.237282308674e-4,7.971100066214e-1
296,2.535759210587e-1,9.813845157623e-2,7.725143432617e-1,6.562048792839e-1,6.016762256622e-1,9.175434112549e-1,4.580335915089e-1,6.864575147629e-1,9.072747230530e-1,5.982356661767e-4,6.532802554642e-4,1.183179067292e0
297,4.132804870605e-1,7.356745004654e-2,2.820486426353e-1,7.869281172752e-1,5.590785741806e-1,7.080384492874e-1,6.633479595184e-1,5.972506999969e-1,6.071671247482e-1,5.910748176599e-4,5.561469887530e-4,1.212610602121e0
298,8.424555659294e-1,2.105813622475e-1,9.682030081749e-1,9.271574616432e-1,5.890301465988e-1,9.891503453255e-1,9.480690956116e-1,7.819666862488e-1,9.881792068481e-1,4.496333199997e-4,6.157608771737e-4,1.131817106354e0
299,1.928804516792e-1,6.807513237000e-1,4.495445489883e-1,5.511577725410e-1,8.256984353065e-1,6.909043788910e-1,6.030089259148e-1,8.658737540245e-1,7.109193801880e-1,4.486666657731e-4,5.284425123838e-4,8.899589687707e-1
300,6.381027102470e-1,9.127838611603e-1,4.381773471832e-1,7.762230038643e-1,9.497615695000e-1,6.524717211723e-1,8.201875090599e-1,9.641994237900e-1,6.688707470894e-1,2.224315796554e-4,2.768636753385e-4,6.144221230491e-1
301,6.112416386604e-1,5.154820084572e-1,1.092654466629e-1,7.920300960541e-1,7.465086579323e-1,4.960806071758e-1,8.617098927498e-1,8.091173171997e-1,5.397082567215e-1,5.241917346906e-4,5.797122903640e-4,9.227851983027e-1
302,5.329940915108e-1,5.782061815262e-1,5.700514912605e-1,7.266131639481e-1,7.536472082138e-1,7.487607002258e-1,7.006375193596e-1,7.353085875511e-1,7.290964722633e-1,4.626666289907e-4,3.525632916416e-4,7.810096609456e-1
303,6.786738038063e-1,4.547027349472e-1,5.957611799240e-1,8.236678838730e-1,6.935590505600e-1,7.747375965118e-1,7.908621430397e-1,7.117236852646e-1,7.612872719765e-1,4.985297283225e-4,5.010577566333e-4,8.327065447690e-1
304,5.027791261673e-1,5.193824768066e-1,8.008773922920e-1,7.137930989265e-1,7.258553504944e-1,8.895536065102e-1,6.954004764557e-1,7.655985355377e-1,8.885486125946e-1,4.822754057587e-4,5.550242058025e-4,8.369142526946e-1
305,1.434984803200e-1,7.161577939987e-1,8.739110827446e-1,5.190401077271e-1,8.422005772591e-1,9.317081570625e-1,6.038897037506e-1,8.737564086914e-1,9.559834003448e-1,3.920041955903e-4,4.757437458438e-4,8.520333101611e-1
306,5.810502767563e-1,2.631776928902e-1,6.591385006905e-1,7.996525168419e-1,6.282413601875e-1,8.370837569237e-1,8.083649873734e-1,7.297911047935e-1,8.437449932098e-1,5.690609425313e-4,6.742254848128e-4,1.003009036171e0
307,5.462417602539e-1,5.126463770866e-1,7.284791469574e-1,7.395719289780e-1,7.211569547653e-1,8.471162915230e-1,7.271788120270e-1,7.344678044319e-1,8.218064904213e-1,4.848761987287e-4,4.894115009361e-4,8.249475925595e-1
308,8.090839982033e-1,9.591093063354e-1,6.447750329971e-2,8.823500275612e-1,9.834427833557e-1,4.742580354214e-1,9.116056561470e-1,9.941506981850e-1,6.222732663155e-1,1.542644056526e-4,1.588222580980e-4,7.428339339939e-1
309,9.084784984589e-1,7.813421487808e-1,5.536012649536e-1,9.438129067421e-1,8.633494377136e-1,7.179698944092e-1,9.554816484451e-1,8.710068464279e-1,7.066098451614e-1,2.607742272059e-4,2.783094485667e-4,4.559159630720e-1
310,2.855706214905e-1,7.650288939476e-1,7.415636777878e-1,5.856389999390e-1,8.653354644775e-1,8.505105376244e-1,6.299706101418e-1,8.878151774406e-1,8.761062026024e-1,3.677854253322e-4,4.416053249076e-4,7.243742398124e-1
311,8.773689270020e-1,2.767249345779e-1,7.844190597534e-1,9.462361931801e-1,6.081329584122e-1,8.878396749496e-1,9.635489583015e-1,7.797651886940e-1,9.337395429611e-1,4.546635773005e-4,5.794949500847e-4,1.044511882826e0
312,3.470764160156e-1,8.106410503387e-3,1.618796586990e-2,8.011611104012e-1,4.976627826691e-1,5.225110650063e-1,6.372116208076e-1,5.675262212753e-1,5.262166261673e-1,5.200302040770e-4,4.918937697752e-4,1.483115310563e0
313,2.917888760567e-1,8.081412911415e-1,7.559980154037e-1,5.876435637474e-1,8.895025849342e-1,8.572571873665e-1,6.406788825989e-1,9.081311821938e-1,8.796234130859e-1,3.311960086746e-4,4.033219704875e-4,6.922750488066e-1
314,3.645616769791e-1,9.617769718170e-2,5.342407822609e-1,7.413421869278e-1,5.886743068695e-1,8.201305866241e-1,6.544725298882e-1,6.135951876640e-1,7.068071365356e-1,6.113768252961e-4,5.935801147908e-4,1.142412823899e0
315,8.024239540100e-1,8.926804661751e-1,1.106011271477e-1,8.792616724968e-1,9.436950683594e-1,4.864599108696e-1,9.129706025124e-1,9.640026688576e-1,5.891527533531e-1,2.265757793983e-4,2.483555575851e-4,8.519975205947e-1
316,9.791721701622e-1,1.081511974335e-1,4.924832582474e-1,1.000000000000e0,5.220443010330e-1,7.325429320335e-1,1.000000000000e0,6.664552092552e-1,6.013497710228e-1,3.537503486992e-4,5.319051716789e-4,1.317112443755e0
317,9.676347374916e-1,2.235938906670e-1,5.054731965065e-1,1.000000000000e0,5.727452635765e-1,7.353159785271e-1,1.000000000000e0,6.785102486610e-1,6.082944869995e-1,4.060888716323e-4,5.206269509618e-4,1.107204549935e0
318,8.473030924797e-1,2.997561097145e-1,1.303676962852e-1,9.345416426659e-1,6.282684206963e-1,5.231336951256e-1,9.984191656113e-1,6.806406974792e-1,4.668000638485e-1,4.910047011409e-4,5.743782236911e-4,1.033179491192e0
319,4.923307895660e-2,6.465632915497e-1,9.070911407471e-1,4.869671165943e-1,8.087066411972e-1,9.528439640999e-1,5.803731083870e-1,8.595099449158e-1,9.784348011017e-1,4.313322587666e-4,5.140402634026e-4,9.605695299690e-1
320,8.064057826996e-1,4.000287055969e-1,7.758259773254e-2,9.053494930267e-1,6.834034919739e-1,4.894433617592e-1,9.774425625801e-1,7.257370352745e-1,4.813314676285e-1,5.063364020976e-4,5.681546276890e-4,9.613271268603e-1
321,6.428369283676e-1,9.574636220932e-1,4.496164321899e-1,7.784216403961e-1,9.771729111671e-1,6.580139994621e-1,8.263965249062e-1,9.848530888557e-1,6.727353334427e-1,1.736483758559e-4,2.174109903808e-4,6.149956993709e-1
322,4.226545095444e-1,3.695272207260e-1,2.301275134087e-1,7.199458479881e-1,6.920601725578e-1,6.060301065445e-1,7.319701313972e-1,6.891316175461e-1,5.506268143654e-1,6.027067566052e-4,6.204797416203e-4,9.298633082132e-1
323,8.693044781685e-1,1.237857341766e-2,3.266149759293e-2,9.758357405663e-1,4.422445297241e-1,4.839057028294e-1,1.000000000000e0,6.404209733009e-1,4.573802947998e-1,3.292875528007e-4,5.999498607563e-4,1.697052338422e0
324,1.756091713905e-1,9.721183776855e-1,4.174537658691e-1,5.490538477898e-1,9.894742369652e-1,6.527120471001e-1,7.496706247330e-1,1.000000000000e0,7.304847240448e-1,1.845345650784e-4,2.260074673307e-4,8.136173871071e-1
325,3.870562911034e-1,1.471821069717e-1,2.954007983208e-1,7.586969733238e-1,6.086000800133e-1,7.050411105156e-1,6.444888114929e-1,6.009761691093e-1,6.248306632042e-1,6.284389612765e-4,5.380619007544e-4,1.059869578956e0
326,1.542190909386e-1,3.621035814285e-1,6.455463767052e-1,5.657496452332e-1,6.966803073883e-1,8.386574983597e-1,4.321791231632e-1,7.279982566833e-1,8.699380755424e-1,5.949792177463e-4,6.119148244524e-4,1.013497521089e0
327,6.606578826904e-2,9.361600279808e-1,9.940107464790e-1,4.979695379734e-1,9.667081832886e-1,9.983202815056e-1,7.423230409622e-1,9.797555804253e-1,1.000000000000e0,1.772373224321e-4,2.318700933479e-4,7.538228310697e-1
328,7.612679600716e-1,2.771415710449e-1,5.776500701904e-1,8.878066539764e-1,6.164221763611e-1,7.831392884254e-1,8.948680162430e-1,7.493494153023e-1,8.250635266304e-1,5.154137606525e-4,6.355483745459e-4,1.007821994208e0
329,8.018416762352e-1,6.936545372009e-1,4.998445510864e-2,8.847085833549e-1,8.307683467865e-1,4.636116325855e-1,9.378840923309e-1,8.927063345909e-1,5.483503937721e-1,3.876763312557e-4,4.095669873653e-4,8.804242525341e-1
330,6.363151669502e-1,3.885658383369e-1,4.231498837471e-1,8.123295903206e-1,6.723648905754e-1,6.921167969704e-1,8.139027953148e-1,6.784582734108e-1,6.138151884079e-1,5.423049307767e-4,5.451618482042e-4,8.948701495570e-1
331,8.012878298759e-1,3.070101141930e-1,6.915212273598e-1,9.042405486107e-1,6.259340047836e-1,8.383826017380e-1,9.221833944321e-1,7.727599740028e-1,8.900533318520e-1,4.924915274996e-4,6.022868317612e-4,9.841354005195e-1
332,8.266366720200e-1,7.824749946594e-1,4.966801404953e-1,8.933055400848e-1,8.668307662010e-1,6.872997879982e-1,9.066435098648e-1,8.808278441429e-1,6.777932643890e-1,2.921261039861e-4,3.396132322199e-4,5.086528535510e-1
333,7.431672811508e-1,6.105642318726e-1,4.614151120186e-1,8.500712513924e-1,7.703764438629e-1,6.802009344101e-1,8.572294116020e-1,7.619723677635e-1,6.422812342644e-1,4.232285212255e-4,3.732948426057e-4,6.828288757942e-1
334,7.384286522865e-1,5.997135639191e-1,3.071858882904e-1,8.522499799728e-1,7.734636068344e-1,5.989993810654e-1,8.860556483269e-1,7.961300611496e-1,5.759966373444e-1,4.489070567960e-4,5.110406159938e-4,7.318723554681e-1
335,6.544522047043e-1,8.822650909424e-1,5.215677618980e-1,7.830388545990e-1,9.287810921669e-1,6.988869905472e-1,8.081693649292e-1,9.434211850166e-1,7.030233144760e-1,2.390362675162e-4,2.998972602264e-4,5.489620375082e-1
336,8.500131368637e-1,2.748109102249e-1,3.307671546936e-1,9.356628060341e-1,6.072770357132e-1,6.413232684135e-1,9.994301199913e-1,6.694197654724e-1,5.086511373520e-1,4.793341723906e-4,5.701026336971e-4,1.037776151702e0
337,2.330284714699e-1,3.542981147766e-1,3.447002768517e-1,6.232227087021e-1,6.959114670753e-1,6.903345584869e-1,5.615639090538e-1,6.691110730171e-1,6.603266000748e-1,6.170628432594e-4,5.509539200177e-4,9.668682405626e-1
338,2.781081199646e-2,8.680503964424e-1,4.370383620262e-1,5.021075010300e-1,9.297508001328e-1,6.710107922554e-1,7.050709724426e-1,9.669908285141e-1,7.380693554878e-1,2.938248332852e-4,3.380844674827e-4,9.331254083373e-1
339,9.352209568024e-1,6.536812186241e-1,2.914416790009e-1,9.647909402847e-1,7.989022135735e-1,5.824390053749e-1,9.916393160820e-1,8.166691660881e-1,5.652520060539e-1,3.624254256503e-4,4.182199341949e-4,6.672970575916e-1
340,2.988660335541e-1,2.227274179459e-1,7.941945791245e-1,6.606477499008e-1,6.374135613441e-1,9.156619906425e-1,4.540922045708e-1,7.119476795197e-1,9.351264238358e-1,6.011359185529e-4,6.388432173544e-4,1.071604147916e0
341,3.918987512589e-2,3.782412409782e-1,2.178717851639e-1,5.042451620102e-1,7.185283303261e-1,6.187655329704e-1,5.424779057503e-1,7.279699444771e-1,6.313042044640e-1,5.995524593651e-4,6.532699526839e-4,1.125705164839e0
342,1.179389357567e-1,4.949272871017e-1,4.011132717133e-1,5.279726386070e-1,7.482529282570e-1,6.953172683716e-1,5.655009150505e-1,7.964335083961e-1,7.290781736374e-1,5.544198886747e-4,6.290306070065e-4,1.013627982374e0
343,6.375276446342e-1,3.621550202370e-1,6.279138922691e-1,8.140563368797e-1,6.602454185486e-1,8.065101504326e-1,8.125946521759e-1,7.304019331932e-1,8.157256245613e-1,5.403168827501e-4,6.366161915409e-4,9.122850686679e-1
344,7.577438950539e-1,7.523493170738e-1,2.631222605705e-1,8.562900424004e-1,8.582887649536e-1,5.634008049965e-1,8.967048525810e-1,9.019697308540e-1,5.874267220497e-1,3.532802534291e-4,4.041298457654e-4,6.949267472222e-1
345,9.717805981636e-1,5.772756338120e-1,9.669774770737e-1,9.866669774055e-1,7.386556863785e-1,9.814386963844e-1,1.000000000000e0,8.583937287331e-1,9.820422530174e-1,3.080973969299e-4,3.776372056716e-4,7.003316070200e-1
346,6.886419653893e-1,3.316892385483e-1,5.356001853943e-1,8.455017805099e-1,6.453499794006e-1,7.590365409851e-1,8.108502030373e-1,6.999090909958e-1,7.593153119087e-1,5.376678466614e-4,6.152421656865e-4,9.372649835552e-1
347,8.505552411079e-1,4.733340144157e-1,7.566053271294e-1,9.184622168541e-1,6.927792429924e-1,8.600187301636e-1,9.555372595787e-1,8.221195340157e-1,9.222474694252e-1,4.264884163910e-4,5.095708931775e-4,8.047453608279e-1
348,4.685308933258e-1,7.407732605934e-1,8.960339426994e-1,6.783025860786e-1,8.443146348000e-1,9.393196105957e-1,6.679975390434e-1,8.603601455688e-1,9.484629631042e-1,3.523865928290e-4,3.898915144446e-4,6.249847297012e-1
349,9.870665669441e-1,5.162211656570e-1,5.115556120872e-1,9.980706572533e-1,7.088763713837e-1,7.055822014809e-1,1.000000000000e0,7.568662762642e-1,6.668174266815e-1,3.617969264951e-4,4.551945361296e-4,7.509819154601e-1
350,1.395961046219e-1,4.484400153160e-1,3.068691492081e-2,5.502176880836e-1,7.432453036308e-1,4.495204091072e-1,5.876977443695e-1,7.815660238266e-1,6.012687087059e-1,5.806384535089e-4,6.632765195785e-4,1.226167835075e0
351,2.222763895988e-1,4.465340375900e-1,3.814351558685e-2,5.991610884666e-1,7.395133972168e-1,4.563271701336e-1,6.170283555984e-1,7.782725691795e-1,5.888476967812e-1,5.865294340507e-4,6.614226737142e-4,1.156586924581e0
352,1.748154163361e-1,2.936944961548e-1,8.714215755463e-1,5.775629281998e-1,6.670246124268e-1,9.484680891037e-1,4.027083218098e-1,7.396039366722e-1,9.696155190468e-1,5.840180210560e-4,6.372965696517e-4,1.079776785018e0
353,6.710482835770e-1,2.247049212456e-1,9.739105105400e-1,8.342515230179e-1,6.083290576935e-1,9.933546185493e-1,8.691819906235e-1,7.650055885315e-1,1.000000000000e0,5.109880767430e-4,6.334835747158e-4,1.087595380248e0
354,3.275170326233e-1,7.548127174377e-1,7.507018446922e-1,6.068055629730e-1,8.582581281662e-1,8.551539182663e-1,6.360255479813e-1,8.788899779320e-1,8.781386017799e-1,3.728807014149e-4,4.411478796120e-4,7.014894303147e-1
355,2.780539989471e-1,4.445728659630e-1,6.566910743713e-1,6.187765598297e-1,7.160555720329e-1,8.284946084023e-1,5.432592630386e-1,7.505908608437e-1,8.542718291283e-1,5.650064118861e-4,6.043579975306e-4,9.206658230207e-1
356,7.169772386551e-1,4.233777523041e-3,9.894067645073e-1,8.662152886391e-1,5.468239188194e-1,1.000000000000e0,8.871247172356e-1,7.702597975731e-1,1.000000000000e0,4.659236964539e-4,6.547038699033e-4,1.298398514643e0
357,5.859577059746e-1,3.114468455315e-1,4.725592136383e-1,7.996882796288e-1,6.471325755119e-1,7.368626594543e-1,7.421619892120e-1,6.629857420921e-1,7.068913578987e-1,5.730514814563e-4,5.662925304319e-4,9.480071143439e-1
358,8.090953230858e-1,2.009792327881e-1,5.193150639534e-1,9.200049638748e-1,5.761643648148e-1,7.570131421089e-1,9.776815772057e-1,6.784667372704e-1,6.126086115837e-1,4.872303136906e-4,6.141078356104e-4,1.130152018543e0
359,7.352238893509e-2,3.155617117882e-1,4.525139331818e-1,5.275052189827e-1,6.934704184532e-1,7.630032300949e-1,4.622033536434e-1,6.847997307777e-1,7.597842812538e-1,6.149810708378e-4,6.038848137069e-4,1.074780345571e0
360,9.222972989082e-1,7.523915767670e-1,5.919980406761e-1,9.525675773621e-1,8.435348868370e-1,7.403452396393e-1,9.633977413177e-1,8.474623560905e-1,7.257680296898e-1,2.668777127832e-4,2.649885962250e-4,4.645047281481e-1
361,1.640653014183e-1,1.349003314972e-1,4.998480677605e-1,6.343340277672e-1,6.323964595795e-1,8.204787373543e-1,5.174022912979e-1,6.119179725647e-1,7.061124444008e-1,6.438988947277e-4,5.399236482984e-4,1.079364508001e0
362,1.309975385666e-1,8.489443659782e-1,8.009892106056e-1,5.135977864265e-1,9.158859252930e-1,8.856276273727e-1,6.695055961609e-1,9.404731392860e-1,9.177811145782e-1,2.897727542248e-4,3.663805540715e-4,7.964679436961e-1
363,4.092379808426e-1,8.909080624580e-1,4.327538609505e-1,6.462197899818e-1,9.378197193146e-1,6.525750160217e-1,7.327440977097e-1,9.572114348412e-1,6.775044202805e-1,2.630724440684e-4,3.312476850881e-4,7.458243077736e-1
364,8.908152580261e-1,5.823188424110e-1,5.178701877594e-2,9.409773945808e-1,7.694110274315e-1,4.718698561192e-1,9.874841570854e-1,8.188055157661e-1,5.205402970314e-1,4.211396158288e-4,4.783910341892e-4,8.683975140266e-1
365,7.766532301903e-1,4.698473215103e-2,8.967148065567e-1,9.033924937248e-1,5.382328033447e-1,9.566426873207e-1,9.126053452492e-1,7.504215836525e-1,9.738032817841e-1,4.540695089791e-4,6.385880024934e-4,1.328958130937e0
366,3.104408383369e-1,1.602786183357e-1,8.830754160881e-1,6.672818064690e-1,6.152891516685e-1,9.581393003464e-1,4.355232119560e-1,7.256585955620e-1,9.627819657326e-1,5.859535294945e-4,6.603597322072e-4,1.145038554440e0
367,9.635684490204e-1,3.748658299446e-1,2.203186750412e-1,9.910709261894e-1,6.542415022850e-1,5.618774890900e-1,1.000000000000e0,6.995357275009e-1,5.370559096336e-1,4.349842378296e-4,4.987616044153e-4,9.269970169571e-1
368,5.269985795021e-1,7.337402105331e-1,4.789667725563e-1,7.146375775337e-1,8.414174914360e-1,6.842696666718e-1,7.268615365028e-1,8.655342459679e-1,6.834055781364e-1,3.793782786713e-4,4.481414792300e-4,6.894571049487e-1
369,5.703321099281e-1,1.256852149963e-1,6.054580211639e-3,8.359948992729e-1,5.658248066902e-1,4.758126437664e-1,8.478354811668e-1,6.205352544785e-1,4.593368470669e-1,5.470182309057e-4,6.381342325869e-4,1.257662047207e0
370,6.890138387680e-1,4.367008209229e-1,3.484408259392e-1,8.366954922676e-1,6.940701603889e-1,6.419197320938e-1,8.714638352394e-1,6.925564408302e-1,5.554960370064e-1,5.221033948579e-4,5.360386833259e-4,8.512058897902e-1
371,2.894246578217e-2,4.240502715111e-1,9.044119119644e-1,4.952296614647e-1,7.160855531693e-1,9.592316746712e-1,3.854548633099e-1,7.667716145515e-1,9.768948554993e-1,5.385775355275e-4,5.822883095736e-4,1.090465293868e0
372,4.255992174149e-2,1.948059201241e-1,2.147222757339e-1,5.437663197517e-1,6.773844361305e-1,6.897042393684e-1,5.438890457153e-1,5.809258222580e-1,5.879685878754e-1,6.499444177421e-4,4.602155896746e-4,1.086348001219e0
373,8.875134587288e-1,3.584535121918e-1,3.366247415543e-1,9.491727352142e-1,6.440591216087e-1,6.308151483536e-1,1.000000000000e0,6.955273747444e-1,5.350834131241e-1,4.619642540348e-4,5.353590256161e-4,9.402642773013e-1
374,9.750787615776e-1,1.674008369446e-2,7.341392040253e-1,1.000000000000e0,5.077084302902e-1,8.594391942024e-1,1.000000000000e0,7.049514055252e-1,7.430908679962e-1,3.442331566425e-4,5.718170564927e-4,1.391810768342e0
375,3.126114010811e-1,6.734398007393e-1,5.512318611145e-1,6.084960103035e-1,8.164258599281e-1,7.445378899574e-1,6.187805533409e-1,8.416932821274e-1,7.599771618843e-1,4.461527120617e-4,5.100490535984e-4,7.922325399821e-1
376,9.393219351768e-1,3.816735744476e-2,9.376711845398e-1,9.889456033707e-1,5.240573287010e-1,9.745513200760e-1,9.913761615753e-1,7.716833949089e-1,9.734855294228e-1,3.725552845504e-4,6.041245566584e-4,1.328302175269e0
377,3.824430704117e-2,5.000069737434e-1,1.988097429276e-1,4.962370693684e-1,7.570710182190e-1,5.721974968910e-1,5.643945336342e-1,8.071232438087e-1,6.257023811340e-1,5.507004318315e-4,6.378465826471e-4,1.134247170846e0
378,4.318388104439e-1,3.410593271255e-1,9.755901694298e-1,6.974034905434e-1,6.628320813179e-1,9.936165213585e-1,4.903175234795e-1,7.491331100464e-1,1.000000000000e0,5.425087152920e-4,5.777195182148e-4,1.004895914195e0
379,5.983965396881e-1,6.936215758324e-1,9.667693376541e-1,7.484819293022e-1,8.100859522820e-1,9.813719987869e-1,7.383425235748e-1,8.460253477097e-1,9.867053031921e-1,3.404373846033e-4,4.315455515385e-4,6.390602366589e-1
380,1.058942079544e-2,2.704355716705e-1,9.572211503983e-1,5.001171231270e-1,6.638470888138e-1,9.896584749222e-1,3.815325498581e-1,7.380500435829e-1,9.968996644020e-1,5.631770683384e-4,6.391884122075e-4,1.182771121571e0
381,1.210914254189e-1,4.589498639107e-1,9.535765647888e-1,5.285801291466e-1,7.256790399551e-1,9.821539521217e-1,3.975064456463e-1,7.767379879951e-1,9.949356913567e-1,5.244493132142e-4,5.553812659847e-4,1.025386966731e0
382,5.707275271416e-1,3.500059247017e-1,3.415755629539e-1,7.877902984619e-1,6.649411320686e-1,6.597549915314e-1,7.990216612816e-1,6.577314734459e-1,5.589927434921e-1,5.725822404766e-4,5.609271154674e-4,9.276463482782e-1
383,9.102867841721e-1,4.513083696365e-1,4.679502844810e-1,9.555273056030e-1,6.816568374634e-1,6.911708116531e-1,1.000000000000e0,7.272627353668e-1,6.060000061989e-1,4.243372140668e-4,5.104673052628e-4,8.329198438085e-1
384,3.544256687164e-1,8.279646635056e-1,2.177572250366e-2,6.260089278221e-1,9.107828736305e-1,4.338594079018e-1,7.457743287086e-1,9.456583857536e-1,5.920055508614e-1,3.420195782443e-4,3.855780910856e-4,1.164848157252e0
385,3.228256702423e-1,6.989243030548e-1,6.575773954391e-1,6.095389127731e-1,8.284623622894e-1,8.035335540771e-1,6.197217702866e-1,8.483069539070e-1,8.230897188187e-1,4.214463115233e-4,4.792188331523e-4,7.521568623818e-1
386,8.919584751129e-2,7.762013077736e-1,1.674647927284e-1,5.093333721161e-1,8.820489048958e-1,5.091702938080e-1,6.838598251343e-1,9.257134795189e-1,6.091165542603e-1,3.786333236718e-4,4.472269053919e-4,1.126991349064e0
387,2.798135876656e-1,6.476186513901e-1,6.414169669151e-1,5.917593240738e-1,8.041266202927e-1,7.998844981194e-1,5.971828103065e-1,8.240909576416e-1,8.216214179993e-1,4.593074908291e-4,5.138320830873e-4,8.107929995581e-1
388,1.424752473831e-1,1.674432158470e-1,1.890293359756e-1,6.415503621101e-1,6.613594293594e-1,6.770492792130e-1,5.597420334816e-1,5.689187049866e-1,5.727267861366e-1,6.652148077080e-4,4.477526745281e-4,1.004044641829e0
389,7.816527485847e-1,4.937930107117e-1,9.150613546371e-1,8.743222355843e-1,7.044169902802e-1,9.533632993698e-1,9.228322505951e-1,8.320780396461e-1,9.628216028214e-1,4.242505018599e-4,5.232574566247e-4,8.111277930514e-1
390,5.519502162933e-1,9.043008685112e-1,8.923634290695e-1,7.177157998085e-1,9.409732818604e-1,9.331299066544e-1,7.461389899254e-1,9.492421746254e-1,9.431496858597e-1,2.015731006083e-4,2.496665052889e-4,4.376267813879e-1
391,8.345996141434e-1,4.325488209724e-1,5.720527172089e-1,9.131103754044e-1,6.765315532684e-1,7.575243115425e-1,9.660019278526e-1,7.370705604553e-1,6.780243515968e-1,4.590495971041e-4,5.516804770210e-4,8.424079854625e-1
392,5.517429709435e-1,8.524852991104e-2,9.457778930664e-1,7.866699099541e-1,5.737404227257e-1,9.839969277382e-1,6.455794572830e-1,7.235332727432e-1,9.998127818108e-1,5.302862261441e-4,6.567274736145e-4,1.224119279488e0
393,3.891103863716e-1,4.544615149498e-1,5.464047193527e-2,6.874762177467e-1,7.343981862068e-1,4.685401022434e-1,7.187893986702e-1,7.806755304337e-1,5.564303398132e-1,5.792790160734e-4,6.505642254434e-4,1.054597345790e0
394,8.054450154305e-1,8.488827943802e-2,8.516045808792e-1,9.192044734955e-1,5.409510135651e-1,9.325514435768e-1,9.250216484070e-1,7.525126934052e-1,9.545611143112e-1,4.504123570261e-4,6.317890279556e-4,1.306027649806e0
395,4.063716530800e-1,2.175974845886e-1,3.117589354515e-1,7.461864352226e-1,6.353598237038e-1,6.927923560143e-1,6.502677798271e-1,6.059677600861e-1,6.178364753723e-1,6.282903954374e-4,5.034101413174e-4,9.973531477073e-1
396,9.663975238800e-1,6.827881336212e-1,6.173967123032e-1,9.814403653145e-1,7.987912297249e-1,7.566191554070e-1,9.924511313438e-1,8.118336796761e-1,7.234300374985e-1,2.822796415279e-4,3.059931078805e-4,5.380361709739e-1
397,4.247826933861e-1,6.880937814713e-1,3.627638816833e-1,6.672651767731e-1,8.230132460594e-1,6.274475455284e-1,7.010027766228e-1,8.680133223534e-1,6.381117701530e-1,4.357474136756e-4,5.167473073144e-4,8.005768150308e-1
398,5.515387654305e-1,2.203475832939e-1,6.909359693527e-1,7.904874086380e-1,6.151452064514e-1,8.583640456200e-1,7.917745113373e-1,7.164376378059e-1,8.482156991959e-1,5.748556591464e-4,6.852470315100e-4,1.047997510591e0
399,9.518696665764e-1,1.825278401375e-1,9.252229332924e-1,9.903112053871e-1,5.674225687981e-1,9.656625390053e-1,9.972460865974e-1,7.793537378311e-1,9.675909876823e-1,3.955317769008e-4,5.825887460764e-4,1.164775129154e0
400,3.542172312737e-1,7.509537935257e-1,3.147032856941e-1,6.264072060585e-1,8.599314093590e-1,5.953392982483e-1,6.971157789230e-1,9.035979509354e-1,6.283406019211e-1,3.964004702501e-4,4.711680788807e-4,8.535697165565e-1
401,7.145448327065e-1,3.064534068108e-1,7.515996694565e-1,8.576866388321e-1,6.327953338623e-1,8.739393949509e-1,8.827480673790e-1,7.667707800865e-1,9.072992205620e-1,5.191182700415e-4,6.235757608909e-4,9.810591138870e-1
402,9.466984868050e-1,9.929887056351e-1,3.336716890335e-1,9.659667015076e-1,9.998369216919e-1,5.995145440102e-1,9.751104712486e-1,1.000000000000e0,6.425747275352e-1,7.081331273417e-5,7.579510925493e-5,3.926162213035e-1
403,1.611486673355e-1,8.492355346680e-1,5.465546846390e-1,5.349673628807e-1,9.167639613152e-1,7.344877123833e-1,6.853178739548e-1,9.476940631866e-1,7.792418003082e-1,3.096168664035e-4,3.770669399610e-4,8.228519604246e-1
404,8.853532075882e-1,6.946652531624e-1,4.116902351379e-1,9.331813454628e-1,8.175843954086e-1,6.447854042053e-1,9.524725079536e-1,8.267329335213e-1,6.203884482384e-1,3.448484756541e-4,3.803861528930e-4,5.891634071469e-1
405,8.275200128555e-1,6.908840537071e-1,5.113255977631e-2,8.998590111732e-1,8.287408947945e-1,4.655065536499e-1,9.480492472649e-1,8.875789046288e-1,5.498985052109e-1,3.824851261353e-4,4.104689470585e-4,8.683353219067e-1
406,9.023743867874e-2,6.342695951462e-1,1.269078254700e-2,5.068375468254e-1,8.155425786972e-1,4.216642975807e-1,6.358277797699e-1,8.743262290955e-1,5.860891938210e-1,4.792438577799e-4,5.597792981372e-4,1.331844039486e0
407,4.658601284027e-1,5.358014702797e-1,2.958044409752e-1,7.100511789322e-1,7.517806291580e-1,6.099627017975e-1,7.383494973183e-1,7.934771180153e-1,5.997043251991e-1,5.294420975420e-4,6.019805448807e-4,8.508857392003e-1
408,2.590695619583e-1,6.071442365646e-1,2.765079140663e-1,5.914157032967e-1,7.905068993568e-1,5.935676693916e-1,6.474756598473e-1,8.582293391228e-1,6.171950101852e-1,4.995883000050e-4,5.709612100329e-4,9.438866510671e-1
409,2.909052371979e-2,6.745708584785e-1,9.971598386765e-1,4.889316856861e-1,8.220813274384e-1,1.000000000000e0,6.370823383331e-1,8.783996701241e-1,1.000000000000e0,4.026555109577e-4,4.804048438982e-4,9.265568200491e-1
410,2.351220846176e-1,8.757014870644e-1,3.680227994919e-1,5.668577551842e-1,9.326165914536e-1,6.240023374557e-1,7.125167250633e-1,9.617166519165e-1,6.761357784271e-1,2.903519083548e-4,3.479265166931e-4,8.746387464040e-1
411,7.469447255135e-1,7.419896125793e-2,5.932390689850e-2,9.136407971382e-1,4.974170625210e-1,5.014786720276e-1,9.554678201675e-1,6.326643228531e-1,4.469284117222e-1,4.294323836271e-4,6.270201806193e-4,1.474332494672e0
412,2.591227293015e-1,9.955619573593e-1,2.180704474449e-1,6.063804030418e-1,1.000000000000e0,5.625413060188e-1,8.350453376770e-1,1.000000000000e0,8.111166954041e-1,1.579498637770e-4,1.627061541927e-4,8.217574172738e-1
413,3.525793552399e-2,2.725880146027e-1,9.509432911873e-1,5.088269114494e-1,6.641317009926e-1,9.866870045662e-1,3.829727172852e-1,7.383606433868e-1,9.939322471619e-1,5.655809708451e-4,6.390932678209e-4,1.171593360612e0
414,5.669260025024e-2,9.489059448242e-2,9.298113584518e-1,5.211758017540e-1,6.071372628212e-1,9.834645986557e-1,3.843515217304e-1,7.213528156281e-1,9.840485453606e-1,5.517193632815e-4,6.784585687480e-4,1.310104491638e0
415,6.816656589508e-1,6.599903702736e-1,4.056561589241e-1,8.130376935005e-1,8.016080856323e-1,6.481215357780e-1,8.312931656837e-1,8.202940821648e-1,6.305286288261e-1,4.178315977417e-4,4.733306583032e-4,6.769453227416e-1
416,7.641689181328e-1,1.214407682419e-1,7.254787683487e-1,9.011049866676e-1,5.502218604088e-1,8.697582483292e-1,8.959975242615e-1,7.392851710320e-1,8.904926776886e-1,4.813357615496e-4,6.534560072263e-4,1.250554037508e0
417,6.554123163223e-1,4.598457217216e-1,1.673916578293e-1,8.210180401802e-1,7.170564532280e-1,5.372447371483e-1,8.889074921608e-1,7.551963925362e-1,5.187773108482e-1,5.348832072318e-4,5.958683458102e-4,8.883911112078e-1
418,8.596929311752e-1,8.513156771660e-1,4.878599643707e-1,9.128181338310e-1,9.095697999001e-1,6.802303791046e-1,9.261588454247e-1,9.252863526344e-1,6.773591637611e-1,2.315266745000e-4,2.865380482907e-4,4.767225726845e-1
419,7.921891808510e-1,7.708140015602e-1,8.027337789536e-1,8.622786998749e-1,8.478557467461e-1,8.693945407867e-1,8.661584854126e-1,8.571286797523e-1,8.725787997246e-1,2.357137752602e-4,2.527610999926e-4,4.599829042973e-1
420,9.852589368820e-1,5.603472590446e-1,6.447580456734e-1,9.957755208015e-1,7.296193242073e-1,7.816585898399e-1,1.000000000000e0,8.065505027771e-1,7.856802344322e-1,3.351691198542e-4,4.568747625632e-4,6.879805795241e-1
421,8.707938194275e-1,3.307295441628e-1,8.148860335350e-1,9.388481378555e-1,6.315165758133e-1,9.019388556480e-1,9.641029834747e-1,7.941777110100e-1,9.453805088997e-1,4.526282670994e-4,5.698645207090e-4,9.776008788496e-1
422,7.351670861244e-1,4.748408198357e-1,9.343504309654e-1,8.480805754662e-1,6.981130838394e-1,9.655661582947e-1,9.094910025597e-1,8.264585733414e-1,9.719530344009e-1,4.437681363268e-4,5.428963900184e-4,8.406774876585e-1
423,4.042565822601e-1,1.424686908722e-1,6.427438855171e-1,7.396242022514e-1,6.027141809464e-1,8.541974425316e-1,6.921321749687e-1,6.465518474579e-1,7.734249234200e-1,6.047442280104e-4,6.518802550478e-4,1.105826555470e0
424,4.484933614731e-2,9.997225999832e-1,9.717537760735e-1,5.320914983749e-1,1.000000000000e0,9.823772311211e-1,8.083782196045e-1,1.000000000000e0,9.922339320183e-1,9.777620475193e-5,1.422194455831e-4,6.847374842868e-1
425,9.228708744049e-1,2.349501252174e-1,5.196008086205e-1,9.756546020508e-1,5.820793509483e-1,7.452188730240e-1,1.000000000000e0,6.720646023750e-1,5.974507927895e-1,4.359921839469e-4,5.380379538303e-4,1.093467732451e0
426,5.755288004875e-1,4.413277506828e-1,7.833945751190e-1,7.655657529831e-1,6.919723749161e-1,8.843343853951e-1,8.313397169113e-1,7.926281094551e-1,9.192189574242e-1,5.122479414737e-4,6.008171103754e-4,8.734477790768e-1
427,9.517976045609e-1,5.247858166695e-1,8.166602849960e-1,9.762812256813e-1,7.128934264183e-1,8.909722566605e-1,9.969424605370e-1,8.393424153328e-1,9.462475180626e-1,3.583770086636e-4,4.374301920368e-4,7.472940228017e-1
428,3.617058992386e-1,1.275804638863e-1,7.538860440254e-1,7.108298540115e-1,6.017780303955e-1,9.037064909935e-1,5.354105830193e-1,6.845942735672e-1,8.845001459122e-1,5.969981677565e-4,6.507063496302e-4,1.140057212771e0
429,4.336171150208e-1,1.760564446449e-1,8.521717786789e-1,7.299349904060e-1,6.109615564346e-1,9.408544301987e-1,5.300824642181e-1,7.182163596153e-1,9.628942608833e-1,5.788192605496e-4,6.466975370923e-4,1.112835415586e0
430,3.024022579193e-1,3.707011342049e-1,9.302089810371e-1,6.302421092987e-1,6.821891069412e-1,9.712613224983e-1,4.328924417496e-1,7.554185390472e-1,9.842330217361e-1,5.545641160249e-4,5.891892900932e-4,1.005769145176e0
431,2.384436130524e-2,9.445548057556e-2,8.280783295631e-1,5.117549896240e-1,6.109883785248e-1,9.439761638641e-1,4.050351381302e-1,7.033883333206e-1,9.518199563026e-1,5.687214703229e-4,6.743918178047e-4,1.303589345622e0
432,5.126474499702e-1,9.392113089561e-1,3.167158961296e-1,7.072103023529e-1,9.687497615814e-1,5.862535834312e-1,7.860636711121e-1,9.836935997009e-1,6.355672478676e-1,2.168706770465e-4,2.568514372959e-4,7.810039226019e-1
433,6.406623125076e-2,7.617905735970e-1,5.452520847321e-1,4.973100423813e-1,8.695156574249e-1,7.412754297256e-1,6.278509497643e-1,9.054276943207e-1,7.801478505135e-1,3.809709584716e-4,4.663929138928e-4,9.225528887159e-1
434,7.451492547989e-2,6.446695327759e-2,2.488366961479e-1,6.329518556595e-1,6.355821490288e-1,7.679587602615e-1,5.577123761177e-1,5.571723580360e-1,5.778922438622e-1,6.658173862033e-4,4.566735627650e-4,1.060926321178e0
435,4.898244738579e-1,5.178962349892e-1,9.321866631508e-1,7.043063044548e-1,7.256864309311e-1,9.651952981949e-1,7.355335354805e-1,8.248388171196e-1,9.871700406075e-1,4.703513966218e-4,5.718203427777e-4,8.591042156082e-1
436,9.244937300682e-1,4.937914013863e-1,3.319435119629e-1,9.635554552078e-1,7.112615108490e-1,6.148978471756e-1,1.000000000000e0,7.306014895439e-1,5.458658337593e-1,4.273800376839e-4,4.791422471241e-4,7.872096476398e-1
437,4.052516222000e-1,9.851144552231e-1,4.484222531319e-1,6.452736854553e-1,9.952132701874e-1,6.601619720459e-1,7.637956738472e-1,1.000000000000e0,6.981020569801e-1,1.600072172515e-4,2.134576417301e-4,6.792109052476e-1
438,5.664277076721e-2,9.026154279709e-1,2.976484894753e-1,5.108333230019e-1,9.510928392410e-1,5.851045846939e-1,7.172085046768e-1,9.809768795967e-1,6.666519045830e-1,2.629813262187e-4,3.067236687159e-4,1.011621231022e0
439,6.472558975220e-1,7.136881351471e-1,8.476462364197e-1,7.759414315224e-1,8.189607858658e-1,9.050840139389e-1,7.711398601532e-1,8.322960734367e-1,8.997631072998e-1,3.221966723704e-4,3.339729233071e-4,5.874406618319e-1
440,8.909668922424e-1,9.490361213684e-1,5.398048162460e-1,9.307881593704e-1,9.699836969376e-1,7.077586650848e-1,9.430998563766e-1,9.769393801689e-1,7.114827632904e-1,1.261920618228e-4,1.590449482135e-4,4.349157073132e-1
441,3.444086313248e-1,5.168306231499e-1,8.535453677177e-1,6.360418200493e-1,7.378450036049e-1,9.245773553848e-1,5.468778610229e-1,7.920153737068e-1,9.567006826401e-1,5.086390694787e-4,5.622642000692e-4,8.713395199004e-1
442,5.876183509827e-1,7.317570447922e-1,3.924486041069e-1,7.543408274651e-1,8.434827327728e-1,6.369032263756e-1,7.810736894608e-1,8.771076202393e-1,6.392728090286e-1,3.871444894171e-4,4.643611786919e-4,6.883604329624e-1
443,2.228813767433e-1,2.598254680634e-1,1.236188411713e-2,6.534432172775e-1,6.881689429283e-1,4.683697223663e-1,6.302559971809e-1,6.364062428474e-1,5.445328354836e-1,6.461950055466e-4,5.917501699971e-4,1.119656888746e0
444,7.380480170250e-1,5.650765299797e-1,9.068248271942e-1,8.422237634659e-1,7.377368807793e-1,9.463656544685e-1,9.081633090973e-1,8.467457890511e-1,9.827311038971e-1,3.966193990524e-4,4.771801045795e-4,7.408734822338e-1
445,9.100978374481e-1,2.263240218163e-1,5.711426734924e-1,9.690724015236e-1,5.797364711761e-1,7.746269702911e-1,1.000000000000e0,6.706497669220e-1,6.155949831009e-1,4.411221168389e-4,5.447978288858e-4,1.107572755323e0
446,4.934212565422e-1,6.940028071404e-1,6.756218075752e-1,6.956501007080e-1,8.172830343246e-1,8.059158325195e-1,6.829238533974e-1,8.226950168610e-1,8.100271224976e-1,3.980562858213e-4,3.861521666801e-4,6.738462710456e-1
447,4.669553637505e-1,2.129423618317e-1,8.989172577858e-1,7.379266023636e-1,6.202002167702e-1,9.600169658661e-1,5.245090126991e-1,7.290955185890e-1,9.902806282043e-1,5.678989595747e-4,6.297717901222e-4,1.087783358812e0
448,2.544838786125e-1,4.584872126579e-1,1.546056866646e-1,6.155790686607e-1,7.366080880165e-1,5.429694056511e-1,6.307656764984e-1,7.840515375137e-1,5.941181182861e-1,5.819774092691e-4,6.540219439200e-4,1.013723262766e0
449,8.185074925423e-1,7.870091199875e-1,4.079341888428e-1,8.899019956589e-1,8.729611039162e-1,6.393107175827e-1,9.096747040749e-1,8.950319886208e-1,6.360858678818e-1,3.021971887454e-4,3.659272200818e-4,5.606336494769e-1
450,8.433998823166e-1,6.057575941086e-1,4.483833909035e-1,9.102318882942e-1,7.661755681038e-1,6.707658171654e-1,9.277653694153e-1,7.623825073242e-1,6.237278580666e-1,3.996411612376e-4,3.792007311890e-4,6.652311828860e-1
451,2.616693377495e-1,2.251750230789e-1,3.598350882530e-1,6.758929491043e-1,6.548097729683e-1,7.316254377365e-1,5.962758064270e-1,5.978517532349e-1,6.272453665733e-1,6.454878512629e-4,4.817847308497e-4,9.876535237504e-1
452,2.768919467926e-1,6.121296882629e-1,6.881720423698e-1,5.937521457672e-1,7.866272926331e-1,8.291930556297e-1,5.858869552612e-1,8.033608198166e-1,8.521402478218e-1,4.784658010877e-4,5.219690240251e-4,8.278612331003e-1
453,6.627355217934e-1,2.261462211609e-1,5.073165297508e-1,8.476001620293e-1,6.041790246964e-1,7.609428167343e-1,8.155286312103e-1,7.004216313362e-1,7.693798542023e-1,5.523129581739e-4,6.683584819991e-4,1.050837811502e0
454,4.922636747360e-1,2.449750900269e-1,5.078830122948e-1,7.688599824905e-1,6.317588686943e-1,7.736779451370e-1,7.078877091408e-1,6.488156914711e-1,7.157257199287e-1,6.014733490288e-4,6.014438241205e-4,9.960521836230e-1
455,8.368211984634e-1,7.643418312073e-1,4.170891046524e-1,9.016014337540e-1,8.588931560516e-1,6.449728608131e-1,9.201974272728e-1,8.776232004166e-1,6.358824372292e-1,3.130508139568e-4,3.728162804690e-4,5.577658117147e-1
456,4.559652209282e-1,6.783323287964e-1,9.773761630058e-1,6.745049953461e-1,8.098683953285e-1,9.890339374542e-1,7.898439168930e-1,8.836264610291e-1,9.945120811462e-1,3.871940730660e-4,4.449275859972e-4,7.011264818708e-1
457,6.020804047585e-1,7.632404565811e-2,5.644457936287e-1,8.393166661263e-1,5.413224697113e-1,8.084793686867e-1,7.929754257202e-1,6.874268651009e-1,7.868586182594e-1,5.308434838521e-4,6.944920501831e-4,1.284124553937e0
458,1.875401735306e-1,1.737712025642e-1,4.497486352921e-2,6.717507839203e-1,6.663907766342e-1,5.420760512352e-1,5.867136120796e-1,5.721606612206e-1,5.420562624931e-1,6.631673893001e-4,4.611980529082e-4,1.040004358891e0
459,7.682732343674e-1,1.092618107796e-1,2.601730823517e-2,9.185825586319e-1,5.217368006706e-1,4.822031259537e-1,9.664884209633e-1,6.359981894493e-1,4.440292119980e-1,4.443881987927e-4,6.191914369303e-4,1.386278580110e0
460,7.363577485085e-1,3.045592308044e-1,2.901301980019e-1,8.754178881645e-1,6.328804492950e-1,6.238502264023e-1,9.526313543320e-1,6.696841716766e-1,4.992668330669e-1,5.302613452796e-4,5.907167574032e-4,9.837385513939e-1
461,7.574272751808e-1,3.466942310333e-1,2.706460952759e-1,8.826351165771e-1,6.525934338570e-1,6.061322093010e-1,9.612994790077e-1,6.856526732445e-1,5.018273591995e-1,5.232845856406e-4,5.780224702118e-4,9.393646440827e-1
462,6.960317492485e-1,4.341208934784e-1,1.194247603416e-1,8.448654413223e-1,7.052975893021e-1,5.101135969162e-1,9.231605529785e-1,7.469235658646e-1,4.983925223351e-1,5.332330694809e-4,5.900237500817e-4,9.248032763253e-1
463,3.839675188065e-1,7.407207489014e-1,4.357070922852e-1,6.395563483238e-1,8.505440950394e-1,6.657097339630e-1,6.662583947182e-1,8.831752538681e-1,6.734912991524e-1,3.953011214270e-4,4.743173759125e-4,7.740381268158e-1
464,8.564329147339e-2,6.096300482750e-1,1.305838227272e-1,5.086075663567e-1,8.013291358948e-1,5.009073019028e-1,6.136873960495e-1,8.633100986481e-1,5.999972224236e-1,4.945969406854e-4,5.770175354005e-4,1.165449464042e0
465,9.994750022888e-1,4.639139175415e-1,9.629604816437e-1,1.000000000000e0,6.880099773407e-1,9.749913811684e-1,1.000000000000e0,8.343311548233e-1,9.703654646873e-1,3.480609181507e-4,4.441946263577e-4,8.160112975086e-1
466,3.814637660980e-2,9.911733865738e-2,7.171394824982e-1,5.265463590622e-1,6.168345808983e-1,9.034174680710e-1,4.402429461479e-1,6.750319600105e-1,8.700403571129e-1,5.924356893311e-4,6.566358235092e-4,1.257352740834e0
467,9.267914891243e-1,3.649115562439e-2,7.193657755852e-1,9.866878390312e-1,5.046830177307e-1,8.608668446541e-1,1.000000000000e0,6.651645302773e-1,6.897898316383e-1,3.767253828771e-4,5.585650110772e-4,1.384943761296e0
468,5.636695623398e-1,4.744070172310e-1,3.914144635201e-1,7.649383544922e-1,7.145534157753e-1,6.662322282791e-1,7.494338154793e-1,6.840251684189e-1,6.067144870758e-1,5.330251395301e-4,4.162302204951e-4,8.417070362302e-1
469,2.133984565735e-1,9.761580824852e-1,9.223219752312e-1,5.543379187584e-1,9.889159798622e-1,9.555004239082e-1,7.226303815842e-1,9.989903569221e-1,9.731595516205e-1,1.431491530206e-4,1.971706998060e-4,6.399695552873e-1
470,4.942423105240e-2,5.734896659851e-2,2.351115345955e-1,6.153440475464e-1,6.381570696831e-1,7.696439623833e-1,5.564744472504e-1,5.568259358406e-1,5.755066275597e-1,6.654591157197e-4,4.581409850061e-4,1.070944958008e0
471,4.294429421425e-1,3.126876354218e-1,3.979625701904e-1,7.287949919701e-1,6.630071997643e-1,7.110106945038e-1,6.577879190445e-1,6.280487775803e-1,6.499829888344e-1,6.077107902317e-4,4.740777493133e-4,9.463329371050e-1
472,2.962827682495e-2,2.849215269089e-2,9.842281937599e-1,5.076350569725e-1,5.921183228493e-1,1.000000000000e0,4.006480276585e-1,7.180301547050e-1,1.000000000000e0,5.204438093119e-4,6.755572535208e-4,1.376944154663e0
473,6.296607851982e-1,4.315571188927e-1,8.762818574905e-1,7.940080165863e-1,6.853259801865e-1,9.355817437172e-1,8.618773221970e-1,8.021309971809e-1,9.685580730438e-1,4.951661842745e-4,5.791775184961e-4,8.860224790172e-1
474,7.848016023636e-1,5.312774777412e-1,7.209172844887e-1,8.754402399063e-1,7.211188077927e-1,8.354259133339e-1,8.790040612221e-1,7.825099229813e-1,8.585972189903e-1,4.219371660157e-4,5.378244426518e-4,7.465627333742e-1
475,6.630891561508e-2,4.876528382301e-1,4.199928045273e-1,4.986620843410e-1,7.471126914024e-1,7.084373831749e-1,5.509169101715e-1,7.922554612160e-1,7.459102869034e-1,5.519830427849e-4,6.298408455765e-4,1.064203194403e0
476,4.430056214333e-1,9.748147130013e-1,1.301858425140e-1,6.721571087837e-1,9.934003353119e-1,4.871459007263e-1,8.375741839409e-1,1.000000000000e0,7.818229794502e-1,1.860717998291e-4,1.667724651344e-4,8.385021458523e-1
477,8.497018218040e-1,5.750236511230e-1,4.299940466881e-1,9.155772328377e-1,7.504706382751e-1,6.631268858910e-1,9.380031228065e-1,7.494612932205e-1,6.065375804901e-1,4.142374545661e-4,4.130747866820e-4,6.973975767432e-1
478,7.199690937996e-1,3.428387045860e-1,4.364530444145e-1,8.610532879829e-1,6.480146050453e-1,7.016817927361e-1,9.388877153397e-1,6.978150010109e-1,5.837503075600e-1,5.287144573699e-4,5.981714150371e-4,9.313107030502e-1
479,6.671675443649e-1,4.030672311783e-1,4.331077933311e-1,8.259670138359e-1,6.756764054298e-1,6.928557157516e-1,8.398838043213e-1,6.867901086807e-1,6.105909347534e-1,5.288919132774e-4,5.497178779872e-4,8.825299645844e-1
480,8.158591389656e-1,7.419886589050e-1,2.899635434151e-1,8.911267518997e-1,8.507514595985e-1,5.781804323196e-1,9.223062396049e-1,8.861591815948e-1,5.894553065300e-1,3.450620597161e-4,4.054191116921e-4,6.564377797956e-1
481,3.017682433128e-1,9.335092902184e-1,8.779835700989e-1,5.920252203941e-1,9.628014564514e-1,9.282225966454e-1,7.096236944199e-1,9.747773408890e-1,9.469451904297e-1,1.987349106842e-4,2.615166476421e-4,6.075623705074e-1
482,7.896352410316e-1,5.117634534836e-1,2.448321580887e-1,8.875600099564e-1,7.307838201523e-1,5.713766217232e-1,9.355891942978e-1,7.489492297173e-1,5.299818515778e-1,4.774748455693e-4,5.312772758476e-4,8.042412033374e-1
483,4.016103744507e-1,3.438345789909e-1,6.709247827530e-1,6.970584392548e-1,6.697673201561e-1,8.414148688316e-1,6.310325264931e-1,6.921184062958e-1,8.096901178360e-1,5.847253169593e-4,5.989090266905e-4,9.544160175060e-1
484,7.662561535835e-1,8.900737166405e-1,4.393426775932e-1,8.548313379288e-1,9.352627396584e-1,6.533427238464e-1,8.778387904167e-1,9.514659047127e-1,6.602398753166e-1,2.235278320870e-4,2.768048843381e-4,5.481229790126e-1
485,6.944137811661e-1,4.154764413834e-1,1.899073123932e-1,8.454635143280e-1,6.937601566315e-1,5.548615455627e-1,9.185264110565e-1,7.229399085045e-1,5.050683021545e-1,5.370224065055e-4,5.919623619148e-4,8.977779833279e-1
486,5.904015898705e-1,6.893764734268e-1,9.710394740105e-1,7.442575097084e-1,8.081232905388e-1,9.841125011444e-1,7.389568090439e-1,8.476059436798e-1,9.914366006851e-1,3.452603107157e-4,4.454903173333e-4,6.473104811545e-1
487,3.758816123009e-1,6.342000961304e-1,4.647598266602e-1,6.445561051369e-1,7.942705154419e-1,6.945626139641e-1,6.425933241844e-1,8.181220889091e-1,6.937257051468e-1,4.692030353416e-4,5.243174257567e-4,8.067089403412e-1
488,8.605594635010e-1,2.173442840576e-1,7.522987127304e-1,9.416942596436e-1,5.834211707115e-1,8.743330836296e-1,9.515442252159e-1,7.661645412445e-1,9.170074462891e-1,4.592492830938e-4,6.025403832757e-4,1.123249336890e0
489,9.011377692223e-1,1.211464405060e-3,4.434112906456e-1,9.821154475212e-1,4.648033380508e-1,7.207767963409e-1,1.000000000000e0,6.461340785027e-1,5.529624223709e-1,3.560401078237e-4,5.777087214617e-4,1.555667466643e0
490,1.418681144714e-1,3.059743046761e-1,2.497449517250e-1,5.851171016693e-1,6.931225657463e-1,6.584903001785e-1,5.420673489571e-1,6.705464720726e-1,6.308092474937e-1,6.330544876533e-4,6.035990143467e-4,1.019798866823e0
491,3.293099403381e-1,9.495226144791e-1,6.579085588455e-1,6.087700128555e-1,9.728329181671e-1,7.926052212715e-1,7.284969687462e-1,9.874978065491e-1,8.247212171555e-1,1.985961188651e-4,2.550329329229e-4,6.489092151586e-1
492,5.819351077080e-1,8.759927153587e-1,1.179533600807e-1,7.499313354492e-1,9.349626302719e-1,4.814366996288e-1,8.197951316833e-1,9.593716263771e-1,5.870723724365e-1,2.820954905205e-4,3.149321376328e-4,9.388964376334e-1
493,7.791280746460e-3,5.417670607567e-1,2.640367746353e-1,4.831634163857e-1,7.715317606926e-1,6.074409484863e-1,5.642407536507e-1,8.272696733475e-1,6.377396583557e-1,5.278814568756e-4,6.137988543500e-4,1.120395012028e0
494,8.268178701401e-1,2.233963012695e-1,4.009302854538e-1,9.281310439110e-1,5.842208266258e-1,6.899292469025e-1,9.897164106369e-1,6.657637357712e-1,5.400529503822e-1,4.836406520909e-4,5.938702485432e-4,1.101732760254e0
495,3.300555944443e-1,8.340393900871e-1,4.789745211601e-1,6.094107031822e-1,9.052229523659e-1,6.884346604347e-1,6.898449063301e-1,9.305286407471e-1,7.105423212051e-1,3.226374193629e-4,3.979073634436e-4,7.548631007849e-1
496,6.512936949730e-1,8.661725521088e-1,1.943999528885e-2,7.898664474487e-1,9.302091598511e-1,4.478863179684e-1,8.520748615265e-1,9.559279084206e-1,5.768585801125e-1,2.824423924745e-4,3.107932831016e-4,1.002650082807e0
497,7.858768105507e-1,8.469739556313e-1,7.070004343987e-1,8.593404293060e-1,9.003206491470e-1,8.067631125450e-1,8.673272728920e-1,9.103678464890e-1,8.106091022491e-1,2.081822604716e-4,2.362820757758e-4,3.902469317758e-1
498,4.142188429832e-1,2.451324462891e-2,6.440150737762e-2,8.092927336693e-1,5.086455345154e-1,5.567846894264e-1,7.021923065186e-1,5.837328433990e-1,5.012658834457e-1,5.271057985194e-4,5.577747326613e-4,1.422875740480e0
499,9.385424852371e-1,3.954787254333e-1,7.632967829704e-1,9.738197922707e-1,6.548889875412e-1,8.672558069229e-1,9.912941455841e-1,8.070245385170e-1,9.215214848518e-1,4.151327201498e-4,5.206742130530e-4,8.985637158921e-1
500,3.305184841156e-2,2.010021209717e-1,5.327071547508e-1,5.236122608185e-1,6.618026494980e-1,8.242041468620e-1,4.772509634495e-1,6.488832831383e-1,7.568264603615e-1,6.273245791426e-4,6.002408160726e-4,1.133811527642e0
501,6.388241648674e-1,2.941285371780e-1,4.849556684494e-1,8.271756172180e-1,6.353555321693e-1,7.419171333313e-1,7.750466465950e-1,6.743275523186e-1,7.252212762833e-1,5.603058315313e-4,6.022158532313e-4,9.682239563161e-1
502,2.105132937431e-1,1.718506217003e-1,5.905559062958e-1,6.425557732582e-1,6.356309652328e-1,8.426174521446e-1,4.900739192963e-1,6.519613265991e-1,7.847101688385e-1,6.332617405400e-4,6.066874560151e-4,1.069346491584e0
503,5.176193118095e-1,3.423053026199e-2,6.914572715759e-1,7.962636947632e-1,5.492082834244e-1,8.733739852905e-1,7.591580152512e-1,6.790227293968e-1,8.263916969299e-1,5.466134323930e-4,6.980539416075e-4,1.284532983281e0
504,3.422639369965e-1,8.703387975693e-1,6.231248378754e-3,6.186163425446e-1,9.350462555885e-1,4.298494756222e-1,7.499529123306e-1,9.636639952660e-1,5.986875891685e-1,3.026798630913e-4,3.412994082929e-4,1.196441102087e0
505,3.289992809296e-1,7.590519189835e-1,2.286485433578e-1,6.154138445854e-1,8.677759766579e-1,5.449567437172e-1,7.126681208611e-1,9.154530167580e-1,6.112662553787e-1,3.961236360300e-4,4.568784435880e-4,9.293028540717e-1
506,9.982395768166e-1,1.413716077805e-1,6.480417251587e-1,1.000000000000e0,5.490358471870e-1,8.076996803284e-1,1.000000000000e0,6.894297599792e-1,6.801629066467e-1,3.610849466976e-4,5.278161180085e-4,1.229304971313e0
507,7.010972499847e-1,6.210932135582e-1,8.646867871284e-1,8.148346543312e-1,7.656122446060e-1,9.184033274651e-1,8.374909162521e-1,8.089390397072e-1,9.173527359962e-1,3.699222470468e-4,4.854249622941e-4,6.845200105281e-1
508,9.114916324615e-1,3.092368841171e-1,2.974666357040e-1,9.656388759613e-1,6.192601919174e-1,6.123230457306e-1,1.000000000000e0,6.790074706078e-1,5.232014060020e-1,4.505642828658e-4,5.283490559372e-4,1.009334009918e0
509,5.898388028145e-1,6.733058094978e-1,1.249732971191e-1,7.649339437485e-1,8.223150372505e-1,4.905362427235e-1,8.372365236282e-1,8.933829069138e-1,5.722131729126e-1,4.429218611058e-4,4.691688490034e-4,9.002167615047e-1
510,8.935746550560e-1,1.520259380341e-1,1.709559559822e-1,9.706094861031e-1,5.355303287506e-1,5.536971092224e-1,1.000000000000e0,6.521027684212e-1,4.832042753696e-1,4.076874197352e-4,5.763999037764e-4,1.278336064252e0
511,4.431726932526e-1,1.284309625626e-1,7.721729278564e-1,7.470495104790e-1,5.934760570526e-1,9.076976180077e-1,7.353793978691e-1,6.880850195885e-1,8.645879030228e-1,5.815371986537e-4,6.978110398128e-4,1.149501031291e0
512,5.845300555229e-1,6.575284600258e-1,7.915598154068e-2,7.631165385246e-1,8.157220482826e-1,4.669190645218e-1,8.346388936043e-1,8.864883184433e-1,5.645252466202e-1,4.540598142040e-4,4.841755016725e-4,9.546399065532e-1
513,7.527675628662e-1,8.766109347343e-1,6.752731800079e-1,8.384963870049e-1,9.207702875137e-1,7.871353626251e-1,8.471201658249e-1,9.320263266563e-1,7.901845574379e-1,1.990141202520e-4,2.346359919769e-4,4.059987162404e-1
514,7.747561335564e-1,2.844703793526e-1,1.129860281944e-1,8.996393680573e-1,6.281860470772e-1,5.182436108589e-1,9.690330028534e-1,6.720189452171e-1,4.634760618210e-1,5.212714676123e-4,5.959686939484e-4,1.043913340207e0
515,5.567716360092e-1,3.954564929008e-1,6.276503801346e-1,7.672078609467e-1,6.777271628380e-1,8.056623339653e-1,7.573997378349e-1,7.090080976486e-1,7.867703437805e-1,5.481488698396e-4,6.039352219424e-4,8.937070609696e-1
516,2.526823878288e-1,9.716540575027e-1,8.778263926506e-1,5.721805095673e-1,9.859810471535e-1,9.284249544144e-1,7.301889061928e-1,9.979817271233e-1,9.528231620789e-1,1.548689366443e-4,2.041677620023e-4,6.296614949476e-1
517,2.654299139977e-1,6.269820332527e-1,4.162206649780e-1,5.915082693100e-1,7.971261739731e-1,6.748286485672e-1,6.169219017029e-1,8.387988209724e-1,6.888924837112e-1,4.845380174088e-4,5.606667775379e-4,8.737822900263e-1
518,9.552400708199e-1,8.128069639206e-1,3.481577634811e-1,9.734075069427e-1,8.897027373314e-1,6.064057350159e-1,9.864261746407e-1,9.112522602081e-1,6.140924096107e-1,2.467799627269e-4,3.009942266883e-4,5.628915344192e-1
519,1.521521210670e-1,6.213476061821e-1,5.025013089180e-1,5.326481461525e-1,7.978424429893e-1,7.296025753021e-1,5.813267230988e-1,8.368280529976e-1,7.603279948235e-1,4.835606169593e-4,5.625659212156e-4,9.306610840812e-1
520,5.956939458847e-1,7.241060137749e-1,2.570388317108e-1,7.635177969933e-1,8.445851206779e-1,5.626429915428e-1,8.195785284042e-1,8.998072147369e-1,5.904145836830e-1,4.031552674806e-4,4.534163987902e-4,7.686802028316e-1
521,4.442465305328e-1,5.177277922630e-1,1.633663177490e-1,7.048351764679e-1,7.519176602364e-1,5.326882004738e-1,7.561102509499e-1,8.167230486870e-1,5.665744543076e-1,5.464550220383e-4,6.101313224585e-4,9.283512806316e-1
522,9.094046950340e-1,7.591152191162e-2,4.229573607445e-1,9.818414449692e-1,4.967434406281e-1,7.060032486916e-1,1.000000000000e0,6.502169966698e-1,5.499629974365e-1,3.788207176445e-4,5.706558645361e-4,1.403496678080e0
523,8.413497209549e-1,2.283954620361e-1,4.996139407158e-1,9.339763522148e-1,5.860633254051e-1,7.413085699081e-1,9.907953739166e-1,6.827864050865e-1,6.020888090134e-1,4.778203564896e-4,6.004924292149e-4,1.094340247767e0
524,2.457821369171e-2,4.102329611778e-1,4.327674508095e-1,4.773708581924e-1,7.226909995079e-1,7.322744131088e-1,5.056056976318e-1,7.418383359909e-1,7.621242403984e-1,5.770592649410e-4,6.346268595886e-4,1.135107058313e0
525,7.258469462395e-1,2.075943946838e-1,3.564487099648e-1,8.816431164742e-1,5.873146057129e-1,6.781190633774e-1,9.463059902191e-1,6.474865674973e-1,5.102912783623e-1,5.261613667973e-4,6.099667318711e-4,1.098877325570e0
526,4.220050573349e-2,8.723852038383e-1,1.699540615082e-1,5.041090250015e-1,9.357892870903e-1,5.072699785233e-1,7.120037078857e-1,9.673423767090e-1,6.246469616890e-1,2.931226363316e-4,3.460972579752e-4,1.143424388870e0
527,9.239878654480e-1,2.281255125999e-1,8.885061740875e-2,9.800883531570e-1,5.820172429085e-1,5.019934773445e-1,1.000000000000e0,6.658919453621e-1,4.953289031982e-1,4.295457492086e-4,5.488850200059e-4,1.150532322834e0
528,2.779163718224e-1,2.689664363861e-1,7.431575059891e-1,6.447298526764e-1,6.537929773331e-1,8.890402317047e-1,4.530782699585e-1,7.137743234634e-1,9.092748165131e-1,6.031212996739e-4,6.296476591476e-4,1.036102464699e0
529,3.400142788887e-1,3.901329040527e-1,2.071442604065e-1,6.753782033920e-1,7.061351537704e-1,5.920976400375e-1,6.893356442451e-1,7.365220189095e-1,5.732854604721e-1,6.051561557802e-4,6.640304663815e-4,9.499271903468e-1
530,5.290240645409e-1,4.539935588837e-1,7.477889060974e-1,7.393607497215e-1,6.990203261375e-1,8.645288348198e-1,7.562776803970e-1,7.503128647804e-1,8.622864484787e-1,5.177094598188e-4,6.107951853362e-4,8.712781152593e-1
531,7.610439062119e-1,1.103842854500e-1,9.772899746895e-1,8.883926272392e-1,5.625394582748e-1,9.961270093918e-1,9.055585265160e-1,7.696366906166e-1,1.000000000000e0,4.666180279965e-4,6.316551980897e-4,1.227036021473e0
532,3.419710397720e-1,5.329362750053e-1,5.537176132202e-1,6.389482021332e-1,7.482787370682e-1,7.597091197968e-1,5.983085036278e-1,7.424932122231e-1,7.582694888115e-1,5.268731513599e-4,4.906509741298e-4,8.537235164980e-1
533,5.798051953316e-1,8.983727693558e-1,5.693340301514e-1,7.346009612083e-1,9.380493164062e-1,7.256261706352e-1,7.708424925804e-1,9.503652453423e-1,7.337385416031e-1,2.235885708795e-4,2.882280950049e-4,5.696467779344e-1
534,2.027707099915e-1,9.708570837975e-1,7.036867141724e-1,5.557155609131e-1,9.864926934242e-1,8.235772252083e-1,7.544643282890e-1,1.000000000000e0,8.822470903397e-1,1.721375573042e-4,2.060997118107e-4,6.944784432348e-1
535,3.415853977203e-1,5.792454481125e-1,1.903045773506e-1,6.411193609238e-1,7.799716591835e-1,5.425149798393e-1,6.924580931664e-1,8.503436446190e-1,5.884779095650e-1,5.197643392744e-4,5.827765485790e-4,9.502273061892e-1
536,7.071694135666e-1,2.884328961372e-1,9.665292501450e-1,8.482355475426e-1,6.282493472099e-1,9.879954457283e-1,8.872604966164e-1,7.808139920235e-1,1.000000000000e0,4.992033700056e-4,6.082634720825e-4,1.027245524615e0
537,4.882423877716e-1,5.261600017548e-2,8.116125464439e-1,7.703843712807e-1,5.656596422195e-1,9.261270165443e-1,7.615086436272e-1,6.916397809982e-1,8.873187303543e-1,5.524025924832e-4,7.010781611106e-4,1.247542145398e0
538,1.124914884567e-1,6.489347219467e-1,7.101702094078e-1,5.051074624062e-1,8.100346326828e-1,8.428149819374e-1,5.853855609894e-1,8.461864590645e-1,8.832633495331e-1,4.499935392321e-4,5.350433575352e-4,9.347197916537e-1
539,5.163927078247e-1,3.484533429146e-1,1.591789126396e-1,7.695545554161e-1,6.809554696083e-1,5.572752356529e-1,8.296164870262e-1,6.902078986168e-1,5.008047223091e-1,5.947253202511e-4,6.362530480987e-4,9.516400579104e-1
540,2.780443429947e-2,7.431885600090e-1,2.155919671059e-1,4.943268299103e-1,8.643174767494e-1,5.444883704185e-1,6.667663455009e-1,9.122179746628e-1,6.197379231453e-1,4.031722512016e-4,4.782825551549e-4,1.102788466973e0
541,4.477420449257e-1,4.230331778526e-1,1.087700724602e-1,7.234135866165e-1,7.171385288239e-1,5.113617777824e-1,7.658514976501e-1,7.560737133026e-1,5.393346548080e-1,5.853574821405e-4,6.520305733158e-4,9.767268539523e-1
542,9.485181570053e-1,9.794321656227e-1,1.898600459099e-1,9.664222002029e-1,9.935810565948e-1,5.298200249672e-1,9.771961569786e-1,9.954375624657e-1,6.048765182495e-1,8.937376277540e-5,9.521942718294e-5,5.076041781185e-1
543,7.359948158264e-1,3.561366200447e-1,9.703838825226e-1,8.580877184868e-1,6.514660716057e-1,9.884531497955e-1,9.098483324051e-1,8.012497425079e-1,9.892898201942e-1,4.793484022232e-4,5.994243068422e-4,9.608671723884e-1
544,9.511464834213e-1,2.871936559677e-1,4.022108912468e-1,9.880336523056e-1,6.045090556145e-1,6.725624203682e-1,1.000000000000e0,6.845770478249e-1,5.732567310333e-1,4.270193556242e-4,5.191945818238e-4,1.023002836040e0
545,3.855488300323e-1,2.492125630379e-1,8.009683489799e-1,6.997604966164e-1,6.392757892609e-1,9.141360521317e-1,4.975279569626e-1,7.187608480453e-1,9.377623200417e-1,5.910153378262e-4,6.291029146997e-4,1.039949064182e0
546,5.013986825943e-1,3.246505856514e-1,3.820379376411e-1,7.595211863518e-1,6.608335971832e-1,6.936233043671e-1,6.984383463860e-1,6.341019868851e-1,6.251896023750e-1,5.926116463773e-4,4.727565775769e-4,9.393586087020e-1
547,1.330919861794e-1,5.209007263184e-1,7.559899091721e-1,5.282652378082e-1,7.521431446075e-1,8.769096732140e-1,5.308265686035e-1,8.069885373116e-1,9.245377779007e-1,5.205352501245e-4,5.876202728116e-4,9.720018384515e-1
548,9.850205779076e-1,1.807808876038e-2,4.049116373062e-2,1.000000000000e0,4.664809107780e-1,5.016633272171e-1,1.000000000000e0,6.625578403473e-1,5.265319943428e-1,2.675879210498e-4,5.509682969903e-4,1.657987426849e0
549,3.086984753609e-1,8.141565322876e-2,8.324835896492e-1,6.797842979431e-1,5.917910337448e-1,9.404053688049e-1,4.583052992821e-1,6.993001699448e-1,9.495487809181e-1,5.829327253255e-4,6.557613107219e-4,1.208127265240e0
550,8.550767898560e-1,1.682355403900e-1,9.898717403412e-1,9.348157048225e-1,5.742167234421e-1,1.000000000000e0,9.535021781921e-1,7.781732082367e-1,9.988051652908e-1,4.362362261750e-4,6.162239687961e-4,1.175364220179e0
551,6.514358520508e-1,5.816451311111e-1,8.946380615234e-1,7.882550358772e-1,7.475357055664e-1,9.390624165535e-1,8.292925357819e-1,8.179138302803e-1,9.545083045959e-1,4.050472108753e-4,5.321609161604e-4,7.480866909487e-1
552,9.695904254913e-1,4.578315019608e-1,1.637403368950e-1,9.907923340797e-1,6.991807222366e-1,5.263623595238e-1,1.000000000000e0,7.366964221001e-1,5.474197268486e-1,4.273846636771e-4,4.878403340155e-4,8.622464391134e-1
553,9.483805298805e-1,9.997910261154e-1,4.110795259476e-1,9.679564833641e-1,1.000000000000e0,6.880333423615e-1,9.755064249039e-1,1.000000000000e0,7.036144733429e-1,5.916035580245e-5,6.349086258772e-5,3.343297952797e-1
554,9.372748732567e-1,1.757688522339e-1,6.265159845352e-1,9.861530065536e-1,5.543813705444e-1,8.060759902000e-1,1.000000000000e0,6.715169548988e-1,6.471913456917e-1,4.117799139335e-4,5.411327509331e-4,1.182357488265e0
555,5.505362153053e-1,9.935713410378e-1,4.733529090881e-1,7.227874994278e-1,9.994995594025e-1,6.707277894020e-1,8.188518285751e-1,1.000000000000e0,7.532704472542e-1,1.380135061766e-4,1.753233263191e-4,5.729181049803e-1
556,9.293045997620e-1,1.230689883232e-1,9.607226252556e-1,9.797030091286e-1,5.497918128967e-1,9.857712984085e-1,9.867312312126e-1,7.750841975212e-1,9.845486879349e-1,3.933905474573e-4,5.971679611404e-4,1.246783496028e0
557,2.392362356186e-1,2.161642313004e-1,4.192788600922e-1,6.628570556641e-1,6.526926159859e-1,7.630293965340e-1,5.694401860237e-1,6.088234782219e-1,6.606354713440e-1,6.447289352494e-4,5.041123154972e-4,1.001164930790e0
558,2.091909050941e-1,5.635143518448e-1,3.261995315552e-2,5.713999867439e-1,7.828158140182e-1,4.392581284046e-1,6.259975433350e-1,8.436786532402e-1,5.939208865166e-1,5.285491829894e-4,6.061318889389e-4,1.205853289421e0
559,8.892970085144e-1,1.909905076027e-1,7.402431964874e-2,9.658884406090e-1,5.630415081978e-1,4.974702894688e-1,1.000000000000e0,6.552602648735e-1,4.716424345970e-1,4.318634753738e-4,5.718776294527e-4,1.216909558160e0
560,8.242592215538e-1,3.617874383926e-1,9.575158953667e-1,9.078728556633e-1,6.484568119049e-1,9.806481599808e-1,9.403519034386e-1,8.032112717628e-1,9.829983711243e-1,4.508702374546e-4,5.734407071754e-4,9.588390600505e-1
561,6.051984429359e-1,5.334630608559e-1,6.328122019768e-1,7.711951136589e-1,7.285837531090e-1,7.875519990921e-1,7.478403449059e-1,7.215670347214e-1,7.595856785774e-1,4.695984567981e-4,3.912672327233e-4,7.897625878314e-1
562,5.408290624619e-1,8.848130106926e-1,6.354113817215e-1,7.130620479584e-1,9.297812581062e-1,7.698578238487e-1,7.442010641098e-1,9.418230056763e-1,7.779566049576e-1,2.404383526325e-4,3.002199877109e-4,5.493856850807e-1
563,8.807727694511e-1,2.527796626091e-1,3.301417827606e-2,9.560602903366e-1,6.019799709320e-1,4.789584875107e-1,1.000000000000e0,6.755870580673e-1,4.752443134785e-1,4.640166593525e-4,5.758848150894e-4,1.132083074233e0
564,5.455493927002e-1,4.142934679985e-1,6.789586544037e-1,7.567371726036e-1,6.845271587372e-1,8.309814929962e-1,7.648054361343e-1,7.251156568527e-1,8.177244067192e-1,5.389599771570e-4,6.149306264263e-4,8.868678843031e-1
565,8.135581016541e-1,4.328577518463e-1,8.608592152596e-1,8.986589908600e-1,6.771349310875e-1,9.239533543587e-1,9.398236870766e-1,8.146463036537e-1,9.634064435959e-1,4.458998981746e-4,5.399401157653e-4,8.645800047351e-1
566,8.871316909790e-3,2.845580577850e-1,9.840025901794e-1,4.999734759331e-1,6.676664948463e-1,1.000000000000e0,4.013344645500e-1,7.389661073685e-1,1.000000000000e0,5.572069404440e-4,6.304479700987e-4,1.172307264854e0
567,2.310598492622e-1,5.228554010391e-1,4.948018789291e-1,5.842897891998e-1,7.520220875740e-1,7.359490990639e-1,5.703852176666e-1,7.712565064430e-1,7.521910667419e-1,5.410385059580e-4,5.846571006674e-4,9.137603678139e-1
568,2.326087355614e-1,6.530849337578e-1,4.567685723305e-1,5.721778869629e-1,8.105566501617e-1,6.966279745102e-1,6.059078574181e-1,8.495549559593e-1,7.160857319832e-1,4.670982426012e-4,5.440622665338e-4,8.712811266770e-1
569,2.683824300766e-1,8.671052455902e-1,8.138032555580e-1,5.753648877144e-1,9.240993857384e-1,8.908906579018e-1,6.732119321823e-1,9.409708976746e-1,9.138932824135e-1,2.736497403047e-4,3.470080195336e-4,6.706952310423e-1
570,8.584262728691e-1,8.006125092506e-1,2.214739322662e-1,9.151933193207e-1,8.866627812386e-1,5.401474237442e-1,9.433561563492e-1,9.222097992897e-1,5.833760499954e-1,2.927597833442e-4,3.341833227302e-4,6.973336220511e-1
571,8.207269310951e-1,4.562323689461e-1,5.309785008430e-1,9.035283327103e-1,6.876683235168e-1,7.313735485077e-1,9.431479573250e-1,7.245598435402e-1,6.474225521088e-1,4.567903472018e-4,5.351269477097e-4,8.216958840884e-1
572,5.546981096268e-2,8.066799044609e-1,5.737515687943e-1,4.974583685398e-1,8.938827514648e-1,7.546914219856e-1,6.600700020790e-1,9.293877482414e-1,8.021705150604e-1,3.427928082311e-4,4.194391563304e-4,8.980370799596e-1
573,4.522592425346e-1,4.158086180687e-1,5.670447945595e-1,7.110894918442e-1,6.914114952087e-1,7.749366760254e-1,6.714342832565e-1,6.689540743828e-1,7.205516695976e-1,5.606311142827e-4,4.519426940481e-4,9.007140030815e-1
574,7.670827507973e-1,2.173820137978e-1,1.472260951996e-1,9.027149677277e-1,5.909545421600e-1,5.455691814423e-1,9.669838547707e-1,6.480755209923e-1,4.556209146976e-1,5.082869773780e-4,6.010641328398e-4,1.122934621764e0
575,5.290067791939e-1,1.967508196831e-1,9.366784691811e-1,7.674695253372e-1,6.099113225937e-1,9.774370193481e-1,7.617959976196e-1,7.409627437592e-1,9.830655455589e-1,5.505630342937e-4,6.747146011159e-4,1.111850531305e0
576,4.575593471527e-1,2.052646875381e-1,4.012909531593e-1,7.669552564621e-1,6.218986511230e-1,7.343274354935e-1,6.796536445618e-1,6.240781545639e-1,6.657539010048e-1,6.146614470909e-4,5.643320809747e-4,1.020809455702e0
577,7.723486423492e-2,8.634309172630e-1,4.303259253502e-1,5.113124847412e-1,9.268525838852e-1,6.667144298553e-1,7.008455991745e-1,9.622805714607e-1,7.270206212997e-1,2.993881520701e-4,3.507424837743e-4,9.191000237393e-1
578,6.547025442123e-1,2.599299550056e-1,1.403164267540e-1,8.459240794182e-1,6.281561851501e-1,5.470609068871e-1,9.119169712067e-1,6.477924585342e-1,4.583255052567e-1,5.640521164815e-4,6.114096507239e-4,1.036477335761e0
579,8.499399423599e-1,8.029854297638e-2,9.780302643776e-1,9.370527267456e-1,5.460391044617e-1,9.960218667984e-1,9.512830376625e-1,7.730050086975e-1,9.929783940315e-1,4.238416652949e-4,6.322148924617e-4,1.281684421235e0
580,8.884038925171e-1,2.838552594185e-1,1.801450848579e-1,9.566170573235e-1,6.138810515404e-1,5.503026247025e-1,1.000000000000e0,6.683772802353e-1,4.830843210220e-1,4.664808236803e-4,5.461492941543e-4,1.049370757435e0
581,1.199129223824e-1,7.518963813782e-1,4.040443897247e-2,5.170176029205e-1,8.715834021568e-1,4.355184137821e-1,6.869815587997e-1,9.184330105782e-1,5.921949148178e-1,3.989182670091e-4,4.665091637928e-4,1.275911154376e0
582,5.215421915054e-1,7.290711998940e-1,5.721407532692e-1,7.087379693985e-1,8.363549709320e-1,7.387493252754e-1,7.080801129341e-1,8.504211306572e-1,7.377279400826e-1,3.726514332338e-4,4.037516554459e-4,6.648409665078e-1
583,8.564275503159e-2,6.433981657028e-2,9.175926446915e-1,5.366317629814e-1,5.981037616730e-1,9.791839718819e-1,3.868680894375e-1,7.200355529785e-1,9.784086942673e-1,5.493930685091e-4,6.823289539205e-4,1.324139195012e0
584,1.178112626076e-1,8.067442178726e-1,9.565948843956e-1,5.085405707359e-1,8.918635845184e-1,9.775272011757e-1,6.420726180077e-1,9.168292284012e-1,9.889429807663e-1,3.110890054001e-4,3.938392295713e-4,8.119387597243e-1
585,2.332064509392e-1,3.600604534149e-1,1.052651405334e-1,6.278016567230e-1,7.089779376984e-1,5.301313996315e-1,6.211102008820e-1,7.183995842934e-1,5.803207159042e-1,6.200842587147e-4,6.645967033951e-4,1.041257493649e0
586,2.087442874908e-1,9.660093188286e-1,6.557577848434e-1,5.584790110588e-1,9.838250279427e-1,7.945607900620e-1,7.414070367813e-1,1.000000000000e0,8.507757186890e-1,1.815819453260e-4,2.191883453670e-4,7.183901181077e-1
587,2.691361904144e-1,2.370227575302e-1,7.536696791649e-1,6.455917954445e-1,6.448056697845e-1,8.974092602730e-1,4.522027373314e-1,7.079930305481e-1,9.115546941757e-1,6.067141113095e-4,6.372242812087e-4,1.058798959645e0
588,3.000134825706e-1,6.562882065773e-1,6.921884417534e-1,6.008648276329e-1,8.071526885033e-1,8.273538947105e-1,6.027148365974e-1,8.248015046120e-1,8.490317463875e-1,4.493001371401e-4,4.989827417834e-4,7.876538195111e-1
589,5.967754125595e-2,2.563825845718e-1,6.159764528275e-1,5.277161598206e-1,6.717972755432e-1,8.448017239571e-1,4.439696669579e-1,6.886465549469e-1,8.301017284393e-1,6.148144972308e-4,6.319760459235e-4,1.110201975424e0
590,6.892967224121e-2,6.687382459641e-1,4.515195488930e-1,4.984027147293e-1,8.228029012680e-1,6.969230771065e-1,5.945010185242e-1,8.698852062225e-1,7.306868433952e-1,4.520680304646e-4,5.376251379021e-4,9.839625763748e-1
591,9.927178025246e-1,1.472073793411e-1,5.775390267372e-1,1.000000000000e0,5.468549728394e-1,7.727527618408e-1,1.000000000000e0,6.771405935287e-1,6.401535868645e-1,3.648246863991e-4,5.202658732723e-4,1.228714729432e0
592,5.817940235138e-1,6.681064367294e-1,2.277211546898e-1,7.602295875549e-1,8.160068392754e-1,5.507886409760e-1,8.212250471115e-1,8.802381753922e-1,5.838248133659e-1,4.444289996354e-4,4.922679233833e-4,8.056733570877e-1
593,6.261245012283e-1,1.975097656250e-1,5.843982696533e-1,8.331165313721e-1,5.961605906487e-1,8.049787878990e-1,8.174057006836e-1,7.147146463394e-1,8.111665248871e-1,5.583670675661e-4,6.827590561673e-4,1.083649629915e0
594,2.451795339584e-2,9.469563364983e-1,7.740030884743e-1,5.000608563423e-1,9.733895659447e-1,8.681634664536e-1,7.429435849190e-1,9.965786337852e-1,9.284040331841e-1,1.905382899914e-4,2.139067773880e-4,8.046235733881e-1
595,2.081053256989e-1,9.311497807503e-1,2.441781759262e-2,5.563039779663e-1,9.706860780716e-1,4.379381537437e-1,7.302975654602e-1,9.894568920135e-1,5.989139676094e-1,2.374349300078e-4,2.789486093016e-4,1.156978627288e0
596,8.967096209526e-1,8.968036174774e-1,4.281878471375e-3,9.352945089340e-1,9.468445181847e-1,4.616782069206e-1,9.575721621513e-1,9.640964865685e-1,5.820659399033e-1,1.973082625999e-4,2.155135859713e-4,8.987454112648e-1
597,5.683845281601e-1,1.774429678917e-1,1.342556476593e-1,8.230357170105e-1,5.962159633636e-1,5.643664002419e-1,8.509160280228e-1,6.265122294426e-1,4.675545990467e-1,5.772206598164e-4,6.315644823481e-4,1.114770426472e0
598,3.947471976280e-1,7.495012879372e-1,3.932970762253e-2,6.516255736351e-1,8.672202825546e-1,4.402414262295e-1,7.494501471519e-1,9.168781042099e-1,5.777766108513e-1,4.065115728344e-4,4.513908860351e-4,1.110159338651e0
599,7.143740653992e-1,2.743403315544e-1,9.586867690086e-1,8.535813093185e-1,6.224958896637e-1,9.841594696045e-1,8.907788395882e-1,7.769891619682e-1,1.000000000000e0,4.991799749765e-4,6.114167807902e-4,1.044137475247e0
600,6.067177653313e-1,2.117391824722e-1,2.477455735207e-1,8.298429250717e-1,6.054084897041e-1,6.290891170502e-1,8.790253400803e-1,6.354768276215e-1,4.822834432125e-1,5.723321797166e-4,6.237095267459e-4,1.064212658763e0
601,5.294268131256e-1,6.124472618103e-1,7.372916340828e-1,7.198238372803e-1,7.702955007553e-1,8.457583785057e-1,6.945298910141e-1,7.729871869087e-1,8.335422277451e-1,4.339668565202e-4,3.904408422192e-4,7.350198492031e-1
602,9.860215783119e-1,4.212127327919e-1,3.011064529419e-1,1.000000000000e0,6.731922030449e-1,6.022286415100e-1,1.000000000000e0,7.071564793587e-1,5.626147985458e-1,4.144811724311e-4,4.659409082165e-4,8.600611355779e-1
603,4.772332906723e-1,1.044982075691e-1,9.372330904007e-1,7.503266334534e-1,5.854267477989e-1,9.808825850487e-1,5.028265118599e-1,7.218547463417e-1,9.875012040138e-1,5.502605479886e-4,6.360958580977e-4,1.199696805356e0
604,6.491891741753e-1,5.107290148735e-1,1.011178493500e-1,8.125148415565e-1,7.429391145706e-1,4.919117987156e-1,8.842840194702e-1,8.036501407623e-1,5.324876904488e-1,5.184740868048e-4,5.731781924013e-4,9.205254323857e-1
605,6.386125087738e-2,2.030959725380e-1,7.798557281494e-1,5.307821631432e-1,6.477465629578e-1,9.171426296234e-1,4.129957258701e-1,7.076777219772e-1,9.268237948418e-1,5.987158346914e-4,6.576646025567e-4,1.170526066824e0
606,8.147341609001e-1,5.511367321014e-2,9.652191400528e-1,9.195466041565e-1,5.424407720566e-1,9.901672601700e-1,9.359147548676e-1,7.725063562393e-1,1.000000000000e0,4.361773825197e-4,6.391507985093e-4,1.303276164988e0
607,8.680540919304e-1,5.996417999268e-1,1.396552920341e-1,9.275010824203e-1,7.769165039062e-1,5.065414905548e-1,9.723869562149e-1,8.184925317764e-1,5.304813385010e-1,4.196912310029e-4,4.799807186859e-4,8.071069363279e-1
608,8.821799755096e-1,4.366560578346e-1,7.387421727180e-1,9.392802715302e-1,6.754416227341e-1,8.515703082085e-1,9.658882021904e-1,8.153839707375e-1,9.105684757233e-1,4.297343365089e-4,5.252323669809e-4,8.441404108118e-1
609,4.819017648697e-2,4.037221074104e-1,6.747388839722e-2,5.068110823631e-1,7.308946251869e-1,4.892792403698e-1,5.658916234970e-1,7.527371048927e-1,6.064127087593e-1,5.903957185459e-4,6.709146221742e-4,1.229034634337e0
610,6.253630518913e-1,4.311808347702e-1,7.373380661011e-2,8.093883395195e-1,7.104195952415e-1,4.851308763027e-1,8.830760717392e-1,7.521727681160e-1,5.066435337067e-1,5.518420244545e-4,6.128477188554e-4,9.685455843594e-1
611,4.656934738159e-1,1.314527988434e-1,4.292933940887e-1,7.849165201187e-1,5.863689780235e-1,7.593822479248e-1,6.996992230415e-1,6.355562806129e-1,6.925581693649e-1,5.997584383920e-4,6.348372097550e-4,1.122060551792e0
612,9.965012669563e-1,5.569950342178e-1,9.555407762527e-1,1.000000000000e0,7.294532060623e-1,9.724999666214e-1,1.000000000000e0,8.577744364738e-1,9.688779711723e-1,3.096194406597e-4,3.835188793972e-4,7.055743496106e-1
613,9.822698235512e-1,8.972358703613e-2,6.763217449188e-1,1.000000000000e0,5.257182121277e-1,8.270711898804e-1,1.000000000000e0,6.800616979599e-1,6.831084489822e-1,3.553181044547e-4,5.353270799443e-4,1.311817540598e0
614,8.891053795815e-1,1.389766931534e-1,5.749011635780e-1,9.644751548767e-1,5.387648344040e-1,7.842999100685e-1,1.000000000000e0,6.506923437119e-1,6.014655828476e-1,4.260637022105e-4,5.615365965486e-4,1.255089949877e0
615,5.326561927795e-1,5.474227666855e-2,1.322861909866e-1,8.348827958107e-1,5.148254632950e-1,5.861356258392e-1,8.108982443810e-1,6.086018085480e-1,4.766584634781e-1,5.156357067416e-4,6.309202285043e-4,1.384912893507e0
616,1.461273431778e-1,2.240567207336e-1,2.006325721741e-1,6.184139251709e-1,6.745853424072e-1,6.585597395897e-1,5.479168891907e-1,6.034811139107e-1,5.978837609291e-1,6.551264236160e-4,4.936687772065e-4,1.009706663905e0
617,6.157166361809e-1,1.818252801895e-1,9.754162430763e-1,8.094158172607e-1,5.982793569565e-1,9.954144954681e-1,7.562667727470e-1,7.510351538658e-1,1.000000000000e0,5.237377010784e-4,6.531980470907e-4,1.126668159481e0
618,6.389361619949e-1,1.264396309853e-1,8.263018131256e-1,8.342385888100e-1,5.722481012344e-1,9.244702458382e-1,8.392564654350e-1,7.285541296005e-1,9.219022393227e-1,5.254255943037e-4,6.759354148652e-4,1.196956337180e0
619,1.194745302200e-1,1.716877222061e-1,6.332337856293e-2,6.281521916389e-1,6.737164258957e-1,5.710290670395e-1,5.653305649757e-1,5.676684379578e-1,5.535749793053e-1,6.650509400417e-4,4.491843867107e-4,1.043052931338e0
620,7.454659342766e-1,4.147203564644e-1,5.377589464188e-1,8.653940558434e-1,6.743253469467e-1,7.448471188545e-1,8.778502941132e-1,7.238003015518e-1,7.069439291954e-1,4.978335966258e-4,5.851963365643e-4,8.622064648136e-1
621,8.453178405762e-2,2.098679542542e-1,5.348978042603e-1,5.575488805771e-1,6.612588167191e-1,8.214500546455e-1,4.774152040482e-1,6.527739167213e-1,7.614056468010e-1,6.326926734362e-4,6.024236971755e-4,1.089479023935e0
622,1.474890708923e-1,4.719007611275e-1,8.699735999107e-1,5.409331917763e-1,7.307254076004e-1,9.389186501503e-1,4.731704294682e-1,7.911950349808e-1,9.742804169655e-1,5.314611209137e-4,5.882433780047e-4,9.927222472343e-1
623,7.610778808594e-1,5.817560553551e-1,2.483134865761e-1,8.671071529388e-1,7.665063142776e-1,5.674957036972e-1,9.119216799736e-1,7.988836169243e-1,5.534867644310e-1,4.559284596096e-4,5.218714682588e-4,7.647838479280e-1
624,3.957015275955e-1,9.280622005463e-2,3.041946291924e-1,7.754545211792e-1,5.762119293213e-1,7.195460796356e-1,6.515188813210e-1,6.017692089081e-1,6.318566799164e-1,6.081465806359e-4,5.646192452790e-4,1.155587211131e0
625,4.540774226189e-1,5.075824260712e-1,2.008086442947e-2,7.109371423721e-1,7.530897259712e-1,4.435621500015e-1,7.605217099190e-1,8.115450739861e-1,5.522075295448e-1,5.507590921968e-4,6.170776680894e-4,1.076490881538e0
626,3.739604353905e-1,2.509573101997e-1,8.833043575287e-1,6.875235438347e-1,6.391609907150e-1,9.526510238647e-1,4.584202170372e-1,7.353613376617e-1,9.628840684891e-1,5.799477833029e-4,6.315607500124e-4,1.061156992483e0
627,9.854684472084e-1,3.191126585007e-1,2.887195348740e-1,1.000000000000e0,6.222050786018e-1,6.048398613930e-1,1.000000000000e0,6.877546310425e-1,5.559438467026e-1,4.104453792451e-4,4.981353653732e-4,9.900467477750e-1
628,8.603965640068e-1,4.871686697006e-1,8.710166215897e-1,9.226583242416e-1,6.985413432121e-1,9.267680048943e-1,9.577468037605e-1,8.294103741646e-1,9.544506669044e-1,4.068076250351e-4,4.998477433519e-4,8.038843224296e-1
629,7.904734015465e-1,9.753118753433e-1,7.048274278641e-1,8.617613911629e-1,9.850091338158e-1,8.040727972984e-1,8.828340768814e-1,9.888900518417e-1,8.103499412537e-1,9.987236080422e-5,1.333121885342e-4,3.536770142387e-1
630,6.366074681282e-1,6.086933612823e-1,5.857054591179e-1,7.808117270470e-1,7.636203169823e-1,7.494615912437e-1,7.662901878357e-1,7.490517497063e-1,7.292422056198e-1,4.184858195277e-4,3.231419280789e-4,7.230422485646e-1
631,1.104474067688e-3,7.757707238197e-1,7.699518799782e-1,4.654783010483e-1,8.766597509384e-1,8.707620501518e-1,6.484234333038e-1,9.146996140480e-1,9.147685170174e-1,3.487140395259e-4,4.329311116554e-4,9.561650409578e-1
632,5.263596177101e-1,6.152163743973e-1,6.239239573479e-1,7.192539572716e-1,7.727788686752e-1,7.780126929283e-1,6.953287720680e-1,7.628449201584e-1,7.679358124733e-1,4.412750496786e-4,3.593385320292e-4,7.417009484666e-1
633,7.832344174385e-1,9.135793447495e-1,3.708125948906e-1,8.663328289986e-1,9.511883854866e-1,6.163532137871e-1,8.939268589020e-1,9.653713703156e-1,6.367347240448e-1,2.021695496535e-4,2.428752970960e-4,6.020362974876e-1
634,3.573880791664e-1,9.858642816544e-1,5.095509290695e-1,6.233643293381e-1,9.954893589020e-1,7.002325654030e-1,7.564288377762e-1,1.000000000000e0,7.414905428886e-1,1.607250627836e-4,2.117331382019e-4,6.617902140243e-1
635,6.912139654160e-1,7.372617125511e-1,3.594611287117e-1,8.158332705498e-1,8.467977046967e-1,6.172180771828e-1,8.462640643120e-1,8.807976245880e-1,6.205496191978e-1,3.708054601743e-4,4.426567747716e-4,6.558259524773e-1
636,6.163601875305e-1,3.516164422035e-1,5.874352455139e-1,8.057004809380e-1,6.582384109497e-1,7.877830266953e-1,7.891708016396e-1,7.109701037407e-1,7.841555476189e-1,5.510788831010e-4,6.324749346364e-4,9.191699029680e-1
637,5.361742973328e-1,9.485719799995e-1,2.639654874802e-1,7.218067646027e-1,9.752339124680e-1,5.576818585396e-1,7.991365194321e-1,9.910885691643e-1,6.353890299797e-1,2.072986006083e-4,2.357448289690e-4,8.203350772025e-1
638,9.213444590569e-1,1.762309670448e-1,4.476660490036e-2,9.836194515228e-1,5.507085919380e-1,4.846648573875e-1,1.000000000000e0,6.593008041382e-1,4.898993074894e-1,4.035377177815e-4,5.621307778475e-4,1.251662311552e0
639,2.547701001167e-1,8.732975721359e-1,2.075796127319e-1,5.753216147423e-1,9.335657358170e-1,5.262774825096e-1,7.243272662163e-1,9.627336263657e-1,6.180767416954e-1,2.954862647322e-4,3.481784361745e-4,1.008464316110e0
640,5.794564485550e-1,7.316317558289e-1,7.651762962341e-1,7.380828857422e-1,8.337808847427e-1,8.549637198448e-1,7.296971678734e-1,8.377504348755e-1,8.604533672333e-1,3.424805661548e-4,3.226076142109e-4,5.925118215288e-1
641,9.370597004890e-1,7.006437182426e-1,4.325608015060e-1,9.642645716667e-1,8.194790482521e-1,6.548151373863e-1,9.824627637863e-1,8.254874944687e-1,6.274382472038e-1,3.214189885109e-4,3.447442621790e-4,5.660509853008e-1
642,2.021194100380e-1,9.494886398315e-1,2.753098011017e-1,5.559008717537e-1,9.775747060776e-1,5.664939284325e-1,7.267972826958e-1,9.948465824127e-1,6.361324787140e-1,2.134415305862e-4,2.626191161228e-4,9.512579962356e-1
643,9.701104760170e-1,8.533342480659e-1,3.573593497276e-1,9.818242192268e-1,9.140824675560e-1,6.107208728790e-1,9.911823272705e-1,9.339897632599e-1,6.206848025322e-1,2.071920314154e-4,2.536211037054e-4,5.514408076128e-1
644,4.124475717545e-1,1.185852289200e-1,6.728354096413e-1,7.438798546791e-1,5.925228595734e-1,8.682227730751e-1,7.038121223450e-1,6.548649072647e-1,7.943454384804e-1,5.958770442709e-4,6.707470472654e-4,1.141577663008e0
645,6.274670362473e-2,5.338948965073e-2,9.364604949951e-3,6.645341515541e-1,6.555811762810e-1,5.799880027771e-1,5.570859313011e-1,5.566458702087e-1,5.549816489220e-1,6.772677017546e-4,4.613425065709e-4,1.186140918732e0
646,5.903623700142e-1,5.983695387840e-1,1.201587319374e-1,7.719102501869e-1,7.852064967155e-1,4.938056468964e-1,8.416553139687e-1,8.580073714256e-1,5.622473359108e-1,4.875191659574e-4,5.281038245156e-4,9.087083925027e-1
647,5.767125487328e-1,6.399753093719e-1,7.328153848648e-1,7.423146367073e-1,7.815200686455e-1,8.389269709587e-1,7.243854403496e-1,7.818139791489e-1,8.269442319870e-1,4.031141401405e-4,3.531956170542e-4,6.965414965031e-1
648,4.418200850487e-1,9.426140785217e-2,9.480671286583e-1,7.328436374664e-1,5.859032273293e-1,9.865015745163e-1,4.866863787174e-1,7.213214635849e-1,9.925774931908e-1,5.530031630591e-4,6.419094562458e-4,1.205754891061e0
649,8.531920313835e-1,2.237002253532e-1,2.176200151443e-1,9.428384900093e-1,5.818682909012e-1,5.795689821243e-1,1.000000000000e0,6.556639671326e-1,4.729006588459e-1,4.651653938890e-4,5.779557906839e-4,1.131005479226e0
650,3.751231431961e-1,2.820500135422e-1,9.441698193550e-1,6.789311170578e-1,6.476840376854e-1,9.802416563034e-1,4.588728249073e-1,7.397581338882e-1,9.907464981079e-1,5.657087241717e-4,6.129731550315e-4,1.055007246775e0
651,1.422075629234e-1,7.394487261772e-1,2.595955133438e-2,5.256896018982e-1,8.652137517929e-1,4.291042983532e-1,6.868622899055e-1,9.142645597458e-1,5.894663929939e-1,4.096701824800e-4,4.750504525626e-4,1.281447011461e0
652,8.271684646606e-1,2.906553745270e-1,1.451060175896e-1,9.249328970909e-1,6.248094439507e-1,5.334413647652e-1,9.908951520920e-1,6.759833097458e-1,4.683723151684e-1,4.987399243729e-4,5.803937372063e-4,1.035924704349e0
653,3.310284018517e-1,7.362330555916e-1,4.544753432274e-1,6.141026020050e-1,8.499203920364e-1,6.809647679329e-1,6.418055891991e-1,8.810594677925e-1,6.889733672142e-1,4.037263237214e-4,4.796533534605e-4,7.901880842402e-1
654,3.060499429703e-1,4.643970131874e-1,7.213097810745e-2,6.422801017761e-1,7.409200668335e-1,4.788967370987e-1,6.620119214058e-1,7.878196835518e-1,5.761060714722e-1,5.793811996629e-4,6.521234729128e-4,1.070563828874e0
655,7.399131059647e-1,8.345383405685e-2,5.113797187805e-1,8.989855051041e-1,5.233407616615e-1,7.688536643982e-1,9.500020146370e-1,6.446653008461e-1,5.804448723793e-1,4.754543152835e-4,6.267823930795e-4,1.340621019727e0
656,7.461069226265e-1,3.172703385353e-1,3.017406463623e-1,8.787103295326e-1,6.373945474625e-1,6.277381777763e-1,9.569197893143e-1,6.744083166122e-1,5.049968957901e-1,5.257032116479e-4,5.857540298875e-4,9.705670084143e-1
657,3.067891597748e-1,3.279784321785e-1,6.116811633110e-1,6.560631990433e-1,6.733142733574e-1,8.198252320290e-1,5.397345423698e-1,7.001841664314e-1,8.144708275795e-1,6.035518144349e-4,6.138326804925e-4,9.721280879292e-1
658,3.864292502403e-1,3.987735509872e-1,8.552075028419e-1,6.704378724098e-1,6.856373548508e-1,9.299758672714e-1,5.005577206612e-1,7.637581229210e-1,9.699699878693e-1,5.466507177898e-4,5.892774115612e-4,9.591169818840e-1
659,4.984498023987e-2,5.348871946335e-1,7.077088356018e-1,4.864261746407e-1,7.608802318573e-1,8.515390753746e-1,5.482578873634e-1,8.134174346924e-1,9.035583734512e-1,5.114945100685e-4,5.908440245489e-4,1.037971562301e0
660,1.578962802887e-2,2.046151161194e-1,8.853264451027e-1,5.053995847702e-1,6.451490521431e-1,9.610340595245e-1,3.818366825581e-1,7.298350334167e-1,9.637870192528e-1,5.770550467021e-4,6.675372792402e-4,1.219920783037e0
661,2.878882288933e-1,4.669600725174e-1,1.315124034882e-1,6.322755217552e-1,7.396333813667e-1,5.233442187309e-1,6.512355804443e-1,7.895483374596e-1,5.854616165161e-1,5.785181677127e-4,6.509463686556e-4,1.016233394374e0
662,8.185186386108e-1,9.025698304176e-1,4.180425405502e-1,8.874744176865e-1,9.433174133301e-1,6.417152285576e-1,9.084030985832e-1,9.579509496689e-1,6.505034565926e-1,2.019721567789e-4,2.483362373185e-4,5.465805034322e-1
663,6.479827761650e-1,9.123442769051e-1,1.303250193596e-1,7.874408364296e-1,9.556954503059e-1,4.899500310421e-1,8.459752202034e-1,9.744661450386e-1,5.948654413223e-1,2.365227471813e-4,2.603621071247e-4,9.032714262559e-1
664,6.333649158478e-1,4.849432110786e-1,8.027058243752e-1,7.910612821579e-1,7.063530087471e-1,8.905802369118e-1,8.514941334724e-1,8.038521409035e-1,9.270671010017e-1,4.779549474779e-4,5.636243269418e-4,8.284254904641e-1
665,2.737504839897e-1,4.257040619850e-1,8.031210899353e-1,6.145641207695e-1,7.069344520569e-1,9.049933552742e-1,4.824698865414e-1,7.694057226181e-1,9.488216042519e-1,5.575814551974e-4,5.975646994968e-4,9.492245142918e-1
666,4.042145013809e-1,1.460757851601e-1,3.315265178680e-1,7.636402845383e-1,6.045508980751e-1,7.206316590309e-1,6.557131409645e-1,6.080035567284e-1,6.396290063858e-1,6.231388300207e-4,5.599310038863e-4,1.069602106882e0
667,1.810166835785e-1,4.212804436684e-1,8.893587589264e-1,5.639672875404e-1,7.099020481110e-1,9.506513476372e-1,4.157131016254e-1,7.669899463654e-1,9.779453277588e-1,5.494312230706e-4,5.846671108428e-4,1.004609592803e0
668,6.241334080696e-1,4.015827775002e-1,2.185642123222e-1,8.113670945168e-1,6.909517645836e-1,5.784475803375e-1,8.706175684929e-1,7.033731937408e-1,5.141627192497e-1,5.575863362575e-4,6.020459488835e-4,8.995916356959e-1
669,9.805097579956e-1,2.693084478378e-1,6.517325043678e-1,1.000000000000e0,5.980598926544e-1,8.100607991219e-1,1.000000000000e0,7.526146769524e-1,7.655965089798e-1,4.061247435800e-4,5.563626825930e-4,1.034168093781e0
670,4.248502254486e-1,1.510693430901e-1,1.880484819412e-1,7.746820449829e-1,6.049726009369e-1,6.326450705528e-1,7.320135235786e-1,6.000878214836e-1,5.024752020836e-1,6.184801135859e-4,5.822639871615e-4,1.077293856194e0
671,8.531565070152e-1,5.604084134102e-1,5.534493923187e-1,9.152343273163e-1,7.340355515480e-1,7.295597791672e-1,9.271131753922e-1,7.522764801979e-1,6.792008280754e-1,3.931454208761e-4,4.278639854416e-4,7.147974333510e-1
672,8.488277196884e-1,5.256497859955e-2,4.927846193314e-1,9.524226784706e-1,4.959942698479e-1,7.499328255653e-1,1.000000000000e0,6.401236057281e-1,5.565283894539e-1,4.085143943454e-4,5.932516085574e-4,1.436372450532e0
673,1.032809615135e-1,3.912656307220e-1,3.927927613258e-1,5.312825441360e-1,7.148653864861e-1,7.143754959106e-1,5.214266777039e-1,7.302196621895e-1,7.338638305664e-1,5.958961361822e-4,6.374264725326e-4,1.047689146464e0
674,7.199915051460e-1,3.350075483322e-1,5.346417427063e-3,8.675917387009e-1,6.619245409966e-1,4.623645544052e-1,9.425649642944e-1,6.857069730759e-1,4.605903327465e-1,5.432668770317e-4,5.977512017932e-4,1.045021133611e0
675,9.913260340691e-1,8.586557507515e-1,4.123600125313e-1,9.948208332062e-1,9.158604145050e-1,6.395347118378e-1,1.000000000000e0,9.327056407928e-1,6.503558754921e-1,1.913586624999e-4,2.381839702241e-4,5.035848775788e-1
676,7.463391423225e-1,3.930532336235e-1,5.212536454201e-1,8.683374524117e-1,6.656303405762e-1,7.387896776199e-1,9.097590446472e-1,7.237824797630e-1,6.755801439285e-1,5.051452914477e-4,5.964122468586e-4,8.822737914225e-1
677,3.967210054398e-1,1.339401006699e-1,7.308942079544e-2,7.731586694717e-1,6.049765348434e-1,5.500941276550e-1,7.098543643951e-1,5.937349200249e-1,4.962602257729e-1,6.195563647527e-4,5.689778804225e-4,1.111520654543e0
678,4.814726710320e-1,9.019936323166e-1,1.461749076843e-1,6.929618120193e-1,9.501904845238e-1,4.936612546444e-1,7.846947908401e-1,9.710697531700e-1,5.963989496231e-1,2.649936873773e-4,3.011253236788e-4,9.619017726897e-1
679,9.963638782501e-1,1.539345383644e-1,1.724442839622e-1,1.000000000000e0,5.416840910912e-1,5.586071014404e-1,1.000000000000e0,6.720262169838e-1,5.440853834152e-1,3.376299990584e-4,5.302840236112e-4,1.280775626858e0
680,3.817985057831e-1,2.423544526100e-1,9.583761692047e-1,6.870498061180e-1,6.349379420280e-1,9.881413578987e-1,4.614936113358e-1,7.342433929443e-1,9.974471330643e-1,5.675945010822e-4,6.218735466498e-4,1.080900616019e0
681,4.011350274086e-1,6.503790616989e-2,6.950980424881e-1,7.425335049629e-1,5.748646259308e-1,8.817187547684e-1,6.985701322556e-1,6.496124863625e-1,8.015534281731e-1,5.831209123568e-4,6.709024846496e-4,1.210377455173e0
682,2.904967069626e-1,9.745619893074e-1,3.388370871544e-1,5.928796529770e-1,9.908646345139e-1,6.006060838699e-1,7.540286183357e-1,1.000000000000e0,6.835946440697e-1,1.816383930766e-4,2.237211204615e-4,8.095909520394e-1
683,9.516528248787e-1,6.539282798767e-1,6.075347661972e-1,9.727103114128e-1,7.820562720299e-1,7.523031234741e-1,9.851299524307e-1,7.976177930832e-1,7.131590843201e-1,3.038831636642e-4,3.347538997799e-4,5.799812051275e-1
684,1.187621951103e-1,6.467404961586e-1,1.072566509247e-1,5.198128223419e-1,8.179407119751e-1,4.792204201221e-1,6.448397636414e-1,8.798280954361e-1,5.909904837608e-1,4.729135083214e-4,5.478920642146e-4,1.177802146104e0
685,2.371227741241e-1,7.223475575447e-1,9.077984094620e-1,5.635767579079e-1,8.429068326950e-1,9.500522017479e-1,6.008151173592e-1,8.686239719391e-1,9.676968455315e-1,3.858295510210e-4,4.581231495779e-4,7.737579578531e-1
686,6.017531752586e-1,9.216554760933e-1,8.407115936279e-1,7.454771399498e-1,9.511454701424e-1,8.985495567322e-1,7.726958990097e-1,9.588129520416e-1,9.090481996536e-1,1.793299726589e-4,2.268590368369e-4,4.050672299467e-1
687,8.487616777420e-1,4.285138249397e-1,8.263383507729e-1,9.199149608612e-1,6.735387444496e-1,9.036697745323e-1,9.545995593071e-1,8.131937980652e-1,9.498678445816e-1,4.383456492970e-4,5.316247515821e-4,8.637596802951e-1
688,8.530386090279e-1,8.849245905876e-1,3.529374599457e-1,9.097625613213e-1,9.338618516922e-1,6.075014472008e-1,9.303817152977e-1,9.520696997643e-1,6.239218711853e-1,2.146335125525e-4,2.586639886941e-4,5.869873437104e-1
689,3.964223861694e-1,2.667063474655e-2,9.224957823753e-1,7.164937257767e-1,5.739765167236e-1,9.772569537163e-1,4.673656821251e-1,7.189217805862e-1,9.806651473045e-1,5.522961436253e-4,6.579633778641e-4,1.261570200197e0
690,4.526035189629e-1,3.899360895157e-1,6.971798539162e-1,7.124434709549e-1,6.810076236725e-1,8.467905521393e-1,6.835061907768e-1,7.094754576683e-1,8.216248154640e-1,5.607703314794e-4,6.022489082084e-4,9.227347031509e-1
691,8.288086652756e-1,6.387373209000e-1,2.180413007736e-1,9.031603932381e-1,7.957986593246e-1,5.451774597168e-1,9.439960122108e-1,8.332944512367e-1,5.524984598160e-1,4.094333104752e-4,4.722388885526e-4,7.413994994044e-1
692,1.606580018997e-1,7.050439715385e-1,7.035650610924e-1,5.249956250191e-1,8.369036316872e-1,8.345375657082e-1,6.011866331100e-1,8.681139945984e-1,8.701335787773e-1,4.147367230333e-4,4.983963737349e-4,8.649895106610e-1
693,6.369997262955e-1,6.344389915466e-1,3.648649454117e-1,7.904502749443e-1,7.909767627716e-1,6.297658085823e-1,8.149363994598e-1,8.179699182510e-1,6.158181428909e-1,4.461100099134e-4,5.143554330621e-4,7.218893588394e-1
694,4.302110671997e-1,9.678761959076e-1,5.987806916237e-1,6.569988727570e-1,9.833149909973e-1,7.514192461967e-1,7.459698915482e-1,9.914984107018e-1,7.681127190590e-1,1.731823410844e-4,2.301305355085e-4,6.252972437532e-1
695,6.554098129272e-1,2.006339430809e-1,4.504614472389e-1,8.490434288979e-1,5.930159091949e-1,7.365410327911e-1,8.468635678291e-1,6.686331033707e-1,6.422707438469e-1,5.527530615972e-4,6.502530258155e-4,1.084263309555e0
696,7.144728302956e-1,4.913929700851e-1,9.878711104393e-1,8.333312273026e-1,7.059445977211e-1,9.960848689079e-1,9.018609523773e-1,8.303223848343e-1,9.979147315025e-1,4.337951432436e-4,5.290406722233e-4,8.311430264547e-1
697,4.265473484993e-1,7.704869508743e-1,5.968463420868e-2,6.675958037376e-1,8.777498006821e-1,4.495885968208e-1,7.614035010338e-1,9.238930940628e-1,5.808150172234e-1,3.886564412124e-4,4.308489848409e-4,1.070915920120e0
698,6.021811366081e-1,6.898024678230e-1,9.936007261276e-1,7.503960132599e-1,8.076886534691e-1,9.978673458099e-1,8.275932073593e-1,8.754270672798e-1,1.000000000000e0,3.378517764378e-4,4.338268555141e-4,6.426545789911e-1
699,2.385044693947e-1,4.489123821259e-2,7.935202717781e-1,6.486272215843e-1,5.873575806618e-1,9.287860393524e-1,4.509733617306e-1,6.873520016670e-1,9.199572205544e-1,5.837591454739e-4,6.597587165320e-4,1.244272017111e0
700,2.508167624474e-1,8.584124445915e-1,8.366535305977e-1,5.660121440887e-1,9.193056821823e-1,9.051038026810e-1,6.670739650726e-1,9.367994070053e-1,9.273970127106e-1,2.797241715556e-4,3.545207341711e-4,6.873222551457e-1
701,7.947735190392e-1,6.078996658325e-1,3.008186817169e-1,8.842468857765e-1,7.765729427338e-1,5.932505130768e-1,9.183235764503e-1,7.974374890327e-1,5.693369507790e-1,4.304716749925e-4,4.906229063717e-4,7.164306682300e-1
702,9.851862192154e-1,3.215557336807e-2,4.793950319290e-1,1.000000000000e0,4.944151639938e-1,7.260701060295e-1,1.000000000000e0,6.644138693810e-1,5.987619757652e-1,3.203117432372e-4,5.362093610123e-4,1.462681532542e0
703,8.621631264687e-1,1.272835135460e-1,2.457488775253e-1,9.569675922394e-1,5.238928794861e-1,6.060908436775e-1,1.000000000000e0,6.475556492805e-1,4.837880730629e-1,4.180973825914e-4,5.936054250552e-4,1.315632377394e0
704,3.785947561264e-1,2.049213647842e-2,9.194326400757e-2,8.002809882164e-1,5.129528045654e-1,5.935241580009e-1,6.643532514572e-1,5.743086934090e-1,5.181841254234e-1,5.410375936347e-4,5.152876681393e-4,1.398065182364e0
705,7.115823030472e-2,9.494425058365e-1,1.625489592552e-1,5.161819458008e-1,9.801448583603e-1,5.023255348206e-1,7.206358909607e-1,9.967688322067e-1,6.118271350861e-1,2.124502884336e-4,2.632349673460e-4,1.054654042229e0
706,7.350219488144e-1,3.629282116890e-1,5.313131809235e-1,8.655844330788e-1,6.542048454285e-1,7.493433356285e-1,8.838064074516e-1,7.202768921852e-1,7.099166512489e-1,5.163994088320e-4,6.147419728795e-4,9.098905498054e-1
707,4.408676624298e-1,4.882214069366e-1,8.034432530403e-1,6.872129440308e-1,7.176743745804e-1,8.953467607498e-1,6.353679895401e-1,7.667692899704e-1,9.087860584259e-1,5.110335274708e-4,5.788556899537e-4,8.709740235301e-1
708,7.866946458817e-1,3.910719156265e-1,7.285988330841e-1,8.885827660561e-1,6.613156199455e-1,8.522247672081e-1,9.211865067482e-1,7.940425872803e-1,9.088312983513e-1,4.802318694574e-4,5.704097454032e-4,8.919529154138e-1
709,1.577008962631e-1,9.385605454445e-1,5.834841132164e-1,5.388181805611e-1,9.685251116753e-1,7.529427409172e-1,7.227090001106e-1,9.918246865273e-1,8.077208399773e-1,2.172166518360e-4,2.593143614636e-4,7.898644936113e-1
710,1.105403900146e-1,2.550060749054e-1,1.617193818092e-1,5.827473402023e-1,6.869195103645e-1,6.208655834198e-1,5.584633946419e-1,6.284149885178e-1,5.907085537910e-1,6.461520095487e-4,5.476550232205e-4,1.046053668169e0
711,1.769699454308e-1,2.043634653091e-1,6.321203708649e-2,6.507997512817e-1,6.749953031540e-1,5.491480827332e-1,5.969160199165e-1,5.865264534950e-1,5.404990315437e-1,6.595052979137e-4,4.854178533426e-4,1.038954496187e0
712,8.900440335274e-1,8.719249963760e-1,3.109285831451e-1,9.328110218048e-1,9.268255829811e-1,5.858862996101e-1,9.504466652870e-1,9.468759894371e-1,6.111422181129e-1,2.186066247882e-4,2.624490385227e-4,6.117408303121e-1
713,1.238884329796e-1,5.922724008560e-1,3.605666756630e-1,5.252836346626e-1,7.876865863800e-1,6.542534828186e-1,5.894039273262e-1,8.428524136543e-1,6.738426685333e-1,5.052680505843e-4,5.846404426377e-4,9.924152263930e-1
714,5.616433024406e-1,2.940588593483e-1,1.664167046547e-1,7.991350293159e-1,6.536480188370e-1,5.683264136314e-1,8.609734773636e-1,6.515843272209e-1,4.736649096012e-1,5.921424330759e-4,6.156495503597e-4,9.815554247590e-1
715,2.036513090134e-1,2.061070203781e-1,5.927308201790e-1,6.301470398903e-1,6.463837623596e-1,8.377416133881e-1,4.799980819225e-1,6.646795868874e-1,7.976897954941e-1,6.311734014683e-4,6.153504988109e-4,1.052234192298e0
716,1.137834191322e-1,4.308658838272e-1,2.728283405304e-2,5.379887819290e-1,7.387585639954e-1,4.490570425987e-1,5.800302624702e-1,7.710945010185e-1,6.027236580849e-1,5.856960961141e-4,6.682053007133e-4,1.245900094751e0
717,7.802677154541e-2,3.490633368492e-1,9.588261246681e-1,5.193523764610e-1,6.878483295441e-1,9.878470897675e-1,3.861293196678e-1,7.511653900146e-1,9.976605176926e-1,5.549077547980e-4,6.086913703970e-4,1.107555213202e0
718,9.027436375618e-1,2.336824536324e-1,5.287045240402e-2,9.688898921013e-1,5.882495641708e-1,4.865269660950e-1,1.000000000000e0,6.628648042679e-1,4.792742729187e-1,4.446856489043e-4,5.567427895460e-4,1.151755948246e0
719,3.578334450722e-1,9.239822626114e-2,4.728134870529e-1,7.463431954384e-1,5.871481895447e-1,7.979953885078e-1,6.455335617065e-1,6.055834889412e-1,6.792789101601e-1,6.153861180752e-4,5.741131203602e-4,1.139798477720e0
720,6.152570843697e-1,2.646133899689e-1,4.166822433472e-1,8.220382332802e-1,6.264230608940e-1,7.135534286499e-1,8.263077139854e-1,6.664134263992e-1,6.173574328423e-1,5.717165820503e-4,6.303780294810e-4,9.944105344481e-1
721,5.214840173721e-2,5.772176980972e-1,4.252146482468e-1,4.918785095215e-1,7.820850014687e-1,6.954205036163e-1,5.689885616302e-1,8.314952850342e-1,7.283818125725e-1,5.068986524874e-4,5.910920589679e-4,1.040950662381e0
722,5.929401516914e-1,2.101444602013e-1,5.170583128929e-1,8.186097145081e-1,6.054750680923e-1,7.741881012917e-1,7.775253653526e-1,6.841512918472e-1,7.580510377884e-1,5.735513126364e-4,6.692918684057e-4,1.054524301536e0
723,4.056876301765e-1,3.373376131058e-1,4.877961874008e-1,7.082962393761e-1,6.708360910416e-1,7.524560689926e-1,6.556323170662e-1,6.381085515022e-1,6.813889741898e-1,6.000341031751e-4,4.777809793826e-4,9.398352827711e-1
724,9.846726059914e-1,4.535299539566e-2,7.644239664078e-1,1.000000000000e0,5.201328992844e-1,8.719863891602e-1,1.000000000000e0,7.485665082932e-1,8.315093517303e-1,3.453970309539e-4,5.857123546532e-4,1.348910947240e0
725,1.704245805740e-2,7.952187061310e-1,8.104311823845e-1,4.715997576714e-1,8.869795203209e-1,8.935017585754e-1,6.593757271767e-1,9.227403998375e-1,9.323432445526e-1,3.303312116533e-4,4.110131693308e-4,9.237505786521e-1
726,7.548666000366e-1,4.684493541718e-1,9.503186941147e-1,8.598726987839e-1,6.947485804558e-1,9.747532606125e-1,9.158632159233e-1,8.252348303795e-1,9.795403480530e-1,4.392647183721e-4,5.400418111857e-4,8.476808839215e-1
727,7.994073033333e-1,6.916478872299e-1,3.667363524437e-1,8.821626305580e-1,8.191199898720e-1,6.224545240402e-1,9.067879319191e-1,8.400806188583e-1,6.075964570045e-1,3.763653167757e-4,4.386206951522e-4,6.337782303393e-1
728,5.756336450577e-2,1.459394693375e-1,3.127665519714e-1,5.728797912598e-1,6.593252420425e-1,7.591015100479e-1,5.512111783028e-1,5.687040090561e-1,5.976455211639e-1,6.565192042115e-4,4.543841459495e-4,1.069617585018e0
729,6.973816156387e-1,2.726025581360e-1,5.449076294899e-1,8.571716547012e-1,6.205621361732e-1,7.712103724480e-1,8.392250537872e-1,7.188984155655e-1,7.928000092506e-1,5.403629317410e-4,6.578752026175e-4,1.001122387192e0
730,1.167917251587e-1,1.952280402184e-1,2.633107900620e-1,6.061613559723e-1,6.682001948357e-1,7.107301354408e-1,5.405619740486e-1,5.888568758965e-1,6.067451834679e-1,6.578491521336e-4,4.723728524336e-4,1.019743599555e0
731,7.274625897408e-1,1.713330745697e-1,8.569753766060e-1,8.730149269104e-1,5.805945396423e-1,9.350560307503e-1,8.879989981651e-1,7.508286833763e-1,9.511991739273e-1,5.008239210690e-4,6.434914504396e-4,1.160607834979e0
732,5.572879910469e-1,8.946120142937e-1,7.091991901398e-1,7.215968370438e-1,9.352300763130e-1,8.157547712326e-1,7.485869526863e-1,9.455038905144e-1,8.253594636917e-1,2.238973229127e-4,2.770800922454e-4,4.978870532047e-1
733,4.483245015144e-1,9.720264673233e-1,1.277080774307e-1,6.749644875526e-1,9.917751550674e-1,4.859355688095e-1,8.339273929596e-1,1.000000000000e0,7.749729752541e-1,1.893524988134e-4,1.710065972061e-4,8.474541174226e-1
734,9.478420019150e-1,6.930014491081e-1,9.287829995155e-1,9.685050249100e-1,8.008528947830e-1,9.551623463631e-1,9.751324057579e-1,8.622351288795e-1,9.723141193390e-1,2.466207723134e-4,3.835011633206e-4,5.316153432096e-1
735,1.968434453011e-1,9.905512928963e-1,6.238763928413e-1,5.566358566284e-1,9.985717535019e-1,7.752457261086e-1,8.086570501328e-1,1.000000000000e0,8.804146051407e-1,1.525843806477e-4,1.708781428177e-4,6.735897511168e-1
736,5.181201100349e-1,2.006442546844e-1,7.242709398270e-2,8.002945184708e-1,6.201205253601e-1,5.207239985466e-1,8.200048208237e-1,6.244866251945e-1,4.668178260326e-1,5.997968488112e-4,6.256259838088e-4,1.087147178715e0
737,5.013555288315e-2,9.253709316254e-1,7.402051091194e-1,5.027320384979e-1,9.608447551727e-1,8.482168316841e-1,7.385573983192e-1,9.893157482147e-1,9.133982658386e-1,2.181406279318e-4,2.403068060176e-4,8.093232037320e-1
738,9.294827580452e-1,2.010185718536e-1,4.038349986076e-1,9.825106263161e-1,5.626528859138e-1,6.843912601471e-1,1.000000000000e0,6.640982031822e-1,5.549092292786e-1,4.205343707007e-4,5.438527149167e-4,1.153530391265e0
739,4.219805598259e-1,9.597818851471e-1,5.251175761223e-1,6.528671979904e-1,9.789370298386e-1,7.065094709396e-1,7.485317587852e-1,9.894133210182e-1,7.266524434090e-1,1.863150369060e-4,2.442683751057e-4,6.787085813943e-1
740,4.211717844009e-1,7.819616794586e-2,9.148514866829e-1,7.270519733429e-1,5.826509594917e-1,9.725226163864e-1,4.776997268200e-1,7.205816507339e-1,9.771510958672e-1,5.582083060523e-4,6.517528972201e-4,1.223237301184e0
741,7.162566184998e-1,5.407381653786e-1,6.462678909302e-1,8.344320058823e-1,7.280103564262e-1,7.914761304855e-1,8.085841536522e-1,7.407665252686e-1,7.818671464920e-1,4.400278943471e-4,4.202707069381e-4,7.518732774538e-1
742,1.333595514297e-1,4.338663220406e-1,8.152955770493e-2,5.504292845726e-1,7.364882230759e-1,4.933990538120e-1,5.828526616096e-1,7.719190120697e-1,6.041221022606e-1,5.868508649983e-4,6.657350331393e-4,1.153593718444e0
743,9.491842985153e-2,4.468860030174e-1,7.996346354485e-1,5.176234841347e-1,7.245387434959e-1,9.054124951363e-1,4.454458057880e-1,7.757183313370e-1,9.477044343948e-1,5.463143785924e-4,5.966771763940e-4,1.035098879464e0
744,3.172740936279e-1,1.357390284538e-1,9.430435895920e-1,6.671156287193e-1,6.067382693291e-1,9.849958419800e-1,4.378080964088e-1,7.237931489944e-1,9.902184009552e-1,5.723847803310e-4,6.547786929380e-4,1.177265834870e0
745,5.364933609962e-1,8.356052637100e-1,8.220518231392e-1,7.106304764748e-1,8.985751867294e-1,8.897767066956e-1,7.202842235565e-1,9.099630713463e-1,9.018601179123e-1,2.719104973063e-4,3.110129458241e-4,5.072650870248e-1
746,3.794819116592e-2,4.024956226349e-1,4.426573514938e-1,4.871846735477e-1,7.196474671364e-1,7.386761307716e-1,5.076398253441e-1,7.360984086990e-1,7.689146995544e-1,5.815394011815e-4,6.343638167363e-4,1.115675020936e0
747,9.820842146873e-1,4.140268564224e-1,4.611006975174e-1,9.986671805382e-1,6.613058447838e-1,6.887600421906e-1,1.000000000000e0,7.209420800209e-1,6.228099465370e-1,4.002413655963e-4,4.870911833278e-4,8.658052112036e-1
748,8.496609330177e-1,6.044055223465e-1,9.326125979424e-1,9.086593985558e-1,7.544858455658e-1,9.602029919624e-1,9.512819647789e-1,8.634064197540e-1,9.737812280655e-1,3.380822898816e-4,4.125285456820e-4,6.740508604695e-1
749,1.044839620590e-1,3.284704685211e-1,2.063988447189e-1,5.550281405449e-1,7.029088735580e-1,6.249881386757e-1,5.512269139290e-1,6.898203492165e-1,6.188618540764e-1,6.238210698704e-4,6.312475874602e-4,1.059834286280e0
750,7.304552197456e-1,7.924365997314e-2,7.386888265610e-1,8.877249360085e-1,5.381146073341e-1,8.797169923782e-1,8.775467276573e-1,7.310308814049e-1,8.901247978210e-1,4.826847426813e-4,6.663308478784e-4,1.306321748447e0
751,8.810626268387e-1,1.149642467499e-1,9.437620639801e-1,9.540984034538e-1,5.502733588219e-1,9.776269793510e-1,9.648907780647e-1,7.746292352676e-1,9.763902425766e-1,4.176880548408e-4,6.213670366699e-4,1.278657907900e0
752,6.354604363441e-1,7.868654727936e-1,5.669540166855e-1,7.715169787407e-1,8.681093454361e-1,7.279439568520e-1,7.788538932800e-1,8.830433487892e-1,7.257928252220e-1,3.107439298000e-4,3.535724599751e-4,5.717343365420e-1
753,8.078265190125e-2,4.170386791229e-1,4.416980147362e-1,5.111832618713e-1,7.225965261459e-1,7.340044379234e-1,5.220106244087e-1,7.467532157898e-1,7.680788040161e-1,5.813670781605e-4,6.378296743450e-4,1.066121638655e0
754,8.610801100731e-1,1.494195461273e-1,8.068585991859e-1,9.457069039345e-1,5.562307834625e-1,9.059496521950e-1,9.527124762535e-1,7.613841295242e-1,9.396211504936e-1,4.420244628249e-4,6.102333291454e-4,1.232167251802e0
755,4.996791481972e-1,1.551973223686e-1,7.918948531151e-1,7.683565616608e-1,5.971001386642e-1,9.124634861946e-1,7.714495062828e-1,7.047343254089e-1,8.847731947899e-1,5.717652151285e-4,6.950380504291e-4,1.129025093578e0
756,1.683256626129e-1,5.733039975166e-1,5.959015488625e-1,5.405335426331e-1,7.747781872749e-1,7.860023379326e-1,5.685962438583e-1,8.060786724091e-1,8.227222561836e-1,5.064940090297e-4,5.766312563194e-4,9.306981685592e-1
757,2.920579910278e-1,9.099470973015e-1,2.880412340164e-2,5.936899781227e-1,9.578433036804e-1,4.393095374107e-1,7.409989833832e-1,9.802706837654e-1,6.031423807144e-1,2.623423022573e-4,2.996742538098e-4,1.203245467227e0
758,2.235583662987e-1,4.443520307541e-1,1.730882525444e-1,6.009529232979e-1,7.318037152290e-1,5.604146122932e-1,6.121992468834e-1,7.749429941177e-1,6.019793748856e-1,5.871089413997e-4,6.575559756736e-4,1.017329175005e0
759,3.282237052917e-2,7.764811515808e-1,6.563199758530e-1,4.844984412193e-1,8.770755529404e-1,8.046416044235e-1,6.376752853394e-1,9.127135872841e-1,8.510021567345e-1,3.606859831800e-4,4.455186805993e-4,9.197348682134e-1
760,8.701168894768e-1,5.451202988625e-1,5.612027645111e-2,9.309181571007e-1,7.510393857956e-1,4.737916588783e-1,9.849935770035e-1,8.005992174149e-1,5.110771059990e-1,4.438414530187e-4,5.011392605224e-4,8.857022765461e-1
761,1.845515966415e-1,8.563296794891e-1,5.082110762596e-1,5.450365543365e-1,9.207845926285e-1,7.108155488968e-1,6.902088522911e-1,9.501795768738e-1,7.520909309387e-1,3.050705832047e-4,3.727442596140e-4,8.219498242186e-1
762,3.965202569962e-1,4.522060751915e-1,9.931749105453e-1,6.637086868286e-1,7.050198912621e-1,1.000000000000e0,5.710222125053e-1,7.902263998985e-1,1.000000000000e0,5.073838964495e-4,5.735581168420e-4,9.321352575732e-1
763,5.252118706703e-1,6.150824427605e-1,5.829444527626e-1,7.190963029861e-1,7.731364965439e-1,7.537174820900e-1,6.977318525314e-1,7.651558518410e-1,7.407730817795e-1,4.440804580859e-4,3.698810729753e-4,7.487303880370e-1
764,4.139103293419e-1,9.105314016342e-1,3.891656994820e-1,6.496451497078e-1,9.503995180130e-1,6.264714002609e-1,7.450855970383e-1,9.692183136940e-1,6.608282327652e-1,2.459840390314e-4,3.054890256496e-4,7.761240527554e-1
765,7.916645407677e-1,2.993716001511e-1,7.876742482185e-1,8.985338807106e-1,6.239904761314e-1,8.909704685211e-1,9.215807318687e-1,7.757567167282e-1,9.301750063896e-1,4.897105408426e-4,5.993913091966e-4,1.002341869395e0
766,6.112498044968e-1,8.692098259926e-1,5.945327281952e-1,7.527497410774e-1,9.187656044960e-1,7.406418919563e-1,7.707989811897e-1,9.327670931816e-1,7.455383539200e-1,2.416157343719e-4,2.994533333878e-4,5.412114166457e-1
767,3.503109216690e-1,4.436399340630e-1,1.710695028305e-2,6.691336631775e-1,7.338750362396e-1,4.435888826847e-1,6.909593343735e-1,7.738887071609e-1,5.606208443642e-1,5.857955727079e-4,6.572546740456e-4,1.120895680822e0
768,2.520036697388e-1,1.116054654121e-1,7.969545125961e-1,6.507825255394e-1,6.056622266769e-1,9.263546466827e-1,4.496507942677e-1,6.944608688354e-1,9.266803860664e-1,5.967068691751e-4,6.563340804249e-4,1.177035196028e0
769,5.158715248108e-1,9.066398739815e-1,6.225779652596e-1,6.997289657593e-1,9.440369009972e-1,7.626852393150e-1,7.494708895683e-1,9.564234614372e-1,7.759712338448e-1,2.252984192459e-4,2.925686228508e-4,5.660041450185e-1
770,7.399400472641e-1,9.718417525291e-1,2.559430003166e-1,8.410288095474e-1,9.886035323143e-1,5.559775233269e-1,8.779485225677e-1,1.000000000000e0,6.600010395050e-1,1.524529995730e-4,1.603391184513e-4,6.483719290284e-1
771,5.434815883636e-1,5.385398864746e-3,3.591170907021e-1,8.368722200394e-1,4.915975332260e-1,7.280606031418e-1,7.838762998581e-1,6.210581660271e-1,5.768473148346e-1,4.999942895264e-4,6.379589163608e-4,1.497061226064e0
772,3.286278247833e-2,5.402438640594e-1,9.657284617424e-1,4.900593459606e-1,7.603495121002e-1,9.868970513344e-1,4.986517727375e-1,8.181406259537e-1,9.960547089577e-1,4.831701839177e-4,5.516923700819e-4,1.023992162530e0
773,2.348251342773e-1,8.200563788414e-1,8.791310787201e-1,5.584541559219e-1,8.973530530930e-1,9.313553571701e-1,6.426634192467e-1,9.160813093185e-1,9.501183032990e-1,3.104869936315e-4,3.869467473615e-4,7.155924121425e-1
774,9.263690710068e-1,3.275314569473e-1,1.730986833572e-1,9.737391471863e-1,6.343351602554e-1,5.410142540932e-1,1.000000000000e0,6.875076293945e-1,5.103914141655e-1,4.541430474945e-4,5.241611493870e-4,9.966028938697e-1
775,6.094273924828e-1,6.723684668541e-1,8.814873695374e-1,7.564516067505e-1,7.969878911972e-1,9.285932779312e-1,7.554329633713e-1,8.248535394669e-1,9.278126358986e-1,3.586509416822e-4,4.298595285059e-4,6.537994677782e-1
776,2.491121292114e-1,2.404516339302e-1,1.605949401855e-1,6.744984388351e-1,6.700276732445e-1,6.128285527229e-1,6.347574591637e-1,6.181384921074e-1,5.462068915367e-1,6.502477488233e-4,5.560158648685e-4,9.883327903451e-1
777,8.652988076210e-1,4.953679442406e-1,2.554818391800e-1,9.305850863457e-1,7.188255190849e-1,5.759202837944e-1,9.788821339607e-1,7.393653392792e-1,5.217968821526e-1,4.569530090092e-4,5.115277476619e-4,8.061897580680e-1
778,4.982053637505e-1,6.782770156860e-3,4.749237298965e-1,8.136210441589e-1,5.154419541359e-1,7.868766784668e-1,7.218453288078e-1,6.432043910027e-1,7.188156247139e-1,5.316557569772e-4,6.668682113993e-4,1.402598153522e0
779,5.293923020363e-1,1.752315163612e-1,1.953035593033e-2,8.103362321854e-1,6.059150695801e-1,4.850660264492e-1,8.245850801468e-1,6.218826770782e-1,4.635502994061e-1,5.882848844411e-4,6.301130746274e-4,1.148893128800e0
780,2.181628346443e-1,7.199580073357e-1,3.276126980782e-1,5.621398687363e-1,8.466384410858e-1,6.126205921173e-1,6.479786038399e-1,8.908253312111e-1,6.402888298035e-1,4.237027511960e-4,5.030295034495e-4,9.207299749381e-1
781,3.323519229889e-1,6.506241559982e-1,3.026257753372e-1,6.237778663635e-1,8.081281185150e-1,6.001005172729e-1,6.745324730873e-1,8.683009147644e-1,6.208660006523e-1,4.694640503540e-4,5.440150974331e-4,8.853960587248e-1
782,8.556616306305e-2,1.337249279022e-1,9.482076168060e-1,5.346249938011e-1,6.174881458282e-1,9.896522164345e-1,3.868603706360e-1,7.236536741257e-1,9.926435947418e-1,5.601832523743e-4,6.700708824861e-4,1.261737129431e0
783,3.741714358330e-1,8.937423825264e-1,5.765264630318e-1,6.292724013329e-1,9.390407800674e-1,7.423954010010e-1,7.159025073051e-1,9.572810530663e-1,7.665987014771e-1,2.590534342666e-4,3.282881595024e-4,6.689610714950e-1
784,8.774143457413e-1,5.485335588455e-1,3.946456909180e-1,9.335319995880e-1,7.377399206161e-1,6.455962061882e-1,9.631919264793e-1,7.401785850525e-1,5.798853635788e-1,4.203558693016e-4,4.397645056006e-4,7.250644651518e-1
785,5.674644112587e-1,2.783300876617e-1,2.614430189133e-1,8.010537028313e-1,6.402623653412e-1,6.293559670448e-1,8.599116206169e-1,6.504396796227e-1,4.989837408066e-1,5.875380849040e-4,6.196121259759e-4,9.837647366602e-1
786,3.737213611603e-1,6.020463109016e-1,9.102593660355e-1,6.403661370277e-1,7.750614881516e-1,9.525730013847e-1,5.796343684196e-1,8.136456012726e-1,9.714672565460e-1,4.547054315420e-4,5.100751730349e-4,7.973277127174e-1
787,3.702449798584e-2,1.454588770866e-1,6.139518618584e-1,5.307802557945e-1,6.393736600876e-1,8.629101514816e-1,4.680128097534e-1,6.523914933205e-1,7.968351244926e-1,6.185374056513e-4,6.216797698055e-4,1.180222969485e0
788,8.036268949509e-1,1.527602076530e-1,7.171646952629e-1,9.180760383606e-1,5.593234300613e-1,8.620299100876e-1,9.176608324051e-1,7.481020092964e-1,8.933534026146e-1,4.731267498715e-4,6.373689221922e-4,1.210290287831e0
789,9.296855330467e-1,6.191784739494e-1,9.201023578644e-1,9.590492248535e-1,7.606498599052e-1,9.515555500984e-1,9.871317744255e-1,8.677346110344e-1,9.740918874741e-1,3.035390242184e-4,3.674036438845e-4,6.405171325737e-1
790,3.498962521553e-1,7.079595327377e-2,4.454781413078e-1,7.505721449852e-1,5.771834850311e-1,7.916407585144e-1,6.407120227814e-1,6.012572646141e-1,6.679795384407e-1,6.107173807738e-4,5.687186255564e-4,1.171282848990e0
791,6.371613740921e-1,9.128494262695e-1,9.688472747803e-2,7.810617685318e-1,9.565784335136e-1,4.748964905739e-1,8.421931266785e-1,9.756609797478e-1,5.950124859810e-1,2.378684880689e-4,2.592164719952e-4,9.468750134541e-1
792,2.093845009804e-1,4.805192947388e-1,1.561047434807e-1,5.859447717667e-1,7.458057999611e-1,5.401762127876e-1,6.104121804237e-1,7.975573539734e-1,6.032996177673e-1,5.707304993760e-4,6.467002660425e-4,1.042036678868e0
793,5.603496432304e-1,7.166751027107e-1,5.209363698959e-1,7.325013875961e-1,8.291825056076e-1,7.077171802521e-1,7.364222407341e-1,8.456109166145e-1,7.025973200798e-1,3.798691269238e-4,4.218693597180e-4,6.707248960384e-1
794,1.077731847763e-1,6.462541222572e-1,7.448571324348e-1,5.039031505585e-1,8.085615634918e-1,8.623679280281e-1,5.835639834404e-1,8.447864055634e-1,9.012054204941e-1,4.489650968122e-4,5.336838152656e-4,9.350876860053e-1
795,8.124995231628e-1,3.554344773293e-1,7.169413566589e-2,9.121813774109e-1,6.615889668465e-1,4.897628426552e-1,9.820833206177e-1,7.055450081825e-1,4.725974202156e-1,5.087815166899e-4,5.778931009768e-4,9.975128332888e-1
796,4.323195219040e-1,2.344048023224e-1,7.446455955505e-1,7.290642261505e-1,6.316192150116e-1,8.878284692764e-1,7.057248950005e-1,7.030529975891e-1,8.606733679771e-1,5.931883996934e-4,6.806734050656e-4,1.035580245899e0
797,7.509833574295e-1,8.385033011436e-1,2.523448467255e-1,8.495246767998e-1,9.089010357857e-1,5.543776154518e-1,8.880978226662e-1,9.398251771927e-1,5.959448218346e-1,2.860199089605e-4,3.267881666357e-4,7.072846539894e-1
798,5.630680322647e-1,3.172388672829e-1,7.342470884323e-1,7.795197367668e-1,6.489398479462e-1,8.698388338089e-1,8.134427666664e-1,7.498215436935e-1,8.831682205200e-1,5.595431935824e-4,6.572324192606e-4,9.631341286601e-1
799,9.140646457672e-1,8.381870985031e-1,6.274638772011e-1,9.455579519272e-1,8.967349529266e-1,7.587805986404e-1,9.551206827164e-1,9.061008095741e-1,7.562685012817e-1,2.046647813844e-4,2.313728583833e-4,3.751558936809e-1
800,6.278933286667e-1,5.714976191521e-1,1.236219406128e-1,7.949875593185e-1,7.710748314857e-1,4.986242949963e-1,8.649784922600e-1,8.406269550323e-1,5.506678223610e-1,4.949904497466e-4,5.396730911973e-4,8.948949430077e-1
801,4.619881510735e-1,7.294910550117e-1,4.095959663391e-2,6.895921230316e-1,8.557283282280e-1,4.432862699032e-1,7.783428430557e-1,9.135127663612e-1,5.722499489784e-1,4.182143468802e-4,4.516958079956e-4,1.067221372742e0
802,6.476826667786e-1,6.620470881462e-1,2.321358323097e-1,7.976250052452e-1,8.114330172539e-1,5.531537532806e-1,8.529827594757e-1,8.703140616417e-1,5.812439918518e-1,4.375759978799e-4,4.906388751522e-4,7.778605759491e-1
803,3.486700057983e-1,6.656773686409e-1,7.061083316803e-1,6.245628595352e-1,8.095650672913e-1,8.328652381897e-1,6.166459918022e-1,8.223964571953e-1,8.496336340904e-1,4.384619187894e-4,4.723779740516e-4,7.536804525427e-1
804,2.863216400146e-1,7.609058618546e-1,7.261756062508e-1,5.865602493286e-1,8.630799055099e-1,8.415684103966e-1,6.291973590851e-1,8.859582543373e-1,8.674167394638e-1,3.722514982687e-4,4.459993378056e-4,7.281033530783e-1
805,7.488351464272e-1,4.548148512840e-1,6.875649690628e-1,8.618324398994e-1,6.895697116852e-1,8.242881894112e-1,8.799504637718e-1,7.788886427879e-1,8.645296692848e-1,4.731056660271e-4,5.804475236028e-4,8.260684209838e-1
806,7.450988888741e-1,7.395709753036e-1,9.295219182968e-1,8.324773907661e-1,8.294989466667e-1,9.552707672119e-1,8.420215845108e-1,8.552983403206e-1,9.487860798836e-1,2.590417073871e-4,3.399541997150e-4,5.284836804089e-1
807,1.029917597771e-1,9.355204701424e-1,1.495784521103e-1,5.216141343117e-1,9.720639586449e-1,4.940325617790e-1,7.196964621544e-1,9.902182817459e-1,6.086936593056e-1,2.285022369237e-4,2.807950921618e-4,1.104135110919e0
808,9.819390773773e-1,1.100365519524e-1,4.092926979065e-1,1.000000000000e0,5.202441215515e-1,6.887077689171e-1,1.000000000000e0,6.666679382324e-1,5.785385966301e-1,3.460307335049e-4,5.352491053245e-4,1.329588157641e0
809,8.043866157532e-1,3.966098427773e-1,5.144894719124e-1,8.995358943939e-1,6.634239554405e-1,7.312149405479e-1,9.680150747299e-1,7.162475585938e-1,6.219336986542e-1,4.838871818806e-4,5.603975434471e-4,8.800999563104e-1
810,5.867569446564e-1,2.774847149849e-1,1.878096461296e-1,8.123037219048e-1,6.422057151794e-1,5.826744437218e-1,8.745400905609e-1,6.460736393929e-1,4.700992703438e-1,5.855194949844e-4,6.127757541087e-4,9.935282885752e-1
811,1.845467686653e-1,8.976316452026e-2,2.454515695572e-1,6.984420418739e-1,6.243495345116e-1,7.361741662025e-1,5.679306387901e-1,5.586493611336e-1,5.772907137871e-1,6.617072444058e-4,4.498516307783e-4,1.039385472463e0
812,6.954091191292e-1,4.721573591232e-1,2.595083117485e-1,8.393089175224e-1,7.156103253365e-1,5.883244276047e-1,8.842998147011e-1,7.241975069046e-1,5.339499115944e-1,5.170348153672e-4,5.580148183410e-4,8.370899851435e-1
813,1.861017942429e-2,8.984968066216e-1,5.614447593689e-2,5.003847479820e-1,9.525264501572e-1,4.459828138351e-1,7.123087644577e-1,9.748926758766e-1,5.988813638687e-1,2.662786479909e-4,3.255556785086e-4,1.295349814596e0
814,7.672047615051e-2,4.135507345200e-2,5.019463300705e-1,5.856739282608e-1,6.049990057945e-1,8.445198535919e-1,5.294485688210e-1,5.846589207649e-1,6.798766255379e-1,6.192322076435e-4,5.001799696303e-4,1.215571942546e0
815,8.947461843491e-1,5.206963419914e-1,7.285745739937e-1,9.421240687370e-1,7.126942276955e-1,8.385602235794e-1,9.539027214050e-1,7.991399168968e-1,8.669910430908e-1,3.898402186349e-4,5.139558061024e-4,7.460357278048e-1
816,3.401744961739e-1,4.727543592453e-1,8.966874480247e-1,6.378050446510e-1,7.190731763840e-1,9.497681856155e-1,5.361590385437e-1,7.943826913834e-1,9.767307043076e-1,5.225469530001e-4,5.794439954347e-4,9.136856750134e-1
817,2.037491798401e-1,3.172969818115e-2,2.534644007683e-1,7.284950017929e-1,5.849522948265e-1,7.533207535744e-1,5.705847740173e-1,5.558001399040e-1,5.787285566330e-1,6.375899998485e-4,4.527150613475e-4,1.145438584822e0
818,2.597559690475e-1,8.738719224930e-1,3.857741355896e-1,5.773655772209e-1,9.309329390526e-1,6.337080001831e-1,7.125703096390e-1,9.594507217407e-1,6.812207698822e-1,2.911340885735e-4,3.506136849919e-4,8.489941005259e-1
819,2.207593917847e-1,1.545551419258e-1,8.111468553543e-1,6.261318922043e-1,6.210076212883e-1,9.301169514656e-1,4.344651103020e-1,7.042841315269e-1,9.410856962204e-1,5.996656801991e-4,6.573057603641e-4,1.150126430425e0
820,3.144118189812e-1,5.498387217522e-1,4.279532432556e-1,6.252776384354e-1,7.592230439186e-1,6.895634531975e-1,6.127703189850e-1,7.807550430298e-1,6.866262555122e-1,5.264116350079e-4,5.715675036989e-4,8.749048616750e-1
821,4.009405970573e-1,7.431818842888e-1,8.086873888969e-1,6.443356275558e-1,8.487560153008e-1,8.880777955055e-1,6.472281813622e-1,8.619514703751e-1,9.037576913834e-1,3.698420905555e-4,4.106654290590e-4,6.592015079446e-1
822,4.031610488892e-2,2.311290502548e-1,1.112667918205e-1,5.366265773773e-1,6.895975470543e-1,5.941168665886e-1,5.554612278938e-1,6.044983267784e-1,5.761219263077e-1,6.433178398380e-4,5.025931553332e-4,1.118537225098e0
823,7.701023221016e-1,7.706169486046e-1,5.477563738823e-1,8.567308783531e-1,8.579131960869e-1,7.165101170540e-1,8.667238354683e-1,8.699151277542e-1,7.085115909576e-1,3.042289954979e-4,3.368241336146e-4,5.167658631535e-1
824,1.185947060585e-1,8.880203366280e-1,4.503345489502e-2,5.210875868797e-1,9.462228417397e-1,4.411464631557e-1,7.142289876938e-1,9.707624912262e-1,5.980890393257e-1,2.792827125169e-4,3.334136801455e-4,1.275865397803e0
825,7.274217605591e-1,1.423585414886e-1,8.954170942307e-1,8.732271790504e-1,5.716048479080e-1,9.552168846130e-1,8.897186517715e-1,7.506882548332e-1,9.699066877365e-1,4.924430011978e-4,6.436922347273e-4,1.200302480100e0
826,4.301860928535e-1,2.924373149872e-1,9.528933763504e-1,7.051481604576e-1,6.477308273315e-1,9.836054444313e-1,4.815831482410e-1,7.413526177406e-1,9.948524832726e-1,5.572882107440e-4,5.998788270540e-4,1.037784191120e0
827,2.922388315201e-1,8.342653512955e-2,6.354799866676e-1,6.971354484558e-1,5.943107008934e-1,8.654348850250e-1,5.415665507317e-1,6.393924951553e-1,7.872921824455e-1,6.111160763296e-4,6.083863511168e-4,1.161852471536e0
828,1.862772703171e-1,9.692676663399e-1,7.392587661743e-1,5.485199689865e-1,9.855312108994e-1,8.454201221466e-1,7.521817684174e-1,1.000000000000e0,9.011501073837e-1,1.710724116142e-4,2.029949827526e-4,6.985740018062e-1
829,8.359476923943e-1,1.994918584824e-1,9.369627237320e-1,9.253088831902e-1,5.841597318649e-1,9.731113910675e-1,9.464718699455e-1,7.802009582520e-1,9.801107048988e-1,4.543481700065e-4,6.231745118460e-4,1.153199677833e0
830,6.893998980522e-1,3.245804905891e-1,6.008819341660e-1,8.458223342896e-1,6.421099305153e-1,7.942406535149e-1,8.452705144882e-1,7.379854321480e-1,8.214843869209e-1,5.353155812316e-4,6.434811656924e-4,9.465435021138e-1
831,6.687142252922e-1,2.361327409744e-1,6.526936888695e-1,8.457887172699e-1,6.083863377571e-1,8.314132094383e-1,8.479350805283e-1,7.364740967751e-1,8.513199687004e-1,5.440922858739e-4,6.640309532643e-4,1.046748949400e0
832,1.258212327957e-2,4.663728475571e-1,8.775498270988e-1,4.856409430504e-1,7.323257923126e-1,9.440298676491e-1,4.571124911308e-1,7.900595664978e-1,9.760251641273e-1,5.251097985435e-4,5.939537815401e-4,1.078728192751e0
833,2.702792286873e-1,4.482418298721e-1,5.152571201324e-2,6.259940862656e-1,7.376551628113e-1,4.662148356438e-1,6.410306096077e-1,7.786347270012e-1,5.802449584007e-1,5.866377066589e-4,6.595959915019e-4,1.111097913425e0
834,9.210133552551e-1,5.719425082207e-1,3.740788698196e-1,9.584681391716e-1,7.501835823059e-1,6.315695643425e-1,9.882896542549e-1,7.567729353905e-1,5.722644329071e-1,3.978173160786e-4,4.295585674321e-4,7.015869708452e-1
835,8.990792632103e-1,7.685946822166e-1,3.141334652901e-1,9.403193593025e-1,8.646540045738e-1,5.896747112274e-1,9.608452320099e-1,8.905465006828e-1,5.985169410706e-1,3.008902873209e-4,3.604656165341e-4,6.091087701484e-1
836,6.428427100182e-1,8.777582049370e-1,5.564091801643e-1,7.742521166801e-1,9.250864386559e-1,7.185556888580e-1,7.957156896591e-1,9.394947290421e-1,7.229483723640e-1,2.385367027102e-4,2.992116707333e-4,5.370578340618e-1
837,7.285696268082e-1,7.273885607719e-1,4.768710732460e-1,8.350435495377e-1,8.355506062508e-1,6.804932355881e-1,8.484834432602e-1,8.512234091759e-1,6.686560511589e-1,3.552683371086e-4,4.041776409368e-4,5.906403896312e-1
838,6.784473657608e-1,9.454847574234e-1,4.748344421387e-1,7.991377115250e-1,9.692304134369e-1,6.718497872353e-1,8.387884497643e-1,9.780476689339e-1,6.830418705940e-1,1.794842461734e-4,2.260568761849e-4,5.744367983275e-1
839,6.199699044228e-1,4.387448430061e-1,9.612348675728e-1,7.853429913521e-1,6.883477568626e-1,9.825449585915e-1,8.538007140160e-1,8.155023455620e-1,1.000000000000e0,4.827653248170e-4,5.789782275171e-4,8.982300423650e-1
840,5.152236819267e-1,2.748686075211e-2,5.716828703880e-1,8.080223202705e-1,5.356226563454e-1,8.235895037651e-1,7.431204915047e-1,6.617570519447e-1,7.666203975677e-1,5.436545354769e-4,6.871648278571e-4,1.322556844043e0
841,5.492148995399e-1,2.300184965134e-2,9.252973794937e-1,7.897969484329e-1,5.595990419388e-1,9.755632281303e-1,8.003173470497e-1,7.171959280968e-1,9.614525437355e-1,5.234157052569e-4,6.908001707265e-4,1.280255061775e0
842,2.976805567741e-1,5.494242906570e-2,6.191022396088e-1,7.055702805519e-1,5.831765532494e-1,8.615921139717e-1,5.379099249840e-1,6.307138800621e-1,7.742760777473e-1,6.045052280310e-4,5.921881907923e-4,1.195087497013e0
843,3.085887432098e-2,4.886245727539e-1,7.563574910164e-1,4.854704141617e-1,7.423803210258e-1,8.808989524841e-1,4.893324375153e-1,7.942315340042e-1,9.281043410301e-1,5.284104176286e-4,5.962192241633e-4,1.063816166139e0
844,4.398158192635e-1,9.782171249390e-1,3.858386874199e-1,6.644597649574e-1,9.915333390236e-1,6.232972145081e-1,7.821615934372e-1,1.000000000000e0,7.009712457657e-1,1.704039318301e-4,2.071904764748e-4,7.137121426775e-1
845,9.507622718811e-1,5.530545711517e-1,6.666588187218e-1,9.748764634132e-1,7.267713546753e-1,7.966373562813e-1,9.942551255226e-1,7.866280674934e-1,7.711254954338e-1,3.534760351113e-4,4.781175059840e-4,7.037946556758e-1
846,1.396781206131e-2,6.948858499527e-2,6.901054978371e-1,5.128223299980e-1,6.087856888771e-1,8.974062800407e-1,4.510039091110e-1,6.627314686775e-1,8.452072739601e-1,5.844049904611e-4,6.481780539757e-4,1.297931963004e0
847,8.708814382553e-1,8.979032039642e-1,2.891314625740e-1,9.207778573036e-1,9.431189894676e-1,5.742966532707e-1,9.405559897423e-1,9.602813720703e-1,6.116052865982e-1,2.000161350666e-4,2.326611896371e-4,6.437948591177e-1
848,4.631094932556e-1,6.128785014153e-1,2.618680000305e-1,6.999738812447e-1,7.892156243324e-1,5.791446566582e-1,7.540307044983e-1,8.546866178513e-1,6.004960536957e-1,4.901526468549e-4,5.537668468905e-4,8.444076243749e-1
849,2.776187658310e-1,8.701745271683e-1,5.168929100037e-1,5.848531723022e-1,9.272028803825e-1,7.118921875954e-1,6.981847286224e-1,9.518281817436e-1,7.448238134384e-1,2.904326005772e-4,3.581211314541e-4,7.582744338221e-1
850,4.460553526878e-1,7.609895467758e-1,8.589534163475e-1,6.660075783730e-1,8.570062518120e-1,9.168198108673e-1,6.659067273140e-1,8.694621920586e-1,9.294899702072e-1,3.452545048447e-4,3.805486317632e-4,6.172843550046e-1
851,2.620136737823e-1,3.764423131943e-1,6.325852870941e-2,6.390382051468e-1,7.145946025848e-1,4.894673228264e-1,6.385488510132e-1,7.307278513908e-1,5.725604295731e-1,6.141363478320e-4,6.693936880575e-4,1.077003267814e0
852,6.944175362587e-1,3.685161471367e-1,3.460747003555e-1,8.461512327194e-1,6.627649664879e-1,6.491982340813e-1,9.180714488029e-1,6.849189996719e-1,5.339984297752e-1,5.352229237080e-4,5.839280151846e-4,9.134000034047e-1
853,2.139885425568e-1,7.662814855576e-1,3.303024768829e-1,5.583963990211e-1,8.714772462845e-1,6.097094416618e-1,6.668146848679e-1,9.103721976280e-1,6.454914212227e-1,3.879094700450e-4,4.652803230739e-4,9.163690083653e-1
854,9.657123684883e-1,4.027357101440e-1,4.490267038345e-1,9.898061752319e-1,6.570563316345e-1,6.840257644653e-1,1.000000000000e0,7.178936004639e-1,6.133140921593e-1,4.117165467094e-4,4.987794630217e-4,8.820164263852e-1
855,8.833013772964e-1,2.859272956848e-1,7.273648381233e-1,9.493881464005e-1,6.109703779221e-1,8.559741973877e-1,9.642427563667e-1,7.783170342445e-1,9.101566672325e-1,4.557023554985e-4,5.782702281555e-4,1.027577709988e0
856,1.218218207359e-1,8.539537191391e-1,9.151322245598e-1,5.091143846512e-1,9.186691045761e-1,9.529013633728e-1,6.659211516380e-1,9.397501349449e-1,9.710378646851e-1,2.731210950152e-4,3.516561734949e-4,7.905787093175e-1
857,2.942474484444e-1,1.557183265686e-1,7.729704976082e-1,6.710819005966e-1,6.171754002571e-1,9.121981859207e-1,4.640687406063e-1,6.948723793030e-1,9.132927656174e-1,6.043282773791e-4,6.459470715097e-4,1.120146905193e0
858,9.521313309669e-1,8.597131371498e-1,3.337471485138e-1,9.707734584808e-1,9.186344146729e-1,5.983069539070e-1,9.814201593399e-1,9.385526776314e-1,6.155972480774e-1,2.090703777887e-4,2.544240910314e-4,5.753534581462e-1
859,2.703399658203e-1,5.366678237915e-1,7.306269407272e-1,5.992146134377e-1,7.524514794350e-1,8.587543964386e-1,5.597259998322e-1,7.858241200447e-1,8.867944478989e-1,5.172036661805e-4,5.693265573588e-4,8.756435231323e-1
860,4.134446382523e-1,6.725854277611e-1,4.720497131348e-2,6.682583093643e-1,8.273393511772e-1,4.455744028091e-1,7.474537491798e-1,8.937790989876e-1,5.707561969757e-1,4.613172495114e-4,5.035377515216e-4,1.080632873522e0
861,6.636252403259e-1,8.449194431305e-1,7.173413038254e-2,7.978368997574e-1,9.171849489212e-1,4.639035463333e-1,8.567399978638e-1,9.481585025787e-1,5.774845480919e-1,2.999823725055e-4,3.278433929738e-4,9.439053972416e-1
862,4.630002975464e-1,6.876878738403e-1,5.946552753448e-1,6.815066337585e-1,8.160373568535e-1,7.595360875130e-1,6.731320619583e-1,8.274115324020e-1,7.614090442657e-1,4.139017454610e-4,4.330786291674e-4,7.072102471424e-1
863,6.506272554398e-1,7.462155818939e-2,9.975515007973e-1,8.282479643822e-1,5.681434869766e-1,1.000000000000e0,6.231569051743e-1,7.206518650055e-1,1.000000000000e0,4.961436827227e-4,5.937163741199e-4,1.231075826518e0
864,5.354864597321e-1,2.460312843323e-1,9.176003932953e-1,7.664257884026e-1,6.258217096329e-1,9.665483832359e-1,7.931584119797e-1,7.493616938591e-1,9.731821417809e-1,5.518694714793e-4,6.660195979775e-4,1.060454236573e0
865,6.860388517380e-1,6.035962104797e-1,8.280835747719e-1,8.077430725098e-1,7.573398947716e-1,8.968001008034e-1,8.261206150055e-1,7.953556776047e-1,8.929987549782e-1,3.898210649115e-4,4.914353236467e-4,7.048070846721e-1
866,3.890397548676e-1,6.279383301735e-1,6.940614581108e-1,6.486438512802e-1,7.882143259048e-1,8.266253471375e-1,6.235254406929e-1,7.930226922035e-1,8.360201120377e-1,4.586605023276e-4,4.542148588458e-4,7.636163951548e-1
867,7.853050827980e-1,2.028083801270e-1,4.552078247070e-2,9.141356348991e-1,5.831288695335e-1,4.873366057873e-1,9.752270579338e-1,6.481186151505e-1,4.458118081093e-1,4.935336319362e-4,6.022726495558e-4,1.181873539830e0
868,5.969864130020e-1,3.694799542427e-1,7.948247194290e-1,7.870380878448e-1,6.646235585213e-1,8.957903981209e-1,8.385071754456e-1,7.746031284332e-1,9.216393232346e-1,5.332668594987e-4,6.246589196497e-4,9.276363643827e-1
869,4.980600476265e-1,8.663422465324e-1,7.020251750946e-1,6.905996203423e-1,9.189959168434e-1,8.147460818291e-1,7.149798274040e-1,9.309501051903e-1,8.249786496162e-1,2.619974703699e-4,3.155907277995e-4,5.461688860286e-1
870,6.002999544144e-1,5.947095751762e-1,4.943459033966e-1,7.664975523949e-1,7.634282112122e-1,7.031719684601e-1,7.589779496193e-1,7.555993199348e-1,6.767218112946e-1,4.545968921542e-4,3.926141196763e-4,7.435595617996e-1
871,6.556364893913e-1,6.462364196777e-1,9.511848688126e-1,7.830554842949e-1,7.791525721550e-1,9.717139601707e-1,8.071559071541e-1,8.363423347473e-1,9.800861477852e-1,3.482146771823e-4,4.915583605728e-4,6.886370529537e-1
872,9.360600113869e-1,1.720063686371e-1,7.143492102623e-1,9.847695231438e-1,5.558133125305e-1,8.532139062881e-1,1.000000000000e0,7.163265347481e-1,7.499850392342e-1,4.108546882546e-4,5.846653029019e-4,1.185391657936e0
873,6.055276393890e-1,9.055444002151e-1,4.338524937630e-1,7.569753527641e-1,9.455135464668e-1,6.503666639328e-1,8.047597408295e-1,9.611043930054e-1,6.683399677277e-1,2.340164507364e-4,2.908331586220e-4,6.338816149892e-1
874,3.404420614243e-2,4.555137157440e-1,5.140417814255e-2,4.951813519001e-1,7.472305297852e-1,4.648216664791e-1,5.676793456078e-1,7.856692075729e-1,6.090348958969e-1,5.683460668514e-4,6.610899803907e-4,1.277671286531e0
875,8.470161557198e-1,5.327243208885e-1,2.188925147057e-1,9.186276197433e-1,7.401454448700e-1,5.532216429710e-1,9.662315845490e-1,7.651983499527e-1,5.241026282310e-1,4.526471479113e-4,5.121637676638e-4,7.952544697140e-1
876,4.525419473648e-1,6.195309758186e-1,1.713507175446e-1,6.952816843987e-1,7.967402338982e-1,5.233108997345e-1,7.598816752434e-1,8.694740533829e-1,5.795230269432e-1,4.909625689170e-4,5.388206354712e-4,9.127832435682e-1
877,7.152851819992e-1,1.023800373077e-1,6.146937012672e-1,8.830964565277e-1,5.416159033775e-1,8.199354410172e-1,8.612461686134e-1,7.196280360222e-1,8.332560658455e-1,4.967547630039e-4,6.766934479168e-4,1.275928556376e0
878,6.471868753433e-1,1.428720355034e-1,8.834879398346e-1,8.335094451904e-1,5.794472694397e-1,9.512252807617e-1,8.494063019753e-1,7.380025386810e-1,9.542049765587e-1,5.208480911770e-4,6.660315290015e-4,1.180387771679e0
879,6.968808174133e-1,7.054725289345e-1,4.434273838997e-1,8.181206583977e-1,8.248578310013e-1,6.644699573517e-1,8.340604305267e-1,8.436432480812e-1,6.521763205528e-1,3.812037313772e-4,4.383580302905e-4,6.298785072759e-1
880,1.016331911087e-1,3.968290686607e-1,8.354190587997e-1,5.267819166183e-1,7.060048580170e-1,9.263954162598e-1,4.072962105274e-1,7.579451203346e-1,9.632314443588e-1,5.605956640609e-4,6.030036457786e-4,1.056149980928e0
881,8.337222933769e-1,8.726371526718e-1,6.524212360382e-1,8.922732472420e-1,9.185578227043e-1,7.732378244400e-1,9.015463590622e-1,9.297091364861e-1,7.743228673935e-1,1.927625142476e-4,2.290402509062e-4,3.735307378221e-1
882,1.380946040154e-1,8.775808215141e-1,3.265907168388e-1,5.300912261009e-1,9.355661273003e-1,6.022307872772e-1,7.102798819542e-1,9.668607115746e-1,6.691273450851e-1,2.889294712080e-4,3.417488362193e-4,9.555357602981e-1
883,7.377216815948e-1,5.259229540825e-1,1.185636520386e-1,8.586803078651e-1,7.453780174255e-1,5.001631379128e-1,9.281637072563e-1,8.015278577805e-1,5.239198803902e-1,4.910077886173e-4,5.444409914503e-4,8.804079582521e-1
884,2.967864274979e-1,2.979444861412e-1,1.055588722229e-1,6.805897951126e-1,6.862008571625e-1,5.453668236732e-1,6.704623103142e-1,6.670073866844e-1,5.441883802414e-1,6.356839267711e-4,6.362159231233e-4,1.006360701359e0
885,1.540416479111e-2,5.733519792557e-1,8.910129070282e-1,4.803038537502e-1,7.755053043365e-1,9.465638399124e-1,5.426446199417e-1,8.370011448860e-1,9.785998463631e-1,4.739626594987e-4,5.516460892526e-4,1.022355081478e0
886,4.557772278786e-1,6.135714054108e-1,4.198284745216e-1,6.883112192154e-1,7.810986638069e-1,6.660648584366e-1,6.916629076004e-1,8.050376772881e-1,6.568917632103e-1,4.742260749481e-4,5.305771662583e-4,7.995059652075e-1
887,7.263170480728e-1,4.526206254959e-1,1.483004093170e-1,8.587104678154e-1,7.105813026428e-1,5.242166519165e-1,9.314966201782e-1,7.494117021561e-1,5.035492181778e-1,5.191678848496e-4,5.772405296325e-4,8.945997742300e-1
888,9.813464879990e-1,4.418720006943e-1,7.777511477470e-1,9.967857003212e-1,6.735580563545e-1,8.718500733376e-1,1.000000000000e0,8.226717114449e-1,9.249041676521e-1,3.809125789351e-4,4.762323024488e-4,8.292024461157e-1
889,4.190218448639e-1,4.033716917038e-1,6.258208751678e-1,6.948177814484e-1,6.881816983223e-1,8.090811967850e-1,6.408715248108e-1,6.830627918243e-1,7.654767036438e-1,5.654059689849e-4,5.046938110413e-4,9.178128156335e-1
890,3.556190133095e-1,4.473417997360e-2,4.419809579849e-2,7.880390882492e-1,5.454691648483e-1,5.481957793236e-1,6.505554318428e-1,5.724976658821e-1,5.202431678772e-1,5.738106075015e-4,5.048485597855e-4,1.288906568250e0
891,1.452725529671e-1,9.718394279480e-1,5.960960984230e-1,5.377100110054e-1,9.880825877190e-1,7.599604725838e-1,7.539572715759e-1,1.000000000000e0,8.288615345955e-1,1.772898249022e-4,2.162899935596e-4,7.525663582860e-1
892,5.605092048645e-1,3.414235711098e-1,8.094477653503e-1,7.716116905212e-1,6.569888591766e-1,9.065041542053e-1,8.213464617729e-1,7.632486224174e-1,9.222393035889e-1,5.466665494722e-4,6.421980488325e-4,9.559148250386e-1
893,1.851425766945e-1,5.101134181023e-1,8.760175704956e-1,5.558457970619e-1,7.441809177399e-1,9.398612976074e-1,5.027776956558e-1,8.065990209579e-1,9.753516912460e-1,5.153090368748e-4,5.720235133294e-4,9.483411705363e-1
894,3.452327847481e-1,1.523677110672e-1,9.283971786499e-1,6.816846132278e-1,6.099582910538e-1,9.776893854141e-1,4.476118087769e-1,7.250233292580e-1,9.833929538727e-1,5.751150423374e-4,6.510742090012e-4,1.158274872953e0
895,2.675654888153e-1,7.675346136093e-1,4.912998080254e-1,5.819274187088e-1,8.688561916351e-1,7.035744786263e-1,6.390569806099e-1,8.976199626923e-1,7.206239700317e-1,3.816829951401e-4,4.594117181169e-4,7.992062499138e-1
896,6.810504198074e-1,6.679472327232e-1,6.951982975006e-1,7.989942431450e-1,7.906037569046e-1,8.080764412880e-1,7.924095392227e-1,7.882110476494e-1,8.001313209534e-1,3.489750473826e-4,3.027817806934e-4,6.443887662525e-1
897,8.712114691734e-1,3.759318590164e-2,9.256350994110e-1,9.523037672043e-1,5.293718576431e-1,9.694219231606e-1,9.638609886169e-1,7.697032094002e-1,9.874163866043e-1,4.088486805917e-4,6.244906404291e-4,1.359491958430e0
898,3.489983081818e-2,3.440433740616e-1,7.179579138756e-1,5.015827417374e-1,6.943053007126e-1,8.765931129456e-1,4.080048203468e-1,7.314305305481e-1,9.063045978546e-1,5.834621234190e-4,6.225611698745e-4,1.111374303530e0
899,3.965145945549e-1,8.655098080635e-1,3.456159234047e-1,6.428951025009e-1,9.244954586029e-1,6.044004559517e-1,7.380658984184e-1,9.522854089737e-1,6.495022773743e-1,2.947960859147e-4,3.560946842088e-4,8.091641736916e-1
900,3.103428483009e-1,8.753378391266e-1,2.191942930222e-1,6.021044254303e-1,9.340822696686e-1,5.329595208168e-1,7.325795292854e-1,9.618656039238e-1,6.189027428627e-1,2.940959109660e-4,3.464926396184e-4,9.649941511914e-1
901,6.643837094307e-1,9.006543755531e-1,9.760141372681e-2,7.971277236938e-1,9.492708444595e-1,4.757587611675e-1,8.544918298721e-1,9.684101939201e-1,5.823346972466e-1,2.463236520380e-4,2.726164568556e-4,9.294748844821e-1
902,3.767704963684e-1,6.898624897003e-1,8.619095683098e-1,6.353817582130e-1,8.202366232872e-1,9.220585227013e-1,6.222969293594e-1,8.409559130669e-1,9.364822506905e-1,4.056035872008e-4,4.548479221311e-4,7.147083080653e-1
903,6.521463990211e-1,7.545903325081e-1,6.049811840057e-3,7.944238781929e-1,8.672034144402e-1,4.400140941143e-1,8.657206892967e-1,9.226279854774e-1,5.590375661850e-1,3.770986924267e-4,3.928362537795e-4,1.000390878350e0
904,1.900482177734e-1,1.680821180344e-1,5.643474459648e-1,6.342210769653e-1,6.374081969261e-1,8.347530961037e-1,4.944478571415e-1,6.434203386307e-1,7.647435665131e-1,6.366216222548e-4,5.951089213031e-4,1.069843198965e0
905,5.062834024429e-1,8.089848160744e-1,4.928713440895e-1,6.979181766510e-1,8.853467106819e-1,6.871294379234e-1,7.216004729271e-1,9.084424972534e-1,6.933872103691e-1,3.207744969198e-4,3.963501464535e-4,6.685297237954e-1
906,2.237554788589e-1,3.426714539528e-1,7.010941505432e-1,6.064918041229e-1,6.840608716011e-1,8.643127679825e-1,4.373325109482e-1,7.283642888069e-1,8.962413072586e-1,5.963593209976e-4,6.140119157332e-4,9.959493914566e-1
907,9.246044158936e-1,9.611792564392e-1,5.123944282532e-1,9.522501826286e-1,9.780145883560e-1,6.927592754364e-1,9.610661864281e-1,9.833055734634e-1,7.028404474258e-1,1.059847101335e-4,1.303628638428e-4,4.543302439813e-1
908,7.879703640938e-1,1.378745436668e-1,9.996384978294e-1,8.955883979797e-1,5.737366676331e-1,1.000000000000e0,9.232691526413e-1,7.772957086563e-1,1.000000000000e0,4.586302337127e-4,6.447735879066e-4,1.192091809479e0
909,6.981217265129e-1,8.609181642532e-2,5.719450712204e-1,8.783572912216e-1,5.335966944695e-1,8.019931912422e-1,8.479591608047e-1,7.108687162399e-1,8.115621209145e-1,4.969958648540e-4,6.834711215918e-4,1.306499320431e0
910,2.641204595566e-1,9.607661366463e-1,6.154596209526e-1,5.810261368752e-1,9.804616570473e-1,7.687922716141e-1,7.271760702133e-1,9.969241619110e-1,8.095599412918e-1,1.900448803968e-4,2.370899491199e-4,7.082531175139e-1
911,3.697109818459e-1,4.460189938545e-1,3.808855414391e-1,6.698240041733e-1,7.132143974304e-1,6.759796142578e-1,6.335791349411e-1,6.976615190506e-1,6.409350633621e-1,5.705801253542e-4,5.080913292380e-4,9.099785177154e-1
912,6.247145533562e-1,4.131346940994e-1,6.897260546684e-1,7.985502481461e-1,6.796193718910e-1,8.341553211212e-1,8.213432431221e-1,7.560324072838e-1,8.527079224586e-1,5.224897799929e-4,6.260615889020e-4,8.763490929674e-1
913,8.019400238991e-1,3.645296692848e-1,1.163051724434e-1,9.058734178543e-1,6.653848886490e-1,5.120776295662e-1,9.775836467743e-1,7.064583301544e-1,4.777075648308e-1,5.118427879506e-4,5.757222727434e-4,9.684815466254e-1
914,1.846652626991e-1,6.388671994209e-1,4.171174764633e-2,5.504459738731e-1,8.154518604279e-1,4.393696486950e-1,6.545228362083e-1,8.769689798355e-1,5.837578177452e-1,4.823167586169e-4,5.526823153327e-4,1.222693722551e0
915,9.620760083199e-1,9.400936365128e-1,4.420778155327e-1,9.759982824326e-1,9.658625721931e-1,6.550031304359e-1,9.827378392220e-1,9.736559987068e-1,6.667869091034e-1,1.215144810134e-4,1.478230833432e-4,4.990701543358e-1
916,4.856479167938e-2,1.966835856438e-1,5.618399381638e-2,5.568746924400e-1,6.858671903610e-1,5.545974373817e-1,5.592707395554e-1,5.757554769516e-1,5.580289363861e-1,6.522938825175e-4,4.562611713417e-4,1.121613410035e0
917,5.225192904472e-1,4.586460590363e-1,5.210037231445e-1,7.400954365730e-1,7.034883499146e-1,7.390826940536e-1,6.991158723831e-1,6.781186461449e-1,6.992720961571e-1,5.331510974356e-4,4.047399333588e-4,8.640951549367e-1
918,7.189311385155e-1,1.931853294373e-1,7.915639877319e-2,8.845053911209e-1,5.851222872734e-1,5.089756846428e-1,9.431100487709e-1,6.415243148804e-1,4.491123855114e-1,5.209228110502e-4,6.164909205610e-4,1.165134605640e0
919,1.030222773552e-1,8.400592803955e-1,7.954221963882e-2,5.140053033829e-1,9.186460375786e-1,4.544972479343e-1,7.021878957748e-1,9.505631923676e-1,5.980945825577e-1,3.241074146551e-4,3.860839993557e-4,1.238694417671e0
920,1.826444268227e-1,6.761583089828e-1,4.332402944565e-1,5.468659996986e-1,8.239201307297e-1,6.824122071266e-1,6.032842993736e-1,8.665045499802e-1,7.026461362839e-1,4.521539156428e-4,5.324932534932e-4,9.036929461000e-1
921,2.686157226562e-1,4.540761709213e-1,5.030196309090e-1,6.160135269165e-1,7.229165434837e-1,7.490885853767e-1,5.605459213257e-1,7.138830423355e-1,7.478482127190e-1,5.719391119720e-4,5.402071834155e-4,9.189429988255e-1
922,6.432540416718e-1,3.508125543594e-1,7.394658327103e-1,8.154945969582e-1,6.550614237785e-1,8.665096759796e-1,8.528279662132e-1,7.698231935501e-1,8.983937501907e-1,5.328565241757e-4,6.269977370921e-4,9.329660820191e-1
923,2.605801820755e-2,9.345483779907e-1,8.300948143005e-1,4.946802258492e-1,9.660726785660e-1,9.018878340721e-1,7.352328300476e-1,9.900159239769e-1,9.477157592773e-1,1.983135908116e-4,2.296994993046e-4,8.096980628298e-1
924,5.101132988930e-1,8.426765799522e-1,5.649611949921e-1,6.978554725647e-1,9.048405885696e-1,7.290135025978e-1,7.214967012405e-1,9.210067391396e-1,7.343387007713e-1,2.872506495538e-4,3.505744125953e-4,6.167677665578e-1
925,9.821979403496e-1,5.365409255028e-1,6.293418407440e-1,9.945530295372e-1,7.179883122444e-1,7.746081948280e-1,1.000000000000e0,8.389884829521e-1,8.563098907471e-1,3.497445693446e-4,4.331016340287e-4,7.173702134159e-1
926,3.653758168221e-1,6.853538751602e-1,8.887602686882e-1,6.297582387924e-1,8.182876706123e-1,9.381415247917e-1,6.133176684380e-1,8.422745466232e-1,9.531038403511e-1,4.069278529499e-4,4.610664577490e-4,7.251054303615e-1
927,8.125260472298e-1,7.070878744125e-1,1.189838647842e-1,8.906918168068e-1,8.365126848221e-1,4.908276796341e-1,9.374973177910e-1,8.921671509743e-1,5.554445981979e-1,3.755744963039e-4,4.072758902700e-4,8.151892321916e-1
928,3.498274087906e-2,9.919977784157e-1,8.599169850349e-1,5.051352977753e-1,9.992856979370e-1,9.190829992294e-1,8.040886521339e-1,1.000000000000e0,9.611623287201e-1,1.256740149510e-4,1.548070484653e-4,6.966291029049e-1
929,2.391266822815e-1,7.400857806206e-1,7.432174682617e-1,5.628327131271e-1,8.530188202858e-1,8.538119792938e-1,6.196144819260e-1,8.794900774956e-1,8.836779594421e-1,3.876229032442e-4,4.661101827469e-4,7.743986227482e-1
930,7.028276920319e-1,6.674251556396e-1,4.779555201530e-1,8.223426938057e-1,8.014650344849e-1,6.855663657188e-1,8.307331800461e-1,8.080007433891e-1,6.648018956184e-1,3.980204679385e-4,4.058192056586e-4,6.451944303661e-1
931,6.007968187332e-1,2.450848817825e-1,2.375466823578e-1,8.216789364815e-1,6.222459077835e-1,6.171258091927e-1,8.791997432709e-1,6.408205628395e-1,4.794963598251e-1,5.777839317499e-4,6.181172703040e-4,1.025441810484e0
932,6.191377639771e-1,4.381716251373e-1,9.193176031113e-1,7.861637473106e-1,6.882057189941e-1,9.593474268913e-1,8.552129864693e-1,8.080222010612e-1,9.912673234940e-1,4.890279628676e-4,5.746751115676e-4,8.905040439058e-1
933,2.553421854973e-1,3.180785775185e-1,9.063697457314e-1,6.147360205650e-1,6.680776476860e-1,9.622906446457e-1,4.187657535076e-1,7.455605268478e-1,9.732778072357e-1,5.730438585833e-4,6.191903779965e-4,1.047523454350e0
934,7.928746342659e-1,6.893203258514e-1,2.178273200989e-1,8.799713850021e-1,8.239890933037e-1,5.421051383018e-1,9.223001003265e-1,8.703730702400e-1,5.658530592918e-1,3.896250796027e-4,4.438842530410e-4,7.339067469792e-1
935,6.726962924004e-1,7.414126396179e-2,2.378479838371e-1,8.793936371803e-1,5.110121965408e-1,6.320927143097e-1,9.127720594406e-1,6.270214915276e-1,4.766382575035e-1,4.804314108359e-4,6.358151512624e-4,1.387842275980e0
936,9.941450953484e-1,2.507522702217e-1,3.054367303848e-1,1.000000000000e0,5.906163454056e-1,6.227369904518e-1,1.000000000000e0,6.813379526138e-1,5.638023018837e-1,3.892676401234e-4,5.092662890268e-4,1.084339307390e0
937,9.122840762138e-1,7.958817481995e-1,2.704488635063e-1,9.477272629738e-1,8.821031451225e-1,5.661209821701e-1,9.669221043587e-1,9.103426933289e-1,5.918590426445e-1,2.785516541218e-4,3.309753020413e-4,6.378609137963e-1
938,6.323076486588e-1,2.901011705399e-1,5.258184671402e-2,8.322134017944e-1,6.490299105644e-1,4.891775846481e-1,9.006506204605e-1,6.549136638641e-1,4.537937045097e-1,5.727398725261e-4,6.102830932468e-4,1.046569095435e0
939,7.396924495697e-1,9.032196998596e-1,9.413242340088e-1,8.265420794487e-1,9.364230632782e-1,9.617921710014e-1,8.374082446098e-1,9.462392926216e-1,9.700388908386e-1,1.511164085314e-4,1.895794962588e-4,2.980898877432e-1
940,8.157072663307e-1,7.157957553864e-2,8.963572978973e-1,9.229386448860e-1,5.399687886238e-1,9.551989436150e-1,9.339405894279e-1,7.580613493919e-1,9.784723520279e-1,4.416801501003e-4,6.257982549658e-4,1.317688701951e0
941,6.044751405716e-1,3.749118447304e-1,1.401406526566e-1,8.065957427025e-1,6.853215694427e-1,5.342704057693e-1,8.809912800789e-1,7.072319388390e-1,4.937666058540e-1,5.705148033525e-4,6.209169314833e-4,9.469150327904e-1
942,9.071851968765e-1,4.014851450920e-1,5.000010132790e-1,9.565634727478e-1,6.594463586807e-1,7.167283296585e-1,1.000000000000e0,7.555450797081e-1,6.808517575264e-1,4.402115837243e-4,5.445357072323e-4,8.814330613643e-1
943,2.084936499596e-1,7.652301788330e-1,9.190358519554e-1,5.478948354721e-1,8.670189380646e-1,9.559593200684e-1,6.176508665085e-1,8.903759717941e-1,9.719974398613e-1,3.519151191458e-4,4.294697036904e-4,7.662126497984e-1
944,3.585886955261e-2,6.174713969231e-1,6.825142502785e-1,4.743268191814e-1,7.970867156982e-1,8.308802247047e-1,5.856285095215e-1,8.424658775330e-1,8.808678984642e-1,4.663738128279e-4,5.562864444677e-4,1.022801876852e0
945,1.748009324074e-1,6.176704764366e-1,7.549906373024e-1,5.396870374680e-1,7.929254174232e-1,8.687486648560e-1,5.731755495071e-1,8.258873224258e-1,9.029904007912e-1,4.695099055150e-4,5.430934843611e-4,8.907537122946e-1
946,5.247917175293e-1,3.244717717171e-1,6.842057704926e-1,7.614164948463e-1,6.548002958298e-1,8.454008698463e-1,7.770115733147e-1,7.251268029213e-1,8.389232158661e-1,5.704695646963e-4,6.616542982123e-4,9.520246797809e-1
947,5.473291277885e-1,2.841330766678e-1,1.597564220428e-1,7.947658896446e-1,6.513177752495e-1,5.670306086540e-1,8.524273633957e-1,6.451906561852e-1,4.699716269970e-1,5.965532067657e-4,6.146552511802e-4,9.886699094753e-1
948,6.832774877548e-1,3.779098391533e-1,1.486191749573e-1,8.443776369095e-1,6.798391938210e-1,5.349555015564e-1,9.234575033188e-1,7.071177959442e-1,4.878693521023e-1,5.491154939481e-4,6.006158279288e-4,9.399624593383e-1
949,8.709664940834e-1,1.990039348602e-1,6.262007951736e-1,9.500506520271e-1,5.712797045708e-1,8.084132671356e-1,1.000000000000e0,6.731017231941e-1,6.468176245689e-1,4.549419260625e-4,5.786133533870e-4,1.151282884187e0
950,6.839679479599e-1,3.265876770020e-1,6.339492201805e-1,8.422839045525e-1,6.431757211685e-1,8.116131424904e-1,8.613456487656e-1,7.587561011314e-1,8.534666299820e-1,5.346196151454e-4,6.359054244390e-4,9.462637560678e-1
951,5.864012837410e-1,9.749404788017e-1,3.018122911453e-1,7.497701644897e-1,9.902330636978e-1,5.784319639206e-1,8.316193223000e-1,1.000000000000e0,7.219071984291e-1,1.703537252353e-4,1.797974689364e-4,6.870611360720e-1
952,8.925982117653e-1,5.200711488724e-1,1.687780022621e-1,9.450173377991e-1,7.340995073318e-1,5.261898040771e-1,9.938520789146e-1,7.662305235863e-1,5.097535848618e-1,4.430018020405e-4,5.044482092624e-4,8.258966436587e-1
953,5.696684718132e-1,4.447698593140e-1,5.737323760986e-1,7.667328119278e-1,6.954280138016e-1,7.685322165489e-1,7.322962880135e-1,6.910632848740e-1,7.354618906975e-1,5.288269707448e-4,4.665630309592e-4,8.586356109054e-1
954,7.916948199272e-1,8.782247304916e-1,4.150027036667e-1,8.712595701218e-1,9.284575581551e-1,6.404619812965e-1,8.932424187660e-1,9.470346570015e-1,6.471501588821e-1,2.314615783963e-4,2.851589934719e-4,5.553511159486e-1
955,8.978937268257e-1,6.627420783043e-1,1.008136272430e-1,9.422426223755e-1,8.110215067863e-1,4.871974289417e-1,9.798226952553e-1,8.622875809669e-1,5.424548387527e-1,3.774446022192e-4,4.235211473564e-4,8.097258093254e-1
956,2.755085825920e-1,1.220602989197e-1,6.948204040527e-1,6.752984523773e-1,6.092526912689e-1,8.848533630371e-1,4.841460883617e-1,6.680765151978e-1,8.501937985420e-1,6.129094530518e-4,6.325497173464e-4,1.133018920935e0
957,8.111605048180e-1,7.470881938934e-2,5.362190008163e-1,9.318680167198e-1,5.129562616348e-1,7.745946645737e-1,9.799902439117e-1,6.614798307419e-1,6.092799901962e-1,4.394060987966e-4,6.235783505475e-4,1.384206169884e0
958,2.865931391716e-1,3.220148682594e-1,3.727962970734e-1,6.583642959595e-1,6.795508265495e-1,7.079573273659e-1,5.804785490036e-1,6.255272030830e-1,6.443629264832e-1,6.222363711157e-4,4.540198914749e-4,9.607525352371e-1
959,1.467694640160e-1,4.961180686951e-2,9.998582005501e-1,5.686649680138e-1,5.946891903877e-1,1.000000000000e0,4.241185188293e-1,7.180374264717e-1,1.000000000000e0,5.379417927716e-4,6.682834047783e-4,1.306099310381e0
960,8.505081534386e-1,3.851127624512e-2,5.774283409119e-2,9.638742208481e-1,4.624040126801e-1,4.955243468285e-1,1.000000000000e0,6.375230550766e-1,4.475881159306e-1,3.556949013637e-4,6.038034859379e-4,1.599237758951e0
961,6.077217459679e-1,7.360145449638e-1,1.423531770706e-1,7.706179618835e-1,8.547974824905e-1,4.968261718750e-1,8.405764102936e-1,9.150525331497e-1,5.681699514389e-1,3.967622321384e-4,4.216382648587e-4,8.741371739670e-1
962,8.787021636963e-1,4.682407379150e-1,9.774754643440e-1,9.332572817802e-1,6.901748180389e-1,9.896966218948e-1,9.638451933861e-1,8.257349133492e-1,9.927065372467e-1,3.958830488976e-4,4.931080231924e-4,8.416438574509e-1
963,8.646402359009e-1,3.279497623444e-1,5.805525183678e-1,9.375278949738e-1,6.298443078995e-1,7.729483246803e-1,9.882792234421e-1,7.302959561348e-1,6.893807053566e-1,4.696244046966e-4,5.820589794594e-4,9.609558473659e-1
964,2.000927925110e-1,6.435841321945e-2,3.998335003853e-1,6.902746558189e-1,6.034568548203e-1,7.993282079697e-1,5.706590414047e-1,5.604728460312e-1,6.169208288193e-1,6.417252114103e-4,4.528546949031e-4,1.116997573609e0
965,6.236720681190e-1,9.710754156113e-1,8.084135055542e-1,7.582373619080e-1,9.826381206512e-1,8.764197826385e-1,8.013558387756e-1,9.870001673698e-1,8.861845731735e-1,1.272157808599e-4,1.786871384598e-4,3.904374020057e-1
966,1.761694550514e-1,1.789363622665e-1,9.902521967888e-1,5.808441638947e-1,6.262660026550e-1,1.000000000000e0,4.223521947861e-1,7.260568141937e-1,1.000000000000e0,5.635061598540e-4,6.518100760133e-4,1.190330103118e0
967,5.237384438515e-1,3.513190746307e-1,7.356870174408e-1,7.542825341225e-1,6.634389162064e-1,8.686577677727e-1,7.933670878410e-1,7.476000785828e-1,8.757097125053e-1,5.590260990888e-4,6.532261152996e-4,9.398866010402e-1
968,1.682847738266e-2,8.005580902100e-1,8.892570734024e-1,4.761005938053e-1,8.896174430847e-1,9.391283392906e-1,6.605840921402e-1,9.236593246460e-1,9.651888608932e-1,3.194098884404e-4,3.994640114005e-4,8.976982721207e-1
969,1.717782020569e-2,8.510546684265e-1,2.372253537178e-1,4.994026720524e-1,9.227265715599e-1,5.504326224327e-1,7.067108154297e-1,9.601271748543e-1,6.461086869240e-1,3.130069666072e-4,3.642727960053e-4,1.077852929190e0
970,1.632350683212e-2,6.181665658951e-1,1.142722368240e-1,4.867091178894e-1,8.066897392273e-1,4.890432953835e-1,6.154071688652e-1,8.667314052582e-1,5.967411994934e-1,4.863371650117e-4,5.720330294594e-4,1.221367916002e0
971,6.863888502121e-1,4.749628901482e-1,6.917809247971e-1,8.243521451950e-1,7.006806731224e-1,8.264822363853e-1,8.370943665504e-1,7.642937898636e-1,8.457064628601e-1,4.808414973104e-4,5.859791886582e-4,8.161171998592e-1
972,6.761485338211e-1,2.714207172394e-1,8.968480825424e-1,8.360683321953e-1,6.236222386360e-1,9.528018832207e-1,8.717304468155e-1,7.652292847633e-1,9.715440869331e-1,5.187803406186e-4,6.293512055370e-4,1.036668409545e0
973,8.313870429993e-1,3.859634399414e-1,6.966268420219e-1,9.140943288803e-1,6.566181778908e-1,8.332213163376e-1,9.433187246323e-1,7.950001358986e-1,8.951804637909e-1,4.675253792157e-4,5.610655025144e-4,8.959956267315e-1
974,7.734379172325e-1,3.382798433304e-1,9.567624926567e-1,8.808056116104e-1,6.423231363297e-1,9.811721444130e-1,9.214528203011e-1,7.980841994286e-1,1.000000000000e0,4.730345686697e-4,5.894643987602e-4,9.816767184324e-1
975,8.717079758644e-1,8.306654691696e-1,6.152507066727e-1,9.184553027153e-1,8.924460411072e-1,7.520453333855e-1,9.281400442123e-1,9.025937318802e-1,7.490769624710e-1,2.239207826421e-4,2.522446090854e-4,4.013824996205e-1
976,4.635262489319e-2,6.112573742867e-1,1.593840122223e-2,4.923287928104e-1,8.058831691742e-1,4.241153299809e-1,6.148751974106e-1,8.643444180489e-1,5.923866033554e-1,4.906686471889e-4,5.780187189783e-4,1.349976059041e0
977,2.747848629951e-1,9.853935241699e-2,9.597533941269e-1,6.448960900307e-1,5.988035798073e-1,9.936264753342e-1,4.243342876434e-1,7.215383648872e-1,9.981005787849e-1,5.648579026565e-4,6.614749301372e-4,1.218694908003e0
978,4.682176709175e-1,7.536836266518e-1,8.150704503059e-1,6.779800653458e-1,8.519437313080e-1,8.895831108093e-1,6.751237511635e-1,8.620209693909e-1,9.021569490433e-1,3.508488957976e-4,3.734358090038e-4,6.148847896295e-1
979,2.136412858963e-1,1.068203449249e-1,1.227380037308e-1,7.150155901909e-1,6.303130984306e-1,6.446450948715e-1,5.720580816269e-1,5.598712563515e-1,5.611829757690e-1,6.617475908718e-4,4.486060844972e-4,1.027221079548e0
980,8.285236358643e-2,6.398935317993e-1,3.493363261223e-1,5.064787864685e-1,8.102853298187e-1,6.411628127098e-1,5.946850180626e-1,8.640822768211e-1,6.625170707703e-1,4.747574034009e-4,5.569749435761e-4,1.013592549348e0
981,7.281500101089e-1,9.921550154686e-1,7.294914126396e-1,8.198912143707e-1,9.960183501244e-1,8.194098472595e-1,8.531795144081e-1,9.967863559723e-1,8.230736851692e-1,8.835305211086e-5,1.203646963736e-4,3.555682390643e-1
982,8.796183466911e-1,4.924474358559e-1,7.399092912674e-1,9.345487952232e-1,7.002107501030e-1,8.479776978493e-1,9.610794782639e-1,8.143715262413e-1,9.009225368500e-1,4.084343114110e-4,5.129772647624e-4,7.803659898252e-1
983,7.886493206024e-2,6.342327594757e-1,9.278612136841e-1,4.977283775806e-1,8.021965622902e-1,9.644573926926e-1,5.648962259293e-1,8.523934483528e-1,9.854630827904e-1,4.381425060902e-4,5.177282036661e-4,9.475586864631e-1
984,7.058241963387e-1,6.544085741043e-1,6.395460963249e-1,8.169475197792e-1,7.842478752136e-1,7.748080492020e-1,8.082711100578e-1,7.800056934357e-1,7.634321451187e-1,3.636359176025e-4,3.069904991441e-4,6.502693945303e-1
985,8.231338262558e-1,5.638021230698e-1,3.952308297157e-1,9.012094736099e-1,7.474377751350e-1,6.466146707535e-1,9.250057339668e-1,7.448940277100e-1,5.905886292458e-1,4.326113332277e-4,4.330853290250e-4,7.170793677129e-1
986,7.583707571030e-1,3.764696121216e-1,7.058944106102e-1,8.746878504753e-1,6.572098731995e-1,8.418734669685e-1,9.060907363892e-1,7.866259217262e-1,8.966744542122e-1,4.954251031671e-4,5.875677082391e-4,9.045623352286e-1
987,8.595539331436e-1,9.824824333191e-2,3.427478671074e-1,9.571126699448e-1,5.092141032219e-1,6.659448146820e-1,1.000000000000e0,6.481588482857e-1,5.116772651672e-1,4.113821457514e-4,5.988841502453e-4,1.368565786401e0
988,3.698995709419e-1,3.280510306358e-1,5.051711797714e-1,6.922758817673e-1,6.703402996063e-1,7.652076482773e-1,6.317455172539e-1,6.349953413010e-1,6.880176067352e-1,6.056719489445e-4,4.732999134262e-4,9.503930389301e-1
989,8.779809474945e-1,1.093211770058e-1,4.976605176926e-1,9.623964428902e-1,5.211263895035e-1,7.467878460884e-1,1.000000000000e0,6.462337374687e-1,5.644204616547e-1,4.171874063928e-4,5.757919902085e-4,1.320549653042e0
990,1.704137921333e-1,5.779969692230e-2,1.038615703583e-1,7.221469283104e-1,6.159048676491e-1,6.638424992561e-1,5.661489367485e-1,5.568469762802e-1,5.596458315849e-1,6.610649022750e-4,4.561885477985e-4,1.054425839396e0
991,1.264046430588e-1,9.453089833260e-1,2.807385921478e-1,5.308299660683e-1,9.756864309311e-1,5.722926259041e-1,7.230388522148e-1,9.955091476440e-1,6.465090513229e-1,2.178032149484e-4,2.650474028308e-4,9.811827546338e-1
992,6.816811561584e-1,2.658599615097e-1,8.560847640038e-1,8.411138653755e-1,6.207396388054e-1,9.319137334824e-1,8.710609674454e-1,7.614007592201e-1,9.509944319725e-1,5.222575534223e-4,6.342916738176e-4,1.036639232947e0
993,4.769923686981e-1,2.416540980339e-1,8.467703461647e-1,7.426049709320e-1,6.291877031326e-1,9.336867332458e-1,7.415950894356e-1,7.351245284081e-1,9.323996305466e-1,5.727270775564e-4,6.817505796971e-4,1.050089586138e0
994,1.079201102257e-1,7.636468410492e-1,9.485588669777e-1,5.048431158066e-1,8.681591749191e-1,9.735021591187e-1,6.224405765533e-1,8.978805541992e-1,9.862192869186e-1,3.469283385215e-4,4.324526370824e-4,8.456186175506e-1
995,2.496314048767e-1,8.837234973907e-1,6.384810805321e-1,5.712331533432e-1,9.348400831223e-1,7.852051258087e-1,6.991258859634e-1,9.591290950775e-1,8.252858519554e-1,2.717422642184e-4,3.348182896071e-4,7.196353222231e-1
996,4.383814334869e-2,8.308365941048e-1,5.749503374100e-1,4.972355365753e-1,9.074535965919e-1,7.540525794029e-1,6.793669462204e-1,9.437002539635e-1,8.084313869476e-1,3.217881522679e-4,3.881704039332e-4,8.910387492818e-1
997,1.693894267082e-1,3.212863206863e-2,4.140126705170e-2,7.391133308411e-1,5.989012718201e-1,6.110498309135e-1,5.660254359245e-1,5.558147430420e-1,5.561544895172e-1,6.474470030012e-4,4.583474533006e-4,1.108702554768e0
998,4.767126441002e-1,9.648509025574e-1,6.856190562248e-1,6.798030734062e-1,9.805246591568e-1,8.034906387329e-1,7.535492181778e-1,9.878590703011e-1,8.197503089905e-1,1.666424329746e-4,2.247155700178e-4,5.474577924614e-1
999,4.346813559532e-1,6.806914210320e-1,3.720544576645e-1,6.728723049164e-1,8.185075521469e-1,6.331440806389e-1,7.033479213715e-1,8.619549274445e-1,6.421840786934e-1,4.391305409356e-4,5.206860470391e-4,7.940112819240e-1
1000,6.082974672318e-1,3.978776335716e-1,1.764285564423e-1,8.048518300056e-1,6.928474903107e-1,5.539430975914e-1,8.757435083389e-1,7.190001010895e-1,5.073906779289e-1,5.636593377515e-4,6.177006269048e-4,9.178482182621e-1
1001,4.429099559784e-1,8.630529642105e-1,2.673009634018e-1,6.709335446358e-1,9.248156547546e-1,5.607859492302e-1,7.607534527779e-1,9.533469080925e-1,6.233013272285e-1,3.013540073432e-4,3.522462873886e-4,8.427730166610e-1
1002,8.218587636948e-1,5.809148550034e-1,2.374677658081e-1,9.017966985703e-1,7.647350430489e-1,5.601150989532e-1,9.451033473015e-1,7.931330800056e-1,5.429578423500e-1,4.395824213442e-4,5.030342004522e-4,7.592601831894e-1
1003,9.519348740578e-1,1.462033390999e-1,3.411845564842e-1,9.989789128304e-1,5.289563536644e-1,6.516641974449e-1,1.000000000000e0,6.628534197807e-1,5.481452345848e-1,3.792578432543e-4,5.472239667467e-4,1.264460511915e0
1004,1.023539900780e-1,5.034096837044e-1,5.876444578171e-1,5.124409794807e-1,7.488967776299e-1,7.921261787415e-1,5.453603267670e-1,7.836159467697e-1,8.384882211685e-1,5.389190257178e-4,6.097561104436e-4,1.013843997991e0
1005,2.870346307755e-1,9.562497735023e-1,2.690311670303e-1,5.907304883003e-1,9.809106588364e-1,5.595599412918e-1,7.369217872620e-1,9.957431554794e-1,6.260052919388e-1,2.051367328073e-4,2.527280273320e-4,9.079961931496e-1
1006,1.840232014656e-1,8.233535289764e-2,1.522316336632e-1,7.120554447174e-1,6.243259906769e-1,6.861040592194e-1,5.678620934486e-1,5.581749677658e-1,5.640674829483e-1,6.637910065549e-4,4.526952277879e-4,1.033815545455e0
1007,6.798617839813e-1,5.736548304558e-1,5.712962746620e-1,8.097963929176e-1,7.448050379753e-1,7.433295845985e-1,7.898404598236e-1,7.364815473557e-1,7.176151871681e-1,4.314464570785e-4,3.477874419096e-4,7.420751324802e-1
1008,9.380697607994e-1,3.701065778732e-1,3.543566465378e-1,9.761848449707e-1,6.454395055771e-1,6.358261704445e-1,1.000000000000e0,6.996265053749e-1,5.603852868080e-1,4.346174606041e-4,5.108956161473e-4,9.299533622089e-1
1009,7.603645324707e-3,1.278213858604e-1,8.133068084717e-1,5.040873885155e-1,6.232468485832e-1,9.366344213486e-1,4.064009189606e-1,7.036241292953e-1,9.436286687851e-1,5.785460296432e-4,6.707224340530e-4,1.274140498238e0
1010,5.117437839508e-1,3.674116730690e-1,3.375551104546e-1,7.572709321976e-1,6.770619750023e-1,6.594546437263e-1,7.339961528778e-1,6.459260582924e-1,5.747268795967e-1,5.819425147442e-4,4.805172239594e-4,9.168387612871e-1
1011,6.611430644989e-1,4.086842536926e-1,4.620051383972e-2,8.299774527550e-1,6.990610361099e-1,4.738101363182e-1,9.068378210068e-1,7.337345480919e-1,4.918636977673e-1,5.491686655604e-4,6.079203754868e-4,9.892973471004e-1
1012,3.385556340218e-1,6.683212518692e-1,2.785433530807e-1,6.262845396996e-1,8.179943561554e-1,5.838477015495e-1,6.866788864136e-1,8.797734975815e-1,6.112787127495e-1,4.594537977788e-4,5.282755406720e-4,8.909269717236e-1
1013,7.077247500420e-1,3.951128125191e-1,9.977809190750e-1,8.368547558784e-1,6.688532829285e-1,1.000000000000e0,8.930844664574e-1,8.113829493523e-1,1.000000000000e0,4.729702382801e-4,5.790247415406e-4,9.195600127914e-1
1014,9.792746901512e-1,7.381638884544e-1,4.595246315002e-1,9.892405867577e-1,8.402959108353e-1,6.672578454018e-1,1.000000000000e0,8.477906584740e-1,6.556165814400e-1,2.798302255287e-4,3.022483731019e-4,5.191232527284e-1
1015,4.002150893211e-1,5.143576860428e-2,9.026365876198e-1,7.195483446121e-1,5.777988433838e-1,9.682358503342e-1,4.719275236130e-1,7.168292999268e-1,9.865711927414e-1,5.582818601576e-4,6.565296800476e-4,1.244372650991e0
1016,2.879244685173e-1,7.355439662933e-1,3.676095604897e-1,5.938392877579e-1,8.521174788475e-1,6.315584778786e-1,6.586412191391e-1,8.928244709969e-1,6.532599329948e-1,4.092315302648e-4,4.887545731460e-4,8.571509028394e-1
1017,5.766470432281e-1,4.096091389656e-1,1.363859176636e-1,7.882410883904e-1,7.020488977432e-1,5.279028415680e-1,8.582522273064e-1,7.372028827667e-1,5.115118026733e-1,5.681236226742e-4,6.276426232025e-4,9.366962917392e-1
1018,8.619349598885e-1,1.146564483643e-1,2.050566077232e-1,9.587360620499e-1,5.150524377823e-1,5.816264152527e-1,1.000000000000e0,6.451628804207e-1,4.734243750572e-1,4.076507911520e-4,5.944280217983e-4,1.352872699764e0
1019,4.140236377716e-1,2.899689674377e-1,7.930791378021e-1,7.073187828064e-1,6.501509547234e-1,9.063036441803e-1,5.886222720146e-1,7.364010810852e-1,9.275931119919e-1,5.829176435735e-4,6.517544103188e-4,1.005981975967e0
1020,7.538066506386e-1,6.690216660500e-1,5.362481474876e-1,8.507670164108e-1,7.982298135757e-1,7.157447934151e-1,8.548247814178e-1,7.939807772636e-1,6.925878524780e-1,3.742753393089e-4,3.297661861062e-4,6.153798047762e-1
1021,9.327065944672e-2,6.069886088371e-1,2.773457765579e-1,5.125390887260e-1,7.964890599251e-1,6.019475460052e-1,5.990706086159e-1,8.589360713959e-1,6.287947893143e-1,4.966466586611e-4,5.745894265062e-4,1.044485084127e0
1022,7.084686160088e-1,6.645571589470e-1,7.307481765747e-2,8.322977423668e-1,8.167650103569e-1,4.682063460350e-1,8.988413810730e-1,8.870026469231e-1,5.561618804932e-1,4.277747086481e-4,4.484092939528e-4,9.044723860502e-1
1023,1.382313370705e-1,7.777124643326e-2,9.756385684013e-1,5.631874203682e-1,5.995818972588e-1,1.000000000000e0,4.037691354752e-1,7.200149297714e-1,1.000000000000e0,5.476352463396e-4,6.704354539901e-4,1.288906029713e0
